county,precinct,office,district,party,candidate,votes
Adams,Precinct 3902,Agriculture Commissioner,,DEM,Roger Johnson,418
Adams,Precinct 3902,Agriculture Commissioner,,REP,Doug Goehring,343
Adams,Precinct 3902,Attorney General,,DEM,Bill Brudvik,390
Adams,Precinct 3902,Attorney General,,REP,Wayne Stenehjem,351
Adams,Precinct 3902,C 1: This constitutional measure would amend section 16 of Article XI of the North Dakota Constitution,,,No,170
Adams,Precinct 3902,C 1: This constitutional measure would amend section 16 of Article XI of the North Dakota Constitution,,,Yes,594
Adams,Precinct 3902,C 2: This constitutional measure would amend certain sections and repeal other sections of Article XII of the North Dakota Constitution,,,No,211
Adams,Precinct 3902,C 2: This constitutional measure would amend certain sections and repeal other sections of Article XII of the North Dakota Constitution,,,Yes,526
Adams,Precinct 3902,Justice of the Supreme Court,,NON,Dale Sandstrom,738
Adams,Precinct 3902,Public Service Commissioner,,DEM,Cheryl Bergian,391
Adams,Precinct 3902,Public Service Commissioner,,REP,Tony Clark,337
Adams,Precinct 3902,Secretary of State,,DEM,Kristin Hedger,383
Adams,Precinct 3902,Secretary of State,,REP,Alvin A (Al) Jaeger,352
Adams,Precinct 3902,State House Legislative,39,REP,"David ""Skip"" Drovdal",288
Adams,Precinct 3902,State House Legislative,39,REP,Keith Kempenich,327
Adams,Precinct 3902,State Senate Legislative District 39,,REP,Bill L Bowman,347
Adams,Precinct 3902,Tax Commissioner,,DEM,Brent Edison,394
Adams,Precinct 3902,Tax Commissioner,,REP,Cory Fong,337
Adams,Precinct 3902,U.S. House,1,DEM,Earl Pomeroy,440
Adams,Precinct 3902,U.S. House,1,REP,Matt Mechtel,326
Adams,Precinct 3902,U.S. Senate,,DEM,Kent Conrad,442
Adams,Precinct 3902,U.S. Senate,,REP,Dwight Grotberg,332
Barnes,Precinct 2006,Agriculture Commissioner,,DEM,Roger Johnson,58
Barnes,Precinct 2006,Agriculture Commissioner,,REP,Doug Goehring,50
Barnes,Precinct 2006,Attorney General,,DEM,Bill Brudvik,52
Barnes,Precinct 2006,Attorney General,,REP,Wayne Stenehjem,51
Barnes,Precinct 2006,C 1: This constitutional measure would amend section 16 of Article XI of the North Dakota Constitution,,,No,41
Barnes,Precinct 2006,C 1: This constitutional measure would amend section 16 of Article XI of the North Dakota Constitution,,,Yes,68
Barnes,Precinct 2006,C 2: This constitutional measure would amend certain sections and repeal other sections of Article XII of the North Dakota Constitution,,,No,42
Barnes,Precinct 2006,C 2: This constitutional measure would amend certain sections and repeal other sections of Article XII of the North Dakota Constitution,,,Yes,63
Barnes,Precinct 2006,Justice of the Supreme Court,,NON,Dale Sandstrom,99
Barnes,Precinct 2006,Public Service Commissioner,,DEM,Cheryl Bergian,54
Barnes,Precinct 2006,Public Service Commissioner,,REP,Tony Clark,49
Barnes,Precinct 2006,Secretary of State,,DEM,Kristin Hedger,54
Barnes,Precinct 2006,Secretary of State,,REP,Alvin A (Al) Jaeger,52
Barnes,Precinct 2006,Tax Commissioner,,DEM,Brent Edison,55
Barnes,Precinct 2006,Tax Commissioner,,REP,Cory Fong,49
Barnes,Precinct 2006,U.S. House,1,DEM,Earl Pomeroy,59
Barnes,Precinct 2006,U.S. House,1,REP,Matt Mechtel,49
Barnes,Precinct 2006,U.S. Senate,,DEM,Kent Conrad,59
Barnes,Precinct 2006,U.S. Senate,,REP,Dwight Grotberg,50
Barnes,Precinct 2010,Agriculture Commissioner,,DEM,Roger Johnson,16
Barnes,Precinct 2010,Agriculture Commissioner,,REP,Doug Goehring,9
Barnes,Precinct 2010,Attorney General,,DEM,Bill Brudvik,14
Barnes,Precinct 2010,Attorney General,,REP,Wayne Stenehjem,10
Barnes,Precinct 2010,C 1: This constitutional measure would amend section 16 of Article XI of the North Dakota Constitution,,,No,7
Barnes,Precinct 2010,C 1: This constitutional measure would amend section 16 of Article XI of the North Dakota Constitution,,,Yes,16
Barnes,Precinct 2010,C 2: This constitutional measure would amend certain sections and repeal other sections of Article XII of the North Dakota Constitution,,,No,9
Barnes,Precinct 2010,C 2: This constitutional measure would amend certain sections and repeal other sections of Article XII of the North Dakota Constitution,,,Yes,13
Barnes,Precinct 2010,Justice of the Supreme Court,,NON,Dale Sandstrom,22
Barnes,Precinct 2010,Public Service Commissioner,,DEM,Cheryl Bergian,13
Barnes,Precinct 2010,Public Service Commissioner,,REP,Tony Clark,9
Barnes,Precinct 2010,Secretary of State,,DEM,Kristin Hedger,14
Barnes,Precinct 2010,Secretary of State,,REP,Alvin A (Al) Jaeger,9
Barnes,Precinct 2010,Tax Commissioner,,DEM,Brent Edison,14
Barnes,Precinct 2010,Tax Commissioner,,REP,Cory Fong,9
Barnes,Precinct 2010,U.S. House,1,DEM,Earl Pomeroy,16
Barnes,Precinct 2010,U.S. House,1,REP,Matt Mechtel,9
Barnes,Precinct 2010,U.S. Senate,,DEM,Kent Conrad,17
Barnes,Precinct 2010,U.S. Senate,,REP,Dwight Grotberg,9
Barnes,Precinct 2012,Agriculture Commissioner,,DEM,Roger Johnson,39
Barnes,Precinct 2012,Agriculture Commissioner,,REP,Doug Goehring,40
Barnes,Precinct 2012,Attorney General,,DEM,Bill Brudvik,36
Barnes,Precinct 2012,Attorney General,,REP,Wayne Stenehjem,41
Barnes,Precinct 2012,C 1: This constitutional measure would amend section 16 of Article XI of the North Dakota Constitution,,,No,38
Barnes,Precinct 2012,C 1: This constitutional measure would amend section 16 of Article XI of the North Dakota Constitution,,,Yes,44
Barnes,Precinct 2012,C 2: This constitutional measure would amend certain sections and repeal other sections of Article XII of the North Dakota Constitution,,,No,38
Barnes,Precinct 2012,C 2: This constitutional measure would amend certain sections and repeal other sections of Article XII of the North Dakota Constitution,,,Yes,45
Barnes,Precinct 2012,Justice of the Supreme Court,,NON,Dale Sandstrom,73
Barnes,Precinct 2012,Public Service Commissioner,,DEM,Cheryl Bergian,36
Barnes,Precinct 2012,Public Service Commissioner,,REP,Tony Clark,40
Barnes,Precinct 2012,Secretary of State,,DEM,Kristin Hedger,37
Barnes,Precinct 2012,Secretary of State,,REP,Alvin A (Al) Jaeger,43
Barnes,Precinct 2012,Tax Commissioner,,DEM,Brent Edison,37
Barnes,Precinct 2012,Tax Commissioner,,REP,Cory Fong,39
Barnes,Precinct 2012,U.S. House,1,DEM,Earl Pomeroy,40
Barnes,Precinct 2012,U.S. House,1,REP,Matt Mechtel,41
Barnes,Precinct 2012,U.S. Senate,,DEM,Kent Conrad,40
Barnes,Precinct 2012,U.S. Senate,,REP,Dwight Grotberg,41
Barnes,Precinct 2013,Agriculture Commissioner,,DEM,Roger Johnson,80
Barnes,Precinct 2013,Agriculture Commissioner,,REP,Doug Goehring,35
Barnes,Precinct 2013,Attorney General,,DEM,Bill Brudvik,77
Barnes,Precinct 2013,Attorney General,,REP,Wayne Stenehjem,35
Barnes,Precinct 2013,C 1: This constitutional measure would amend section 16 of Article XI of the North Dakota Constitution,,,No,38
Barnes,Precinct 2013,C 1: This constitutional measure would amend section 16 of Article XI of the North Dakota Constitution,,,Yes,69
Barnes,Precinct 2013,C 2: This constitutional measure would amend certain sections and repeal other sections of Article XII of the North Dakota Constitution,,,No,44
Barnes,Precinct 2013,C 2: This constitutional measure would amend certain sections and repeal other sections of Article XII of the North Dakota Constitution,,,Yes,63
Barnes,Precinct 2013,Justice of the Supreme Court,,NON,Dale Sandstrom,105
Barnes,Precinct 2013,Public Service Commissioner,,DEM,Cheryl Bergian,78
Barnes,Precinct 2013,Public Service Commissioner,,REP,Tony Clark,32
Barnes,Precinct 2013,Secretary of State,,DEM,Kristin Hedger,77
Barnes,Precinct 2013,Secretary of State,,REP,Alvin A (Al) Jaeger,35
Barnes,Precinct 2013,Tax Commissioner,,DEM,Brent Edison,76
Barnes,Precinct 2013,Tax Commissioner,,REP,Cory Fong,32
Barnes,Precinct 2013,U.S. House,1,DEM,Earl Pomeroy,82
Barnes,Precinct 2013,U.S. House,1,REP,Matt Mechtel,35
Barnes,Precinct 2013,U.S. Senate,,DEM,Kent Conrad,84
Barnes,Precinct 2013,U.S. Senate,,REP,Dwight Grotberg,36
Barnes,Precinct 2401,Agriculture Commissioner,,DEM,Roger Johnson,154
Barnes,Precinct 2401,Agriculture Commissioner,,REP,Doug Goehring,77
Barnes,Precinct 2401,Attorney General,,DEM,Bill Brudvik,148
Barnes,Precinct 2401,Attorney General,,REP,Wayne Stenehjem,79
Barnes,Precinct 2401,C 1: This constitutional measure would amend section 16 of Article XI of the North Dakota Constitution,,,No,51
Barnes,Precinct 2401,C 1: This constitutional measure would amend section 16 of Article XI of the North Dakota Constitution,,,Yes,181
Barnes,Precinct 2401,C 2: This constitutional measure would amend certain sections and repeal other sections of Article XII of the North Dakota Constitution,,,No,66
Barnes,Precinct 2401,C 2: This constitutional measure would amend certain sections and repeal other sections of Article XII of the North Dakota Constitution,,,Yes,162
Barnes,Precinct 2401,Justice of the Supreme Court,,NON,Dale Sandstrom,214
Barnes,Precinct 2401,Public Service Commissioner,,DEM,Cheryl Bergian,148
Barnes,Precinct 2401,Public Service Commissioner,,REP,Tony Clark,76
Barnes,Precinct 2401,Secretary of State,,DEM,Kristin Hedger,151
Barnes,Precinct 2401,Secretary of State,,REP,Alvin A (Al) Jaeger,78
Barnes,Precinct 2401,Tax Commissioner,,DEM,Brent Edison,149
Barnes,Precinct 2401,Tax Commissioner,,REP,Cory Fong,77
Barnes,Precinct 2401,U.S. House,1,DEM,Earl Pomeroy,163
Barnes,Precinct 2401,U.S. House,1,REP,Matt Mechtel,75
Barnes,Precinct 2401,U.S. Senate,,DEM,Kent Conrad,164
Barnes,Precinct 2401,U.S. Senate,,REP,Dwight Grotberg,75
Barnes,Precinct 2402,Agriculture Commissioner,,DEM,Roger Johnson,277
Barnes,Precinct 2402,Agriculture Commissioner,,REP,Doug Goehring,137
Barnes,Precinct 2402,Attorney General,,DEM,Bill Brudvik,265
Barnes,Precinct 2402,Attorney General,,REP,Wayne Stenehjem,141
Barnes,Precinct 2402,C 1: This constitutional measure would amend section 16 of Article XI of the North Dakota Constitution,,,No,129
Barnes,Precinct 2402,C 1: This constitutional measure would amend section 16 of Article XI of the North Dakota Constitution,,,Yes,300
Barnes,Precinct 2402,C 2: This constitutional measure would amend certain sections and repeal other sections of Article XII of the North Dakota Constitution,,,No,132
Barnes,Precinct 2402,C 2: This constitutional measure would amend certain sections and repeal other sections of Article XII of the North Dakota Constitution,,,Yes,286
Barnes,Precinct 2402,Justice of the Supreme Court,,NON,Dale Sandstrom,406
Barnes,Precinct 2402,Public Service Commissioner,,DEM,Cheryl Bergian,264
Barnes,Precinct 2402,Public Service Commissioner,,REP,Tony Clark,136
Barnes,Precinct 2402,Secretary of State,,DEM,Kristin Hedger,264
Barnes,Precinct 2402,Secretary of State,,REP,Alvin A (Al) Jaeger,137
Barnes,Precinct 2402,Tax Commissioner,,DEM,Brent Edison,264
Barnes,Precinct 2402,Tax Commissioner,,REP,Cory Fong,138
Barnes,Precinct 2402,U.S. House,1,DEM,Earl Pomeroy,289
Barnes,Precinct 2402,U.S. House,1,REP,Matt Mechtel,138
Barnes,Precinct 2402,U.S. Senate,,DEM,Kent Conrad,292
Barnes,Precinct 2402,U.S. Senate,,REP,Dwight Grotberg,144
Barnes,Precinct 2403,Agriculture Commissioner,,DEM,Roger Johnson,127
Barnes,Precinct 2403,Agriculture Commissioner,,REP,Doug Goehring,60
Barnes,Precinct 2403,Attorney General,,DEM,Bill Brudvik,123
Barnes,Precinct 2403,Attorney General,,REP,Wayne Stenehjem,66
Barnes,Precinct 2403,C 1: This constitutional measure would amend section 16 of Article XI of the North Dakota Constitution,,,No,43
Barnes,Precinct 2403,C 1: This constitutional measure would amend section 16 of Article XI of the North Dakota Constitution,,,Yes,139
Barnes,Precinct 2403,C 2: This constitutional measure would amend certain sections and repeal other sections of Article XII of the North Dakota Constitution,,,No,51
Barnes,Precinct 2403,C 2: This constitutional measure would amend certain sections and repeal other sections of Article XII of the North Dakota Constitution,,,Yes,128
Barnes,Precinct 2403,Justice of the Supreme Court,,NON,Dale Sandstrom,175
Barnes,Precinct 2403,Public Service Commissioner,,DEM,Cheryl Bergian,121
Barnes,Precinct 2403,Public Service Commissioner,,REP,Tony Clark,60
Barnes,Precinct 2403,Secretary of State,,DEM,Kristin Hedger,121
Barnes,Precinct 2403,Secretary of State,,REP,Alvin A (Al) Jaeger,64
Barnes,Precinct 2403,Tax Commissioner,,DEM,Brent Edison,123
Barnes,Precinct 2403,Tax Commissioner,,REP,Cory Fong,61
Barnes,Precinct 2403,U.S. House,1,DEM,Earl Pomeroy,128
Barnes,Precinct 2403,U.S. House,1,REP,Matt Mechtel,61
Barnes,Precinct 2403,U.S. Senate,,DEM,Kent Conrad,129
Barnes,Precinct 2403,U.S. Senate,,REP,Dwight Grotberg,64
Barnes,Precinct 2404,Agriculture Commissioner,,DEM,Roger Johnson,285
Barnes,Precinct 2404,Agriculture Commissioner,,REP,Doug Goehring,141
Barnes,Precinct 2404,Attorney General,,DEM,Bill Brudvik,278
Barnes,Precinct 2404,Attorney General,,REP,Wayne Stenehjem,141
Barnes,Precinct 2404,C 1: This constitutional measure would amend section 16 of Article XI of the North Dakota Constitution,,,No,116
Barnes,Precinct 2404,C 1: This constitutional measure would amend section 16 of Article XI of the North Dakota Constitution,,,Yes,295
Barnes,Precinct 2404,C 2: This constitutional measure would amend certain sections and repeal other sections of Article XII of the North Dakota Constitution,,,No,127
Barnes,Precinct 2404,C 2: This constitutional measure would amend certain sections and repeal other sections of Article XII of the North Dakota Constitution,,,Yes,277
Barnes,Precinct 2404,Justice of the Supreme Court,,NON,Dale Sandstrom,401
Barnes,Precinct 2404,Public Service Commissioner,,DEM,Cheryl Bergian,280
Barnes,Precinct 2404,Public Service Commissioner,,REP,Tony Clark,138
Barnes,Precinct 2404,Secretary of State,,DEM,Kristin Hedger,275
Barnes,Precinct 2404,Secretary of State,,REP,Alvin A (Al) Jaeger,139
Barnes,Precinct 2404,Tax Commissioner,,DEM,Brent Edison,282
Barnes,Precinct 2404,Tax Commissioner,,REP,Cory Fong,140
Barnes,Precinct 2404,U.S. House,1,DEM,Earl Pomeroy,296
Barnes,Precinct 2404,U.S. House,1,REP,Matt Mechtel,139
Barnes,Precinct 2404,U.S. Senate,,DEM,Kent Conrad,296
Barnes,Precinct 2404,U.S. Senate,,REP,Dwight Grotberg,144
Barnes,Precinct 2405,Agriculture Commissioner,,DEM,Roger Johnson,392
Barnes,Precinct 2405,Agriculture Commissioner,,REP,Doug Goehring,195
Barnes,Precinct 2405,Attorney General,,DEM,Bill Brudvik,380
Barnes,Precinct 2405,Attorney General,,REP,Wayne Stenehjem,193
Barnes,Precinct 2405,C 1: This constitutional measure would amend section 16 of Article XI of the North Dakota Constitution,,,No,178
Barnes,Precinct 2405,C 1: This constitutional measure would amend section 16 of Article XI of the North Dakota Constitution,,,Yes,417
Barnes,Precinct 2405,C 2: This constitutional measure would amend certain sections and repeal other sections of Article XII of the North Dakota Constitution,,,No,159
Barnes,Precinct 2405,C 2: This constitutional measure would amend certain sections and repeal other sections of Article XII of the North Dakota Constitution,,,Yes,417
Barnes,Precinct 2405,Justice of the Supreme Court,,NON,Dale Sandstrom,560
Barnes,Precinct 2405,Public Service Commissioner,,DEM,Cheryl Bergian,382
Barnes,Precinct 2405,Public Service Commissioner,,REP,Tony Clark,189
Barnes,Precinct 2405,Secretary of State,,DEM,Kristin Hedger,383
Barnes,Precinct 2405,Secretary of State,,REP,Alvin A (Al) Jaeger,194
Barnes,Precinct 2405,Tax Commissioner,,DEM,Brent Edison,383
Barnes,Precinct 2405,Tax Commissioner,,REP,Cory Fong,191
Barnes,Precinct 2405,U.S. House,1,DEM,Earl Pomeroy,414
Barnes,Precinct 2405,U.S. House,1,REP,Matt Mechtel,189
Barnes,Precinct 2405,U.S. Senate,,DEM,Kent Conrad,423
Barnes,Precinct 2405,U.S. Senate,,REP,Dwight Grotberg,195
Barnes,Precinct 2407,Agriculture Commissioner,,DEM,Roger Johnson,52
Barnes,Precinct 2407,Agriculture Commissioner,,REP,Doug Goehring,33
Barnes,Precinct 2407,Attorney General,,DEM,Bill Brudvik,52
Barnes,Precinct 2407,Attorney General,,REP,Wayne Stenehjem,33
Barnes,Precinct 2407,C 1: This constitutional measure would amend section 16 of Article XI of the North Dakota Constitution,,,No,31
Barnes,Precinct 2407,C 1: This constitutional measure would amend section 16 of Article XI of the North Dakota Constitution,,,Yes,59
Barnes,Precinct 2407,C 2: This constitutional measure would amend certain sections and repeal other sections of Article XII of the North Dakota Constitution,,,No,27
Barnes,Precinct 2407,C 2: This constitutional measure would amend certain sections and repeal other sections of Article XII of the North Dakota Constitution,,,Yes,62
Barnes,Precinct 2407,Justice of the Supreme Court,,NON,Dale Sandstrom,67
Barnes,Precinct 2407,Public Service Commissioner,,DEM,Cheryl Bergian,52
Barnes,Precinct 2407,Public Service Commissioner,,REP,Tony Clark,33
Barnes,Precinct 2407,Secretary of State,,DEM,Kristin Hedger,52
Barnes,Precinct 2407,Secretary of State,,REP,Alvin A (Al) Jaeger,32
Barnes,Precinct 2407,Tax Commissioner,,DEM,Brent Edison,52
Barnes,Precinct 2407,Tax Commissioner,,REP,Cory Fong,33
Barnes,Precinct 2407,U.S. House,1,DEM,Earl Pomeroy,54
Barnes,Precinct 2407,U.S. House,1,REP,Matt Mechtel,32
Barnes,Precinct 2407,U.S. Senate,,DEM,Kent Conrad,54
Barnes,Precinct 2407,U.S. Senate,,REP,Dwight Grotberg,32
Barnes,Precinct 2408,Agriculture Commissioner,,DEM,Roger Johnson,14
Barnes,Precinct 2408,Agriculture Commissioner,,REP,Doug Goehring,16
Barnes,Precinct 2408,Attorney General,,DEM,Bill Brudvik,11
Barnes,Precinct 2408,Attorney General,,REP,Wayne Stenehjem,16
Barnes,Precinct 2408,C 1: This constitutional measure would amend section 16 of Article XI of the North Dakota Constitution,,,No,11
Barnes,Precinct 2408,C 1: This constitutional measure would amend section 16 of Article XI of the North Dakota Constitution,,,Yes,20
Barnes,Precinct 2408,C 2: This constitutional measure would amend certain sections and repeal other sections of Article XII of the North Dakota Constitution,,,No,9
Barnes,Precinct 2408,C 2: This constitutional measure would amend certain sections and repeal other sections of Article XII of the North Dakota Constitution,,,Yes,21
Barnes,Precinct 2408,Justice of the Supreme Court,,NON,Dale Sandstrom,28
Barnes,Precinct 2408,Public Service Commissioner,,DEM,Cheryl Bergian,13
Barnes,Precinct 2408,Public Service Commissioner,,REP,Tony Clark,16
Barnes,Precinct 2408,Secretary of State,,DEM,Kristin Hedger,12
Barnes,Precinct 2408,Secretary of State,,REP,Alvin A (Al) Jaeger,16
Barnes,Precinct 2408,Tax Commissioner,,DEM,Brent Edison,13
Barnes,Precinct 2408,Tax Commissioner,,REP,Cory Fong,16
Barnes,Precinct 2408,U.S. House,1,DEM,Earl Pomeroy,14
Barnes,Precinct 2408,U.S. House,1,REP,Matt Mechtel,16
Barnes,Precinct 2408,U.S. Senate,,DEM,Kent Conrad,14
Barnes,Precinct 2408,U.S. Senate,,REP,Dwight Grotberg,15
Barnes,Precinct 2409,Agriculture Commissioner,,DEM,Roger Johnson,49
Barnes,Precinct 2409,Agriculture Commissioner,,REP,Doug Goehring,15
Barnes,Precinct 2409,Attorney General,,DEM,Bill Brudvik,46
Barnes,Precinct 2409,Attorney General,,REP,Wayne Stenehjem,16
Barnes,Precinct 2409,C 1: This constitutional measure would amend section 16 of Article XI of the North Dakota Constitution,,,No,19
Barnes,Precinct 2409,C 1: This constitutional measure would amend section 16 of Article XI of the North Dakota Constitution,,,Yes,45
Barnes,Precinct 2409,C 2: This constitutional measure would amend certain sections and repeal other sections of Article XII of the North Dakota Constitution,,,No,20
Barnes,Precinct 2409,C 2: This constitutional measure would amend certain sections and repeal other sections of Article XII of the North Dakota Constitution,,,Yes,42
Barnes,Precinct 2409,Justice of the Supreme Court,,NON,Dale Sandstrom,56
Barnes,Precinct 2409,Public Service Commissioner,,DEM,Cheryl Bergian,47
Barnes,Precinct 2409,Public Service Commissioner,,REP,Tony Clark,16
Barnes,Precinct 2409,Secretary of State,,DEM,Kristin Hedger,47
Barnes,Precinct 2409,Secretary of State,,REP,Alvin A (Al) Jaeger,15
Barnes,Precinct 2409,Tax Commissioner,,DEM,Brent Edison,49
Barnes,Precinct 2409,Tax Commissioner,,REP,Cory Fong,16
Barnes,Precinct 2409,U.S. House,1,DEM,Earl Pomeroy,53
Barnes,Precinct 2409,U.S. House,1,REP,Matt Mechtel,16
Barnes,Precinct 2409,U.S. Senate,,DEM,Kent Conrad,54
Barnes,Precinct 2409,U.S. Senate,,REP,Dwight Grotberg,17
Barnes,Precinct 2411,Agriculture Commissioner,,DEM,Roger Johnson,114
Barnes,Precinct 2411,Agriculture Commissioner,,REP,Doug Goehring,63
Barnes,Precinct 2411,Attorney General,,DEM,Bill Brudvik,111
Barnes,Precinct 2411,Attorney General,,REP,Wayne Stenehjem,64
Barnes,Precinct 2411,C 1: This constitutional measure would amend section 16 of Article XI of the North Dakota Constitution,,,No,59
Barnes,Precinct 2411,C 1: This constitutional measure would amend section 16 of Article XI of the North Dakota Constitution,,,Yes,131
Barnes,Precinct 2411,C 2: This constitutional measure would amend certain sections and repeal other sections of Article XII of the North Dakota Constitution,,,No,64
Barnes,Precinct 2411,C 2: This constitutional measure would amend certain sections and repeal other sections of Article XII of the North Dakota Constitution,,,Yes,124
Barnes,Precinct 2411,Justice of the Supreme Court,,NON,Dale Sandstrom,164
Barnes,Precinct 2411,Public Service Commissioner,,DEM,Cheryl Bergian,111
Barnes,Precinct 2411,Public Service Commissioner,,REP,Tony Clark,63
Barnes,Precinct 2411,Secretary of State,,DEM,Kristin Hedger,112
Barnes,Precinct 2411,Secretary of State,,REP,Alvin A (Al) Jaeger,65
Barnes,Precinct 2411,Tax Commissioner,,DEM,Brent Edison,110
Barnes,Precinct 2411,Tax Commissioner,,REP,Cory Fong,62
Barnes,Precinct 2411,U.S. House,1,DEM,Earl Pomeroy,122
Barnes,Precinct 2411,U.S. House,1,REP,Matt Mechtel,63
Barnes,Precinct 2411,U.S. Senate,,DEM,Kent Conrad,123
Barnes,Precinct 2411,U.S. Senate,,REP,Dwight Grotberg,66
Barnes,Precinct 2414,Agriculture Commissioner,,DEM,Roger Johnson,44
Barnes,Precinct 2414,Agriculture Commissioner,,REP,Doug Goehring,16
Barnes,Precinct 2414,Attorney General,,DEM,Bill Brudvik,38
Barnes,Precinct 2414,Attorney General,,REP,Wayne Stenehjem,17
Barnes,Precinct 2414,C 1: This constitutional measure would amend section 16 of Article XI of the North Dakota Constitution,,,No,15
Barnes,Precinct 2414,C 1: This constitutional measure would amend section 16 of Article XI of the North Dakota Constitution,,,Yes,41
Barnes,Precinct 2414,C 2: This constitutional measure would amend certain sections and repeal other sections of Article XII of the North Dakota Constitution,,,No,18
Barnes,Precinct 2414,C 2: This constitutional measure would amend certain sections and repeal other sections of Article XII of the North Dakota Constitution,,,Yes,37
Barnes,Precinct 2414,Justice of the Supreme Court,,NON,Dale Sandstrom,45
Barnes,Precinct 2414,Public Service Commissioner,,DEM,Cheryl Bergian,39
Barnes,Precinct 2414,Public Service Commissioner,,REP,Tony Clark,17
Barnes,Precinct 2414,Secretary of State,,DEM,Kristin Hedger,39
Barnes,Precinct 2414,Secretary of State,,REP,Alvin A (Al) Jaeger,17
Barnes,Precinct 2414,Tax Commissioner,,DEM,Brent Edison,41
Barnes,Precinct 2414,Tax Commissioner,,REP,Cory Fong,17
Barnes,Precinct 2414,U.S. House,1,DEM,Earl Pomeroy,44
Barnes,Precinct 2414,U.S. House,1,REP,Matt Mechtel,17
Barnes,Precinct 2414,U.S. Senate,,DEM,Kent Conrad,45
Barnes,Precinct 2414,U.S. Senate,,REP,Dwight Grotberg,15
Barnes,Precinct 2415,Agriculture Commissioner,,DEM,Roger Johnson,42
Barnes,Precinct 2415,Agriculture Commissioner,,REP,Doug Goehring,40
Barnes,Precinct 2415,Attorney General,,DEM,Bill Brudvik,41
Barnes,Precinct 2415,Attorney General,,REP,Wayne Stenehjem,41
Barnes,Precinct 2415,C 1: This constitutional measure would amend section 16 of Article XI of the North Dakota Constitution,,,No,22
Barnes,Precinct 2415,C 1: This constitutional measure would amend section 16 of Article XI of the North Dakota Constitution,,,Yes,58
Barnes,Precinct 2415,C 2: This constitutional measure would amend certain sections and repeal other sections of Article XII of the North Dakota Constitution,,,No,22
Barnes,Precinct 2415,C 2: This constitutional measure would amend certain sections and repeal other sections of Article XII of the North Dakota Constitution,,,Yes,53
Barnes,Precinct 2415,Justice of the Supreme Court,,NON,Dale Sandstrom,82
Barnes,Precinct 2415,Public Service Commissioner,,DEM,Cheryl Bergian,42
Barnes,Precinct 2415,Public Service Commissioner,,REP,Tony Clark,42
Barnes,Precinct 2415,Secretary of State,,DEM,Kristin Hedger,41
Barnes,Precinct 2415,Secretary of State,,REP,Alvin A (Al) Jaeger,42
Barnes,Precinct 2415,Tax Commissioner,,DEM,Brent Edison,42
Barnes,Precinct 2415,Tax Commissioner,,REP,Cory Fong,42
Barnes,Precinct 2415,U.S. House,1,DEM,Earl Pomeroy,46
Barnes,Precinct 2415,U.S. House,1,REP,Matt Mechtel,41
Barnes,Precinct 2415,U.S. Senate,,DEM,Kent Conrad,46
Barnes,Precinct 2415,U.S. Senate,,REP,Dwight Grotberg,43
Benson,Precinct 0701,Agriculture Commissioner,,DEM,Roger Johnson,20
Benson,Precinct 0701,Agriculture Commissioner,,REP,Doug Goehring,6
Benson,Precinct 0701,Attorney General,,DEM,Bill Brudvik,15
Benson,Precinct 0701,Attorney General,,REP,Wayne Stenehjem,6
Benson,Precinct 0701,C 1: This constitutional measure would amend section 16 of Article XI of the North Dakota Constitution,,,No,6
Benson,Precinct 0701,C 1: This constitutional measure would amend section 16 of Article XI of the North Dakota Constitution,,,Yes,21
Benson,Precinct 0701,C 2: This constitutional measure would amend certain sections and repeal other sections of Article XII of the North Dakota Constitution,,,No,9
Benson,Precinct 0701,C 2: This constitutional measure would amend certain sections and repeal other sections of Article XII of the North Dakota Constitution,,,Yes,17
Benson,Precinct 0701,Justice of the Supreme Court,,NON,Dale Sandstrom,21
Benson,Precinct 0701,Public Service Commissioner,,DEM,Cheryl Bergian,16
Benson,Precinct 0701,Public Service Commissioner,,REP,Tony Clark,6
Benson,Precinct 0701,Secretary of State,,DEM,Kristin Hedger,15
Benson,Precinct 0701,Secretary of State,,REP,Alvin A (Al) Jaeger,6
Benson,Precinct 0701,State House Legislative,7,DEM,Arlo E Schmidt,20
Benson,Precinct 0701,State House Legislative,7,DEM,Marie J Marshall,12
Benson,Precinct 0701,State House Legislative,7,REP,Jon Nelson,6
Benson,Precinct 0701,State House Legislative,7,REP,Tom Bodine,5
Benson,Precinct 0701,State Senate Legislative District 7,,DEM,Ryan M Taylor,21
Benson,Precinct 0701,State Senate Legislative District 7,,REP,Dick Anderson,6
Benson,Precinct 0701,Tax Commissioner,,DEM,Brent Edison,16
Benson,Precinct 0701,Tax Commissioner,,REP,Cory Fong,6
Benson,Precinct 0701,U.S. House,1,DEM,Earl Pomeroy,21
Benson,Precinct 0701,U.S. House,1,REP,Matt Mechtel,6
Benson,Precinct 0701,U.S. Senate,,DEM,Kent Conrad,21
Benson,Precinct 0701,U.S. Senate,,REP,Dwight Grotberg,6
Benson,Precinct 0702,Agriculture Commissioner,,DEM,Roger Johnson,185
Benson,Precinct 0702,Agriculture Commissioner,,REP,Doug Goehring,82
Benson,Precinct 0702,Attorney General,,DEM,Bill Brudvik,171
Benson,Precinct 0702,Attorney General,,REP,Wayne Stenehjem,82
Benson,Precinct 0702,C 1: This constitutional measure would amend section 16 of Article XI of the North Dakota Constitution,,,No,64
Benson,Precinct 0702,C 1: This constitutional measure would amend section 16 of Article XI of the North Dakota Constitution,,,Yes,182
Benson,Precinct 0702,C 2: This constitutional measure would amend certain sections and repeal other sections of Article XII of the North Dakota Constitution,,,No,74
Benson,Precinct 0702,C 2: This constitutional measure would amend certain sections and repeal other sections of Article XII of the North Dakota Constitution,,,Yes,173
Benson,Precinct 0702,Justice of the Supreme Court,,NON,Dale Sandstrom,248
Benson,Precinct 0702,Public Service Commissioner,,DEM,Cheryl Bergian,176
Benson,Precinct 0702,Public Service Commissioner,,REP,Tony Clark,81
Benson,Precinct 0702,Secretary of State,,DEM,Kristin Hedger,178
Benson,Precinct 0702,Secretary of State,,REP,Alvin A (Al) Jaeger,83
Benson,Precinct 0702,State House Legislative,7,DEM,Arlo E Schmidt,181
Benson,Precinct 0702,State House Legislative,7,DEM,Marie J Marshall,126
Benson,Precinct 0702,State House Legislative,7,REP,Jon Nelson,77
Benson,Precinct 0702,State House Legislative,7,REP,Tom Bodine,70
Benson,Precinct 0702,State Senate Legislative District 7,,DEM,Ryan M Taylor,178
Benson,Precinct 0702,State Senate Legislative District 7,,REP,Dick Anderson,81
Benson,Precinct 0702,Tax Commissioner,,DEM,Brent Edison,176
Benson,Precinct 0702,Tax Commissioner,,REP,Cory Fong,81
Benson,Precinct 0702,U.S. House,1,DEM,Earl Pomeroy,190
Benson,Precinct 0702,U.S. House,1,REP,Matt Mechtel,79
Benson,Precinct 0702,U.S. Senate,,DEM,Kent Conrad,193
Benson,Precinct 0702,U.S. Senate,,REP,Dwight Grotberg,82
Benson,Precinct 0703,Agriculture Commissioner,,DEM,Roger Johnson,72
Benson,Precinct 0703,Agriculture Commissioner,,REP,Doug Goehring,18
Benson,Precinct 0703,Attorney General,,DEM,Bill Brudvik,65
Benson,Precinct 0703,Attorney General,,REP,Wayne Stenehjem,18
Benson,Precinct 0703,C 1: This constitutional measure would amend section 16 of Article XI of the North Dakota Constitution,,,No,17
Benson,Precinct 0703,C 1: This constitutional measure would amend section 16 of Article XI of the North Dakota Constitution,,,Yes,64
Benson,Precinct 0703,C 2: This constitutional measure would amend certain sections and repeal other sections of Article XII of the North Dakota Constitution,,,No,28
Benson,Precinct 0703,C 2: This constitutional measure would amend certain sections and repeal other sections of Article XII of the North Dakota Constitution,,,Yes,53
Benson,Precinct 0703,Justice of the Supreme Court,,NON,Dale Sandstrom,72
Benson,Precinct 0703,Public Service Commissioner,,DEM,Cheryl Bergian,68
Benson,Precinct 0703,Public Service Commissioner,,REP,Tony Clark,18
Benson,Precinct 0703,Secretary of State,,DEM,Kristin Hedger,64
Benson,Precinct 0703,Secretary of State,,REP,Alvin A (Al) Jaeger,18
Benson,Precinct 0703,State House Legislative,7,DEM,Arlo E Schmidt,71
Benson,Precinct 0703,State House Legislative,7,DEM,Marie J Marshall,57
Benson,Precinct 0703,State House Legislative,7,REP,Jon Nelson,15
Benson,Precinct 0703,State House Legislative,7,REP,Tom Bodine,17
Benson,Precinct 0703,State Senate Legislative District 7,,DEM,Ryan M Taylor,72
Benson,Precinct 0703,State Senate Legislative District 7,,REP,Dick Anderson,18
Benson,Precinct 0703,Tax Commissioner,,DEM,Brent Edison,68
Benson,Precinct 0703,Tax Commissioner,,REP,Cory Fong,18
Benson,Precinct 0703,U.S. House,1,DEM,Earl Pomeroy,71
Benson,Precinct 0703,U.S. House,1,REP,Matt Mechtel,18
Benson,Precinct 0703,U.S. Senate,,DEM,Kent Conrad,74
Benson,Precinct 0703,U.S. Senate,,REP,Dwight Grotberg,18
Benson,Precinct 0704,Agriculture Commissioner,,DEM,Roger Johnson,151
Benson,Precinct 0704,Agriculture Commissioner,,REP,Doug Goehring,50
Benson,Precinct 0704,Attorney General,,DEM,Bill Brudvik,136
Benson,Precinct 0704,Attorney General,,REP,Wayne Stenehjem,48
Benson,Precinct 0704,C 1: This constitutional measure would amend section 16 of Article XI of the North Dakota Constitution,,,No,50
Benson,Precinct 0704,C 1: This constitutional measure would amend section 16 of Article XI of the North Dakota Constitution,,,Yes,146
Benson,Precinct 0704,C 2: This constitutional measure would amend certain sections and repeal other sections of Article XII of the North Dakota Constitution,,,No,64
Benson,Precinct 0704,C 2: This constitutional measure would amend certain sections and repeal other sections of Article XII of the North Dakota Constitution,,,Yes,130
Benson,Precinct 0704,Justice of the Supreme Court,,NON,Dale Sandstrom,173
Benson,Precinct 0704,Public Service Commissioner,,DEM,Cheryl Bergian,136
Benson,Precinct 0704,Public Service Commissioner,,REP,Tony Clark,50
Benson,Precinct 0704,Secretary of State,,DEM,Kristin Hedger,140
Benson,Precinct 0704,Secretary of State,,REP,Alvin A (Al) Jaeger,47
Benson,Precinct 0704,State House Legislative,7,DEM,Arlo E Schmidt,157
Benson,Precinct 0704,State House Legislative,7,DEM,Marie J Marshall,116
Benson,Precinct 0704,State House Legislative,7,REP,Jon Nelson,44
Benson,Precinct 0704,State House Legislative,7,REP,Tom Bodine,44
Benson,Precinct 0704,State Senate Legislative District 7,,DEM,Ryan M Taylor,155
Benson,Precinct 0704,State Senate Legislative District 7,,REP,Dick Anderson,48
Benson,Precinct 0704,Tax Commissioner,,DEM,Brent Edison,144
Benson,Precinct 0704,Tax Commissioner,,REP,Cory Fong,50
Benson,Precinct 0704,U.S. House,1,DEM,Earl Pomeroy,154
Benson,Precinct 0704,U.S. House,1,REP,Matt Mechtel,49
Benson,Precinct 0704,U.S. Senate,,DEM,Kent Conrad,158
Benson,Precinct 0704,U.S. Senate,,REP,Dwight Grotberg,51
Benson,Precinct 2305,Agriculture Commissioner,,DEM,Roger Johnson,74
Benson,Precinct 2305,Agriculture Commissioner,,REP,Doug Goehring,35
Benson,Precinct 2305,Attorney General,,DEM,Bill Brudvik,68
Benson,Precinct 2305,Attorney General,,REP,Wayne Stenehjem,39
Benson,Precinct 2305,C 1: This constitutional measure would amend section 16 of Article XI of the North Dakota Constitution,,,No,21
Benson,Precinct 2305,C 1: This constitutional measure would amend section 16 of Article XI of the North Dakota Constitution,,,Yes,88
Benson,Precinct 2305,C 2: This constitutional measure would amend certain sections and repeal other sections of Article XII of the North Dakota Constitution,,,No,29
Benson,Precinct 2305,C 2: This constitutional measure would amend certain sections and repeal other sections of Article XII of the North Dakota Constitution,,,Yes,78
Benson,Precinct 2305,Justice of the Supreme Court,,NON,Dale Sandstrom,104
Benson,Precinct 2305,Public Service Commissioner,,DEM,Cheryl Bergian,70
Benson,Precinct 2305,Public Service Commissioner,,REP,Tony Clark,38
Benson,Precinct 2305,Secretary of State,,DEM,Kristin Hedger,68
Benson,Precinct 2305,Secretary of State,,REP,Alvin A (Al) Jaeger,38
Benson,Precinct 2305,State House Legislative,23,DEM,Ben Vig,54
Benson,Precinct 2305,State House Legislative,23,DEM,Edward R Brownshield,66
Benson,Precinct 2305,State House Legislative,23,REP,Don Vigesaa,30
Benson,Precinct 2305,State House Legislative,23,REP,William (Bill) Devlin,30
Benson,Precinct 2305,State Senate Legislative District 23,,DEM,Joan Heckaman,73
Benson,Precinct 2305,State Senate Legislative District 23,,REP,Frank E Walker,24
Benson,Precinct 2305,State Senate Legislative District 23,,REP,Preston Meier,16
Benson,Precinct 2305,Tax Commissioner,,DEM,Brent Edison,69
Benson,Precinct 2305,Tax Commissioner,,REP,Cory Fong,37
Benson,Precinct 2305,U.S. House,1,DEM,Earl Pomeroy,75
Benson,Precinct 2305,U.S. House,1,REP,Matt Mechtel,38
Benson,Precinct 2305,U.S. Senate,,DEM,Kent Conrad,76
Benson,Precinct 2305,U.S. Senate,,REP,Dwight Grotberg,39
Benson,Precinct 2306,Agriculture Commissioner,,DEM,Roger Johnson,40
Benson,Precinct 2306,Agriculture Commissioner,,REP,Doug Goehring,20
Benson,Precinct 2306,Attorney General,,DEM,Bill Brudvik,37
Benson,Precinct 2306,Attorney General,,REP,Wayne Stenehjem,21
Benson,Precinct 2306,C 1: This constitutional measure would amend section 16 of Article XI of the North Dakota Constitution,,,No,24
Benson,Precinct 2306,C 1: This constitutional measure would amend section 16 of Article XI of the North Dakota Constitution,,,Yes,34
Benson,Precinct 2306,C 2: This constitutional measure would amend certain sections and repeal other sections of Article XII of the North Dakota Constitution,,,No,24
Benson,Precinct 2306,C 2: This constitutional measure would amend certain sections and repeal other sections of Article XII of the North Dakota Constitution,,,Yes,35
Benson,Precinct 2306,Justice of the Supreme Court,,NON,Dale Sandstrom,54
Benson,Precinct 2306,Public Service Commissioner,,DEM,Cheryl Bergian,38
Benson,Precinct 2306,Public Service Commissioner,,REP,Tony Clark,20
Benson,Precinct 2306,Secretary of State,,DEM,Kristin Hedger,37
Benson,Precinct 2306,Secretary of State,,REP,Alvin A (Al) Jaeger,20
Benson,Precinct 2306,State House Legislative,23,DEM,Ben Vig,34
Benson,Precinct 2306,State House Legislative,23,DEM,Edward R Brownshield,29
Benson,Precinct 2306,State House Legislative,23,REP,Don Vigesaa,19
Benson,Precinct 2306,State House Legislative,23,REP,William (Bill) Devlin,14
Benson,Precinct 2306,State Senate Legislative District 23,,DEM,Joan Heckaman,39
Benson,Precinct 2306,State Senate Legislative District 23,,REP,Frank E Walker,16
Benson,Precinct 2306,State Senate Legislative District 23,,REP,Preston Meier,4
Benson,Precinct 2306,Tax Commissioner,,DEM,Brent Edison,38
Benson,Precinct 2306,Tax Commissioner,,REP,Cory Fong,19
Benson,Precinct 2306,U.S. House,1,DEM,Earl Pomeroy,40
Benson,Precinct 2306,U.S. House,1,REP,Matt Mechtel,20
Benson,Precinct 2306,U.S. Senate,,DEM,Kent Conrad,40
Benson,Precinct 2306,U.S. Senate,,REP,Dwight Grotberg,20
Benson,Precinct 2307,Agriculture Commissioner,,DEM,Roger Johnson,34
Benson,Precinct 2307,Agriculture Commissioner,,REP,Doug Goehring,6
Benson,Precinct 2307,Attorney General,,DEM,Bill Brudvik,33
Benson,Precinct 2307,Attorney General,,REP,Wayne Stenehjem,6
Benson,Precinct 2307,C 1: This constitutional measure would amend section 16 of Article XI of the North Dakota Constitution,,,No,10
Benson,Precinct 2307,C 1: This constitutional measure would amend section 16 of Article XI of the North Dakota Constitution,,,Yes,32
Benson,Precinct 2307,C 2: This constitutional measure would amend certain sections and repeal other sections of Article XII of the North Dakota Constitution,,,No,10
Benson,Precinct 2307,C 2: This constitutional measure would amend certain sections and repeal other sections of Article XII of the North Dakota Constitution,,,Yes,31
Benson,Precinct 2307,Justice of the Supreme Court,,NON,Dale Sandstrom,39
Benson,Precinct 2307,Public Service Commissioner,,DEM,Cheryl Bergian,34
Benson,Precinct 2307,Public Service Commissioner,,REP,Tony Clark,6
Benson,Precinct 2307,Secretary of State,,DEM,Kristin Hedger,34
Benson,Precinct 2307,Secretary of State,,REP,Alvin A (Al) Jaeger,6
Benson,Precinct 2307,State House Legislative,23,DEM,Ben Vig,12
Benson,Precinct 2307,State House Legislative,23,DEM,Edward R Brownshield,35
Benson,Precinct 2307,State House Legislative,23,REP,Don Vigesaa,5
Benson,Precinct 2307,State House Legislative,23,REP,William (Bill) Devlin,4
Benson,Precinct 2307,State Senate Legislative District 23,,DEM,Joan Heckaman,35
Benson,Precinct 2307,State Senate Legislative District 23,,REP,Frank E Walker,4
Benson,Precinct 2307,State Senate Legislative District 23,,REP,Preston Meier,2
Benson,Precinct 2307,Tax Commissioner,,DEM,Brent Edison,34
Benson,Precinct 2307,Tax Commissioner,,REP,Cory Fong,5
Benson,Precinct 2307,U.S. House,1,DEM,Earl Pomeroy,37
Benson,Precinct 2307,U.S. House,1,REP,Matt Mechtel,6
Benson,Precinct 2307,U.S. Senate,,DEM,Kent Conrad,38
Benson,Precinct 2307,U.S. Senate,,REP,Dwight Grotberg,6
Benson,Precinct 2308,Agriculture Commissioner,,DEM,Roger Johnson,17
Benson,Precinct 2308,Agriculture Commissioner,,REP,Doug Goehring,14
Benson,Precinct 2308,Attorney General,,DEM,Bill Brudvik,14
Benson,Precinct 2308,Attorney General,,REP,Wayne Stenehjem,14
Benson,Precinct 2308,C 1: This constitutional measure would amend section 16 of Article XI of the North Dakota Constitution,,,No,9
Benson,Precinct 2308,C 1: This constitutional measure would amend section 16 of Article XI of the North Dakota Constitution,,,Yes,21
Benson,Precinct 2308,C 2: This constitutional measure would amend certain sections and repeal other sections of Article XII of the North Dakota Constitution,,,No,8
Benson,Precinct 2308,C 2: This constitutional measure would amend certain sections and repeal other sections of Article XII of the North Dakota Constitution,,,Yes,21
Benson,Precinct 2308,Justice of the Supreme Court,,NON,Dale Sandstrom,26
Benson,Precinct 2308,Public Service Commissioner,,DEM,Cheryl Bergian,15
Benson,Precinct 2308,Public Service Commissioner,,REP,Tony Clark,14
Benson,Precinct 2308,Secretary of State,,DEM,Kristin Hedger,15
Benson,Precinct 2308,Secretary of State,,REP,Alvin A (Al) Jaeger,14
Benson,Precinct 2308,State House Legislative,23,DEM,Ben Vig,14
Benson,Precinct 2308,State House Legislative,23,DEM,Edward R Brownshield,12
Benson,Precinct 2308,State House Legislative,23,REP,Don Vigesaa,12
Benson,Precinct 2308,State House Legislative,23,REP,William (Bill) Devlin,14
Benson,Precinct 2308,State Senate Legislative District 23,,DEM,Joan Heckaman,17
Benson,Precinct 2308,State Senate Legislative District 23,,REP,Frank E Walker,9
Benson,Precinct 2308,State Senate Legislative District 23,,REP,Preston Meier,6
Benson,Precinct 2308,Tax Commissioner,,DEM,Brent Edison,15
Benson,Precinct 2308,Tax Commissioner,,REP,Cory Fong,14
Benson,Precinct 2308,U.S. House,1,DEM,Earl Pomeroy,17
Benson,Precinct 2308,U.S. House,1,REP,Matt Mechtel,14
Benson,Precinct 2308,U.S. Senate,,DEM,Kent Conrad,17
Benson,Precinct 2308,U.S. Senate,,REP,Dwight Grotberg,15
Billings,Precinct 3901,Agriculture Commissioner,,DEM,Roger Johnson,24
Billings,Precinct 3901,Agriculture Commissioner,,REP,Doug Goehring,49
Billings,Precinct 3901,Attorney General,,DEM,Bill Brudvik,24
Billings,Precinct 3901,Attorney General,,REP,Wayne Stenehjem,48
Billings,Precinct 3901,C 1: This constitutional measure would amend section 16 of Article XI of the North Dakota Constitution,,,No,11
Billings,Precinct 3901,C 1: This constitutional measure would amend section 16 of Article XI of the North Dakota Constitution,,,Yes,56
Billings,Precinct 3901,C 2: This constitutional measure would amend certain sections and repeal other sections of Article XII of the North Dakota Constitution,,,No,19
Billings,Precinct 3901,C 2: This constitutional measure would amend certain sections and repeal other sections of Article XII of the North Dakota Constitution,,,Yes,49
Billings,Precinct 3901,Justice of the Supreme Court,,NON,Dale Sandstrom,60
Billings,Precinct 3901,Public Service Commissioner,,DEM,Cheryl Bergian,23
Billings,Precinct 3901,Public Service Commissioner,,REP,Tony Clark,51
Billings,Precinct 3901,Secretary of State,,DEM,Kristin Hedger,24
Billings,Precinct 3901,Secretary of State,,REP,Alvin A (Al) Jaeger,52
Billings,Precinct 3901,State House Legislative,39,REP,"David ""Skip"" Drovdal",42
Billings,Precinct 3901,State House Legislative,39,REP,Keith Kempenich,41
Billings,Precinct 3901,State Senate Legislative District 39,,REP,Bill L Bowman,49
Billings,Precinct 3901,Tax Commissioner,,DEM,Brent Edison,23
Billings,Precinct 3901,Tax Commissioner,,REP,Cory Fong,50
Billings,Precinct 3901,U.S. House,1,DEM,Earl Pomeroy,24
Billings,Precinct 3901,U.S. House,1,REP,Matt Mechtel,49
Billings,Precinct 3901,U.S. Senate,,DEM,Kent Conrad,24
Billings,Precinct 3901,U.S. Senate,,REP,Dwight Grotberg,49
Billings,Precinct 3902,Agriculture Commissioner,,DEM,Roger Johnson,28
Billings,Precinct 3902,Agriculture Commissioner,,REP,Doug Goehring,42
Billings,Precinct 3902,Attorney General,,DEM,Bill Brudvik,26
Billings,Precinct 3902,Attorney General,,REP,Wayne Stenehjem,42
Billings,Precinct 3902,C 1: This constitutional measure would amend section 16 of Article XI of the North Dakota Constitution,,,No,35
Billings,Precinct 3902,C 1: This constitutional measure would amend section 16 of Article XI of the North Dakota Constitution,,,Yes,36
Billings,Precinct 3902,C 2: This constitutional measure would amend certain sections and repeal other sections of Article XII of the North Dakota Constitution,,,No,30
Billings,Precinct 3902,C 2: This constitutional measure would amend certain sections and repeal other sections of Article XII of the North Dakota Constitution,,,Yes,37
Billings,Precinct 3902,Justice of the Supreme Court,,NON,Dale Sandstrom,70
Billings,Precinct 3902,Public Service Commissioner,,DEM,Cheryl Bergian,25
Billings,Precinct 3902,Public Service Commissioner,,REP,Tony Clark,44
Billings,Precinct 3902,Secretary of State,,DEM,Kristin Hedger,26
Billings,Precinct 3902,Secretary of State,,REP,Alvin A (Al) Jaeger,43
Billings,Precinct 3902,State House Legislative,39,REP,"David ""Skip"" Drovdal",40
Billings,Precinct 3902,State House Legislative,39,REP,Keith Kempenich,41
Billings,Precinct 3902,State Senate Legislative District 39,,REP,Bill L Bowman,44
Billings,Precinct 3902,Tax Commissioner,,DEM,Brent Edison,26
Billings,Precinct 3902,Tax Commissioner,,REP,Cory Fong,45
Billings,Precinct 3902,U.S. House,1,DEM,Earl Pomeroy,27
Billings,Precinct 3902,U.S. House,1,REP,Matt Mechtel,46
Billings,Precinct 3902,U.S. Senate,,DEM,Kent Conrad,29
Billings,Precinct 3902,U.S. Senate,,REP,Dwight Grotberg,44
Billings,Precinct 3903,Agriculture Commissioner,,DEM,Roger Johnson,3
Billings,Precinct 3903,Agriculture Commissioner,,REP,Doug Goehring,13
Billings,Precinct 3903,Attorney General,,DEM,Bill Brudvik,3
Billings,Precinct 3903,Attorney General,,REP,Wayne Stenehjem,15
Billings,Precinct 3903,C 1: This constitutional measure would amend section 16 of Article XI of the North Dakota Constitution,,,No,1
Billings,Precinct 3903,C 1: This constitutional measure would amend section 16 of Article XI of the North Dakota Constitution,,,Yes,16
Billings,Precinct 3903,C 2: This constitutional measure would amend certain sections and repeal other sections of Article XII of the North Dakota Constitution,,,No,6
Billings,Precinct 3903,C 2: This constitutional measure would amend certain sections and repeal other sections of Article XII of the North Dakota Constitution,,,Yes,11
Billings,Precinct 3903,Justice of the Supreme Court,,NON,Dale Sandstrom,15
Billings,Precinct 3903,Public Service Commissioner,,DEM,Cheryl Bergian,3
Billings,Precinct 3903,Public Service Commissioner,,REP,Tony Clark,15
Billings,Precinct 3903,Secretary of State,,DEM,Kristin Hedger,3
Billings,Precinct 3903,Secretary of State,,REP,Alvin A (Al) Jaeger,14
Billings,Precinct 3903,State House Legislative,39,REP,"David ""Skip"" Drovdal",13
Billings,Precinct 3903,State House Legislative,39,REP,Keith Kempenich,12
Billings,Precinct 3903,State Senate Legislative District 39,,REP,Bill L Bowman,14
Billings,Precinct 3903,Tax Commissioner,,DEM,Brent Edison,3
Billings,Precinct 3903,Tax Commissioner,,REP,Cory Fong,12
Billings,Precinct 3903,U.S. House,1,DEM,Earl Pomeroy,3
Billings,Precinct 3903,U.S. House,1,REP,Matt Mechtel,14
Billings,Precinct 3903,U.S. Senate,,DEM,Kent Conrad,3
Billings,Precinct 3903,U.S. Senate,,REP,Dwight Grotberg,13
Bottineau,Precinct 0601,Agriculture Commissioner,,DEM,Roger Johnson,109
Bottineau,Precinct 0601,Agriculture Commissioner,,REP,Doug Goehring,80
Bottineau,Precinct 0601,Attorney General,,DEM,Bill Brudvik,95
Bottineau,Precinct 0601,Attorney General,,REP,Wayne Stenehjem,85
Bottineau,Precinct 0601,C 1: This constitutional measure would amend section 16 of Article XI of the North Dakota Constitution,,,No,38
Bottineau,Precinct 0601,C 1: This constitutional measure would amend section 16 of Article XI of the North Dakota Constitution,,,Yes,158
Bottineau,Precinct 0601,C 2: This constitutional measure would amend certain sections and repeal other sections of Article XII of the North Dakota Constitution,,,No,49
Bottineau,Precinct 0601,C 2: This constitutional measure would amend certain sections and repeal other sections of Article XII of the North Dakota Constitution,,,Yes,147
Bottineau,Precinct 0601,Justice of the Supreme Court,,NON,Dale Sandstrom,185
Bottineau,Precinct 0601,Public Service Commissioner,,DEM,Cheryl Bergian,100
Bottineau,Precinct 0601,Public Service Commissioner,,REP,Tony Clark,78
Bottineau,Precinct 0601,Secretary of State,,DEM,Kristin Hedger,100
Bottineau,Precinct 0601,Secretary of State,,REP,Alvin A (Al) Jaeger,80
Bottineau,Precinct 0601,Tax Commissioner,,DEM,Brent Edison,100
Bottineau,Precinct 0601,Tax Commissioner,,REP,Cory Fong,78
Bottineau,Precinct 0601,U.S. House,1,DEM,Earl Pomeroy,111
Bottineau,Precinct 0601,U.S. House,1,REP,Matt Mechtel,73
Bottineau,Precinct 0601,U.S. Senate,,DEM,Kent Conrad,111
Bottineau,Precinct 0601,U.S. Senate,,REP,Dwight Grotberg,80
Bottineau,Precinct 0602,Agriculture Commissioner,,DEM,Roger Johnson,33
Bottineau,Precinct 0602,Agriculture Commissioner,,REP,Doug Goehring,26
Bottineau,Precinct 0602,Attorney General,,DEM,Bill Brudvik,28
Bottineau,Precinct 0602,Attorney General,,REP,Wayne Stenehjem,26
Bottineau,Precinct 0602,C 1: This constitutional measure would amend section 16 of Article XI of the North Dakota Constitution,,,No,19
Bottineau,Precinct 0602,C 1: This constitutional measure would amend section 16 of Article XI of the North Dakota Constitution,,,Yes,35
Bottineau,Precinct 0602,C 2: This constitutional measure would amend certain sections and repeal other sections of Article XII of the North Dakota Constitution,,,No,17
Bottineau,Precinct 0602,C 2: This constitutional measure would amend certain sections and repeal other sections of Article XII of the North Dakota Constitution,,,Yes,34
Bottineau,Precinct 0602,Justice of the Supreme Court,,NON,Dale Sandstrom,55
Bottineau,Precinct 0602,Public Service Commissioner,,DEM,Cheryl Bergian,28
Bottineau,Precinct 0602,Public Service Commissioner,,REP,Tony Clark,25
Bottineau,Precinct 0602,Secretary of State,,DEM,Kristin Hedger,27
Bottineau,Precinct 0602,Secretary of State,,REP,Alvin A (Al) Jaeger,26
Bottineau,Precinct 0602,Tax Commissioner,,DEM,Brent Edison,28
Bottineau,Precinct 0602,Tax Commissioner,,REP,Cory Fong,25
Bottineau,Precinct 0602,U.S. House,1,DEM,Earl Pomeroy,33
Bottineau,Precinct 0602,U.S. House,1,REP,Matt Mechtel,25
Bottineau,Precinct 0602,U.S. Senate,,DEM,Kent Conrad,34
Bottineau,Precinct 0602,U.S. Senate,,REP,Dwight Grotberg,25
Bottineau,Precinct 0603,Agriculture Commissioner,,DEM,Roger Johnson,34
Bottineau,Precinct 0603,Agriculture Commissioner,,REP,Doug Goehring,16
Bottineau,Precinct 0603,Attorney General,,DEM,Bill Brudvik,30
Bottineau,Precinct 0603,Attorney General,,REP,Wayne Stenehjem,16
Bottineau,Precinct 0603,C 1: This constitutional measure would amend section 16 of Article XI of the North Dakota Constitution,,,No,12
Bottineau,Precinct 0603,C 1: This constitutional measure would amend section 16 of Article XI of the North Dakota Constitution,,,Yes,33
Bottineau,Precinct 0603,C 2: This constitutional measure would amend certain sections and repeal other sections of Article XII of the North Dakota Constitution,,,No,14
Bottineau,Precinct 0603,C 2: This constitutional measure would amend certain sections and repeal other sections of Article XII of the North Dakota Constitution,,,Yes,25
Bottineau,Precinct 0603,Justice of the Supreme Court,,NON,Dale Sandstrom,46
Bottineau,Precinct 0603,Public Service Commissioner,,DEM,Cheryl Bergian,31
Bottineau,Precinct 0603,Public Service Commissioner,,REP,Tony Clark,16
Bottineau,Precinct 0603,Secretary of State,,DEM,Kristin Hedger,30
Bottineau,Precinct 0603,Secretary of State,,REP,Alvin A (Al) Jaeger,16
Bottineau,Precinct 0603,Tax Commissioner,,DEM,Brent Edison,32
Bottineau,Precinct 0603,Tax Commissioner,,REP,Cory Fong,16
Bottineau,Precinct 0603,U.S. House,1,DEM,Earl Pomeroy,34
Bottineau,Precinct 0603,U.S. House,1,REP,Matt Mechtel,16
Bottineau,Precinct 0603,U.S. Senate,,DEM,Kent Conrad,35
Bottineau,Precinct 0603,U.S. Senate,,REP,Dwight Grotberg,15
Bottineau,Precinct 0604,Agriculture Commissioner,,DEM,Roger Johnson,94
Bottineau,Precinct 0604,Agriculture Commissioner,,REP,Doug Goehring,54
Bottineau,Precinct 0604,Attorney General,,DEM,Bill Brudvik,90
Bottineau,Precinct 0604,Attorney General,,REP,Wayne Stenehjem,56
Bottineau,Precinct 0604,C 1: This constitutional measure would amend section 16 of Article XI of the North Dakota Constitution,,,No,24
Bottineau,Precinct 0604,C 1: This constitutional measure would amend section 16 of Article XI of the North Dakota Constitution,,,Yes,115
Bottineau,Precinct 0604,C 2: This constitutional measure would amend certain sections and repeal other sections of Article XII of the North Dakota Constitution,,,No,41
Bottineau,Precinct 0604,C 2: This constitutional measure would amend certain sections and repeal other sections of Article XII of the North Dakota Constitution,,,Yes,94
Bottineau,Precinct 0604,Justice of the Supreme Court,,NON,Dale Sandstrom,137
Bottineau,Precinct 0604,Public Service Commissioner,,DEM,Cheryl Bergian,91
Bottineau,Precinct 0604,Public Service Commissioner,,REP,Tony Clark,54
Bottineau,Precinct 0604,Secretary of State,,DEM,Kristin Hedger,92
Bottineau,Precinct 0604,Secretary of State,,REP,Alvin A (Al) Jaeger,56
Bottineau,Precinct 0604,Tax Commissioner,,DEM,Brent Edison,92
Bottineau,Precinct 0604,Tax Commissioner,,REP,Cory Fong,53
Bottineau,Precinct 0604,U.S. House,1,DEM,Earl Pomeroy,96
Bottineau,Precinct 0604,U.S. House,1,REP,Matt Mechtel,54
Bottineau,Precinct 0604,U.S. Senate,,DEM,Kent Conrad,97
Bottineau,Precinct 0604,U.S. Senate,,REP,Dwight Grotberg,53
Bottineau,Precinct 0605,Agriculture Commissioner,,DEM,Roger Johnson,12
Bottineau,Precinct 0605,Agriculture Commissioner,,REP,Doug Goehring,24
Bottineau,Precinct 0605,Attorney General,,DEM,Bill Brudvik,10
Bottineau,Precinct 0605,Attorney General,,REP,Wayne Stenehjem,24
Bottineau,Precinct 0605,C 1: This constitutional measure would amend section 16 of Article XI of the North Dakota Constitution,,,No,10
Bottineau,Precinct 0605,C 1: This constitutional measure would amend section 16 of Article XI of the North Dakota Constitution,,,Yes,23
Bottineau,Precinct 0605,C 2: This constitutional measure would amend certain sections and repeal other sections of Article XII of the North Dakota Constitution,,,No,14
Bottineau,Precinct 0605,C 2: This constitutional measure would amend certain sections and repeal other sections of Article XII of the North Dakota Constitution,,,Yes,20
Bottineau,Precinct 0605,Justice of the Supreme Court,,NON,Dale Sandstrom,32
Bottineau,Precinct 0605,Public Service Commissioner,,DEM,Cheryl Bergian,11
Bottineau,Precinct 0605,Public Service Commissioner,,REP,Tony Clark,24
Bottineau,Precinct 0605,Secretary of State,,DEM,Kristin Hedger,10
Bottineau,Precinct 0605,Secretary of State,,REP,Alvin A (Al) Jaeger,24
Bottineau,Precinct 0605,Tax Commissioner,,DEM,Brent Edison,10
Bottineau,Precinct 0605,Tax Commissioner,,REP,Cory Fong,24
Bottineau,Precinct 0605,U.S. House,1,DEM,Earl Pomeroy,12
Bottineau,Precinct 0605,U.S. House,1,REP,Matt Mechtel,24
Bottineau,Precinct 0605,U.S. Senate,,DEM,Kent Conrad,11
Bottineau,Precinct 0605,U.S. Senate,,REP,Dwight Grotberg,24
Bottineau,Precinct 0606,Agriculture Commissioner,,DEM,Roger Johnson,51
Bottineau,Precinct 0606,Agriculture Commissioner,,REP,Doug Goehring,32
Bottineau,Precinct 0606,Attorney General,,DEM,Bill Brudvik,48
Bottineau,Precinct 0606,Attorney General,,REP,Wayne Stenehjem,32
Bottineau,Precinct 0606,C 1: This constitutional measure would amend section 16 of Article XI of the North Dakota Constitution,,,No,19
Bottineau,Precinct 0606,C 1: This constitutional measure would amend section 16 of Article XI of the North Dakota Constitution,,,Yes,60
Bottineau,Precinct 0606,C 2: This constitutional measure would amend certain sections and repeal other sections of Article XII of the North Dakota Constitution,,,No,24
Bottineau,Precinct 0606,C 2: This constitutional measure would amend certain sections and repeal other sections of Article XII of the North Dakota Constitution,,,Yes,51
Bottineau,Precinct 0606,Justice of the Supreme Court,,NON,Dale Sandstrom,74
Bottineau,Precinct 0606,Public Service Commissioner,,DEM,Cheryl Bergian,48
Bottineau,Precinct 0606,Public Service Commissioner,,REP,Tony Clark,31
Bottineau,Precinct 0606,Secretary of State,,DEM,Kristin Hedger,49
Bottineau,Precinct 0606,Secretary of State,,REP,Alvin A (Al) Jaeger,33
Bottineau,Precinct 0606,Tax Commissioner,,DEM,Brent Edison,48
Bottineau,Precinct 0606,Tax Commissioner,,REP,Cory Fong,31
Bottineau,Precinct 0606,U.S. House,1,DEM,Earl Pomeroy,54
Bottineau,Precinct 0606,U.S. House,1,REP,Matt Mechtel,33
Bottineau,Precinct 0606,U.S. Senate,,DEM,Kent Conrad,55
Bottineau,Precinct 0606,U.S. Senate,,REP,Dwight Grotberg,33
Bottineau,Precinct 0607,Agriculture Commissioner,,DEM,Roger Johnson,19
Bottineau,Precinct 0607,Agriculture Commissioner,,REP,Doug Goehring,15
Bottineau,Precinct 0607,Attorney General,,DEM,Bill Brudvik,19
Bottineau,Precinct 0607,Attorney General,,REP,Wayne Stenehjem,16
Bottineau,Precinct 0607,C 1: This constitutional measure would amend section 16 of Article XI of the North Dakota Constitution,,,No,12
Bottineau,Precinct 0607,C 1: This constitutional measure would amend section 16 of Article XI of the North Dakota Constitution,,,Yes,22
Bottineau,Precinct 0607,C 2: This constitutional measure would amend certain sections and repeal other sections of Article XII of the North Dakota Constitution,,,No,11
Bottineau,Precinct 0607,C 2: This constitutional measure would amend certain sections and repeal other sections of Article XII of the North Dakota Constitution,,,Yes,22
Bottineau,Precinct 0607,Justice of the Supreme Court,,NON,Dale Sandstrom,32
Bottineau,Precinct 0607,Public Service Commissioner,,DEM,Cheryl Bergian,18
Bottineau,Precinct 0607,Public Service Commissioner,,REP,Tony Clark,15
Bottineau,Precinct 0607,Secretary of State,,DEM,Kristin Hedger,19
Bottineau,Precinct 0607,Secretary of State,,REP,Alvin A (Al) Jaeger,16
Bottineau,Precinct 0607,Tax Commissioner,,DEM,Brent Edison,19
Bottineau,Precinct 0607,Tax Commissioner,,REP,Cory Fong,14
Bottineau,Precinct 0607,U.S. House,1,DEM,Earl Pomeroy,19
Bottineau,Precinct 0607,U.S. House,1,REP,Matt Mechtel,15
Bottineau,Precinct 0607,U.S. Senate,,DEM,Kent Conrad,20
Bottineau,Precinct 0607,U.S. Senate,,REP,Dwight Grotberg,14
Bottineau,Precinct 0608,Agriculture Commissioner,,DEM,Roger Johnson,34
Bottineau,Precinct 0608,Agriculture Commissioner,,REP,Doug Goehring,22
Bottineau,Precinct 0608,Attorney General,,DEM,Bill Brudvik,28
Bottineau,Precinct 0608,Attorney General,,REP,Wayne Stenehjem,23
Bottineau,Precinct 0608,C 1: This constitutional measure would amend section 16 of Article XI of the North Dakota Constitution,,,No,18
Bottineau,Precinct 0608,C 1: This constitutional measure would amend section 16 of Article XI of the North Dakota Constitution,,,Yes,32
Bottineau,Precinct 0608,C 2: This constitutional measure would amend certain sections and repeal other sections of Article XII of the North Dakota Constitution,,,No,16
Bottineau,Precinct 0608,C 2: This constitutional measure would amend certain sections and repeal other sections of Article XII of the North Dakota Constitution,,,Yes,34
Bottineau,Precinct 0608,Justice of the Supreme Court,,NON,Dale Sandstrom,47
Bottineau,Precinct 0608,Public Service Commissioner,,DEM,Cheryl Bergian,31
Bottineau,Precinct 0608,Public Service Commissioner,,REP,Tony Clark,21
Bottineau,Precinct 0608,Secretary of State,,DEM,Kristin Hedger,30
Bottineau,Precinct 0608,Secretary of State,,REP,Alvin A (Al) Jaeger,22
Bottineau,Precinct 0608,Tax Commissioner,,DEM,Brent Edison,31
Bottineau,Precinct 0608,Tax Commissioner,,REP,Cory Fong,21
Bottineau,Precinct 0608,U.S. House,1,DEM,Earl Pomeroy,33
Bottineau,Precinct 0608,U.S. House,1,REP,Matt Mechtel,21
Bottineau,Precinct 0608,U.S. Senate,,DEM,Kent Conrad,34
Bottineau,Precinct 0608,U.S. Senate,,REP,Dwight Grotberg,21
Bottineau,Precinct 0609,Agriculture Commissioner,,DEM,Roger Johnson,15
Bottineau,Precinct 0609,Agriculture Commissioner,,REP,Doug Goehring,20
Bottineau,Precinct 0609,Attorney General,,DEM,Bill Brudvik,14
Bottineau,Precinct 0609,Attorney General,,REP,Wayne Stenehjem,20
Bottineau,Precinct 0609,C 1: This constitutional measure would amend section 16 of Article XI of the North Dakota Constitution,,,No,11
Bottineau,Precinct 0609,C 1: This constitutional measure would amend section 16 of Article XI of the North Dakota Constitution,,,Yes,31
Bottineau,Precinct 0609,C 2: This constitutional measure would amend certain sections and repeal other sections of Article XII of the North Dakota Constitution,,,No,16
Bottineau,Precinct 0609,C 2: This constitutional measure would amend certain sections and repeal other sections of Article XII of the North Dakota Constitution,,,Yes,26
Bottineau,Precinct 0609,Justice of the Supreme Court,,NON,Dale Sandstrom,39
Bottineau,Precinct 0609,Public Service Commissioner,,DEM,Cheryl Bergian,13
Bottineau,Precinct 0609,Public Service Commissioner,,REP,Tony Clark,20
Bottineau,Precinct 0609,Secretary of State,,DEM,Kristin Hedger,14
Bottineau,Precinct 0609,Secretary of State,,REP,Alvin A (Al) Jaeger,20
Bottineau,Precinct 0609,Tax Commissioner,,DEM,Brent Edison,13
Bottineau,Precinct 0609,Tax Commissioner,,REP,Cory Fong,21
Bottineau,Precinct 0609,U.S. House,1,DEM,Earl Pomeroy,15
Bottineau,Precinct 0609,U.S. House,1,REP,Matt Mechtel,19
Bottineau,Precinct 0609,U.S. Senate,,DEM,Kent Conrad,15
Bottineau,Precinct 0609,U.S. Senate,,REP,Dwight Grotberg,19
Bottineau,Precinct 0610,Agriculture Commissioner,,DEM,Roger Johnson,36
Bottineau,Precinct 0610,Agriculture Commissioner,,REP,Doug Goehring,16
Bottineau,Precinct 0610,Attorney General,,DEM,Bill Brudvik,34
Bottineau,Precinct 0610,Attorney General,,REP,Wayne Stenehjem,16
Bottineau,Precinct 0610,C 1: This constitutional measure would amend section 16 of Article XI of the North Dakota Constitution,,,No,13
Bottineau,Precinct 0610,C 1: This constitutional measure would amend section 16 of Article XI of the North Dakota Constitution,,,Yes,43
Bottineau,Precinct 0610,C 2: This constitutional measure would amend certain sections and repeal other sections of Article XII of the North Dakota Constitution,,,No,11
Bottineau,Precinct 0610,C 2: This constitutional measure would amend certain sections and repeal other sections of Article XII of the North Dakota Constitution,,,Yes,44
Bottineau,Precinct 0610,Justice of the Supreme Court,,NON,Dale Sandstrom,55
Bottineau,Precinct 0610,Public Service Commissioner,,DEM,Cheryl Bergian,33
Bottineau,Precinct 0610,Public Service Commissioner,,REP,Tony Clark,16
Bottineau,Precinct 0610,Secretary of State,,DEM,Kristin Hedger,33
Bottineau,Precinct 0610,Secretary of State,,REP,Alvin A (Al) Jaeger,16
Bottineau,Precinct 0610,Tax Commissioner,,DEM,Brent Edison,34
Bottineau,Precinct 0610,Tax Commissioner,,REP,Cory Fong,16
Bottineau,Precinct 0610,U.S. House,1,DEM,Earl Pomeroy,39
Bottineau,Precinct 0610,U.S. House,1,REP,Matt Mechtel,16
Bottineau,Precinct 0610,U.S. Senate,,DEM,Kent Conrad,39
Bottineau,Precinct 0610,U.S. Senate,,REP,Dwight Grotberg,16
Bottineau,Precinct 0611,Agriculture Commissioner,,DEM,Roger Johnson,63
Bottineau,Precinct 0611,Agriculture Commissioner,,REP,Doug Goehring,39
Bottineau,Precinct 0611,Attorney General,,DEM,Bill Brudvik,61
Bottineau,Precinct 0611,Attorney General,,REP,Wayne Stenehjem,39
Bottineau,Precinct 0611,C 1: This constitutional measure would amend section 16 of Article XI of the North Dakota Constitution,,,No,21
Bottineau,Precinct 0611,C 1: This constitutional measure would amend section 16 of Article XI of the North Dakota Constitution,,,Yes,70
Bottineau,Precinct 0611,C 2: This constitutional measure would amend certain sections and repeal other sections of Article XII of the North Dakota Constitution,,,No,31
Bottineau,Precinct 0611,C 2: This constitutional measure would amend certain sections and repeal other sections of Article XII of the North Dakota Constitution,,,Yes,59
Bottineau,Precinct 0611,Justice of the Supreme Court,,NON,Dale Sandstrom,99
Bottineau,Precinct 0611,Public Service Commissioner,,DEM,Cheryl Bergian,59
Bottineau,Precinct 0611,Public Service Commissioner,,REP,Tony Clark,39
Bottineau,Precinct 0611,Secretary of State,,DEM,Kristin Hedger,62
Bottineau,Precinct 0611,Secretary of State,,REP,Alvin A (Al) Jaeger,39
Bottineau,Precinct 0611,Tax Commissioner,,DEM,Brent Edison,59
Bottineau,Precinct 0611,Tax Commissioner,,REP,Cory Fong,39
Bottineau,Precinct 0611,U.S. House,1,DEM,Earl Pomeroy,65
Bottineau,Precinct 0611,U.S. House,1,REP,Matt Mechtel,40
Bottineau,Precinct 0611,U.S. Senate,,DEM,Kent Conrad,68
Bottineau,Precinct 0611,U.S. Senate,,REP,Dwight Grotberg,40
Bottineau,Precinct 0612,Agriculture Commissioner,,DEM,Roger Johnson,76
Bottineau,Precinct 0612,Agriculture Commissioner,,REP,Doug Goehring,53
Bottineau,Precinct 0612,Attorney General,,DEM,Bill Brudvik,76
Bottineau,Precinct 0612,Attorney General,,REP,Wayne Stenehjem,54
Bottineau,Precinct 0612,C 1: This constitutional measure would amend section 16 of Article XI of the North Dakota Constitution,,,No,16
Bottineau,Precinct 0612,C 1: This constitutional measure would amend section 16 of Article XI of the North Dakota Constitution,,,Yes,115
Bottineau,Precinct 0612,C 2: This constitutional measure would amend certain sections and repeal other sections of Article XII of the North Dakota Constitution,,,No,27
Bottineau,Precinct 0612,C 2: This constitutional measure would amend certain sections and repeal other sections of Article XII of the North Dakota Constitution,,,Yes,100
Bottineau,Precinct 0612,Justice of the Supreme Court,,NON,Dale Sandstrom,130
Bottineau,Precinct 0612,Public Service Commissioner,,DEM,Cheryl Bergian,76
Bottineau,Precinct 0612,Public Service Commissioner,,REP,Tony Clark,53
Bottineau,Precinct 0612,Secretary of State,,DEM,Kristin Hedger,78
Bottineau,Precinct 0612,Secretary of State,,REP,Alvin A (Al) Jaeger,54
Bottineau,Precinct 0612,Tax Commissioner,,DEM,Brent Edison,74
Bottineau,Precinct 0612,Tax Commissioner,,REP,Cory Fong,55
Bottineau,Precinct 0612,U.S. House,1,DEM,Earl Pomeroy,78
Bottineau,Precinct 0612,U.S. House,1,REP,Matt Mechtel,51
Bottineau,Precinct 0612,U.S. Senate,,DEM,Kent Conrad,79
Bottineau,Precinct 0612,U.S. Senate,,REP,Dwight Grotberg,53
Bottineau,Precinct 0613,Agriculture Commissioner,,DEM,Roger Johnson,41
Bottineau,Precinct 0613,Agriculture Commissioner,,REP,Doug Goehring,31
Bottineau,Precinct 0613,Attorney General,,DEM,Bill Brudvik,39
Bottineau,Precinct 0613,Attorney General,,REP,Wayne Stenehjem,31
Bottineau,Precinct 0613,C 1: This constitutional measure would amend section 16 of Article XI of the North Dakota Constitution,,,No,16
Bottineau,Precinct 0613,C 1: This constitutional measure would amend section 16 of Article XI of the North Dakota Constitution,,,Yes,69
Bottineau,Precinct 0613,C 2: This constitutional measure would amend certain sections and repeal other sections of Article XII of the North Dakota Constitution,,,No,20
Bottineau,Precinct 0613,C 2: This constitutional measure would amend certain sections and repeal other sections of Article XII of the North Dakota Constitution,,,Yes,62
Bottineau,Precinct 0613,Justice of the Supreme Court,,NON,Dale Sandstrom,81
Bottineau,Precinct 0613,Public Service Commissioner,,DEM,Cheryl Bergian,39
Bottineau,Precinct 0613,Public Service Commissioner,,REP,Tony Clark,31
Bottineau,Precinct 0613,Secretary of State,,DEM,Kristin Hedger,38
Bottineau,Precinct 0613,Secretary of State,,REP,Alvin A (Al) Jaeger,33
Bottineau,Precinct 0613,Tax Commissioner,,DEM,Brent Edison,39
Bottineau,Precinct 0613,Tax Commissioner,,REP,Cory Fong,32
Bottineau,Precinct 0613,U.S. House,1,DEM,Earl Pomeroy,44
Bottineau,Precinct 0613,U.S. House,1,REP,Matt Mechtel,31
Bottineau,Precinct 0613,U.S. Senate,,DEM,Kent Conrad,44
Bottineau,Precinct 0613,U.S. Senate,,REP,Dwight Grotberg,33
Bottineau,Precinct 0614,Agriculture Commissioner,,DEM,Roger Johnson,59
Bottineau,Precinct 0614,Agriculture Commissioner,,REP,Doug Goehring,44
Bottineau,Precinct 0614,Attorney General,,DEM,Bill Brudvik,56
Bottineau,Precinct 0614,Attorney General,,REP,Wayne Stenehjem,44
Bottineau,Precinct 0614,C 1: This constitutional measure would amend section 16 of Article XI of the North Dakota Constitution,,,No,26
Bottineau,Precinct 0614,C 1: This constitutional measure would amend section 16 of Article XI of the North Dakota Constitution,,,Yes,67
Bottineau,Precinct 0614,C 2: This constitutional measure would amend certain sections and repeal other sections of Article XII of the North Dakota Constitution,,,No,27
Bottineau,Precinct 0614,C 2: This constitutional measure would amend certain sections and repeal other sections of Article XII of the North Dakota Constitution,,,Yes,64
Bottineau,Precinct 0614,Justice of the Supreme Court,,NON,Dale Sandstrom,97
Bottineau,Precinct 0614,Public Service Commissioner,,DEM,Cheryl Bergian,56
Bottineau,Precinct 0614,Public Service Commissioner,,REP,Tony Clark,44
Bottineau,Precinct 0614,Secretary of State,,DEM,Kristin Hedger,55
Bottineau,Precinct 0614,Secretary of State,,REP,Alvin A (Al) Jaeger,41
Bottineau,Precinct 0614,Tax Commissioner,,DEM,Brent Edison,56
Bottineau,Precinct 0614,Tax Commissioner,,REP,Cory Fong,42
Bottineau,Precinct 0614,U.S. House,1,DEM,Earl Pomeroy,62
Bottineau,Precinct 0614,U.S. House,1,REP,Matt Mechtel,44
Bottineau,Precinct 0614,U.S. Senate,,DEM,Kent Conrad,62
Bottineau,Precinct 0614,U.S. Senate,,REP,Dwight Grotberg,43
Bottineau,Precinct 0615,Agriculture Commissioner,,DEM,Roger Johnson,60
Bottineau,Precinct 0615,Agriculture Commissioner,,REP,Doug Goehring,48
Bottineau,Precinct 0615,Attorney General,,DEM,Bill Brudvik,54
Bottineau,Precinct 0615,Attorney General,,REP,Wayne Stenehjem,49
Bottineau,Precinct 0615,C 1: This constitutional measure would amend section 16 of Article XI of the North Dakota Constitution,,,No,18
Bottineau,Precinct 0615,C 1: This constitutional measure would amend section 16 of Article XI of the North Dakota Constitution,,,Yes,91
Bottineau,Precinct 0615,C 2: This constitutional measure would amend certain sections and repeal other sections of Article XII of the North Dakota Constitution,,,No,22
Bottineau,Precinct 0615,C 2: This constitutional measure would amend certain sections and repeal other sections of Article XII of the North Dakota Constitution,,,Yes,83
Bottineau,Precinct 0615,Justice of the Supreme Court,,NON,Dale Sandstrom,104
Bottineau,Precinct 0615,Public Service Commissioner,,DEM,Cheryl Bergian,57
Bottineau,Precinct 0615,Public Service Commissioner,,REP,Tony Clark,46
Bottineau,Precinct 0615,Secretary of State,,DEM,Kristin Hedger,55
Bottineau,Precinct 0615,Secretary of State,,REP,Alvin A (Al) Jaeger,48
Bottineau,Precinct 0615,Tax Commissioner,,DEM,Brent Edison,57
Bottineau,Precinct 0615,Tax Commissioner,,REP,Cory Fong,46
Bottineau,Precinct 0615,U.S. House,1,DEM,Earl Pomeroy,65
Bottineau,Precinct 0615,U.S. House,1,REP,Matt Mechtel,47
Bottineau,Precinct 0615,U.S. Senate,,DEM,Kent Conrad,66
Bottineau,Precinct 0615,U.S. Senate,,REP,Dwight Grotberg,47
Bowman,Precinct 3901,Agriculture Commissioner,,DEM,Roger Johnson,133
Bowman,Precinct 3901,Agriculture Commissioner,,REP,Doug Goehring,219
Bowman,Precinct 3901,Attorney General,,DEM,Bill Brudvik,117
Bowman,Precinct 3901,Attorney General,,REP,Wayne Stenehjem,222
Bowman,Precinct 3901,C 1: This constitutional measure would amend section 16 of Article XI of the North Dakota Constitution,,,No,71
Bowman,Precinct 3901,C 1: This constitutional measure would amend section 16 of Article XI of the North Dakota Constitution,,,Yes,270
Bowman,Precinct 3901,C 2: This constitutional measure would amend certain sections and repeal other sections of Article XII of the North Dakota Constitution,,,No,89
Bowman,Precinct 3901,C 2: This constitutional measure would amend certain sections and repeal other sections of Article XII of the North Dakota Constitution,,,Yes,246
Bowman,Precinct 3901,Justice of the Supreme Court,,NON,Dale Sandstrom,336
Bowman,Precinct 3901,Public Service Commissioner,,DEM,Cheryl Bergian,117
Bowman,Precinct 3901,Public Service Commissioner,,REP,Tony Clark,219
Bowman,Precinct 3901,Secretary of State,,DEM,Kristin Hedger,116
Bowman,Precinct 3901,Secretary of State,,REP,Alvin A (Al) Jaeger,224
Bowman,Precinct 3901,State House Legislative,39,REP,"David ""Skip"" Drovdal",214
Bowman,Precinct 3901,State House Legislative,39,REP,Keith Kempenich,230
Bowman,Precinct 3901,State Senate Legislative District 39,,REP,Bill L Bowman,227
Bowman,Precinct 3901,Tax Commissioner,,DEM,Brent Edison,118
Bowman,Precinct 3901,Tax Commissioner,,REP,Cory Fong,218
Bowman,Precinct 3901,U.S. House,1,DEM,Earl Pomeroy,138
Bowman,Precinct 3901,U.S. House,1,REP,Matt Mechtel,202
Bowman,Precinct 3901,U.S. Senate,,DEM,Kent Conrad,141
Bowman,Precinct 3901,U.S. Senate,,REP,Dwight Grotberg,203
Bowman,Precinct 3902,Agriculture Commissioner,,DEM,Roger Johnson,12
Bowman,Precinct 3902,Agriculture Commissioner,,REP,Doug Goehring,25
Bowman,Precinct 3902,Attorney General,,DEM,Bill Brudvik,12
Bowman,Precinct 3902,Attorney General,,REP,Wayne Stenehjem,28
Bowman,Precinct 3902,C 1: This constitutional measure would amend section 16 of Article XI of the North Dakota Constitution,,,No,12
Bowman,Precinct 3902,C 1: This constitutional measure would amend section 16 of Article XI of the North Dakota Constitution,,,Yes,32
Bowman,Precinct 3902,C 2: This constitutional measure would amend certain sections and repeal other sections of Article XII of the North Dakota Constitution,,,No,19
Bowman,Precinct 3902,C 2: This constitutional measure would amend certain sections and repeal other sections of Article XII of the North Dakota Constitution,,,Yes,26
Bowman,Precinct 3902,Justice of the Supreme Court,,NON,Dale Sandstrom,39
Bowman,Precinct 3902,Public Service Commissioner,,DEM,Cheryl Bergian,12
Bowman,Precinct 3902,Public Service Commissioner,,REP,Tony Clark,26
Bowman,Precinct 3902,Secretary of State,,DEM,Kristin Hedger,11
Bowman,Precinct 3902,Secretary of State,,REP,Alvin A (Al) Jaeger,27
Bowman,Precinct 3902,State House Legislative,39,REP,"David ""Skip"" Drovdal",28
Bowman,Precinct 3902,State House Legislative,39,REP,Keith Kempenich,27
Bowman,Precinct 3902,State Senate Legislative District 39,,REP,Bill L Bowman,30
Bowman,Precinct 3902,Tax Commissioner,,DEM,Brent Edison,12
Bowman,Precinct 3902,Tax Commissioner,,REP,Cory Fong,24
Bowman,Precinct 3902,U.S. House,1,DEM,Earl Pomeroy,13
Bowman,Precinct 3902,U.S. House,1,REP,Matt Mechtel,24
Bowman,Precinct 3902,U.S. Senate,,DEM,Kent Conrad,13
Bowman,Precinct 3902,U.S. Senate,,REP,Dwight Grotberg,25
Bowman,Precinct 3903,Agriculture Commissioner,,DEM,Roger Johnson,22
Bowman,Precinct 3903,Agriculture Commissioner,,REP,Doug Goehring,35
Bowman,Precinct 3903,Attorney General,,DEM,Bill Brudvik,20
Bowman,Precinct 3903,Attorney General,,REP,Wayne Stenehjem,35
Bowman,Precinct 3903,C 1: This constitutional measure would amend section 16 of Article XI of the North Dakota Constitution,,,No,18
Bowman,Precinct 3903,C 1: This constitutional measure would amend section 16 of Article XI of the North Dakota Constitution,,,Yes,35
Bowman,Precinct 3903,C 2: This constitutional measure would amend certain sections and repeal other sections of Article XII of the North Dakota Constitution,,,No,19
Bowman,Precinct 3903,C 2: This constitutional measure would amend certain sections and repeal other sections of Article XII of the North Dakota Constitution,,,Yes,32
Bowman,Precinct 3903,Justice of the Supreme Court,,NON,Dale Sandstrom,54
Bowman,Precinct 3903,Public Service Commissioner,,DEM,Cheryl Bergian,20
Bowman,Precinct 3903,Public Service Commissioner,,REP,Tony Clark,35
Bowman,Precinct 3903,Secretary of State,,DEM,Kristin Hedger,20
Bowman,Precinct 3903,Secretary of State,,REP,Alvin A (Al) Jaeger,35
Bowman,Precinct 3903,State House Legislative,39,REP,"David ""Skip"" Drovdal",32
Bowman,Precinct 3903,State House Legislative,39,REP,Keith Kempenich,33
Bowman,Precinct 3903,State Senate Legislative District 39,,REP,Bill L Bowman,35
Bowman,Precinct 3903,Tax Commissioner,,DEM,Brent Edison,21
Bowman,Precinct 3903,Tax Commissioner,,REP,Cory Fong,33
Bowman,Precinct 3903,U.S. House,1,DEM,Earl Pomeroy,24
Bowman,Precinct 3903,U.S. House,1,REP,Matt Mechtel,34
Bowman,Precinct 3903,U.S. Senate,,DEM,Kent Conrad,25
Bowman,Precinct 3903,U.S. Senate,,REP,Dwight Grotberg,35
Bowman,Precinct 3904,Agriculture Commissioner,,DEM,Roger Johnson,30
Bowman,Precinct 3904,Agriculture Commissioner,,REP,Doug Goehring,45
Bowman,Precinct 3904,Attorney General,,DEM,Bill Brudvik,27
Bowman,Precinct 3904,Attorney General,,REP,Wayne Stenehjem,47
Bowman,Precinct 3904,C 1: This constitutional measure would amend section 16 of Article XI of the North Dakota Constitution,,,No,23
Bowman,Precinct 3904,C 1: This constitutional measure would amend section 16 of Article XI of the North Dakota Constitution,,,Yes,44
Bowman,Precinct 3904,C 2: This constitutional measure would amend certain sections and repeal other sections of Article XII of the North Dakota Constitution,,,No,27
Bowman,Precinct 3904,C 2: This constitutional measure would amend certain sections and repeal other sections of Article XII of the North Dakota Constitution,,,Yes,40
Bowman,Precinct 3904,Justice of the Supreme Court,,NON,Dale Sandstrom,68
Bowman,Precinct 3904,Public Service Commissioner,,DEM,Cheryl Bergian,28
Bowman,Precinct 3904,Public Service Commissioner,,REP,Tony Clark,45
Bowman,Precinct 3904,Secretary of State,,DEM,Kristin Hedger,27
Bowman,Precinct 3904,Secretary of State,,REP,Alvin A (Al) Jaeger,44
Bowman,Precinct 3904,State House Legislative,39,REP,"David ""Skip"" Drovdal",41
Bowman,Precinct 3904,State House Legislative,39,REP,Keith Kempenich,41
Bowman,Precinct 3904,State Senate Legislative District 39,,REP,Bill L Bowman,47
Bowman,Precinct 3904,Tax Commissioner,,DEM,Brent Edison,29
Bowman,Precinct 3904,Tax Commissioner,,REP,Cory Fong,46
Bowman,Precinct 3904,U.S. House,1,DEM,Earl Pomeroy,29
Bowman,Precinct 3904,U.S. House,1,REP,Matt Mechtel,44
Bowman,Precinct 3904,U.S. Senate,,DEM,Kent Conrad,30
Bowman,Precinct 3904,U.S. Senate,,REP,Dwight Grotberg,44
Burke,Precinct 0201,Agriculture Commissioner,,DEM,Roger Johnson,31
Burke,Precinct 0201,Agriculture Commissioner,,REP,Doug Goehring,14
Burke,Precinct 0201,Attorney General,,DEM,Bill Brudvik,29
Burke,Precinct 0201,Attorney General,,REP,Wayne Stenehjem,14
Burke,Precinct 0201,C 1: This constitutional measure would amend section 16 of Article XI of the North Dakota Constitution,,,No,13
Burke,Precinct 0201,C 1: This constitutional measure would amend section 16 of Article XI of the North Dakota Constitution,,,Yes,28
Burke,Precinct 0201,C 2: This constitutional measure would amend certain sections and repeal other sections of Article XII of the North Dakota Constitution,,,No,14
Burke,Precinct 0201,C 2: This constitutional measure would amend certain sections and repeal other sections of Article XII of the North Dakota Constitution,,,Yes,26
Burke,Precinct 0201,Justice of the Supreme Court,,NON,Dale Sandstrom,40
Burke,Precinct 0201,Public Service Commissioner,,DEM,Cheryl Bergian,31
Burke,Precinct 0201,Public Service Commissioner,,REP,Tony Clark,15
Burke,Precinct 0201,Secretary of State,,DEM,Kristin Hedger,27
Burke,Precinct 0201,Secretary of State,,REP,Alvin A (Al) Jaeger,13
Burke,Precinct 0201,Tax Commissioner,,DEM,Brent Edison,29
Burke,Precinct 0201,Tax Commissioner,,REP,Cory Fong,14
Burke,Precinct 0201,U.S. House,1,DEM,Earl Pomeroy,32
Burke,Precinct 0201,U.S. House,1,REP,Matt Mechtel,15
Burke,Precinct 0201,U.S. Senate,,DEM,Kent Conrad,31
Burke,Precinct 0201,U.S. Senate,,REP,Dwight Grotberg,13
Burke,Precinct 0202,Agriculture Commissioner,,DEM,Roger Johnson,39
Burke,Precinct 0202,Agriculture Commissioner,,REP,Doug Goehring,38
Burke,Precinct 0202,Attorney General,,DEM,Bill Brudvik,33
Burke,Precinct 0202,Attorney General,,REP,Wayne Stenehjem,37
Burke,Precinct 0202,C 1: This constitutional measure would amend section 16 of Article XI of the North Dakota Constitution,,,No,18
Burke,Precinct 0202,C 1: This constitutional measure would amend section 16 of Article XI of the North Dakota Constitution,,,Yes,54
Burke,Precinct 0202,C 2: This constitutional measure would amend certain sections and repeal other sections of Article XII of the North Dakota Constitution,,,No,26
Burke,Precinct 0202,C 2: This constitutional measure would amend certain sections and repeal other sections of Article XII of the North Dakota Constitution,,,Yes,45
Burke,Precinct 0202,Justice of the Supreme Court,,NON,Dale Sandstrom,63
Burke,Precinct 0202,Public Service Commissioner,,DEM,Cheryl Bergian,37
Burke,Precinct 0202,Public Service Commissioner,,REP,Tony Clark,36
Burke,Precinct 0202,Secretary of State,,DEM,Kristin Hedger,35
Burke,Precinct 0202,Secretary of State,,REP,Alvin A (Al) Jaeger,39
Burke,Precinct 0202,Tax Commissioner,,DEM,Brent Edison,37
Burke,Precinct 0202,Tax Commissioner,,REP,Cory Fong,38
Burke,Precinct 0202,U.S. House,1,DEM,Earl Pomeroy,43
Burke,Precinct 0202,U.S. House,1,REP,Matt Mechtel,36
Burke,Precinct 0202,U.S. Senate,,DEM,Kent Conrad,43
Burke,Precinct 0202,U.S. Senate,,REP,Dwight Grotberg,36
Burke,Precinct 0203,Agriculture Commissioner,,DEM,Roger Johnson,74
Burke,Precinct 0203,Agriculture Commissioner,,REP,Doug Goehring,44
Burke,Precinct 0203,Attorney General,,DEM,Bill Brudvik,70
Burke,Precinct 0203,Attorney General,,REP,Wayne Stenehjem,46
Burke,Precinct 0203,C 1: This constitutional measure would amend section 16 of Article XI of the North Dakota Constitution,,,No,25
Burke,Precinct 0203,C 1: This constitutional measure would amend section 16 of Article XI of the North Dakota Constitution,,,Yes,78
Burke,Precinct 0203,C 2: This constitutional measure would amend certain sections and repeal other sections of Article XII of the North Dakota Constitution,,,No,36
Burke,Precinct 0203,C 2: This constitutional measure would amend certain sections and repeal other sections of Article XII of the North Dakota Constitution,,,Yes,66
Burke,Precinct 0203,Justice of the Supreme Court,,NON,Dale Sandstrom,101
Burke,Precinct 0203,Public Service Commissioner,,DEM,Cheryl Bergian,70
Burke,Precinct 0203,Public Service Commissioner,,REP,Tony Clark,45
Burke,Precinct 0203,Secretary of State,,DEM,Kristin Hedger,72
Burke,Precinct 0203,Secretary of State,,REP,Alvin A (Al) Jaeger,45
Burke,Precinct 0203,Tax Commissioner,,DEM,Brent Edison,71
Burke,Precinct 0203,Tax Commissioner,,REP,Cory Fong,43
Burke,Precinct 0203,U.S. House,1,DEM,Earl Pomeroy,74
Burke,Precinct 0203,U.S. House,1,REP,Matt Mechtel,41
Burke,Precinct 0203,U.S. Senate,,DEM,Kent Conrad,76
Burke,Precinct 0203,U.S. Senate,,REP,Dwight Grotberg,42
Burke,Precinct 0204,Agriculture Commissioner,,DEM,Roger Johnson,33
Burke,Precinct 0204,Agriculture Commissioner,,REP,Doug Goehring,21
Burke,Precinct 0204,Attorney General,,DEM,Bill Brudvik,27
Burke,Precinct 0204,Attorney General,,REP,Wayne Stenehjem,20
Burke,Precinct 0204,C 1: This constitutional measure would amend section 16 of Article XI of the North Dakota Constitution,,,No,7
Burke,Precinct 0204,C 1: This constitutional measure would amend section 16 of Article XI of the North Dakota Constitution,,,Yes,39
Burke,Precinct 0204,C 2: This constitutional measure would amend certain sections and repeal other sections of Article XII of the North Dakota Constitution,,,No,10
Burke,Precinct 0204,C 2: This constitutional measure would amend certain sections and repeal other sections of Article XII of the North Dakota Constitution,,,Yes,33
Burke,Precinct 0204,Justice of the Supreme Court,,NON,Dale Sandstrom,38
Burke,Precinct 0204,Public Service Commissioner,,DEM,Cheryl Bergian,29
Burke,Precinct 0204,Public Service Commissioner,,REP,Tony Clark,21
Burke,Precinct 0204,Secretary of State,,DEM,Kristin Hedger,28
Burke,Precinct 0204,Secretary of State,,REP,Alvin A (Al) Jaeger,21
Burke,Precinct 0204,Tax Commissioner,,DEM,Brent Edison,29
Burke,Precinct 0204,Tax Commissioner,,REP,Cory Fong,21
Burke,Precinct 0204,U.S. House,1,DEM,Earl Pomeroy,35
Burke,Precinct 0204,U.S. House,1,REP,Matt Mechtel,19
Burke,Precinct 0204,U.S. Senate,,DEM,Kent Conrad,34
Burke,Precinct 0204,U.S. Senate,,REP,Dwight Grotberg,20
Burke,Precinct 0205,Agriculture Commissioner,,DEM,Roger Johnson,21
Burke,Precinct 0205,Agriculture Commissioner,,REP,Doug Goehring,15
Burke,Precinct 0205,Attorney General,,DEM,Bill Brudvik,20
Burke,Precinct 0205,Attorney General,,REP,Wayne Stenehjem,14
Burke,Precinct 0205,C 1: This constitutional measure would amend section 16 of Article XI of the North Dakota Constitution,,,No,7
Burke,Precinct 0205,C 1: This constitutional measure would amend section 16 of Article XI of the North Dakota Constitution,,,Yes,33
Burke,Precinct 0205,C 2: This constitutional measure would amend certain sections and repeal other sections of Article XII of the North Dakota Constitution,,,No,8
Burke,Precinct 0205,C 2: This constitutional measure would amend certain sections and repeal other sections of Article XII of the North Dakota Constitution,,,Yes,30
Burke,Precinct 0205,Justice of the Supreme Court,,NON,Dale Sandstrom,36
Burke,Precinct 0205,Public Service Commissioner,,DEM,Cheryl Bergian,21
Burke,Precinct 0205,Public Service Commissioner,,REP,Tony Clark,15
Burke,Precinct 0205,Secretary of State,,DEM,Kristin Hedger,20
Burke,Precinct 0205,Secretary of State,,REP,Alvin A (Al) Jaeger,15
Burke,Precinct 0205,Tax Commissioner,,DEM,Brent Edison,19
Burke,Precinct 0205,Tax Commissioner,,REP,Cory Fong,15
Burke,Precinct 0205,U.S. House,1,DEM,Earl Pomeroy,26
Burke,Precinct 0205,U.S. House,1,REP,Matt Mechtel,15
Burke,Precinct 0205,U.S. Senate,,DEM,Kent Conrad,26
Burke,Precinct 0205,U.S. Senate,,REP,Dwight Grotberg,15
Burke,Precinct 0206,Agriculture Commissioner,,DEM,Roger Johnson,14
Burke,Precinct 0206,Agriculture Commissioner,,REP,Doug Goehring,5
Burke,Precinct 0206,Attorney General,,DEM,Bill Brudvik,8
Burke,Precinct 0206,Attorney General,,REP,Wayne Stenehjem,5
Burke,Precinct 0206,C 1: This constitutional measure would amend section 16 of Article XI of the North Dakota Constitution,,,No,3
Burke,Precinct 0206,C 1: This constitutional measure would amend section 16 of Article XI of the North Dakota Constitution,,,Yes,14
Burke,Precinct 0206,C 2: This constitutional measure would amend certain sections and repeal other sections of Article XII of the North Dakota Constitution,,,No,4
Burke,Precinct 0206,C 2: This constitutional measure would amend certain sections and repeal other sections of Article XII of the North Dakota Constitution,,,Yes,12
Burke,Precinct 0206,Justice of the Supreme Court,,NON,Dale Sandstrom,15
Burke,Precinct 0206,Public Service Commissioner,,DEM,Cheryl Bergian,10
Burke,Precinct 0206,Public Service Commissioner,,REP,Tony Clark,5
Burke,Precinct 0206,Secretary of State,,DEM,Kristin Hedger,12
Burke,Precinct 0206,Secretary of State,,REP,Alvin A (Al) Jaeger,5
Burke,Precinct 0206,Tax Commissioner,,DEM,Brent Edison,10
Burke,Precinct 0206,Tax Commissioner,,REP,Cory Fong,5
Burke,Precinct 0206,U.S. House,1,DEM,Earl Pomeroy,15
Burke,Precinct 0206,U.S. House,1,REP,Matt Mechtel,5
Burke,Precinct 0206,U.S. Senate,,DEM,Kent Conrad,15
Burke,Precinct 0206,U.S. Senate,,REP,Dwight Grotberg,5
Burleigh,Precinct 0804,Agriculture Commissioner,,DEM,Roger Johnson,19
Burleigh,Precinct 0804,Agriculture Commissioner,,REP,Doug Goehring,33
Burleigh,Precinct 0804,Attorney General,,DEM,Bill Brudvik,19
Burleigh,Precinct 0804,Attorney General,,REP,Wayne Stenehjem,31
Burleigh,Precinct 0804,C 1: This constitutional measure would amend section 16 of Article XI of the North Dakota Constitution,,,No,14
Burleigh,Precinct 0804,C 1: This constitutional measure would amend section 16 of Article XI of the North Dakota Constitution,,,Yes,38
Burleigh,Precinct 0804,C 2: This constitutional measure would amend certain sections and repeal other sections of Article XII of the North Dakota Constitution,,,No,18
Burleigh,Precinct 0804,C 2: This constitutional measure would amend certain sections and repeal other sections of Article XII of the North Dakota Constitution,,,Yes,33
Burleigh,Precinct 0804,Justice of the Supreme Court,,NON,Dale Sandstrom,45
Burleigh,Precinct 0804,Public Service Commissioner,,DEM,Cheryl Bergian,19
Burleigh,Precinct 0804,Public Service Commissioner,,REP,Tony Clark,30
Burleigh,Precinct 0804,Secretary of State,,DEM,Kristin Hedger,19
Burleigh,Precinct 0804,Secretary of State,,REP,Alvin A (Al) Jaeger,30
Burleigh,Precinct 0804,Tax Commissioner,,DEM,Brent Edison,19
Burleigh,Precinct 0804,Tax Commissioner,,REP,Cory Fong,30
Burleigh,Precinct 0804,U.S. House,1,DEM,Earl Pomeroy,20
Burleigh,Precinct 0804,U.S. House,1,REP,Matt Mechtel,29
Burleigh,Precinct 0804,U.S. Senate,,DEM,Kent Conrad,20
Burleigh,Precinct 0804,U.S. Senate,,REP,Dwight Grotberg,32
Burleigh,Precinct 0805,Agriculture Commissioner,,DEM,Roger Johnson,124
Burleigh,Precinct 0805,Agriculture Commissioner,,REP,Doug Goehring,229
Burleigh,Precinct 0805,Attorney General,,DEM,Bill Brudvik,112
Burleigh,Precinct 0805,Attorney General,,REP,Wayne Stenehjem,227
Burleigh,Precinct 0805,C 1: This constitutional measure would amend section 16 of Article XI of the North Dakota Constitution,,,No,111
Burleigh,Precinct 0805,C 1: This constitutional measure would amend section 16 of Article XI of the North Dakota Constitution,,,Yes,270
Burleigh,Precinct 0805,C 2: This constitutional measure would amend certain sections and repeal other sections of Article XII of the North Dakota Constitution,,,No,93
Burleigh,Precinct 0805,C 2: This constitutional measure would amend certain sections and repeal other sections of Article XII of the North Dakota Constitution,,,Yes,285
Burleigh,Precinct 0805,Justice of the Supreme Court,,NON,Dale Sandstrom,324
Burleigh,Precinct 0805,Public Service Commissioner,,DEM,Cheryl Bergian,115
Burleigh,Precinct 0805,Public Service Commissioner,,REP,Tony Clark,223
Burleigh,Precinct 0805,Secretary of State,,DEM,Kristin Hedger,119
Burleigh,Precinct 0805,Secretary of State,,REP,Alvin A (Al) Jaeger,226
Burleigh,Precinct 0805,Tax Commissioner,,DEM,Brent Edison,115
Burleigh,Precinct 0805,Tax Commissioner,,REP,Cory Fong,225
Burleigh,Precinct 0805,U.S. House,1,DEM,Earl Pomeroy,133
Burleigh,Precinct 0805,U.S. House,1,REP,Matt Mechtel,215
Burleigh,Precinct 0805,U.S. Senate,,DEM,Kent Conrad,131
Burleigh,Precinct 0805,U.S. Senate,,REP,Dwight Grotberg,216
Burleigh,Precinct 0806,Agriculture Commissioner,,DEM,Roger Johnson,208
Burleigh,Precinct 0806,Agriculture Commissioner,,REP,Doug Goehring,238
Burleigh,Precinct 0806,Attorney General,,DEM,Bill Brudvik,192
Burleigh,Precinct 0806,Attorney General,,REP,Wayne Stenehjem,243
Burleigh,Precinct 0806,C 1: This constitutional measure would amend section 16 of Article XI of the North Dakota Constitution,,,No,128
Burleigh,Precinct 0806,C 1: This constitutional measure would amend section 16 of Article XI of the North Dakota Constitution,,,Yes,351
Burleigh,Precinct 0806,C 2: This constitutional measure would amend certain sections and repeal other sections of Article XII of the North Dakota Constitution,,,No,125
Burleigh,Precinct 0806,C 2: This constitutional measure would amend certain sections and repeal other sections of Article XII of the North Dakota Constitution,,,Yes,346
Burleigh,Precinct 0806,Justice of the Supreme Court,,NON,Dale Sandstrom,404
Burleigh,Precinct 0806,Public Service Commissioner,,DEM,Cheryl Bergian,194
Burleigh,Precinct 0806,Public Service Commissioner,,REP,Tony Clark,236
Burleigh,Precinct 0806,Secretary of State,,DEM,Kristin Hedger,201
Burleigh,Precinct 0806,Secretary of State,,REP,Alvin A (Al) Jaeger,239
Burleigh,Precinct 0806,Tax Commissioner,,DEM,Brent Edison,194
Burleigh,Precinct 0806,Tax Commissioner,,REP,Cory Fong,237
Burleigh,Precinct 0806,U.S. House,1,DEM,Earl Pomeroy,214
Burleigh,Precinct 0806,U.S. House,1,REP,Matt Mechtel,233
Burleigh,Precinct 0806,U.S. Senate,,DEM,Kent Conrad,216
Burleigh,Precinct 0806,U.S. Senate,,REP,Dwight Grotberg,238
Burleigh,Precinct 0810,Agriculture Commissioner,,DEM,Roger Johnson,141
Burleigh,Precinct 0810,Agriculture Commissioner,,REP,Doug Goehring,182
Burleigh,Precinct 0810,Attorney General,,DEM,Bill Brudvik,141
Burleigh,Precinct 0810,Attorney General,,REP,Wayne Stenehjem,177
Burleigh,Precinct 0810,C 1: This constitutional measure would amend section 16 of Article XI of the North Dakota Constitution,,,No,88
Burleigh,Precinct 0810,C 1: This constitutional measure would amend section 16 of Article XI of the North Dakota Constitution,,,Yes,258
Burleigh,Precinct 0810,C 2: This constitutional measure would amend certain sections and repeal other sections of Article XII of the North Dakota Constitution,,,No,104
Burleigh,Precinct 0810,C 2: This constitutional measure would amend certain sections and repeal other sections of Article XII of the North Dakota Constitution,,,Yes,239
Burleigh,Precinct 0810,Justice of the Supreme Court,,NON,Dale Sandstrom,295
Burleigh,Precinct 0810,Public Service Commissioner,,DEM,Cheryl Bergian,138
Burleigh,Precinct 0810,Public Service Commissioner,,REP,Tony Clark,177
Burleigh,Precinct 0810,Secretary of State,,DEM,Kristin Hedger,139
Burleigh,Precinct 0810,Secretary of State,,REP,Alvin A (Al) Jaeger,179
Burleigh,Precinct 0810,Tax Commissioner,,DEM,Brent Edison,141
Burleigh,Precinct 0810,Tax Commissioner,,REP,Cory Fong,178
Burleigh,Precinct 0810,U.S. House,1,DEM,Earl Pomeroy,153
Burleigh,Precinct 0810,U.S. House,1,REP,Matt Mechtel,173
Burleigh,Precinct 0810,U.S. Senate,,DEM,Kent Conrad,151
Burleigh,Precinct 0810,U.S. Senate,,REP,Dwight Grotberg,173
Burleigh,Precinct 1411,Agriculture Commissioner,,DEM,Roger Johnson,28
Burleigh,Precinct 1411,Agriculture Commissioner,,REP,Doug Goehring,41
Burleigh,Precinct 1411,Attorney General,,DEM,Bill Brudvik,23
Burleigh,Precinct 1411,Attorney General,,REP,Wayne Stenehjem,40
Burleigh,Precinct 1411,C 1: This constitutional measure would amend section 16 of Article XI of the North Dakota Constitution,,,No,18
Burleigh,Precinct 1411,C 1: This constitutional measure would amend section 16 of Article XI of the North Dakota Constitution,,,Yes,48
Burleigh,Precinct 1411,C 2: This constitutional measure would amend certain sections and repeal other sections of Article XII of the North Dakota Constitution,,,No,22
Burleigh,Precinct 1411,C 2: This constitutional measure would amend certain sections and repeal other sections of Article XII of the North Dakota Constitution,,,Yes,45
Burleigh,Precinct 1411,Justice of the Supreme Court,,NON,Dale Sandstrom,58
Burleigh,Precinct 1411,Public Service Commissioner,,DEM,Cheryl Bergian,23
Burleigh,Precinct 1411,Public Service Commissioner,,REP,Tony Clark,39
Burleigh,Precinct 1411,Secretary of State,,DEM,Kristin Hedger,24
Burleigh,Precinct 1411,Secretary of State,,REP,Alvin A (Al) Jaeger,38
Burleigh,Precinct 1411,Tax Commissioner,,DEM,Brent Edison,24
Burleigh,Precinct 1411,Tax Commissioner,,REP,Cory Fong,39
Burleigh,Precinct 1411,U.S. House,1,DEM,Earl Pomeroy,28
Burleigh,Precinct 1411,U.S. House,1,REP,Matt Mechtel,37
Burleigh,Precinct 1411,U.S. Senate,,DEM,Kent Conrad,29
Burleigh,Precinct 1411,U.S. Senate,,REP,Dwight Grotberg,38
Burleigh,Precinct 1412,Agriculture Commissioner,,DEM,Roger Johnson,21
Burleigh,Precinct 1412,Agriculture Commissioner,,REP,Doug Goehring,16
Burleigh,Precinct 1412,Attorney General,,DEM,Bill Brudvik,17
Burleigh,Precinct 1412,Attorney General,,REP,Wayne Stenehjem,16
Burleigh,Precinct 1412,C 1: This constitutional measure would amend section 16 of Article XI of the North Dakota Constitution,,,No,19
Burleigh,Precinct 1412,C 1: This constitutional measure would amend section 16 of Article XI of the North Dakota Constitution,,,Yes,19
Burleigh,Precinct 1412,C 2: This constitutional measure would amend certain sections and repeal other sections of Article XII of the North Dakota Constitution,,,No,19
Burleigh,Precinct 1412,C 2: This constitutional measure would amend certain sections and repeal other sections of Article XII of the North Dakota Constitution,,,Yes,18
Burleigh,Precinct 1412,Justice of the Supreme Court,,NON,Dale Sandstrom,26
Burleigh,Precinct 1412,Public Service Commissioner,,DEM,Cheryl Bergian,17
Burleigh,Precinct 1412,Public Service Commissioner,,REP,Tony Clark,15
Burleigh,Precinct 1412,Secretary of State,,DEM,Kristin Hedger,17
Burleigh,Precinct 1412,Secretary of State,,REP,Alvin A (Al) Jaeger,14
Burleigh,Precinct 1412,Tax Commissioner,,DEM,Brent Edison,18
Burleigh,Precinct 1412,Tax Commissioner,,REP,Cory Fong,13
Burleigh,Precinct 1412,U.S. House,1,DEM,Earl Pomeroy,21
Burleigh,Precinct 1412,U.S. House,1,REP,Matt Mechtel,14
Burleigh,Precinct 1412,U.S. Senate,,DEM,Kent Conrad,21
Burleigh,Precinct 1412,U.S. Senate,,REP,Dwight Grotberg,14
Burleigh,Precinct 1413,Agriculture Commissioner,,DEM,Roger Johnson,44
Burleigh,Precinct 1413,Agriculture Commissioner,,REP,Doug Goehring,37
Burleigh,Precinct 1413,Attorney General,,DEM,Bill Brudvik,41
Burleigh,Precinct 1413,Attorney General,,REP,Wayne Stenehjem,35
Burleigh,Precinct 1413,C 1: This constitutional measure would amend section 16 of Article XI of the North Dakota Constitution,,,No,26
Burleigh,Precinct 1413,C 1: This constitutional measure would amend section 16 of Article XI of the North Dakota Constitution,,,Yes,58
Burleigh,Precinct 1413,C 2: This constitutional measure would amend certain sections and repeal other sections of Article XII of the North Dakota Constitution,,,No,36
Burleigh,Precinct 1413,C 2: This constitutional measure would amend certain sections and repeal other sections of Article XII of the North Dakota Constitution,,,Yes,45
Burleigh,Precinct 1413,Justice of the Supreme Court,,NON,Dale Sandstrom,70
Burleigh,Precinct 1413,Public Service Commissioner,,DEM,Cheryl Bergian,41
Burleigh,Precinct 1413,Public Service Commissioner,,REP,Tony Clark,33
Burleigh,Precinct 1413,Secretary of State,,DEM,Kristin Hedger,43
Burleigh,Precinct 1413,Secretary of State,,REP,Alvin A (Al) Jaeger,35
Burleigh,Precinct 1413,Tax Commissioner,,DEM,Brent Edison,43
Burleigh,Precinct 1413,Tax Commissioner,,REP,Cory Fong,33
Burleigh,Precinct 1413,U.S. House,1,DEM,Earl Pomeroy,51
Burleigh,Precinct 1413,U.S. House,1,REP,Matt Mechtel,33
Burleigh,Precinct 1413,U.S. Senate,,DEM,Kent Conrad,53
Burleigh,Precinct 1413,U.S. Senate,,REP,Dwight Grotberg,32
Burleigh,Precinct 1416,Agriculture Commissioner,,DEM,Roger Johnson,34
Burleigh,Precinct 1416,Agriculture Commissioner,,REP,Doug Goehring,40
Burleigh,Precinct 1416,Attorney General,,DEM,Bill Brudvik,33
Burleigh,Precinct 1416,Attorney General,,REP,Wayne Stenehjem,38
Burleigh,Precinct 1416,C 1: This constitutional measure would amend section 16 of Article XI of the North Dakota Constitution,,,No,34
Burleigh,Precinct 1416,C 1: This constitutional measure would amend section 16 of Article XI of the North Dakota Constitution,,,Yes,37
Burleigh,Precinct 1416,C 2: This constitutional measure would amend certain sections and repeal other sections of Article XII of the North Dakota Constitution,,,No,34
Burleigh,Precinct 1416,C 2: This constitutional measure would amend certain sections and repeal other sections of Article XII of the North Dakota Constitution,,,Yes,37
Burleigh,Precinct 1416,Justice of the Supreme Court,,NON,Dale Sandstrom,65
Burleigh,Precinct 1416,Public Service Commissioner,,DEM,Cheryl Bergian,35
Burleigh,Precinct 1416,Public Service Commissioner,,REP,Tony Clark,38
Burleigh,Precinct 1416,Secretary of State,,DEM,Kristin Hedger,36
Burleigh,Precinct 1416,Secretary of State,,REP,Alvin A (Al) Jaeger,39
Burleigh,Precinct 1416,Tax Commissioner,,DEM,Brent Edison,34
Burleigh,Precinct 1416,Tax Commissioner,,REP,Cory Fong,38
Burleigh,Precinct 1416,U.S. House,1,DEM,Earl Pomeroy,35
Burleigh,Precinct 1416,U.S. House,1,REP,Matt Mechtel,34
Burleigh,Precinct 1416,U.S. Senate,,DEM,Kent Conrad,35
Burleigh,Precinct 1416,U.S. Senate,,REP,Dwight Grotberg,36
Burleigh,Precinct 1417,Agriculture Commissioner,,DEM,Roger Johnson,29
Burleigh,Precinct 1417,Agriculture Commissioner,,REP,Doug Goehring,70
Burleigh,Precinct 1417,Attorney General,,DEM,Bill Brudvik,25
Burleigh,Precinct 1417,Attorney General,,REP,Wayne Stenehjem,73
Burleigh,Precinct 1417,C 1: This constitutional measure would amend section 16 of Article XI of the North Dakota Constitution,,,No,31
Burleigh,Precinct 1417,C 1: This constitutional measure would amend section 16 of Article XI of the North Dakota Constitution,,,Yes,75
Burleigh,Precinct 1417,C 2: This constitutional measure would amend certain sections and repeal other sections of Article XII of the North Dakota Constitution,,,No,47
Burleigh,Precinct 1417,C 2: This constitutional measure would amend certain sections and repeal other sections of Article XII of the North Dakota Constitution,,,Yes,55
Burleigh,Precinct 1417,Justice of the Supreme Court,,NON,Dale Sandstrom,91
Burleigh,Precinct 1417,Public Service Commissioner,,DEM,Cheryl Bergian,24
Burleigh,Precinct 1417,Public Service Commissioner,,REP,Tony Clark,68
Burleigh,Precinct 1417,Secretary of State,,DEM,Kristin Hedger,28
Burleigh,Precinct 1417,Secretary of State,,REP,Alvin A (Al) Jaeger,70
Burleigh,Precinct 1417,Tax Commissioner,,DEM,Brent Edison,26
Burleigh,Precinct 1417,Tax Commissioner,,REP,Cory Fong,67
Burleigh,Precinct 1417,U.S. House,1,DEM,Earl Pomeroy,34
Burleigh,Precinct 1417,U.S. House,1,REP,Matt Mechtel,62
Burleigh,Precinct 1417,U.S. Senate,,DEM,Kent Conrad,34
Burleigh,Precinct 1417,U.S. Senate,,REP,Dwight Grotberg,63
Burleigh,Precinct 1419,Agriculture Commissioner,,DEM,Roger Johnson,112
Burleigh,Precinct 1419,Agriculture Commissioner,,REP,Doug Goehring,112
Burleigh,Precinct 1419,Attorney General,,DEM,Bill Brudvik,102
Burleigh,Precinct 1419,Attorney General,,REP,Wayne Stenehjem,114
Burleigh,Precinct 1419,C 1: This constitutional measure would amend section 16 of Article XI of the North Dakota Constitution,,,No,92
Burleigh,Precinct 1419,C 1: This constitutional measure would amend section 16 of Article XI of the North Dakota Constitution,,,Yes,148
Burleigh,Precinct 1419,C 2: This constitutional measure would amend certain sections and repeal other sections of Article XII of the North Dakota Constitution,,,No,90
Burleigh,Precinct 1419,C 2: This constitutional measure would amend certain sections and repeal other sections of Article XII of the North Dakota Constitution,,,Yes,143
Burleigh,Precinct 1419,Justice of the Supreme Court,,NON,Dale Sandstrom,212
Burleigh,Precinct 1419,Public Service Commissioner,,DEM,Cheryl Bergian,103
Burleigh,Precinct 1419,Public Service Commissioner,,REP,Tony Clark,108
Burleigh,Precinct 1419,Secretary of State,,DEM,Kristin Hedger,103
Burleigh,Precinct 1419,Secretary of State,,REP,Alvin A (Al) Jaeger,114
Burleigh,Precinct 1419,Tax Commissioner,,DEM,Brent Edison,104
Burleigh,Precinct 1419,Tax Commissioner,,REP,Cory Fong,110
Burleigh,Precinct 1419,U.S. House,1,DEM,Earl Pomeroy,119
Burleigh,Precinct 1419,U.S. House,1,REP,Matt Mechtel,105
Burleigh,Precinct 1419,U.S. Senate,,DEM,Kent Conrad,119
Burleigh,Precinct 1419,U.S. Senate,,REP,Dwight Grotberg,106
Burleigh,Precinct 3020,Agriculture Commissioner,,DEM,Roger Johnson,95
Burleigh,Precinct 3020,Agriculture Commissioner,,REP,Doug Goehring,146
Burleigh,Precinct 3020,Attorney General,,DEM,Bill Brudvik,89
Burleigh,Precinct 3020,Attorney General,,REP,Wayne Stenehjem,148
Burleigh,Precinct 3020,C 1: This constitutional measure would amend section 16 of Article XI of the North Dakota Constitution,,,No,59
Burleigh,Precinct 3020,C 1: This constitutional measure would amend section 16 of Article XI of the North Dakota Constitution,,,Yes,195
Burleigh,Precinct 3020,C 2: This constitutional measure would amend certain sections and repeal other sections of Article XII of the North Dakota Constitution,,,No,59
Burleigh,Precinct 3020,C 2: This constitutional measure would amend certain sections and repeal other sections of Article XII of the North Dakota Constitution,,,Yes,188
Burleigh,Precinct 3020,Justice of the Supreme Court,,NON,Dale Sandstrom,210
Burleigh,Precinct 3020,Public Service Commissioner,,DEM,Cheryl Bergian,90
Burleigh,Precinct 3020,Public Service Commissioner,,REP,Tony Clark,146
Burleigh,Precinct 3020,Secretary of State,,DEM,Kristin Hedger,90
Burleigh,Precinct 3020,Secretary of State,,REP,Alvin A (Al) Jaeger,146
Burleigh,Precinct 3020,Tax Commissioner,,DEM,Brent Edison,93
Burleigh,Precinct 3020,Tax Commissioner,,REP,Cory Fong,145
Burleigh,Precinct 3020,U.S. House,1,DEM,Earl Pomeroy,98
Burleigh,Precinct 3020,U.S. House,1,REP,Matt Mechtel,139
Burleigh,Precinct 3020,U.S. Senate,,DEM,Kent Conrad,100
Burleigh,Precinct 3020,U.S. Senate,,REP,Dwight Grotberg,144
Burleigh,Precinct 3021,Agriculture Commissioner,,DEM,Roger Johnson,45
Burleigh,Precinct 3021,Agriculture Commissioner,,REP,Doug Goehring,58
Burleigh,Precinct 3021,Attorney General,,DEM,Bill Brudvik,43
Burleigh,Precinct 3021,Attorney General,,REP,Wayne Stenehjem,60
Burleigh,Precinct 3021,C 1: This constitutional measure would amend section 16 of Article XI of the North Dakota Constitution,,,No,29
Burleigh,Precinct 3021,C 1: This constitutional measure would amend section 16 of Article XI of the North Dakota Constitution,,,Yes,80
Burleigh,Precinct 3021,C 2: This constitutional measure would amend certain sections and repeal other sections of Article XII of the North Dakota Constitution,,,No,27
Burleigh,Precinct 3021,C 2: This constitutional measure would amend certain sections and repeal other sections of Article XII of the North Dakota Constitution,,,Yes,78
Burleigh,Precinct 3021,Justice of the Supreme Court,,NON,Dale Sandstrom,95
Burleigh,Precinct 3021,Public Service Commissioner,,DEM,Cheryl Bergian,42
Burleigh,Precinct 3021,Public Service Commissioner,,REP,Tony Clark,59
Burleigh,Precinct 3021,Secretary of State,,DEM,Kristin Hedger,43
Burleigh,Precinct 3021,Secretary of State,,REP,Alvin A (Al) Jaeger,61
Burleigh,Precinct 3021,Tax Commissioner,,DEM,Brent Edison,43
Burleigh,Precinct 3021,Tax Commissioner,,REP,Cory Fong,59
Burleigh,Precinct 3021,U.S. House,1,DEM,Earl Pomeroy,46
Burleigh,Precinct 3021,U.S. House,1,REP,Matt Mechtel,58
Burleigh,Precinct 3021,U.S. Senate,,DEM,Kent Conrad,47
Burleigh,Precinct 3021,U.S. Senate,,REP,Dwight Grotberg,58
Burleigh,Precinct 3022,Agriculture Commissioner,,DEM,Roger Johnson,160
Burleigh,Precinct 3022,Agriculture Commissioner,,REP,Doug Goehring,135
Burleigh,Precinct 3022,Attorney General,,DEM,Bill Brudvik,142
Burleigh,Precinct 3022,Attorney General,,REP,Wayne Stenehjem,143
Burleigh,Precinct 3022,C 1: This constitutional measure would amend section 16 of Article XI of the North Dakota Constitution,,,No,99
Burleigh,Precinct 3022,C 1: This constitutional measure would amend section 16 of Article XI of the North Dakota Constitution,,,Yes,228
Burleigh,Precinct 3022,C 2: This constitutional measure would amend certain sections and repeal other sections of Article XII of the North Dakota Constitution,,,No,100
Burleigh,Precinct 3022,C 2: This constitutional measure would amend certain sections and repeal other sections of Article XII of the North Dakota Constitution,,,Yes,213
Burleigh,Precinct 3022,Justice of the Supreme Court,,NON,Dale Sandstrom,259
Burleigh,Precinct 3022,Public Service Commissioner,,DEM,Cheryl Bergian,142
Burleigh,Precinct 3022,Public Service Commissioner,,REP,Tony Clark,137
Burleigh,Precinct 3022,Secretary of State,,DEM,Kristin Hedger,148
Burleigh,Precinct 3022,Secretary of State,,REP,Alvin A (Al) Jaeger,141
Burleigh,Precinct 3022,Tax Commissioner,,DEM,Brent Edison,149
Burleigh,Precinct 3022,Tax Commissioner,,REP,Cory Fong,136
Burleigh,Precinct 3022,U.S. House,1,DEM,Earl Pomeroy,172
Burleigh,Precinct 3022,U.S. House,1,REP,Matt Mechtel,135
Burleigh,Precinct 3022,U.S. Senate,,DEM,Kent Conrad,174
Burleigh,Precinct 3022,U.S. Senate,,REP,Dwight Grotberg,137
Burleigh,Precinct 3023,Agriculture Commissioner,,DEM,Roger Johnson,130
Burleigh,Precinct 3023,Agriculture Commissioner,,REP,Doug Goehring,124
Burleigh,Precinct 3023,Attorney General,,DEM,Bill Brudvik,118
Burleigh,Precinct 3023,Attorney General,,REP,Wayne Stenehjem,127
Burleigh,Precinct 3023,C 1: This constitutional measure would amend section 16 of Article XI of the North Dakota Constitution,,,No,96
Burleigh,Precinct 3023,C 1: This constitutional measure would amend section 16 of Article XI of the North Dakota Constitution,,,Yes,192
Burleigh,Precinct 3023,C 2: This constitutional measure would amend certain sections and repeal other sections of Article XII of the North Dakota Constitution,,,No,104
Burleigh,Precinct 3023,C 2: This constitutional measure would amend certain sections and repeal other sections of Article XII of the North Dakota Constitution,,,Yes,186
Burleigh,Precinct 3023,Justice of the Supreme Court,,NON,Dale Sandstrom,238
Burleigh,Precinct 3023,Public Service Commissioner,,DEM,Cheryl Bergian,121
Burleigh,Precinct 3023,Public Service Commissioner,,REP,Tony Clark,122
Burleigh,Precinct 3023,Secretary of State,,DEM,Kristin Hedger,120
Burleigh,Precinct 3023,Secretary of State,,REP,Alvin A (Al) Jaeger,129
Burleigh,Precinct 3023,Tax Commissioner,,DEM,Brent Edison,121
Burleigh,Precinct 3023,Tax Commissioner,,REP,Cory Fong,123
Burleigh,Precinct 3023,U.S. House,1,DEM,Earl Pomeroy,136
Burleigh,Precinct 3023,U.S. House,1,REP,Matt Mechtel,117
Burleigh,Precinct 3023,U.S. Senate,,DEM,Kent Conrad,141
Burleigh,Precinct 3023,U.S. Senate,,REP,Dwight Grotberg,120
Burleigh,Precinct 3024,Agriculture Commissioner,,DEM,Roger Johnson,270
Burleigh,Precinct 3024,Agriculture Commissioner,,REP,Doug Goehring,222
Burleigh,Precinct 3024,Attorney General,,DEM,Bill Brudvik,244
Burleigh,Precinct 3024,Attorney General,,REP,Wayne Stenehjem,234
Burleigh,Precinct 3024,C 1: This constitutional measure would amend section 16 of Article XI of the North Dakota Constitution,,,No,142
Burleigh,Precinct 3024,C 1: This constitutional measure would amend section 16 of Article XI of the North Dakota Constitution,,,Yes,367
Burleigh,Precinct 3024,C 2: This constitutional measure would amend certain sections and repeal other sections of Article XII of the North Dakota Constitution,,,No,129
Burleigh,Precinct 3024,C 2: This constitutional measure would amend certain sections and repeal other sections of Article XII of the North Dakota Constitution,,,Yes,364
Burleigh,Precinct 3024,Justice of the Supreme Court,,NON,Dale Sandstrom,437
Burleigh,Precinct 3024,Public Service Commissioner,,DEM,Cheryl Bergian,246
Burleigh,Precinct 3024,Public Service Commissioner,,REP,Tony Clark,226
Burleigh,Precinct 3024,Secretary of State,,DEM,Kristin Hedger,250
Burleigh,Precinct 3024,Secretary of State,,REP,Alvin A (Al) Jaeger,232
Burleigh,Precinct 3024,Tax Commissioner,,DEM,Brent Edison,248
Burleigh,Precinct 3024,Tax Commissioner,,REP,Cory Fong,222
Burleigh,Precinct 3024,U.S. House,1,DEM,Earl Pomeroy,278
Burleigh,Precinct 3024,U.S. House,1,REP,Matt Mechtel,215
Burleigh,Precinct 3024,U.S. Senate,,DEM,Kent Conrad,282
Burleigh,Precinct 3024,U.S. Senate,,REP,Dwight Grotberg,220
Burleigh,Precinct 3025,Agriculture Commissioner,,DEM,Roger Johnson,214
Burleigh,Precinct 3025,Agriculture Commissioner,,REP,Doug Goehring,345
Burleigh,Precinct 3025,Attorney General,,DEM,Bill Brudvik,193
Burleigh,Precinct 3025,Attorney General,,REP,Wayne Stenehjem,352
Burleigh,Precinct 3025,C 1: This constitutional measure would amend section 16 of Article XI of the North Dakota Constitution,,,No,129
Burleigh,Precinct 3025,C 1: This constitutional measure would amend section 16 of Article XI of the North Dakota Constitution,,,Yes,486
Burleigh,Precinct 3025,C 2: This constitutional measure would amend certain sections and repeal other sections of Article XII of the North Dakota Constitution,,,No,112
Burleigh,Precinct 3025,C 2: This constitutional measure would amend certain sections and repeal other sections of Article XII of the North Dakota Constitution,,,Yes,485
Burleigh,Precinct 3025,Justice of the Supreme Court,,NON,Dale Sandstrom,521
Burleigh,Precinct 3025,Public Service Commissioner,,DEM,Cheryl Bergian,205
Burleigh,Precinct 3025,Public Service Commissioner,,REP,Tony Clark,346
Burleigh,Precinct 3025,Secretary of State,,DEM,Kristin Hedger,203
Burleigh,Precinct 3025,Secretary of State,,REP,Alvin A (Al) Jaeger,345
Burleigh,Precinct 3025,Tax Commissioner,,DEM,Brent Edison,202
Burleigh,Precinct 3025,Tax Commissioner,,REP,Cory Fong,344
Burleigh,Precinct 3025,U.S. House,1,DEM,Earl Pomeroy,226
Burleigh,Precinct 3025,U.S. House,1,REP,Matt Mechtel,327
Burleigh,Precinct 3025,U.S. Senate,,DEM,Kent Conrad,235
Burleigh,Precinct 3025,U.S. Senate,,REP,Dwight Grotberg,329
Burleigh,Precinct 3231,Agriculture Commissioner,,DEM,Roger Johnson,129
Burleigh,Precinct 3231,Agriculture Commissioner,,REP,Doug Goehring,69
Burleigh,Precinct 3231,Attorney General,,DEM,Bill Brudvik,120
Burleigh,Precinct 3231,Attorney General,,REP,Wayne Stenehjem,71
Burleigh,Precinct 3231,C 1: This constitutional measure would amend section 16 of Article XI of the North Dakota Constitution,,,No,80
Burleigh,Precinct 3231,C 1: This constitutional measure would amend section 16 of Article XI of the North Dakota Constitution,,,Yes,127
Burleigh,Precinct 3231,C 2: This constitutional measure would amend certain sections and repeal other sections of Article XII of the North Dakota Constitution,,,No,86
Burleigh,Precinct 3231,C 2: This constitutional measure would amend certain sections and repeal other sections of Article XII of the North Dakota Constitution,,,Yes,120
Burleigh,Precinct 3231,Justice of the Supreme Court,,NON,Dale Sandstrom,179
Burleigh,Precinct 3231,Public Service Commissioner,,DEM,Cheryl Bergian,123
Burleigh,Precinct 3231,Public Service Commissioner,,REP,Tony Clark,70
Burleigh,Precinct 3231,Secretary of State,,DEM,Kristin Hedger,122
Burleigh,Precinct 3231,Secretary of State,,REP,Alvin A (Al) Jaeger,70
Burleigh,Precinct 3231,Tax Commissioner,,DEM,Brent Edison,125
Burleigh,Precinct 3231,Tax Commissioner,,REP,Cory Fong,68
Burleigh,Precinct 3231,U.S. House,1,DEM,Earl Pomeroy,129
Burleigh,Precinct 3231,U.S. House,1,REP,Matt Mechtel,69
Burleigh,Precinct 3231,U.S. Senate,,DEM,Kent Conrad,131
Burleigh,Precinct 3231,U.S. Senate,,REP,Dwight Grotberg,72
Burleigh,Precinct 3233,Agriculture Commissioner,,DEM,Roger Johnson,125
Burleigh,Precinct 3233,Agriculture Commissioner,,REP,Doug Goehring,107
Burleigh,Precinct 3233,Attorney General,,DEM,Bill Brudvik,118
Burleigh,Precinct 3233,Attorney General,,REP,Wayne Stenehjem,114
Burleigh,Precinct 3233,C 1: This constitutional measure would amend section 16 of Article XI of the North Dakota Constitution,,,No,90
Burleigh,Precinct 3233,C 1: This constitutional measure would amend section 16 of Article XI of the North Dakota Constitution,,,Yes,159
Burleigh,Precinct 3233,C 2: This constitutional measure would amend certain sections and repeal other sections of Article XII of the North Dakota Constitution,,,No,82
Burleigh,Precinct 3233,C 2: This constitutional measure would amend certain sections and repeal other sections of Article XII of the North Dakota Constitution,,,Yes,158
Burleigh,Precinct 3233,Justice of the Supreme Court,,NON,Dale Sandstrom,218
Burleigh,Precinct 3233,Public Service Commissioner,,DEM,Cheryl Bergian,117
Burleigh,Precinct 3233,Public Service Commissioner,,REP,Tony Clark,104
Burleigh,Precinct 3233,Secretary of State,,DEM,Kristin Hedger,120
Burleigh,Precinct 3233,Secretary of State,,REP,Alvin A (Al) Jaeger,110
Burleigh,Precinct 3233,Tax Commissioner,,DEM,Brent Edison,119
Burleigh,Precinct 3233,Tax Commissioner,,REP,Cory Fong,104
Burleigh,Precinct 3233,U.S. House,1,DEM,Earl Pomeroy,130
Burleigh,Precinct 3233,U.S. House,1,REP,Matt Mechtel,103
Burleigh,Precinct 3233,U.S. Senate,,DEM,Kent Conrad,133
Burleigh,Precinct 3233,U.S. Senate,,REP,Dwight Grotberg,104
Burleigh,Precinct 3234,Agriculture Commissioner,,DEM,Roger Johnson,65
Burleigh,Precinct 3234,Agriculture Commissioner,,REP,Doug Goehring,58
Burleigh,Precinct 3234,Attorney General,,DEM,Bill Brudvik,56
Burleigh,Precinct 3234,Attorney General,,REP,Wayne Stenehjem,56
Burleigh,Precinct 3234,C 1: This constitutional measure would amend section 16 of Article XI of the North Dakota Constitution,,,No,53
Burleigh,Precinct 3234,C 1: This constitutional measure would amend section 16 of Article XI of the North Dakota Constitution,,,Yes,74
Burleigh,Precinct 3234,C 2: This constitutional measure would amend certain sections and repeal other sections of Article XII of the North Dakota Constitution,,,No,48
Burleigh,Precinct 3234,C 2: This constitutional measure would amend certain sections and repeal other sections of Article XII of the North Dakota Constitution,,,Yes,77
Burleigh,Precinct 3234,Justice of the Supreme Court,,NON,Dale Sandstrom,108
Burleigh,Precinct 3234,Public Service Commissioner,,DEM,Cheryl Bergian,57
Burleigh,Precinct 3234,Public Service Commissioner,,REP,Tony Clark,55
Burleigh,Precinct 3234,Secretary of State,,DEM,Kristin Hedger,59
Burleigh,Precinct 3234,Secretary of State,,REP,Alvin A (Al) Jaeger,57
Burleigh,Precinct 3234,Tax Commissioner,,DEM,Brent Edison,60
Burleigh,Precinct 3234,Tax Commissioner,,REP,Cory Fong,58
Burleigh,Precinct 3234,U.S. House,1,DEM,Earl Pomeroy,65
Burleigh,Precinct 3234,U.S. House,1,REP,Matt Mechtel,58
Burleigh,Precinct 3234,U.S. Senate,,DEM,Kent Conrad,66
Burleigh,Precinct 3234,U.S. Senate,,REP,Dwight Grotberg,59
Burleigh,Precinct 3236,Agriculture Commissioner,,DEM,Roger Johnson,153
Burleigh,Precinct 3236,Agriculture Commissioner,,REP,Doug Goehring,170
Burleigh,Precinct 3236,Attorney General,,DEM,Bill Brudvik,138
Burleigh,Precinct 3236,Attorney General,,REP,Wayne Stenehjem,171
Burleigh,Precinct 3236,C 1: This constitutional measure would amend section 16 of Article XI of the North Dakota Constitution,,,No,79
Burleigh,Precinct 3236,C 1: This constitutional measure would amend section 16 of Article XI of the North Dakota Constitution,,,Yes,249
Burleigh,Precinct 3236,C 2: This constitutional measure would amend certain sections and repeal other sections of Article XII of the North Dakota Constitution,,,No,88
Burleigh,Precinct 3236,C 2: This constitutional measure would amend certain sections and repeal other sections of Article XII of the North Dakota Constitution,,,Yes,238
Burleigh,Precinct 3236,Justice of the Supreme Court,,NON,Dale Sandstrom,291
Burleigh,Precinct 3236,Public Service Commissioner,,DEM,Cheryl Bergian,139
Burleigh,Precinct 3236,Public Service Commissioner,,REP,Tony Clark,167
Burleigh,Precinct 3236,Secretary of State,,DEM,Kristin Hedger,141
Burleigh,Precinct 3236,Secretary of State,,REP,Alvin A (Al) Jaeger,168
Burleigh,Precinct 3236,Tax Commissioner,,DEM,Brent Edison,142
Burleigh,Precinct 3236,Tax Commissioner,,REP,Cory Fong,170
Burleigh,Precinct 3236,U.S. House,1,DEM,Earl Pomeroy,153
Burleigh,Precinct 3236,U.S. House,1,REP,Matt Mechtel,159
Burleigh,Precinct 3236,U.S. Senate,,DEM,Kent Conrad,155
Burleigh,Precinct 3236,U.S. Senate,,REP,Dwight Grotberg,164
Burleigh,Precinct 3237,Agriculture Commissioner,,DEM,Roger Johnson,267
Burleigh,Precinct 3237,Agriculture Commissioner,,REP,Doug Goehring,254
Burleigh,Precinct 3237,Attorney General,,DEM,Bill Brudvik,246
Burleigh,Precinct 3237,Attorney General,,REP,Wayne Stenehjem,256
Burleigh,Precinct 3237,C 1: This constitutional measure would amend section 16 of Article XI of the North Dakota Constitution,,,No,158
Burleigh,Precinct 3237,C 1: This constitutional measure would amend section 16 of Article XI of the North Dakota Constitution,,,Yes,420
Burleigh,Precinct 3237,C 2: This constitutional measure would amend certain sections and repeal other sections of Article XII of the North Dakota Constitution,,,No,127
Burleigh,Precinct 3237,C 2: This constitutional measure would amend certain sections and repeal other sections of Article XII of the North Dakota Constitution,,,Yes,444
Burleigh,Precinct 3237,Justice of the Supreme Court,,NON,Dale Sandstrom,494
Burleigh,Precinct 3237,Public Service Commissioner,,DEM,Cheryl Bergian,249
Burleigh,Precinct 3237,Public Service Commissioner,,REP,Tony Clark,248
Burleigh,Precinct 3237,Secretary of State,,DEM,Kristin Hedger,253
Burleigh,Precinct 3237,Secretary of State,,REP,Alvin A (Al) Jaeger,251
Burleigh,Precinct 3237,Tax Commissioner,,DEM,Brent Edison,248
Burleigh,Precinct 3237,Tax Commissioner,,REP,Cory Fong,248
Burleigh,Precinct 3237,U.S. House,1,DEM,Earl Pomeroy,280
Burleigh,Precinct 3237,U.S. House,1,REP,Matt Mechtel,245
Burleigh,Precinct 3237,U.S. Senate,,DEM,Kent Conrad,282
Burleigh,Precinct 3237,U.S. Senate,,REP,Dwight Grotberg,245
Burleigh,Precinct 3238,Agriculture Commissioner,,DEM,Roger Johnson,202
Burleigh,Precinct 3238,Agriculture Commissioner,,REP,Doug Goehring,177
Burleigh,Precinct 3238,Attorney General,,DEM,Bill Brudvik,186
Burleigh,Precinct 3238,Attorney General,,REP,Wayne Stenehjem,186
Burleigh,Precinct 3238,C 1: This constitutional measure would amend section 16 of Article XI of the North Dakota Constitution,,,No,114
Burleigh,Precinct 3238,C 1: This constitutional measure would amend section 16 of Article XI of the North Dakota Constitution,,,Yes,322
Burleigh,Precinct 3238,C 2: This constitutional measure would amend certain sections and repeal other sections of Article XII of the North Dakota Constitution,,,No,119
Burleigh,Precinct 3238,C 2: This constitutional measure would amend certain sections and repeal other sections of Article XII of the North Dakota Constitution,,,Yes,307
Burleigh,Precinct 3238,Justice of the Supreme Court,,NON,Dale Sandstrom,365
Burleigh,Precinct 3238,Public Service Commissioner,,DEM,Cheryl Bergian,186
Burleigh,Precinct 3238,Public Service Commissioner,,REP,Tony Clark,179
Burleigh,Precinct 3238,Secretary of State,,DEM,Kristin Hedger,187
Burleigh,Precinct 3238,Secretary of State,,REP,Alvin A (Al) Jaeger,180
Burleigh,Precinct 3238,Tax Commissioner,,DEM,Brent Edison,186
Burleigh,Precinct 3238,Tax Commissioner,,REP,Cory Fong,180
Burleigh,Precinct 3238,U.S. House,1,DEM,Earl Pomeroy,211
Burleigh,Precinct 3238,U.S. House,1,REP,Matt Mechtel,175
Burleigh,Precinct 3238,U.S. Senate,,DEM,Kent Conrad,215
Burleigh,Precinct 3238,U.S. Senate,,REP,Dwight Grotberg,178
Burleigh,Precinct 3239,Agriculture Commissioner,,DEM,Roger Johnson,157
Burleigh,Precinct 3239,Agriculture Commissioner,,REP,Doug Goehring,154
Burleigh,Precinct 3239,Attorney General,,DEM,Bill Brudvik,141
Burleigh,Precinct 3239,Attorney General,,REP,Wayne Stenehjem,151
Burleigh,Precinct 3239,C 1: This constitutional measure would amend section 16 of Article XI of the North Dakota Constitution,,,No,83
Burleigh,Precinct 3239,C 1: This constitutional measure would amend section 16 of Article XI of the North Dakota Constitution,,,Yes,262
Burleigh,Precinct 3239,C 2: This constitutional measure would amend certain sections and repeal other sections of Article XII of the North Dakota Constitution,,,No,72
Burleigh,Precinct 3239,C 2: This constitutional measure would amend certain sections and repeal other sections of Article XII of the North Dakota Constitution,,,Yes,260
Burleigh,Precinct 3239,Justice of the Supreme Court,,NON,Dale Sandstrom,285
Burleigh,Precinct 3239,Public Service Commissioner,,DEM,Cheryl Bergian,143
Burleigh,Precinct 3239,Public Service Commissioner,,REP,Tony Clark,150
Burleigh,Precinct 3239,Secretary of State,,DEM,Kristin Hedger,142
Burleigh,Precinct 3239,Secretary of State,,REP,Alvin A (Al) Jaeger,151
Burleigh,Precinct 3239,Tax Commissioner,,DEM,Brent Edison,142
Burleigh,Precinct 3239,Tax Commissioner,,REP,Cory Fong,151
Burleigh,Precinct 3239,U.S. House,1,DEM,Earl Pomeroy,166
Burleigh,Precinct 3239,U.S. House,1,REP,Matt Mechtel,146
Burleigh,Precinct 3239,U.S. Senate,,DEM,Kent Conrad,172
Burleigh,Precinct 3239,U.S. Senate,,REP,Dwight Grotberg,147
Burleigh,Precinct 3551,Agriculture Commissioner,,DEM,Roger Johnson,180
Burleigh,Precinct 3551,Agriculture Commissioner,,REP,Doug Goehring,281
Burleigh,Precinct 3551,Attorney General,,DEM,Bill Brudvik,161
Burleigh,Precinct 3551,Attorney General,,REP,Wayne Stenehjem,304
Burleigh,Precinct 3551,C 1: This constitutional measure would amend section 16 of Article XI of the North Dakota Constitution,,,No,118
Burleigh,Precinct 3551,C 1: This constitutional measure would amend section 16 of Article XI of the North Dakota Constitution,,,Yes,412
Burleigh,Precinct 3551,C 2: This constitutional measure would amend certain sections and repeal other sections of Article XII of the North Dakota Constitution,,,No,103
Burleigh,Precinct 3551,C 2: This constitutional measure would amend certain sections and repeal other sections of Article XII of the North Dakota Constitution,,,Yes,403
Burleigh,Precinct 3551,Justice of the Supreme Court,,NON,Dale Sandstrom,448
Burleigh,Precinct 3551,Public Service Commissioner,,DEM,Cheryl Bergian,164
Burleigh,Precinct 3551,Public Service Commissioner,,REP,Tony Clark,287
Burleigh,Precinct 3551,Secretary of State,,DEM,Kristin Hedger,164
Burleigh,Precinct 3551,Secretary of State,,REP,Alvin A (Al) Jaeger,300
Burleigh,Precinct 3551,State House Legislative,35,DEM,Michael Frohlich,161
Burleigh,Precinct 3551,State House Legislative,35,DEM,Ryan Gustafson,158
Burleigh,Precinct 3551,State House Legislative,35,REP,Bob Martinson,273
Burleigh,Precinct 3551,State House Legislative,35,REP,Karen Karls,197
Burleigh,Precinct 3551,State House Legislative,35,REP,Michael Zimny,109
Burleigh,Precinct 3551,State Senate Legislative District 35,,DEM,Tracy Potter,180
Burleigh,Precinct 3551,State Senate Legislative District 35,,REP,Margaret Sitte,268
Burleigh,Precinct 3551,Tax Commissioner,,DEM,Brent Edison,176
Burleigh,Precinct 3551,Tax Commissioner,,REP,Cory Fong,291
Burleigh,Precinct 3551,U.S. House,1,DEM,Earl Pomeroy,195
Burleigh,Precinct 3551,U.S. House,1,REP,Matt Mechtel,270
Burleigh,Precinct 3551,U.S. Senate,,DEM,Kent Conrad,198
Burleigh,Precinct 3551,U.S. Senate,,REP,Dwight Grotberg,273
Burleigh,Precinct 3552,Agriculture Commissioner,,DEM,Roger Johnson,205
Burleigh,Precinct 3552,Agriculture Commissioner,,REP,Doug Goehring,278
Burleigh,Precinct 3552,Attorney General,,DEM,Bill Brudvik,177
Burleigh,Precinct 3552,Attorney General,,REP,Wayne Stenehjem,293
Burleigh,Precinct 3552,C 1: This constitutional measure would amend section 16 of Article XI of the North Dakota Constitution,,,No,145
Burleigh,Precinct 3552,C 1: This constitutional measure would amend section 16 of Article XI of the North Dakota Constitution,,,Yes,420
Burleigh,Precinct 3552,C 2: This constitutional measure would amend certain sections and repeal other sections of Article XII of the North Dakota Constitution,,,No,143
Burleigh,Precinct 3552,C 2: This constitutional measure would amend certain sections and repeal other sections of Article XII of the North Dakota Constitution,,,Yes,409
Burleigh,Precinct 3552,Justice of the Supreme Court,,NON,Dale Sandstrom,472
Burleigh,Precinct 3552,Public Service Commissioner,,DEM,Cheryl Bergian,183
Burleigh,Precinct 3552,Public Service Commissioner,,REP,Tony Clark,285
Burleigh,Precinct 3552,Secretary of State,,DEM,Kristin Hedger,186
Burleigh,Precinct 3552,Secretary of State,,REP,Alvin A (Al) Jaeger,287
Burleigh,Precinct 3552,State House Legislative,35,DEM,Michael Frohlich,185
Burleigh,Precinct 3552,State House Legislative,35,DEM,Ryan Gustafson,187
Burleigh,Precinct 3552,State House Legislative,35,REP,Bob Martinson,250
Burleigh,Precinct 3552,State House Legislative,35,REP,Karen Karls,197
Burleigh,Precinct 3552,State House Legislative,35,REP,Michael Zimny,127
Burleigh,Precinct 3552,State Senate Legislative District 35,,DEM,Tracy Potter,216
Burleigh,Precinct 3552,State Senate Legislative District 35,,REP,Margaret Sitte,283
Burleigh,Precinct 3552,Tax Commissioner,,DEM,Brent Edison,185
Burleigh,Precinct 3552,Tax Commissioner,,REP,Cory Fong,288
Burleigh,Precinct 3552,U.S. House,1,DEM,Earl Pomeroy,229
Burleigh,Precinct 3552,U.S. House,1,REP,Matt Mechtel,274
Burleigh,Precinct 3552,U.S. Senate,,DEM,Kent Conrad,233
Burleigh,Precinct 3552,U.S. Senate,,REP,Dwight Grotberg,274
Burleigh,Precinct 3553,Agriculture Commissioner,,DEM,Roger Johnson,223
Burleigh,Precinct 3553,Agriculture Commissioner,,REP,Doug Goehring,318
Burleigh,Precinct 3553,Attorney General,,DEM,Bill Brudvik,212
Burleigh,Precinct 3553,Attorney General,,REP,Wayne Stenehjem,328
Burleigh,Precinct 3553,C 1: This constitutional measure would amend section 16 of Article XI of the North Dakota Constitution,,,No,149
Burleigh,Precinct 3553,C 1: This constitutional measure would amend section 16 of Article XI of the North Dakota Constitution,,,Yes,453
Burleigh,Precinct 3553,C 2: This constitutional measure would amend certain sections and repeal other sections of Article XII of the North Dakota Constitution,,,No,148
Burleigh,Precinct 3553,C 2: This constitutional measure would amend certain sections and repeal other sections of Article XII of the North Dakota Constitution,,,Yes,445
Burleigh,Precinct 3553,Justice of the Supreme Court,,NON,Dale Sandstrom,518
Burleigh,Precinct 3553,Public Service Commissioner,,DEM,Cheryl Bergian,214
Burleigh,Precinct 3553,Public Service Commissioner,,REP,Tony Clark,312
Burleigh,Precinct 3553,Secretary of State,,DEM,Kristin Hedger,213
Burleigh,Precinct 3553,Secretary of State,,REP,Alvin A (Al) Jaeger,325
Burleigh,Precinct 3553,State House Legislative,35,DEM,Michael Frohlich,201
Burleigh,Precinct 3553,State House Legislative,35,DEM,Ryan Gustafson,201
Burleigh,Precinct 3553,State House Legislative,35,REP,Bob Martinson,279
Burleigh,Precinct 3553,State House Legislative,35,REP,Karen Karls,232
Burleigh,Precinct 3553,State House Legislative,35,REP,Michael Zimny,106
Burleigh,Precinct 3553,State Senate Legislative District 35,,DEM,Tracy Potter,224
Burleigh,Precinct 3553,State Senate Legislative District 35,,REP,Margaret Sitte,312
Burleigh,Precinct 3553,Tax Commissioner,,DEM,Brent Edison,214
Burleigh,Precinct 3553,Tax Commissioner,,REP,Cory Fong,316
Burleigh,Precinct 3553,U.S. House,1,DEM,Earl Pomeroy,245
Burleigh,Precinct 3553,U.S. House,1,REP,Matt Mechtel,317
Burleigh,Precinct 3553,U.S. Senate,,DEM,Kent Conrad,252
Burleigh,Precinct 3553,U.S. Senate,,REP,Dwight Grotberg,320
Burleigh,Precinct 3554,Agriculture Commissioner,,DEM,Roger Johnson,136
Burleigh,Precinct 3554,Agriculture Commissioner,,REP,Doug Goehring,138
Burleigh,Precinct 3554,Attorney General,,DEM,Bill Brudvik,117
Burleigh,Precinct 3554,Attorney General,,REP,Wayne Stenehjem,137
Burleigh,Precinct 3554,C 1: This constitutional measure would amend section 16 of Article XI of the North Dakota Constitution,,,No,75
Burleigh,Precinct 3554,C 1: This constitutional measure would amend section 16 of Article XI of the North Dakota Constitution,,,Yes,195
Burleigh,Precinct 3554,C 2: This constitutional measure would amend certain sections and repeal other sections of Article XII of the North Dakota Constitution,,,No,77
Burleigh,Precinct 3554,C 2: This constitutional measure would amend certain sections and repeal other sections of Article XII of the North Dakota Constitution,,,Yes,186
Burleigh,Precinct 3554,Justice of the Supreme Court,,NON,Dale Sandstrom,239
Burleigh,Precinct 3554,Public Service Commissioner,,DEM,Cheryl Bergian,114
Burleigh,Precinct 3554,Public Service Commissioner,,REP,Tony Clark,138
Burleigh,Precinct 3554,Secretary of State,,DEM,Kristin Hedger,119
Burleigh,Precinct 3554,Secretary of State,,REP,Alvin A (Al) Jaeger,136
Burleigh,Precinct 3554,State House Legislative,35,DEM,Michael Frohlich,113
Burleigh,Precinct 3554,State House Legislative,35,DEM,Ryan Gustafson,114
Burleigh,Precinct 3554,State House Legislative,35,REP,Bob Martinson,108
Burleigh,Precinct 3554,State House Legislative,35,REP,Karen Karls,92
Burleigh,Precinct 3554,State House Legislative,35,REP,Michael Zimny,56
Burleigh,Precinct 3554,State Senate Legislative District 35,,DEM,Tracy Potter,123
Burleigh,Precinct 3554,State Senate Legislative District 35,,REP,Margaret Sitte,136
Burleigh,Precinct 3554,Tax Commissioner,,DEM,Brent Edison,117
Burleigh,Precinct 3554,Tax Commissioner,,REP,Cory Fong,132
Burleigh,Precinct 3554,U.S. House,1,DEM,Earl Pomeroy,140
Burleigh,Precinct 3554,U.S. House,1,REP,Matt Mechtel,130
Burleigh,Precinct 3554,U.S. Senate,,DEM,Kent Conrad,141
Burleigh,Precinct 3554,U.S. Senate,,REP,Dwight Grotberg,131
Burleigh,Precinct 3555,Agriculture Commissioner,,DEM,Roger Johnson,171
Burleigh,Precinct 3555,Agriculture Commissioner,,REP,Doug Goehring,209
Burleigh,Precinct 3555,Attorney General,,DEM,Bill Brudvik,154
Burleigh,Precinct 3555,Attorney General,,REP,Wayne Stenehjem,213
Burleigh,Precinct 3555,C 1: This constitutional measure would amend section 16 of Article XI of the North Dakota Constitution,,,No,121
Burleigh,Precinct 3555,C 1: This constitutional measure would amend section 16 of Article XI of the North Dakota Constitution,,,Yes,323
Burleigh,Precinct 3555,C 2: This constitutional measure would amend certain sections and repeal other sections of Article XII of the North Dakota Constitution,,,No,106
Burleigh,Precinct 3555,C 2: This constitutional measure would amend certain sections and repeal other sections of Article XII of the North Dakota Constitution,,,Yes,327
Burleigh,Precinct 3555,Justice of the Supreme Court,,NON,Dale Sandstrom,388
Burleigh,Precinct 3555,Public Service Commissioner,,DEM,Cheryl Bergian,156
Burleigh,Precinct 3555,Public Service Commissioner,,REP,Tony Clark,209
Burleigh,Precinct 3555,Secretary of State,,DEM,Kristin Hedger,159
Burleigh,Precinct 3555,Secretary of State,,REP,Alvin A (Al) Jaeger,214
Burleigh,Precinct 3555,State House Legislative,35,DEM,Michael Frohlich,152
Burleigh,Precinct 3555,State House Legislative,35,DEM,Ryan Gustafson,147
Burleigh,Precinct 3555,State House Legislative,35,REP,Bob Martinson,187
Burleigh,Precinct 3555,State House Legislative,35,REP,Karen Karls,161
Burleigh,Precinct 3555,State House Legislative,35,REP,Michael Zimny,75
Burleigh,Precinct 3555,State Senate Legislative District 35,,DEM,Tracy Potter,166
Burleigh,Precinct 3555,State Senate Legislative District 35,,REP,Margaret Sitte,207
Burleigh,Precinct 3555,Tax Commissioner,,DEM,Brent Edison,158
Burleigh,Precinct 3555,Tax Commissioner,,REP,Cory Fong,210
Burleigh,Precinct 3555,U.S. House,1,DEM,Earl Pomeroy,175
Burleigh,Precinct 3555,U.S. House,1,REP,Matt Mechtel,207
Burleigh,Precinct 3555,U.S. Senate,,DEM,Kent Conrad,177
Burleigh,Precinct 3555,U.S. Senate,,REP,Dwight Grotberg,207
Burleigh,Precinct 3556,Agriculture Commissioner,,DEM,Roger Johnson,301
Burleigh,Precinct 3556,Agriculture Commissioner,,REP,Doug Goehring,234
Burleigh,Precinct 3556,Attorney General,,DEM,Bill Brudvik,275
Burleigh,Precinct 3556,Attorney General,,REP,Wayne Stenehjem,247
Burleigh,Precinct 3556,C 1: This constitutional measure would amend section 16 of Article XI of the North Dakota Constitution,,,No,123
Burleigh,Precinct 3556,C 1: This constitutional measure would amend section 16 of Article XI of the North Dakota Constitution,,,Yes,452
Burleigh,Precinct 3556,C 2: This constitutional measure would amend certain sections and repeal other sections of Article XII of the North Dakota Constitution,,,No,125
Burleigh,Precinct 3556,C 2: This constitutional measure would amend certain sections and repeal other sections of Article XII of the North Dakota Constitution,,,Yes,435
Burleigh,Precinct 3556,Justice of the Supreme Court,,NON,Dale Sandstrom,484
Burleigh,Precinct 3556,Public Service Commissioner,,DEM,Cheryl Bergian,277
Burleigh,Precinct 3556,Public Service Commissioner,,REP,Tony Clark,237
Burleigh,Precinct 3556,Secretary of State,,DEM,Kristin Hedger,281
Burleigh,Precinct 3556,Secretary of State,,REP,Alvin A (Al) Jaeger,240
Burleigh,Precinct 3556,State House Legislative,35,DEM,Michael Frohlich,258
Burleigh,Precinct 3556,State House Legislative,35,DEM,Ryan Gustafson,261
Burleigh,Precinct 3556,State House Legislative,35,REP,Bob Martinson,204
Burleigh,Precinct 3556,State House Legislative,35,REP,Karen Karls,173
Burleigh,Precinct 3556,State House Legislative,35,REP,Michael Zimny,89
Burleigh,Precinct 3556,State Senate Legislative District 35,,DEM,Tracy Potter,288
Burleigh,Precinct 3556,State Senate Legislative District 35,,REP,Margaret Sitte,222
Burleigh,Precinct 3556,Tax Commissioner,,DEM,Brent Edison,285
Burleigh,Precinct 3556,Tax Commissioner,,REP,Cory Fong,239
Burleigh,Precinct 3556,U.S. House,1,DEM,Earl Pomeroy,304
Burleigh,Precinct 3556,U.S. House,1,REP,Matt Mechtel,221
Burleigh,Precinct 3556,U.S. Senate,,DEM,Kent Conrad,313
Burleigh,Precinct 3556,U.S. Senate,,REP,Dwight Grotberg,227
Burleigh,Precinct 4740,Agriculture Commissioner,,DEM,Roger Johnson,144
Burleigh,Precinct 4740,Agriculture Commissioner,,REP,Doug Goehring,188
Burleigh,Precinct 4740,Attorney General,,DEM,Bill Brudvik,132
Burleigh,Precinct 4740,Attorney General,,REP,Wayne Stenehjem,191
Burleigh,Precinct 4740,C 1: This constitutional measure would amend section 16 of Article XI of the North Dakota Constitution,,,No,96
Burleigh,Precinct 4740,C 1: This constitutional measure would amend section 16 of Article XI of the North Dakota Constitution,,,Yes,277
Burleigh,Precinct 4740,C 2: This constitutional measure would amend certain sections and repeal other sections of Article XII of the North Dakota Constitution,,,No,88
Burleigh,Precinct 4740,C 2: This constitutional measure would amend certain sections and repeal other sections of Article XII of the North Dakota Constitution,,,Yes,276
Burleigh,Precinct 4740,Justice of the Supreme Court,,NON,Dale Sandstrom,317
Burleigh,Precinct 4740,Public Service Commissioner,,DEM,Cheryl Bergian,135
Burleigh,Precinct 4740,Public Service Commissioner,,REP,Tony Clark,184
Burleigh,Precinct 4740,Secretary of State,,DEM,Kristin Hedger,134
Burleigh,Precinct 4740,Secretary of State,,REP,Alvin A (Al) Jaeger,189
Burleigh,Precinct 4740,State House Legislative,47,DEM,Kameran Ali,116
Burleigh,Precinct 4740,State House Legislative,47,DEM,Paul R Wilkins II,126
Burleigh,Precinct 4740,State House Legislative,47,REP,George J Keiser,177
Burleigh,Precinct 4740,State House Legislative,47,REP,Lawrence R Klemin,163
Burleigh,Precinct 4740,State Senate Legislative District 47,,DEM,James Collins Jr,139
Burleigh,Precinct 4740,State Senate Legislative District 47,,REP,Ralph L Kilzer,183
Burleigh,Precinct 4740,Tax Commissioner,,DEM,Brent Edison,140
Burleigh,Precinct 4740,Tax Commissioner,,REP,Cory Fong,187
Burleigh,Precinct 4740,U.S. House,1,DEM,Earl Pomeroy,156
Burleigh,Precinct 4740,U.S. House,1,REP,Matt Mechtel,174
Burleigh,Precinct 4740,U.S. Senate,,DEM,Kent Conrad,157
Burleigh,Precinct 4740,U.S. Senate,,REP,Dwight Grotberg,178
Burleigh,Precinct 4741,Agriculture Commissioner,,DEM,Roger Johnson,262
Burleigh,Precinct 4741,Agriculture Commissioner,,REP,Doug Goehring,469
Burleigh,Precinct 4741,Attorney General,,DEM,Bill Brudvik,225
Burleigh,Precinct 4741,Attorney General,,REP,Wayne Stenehjem,481
Burleigh,Precinct 4741,C 1: This constitutional measure would amend section 16 of Article XI of the North Dakota Constitution,,,No,161
Burleigh,Precinct 4741,C 1: This constitutional measure would amend section 16 of Article XI of the North Dakota Constitution,,,Yes,649
Burleigh,Precinct 4741,C 2: This constitutional measure would amend certain sections and repeal other sections of Article XII of the North Dakota Constitution,,,No,139
Burleigh,Precinct 4741,C 2: This constitutional measure would amend certain sections and repeal other sections of Article XII of the North Dakota Constitution,,,Yes,653
Burleigh,Precinct 4741,Justice of the Supreme Court,,NON,Dale Sandstrom,687
Burleigh,Precinct 4741,Public Service Commissioner,,DEM,Cheryl Bergian,232
Burleigh,Precinct 4741,Public Service Commissioner,,REP,Tony Clark,466
Burleigh,Precinct 4741,Secretary of State,,DEM,Kristin Hedger,232
Burleigh,Precinct 4741,Secretary of State,,REP,Alvin A (Al) Jaeger,479
Burleigh,Precinct 4741,State House Legislative,47,DEM,Kameran Ali,208
Burleigh,Precinct 4741,State House Legislative,47,DEM,Paul R Wilkins II,226
Burleigh,Precinct 4741,State House Legislative,47,REP,George J Keiser,448
Burleigh,Precinct 4741,State House Legislative,47,REP,Lawrence R Klemin,429
Burleigh,Precinct 4741,State Senate Legislative District 47,,DEM,James Collins Jr,236
Burleigh,Precinct 4741,State Senate Legislative District 47,,REP,Ralph L Kilzer,458
Burleigh,Precinct 4741,Tax Commissioner,,DEM,Brent Edison,240
Burleigh,Precinct 4741,Tax Commissioner,,REP,Cory Fong,470
Burleigh,Precinct 4741,U.S. House,1,DEM,Earl Pomeroy,277
Burleigh,Precinct 4741,U.S. House,1,REP,Matt Mechtel,441
Burleigh,Precinct 4741,U.S. Senate,,DEM,Kent Conrad,280
Burleigh,Precinct 4741,U.S. Senate,,REP,Dwight Grotberg,451
Burleigh,Precinct 4742,Agriculture Commissioner,,DEM,Roger Johnson,201
Burleigh,Precinct 4742,Agriculture Commissioner,,REP,Doug Goehring,191
Burleigh,Precinct 4742,Attorney General,,DEM,Bill Brudvik,175
Burleigh,Precinct 4742,Attorney General,,REP,Wayne Stenehjem,194
Burleigh,Precinct 4742,C 1: This constitutional measure would amend section 16 of Article XI of the North Dakota Constitution,,,No,114
Burleigh,Precinct 4742,C 1: This constitutional measure would amend section 16 of Article XI of the North Dakota Constitution,,,Yes,330
Burleigh,Precinct 4742,C 2: This constitutional measure would amend certain sections and repeal other sections of Article XII of the North Dakota Constitution,,,No,105
Burleigh,Precinct 4742,C 2: This constitutional measure would amend certain sections and repeal other sections of Article XII of the North Dakota Constitution,,,Yes,322
Burleigh,Precinct 4742,Justice of the Supreme Court,,NON,Dale Sandstrom,360
Burleigh,Precinct 4742,Public Service Commissioner,,DEM,Cheryl Bergian,178
Burleigh,Precinct 4742,Public Service Commissioner,,REP,Tony Clark,189
Burleigh,Precinct 4742,Secretary of State,,DEM,Kristin Hedger,180
Burleigh,Precinct 4742,Secretary of State,,REP,Alvin A (Al) Jaeger,195
Burleigh,Precinct 4742,State House Legislative,47,DEM,Kameran Ali,151
Burleigh,Precinct 4742,State House Legislative,47,DEM,Paul R Wilkins II,166
Burleigh,Precinct 4742,State House Legislative,47,REP,George J Keiser,177
Burleigh,Precinct 4742,State House Legislative,47,REP,Lawrence R Klemin,164
Burleigh,Precinct 4742,State Senate Legislative District 47,,DEM,James Collins Jr,178
Burleigh,Precinct 4742,State Senate Legislative District 47,,REP,Ralph L Kilzer,183
Burleigh,Precinct 4742,Tax Commissioner,,DEM,Brent Edison,182
Burleigh,Precinct 4742,Tax Commissioner,,REP,Cory Fong,190
Burleigh,Precinct 4742,U.S. House,1,DEM,Earl Pomeroy,204
Burleigh,Precinct 4742,U.S. House,1,REP,Matt Mechtel,178
Burleigh,Precinct 4742,U.S. Senate,,DEM,Kent Conrad,211
Burleigh,Precinct 4742,U.S. Senate,,REP,Dwight Grotberg,176
Burleigh,Precinct 4745,Agriculture Commissioner,,DEM,Roger Johnson,224
Burleigh,Precinct 4745,Agriculture Commissioner,,REP,Doug Goehring,331
Burleigh,Precinct 4745,Attorney General,,DEM,Bill Brudvik,195
Burleigh,Precinct 4745,Attorney General,,REP,Wayne Stenehjem,347
Burleigh,Precinct 4745,C 1: This constitutional measure would amend section 16 of Article XI of the North Dakota Constitution,,,No,131
Burleigh,Precinct 4745,C 1: This constitutional measure would amend section 16 of Article XI of the North Dakota Constitution,,,Yes,501
Burleigh,Precinct 4745,C 2: This constitutional measure would amend certain sections and repeal other sections of Article XII of the North Dakota Constitution,,,No,127
Burleigh,Precinct 4745,C 2: This constitutional measure would amend certain sections and repeal other sections of Article XII of the North Dakota Constitution,,,Yes,491
Burleigh,Precinct 4745,Justice of the Supreme Court,,NON,Dale Sandstrom,547
Burleigh,Precinct 4745,Public Service Commissioner,,DEM,Cheryl Bergian,200
Burleigh,Precinct 4745,Public Service Commissioner,,REP,Tony Clark,335
Burleigh,Precinct 4745,Secretary of State,,DEM,Kristin Hedger,201
Burleigh,Precinct 4745,Secretary of State,,REP,Alvin A (Al) Jaeger,336
Burleigh,Precinct 4745,State House Legislative,47,DEM,Kameran Ali,175
Burleigh,Precinct 4745,State House Legislative,47,DEM,Paul R Wilkins II,194
Burleigh,Precinct 4745,State House Legislative,47,REP,George J Keiser,317
Burleigh,Precinct 4745,State House Legislative,47,REP,Lawrence R Klemin,300
Burleigh,Precinct 4745,State Senate Legislative District 47,,DEM,James Collins Jr,203
Burleigh,Precinct 4745,State Senate Legislative District 47,,REP,Ralph L Kilzer,339
Burleigh,Precinct 4745,Tax Commissioner,,DEM,Brent Edison,209
Burleigh,Precinct 4745,Tax Commissioner,,REP,Cory Fong,341
Burleigh,Precinct 4745,U.S. House,1,DEM,Earl Pomeroy,237
Burleigh,Precinct 4745,U.S. House,1,REP,Matt Mechtel,318
Burleigh,Precinct 4745,U.S. Senate,,DEM,Kent Conrad,242
Burleigh,Precinct 4745,U.S. Senate,,REP,Dwight Grotberg,327
Burleigh,Precinct 4746,Agriculture Commissioner,,DEM,Roger Johnson,236
Burleigh,Precinct 4746,Agriculture Commissioner,,REP,Doug Goehring,283
Burleigh,Precinct 4746,Attorney General,,DEM,Bill Brudvik,202
Burleigh,Precinct 4746,Attorney General,,REP,Wayne Stenehjem,287
Burleigh,Precinct 4746,C 1: This constitutional measure would amend section 16 of Article XI of the North Dakota Constitution,,,No,161
Burleigh,Precinct 4746,C 1: This constitutional measure would amend section 16 of Article XI of the North Dakota Constitution,,,Yes,420
Burleigh,Precinct 4746,C 2: This constitutional measure would amend certain sections and repeal other sections of Article XII of the North Dakota Constitution,,,No,159
Burleigh,Precinct 4746,C 2: This constitutional measure would amend certain sections and repeal other sections of Article XII of the North Dakota Constitution,,,Yes,403
Burleigh,Precinct 4746,Justice of the Supreme Court,,NON,Dale Sandstrom,480
Burleigh,Precinct 4746,Public Service Commissioner,,DEM,Cheryl Bergian,211
Burleigh,Precinct 4746,Public Service Commissioner,,REP,Tony Clark,288
Burleigh,Precinct 4746,Secretary of State,,DEM,Kristin Hedger,216
Burleigh,Precinct 4746,Secretary of State,,REP,Alvin A (Al) Jaeger,286
Burleigh,Precinct 4746,State House Legislative,47,DEM,Kameran Ali,180
Burleigh,Precinct 4746,State House Legislative,47,DEM,Paul R Wilkins II,202
Burleigh,Precinct 4746,State House Legislative,47,REP,George J Keiser,257
Burleigh,Precinct 4746,State House Legislative,47,REP,Lawrence R Klemin,259
Burleigh,Precinct 4746,State Senate Legislative District 47,,DEM,James Collins Jr,218
Burleigh,Precinct 4746,State Senate Legislative District 47,,REP,Ralph L Kilzer,279
Burleigh,Precinct 4746,Tax Commissioner,,DEM,Brent Edison,220
Burleigh,Precinct 4746,Tax Commissioner,,REP,Cory Fong,290
Burleigh,Precinct 4746,U.S. House,1,DEM,Earl Pomeroy,252
Burleigh,Precinct 4746,U.S. House,1,REP,Matt Mechtel,273
Burleigh,Precinct 4746,U.S. Senate,,DEM,Kent Conrad,256
Burleigh,Precinct 4746,U.S. Senate,,REP,Dwight Grotberg,278
Burleigh,Precinct 4748,Agriculture Commissioner,,DEM,Roger Johnson,256
Burleigh,Precinct 4748,Agriculture Commissioner,,REP,Doug Goehring,461
Burleigh,Precinct 4748,Attorney General,,DEM,Bill Brudvik,231
Burleigh,Precinct 4748,Attorney General,,REP,Wayne Stenehjem,476
Burleigh,Precinct 4748,C 1: This constitutional measure would amend section 16 of Article XI of the North Dakota Constitution,,,No,204
Burleigh,Precinct 4748,C 1: This constitutional measure would amend section 16 of Article XI of the North Dakota Constitution,,,Yes,636
Burleigh,Precinct 4748,C 2: This constitutional measure would amend certain sections and repeal other sections of Article XII of the North Dakota Constitution,,,No,179
Burleigh,Precinct 4748,C 2: This constitutional measure would amend certain sections and repeal other sections of Article XII of the North Dakota Constitution,,,Yes,637
Burleigh,Precinct 4748,Justice of the Supreme Court,,NON,Dale Sandstrom,690
Burleigh,Precinct 4748,Public Service Commissioner,,DEM,Cheryl Bergian,236
Burleigh,Precinct 4748,Public Service Commissioner,,REP,Tony Clark,466
Burleigh,Precinct 4748,Secretary of State,,DEM,Kristin Hedger,236
Burleigh,Precinct 4748,Secretary of State,,REP,Alvin A (Al) Jaeger,471
Burleigh,Precinct 4748,State House Legislative,47,DEM,Kameran Ali,214
Burleigh,Precinct 4748,State House Legislative,47,DEM,Paul R Wilkins II,218
Burleigh,Precinct 4748,State House Legislative,47,REP,George J Keiser,431
Burleigh,Precinct 4748,State House Legislative,47,REP,Lawrence R Klemin,439
Burleigh,Precinct 4748,State Senate Legislative District 47,,DEM,James Collins Jr,241
Burleigh,Precinct 4748,State Senate Legislative District 47,,REP,Ralph L Kilzer,461
Burleigh,Precinct 4748,Tax Commissioner,,DEM,Brent Edison,238
Burleigh,Precinct 4748,Tax Commissioner,,REP,Cory Fong,471
Burleigh,Precinct 4748,U.S. House,1,DEM,Earl Pomeroy,274
Burleigh,Precinct 4748,U.S. House,1,REP,Matt Mechtel,449
Burleigh,Precinct 4748,U.S. Senate,,DEM,Kent Conrad,276
Burleigh,Precinct 4748,U.S. Senate,,REP,Dwight Grotberg,453
Cass,Precinct 1101,Agriculture Commissioner,,DEM,Roger Johnson,440
Cass,Precinct 1101,Agriculture Commissioner,,REP,Doug Goehring,321
Cass,Precinct 1101,Attorney General,,DEM,Bill Brudvik,425
Cass,Precinct 1101,Attorney General,,REP,Wayne Stenehjem,326
Cass,Precinct 1101,C 1: This constitutional measure would amend section 16 of Article XI of the North Dakota Constitution,,,No,213
Cass,Precinct 1101,C 1: This constitutional measure would amend section 16 of Article XI of the North Dakota Constitution,,,Yes,608
Cass,Precinct 1101,C 2: This constitutional measure would amend certain sections and repeal other sections of Article XII of the North Dakota Constitution,,,No,126
Cass,Precinct 1101,C 2: This constitutional measure would amend certain sections and repeal other sections of Article XII of the North Dakota Constitution,,,Yes,662
Cass,Precinct 1101,Justice of the Supreme Court,,NON,Dale Sandstrom,699
Cass,Precinct 1101,Public Service Commissioner,,DEM,Cheryl Bergian,430
Cass,Precinct 1101,Public Service Commissioner,,REP,Tony Clark,324
Cass,Precinct 1101,Secretary of State,,DEM,Kristin Hedger,428
Cass,Precinct 1101,Secretary of State,,REP,Alvin A (Al) Jaeger,329
Cass,Precinct 1101,State House Legislative,11,DEM,Mary Ekstrom,413
Cass,Precinct 1101,State House Legislative,11,DEM,Scot Kelsh,378
Cass,Precinct 1101,State House Legislative,11,REP,Kellie Aldrich,295
Cass,Precinct 1101,State House Legislative,11,REP,Zach Heuer,263
Cass,Precinct 1101,State Senate Legislative District 11,,DEM,Tim Mathern,458
Cass,Precinct 1101,State Senate Legislative District 11,,REP,Daniel Narloch,317
Cass,Precinct 1101,Tax Commissioner,,DEM,Brent Edison,427
Cass,Precinct 1101,Tax Commissioner,,REP,Cory Fong,322
Cass,Precinct 1101,U.S. House,1,DEM,Earl Pomeroy,488
Cass,Precinct 1101,U.S. House,1,REP,Matt Mechtel,316
Cass,Precinct 1101,U.S. Senate,,DEM,Kent Conrad,494
Cass,Precinct 1101,U.S. Senate,,REP,Dwight Grotberg,320
Cass,Precinct 1102,Agriculture Commissioner,,DEM,Roger Johnson,235
Cass,Precinct 1102,Agriculture Commissioner,,REP,Doug Goehring,75
Cass,Precinct 1102,Attorney General,,DEM,Bill Brudvik,229
Cass,Precinct 1102,Attorney General,,REP,Wayne Stenehjem,76
Cass,Precinct 1102,C 1: This constitutional measure would amend section 16 of Article XI of the North Dakota Constitution,,,No,102
Cass,Precinct 1102,C 1: This constitutional measure would amend section 16 of Article XI of the North Dakota Constitution,,,Yes,214
Cass,Precinct 1102,C 2: This constitutional measure would amend certain sections and repeal other sections of Article XII of the North Dakota Constitution,,,No,79
Cass,Precinct 1102,C 2: This constitutional measure would amend certain sections and repeal other sections of Article XII of the North Dakota Constitution,,,Yes,217
Cass,Precinct 1102,Justice of the Supreme Court,,NON,Dale Sandstrom,294
Cass,Precinct 1102,Public Service Commissioner,,DEM,Cheryl Bergian,229
Cass,Precinct 1102,Public Service Commissioner,,REP,Tony Clark,76
Cass,Precinct 1102,Secretary of State,,DEM,Kristin Hedger,231
Cass,Precinct 1102,Secretary of State,,REP,Alvin A (Al) Jaeger,75
Cass,Precinct 1102,State House Legislative,11,DEM,Mary Ekstrom,229
Cass,Precinct 1102,State House Legislative,11,DEM,Scot Kelsh,197
Cass,Precinct 1102,State House Legislative,11,REP,Kellie Aldrich,71
Cass,Precinct 1102,State House Legislative,11,REP,Zach Heuer,63
Cass,Precinct 1102,State Senate Legislative District 11,,DEM,Tim Mathern,242
Cass,Precinct 1102,State Senate Legislative District 11,,REP,Daniel Narloch,77
Cass,Precinct 1102,Tax Commissioner,,DEM,Brent Edison,230
Cass,Precinct 1102,Tax Commissioner,,REP,Cory Fong,77
Cass,Precinct 1102,U.S. House,1,DEM,Earl Pomeroy,257
Cass,Precinct 1102,U.S. House,1,REP,Matt Mechtel,78
Cass,Precinct 1102,U.S. Senate,,DEM,Kent Conrad,260
Cass,Precinct 1102,U.S. Senate,,REP,Dwight Grotberg,79
Cass,Precinct 1103,Agriculture Commissioner,,DEM,Roger Johnson,366
Cass,Precinct 1103,Agriculture Commissioner,,REP,Doug Goehring,168
Cass,Precinct 1103,Attorney General,,DEM,Bill Brudvik,341
Cass,Precinct 1103,Attorney General,,REP,Wayne Stenehjem,172
Cass,Precinct 1103,C 1: This constitutional measure would amend section 16 of Article XI of the North Dakota Constitution,,,No,174
Cass,Precinct 1103,C 1: This constitutional measure would amend section 16 of Article XI of the North Dakota Constitution,,,Yes,370
Cass,Precinct 1103,C 2: This constitutional measure would amend certain sections and repeal other sections of Article XII of the North Dakota Constitution,,,No,133
Cass,Precinct 1103,C 2: This constitutional measure would amend certain sections and repeal other sections of Article XII of the North Dakota Constitution,,,Yes,393
Cass,Precinct 1103,Justice of the Supreme Court,,NON,Dale Sandstrom,494
Cass,Precinct 1103,Public Service Commissioner,,DEM,Cheryl Bergian,339
Cass,Precinct 1103,Public Service Commissioner,,REP,Tony Clark,170
Cass,Precinct 1103,Secretary of State,,DEM,Kristin Hedger,345
Cass,Precinct 1103,Secretary of State,,REP,Alvin A (Al) Jaeger,169
Cass,Precinct 1103,State House Legislative,11,DEM,Mary Ekstrom,315
Cass,Precinct 1103,State House Legislative,11,DEM,Scot Kelsh,302
Cass,Precinct 1103,State House Legislative,11,REP,Kellie Aldrich,140
Cass,Precinct 1103,State House Legislative,11,REP,Zach Heuer,143
Cass,Precinct 1103,State Senate Legislative District 11,,DEM,Tim Mathern,364
Cass,Precinct 1103,State Senate Legislative District 11,,REP,Daniel Narloch,168
Cass,Precinct 1103,Tax Commissioner,,DEM,Brent Edison,348
Cass,Precinct 1103,Tax Commissioner,,REP,Cory Fong,170
Cass,Precinct 1103,U.S. House,1,DEM,Earl Pomeroy,381
Cass,Precinct 1103,U.S. House,1,REP,Matt Mechtel,164
Cass,Precinct 1103,U.S. Senate,,DEM,Kent Conrad,388
Cass,Precinct 1103,U.S. Senate,,REP,Dwight Grotberg,165
Cass,Precinct 1104,Agriculture Commissioner,,DEM,Roger Johnson,439
Cass,Precinct 1104,Agriculture Commissioner,,REP,Doug Goehring,288
Cass,Precinct 1104,Attorney General,,DEM,Bill Brudvik,408
Cass,Precinct 1104,Attorney General,,REP,Wayne Stenehjem,299
Cass,Precinct 1104,C 1: This constitutional measure would amend section 16 of Article XI of the North Dakota Constitution,,,No,202
Cass,Precinct 1104,C 1: This constitutional measure would amend section 16 of Article XI of the North Dakota Constitution,,,Yes,546
Cass,Precinct 1104,C 2: This constitutional measure would amend certain sections and repeal other sections of Article XII of the North Dakota Constitution,,,No,140
Cass,Precinct 1104,C 2: This constitutional measure would amend certain sections and repeal other sections of Article XII of the North Dakota Constitution,,,Yes,576
Cass,Precinct 1104,Justice of the Supreme Court,,NON,Dale Sandstrom,667
Cass,Precinct 1104,Public Service Commissioner,,DEM,Cheryl Bergian,417
Cass,Precinct 1104,Public Service Commissioner,,REP,Tony Clark,292
Cass,Precinct 1104,Secretary of State,,DEM,Kristin Hedger,418
Cass,Precinct 1104,Secretary of State,,REP,Alvin A (Al) Jaeger,297
Cass,Precinct 1104,State House Legislative,11,DEM,Mary Ekstrom,381
Cass,Precinct 1104,State House Legislative,11,DEM,Scot Kelsh,381
Cass,Precinct 1104,State House Legislative,11,REP,Kellie Aldrich,238
Cass,Precinct 1104,State House Legislative,11,REP,Zach Heuer,247
Cass,Precinct 1104,State Senate Legislative District 11,,DEM,Tim Mathern,449
Cass,Precinct 1104,State Senate Legislative District 11,,REP,Daniel Narloch,286
Cass,Precinct 1104,Tax Commissioner,,DEM,Brent Edison,415
Cass,Precinct 1104,Tax Commissioner,,REP,Cory Fong,288
Cass,Precinct 1104,U.S. House,1,DEM,Earl Pomeroy,470
Cass,Precinct 1104,U.S. House,1,REP,Matt Mechtel,291
Cass,Precinct 1104,U.S. Senate,,DEM,Kent Conrad,480
Cass,Precinct 1104,U.S. Senate,,REP,Dwight Grotberg,292
Cass,Precinct 1105,Agriculture Commissioner,,DEM,Roger Johnson,180
Cass,Precinct 1105,Agriculture Commissioner,,REP,Doug Goehring,134
Cass,Precinct 1105,Attorney General,,DEM,Bill Brudvik,170
Cass,Precinct 1105,Attorney General,,REP,Wayne Stenehjem,137
Cass,Precinct 1105,C 1: This constitutional measure would amend section 16 of Article XI of the North Dakota Constitution,,,No,73
Cass,Precinct 1105,C 1: This constitutional measure would amend section 16 of Article XI of the North Dakota Constitution,,,Yes,229
Cass,Precinct 1105,C 2: This constitutional measure would amend certain sections and repeal other sections of Article XII of the North Dakota Constitution,,,No,58
Cass,Precinct 1105,C 2: This constitutional measure would amend certain sections and repeal other sections of Article XII of the North Dakota Constitution,,,Yes,240
Cass,Precinct 1105,Justice of the Supreme Court,,NON,Dale Sandstrom,301
Cass,Precinct 1105,Public Service Commissioner,,DEM,Cheryl Bergian,170
Cass,Precinct 1105,Public Service Commissioner,,REP,Tony Clark,133
Cass,Precinct 1105,Secretary of State,,DEM,Kristin Hedger,173
Cass,Precinct 1105,Secretary of State,,REP,Alvin A (Al) Jaeger,133
Cass,Precinct 1105,State House Legislative,11,DEM,Mary Ekstrom,160
Cass,Precinct 1105,State House Legislative,11,DEM,Scot Kelsh,146
Cass,Precinct 1105,State House Legislative,11,REP,Kellie Aldrich,120
Cass,Precinct 1105,State House Legislative,11,REP,Zach Heuer,106
Cass,Precinct 1105,State Senate Legislative District 11,,DEM,Tim Mathern,181
Cass,Precinct 1105,State Senate Legislative District 11,,REP,Daniel Narloch,132
Cass,Precinct 1105,Tax Commissioner,,DEM,Brent Edison,175
Cass,Precinct 1105,Tax Commissioner,,REP,Cory Fong,132
Cass,Precinct 1105,U.S. House,1,DEM,Earl Pomeroy,183
Cass,Precinct 1105,U.S. House,1,REP,Matt Mechtel,133
Cass,Precinct 1105,U.S. Senate,,DEM,Kent Conrad,187
Cass,Precinct 1105,U.S. Senate,,REP,Dwight Grotberg,132
Cass,Precinct 1301,Agriculture Commissioner,,DEM,Roger Johnson,156
Cass,Precinct 1301,Agriculture Commissioner,,REP,Doug Goehring,127
Cass,Precinct 1301,Attorney General,,DEM,Bill Brudvik,144
Cass,Precinct 1301,Attorney General,,REP,Wayne Stenehjem,134
Cass,Precinct 1301,C 1: This constitutional measure would amend section 16 of Article XI of the North Dakota Constitution,,,No,90
Cass,Precinct 1301,C 1: This constitutional measure would amend section 16 of Article XI of the North Dakota Constitution,,,Yes,202
Cass,Precinct 1301,C 2: This constitutional measure would amend certain sections and repeal other sections of Article XII of the North Dakota Constitution,,,No,65
Cass,Precinct 1301,C 2: This constitutional measure would amend certain sections and repeal other sections of Article XII of the North Dakota Constitution,,,Yes,217
Cass,Precinct 1301,Justice of the Supreme Court,,NON,Dale Sandstrom,267
Cass,Precinct 1301,Public Service Commissioner,,DEM,Cheryl Bergian,148
Cass,Precinct 1301,Public Service Commissioner,,REP,Tony Clark,130
Cass,Precinct 1301,Secretary of State,,DEM,Kristin Hedger,147
Cass,Precinct 1301,Secretary of State,,REP,Alvin A (Al) Jaeger,132
Cass,Precinct 1301,State House Legislative,13,DEM,Jackie Brodshaug,140
Cass,Precinct 1301,State House Legislative,13,DEM,Zac Ista,115
Cass,Precinct 1301,State House Legislative,13,REP,"Alon ""Al"" Wieland",115
Cass,Precinct 1301,State House Legislative,13,REP,Kim Koppelman,123
Cass,Precinct 1301,State Senate Legislative District 13,,DEM,John Fleming,145
Cass,Precinct 1301,State Senate Legislative District 13,,REP,Judy Lee,129
Cass,Precinct 1301,Tax Commissioner,,DEM,Brent Edison,147
Cass,Precinct 1301,Tax Commissioner,,REP,Cory Fong,130
Cass,Precinct 1301,U.S. House,1,DEM,Earl Pomeroy,157
Cass,Precinct 1301,U.S. House,1,REP,Matt Mechtel,124
Cass,Precinct 1301,U.S. Senate,,DEM,Kent Conrad,158
Cass,Precinct 1301,U.S. Senate,,REP,Dwight Grotberg,126
Cass,Precinct 1302,Agriculture Commissioner,,DEM,Roger Johnson,135
Cass,Precinct 1302,Agriculture Commissioner,,REP,Doug Goehring,89
Cass,Precinct 1302,Attorney General,,DEM,Bill Brudvik,126
Cass,Precinct 1302,Attorney General,,REP,Wayne Stenehjem,88
Cass,Precinct 1302,C 1: This constitutional measure would amend section 16 of Article XI of the North Dakota Constitution,,,No,63
Cass,Precinct 1302,C 1: This constitutional measure would amend section 16 of Article XI of the North Dakota Constitution,,,Yes,167
Cass,Precinct 1302,C 2: This constitutional measure would amend certain sections and repeal other sections of Article XII of the North Dakota Constitution,,,No,38
Cass,Precinct 1302,C 2: This constitutional measure would amend certain sections and repeal other sections of Article XII of the North Dakota Constitution,,,Yes,183
Cass,Precinct 1302,Justice of the Supreme Court,,NON,Dale Sandstrom,215
Cass,Precinct 1302,Public Service Commissioner,,DEM,Cheryl Bergian,128
Cass,Precinct 1302,Public Service Commissioner,,REP,Tony Clark,89
Cass,Precinct 1302,Secretary of State,,DEM,Kristin Hedger,127
Cass,Precinct 1302,Secretary of State,,REP,Alvin A (Al) Jaeger,89
Cass,Precinct 1302,State House Legislative,13,DEM,Jackie Brodshaug,122
Cass,Precinct 1302,State House Legislative,13,DEM,Zac Ista,111
Cass,Precinct 1302,State House Legislative,13,REP,"Alon ""Al"" Wieland",80
Cass,Precinct 1302,State House Legislative,13,REP,Kim Koppelman,84
Cass,Precinct 1302,State Senate Legislative District 13,,DEM,John Fleming,125
Cass,Precinct 1302,State Senate Legislative District 13,,REP,Judy Lee,89
Cass,Precinct 1302,Tax Commissioner,,DEM,Brent Edison,129
Cass,Precinct 1302,Tax Commissioner,,REP,Cory Fong,86
Cass,Precinct 1302,U.S. House,1,DEM,Earl Pomeroy,142
Cass,Precinct 1302,U.S. House,1,REP,Matt Mechtel,81
Cass,Precinct 1302,U.S. Senate,,DEM,Kent Conrad,145
Cass,Precinct 1302,U.S. Senate,,REP,Dwight Grotberg,81
Cass,Precinct 1303,Agriculture Commissioner,,DEM,Roger Johnson,94
Cass,Precinct 1303,Agriculture Commissioner,,REP,Doug Goehring,55
Cass,Precinct 1303,Attorney General,,DEM,Bill Brudvik,96
Cass,Precinct 1303,Attorney General,,REP,Wayne Stenehjem,57
Cass,Precinct 1303,C 1: This constitutional measure would amend section 16 of Article XI of the North Dakota Constitution,,,No,60
Cass,Precinct 1303,C 1: This constitutional measure would amend section 16 of Article XI of the North Dakota Constitution,,,Yes,100
Cass,Precinct 1303,C 2: This constitutional measure would amend certain sections and repeal other sections of Article XII of the North Dakota Constitution,,,No,40
Cass,Precinct 1303,C 2: This constitutional measure would amend certain sections and repeal other sections of Article XII of the North Dakota Constitution,,,Yes,117
Cass,Precinct 1303,Justice of the Supreme Court,,NON,Dale Sandstrom,157
Cass,Precinct 1303,Public Service Commissioner,,DEM,Cheryl Bergian,95
Cass,Precinct 1303,Public Service Commissioner,,REP,Tony Clark,57
Cass,Precinct 1303,Secretary of State,,DEM,Kristin Hedger,93
Cass,Precinct 1303,Secretary of State,,REP,Alvin A (Al) Jaeger,56
Cass,Precinct 1303,State House Legislative,13,DEM,Jackie Brodshaug,89
Cass,Precinct 1303,State House Legislative,13,DEM,Zac Ista,70
Cass,Precinct 1303,State House Legislative,13,REP,"Alon ""Al"" Wieland",48
Cass,Precinct 1303,State House Legislative,13,REP,Kim Koppelman,56
Cass,Precinct 1303,State Senate Legislative District 13,,DEM,John Fleming,91
Cass,Precinct 1303,State Senate Legislative District 13,,REP,Judy Lee,57
Cass,Precinct 1303,Tax Commissioner,,DEM,Brent Edison,95
Cass,Precinct 1303,Tax Commissioner,,REP,Cory Fong,56
Cass,Precinct 1303,U.S. House,1,DEM,Earl Pomeroy,98
Cass,Precinct 1303,U.S. House,1,REP,Matt Mechtel,54
Cass,Precinct 1303,U.S. Senate,,DEM,Kent Conrad,101
Cass,Precinct 1303,U.S. Senate,,REP,Dwight Grotberg,52
Cass,Precinct 1304,Agriculture Commissioner,,DEM,Roger Johnson,128
Cass,Precinct 1304,Agriculture Commissioner,,REP,Doug Goehring,118
Cass,Precinct 1304,Attorney General,,DEM,Bill Brudvik,119
Cass,Precinct 1304,Attorney General,,REP,Wayne Stenehjem,121
Cass,Precinct 1304,C 1: This constitutional measure would amend section 16 of Article XI of the North Dakota Constitution,,,No,91
Cass,Precinct 1304,C 1: This constitutional measure would amend section 16 of Article XI of the North Dakota Constitution,,,Yes,162
Cass,Precinct 1304,C 2: This constitutional measure would amend certain sections and repeal other sections of Article XII of the North Dakota Constitution,,,No,62
Cass,Precinct 1304,C 2: This constitutional measure would amend certain sections and repeal other sections of Article XII of the North Dakota Constitution,,,Yes,189
Cass,Precinct 1304,Justice of the Supreme Court,,NON,Dale Sandstrom,237
Cass,Precinct 1304,Public Service Commissioner,,DEM,Cheryl Bergian,122
Cass,Precinct 1304,Public Service Commissioner,,REP,Tony Clark,117
Cass,Precinct 1304,Secretary of State,,DEM,Kristin Hedger,120
Cass,Precinct 1304,Secretary of State,,REP,Alvin A (Al) Jaeger,120
Cass,Precinct 1304,State House Legislative,13,DEM,Jackie Brodshaug,115
Cass,Precinct 1304,State House Legislative,13,DEM,Zac Ista,109
Cass,Precinct 1304,State House Legislative,13,REP,"Alon ""Al"" Wieland",102
Cass,Precinct 1304,State House Legislative,13,REP,Kim Koppelman,112
Cass,Precinct 1304,State Senate Legislative District 13,,DEM,John Fleming,120
Cass,Precinct 1304,State Senate Legislative District 13,,REP,Judy Lee,119
Cass,Precinct 1304,Tax Commissioner,,DEM,Brent Edison,124
Cass,Precinct 1304,Tax Commissioner,,REP,Cory Fong,117
Cass,Precinct 1304,U.S. House,1,DEM,Earl Pomeroy,136
Cass,Precinct 1304,U.S. House,1,REP,Matt Mechtel,118
Cass,Precinct 1304,U.S. Senate,,DEM,Kent Conrad,137
Cass,Precinct 1304,U.S. Senate,,REP,Dwight Grotberg,118
Cass,Precinct 1305,Agriculture Commissioner,,DEM,Roger Johnson,101
Cass,Precinct 1305,Agriculture Commissioner,,REP,Doug Goehring,113
Cass,Precinct 1305,Attorney General,,DEM,Bill Brudvik,94
Cass,Precinct 1305,Attorney General,,REP,Wayne Stenehjem,115
Cass,Precinct 1305,C 1: This constitutional measure would amend section 16 of Article XI of the North Dakota Constitution,,,No,47
Cass,Precinct 1305,C 1: This constitutional measure would amend section 16 of Article XI of the North Dakota Constitution,,,Yes,163
Cass,Precinct 1305,C 2: This constitutional measure would amend certain sections and repeal other sections of Article XII of the North Dakota Constitution,,,No,32
Cass,Precinct 1305,C 2: This constitutional measure would amend certain sections and repeal other sections of Article XII of the North Dakota Constitution,,,Yes,174
Cass,Precinct 1305,Justice of the Supreme Court,,NON,Dale Sandstrom,208
Cass,Precinct 1305,Public Service Commissioner,,DEM,Cheryl Bergian,94
Cass,Precinct 1305,Public Service Commissioner,,REP,Tony Clark,111
Cass,Precinct 1305,Secretary of State,,DEM,Kristin Hedger,93
Cass,Precinct 1305,Secretary of State,,REP,Alvin A (Al) Jaeger,114
Cass,Precinct 1305,State House Legislative,13,DEM,Jackie Brodshaug,93
Cass,Precinct 1305,State House Legislative,13,DEM,Zac Ista,82
Cass,Precinct 1305,State House Legislative,13,REP,"Alon ""Al"" Wieland",103
Cass,Precinct 1305,State House Legislative,13,REP,Kim Koppelman,108
Cass,Precinct 1305,State Senate Legislative District 13,,DEM,John Fleming,95
Cass,Precinct 1305,State Senate Legislative District 13,,REP,Judy Lee,114
Cass,Precinct 1305,Tax Commissioner,,DEM,Brent Edison,96
Cass,Precinct 1305,Tax Commissioner,,REP,Cory Fong,110
Cass,Precinct 1305,U.S. House,1,DEM,Earl Pomeroy,106
Cass,Precinct 1305,U.S. House,1,REP,Matt Mechtel,106
Cass,Precinct 1305,U.S. Senate,,DEM,Kent Conrad,107
Cass,Precinct 1305,U.S. Senate,,REP,Dwight Grotberg,108
Cass,Precinct 2001,Agriculture Commissioner,,DEM,Roger Johnson,35
Cass,Precinct 2001,Agriculture Commissioner,,REP,Doug Goehring,27
Cass,Precinct 2001,Attorney General,,DEM,Bill Brudvik,35
Cass,Precinct 2001,Attorney General,,REP,Wayne Stenehjem,27
Cass,Precinct 2001,C 1: This constitutional measure would amend section 16 of Article XI of the North Dakota Constitution,,,No,22
Cass,Precinct 2001,C 1: This constitutional measure would amend section 16 of Article XI of the North Dakota Constitution,,,Yes,40
Cass,Precinct 2001,C 2: This constitutional measure would amend certain sections and repeal other sections of Article XII of the North Dakota Constitution,,,No,26
Cass,Precinct 2001,C 2: This constitutional measure would amend certain sections and repeal other sections of Article XII of the North Dakota Constitution,,,Yes,34
Cass,Precinct 2001,Justice of the Supreme Court,,NON,Dale Sandstrom,52
Cass,Precinct 2001,Public Service Commissioner,,DEM,Cheryl Bergian,33
Cass,Precinct 2001,Public Service Commissioner,,REP,Tony Clark,27
Cass,Precinct 2001,Secretary of State,,DEM,Kristin Hedger,32
Cass,Precinct 2001,Secretary of State,,REP,Alvin A (Al) Jaeger,25
Cass,Precinct 2001,Tax Commissioner,,DEM,Brent Edison,34
Cass,Precinct 2001,Tax Commissioner,,REP,Cory Fong,27
Cass,Precinct 2001,U.S. House,1,DEM,Earl Pomeroy,35
Cass,Precinct 2001,U.S. House,1,REP,Matt Mechtel,29
Cass,Precinct 2001,U.S. Senate,,DEM,Kent Conrad,35
Cass,Precinct 2001,U.S. Senate,,REP,Dwight Grotberg,27
Cass,Precinct 2002,Agriculture Commissioner,,DEM,Roger Johnson,93
Cass,Precinct 2002,Agriculture Commissioner,,REP,Doug Goehring,59
Cass,Precinct 2002,Attorney General,,DEM,Bill Brudvik,89
Cass,Precinct 2002,Attorney General,,REP,Wayne Stenehjem,59
Cass,Precinct 2002,C 1: This constitutional measure would amend section 16 of Article XI of the North Dakota Constitution,,,No,59
Cass,Precinct 2002,C 1: This constitutional measure would amend section 16 of Article XI of the North Dakota Constitution,,,Yes,103
Cass,Precinct 2002,C 2: This constitutional measure would amend certain sections and repeal other sections of Article XII of the North Dakota Constitution,,,No,51
Cass,Precinct 2002,C 2: This constitutional measure would amend certain sections and repeal other sections of Article XII of the North Dakota Constitution,,,Yes,106
Cass,Precinct 2002,Justice of the Supreme Court,,NON,Dale Sandstrom,145
Cass,Precinct 2002,Public Service Commissioner,,DEM,Cheryl Bergian,90
Cass,Precinct 2002,Public Service Commissioner,,REP,Tony Clark,55
Cass,Precinct 2002,Secretary of State,,DEM,Kristin Hedger,89
Cass,Precinct 2002,Secretary of State,,REP,Alvin A (Al) Jaeger,58
Cass,Precinct 2002,Tax Commissioner,,DEM,Brent Edison,91
Cass,Precinct 2002,Tax Commissioner,,REP,Cory Fong,55
Cass,Precinct 2002,U.S. House,1,DEM,Earl Pomeroy,99
Cass,Precinct 2002,U.S. House,1,REP,Matt Mechtel,55
Cass,Precinct 2002,U.S. Senate,,DEM,Kent Conrad,101
Cass,Precinct 2002,U.S. Senate,,REP,Dwight Grotberg,55
Cass,Precinct 2101,Agriculture Commissioner,,DEM,Roger Johnson,244
Cass,Precinct 2101,Agriculture Commissioner,,REP,Doug Goehring,130
Cass,Precinct 2101,Attorney General,,DEM,Bill Brudvik,232
Cass,Precinct 2101,Attorney General,,REP,Wayne Stenehjem,132
Cass,Precinct 2101,C 1: This constitutional measure would amend section 16 of Article XI of the North Dakota Constitution,,,No,103
Cass,Precinct 2101,C 1: This constitutional measure would amend section 16 of Article XI of the North Dakota Constitution,,,Yes,294
Cass,Precinct 2101,C 2: This constitutional measure would amend certain sections and repeal other sections of Article XII of the North Dakota Constitution,,,No,82
Cass,Precinct 2101,C 2: This constitutional measure would amend certain sections and repeal other sections of Article XII of the North Dakota Constitution,,,Yes,293
Cass,Precinct 2101,Justice of the Supreme Court,,NON,Dale Sandstrom,338
Cass,Precinct 2101,Public Service Commissioner,,DEM,Cheryl Bergian,236
Cass,Precinct 2101,Public Service Commissioner,,REP,Tony Clark,126
Cass,Precinct 2101,Secretary of State,,DEM,Kristin Hedger,234
Cass,Precinct 2101,Secretary of State,,REP,Alvin A (Al) Jaeger,130
Cass,Precinct 2101,State House Legislative,21,DEM,Jasper Schneider,201
Cass,Precinct 2101,State House Legislative,21,DEM,Steve Zaiser,221
Cass,Precinct 2101,State House Legislative,21,REP,Rachael Disrud,120
Cass,Precinct 2101,State House Legislative,21,REP,Sally M Sandvig,111
Cass,Precinct 2101,State Senate Legislative District 21,,DEM,Carolyn Nelson,252
Cass,Precinct 2101,State Senate Legislative District 21,,REP,David Humphrey,136
Cass,Precinct 2101,Tax Commissioner,,DEM,Brent Edison,237
Cass,Precinct 2101,Tax Commissioner,,REP,Cory Fong,126
Cass,Precinct 2101,U.S. House,1,DEM,Earl Pomeroy,271
Cass,Precinct 2101,U.S. House,1,REP,Matt Mechtel,129
Cass,Precinct 2101,U.S. Senate,,DEM,Kent Conrad,273
Cass,Precinct 2101,U.S. Senate,,REP,Dwight Grotberg,128
Cass,Precinct 2102,Agriculture Commissioner,,DEM,Roger Johnson,166
Cass,Precinct 2102,Agriculture Commissioner,,REP,Doug Goehring,76
Cass,Precinct 2102,Attorney General,,DEM,Bill Brudvik,162
Cass,Precinct 2102,Attorney General,,REP,Wayne Stenehjem,78
Cass,Precinct 2102,C 1: This constitutional measure would amend section 16 of Article XI of the North Dakota Constitution,,,No,50
Cass,Precinct 2102,C 1: This constitutional measure would amend section 16 of Article XI of the North Dakota Constitution,,,Yes,181
Cass,Precinct 2102,C 2: This constitutional measure would amend certain sections and repeal other sections of Article XII of the North Dakota Constitution,,,No,58
Cass,Precinct 2102,C 2: This constitutional measure would amend certain sections and repeal other sections of Article XII of the North Dakota Constitution,,,Yes,164
Cass,Precinct 2102,Justice of the Supreme Court,,NON,Dale Sandstrom,219
Cass,Precinct 2102,Public Service Commissioner,,DEM,Cheryl Bergian,161
Cass,Precinct 2102,Public Service Commissioner,,REP,Tony Clark,74
Cass,Precinct 2102,Secretary of State,,DEM,Kristin Hedger,161
Cass,Precinct 2102,Secretary of State,,REP,Alvin A (Al) Jaeger,76
Cass,Precinct 2102,State House Legislative,21,DEM,Jasper Schneider,138
Cass,Precinct 2102,State House Legislative,21,DEM,Steve Zaiser,138
Cass,Precinct 2102,State House Legislative,21,REP,Rachael Disrud,57
Cass,Precinct 2102,State House Legislative,21,REP,Sally M Sandvig,70
Cass,Precinct 2102,State Senate Legislative District 21,,DEM,Carolyn Nelson,164
Cass,Precinct 2102,State Senate Legislative District 21,,REP,David Humphrey,76
Cass,Precinct 2102,Tax Commissioner,,DEM,Brent Edison,161
Cass,Precinct 2102,Tax Commissioner,,REP,Cory Fong,74
Cass,Precinct 2102,U.S. House,1,DEM,Earl Pomeroy,175
Cass,Precinct 2102,U.S. House,1,REP,Matt Mechtel,75
Cass,Precinct 2102,U.S. Senate,,DEM,Kent Conrad,177
Cass,Precinct 2102,U.S. Senate,,REP,Dwight Grotberg,76
Cass,Precinct 2103,Agriculture Commissioner,,DEM,Roger Johnson,256
Cass,Precinct 2103,Agriculture Commissioner,,REP,Doug Goehring,117
Cass,Precinct 2103,Attorney General,,DEM,Bill Brudvik,242
Cass,Precinct 2103,Attorney General,,REP,Wayne Stenehjem,119
Cass,Precinct 2103,C 1: This constitutional measure would amend section 16 of Article XI of the North Dakota Constitution,,,No,95
Cass,Precinct 2103,C 1: This constitutional measure would amend section 16 of Article XI of the North Dakota Constitution,,,Yes,282
Cass,Precinct 2103,C 2: This constitutional measure would amend certain sections and repeal other sections of Article XII of the North Dakota Constitution,,,No,79
Cass,Precinct 2103,C 2: This constitutional measure would amend certain sections and repeal other sections of Article XII of the North Dakota Constitution,,,Yes,284
Cass,Precinct 2103,Justice of the Supreme Court,,NON,Dale Sandstrom,328
Cass,Precinct 2103,Public Service Commissioner,,DEM,Cheryl Bergian,247
Cass,Precinct 2103,Public Service Commissioner,,REP,Tony Clark,117
Cass,Precinct 2103,Secretary of State,,DEM,Kristin Hedger,239
Cass,Precinct 2103,Secretary of State,,REP,Alvin A (Al) Jaeger,117
Cass,Precinct 2103,State House Legislative,21,DEM,Jasper Schneider,208
Cass,Precinct 2103,State House Legislative,21,DEM,Steve Zaiser,205
Cass,Precinct 2103,State House Legislative,21,REP,Rachael Disrud,95
Cass,Precinct 2103,State House Legislative,21,REP,Sally M Sandvig,104
Cass,Precinct 2103,State Senate Legislative District 21,,DEM,Carolyn Nelson,260
Cass,Precinct 2103,State Senate Legislative District 21,,REP,David Humphrey,115
Cass,Precinct 2103,Tax Commissioner,,DEM,Brent Edison,247
Cass,Precinct 2103,Tax Commissioner,,REP,Cory Fong,116
Cass,Precinct 2103,U.S. House,1,DEM,Earl Pomeroy,278
Cass,Precinct 2103,U.S. House,1,REP,Matt Mechtel,111
Cass,Precinct 2103,U.S. Senate,,DEM,Kent Conrad,285
Cass,Precinct 2103,U.S. Senate,,REP,Dwight Grotberg,111
Cass,Precinct 2104,Agriculture Commissioner,,DEM,Roger Johnson,228
Cass,Precinct 2104,Agriculture Commissioner,,REP,Doug Goehring,100
Cass,Precinct 2104,Attorney General,,DEM,Bill Brudvik,220
Cass,Precinct 2104,Attorney General,,REP,Wayne Stenehjem,102
Cass,Precinct 2104,C 1: This constitutional measure would amend section 16 of Article XI of the North Dakota Constitution,,,No,132
Cass,Precinct 2104,C 1: This constitutional measure would amend section 16 of Article XI of the North Dakota Constitution,,,Yes,231
Cass,Precinct 2104,C 2: This constitutional measure would amend certain sections and repeal other sections of Article XII of the North Dakota Constitution,,,No,103
Cass,Precinct 2104,C 2: This constitutional measure would amend certain sections and repeal other sections of Article XII of the North Dakota Constitution,,,Yes,248
Cass,Precinct 2104,Justice of the Supreme Court,,NON,Dale Sandstrom,320
Cass,Precinct 2104,Public Service Commissioner,,DEM,Cheryl Bergian,223
Cass,Precinct 2104,Public Service Commissioner,,REP,Tony Clark,101
Cass,Precinct 2104,Secretary of State,,DEM,Kristin Hedger,222
Cass,Precinct 2104,Secretary of State,,REP,Alvin A (Al) Jaeger,101
Cass,Precinct 2104,State House Legislative,21,DEM,Jasper Schneider,201
Cass,Precinct 2104,State House Legislative,21,DEM,Steve Zaiser,200
Cass,Precinct 2104,State House Legislative,21,REP,Rachael Disrud,89
Cass,Precinct 2104,State House Legislative,21,REP,Sally M Sandvig,86
Cass,Precinct 2104,State Senate Legislative District 21,,DEM,Carolyn Nelson,231
Cass,Precinct 2104,State Senate Legislative District 21,,REP,David Humphrey,101
Cass,Precinct 2104,Tax Commissioner,,DEM,Brent Edison,222
Cass,Precinct 2104,Tax Commissioner,,REP,Cory Fong,99
Cass,Precinct 2104,U.S. House,1,DEM,Earl Pomeroy,242
Cass,Precinct 2104,U.S. House,1,REP,Matt Mechtel,102
Cass,Precinct 2104,U.S. Senate,,DEM,Kent Conrad,244
Cass,Precinct 2104,U.S. Senate,,REP,Dwight Grotberg,102
Cass,Precinct 2105,Agriculture Commissioner,,DEM,Roger Johnson,174
Cass,Precinct 2105,Agriculture Commissioner,,REP,Doug Goehring,63
Cass,Precinct 2105,Attorney General,,DEM,Bill Brudvik,170
Cass,Precinct 2105,Attorney General,,REP,Wayne Stenehjem,65
Cass,Precinct 2105,C 1: This constitutional measure would amend section 16 of Article XI of the North Dakota Constitution,,,No,107
Cass,Precinct 2105,C 1: This constitutional measure would amend section 16 of Article XI of the North Dakota Constitution,,,Yes,140
Cass,Precinct 2105,C 2: This constitutional measure would amend certain sections and repeal other sections of Article XII of the North Dakota Constitution,,,No,90
Cass,Precinct 2105,C 2: This constitutional measure would amend certain sections and repeal other sections of Article XII of the North Dakota Constitution,,,Yes,148
Cass,Precinct 2105,Justice of the Supreme Court,,NON,Dale Sandstrom,215
Cass,Precinct 2105,Public Service Commissioner,,DEM,Cheryl Bergian,173
Cass,Precinct 2105,Public Service Commissioner,,REP,Tony Clark,61
Cass,Precinct 2105,Secretary of State,,DEM,Kristin Hedger,174
Cass,Precinct 2105,Secretary of State,,REP,Alvin A (Al) Jaeger,62
Cass,Precinct 2105,State House Legislative,21,DEM,Jasper Schneider,135
Cass,Precinct 2105,State House Legislative,21,DEM,Steve Zaiser,150
Cass,Precinct 2105,State House Legislative,21,REP,Rachael Disrud,52
Cass,Precinct 2105,State House Legislative,21,REP,Sally M Sandvig,56
Cass,Precinct 2105,State Senate Legislative District 21,,DEM,Carolyn Nelson,177
Cass,Precinct 2105,State Senate Legislative District 21,,REP,David Humphrey,61
Cass,Precinct 2105,Tax Commissioner,,DEM,Brent Edison,175
Cass,Precinct 2105,Tax Commissioner,,REP,Cory Fong,61
Cass,Precinct 2105,U.S. House,1,DEM,Earl Pomeroy,192
Cass,Precinct 2105,U.S. House,1,REP,Matt Mechtel,63
Cass,Precinct 2105,U.S. Senate,,DEM,Kent Conrad,194
Cass,Precinct 2105,U.S. Senate,,REP,Dwight Grotberg,65
Cass,Precinct 2106,Agriculture Commissioner,,DEM,Roger Johnson,147
Cass,Precinct 2106,Agriculture Commissioner,,REP,Doug Goehring,94
Cass,Precinct 2106,Attorney General,,DEM,Bill Brudvik,143
Cass,Precinct 2106,Attorney General,,REP,Wayne Stenehjem,98
Cass,Precinct 2106,C 1: This constitutional measure would amend section 16 of Article XI of the North Dakota Constitution,,,No,68
Cass,Precinct 2106,C 1: This constitutional measure would amend section 16 of Article XI of the North Dakota Constitution,,,Yes,177
Cass,Precinct 2106,C 2: This constitutional measure would amend certain sections and repeal other sections of Article XII of the North Dakota Constitution,,,No,49
Cass,Precinct 2106,C 2: This constitutional measure would amend certain sections and repeal other sections of Article XII of the North Dakota Constitution,,,Yes,189
Cass,Precinct 2106,Justice of the Supreme Court,,NON,Dale Sandstrom,232
Cass,Precinct 2106,Public Service Commissioner,,DEM,Cheryl Bergian,144
Cass,Precinct 2106,Public Service Commissioner,,REP,Tony Clark,95
Cass,Precinct 2106,Secretary of State,,DEM,Kristin Hedger,144
Cass,Precinct 2106,Secretary of State,,REP,Alvin A (Al) Jaeger,98
Cass,Precinct 2106,State House Legislative,21,DEM,Jasper Schneider,113
Cass,Precinct 2106,State House Legislative,21,DEM,Steve Zaiser,129
Cass,Precinct 2106,State House Legislative,21,REP,Rachael Disrud,81
Cass,Precinct 2106,State House Legislative,21,REP,Sally M Sandvig,86
Cass,Precinct 2106,State Senate Legislative District 21,,DEM,Carolyn Nelson,144
Cass,Precinct 2106,State Senate Legislative District 21,,REP,David Humphrey,97
Cass,Precinct 2106,Tax Commissioner,,DEM,Brent Edison,145
Cass,Precinct 2106,Tax Commissioner,,REP,Cory Fong,95
Cass,Precinct 2106,U.S. House,1,DEM,Earl Pomeroy,149
Cass,Precinct 2106,U.S. House,1,REP,Matt Mechtel,93
Cass,Precinct 2106,U.S. Senate,,DEM,Kent Conrad,147
Cass,Precinct 2106,U.S. Senate,,REP,Dwight Grotberg,94
Cass,Precinct 2201,Agriculture Commissioner,,DEM,Roger Johnson,12
Cass,Precinct 2201,Agriculture Commissioner,,REP,Doug Goehring,29
Cass,Precinct 2201,Attorney General,,DEM,Bill Brudvik,11
Cass,Precinct 2201,Attorney General,,REP,Wayne Stenehjem,29
Cass,Precinct 2201,C 1: This constitutional measure would amend section 16 of Article XI of the North Dakota Constitution,,,No,12
Cass,Precinct 2201,C 1: This constitutional measure would amend section 16 of Article XI of the North Dakota Constitution,,,Yes,29
Cass,Precinct 2201,C 2: This constitutional measure would amend certain sections and repeal other sections of Article XII of the North Dakota Constitution,,,No,8
Cass,Precinct 2201,C 2: This constitutional measure would amend certain sections and repeal other sections of Article XII of the North Dakota Constitution,,,Yes,33
Cass,Precinct 2201,Justice of the Supreme Court,,NON,Dale Sandstrom,41
Cass,Precinct 2201,Public Service Commissioner,,DEM,Cheryl Bergian,10
Cass,Precinct 2201,Public Service Commissioner,,REP,Tony Clark,28
Cass,Precinct 2201,Secretary of State,,DEM,Kristin Hedger,11
Cass,Precinct 2201,Secretary of State,,REP,Alvin A (Al) Jaeger,28
Cass,Precinct 2201,Tax Commissioner,,DEM,Brent Edison,10
Cass,Precinct 2201,Tax Commissioner,,REP,Cory Fong,28
Cass,Precinct 2201,U.S. House,1,DEM,Earl Pomeroy,13
Cass,Precinct 2201,U.S. House,1,REP,Matt Mechtel,29
Cass,Precinct 2201,U.S. Senate,,DEM,Kent Conrad,13
Cass,Precinct 2201,U.S. Senate,,REP,Dwight Grotberg,29
Cass,Precinct 2202,Agriculture Commissioner,,DEM,Roger Johnson,126
Cass,Precinct 2202,Agriculture Commissioner,,REP,Doug Goehring,98
Cass,Precinct 2202,Attorney General,,DEM,Bill Brudvik,113
Cass,Precinct 2202,Attorney General,,REP,Wayne Stenehjem,103
Cass,Precinct 2202,C 1: This constitutional measure would amend section 16 of Article XI of the North Dakota Constitution,,,No,66
Cass,Precinct 2202,C 1: This constitutional measure would amend section 16 of Article XI of the North Dakota Constitution,,,Yes,148
Cass,Precinct 2202,C 2: This constitutional measure would amend certain sections and repeal other sections of Article XII of the North Dakota Constitution,,,No,63
Cass,Precinct 2202,C 2: This constitutional measure would amend certain sections and repeal other sections of Article XII of the North Dakota Constitution,,,Yes,138
Cass,Precinct 2202,Justice of the Supreme Court,,NON,Dale Sandstrom,206
Cass,Precinct 2202,Public Service Commissioner,,DEM,Cheryl Bergian,116
Cass,Precinct 2202,Public Service Commissioner,,REP,Tony Clark,99
Cass,Precinct 2202,Secretary of State,,DEM,Kristin Hedger,112
Cass,Precinct 2202,Secretary of State,,REP,Alvin A (Al) Jaeger,99
Cass,Precinct 2202,Tax Commissioner,,DEM,Brent Edison,115
Cass,Precinct 2202,Tax Commissioner,,REP,Cory Fong,100
Cass,Precinct 2202,U.S. House,1,DEM,Earl Pomeroy,128
Cass,Precinct 2202,U.S. House,1,REP,Matt Mechtel,97
Cass,Precinct 2202,U.S. Senate,,DEM,Kent Conrad,135
Cass,Precinct 2202,U.S. Senate,,REP,Dwight Grotberg,100
Cass,Precinct 2203,Agriculture Commissioner,,DEM,Roger Johnson,112
Cass,Precinct 2203,Agriculture Commissioner,,REP,Doug Goehring,63
Cass,Precinct 2203,Attorney General,,DEM,Bill Brudvik,105
Cass,Precinct 2203,Attorney General,,REP,Wayne Stenehjem,69
Cass,Precinct 2203,C 1: This constitutional measure would amend section 16 of Article XI of the North Dakota Constitution,,,No,62
Cass,Precinct 2203,C 1: This constitutional measure would amend section 16 of Article XI of the North Dakota Constitution,,,Yes,110
Cass,Precinct 2203,C 2: This constitutional measure would amend certain sections and repeal other sections of Article XII of the North Dakota Constitution,,,No,58
Cass,Precinct 2203,C 2: This constitutional measure would amend certain sections and repeal other sections of Article XII of the North Dakota Constitution,,,Yes,111
Cass,Precinct 2203,Justice of the Supreme Court,,NON,Dale Sandstrom,162
Cass,Precinct 2203,Public Service Commissioner,,DEM,Cheryl Bergian,105
Cass,Precinct 2203,Public Service Commissioner,,REP,Tony Clark,65
Cass,Precinct 2203,Secretary of State,,DEM,Kristin Hedger,106
Cass,Precinct 2203,Secretary of State,,REP,Alvin A (Al) Jaeger,67
Cass,Precinct 2203,Tax Commissioner,,DEM,Brent Edison,104
Cass,Precinct 2203,Tax Commissioner,,REP,Cory Fong,63
Cass,Precinct 2203,U.S. House,1,DEM,Earl Pomeroy,115
Cass,Precinct 2203,U.S. House,1,REP,Matt Mechtel,60
Cass,Precinct 2203,U.S. Senate,,DEM,Kent Conrad,117
Cass,Precinct 2203,U.S. Senate,,REP,Dwight Grotberg,64
Cass,Precinct 2204,Agriculture Commissioner,,DEM,Roger Johnson,75
Cass,Precinct 2204,Agriculture Commissioner,,REP,Doug Goehring,62
Cass,Precinct 2204,Attorney General,,DEM,Bill Brudvik,74
Cass,Precinct 2204,Attorney General,,REP,Wayne Stenehjem,65
Cass,Precinct 2204,C 1: This constitutional measure would amend section 16 of Article XI of the North Dakota Constitution,,,No,49
Cass,Precinct 2204,C 1: This constitutional measure would amend section 16 of Article XI of the North Dakota Constitution,,,Yes,90
Cass,Precinct 2204,C 2: This constitutional measure would amend certain sections and repeal other sections of Article XII of the North Dakota Constitution,,,No,33
Cass,Precinct 2204,C 2: This constitutional measure would amend certain sections and repeal other sections of Article XII of the North Dakota Constitution,,,Yes,101
Cass,Precinct 2204,Justice of the Supreme Court,,NON,Dale Sandstrom,129
Cass,Precinct 2204,Public Service Commissioner,,DEM,Cheryl Bergian,74
Cass,Precinct 2204,Public Service Commissioner,,REP,Tony Clark,63
Cass,Precinct 2204,Secretary of State,,DEM,Kristin Hedger,75
Cass,Precinct 2204,Secretary of State,,REP,Alvin A (Al) Jaeger,63
Cass,Precinct 2204,Tax Commissioner,,DEM,Brent Edison,73
Cass,Precinct 2204,Tax Commissioner,,REP,Cory Fong,63
Cass,Precinct 2204,U.S. House,1,DEM,Earl Pomeroy,78
Cass,Precinct 2204,U.S. House,1,REP,Matt Mechtel,63
Cass,Precinct 2204,U.S. Senate,,DEM,Kent Conrad,79
Cass,Precinct 2204,U.S. Senate,,REP,Dwight Grotberg,63
Cass,Precinct 2205,Agriculture Commissioner,,DEM,Roger Johnson,508
Cass,Precinct 2205,Agriculture Commissioner,,REP,Doug Goehring,307
Cass,Precinct 2205,Attorney General,,DEM,Bill Brudvik,484
Cass,Precinct 2205,Attorney General,,REP,Wayne Stenehjem,313
Cass,Precinct 2205,C 1: This constitutional measure would amend section 16 of Article XI of the North Dakota Constitution,,,No,273
Cass,Precinct 2205,C 1: This constitutional measure would amend section 16 of Article XI of the North Dakota Constitution,,,Yes,577
Cass,Precinct 2205,C 2: This constitutional measure would amend certain sections and repeal other sections of Article XII of the North Dakota Constitution,,,No,199
Cass,Precinct 2205,C 2: This constitutional measure would amend certain sections and repeal other sections of Article XII of the North Dakota Constitution,,,Yes,625
Cass,Precinct 2205,Justice of the Supreme Court,,NON,Dale Sandstrom,808
Cass,Precinct 2205,Public Service Commissioner,,DEM,Cheryl Bergian,487
Cass,Precinct 2205,Public Service Commissioner,,REP,Tony Clark,307
Cass,Precinct 2205,Secretary of State,,DEM,Kristin Hedger,495
Cass,Precinct 2205,Secretary of State,,REP,Alvin A (Al) Jaeger,312
Cass,Precinct 2205,Tax Commissioner,,DEM,Brent Edison,491
Cass,Precinct 2205,Tax Commissioner,,REP,Cory Fong,304
Cass,Precinct 2205,U.S. House,1,DEM,Earl Pomeroy,539
Cass,Precinct 2205,U.S. House,1,REP,Matt Mechtel,308
Cass,Precinct 2205,U.S. Senate,,DEM,Kent Conrad,542
Cass,Precinct 2205,U.S. Senate,,REP,Dwight Grotberg,304
Cass,Precinct 2206,Agriculture Commissioner,,DEM,Roger Johnson,96
Cass,Precinct 2206,Agriculture Commissioner,,REP,Doug Goehring,89
Cass,Precinct 2206,Attorney General,,DEM,Bill Brudvik,93
Cass,Precinct 2206,Attorney General,,REP,Wayne Stenehjem,89
Cass,Precinct 2206,C 1: This constitutional measure would amend section 16 of Article XI of the North Dakota Constitution,,,No,55
Cass,Precinct 2206,C 1: This constitutional measure would amend section 16 of Article XI of the North Dakota Constitution,,,Yes,129
Cass,Precinct 2206,C 2: This constitutional measure would amend certain sections and repeal other sections of Article XII of the North Dakota Constitution,,,No,46
Cass,Precinct 2206,C 2: This constitutional measure would amend certain sections and repeal other sections of Article XII of the North Dakota Constitution,,,Yes,133
Cass,Precinct 2206,Justice of the Supreme Court,,NON,Dale Sandstrom,171
Cass,Precinct 2206,Public Service Commissioner,,DEM,Cheryl Bergian,94
Cass,Precinct 2206,Public Service Commissioner,,REP,Tony Clark,89
Cass,Precinct 2206,Secretary of State,,DEM,Kristin Hedger,93
Cass,Precinct 2206,Secretary of State,,REP,Alvin A (Al) Jaeger,91
Cass,Precinct 2206,Tax Commissioner,,DEM,Brent Edison,93
Cass,Precinct 2206,Tax Commissioner,,REP,Cory Fong,89
Cass,Precinct 2206,U.S. House,1,DEM,Earl Pomeroy,97
Cass,Precinct 2206,U.S. House,1,REP,Matt Mechtel,89
Cass,Precinct 2206,U.S. Senate,,DEM,Kent Conrad,100
Cass,Precinct 2206,U.S. Senate,,REP,Dwight Grotberg,88
Cass,Precinct 2207,Agriculture Commissioner,,DEM,Roger Johnson,23
Cass,Precinct 2207,Agriculture Commissioner,,REP,Doug Goehring,8
Cass,Precinct 2207,Attorney General,,DEM,Bill Brudvik,23
Cass,Precinct 2207,Attorney General,,REP,Wayne Stenehjem,8
Cass,Precinct 2207,C 1: This constitutional measure would amend section 16 of Article XI of the North Dakota Constitution,,,No,19
Cass,Precinct 2207,C 1: This constitutional measure would amend section 16 of Article XI of the North Dakota Constitution,,,Yes,15
Cass,Precinct 2207,C 2: This constitutional measure would amend certain sections and repeal other sections of Article XII of the North Dakota Constitution,,,No,9
Cass,Precinct 2207,C 2: This constitutional measure would amend certain sections and repeal other sections of Article XII of the North Dakota Constitution,,,Yes,24
Cass,Precinct 2207,Justice of the Supreme Court,,NON,Dale Sandstrom,29
Cass,Precinct 2207,Public Service Commissioner,,DEM,Cheryl Bergian,23
Cass,Precinct 2207,Public Service Commissioner,,REP,Tony Clark,8
Cass,Precinct 2207,Secretary of State,,DEM,Kristin Hedger,23
Cass,Precinct 2207,Secretary of State,,REP,Alvin A (Al) Jaeger,8
Cass,Precinct 2207,Tax Commissioner,,DEM,Brent Edison,22
Cass,Precinct 2207,Tax Commissioner,,REP,Cory Fong,8
Cass,Precinct 2207,U.S. House,1,DEM,Earl Pomeroy,23
Cass,Precinct 2207,U.S. House,1,REP,Matt Mechtel,8
Cass,Precinct 2207,U.S. Senate,,DEM,Kent Conrad,23
Cass,Precinct 2207,U.S. Senate,,REP,Dwight Grotberg,8
Cass,Precinct 2208,Agriculture Commissioner,,DEM,Roger Johnson,72
Cass,Precinct 2208,Agriculture Commissioner,,REP,Doug Goehring,36
Cass,Precinct 2208,Attorney General,,DEM,Bill Brudvik,72
Cass,Precinct 2208,Attorney General,,REP,Wayne Stenehjem,39
Cass,Precinct 2208,C 1: This constitutional measure would amend section 16 of Article XI of the North Dakota Constitution,,,No,35
Cass,Precinct 2208,C 1: This constitutional measure would amend section 16 of Article XI of the North Dakota Constitution,,,Yes,73
Cass,Precinct 2208,C 2: This constitutional measure would amend certain sections and repeal other sections of Article XII of the North Dakota Constitution,,,No,30
Cass,Precinct 2208,C 2: This constitutional measure would amend certain sections and repeal other sections of Article XII of the North Dakota Constitution,,,Yes,74
Cass,Precinct 2208,Justice of the Supreme Court,,NON,Dale Sandstrom,95
Cass,Precinct 2208,Public Service Commissioner,,DEM,Cheryl Bergian,72
Cass,Precinct 2208,Public Service Commissioner,,REP,Tony Clark,36
Cass,Precinct 2208,Secretary of State,,DEM,Kristin Hedger,70
Cass,Precinct 2208,Secretary of State,,REP,Alvin A (Al) Jaeger,36
Cass,Precinct 2208,Tax Commissioner,,DEM,Brent Edison,72
Cass,Precinct 2208,Tax Commissioner,,REP,Cory Fong,35
Cass,Precinct 2208,U.S. House,1,DEM,Earl Pomeroy,76
Cass,Precinct 2208,U.S. House,1,REP,Matt Mechtel,35
Cass,Precinct 2208,U.S. Senate,,DEM,Kent Conrad,76
Cass,Precinct 2208,U.S. Senate,,REP,Dwight Grotberg,35
Cass,Precinct 2209,Agriculture Commissioner,,DEM,Roger Johnson,109
Cass,Precinct 2209,Agriculture Commissioner,,REP,Doug Goehring,81
Cass,Precinct 2209,Attorney General,,DEM,Bill Brudvik,107
Cass,Precinct 2209,Attorney General,,REP,Wayne Stenehjem,82
Cass,Precinct 2209,C 1: This constitutional measure would amend section 16 of Article XI of the North Dakota Constitution,,,No,49
Cass,Precinct 2209,C 1: This constitutional measure would amend section 16 of Article XI of the North Dakota Constitution,,,Yes,145
Cass,Precinct 2209,C 2: This constitutional measure would amend certain sections and repeal other sections of Article XII of the North Dakota Constitution,,,No,33
Cass,Precinct 2209,C 2: This constitutional measure would amend certain sections and repeal other sections of Article XII of the North Dakota Constitution,,,Yes,155
Cass,Precinct 2209,Justice of the Supreme Court,,NON,Dale Sandstrom,175
Cass,Precinct 2209,Public Service Commissioner,,DEM,Cheryl Bergian,107
Cass,Precinct 2209,Public Service Commissioner,,REP,Tony Clark,81
Cass,Precinct 2209,Secretary of State,,DEM,Kristin Hedger,105
Cass,Precinct 2209,Secretary of State,,REP,Alvin A (Al) Jaeger,81
Cass,Precinct 2209,Tax Commissioner,,DEM,Brent Edison,105
Cass,Precinct 2209,Tax Commissioner,,REP,Cory Fong,81
Cass,Precinct 2209,U.S. House,1,DEM,Earl Pomeroy,113
Cass,Precinct 2209,U.S. House,1,REP,Matt Mechtel,77
Cass,Precinct 2209,U.S. Senate,,DEM,Kent Conrad,116
Cass,Precinct 2209,U.S. Senate,,REP,Dwight Grotberg,77
Cass,Precinct 2210,Agriculture Commissioner,,DEM,Roger Johnson,57
Cass,Precinct 2210,Agriculture Commissioner,,REP,Doug Goehring,61
Cass,Precinct 2210,Attorney General,,DEM,Bill Brudvik,56
Cass,Precinct 2210,Attorney General,,REP,Wayne Stenehjem,62
Cass,Precinct 2210,C 1: This constitutional measure would amend section 16 of Article XI of the North Dakota Constitution,,,No,34
Cass,Precinct 2210,C 1: This constitutional measure would amend section 16 of Article XI of the North Dakota Constitution,,,Yes,86
Cass,Precinct 2210,C 2: This constitutional measure would amend certain sections and repeal other sections of Article XII of the North Dakota Constitution,,,No,20
Cass,Precinct 2210,C 2: This constitutional measure would amend certain sections and repeal other sections of Article XII of the North Dakota Constitution,,,Yes,104
Cass,Precinct 2210,Justice of the Supreme Court,,NON,Dale Sandstrom,106
Cass,Precinct 2210,Public Service Commissioner,,DEM,Cheryl Bergian,55
Cass,Precinct 2210,Public Service Commissioner,,REP,Tony Clark,62
Cass,Precinct 2210,Secretary of State,,DEM,Kristin Hedger,55
Cass,Precinct 2210,Secretary of State,,REP,Alvin A (Al) Jaeger,61
Cass,Precinct 2210,Tax Commissioner,,DEM,Brent Edison,56
Cass,Precinct 2210,Tax Commissioner,,REP,Cory Fong,62
Cass,Precinct 2210,U.S. House,1,DEM,Earl Pomeroy,61
Cass,Precinct 2210,U.S. House,1,REP,Matt Mechtel,60
Cass,Precinct 2210,U.S. Senate,,DEM,Kent Conrad,61
Cass,Precinct 2210,U.S. Senate,,REP,Dwight Grotberg,61
Cass,Precinct 2211,Agriculture Commissioner,,DEM,Roger Johnson,183
Cass,Precinct 2211,Agriculture Commissioner,,REP,Doug Goehring,118
Cass,Precinct 2211,Attorney General,,DEM,Bill Brudvik,172
Cass,Precinct 2211,Attorney General,,REP,Wayne Stenehjem,117
Cass,Precinct 2211,C 1: This constitutional measure would amend section 16 of Article XI of the North Dakota Constitution,,,No,110
Cass,Precinct 2211,C 1: This constitutional measure would amend section 16 of Article XI of the North Dakota Constitution,,,Yes,200
Cass,Precinct 2211,C 2: This constitutional measure would amend certain sections and repeal other sections of Article XII of the North Dakota Constitution,,,No,74
Cass,Precinct 2211,C 2: This constitutional measure would amend certain sections and repeal other sections of Article XII of the North Dakota Constitution,,,Yes,228
Cass,Precinct 2211,Justice of the Supreme Court,,NON,Dale Sandstrom,287
Cass,Precinct 2211,Public Service Commissioner,,DEM,Cheryl Bergian,170
Cass,Precinct 2211,Public Service Commissioner,,REP,Tony Clark,114
Cass,Precinct 2211,Secretary of State,,DEM,Kristin Hedger,172
Cass,Precinct 2211,Secretary of State,,REP,Alvin A (Al) Jaeger,117
Cass,Precinct 2211,Tax Commissioner,,DEM,Brent Edison,171
Cass,Precinct 2211,Tax Commissioner,,REP,Cory Fong,114
Cass,Precinct 2211,U.S. House,1,DEM,Earl Pomeroy,189
Cass,Precinct 2211,U.S. House,1,REP,Matt Mechtel,116
Cass,Precinct 2211,U.S. Senate,,DEM,Kent Conrad,188
Cass,Precinct 2211,U.S. Senate,,REP,Dwight Grotberg,116
Cass,Precinct 2212,Agriculture Commissioner,,DEM,Roger Johnson,36
Cass,Precinct 2212,Agriculture Commissioner,,REP,Doug Goehring,64
Cass,Precinct 2212,Attorney General,,DEM,Bill Brudvik,34
Cass,Precinct 2212,Attorney General,,REP,Wayne Stenehjem,65
Cass,Precinct 2212,C 1: This constitutional measure would amend section 16 of Article XI of the North Dakota Constitution,,,No,28
Cass,Precinct 2212,C 1: This constitutional measure would amend section 16 of Article XI of the North Dakota Constitution,,,Yes,79
Cass,Precinct 2212,C 2: This constitutional measure would amend certain sections and repeal other sections of Article XII of the North Dakota Constitution,,,No,16
Cass,Precinct 2212,C 2: This constitutional measure would amend certain sections and repeal other sections of Article XII of the North Dakota Constitution,,,Yes,89
Cass,Precinct 2212,Justice of the Supreme Court,,NON,Dale Sandstrom,96
Cass,Precinct 2212,Public Service Commissioner,,DEM,Cheryl Bergian,34
Cass,Precinct 2212,Public Service Commissioner,,REP,Tony Clark,65
Cass,Precinct 2212,Secretary of State,,DEM,Kristin Hedger,35
Cass,Precinct 2212,Secretary of State,,REP,Alvin A (Al) Jaeger,65
Cass,Precinct 2212,Tax Commissioner,,DEM,Brent Edison,35
Cass,Precinct 2212,Tax Commissioner,,REP,Cory Fong,64
Cass,Precinct 2212,U.S. House,1,DEM,Earl Pomeroy,35
Cass,Precinct 2212,U.S. House,1,REP,Matt Mechtel,63
Cass,Precinct 2212,U.S. Senate,,DEM,Kent Conrad,36
Cass,Precinct 2212,U.S. Senate,,REP,Dwight Grotberg,63
Cass,Precinct 2701,Agriculture Commissioner,,DEM,Roger Johnson,107
Cass,Precinct 2701,Agriculture Commissioner,,REP,Doug Goehring,74
Cass,Precinct 2701,Attorney General,,DEM,Bill Brudvik,100
Cass,Precinct 2701,Attorney General,,REP,Wayne Stenehjem,76
Cass,Precinct 2701,C 1: This constitutional measure would amend section 16 of Article XI of the North Dakota Constitution,,,No,47
Cass,Precinct 2701,C 1: This constitutional measure would amend section 16 of Article XI of the North Dakota Constitution,,,Yes,147
Cass,Precinct 2701,C 2: This constitutional measure would amend certain sections and repeal other sections of Article XII of the North Dakota Constitution,,,No,47
Cass,Precinct 2701,C 2: This constitutional measure would amend certain sections and repeal other sections of Article XII of the North Dakota Constitution,,,Yes,140
Cass,Precinct 2701,Justice of the Supreme Court,,NON,Dale Sandstrom,172
Cass,Precinct 2701,Public Service Commissioner,,DEM,Cheryl Bergian,103
Cass,Precinct 2701,Public Service Commissioner,,REP,Tony Clark,74
Cass,Precinct 2701,Secretary of State,,DEM,Kristin Hedger,103
Cass,Precinct 2701,Secretary of State,,REP,Alvin A (Al) Jaeger,76
Cass,Precinct 2701,State House Legislative,27,DEM,Lee Myxter,103
Cass,Precinct 2701,State House Legislative,27,NON,Mike Lochow,9
Cass,Precinct 2701,State House Legislative,27,REP,Randy G Boehning,60
Cass,Precinct 2701,State House Legislative,27,REP,Ron Iverson,70
Cass,Precinct 2701,State Senate Legislative District 27,,DEM,Jim Pomeroy,105
Cass,Precinct 2701,State Senate Legislative District 27,,REP,Richard L Brown,74
Cass,Precinct 2701,Tax Commissioner,,DEM,Brent Edison,102
Cass,Precinct 2701,Tax Commissioner,,REP,Cory Fong,72
Cass,Precinct 2701,U.S. House,1,DEM,Earl Pomeroy,117
Cass,Precinct 2701,U.S. House,1,REP,Matt Mechtel,72
Cass,Precinct 2701,U.S. Senate,,DEM,Kent Conrad,119
Cass,Precinct 2701,U.S. Senate,,REP,Dwight Grotberg,74
Cass,Precinct 2702,Agriculture Commissioner,,DEM,Roger Johnson,209
Cass,Precinct 2702,Agriculture Commissioner,,REP,Doug Goehring,93
Cass,Precinct 2702,Attorney General,,DEM,Bill Brudvik,187
Cass,Precinct 2702,Attorney General,,REP,Wayne Stenehjem,95
Cass,Precinct 2702,C 1: This constitutional measure would amend section 16 of Article XI of the North Dakota Constitution,,,No,106
Cass,Precinct 2702,C 1: This constitutional measure would amend section 16 of Article XI of the North Dakota Constitution,,,Yes,200
Cass,Precinct 2702,C 2: This constitutional measure would amend certain sections and repeal other sections of Article XII of the North Dakota Constitution,,,No,87
Cass,Precinct 2702,C 2: This constitutional measure would amend certain sections and repeal other sections of Article XII of the North Dakota Constitution,,,Yes,208
Cass,Precinct 2702,Justice of the Supreme Court,,NON,Dale Sandstrom,276
Cass,Precinct 2702,Public Service Commissioner,,DEM,Cheryl Bergian,192
Cass,Precinct 2702,Public Service Commissioner,,REP,Tony Clark,93
Cass,Precinct 2702,Secretary of State,,DEM,Kristin Hedger,190
Cass,Precinct 2702,Secretary of State,,REP,Alvin A (Al) Jaeger,94
Cass,Precinct 2702,State House Legislative,27,DEM,Lee Myxter,184
Cass,Precinct 2702,State House Legislative,27,NON,Mike Lochow,12
Cass,Precinct 2702,State House Legislative,27,REP,Randy G Boehning,78
Cass,Precinct 2702,State House Legislative,27,REP,Ron Iverson,84
Cass,Precinct 2702,State Senate Legislative District 27,,DEM,Jim Pomeroy,197
Cass,Precinct 2702,State Senate Legislative District 27,,REP,Richard L Brown,94
Cass,Precinct 2702,Tax Commissioner,,DEM,Brent Edison,193
Cass,Precinct 2702,Tax Commissioner,,REP,Cory Fong,91
Cass,Precinct 2702,U.S. House,1,DEM,Earl Pomeroy,214
Cass,Precinct 2702,U.S. House,1,REP,Matt Mechtel,94
Cass,Precinct 2702,U.S. Senate,,DEM,Kent Conrad,217
Cass,Precinct 2702,U.S. Senate,,REP,Dwight Grotberg,97
Cass,Precinct 2703,Agriculture Commissioner,,DEM,Roger Johnson,82
Cass,Precinct 2703,Agriculture Commissioner,,REP,Doug Goehring,43
Cass,Precinct 2703,Attorney General,,DEM,Bill Brudvik,74
Cass,Precinct 2703,Attorney General,,REP,Wayne Stenehjem,44
Cass,Precinct 2703,C 1: This constitutional measure would amend section 16 of Article XI of the North Dakota Constitution,,,No,32
Cass,Precinct 2703,C 1: This constitutional measure would amend section 16 of Article XI of the North Dakota Constitution,,,Yes,91
Cass,Precinct 2703,C 2: This constitutional measure would amend certain sections and repeal other sections of Article XII of the North Dakota Constitution,,,No,22
Cass,Precinct 2703,C 2: This constitutional measure would amend certain sections and repeal other sections of Article XII of the North Dakota Constitution,,,Yes,98
Cass,Precinct 2703,Justice of the Supreme Court,,NON,Dale Sandstrom,114
Cass,Precinct 2703,Public Service Commissioner,,DEM,Cheryl Bergian,74
Cass,Precinct 2703,Public Service Commissioner,,REP,Tony Clark,43
Cass,Precinct 2703,Secretary of State,,DEM,Kristin Hedger,75
Cass,Precinct 2703,Secretary of State,,REP,Alvin A (Al) Jaeger,43
Cass,Precinct 2703,State House Legislative,27,DEM,Lee Myxter,74
Cass,Precinct 2703,State House Legislative,27,NON,Mike Lochow,10
Cass,Precinct 2703,State House Legislative,27,REP,Randy G Boehning,39
Cass,Precinct 2703,State House Legislative,27,REP,Ron Iverson,34
Cass,Precinct 2703,State Senate Legislative District 27,,DEM,Jim Pomeroy,81
Cass,Precinct 2703,State Senate Legislative District 27,,REP,Richard L Brown,43
Cass,Precinct 2703,Tax Commissioner,,DEM,Brent Edison,77
Cass,Precinct 2703,Tax Commissioner,,REP,Cory Fong,43
Cass,Precinct 2703,U.S. House,1,DEM,Earl Pomeroy,87
Cass,Precinct 2703,U.S. House,1,REP,Matt Mechtel,43
Cass,Precinct 2703,U.S. Senate,,DEM,Kent Conrad,87
Cass,Precinct 2703,U.S. Senate,,REP,Dwight Grotberg,45
Cass,Precinct 2704,Agriculture Commissioner,,DEM,Roger Johnson,202
Cass,Precinct 2704,Agriculture Commissioner,,REP,Doug Goehring,110
Cass,Precinct 2704,Attorney General,,DEM,Bill Brudvik,187
Cass,Precinct 2704,Attorney General,,REP,Wayne Stenehjem,112
Cass,Precinct 2704,C 1: This constitutional measure would amend section 16 of Article XI of the North Dakota Constitution,,,No,90
Cass,Precinct 2704,C 1: This constitutional measure would amend section 16 of Article XI of the North Dakota Constitution,,,Yes,222
Cass,Precinct 2704,C 2: This constitutional measure would amend certain sections and repeal other sections of Article XII of the North Dakota Constitution,,,No,61
Cass,Precinct 2704,C 2: This constitutional measure would amend certain sections and repeal other sections of Article XII of the North Dakota Constitution,,,Yes,241
Cass,Precinct 2704,Justice of the Supreme Court,,NON,Dale Sandstrom,279
Cass,Precinct 2704,Public Service Commissioner,,DEM,Cheryl Bergian,191
Cass,Precinct 2704,Public Service Commissioner,,REP,Tony Clark,111
Cass,Precinct 2704,Secretary of State,,DEM,Kristin Hedger,190
Cass,Precinct 2704,Secretary of State,,REP,Alvin A (Al) Jaeger,112
Cass,Precinct 2704,State House Legislative,27,DEM,Lee Myxter,187
Cass,Precinct 2704,State House Legislative,27,NON,Mike Lochow,16
Cass,Precinct 2704,State House Legislative,27,REP,Randy G Boehning,92
Cass,Precinct 2704,State House Legislative,27,REP,Ron Iverson,99
Cass,Precinct 2704,State Senate Legislative District 27,,DEM,Jim Pomeroy,194
Cass,Precinct 2704,State Senate Legislative District 27,,REP,Richard L Brown,111
Cass,Precinct 2704,Tax Commissioner,,DEM,Brent Edison,191
Cass,Precinct 2704,Tax Commissioner,,REP,Cory Fong,110
Cass,Precinct 2704,U.S. House,1,DEM,Earl Pomeroy,216
Cass,Precinct 2704,U.S. House,1,REP,Matt Mechtel,110
Cass,Precinct 2704,U.S. Senate,,DEM,Kent Conrad,216
Cass,Precinct 2704,U.S. Senate,,REP,Dwight Grotberg,110
Cass,Precinct 2705,Agriculture Commissioner,,DEM,Roger Johnson,223
Cass,Precinct 2705,Agriculture Commissioner,,REP,Doug Goehring,187
Cass,Precinct 2705,Attorney General,,DEM,Bill Brudvik,211
Cass,Precinct 2705,Attorney General,,REP,Wayne Stenehjem,194
Cass,Precinct 2705,C 1: This constitutional measure would amend section 16 of Article XI of the North Dakota Constitution,,,No,124
Cass,Precinct 2705,C 1: This constitutional measure would amend section 16 of Article XI of the North Dakota Constitution,,,Yes,341
Cass,Precinct 2705,C 2: This constitutional measure would amend certain sections and repeal other sections of Article XII of the North Dakota Constitution,,,No,80
Cass,Precinct 2705,C 2: This constitutional measure would amend certain sections and repeal other sections of Article XII of the North Dakota Constitution,,,Yes,380
Cass,Precinct 2705,Justice of the Supreme Court,,NON,Dale Sandstrom,412
Cass,Precinct 2705,Public Service Commissioner,,DEM,Cheryl Bergian,213
Cass,Precinct 2705,Public Service Commissioner,,REP,Tony Clark,189
Cass,Precinct 2705,Secretary of State,,DEM,Kristin Hedger,215
Cass,Precinct 2705,Secretary of State,,REP,Alvin A (Al) Jaeger,192
Cass,Precinct 2705,State House Legislative,27,DEM,Lee Myxter,218
Cass,Precinct 2705,State House Legislative,27,NON,Mike Lochow,5
Cass,Precinct 2705,State House Legislative,27,REP,Randy G Boehning,149
Cass,Precinct 2705,State House Legislative,27,REP,Ron Iverson,175
Cass,Precinct 2705,State Senate Legislative District 27,,DEM,Jim Pomeroy,227
Cass,Precinct 2705,State Senate Legislative District 27,,REP,Richard L Brown,188
Cass,Precinct 2705,Tax Commissioner,,DEM,Brent Edison,212
Cass,Precinct 2705,Tax Commissioner,,REP,Cory Fong,186
Cass,Precinct 2705,U.S. House,1,DEM,Earl Pomeroy,246
Cass,Precinct 2705,U.S. House,1,REP,Matt Mechtel,188
Cass,Precinct 2705,U.S. Senate,,DEM,Kent Conrad,249
Cass,Precinct 2705,U.S. Senate,,REP,Dwight Grotberg,187
Cass,Precinct 2706,Agriculture Commissioner,,DEM,Roger Johnson,142
Cass,Precinct 2706,Agriculture Commissioner,,REP,Doug Goehring,128
Cass,Precinct 2706,Attorney General,,DEM,Bill Brudvik,136
Cass,Precinct 2706,Attorney General,,REP,Wayne Stenehjem,136
Cass,Precinct 2706,C 1: This constitutional measure would amend section 16 of Article XI of the North Dakota Constitution,,,No,87
Cass,Precinct 2706,C 1: This constitutional measure would amend section 16 of Article XI of the North Dakota Constitution,,,Yes,189
Cass,Precinct 2706,C 2: This constitutional measure would amend certain sections and repeal other sections of Article XII of the North Dakota Constitution,,,No,68
Cass,Precinct 2706,C 2: This constitutional measure would amend certain sections and repeal other sections of Article XII of the North Dakota Constitution,,,Yes,192
Cass,Precinct 2706,Justice of the Supreme Court,,NON,Dale Sandstrom,241
Cass,Precinct 2706,Public Service Commissioner,,DEM,Cheryl Bergian,134
Cass,Precinct 2706,Public Service Commissioner,,REP,Tony Clark,130
Cass,Precinct 2706,Secretary of State,,DEM,Kristin Hedger,137
Cass,Precinct 2706,Secretary of State,,REP,Alvin A (Al) Jaeger,133
Cass,Precinct 2706,State House Legislative,27,DEM,Lee Myxter,135
Cass,Precinct 2706,State House Legislative,27,NON,Mike Lochow,18
Cass,Precinct 2706,State House Legislative,27,REP,Randy G Boehning,113
Cass,Precinct 2706,State House Legislative,27,REP,Ron Iverson,113
Cass,Precinct 2706,State Senate Legislative District 27,,DEM,Jim Pomeroy,142
Cass,Precinct 2706,State Senate Legislative District 27,,REP,Richard L Brown,130
Cass,Precinct 2706,Tax Commissioner,,DEM,Brent Edison,133
Cass,Precinct 2706,Tax Commissioner,,REP,Cory Fong,128
Cass,Precinct 2706,U.S. House,1,DEM,Earl Pomeroy,158
Cass,Precinct 2706,U.S. House,1,REP,Matt Mechtel,126
Cass,Precinct 2706,U.S. Senate,,DEM,Kent Conrad,155
Cass,Precinct 2706,U.S. Senate,,REP,Dwight Grotberg,131
Cass,Precinct 4101,Agriculture Commissioner,,DEM,Roger Johnson,174
Cass,Precinct 4101,Agriculture Commissioner,,REP,Doug Goehring,205
Cass,Precinct 4101,Attorney General,,DEM,Bill Brudvik,155
Cass,Precinct 4101,Attorney General,,REP,Wayne Stenehjem,209
Cass,Precinct 4101,C 1: This constitutional measure would amend section 16 of Article XI of the North Dakota Constitution,,,No,111
Cass,Precinct 4101,C 1: This constitutional measure would amend section 16 of Article XI of the North Dakota Constitution,,,Yes,299
Cass,Precinct 4101,C 2: This constitutional measure would amend certain sections and repeal other sections of Article XII of the North Dakota Constitution,,,No,66
Cass,Precinct 4101,C 2: This constitutional measure would amend certain sections and repeal other sections of Article XII of the North Dakota Constitution,,,Yes,334
Cass,Precinct 4101,Justice of the Supreme Court,,NON,Dale Sandstrom,353
Cass,Precinct 4101,Public Service Commissioner,,DEM,Cheryl Bergian,162
Cass,Precinct 4101,Public Service Commissioner,,REP,Tony Clark,198
Cass,Precinct 4101,Secretary of State,,DEM,Kristin Hedger,155
Cass,Precinct 4101,Secretary of State,,REP,Alvin A (Al) Jaeger,209
Cass,Precinct 4101,State House Legislative,41,REP,Al Carlson,193
Cass,Precinct 4101,State House Legislative,41,REP,Bette B Grande,169
Cass,Precinct 4101,State Senate Legislative District 41,,REP,Tony Grindberg,205
Cass,Precinct 4101,Tax Commissioner,,DEM,Brent Edison,160
Cass,Precinct 4101,Tax Commissioner,,REP,Cory Fong,192
Cass,Precinct 4101,U.S. House,1,DEM,Earl Pomeroy,196
Cass,Precinct 4101,U.S. House,1,REP,Matt Mechtel,194
Cass,Precinct 4101,U.S. Senate,,DEM,Kent Conrad,206
Cass,Precinct 4101,U.S. Senate,,REP,Dwight Grotberg,193
Cass,Precinct 4102,Agriculture Commissioner,,DEM,Roger Johnson,190
Cass,Precinct 4102,Agriculture Commissioner,,REP,Doug Goehring,113
Cass,Precinct 4102,Attorney General,,DEM,Bill Brudvik,171
Cass,Precinct 4102,Attorney General,,REP,Wayne Stenehjem,115
Cass,Precinct 4102,C 1: This constitutional measure would amend section 16 of Article XI of the North Dakota Constitution,,,No,95
Cass,Precinct 4102,C 1: This constitutional measure would amend section 16 of Article XI of the North Dakota Constitution,,,Yes,232
Cass,Precinct 4102,C 2: This constitutional measure would amend certain sections and repeal other sections of Article XII of the North Dakota Constitution,,,No,65
Cass,Precinct 4102,C 2: This constitutional measure would amend certain sections and repeal other sections of Article XII of the North Dakota Constitution,,,Yes,252
Cass,Precinct 4102,Justice of the Supreme Court,,NON,Dale Sandstrom,281
Cass,Precinct 4102,Public Service Commissioner,,DEM,Cheryl Bergian,177
Cass,Precinct 4102,Public Service Commissioner,,REP,Tony Clark,114
Cass,Precinct 4102,Secretary of State,,DEM,Kristin Hedger,173
Cass,Precinct 4102,Secretary of State,,REP,Alvin A (Al) Jaeger,117
Cass,Precinct 4102,State House Legislative,41,REP,Al Carlson,102
Cass,Precinct 4102,State House Legislative,41,REP,Bette B Grande,91
Cass,Precinct 4102,State Senate Legislative District 41,,REP,Tony Grindberg,114
Cass,Precinct 4102,Tax Commissioner,,DEM,Brent Edison,175
Cass,Precinct 4102,Tax Commissioner,,REP,Cory Fong,110
Cass,Precinct 4102,U.S. House,1,DEM,Earl Pomeroy,217
Cass,Precinct 4102,U.S. House,1,REP,Matt Mechtel,113
Cass,Precinct 4102,U.S. Senate,,DEM,Kent Conrad,221
Cass,Precinct 4102,U.S. Senate,,REP,Dwight Grotberg,113
Cass,Precinct 4103,Agriculture Commissioner,,DEM,Roger Johnson,335
Cass,Precinct 4103,Agriculture Commissioner,,REP,Doug Goehring,392
Cass,Precinct 4103,Attorney General,,DEM,Bill Brudvik,305
Cass,Precinct 4103,Attorney General,,REP,Wayne Stenehjem,404
Cass,Precinct 4103,C 1: This constitutional measure would amend section 16 of Article XI of the North Dakota Constitution,,,No,203
Cass,Precinct 4103,C 1: This constitutional measure would amend section 16 of Article XI of the North Dakota Constitution,,,Yes,645
Cass,Precinct 4103,C 2: This constitutional measure would amend certain sections and repeal other sections of Article XII of the North Dakota Constitution,,,No,127
Cass,Precinct 4103,C 2: This constitutional measure would amend certain sections and repeal other sections of Article XII of the North Dakota Constitution,,,Yes,698
Cass,Precinct 4103,Justice of the Supreme Court,,NON,Dale Sandstrom,744
Cass,Precinct 4103,Public Service Commissioner,,DEM,Cheryl Bergian,308
Cass,Precinct 4103,Public Service Commissioner,,REP,Tony Clark,392
Cass,Precinct 4103,Secretary of State,,DEM,Kristin Hedger,309
Cass,Precinct 4103,Secretary of State,,REP,Alvin A (Al) Jaeger,401
Cass,Precinct 4103,State House Legislative,41,REP,Al Carlson,374
Cass,Precinct 4103,State House Legislative,41,REP,Bette B Grande,306
Cass,Precinct 4103,State Senate Legislative District 41,,REP,Tony Grindberg,400
Cass,Precinct 4103,Tax Commissioner,,DEM,Brent Edison,317
Cass,Precinct 4103,Tax Commissioner,,REP,Cory Fong,388
Cass,Precinct 4103,U.S. House,1,DEM,Earl Pomeroy,385
Cass,Precinct 4103,U.S. House,1,REP,Matt Mechtel,383
Cass,Precinct 4103,U.S. Senate,,DEM,Kent Conrad,390
Cass,Precinct 4103,U.S. Senate,,REP,Dwight Grotberg,386
Cass,Precinct 4104,Agriculture Commissioner,,DEM,Roger Johnson,336
Cass,Precinct 4104,Agriculture Commissioner,,REP,Doug Goehring,304
Cass,Precinct 4104,Attorney General,,DEM,Bill Brudvik,315
Cass,Precinct 4104,Attorney General,,REP,Wayne Stenehjem,316
Cass,Precinct 4104,C 1: This constitutional measure would amend section 16 of Article XI of the North Dakota Constitution,,,No,182
Cass,Precinct 4104,C 1: This constitutional measure would amend section 16 of Article XI of the North Dakota Constitution,,,Yes,493
Cass,Precinct 4104,C 2: This constitutional measure would amend certain sections and repeal other sections of Article XII of the North Dakota Constitution,,,No,124
Cass,Precinct 4104,C 2: This constitutional measure would amend certain sections and repeal other sections of Article XII of the North Dakota Constitution,,,Yes,537
Cass,Precinct 4104,Justice of the Supreme Court,,NON,Dale Sandstrom,598
Cass,Precinct 4104,Public Service Commissioner,,DEM,Cheryl Bergian,315
Cass,Precinct 4104,Public Service Commissioner,,REP,Tony Clark,310
Cass,Precinct 4104,Secretary of State,,DEM,Kristin Hedger,313
Cass,Precinct 4104,Secretary of State,,REP,Alvin A (Al) Jaeger,314
Cass,Precinct 4104,State House Legislative,41,REP,Al Carlson,274
Cass,Precinct 4104,State House Legislative,41,REP,Bette B Grande,261
Cass,Precinct 4104,State Senate Legislative District 41,,REP,Tony Grindberg,316
Cass,Precinct 4104,Tax Commissioner,,DEM,Brent Edison,319
Cass,Precinct 4104,Tax Commissioner,,REP,Cory Fong,305
Cass,Precinct 4104,U.S. House,1,DEM,Earl Pomeroy,369
Cass,Precinct 4104,U.S. House,1,REP,Matt Mechtel,306
Cass,Precinct 4104,U.S. Senate,,DEM,Kent Conrad,375
Cass,Precinct 4104,U.S. Senate,,REP,Dwight Grotberg,306
Cass,Precinct 4105,Agriculture Commissioner,,DEM,Roger Johnson,179
Cass,Precinct 4105,Agriculture Commissioner,,REP,Doug Goehring,244
Cass,Precinct 4105,Attorney General,,DEM,Bill Brudvik,164
Cass,Precinct 4105,Attorney General,,REP,Wayne Stenehjem,254
Cass,Precinct 4105,C 1: This constitutional measure would amend section 16 of Article XI of the North Dakota Constitution,,,No,117
Cass,Precinct 4105,C 1: This constitutional measure would amend section 16 of Article XI of the North Dakota Constitution,,,Yes,341
Cass,Precinct 4105,C 2: This constitutional measure would amend certain sections and repeal other sections of Article XII of the North Dakota Constitution,,,No,65
Cass,Precinct 4105,C 2: This constitutional measure would amend certain sections and repeal other sections of Article XII of the North Dakota Constitution,,,Yes,371
Cass,Precinct 4105,Justice of the Supreme Court,,NON,Dale Sandstrom,398
Cass,Precinct 4105,Public Service Commissioner,,DEM,Cheryl Bergian,164
Cass,Precinct 4105,Public Service Commissioner,,REP,Tony Clark,245
Cass,Precinct 4105,Secretary of State,,DEM,Kristin Hedger,166
Cass,Precinct 4105,Secretary of State,,REP,Alvin A (Al) Jaeger,250
Cass,Precinct 4105,State House Legislative,41,REP,Al Carlson,235
Cass,Precinct 4105,State House Legislative,41,REP,Bette B Grande,202
Cass,Precinct 4105,State Senate Legislative District 41,,REP,Tony Grindberg,252
Cass,Precinct 4105,Tax Commissioner,,DEM,Brent Edison,167
Cass,Precinct 4105,Tax Commissioner,,REP,Cory Fong,244
Cass,Precinct 4105,U.S. House,1,DEM,Earl Pomeroy,207
Cass,Precinct 4105,U.S. House,1,REP,Matt Mechtel,241
Cass,Precinct 4105,U.S. Senate,,DEM,Kent Conrad,215
Cass,Precinct 4105,U.S. Senate,,REP,Dwight Grotberg,244
Cass,Precinct 4401,Agriculture Commissioner,,DEM,Roger Johnson,248
Cass,Precinct 4401,Agriculture Commissioner,,REP,Doug Goehring,123
Cass,Precinct 4401,Attorney General,,DEM,Bill Brudvik,239
Cass,Precinct 4401,Attorney General,,REP,Wayne Stenehjem,135
Cass,Precinct 4401,C 1: This constitutional measure would amend section 16 of Article XI of the North Dakota Constitution,,,No,132
Cass,Precinct 4401,C 1: This constitutional measure would amend section 16 of Article XI of the North Dakota Constitution,,,Yes,269
Cass,Precinct 4401,C 2: This constitutional measure would amend certain sections and repeal other sections of Article XII of the North Dakota Constitution,,,No,109
Cass,Precinct 4401,C 2: This constitutional measure would amend certain sections and repeal other sections of Article XII of the North Dakota Constitution,,,Yes,276
Cass,Precinct 4401,Justice of the Supreme Court,,NON,Dale Sandstrom,326
Cass,Precinct 4401,Public Service Commissioner,,DEM,Cheryl Bergian,242
Cass,Precinct 4401,Public Service Commissioner,,REP,Tony Clark,127
Cass,Precinct 4401,Secretary of State,,DEM,Kristin Hedger,241
Cass,Precinct 4401,Secretary of State,,REP,Alvin A (Al) Jaeger,131
Cass,Precinct 4401,Tax Commissioner,,DEM,Brent Edison,243
Cass,Precinct 4401,Tax Commissioner,,REP,Cory Fong,125
Cass,Precinct 4401,U.S. House,1,DEM,Earl Pomeroy,261
Cass,Precinct 4401,U.S. House,1,REP,Matt Mechtel,124
Cass,Precinct 4401,U.S. Senate,,DEM,Kent Conrad,267
Cass,Precinct 4401,U.S. Senate,,REP,Dwight Grotberg,128
Cass,Precinct 4402,Agriculture Commissioner,,DEM,Roger Johnson,450
Cass,Precinct 4402,Agriculture Commissioner,,REP,Doug Goehring,269
Cass,Precinct 4402,Attorney General,,DEM,Bill Brudvik,435
Cass,Precinct 4402,Attorney General,,REP,Wayne Stenehjem,276
Cass,Precinct 4402,C 1: This constitutional measure would amend section 16 of Article XI of the North Dakota Constitution,,,No,246
Cass,Precinct 4402,C 1: This constitutional measure would amend section 16 of Article XI of the North Dakota Constitution,,,Yes,560
Cass,Precinct 4402,C 2: This constitutional measure would amend certain sections and repeal other sections of Article XII of the North Dakota Constitution,,,No,154
Cass,Precinct 4402,C 2: This constitutional measure would amend certain sections and repeal other sections of Article XII of the North Dakota Constitution,,,Yes,628
Cass,Precinct 4402,Justice of the Supreme Court,,NON,Dale Sandstrom,665
Cass,Precinct 4402,Public Service Commissioner,,DEM,Cheryl Bergian,433
Cass,Precinct 4402,Public Service Commissioner,,REP,Tony Clark,271
Cass,Precinct 4402,Secretary of State,,DEM,Kristin Hedger,438
Cass,Precinct 4402,Secretary of State,,REP,Alvin A (Al) Jaeger,266
Cass,Precinct 4402,Tax Commissioner,,DEM,Brent Edison,435
Cass,Precinct 4402,Tax Commissioner,,REP,Cory Fong,262
Cass,Precinct 4402,U.S. House,1,DEM,Earl Pomeroy,488
Cass,Precinct 4402,U.S. House,1,REP,Matt Mechtel,265
Cass,Precinct 4402,U.S. Senate,,DEM,Kent Conrad,491
Cass,Precinct 4402,U.S. Senate,,REP,Dwight Grotberg,263
Cass,Precinct 4403,Agriculture Commissioner,,DEM,Roger Johnson,328
Cass,Precinct 4403,Agriculture Commissioner,,REP,Doug Goehring,181
Cass,Precinct 4403,Attorney General,,DEM,Bill Brudvik,325
Cass,Precinct 4403,Attorney General,,REP,Wayne Stenehjem,188
Cass,Precinct 4403,C 1: This constitutional measure would amend section 16 of Article XI of the North Dakota Constitution,,,No,149
Cass,Precinct 4403,C 1: This constitutional measure would amend section 16 of Article XI of the North Dakota Constitution,,,Yes,381
Cass,Precinct 4403,C 2: This constitutional measure would amend certain sections and repeal other sections of Article XII of the North Dakota Constitution,,,No,114
Cass,Precinct 4403,C 2: This constitutional measure would amend certain sections and repeal other sections of Article XII of the North Dakota Constitution,,,Yes,402
Cass,Precinct 4403,Justice of the Supreme Court,,NON,Dale Sandstrom,456
Cass,Precinct 4403,Public Service Commissioner,,DEM,Cheryl Bergian,324
Cass,Precinct 4403,Public Service Commissioner,,REP,Tony Clark,183
Cass,Precinct 4403,Secretary of State,,DEM,Kristin Hedger,329
Cass,Precinct 4403,Secretary of State,,REP,Alvin A (Al) Jaeger,183
Cass,Precinct 4403,Tax Commissioner,,DEM,Brent Edison,324
Cass,Precinct 4403,Tax Commissioner,,REP,Cory Fong,177
Cass,Precinct 4403,U.S. House,1,DEM,Earl Pomeroy,356
Cass,Precinct 4403,U.S. House,1,REP,Matt Mechtel,179
Cass,Precinct 4403,U.S. Senate,,DEM,Kent Conrad,359
Cass,Precinct 4403,U.S. Senate,,REP,Dwight Grotberg,183
Cass,Precinct 4404,Agriculture Commissioner,,DEM,Roger Johnson,417
Cass,Precinct 4404,Agriculture Commissioner,,REP,Doug Goehring,345
Cass,Precinct 4404,Attorney General,,DEM,Bill Brudvik,398
Cass,Precinct 4404,Attorney General,,REP,Wayne Stenehjem,357
Cass,Precinct 4404,C 1: This constitutional measure would amend section 16 of Article XI of the North Dakota Constitution,,,No,201
Cass,Precinct 4404,C 1: This constitutional measure would amend section 16 of Article XI of the North Dakota Constitution,,,Yes,614
Cass,Precinct 4404,C 2: This constitutional measure would amend certain sections and repeal other sections of Article XII of the North Dakota Constitution,,,No,152
Cass,Precinct 4404,C 2: This constitutional measure would amend certain sections and repeal other sections of Article XII of the North Dakota Constitution,,,Yes,630
Cass,Precinct 4404,Justice of the Supreme Court,,NON,Dale Sandstrom,719
Cass,Precinct 4404,Public Service Commissioner,,DEM,Cheryl Bergian,399
Cass,Precinct 4404,Public Service Commissioner,,REP,Tony Clark,358
Cass,Precinct 4404,Secretary of State,,DEM,Kristin Hedger,402
Cass,Precinct 4404,Secretary of State,,REP,Alvin A (Al) Jaeger,358
Cass,Precinct 4404,Tax Commissioner,,DEM,Brent Edison,398
Cass,Precinct 4404,Tax Commissioner,,REP,Cory Fong,344
Cass,Precinct 4404,U.S. House,1,DEM,Earl Pomeroy,444
Cass,Precinct 4404,U.S. House,1,REP,Matt Mechtel,333
Cass,Precinct 4404,U.S. Senate,,DEM,Kent Conrad,452
Cass,Precinct 4404,U.S. Senate,,REP,Dwight Grotberg,335
Cass,Precinct 4405,Agriculture Commissioner,,DEM,Roger Johnson,181
Cass,Precinct 4405,Agriculture Commissioner,,REP,Doug Goehring,99
Cass,Precinct 4405,Attorney General,,DEM,Bill Brudvik,173
Cass,Precinct 4405,Attorney General,,REP,Wayne Stenehjem,106
Cass,Precinct 4405,C 1: This constitutional measure would amend section 16 of Article XI of the North Dakota Constitution,,,No,80
Cass,Precinct 4405,C 1: This constitutional measure would amend section 16 of Article XI of the North Dakota Constitution,,,Yes,205
Cass,Precinct 4405,C 2: This constitutional measure would amend certain sections and repeal other sections of Article XII of the North Dakota Constitution,,,No,68
Cass,Precinct 4405,C 2: This constitutional measure would amend certain sections and repeal other sections of Article XII of the North Dakota Constitution,,,Yes,213
Cass,Precinct 4405,Justice of the Supreme Court,,NON,Dale Sandstrom,261
Cass,Precinct 4405,Public Service Commissioner,,DEM,Cheryl Bergian,174
Cass,Precinct 4405,Public Service Commissioner,,REP,Tony Clark,102
Cass,Precinct 4405,Secretary of State,,DEM,Kristin Hedger,168
Cass,Precinct 4405,Secretary of State,,REP,Alvin A (Al) Jaeger,103
Cass,Precinct 4405,Tax Commissioner,,DEM,Brent Edison,177
Cass,Precinct 4405,Tax Commissioner,,REP,Cory Fong,98
Cass,Precinct 4405,U.S. House,1,DEM,Earl Pomeroy,196
Cass,Precinct 4405,U.S. House,1,REP,Matt Mechtel,93
Cass,Precinct 4405,U.S. Senate,,DEM,Kent Conrad,196
Cass,Precinct 4405,U.S. Senate,,REP,Dwight Grotberg,95
Cass,Precinct 4406,Agriculture Commissioner,,DEM,Roger Johnson,268
Cass,Precinct 4406,Agriculture Commissioner,,REP,Doug Goehring,264
Cass,Precinct 4406,Attorney General,,DEM,Bill Brudvik,244
Cass,Precinct 4406,Attorney General,,REP,Wayne Stenehjem,277
Cass,Precinct 4406,C 1: This constitutional measure would amend section 16 of Article XI of the North Dakota Constitution,,,No,144
Cass,Precinct 4406,C 1: This constitutional measure would amend section 16 of Article XI of the North Dakota Constitution,,,Yes,437
Cass,Precinct 4406,C 2: This constitutional measure would amend certain sections and repeal other sections of Article XII of the North Dakota Constitution,,,No,102
Cass,Precinct 4406,C 2: This constitutional measure would amend certain sections and repeal other sections of Article XII of the North Dakota Constitution,,,Yes,461
Cass,Precinct 4406,Justice of the Supreme Court,,NON,Dale Sandstrom,490
Cass,Precinct 4406,Public Service Commissioner,,DEM,Cheryl Bergian,246
Cass,Precinct 4406,Public Service Commissioner,,REP,Tony Clark,276
Cass,Precinct 4406,Secretary of State,,DEM,Kristin Hedger,249
Cass,Precinct 4406,Secretary of State,,REP,Alvin A (Al) Jaeger,275
Cass,Precinct 4406,Tax Commissioner,,DEM,Brent Edison,247
Cass,Precinct 4406,Tax Commissioner,,REP,Cory Fong,265
Cass,Precinct 4406,U.S. House,1,DEM,Earl Pomeroy,286
Cass,Precinct 4406,U.S. House,1,REP,Matt Mechtel,264
Cass,Precinct 4406,U.S. Senate,,DEM,Kent Conrad,290
Cass,Precinct 4406,U.S. Senate,,REP,Dwight Grotberg,264
Cass,Precinct 4501,Agriculture Commissioner,,DEM,Roger Johnson,281
Cass,Precinct 4501,Agriculture Commissioner,,REP,Doug Goehring,194
Cass,Precinct 4501,Attorney General,,DEM,Bill Brudvik,257
Cass,Precinct 4501,Attorney General,,REP,Wayne Stenehjem,195
Cass,Precinct 4501,C 1: This constitutional measure would amend section 16 of Article XI of the North Dakota Constitution,,,No,136
Cass,Precinct 4501,C 1: This constitutional measure would amend section 16 of Article XI of the North Dakota Constitution,,,Yes,341
Cass,Precinct 4501,C 2: This constitutional measure would amend certain sections and repeal other sections of Article XII of the North Dakota Constitution,,,No,111
Cass,Precinct 4501,C 2: This constitutional measure would amend certain sections and repeal other sections of Article XII of the North Dakota Constitution,,,Yes,354
Cass,Precinct 4501,Justice of the Supreme Court,,NON,Dale Sandstrom,427
Cass,Precinct 4501,Public Service Commissioner,,DEM,Cheryl Bergian,269
Cass,Precinct 4501,Public Service Commissioner,,REP,Tony Clark,195
Cass,Precinct 4501,Secretary of State,,DEM,Kristin Hedger,265
Cass,Precinct 4501,Secretary of State,,REP,Alvin A (Al) Jaeger,197
Cass,Precinct 4501,State House Legislative,45,DEM,Barry N Nelson,239
Cass,Precinct 4501,State House Legislative,45,DEM,Ed Gruchalla,222
Cass,Precinct 4501,State House Legislative,45,REP,LeRoy G Bernstein,165
Cass,Precinct 4501,State House Legislative,45,REP,Rick Berg,189
Cass,Precinct 4501,State Senate Legislative District 45,,DEM,Tom Fiebiger,271
Cass,Precinct 4501,State Senate Legislative District 45,,REP,John O Syverson,190
Cass,Precinct 4501,Tax Commissioner,,DEM,Brent Edison,270
Cass,Precinct 4501,Tax Commissioner,,REP,Cory Fong,192
Cass,Precinct 4501,U.S. House,1,DEM,Earl Pomeroy,292
Cass,Precinct 4501,U.S. House,1,REP,Matt Mechtel,190
Cass,Precinct 4501,U.S. Senate,,DEM,Kent Conrad,296
Cass,Precinct 4501,U.S. Senate,,REP,Dwight Grotberg,191
Cass,Precinct 4502,Agriculture Commissioner,,DEM,Roger Johnson,7
Cass,Precinct 4502,Agriculture Commissioner,,REP,Doug Goehring,7
Cass,Precinct 4502,Attorney General,,DEM,Bill Brudvik,7
Cass,Precinct 4502,Attorney General,,REP,Wayne Stenehjem,6
Cass,Precinct 4502,C 1: This constitutional measure would amend section 16 of Article XI of the North Dakota Constitution,,,No,1
Cass,Precinct 4502,C 1: This constitutional measure would amend section 16 of Article XI of the North Dakota Constitution,,,Yes,18
Cass,Precinct 4502,C 2: This constitutional measure would amend certain sections and repeal other sections of Article XII of the North Dakota Constitution,,,No,2
Cass,Precinct 4502,C 2: This constitutional measure would amend certain sections and repeal other sections of Article XII of the North Dakota Constitution,,,Yes,18
Cass,Precinct 4502,Justice of the Supreme Court,,NON,Dale Sandstrom,13
Cass,Precinct 4502,Public Service Commissioner,,DEM,Cheryl Bergian,6
Cass,Precinct 4502,Public Service Commissioner,,REP,Tony Clark,6
Cass,Precinct 4502,Secretary of State,,DEM,Kristin Hedger,7
Cass,Precinct 4502,Secretary of State,,REP,Alvin A (Al) Jaeger,7
Cass,Precinct 4502,State House Legislative,45,DEM,Barry N Nelson,5
Cass,Precinct 4502,State House Legislative,45,DEM,Ed Gruchalla,6
Cass,Precinct 4502,State House Legislative,45,REP,LeRoy G Bernstein,5
Cass,Precinct 4502,State House Legislative,45,REP,Rick Berg,6
Cass,Precinct 4502,State Senate Legislative District 45,,DEM,Tom Fiebiger,6
Cass,Precinct 4502,State Senate Legislative District 45,,REP,John O Syverson,6
Cass,Precinct 4502,Tax Commissioner,,DEM,Brent Edison,7
Cass,Precinct 4502,Tax Commissioner,,REP,Cory Fong,7
Cass,Precinct 4502,U.S. House,1,DEM,Earl Pomeroy,11
Cass,Precinct 4502,U.S. House,1,REP,Matt Mechtel,6
Cass,Precinct 4502,U.S. Senate,,DEM,Kent Conrad,14
Cass,Precinct 4502,U.S. Senate,,REP,Dwight Grotberg,6
Cass,Precinct 4503,Agriculture Commissioner,,DEM,Roger Johnson,367
Cass,Precinct 4503,Agriculture Commissioner,,REP,Doug Goehring,279
Cass,Precinct 4503,Attorney General,,DEM,Bill Brudvik,344
Cass,Precinct 4503,Attorney General,,REP,Wayne Stenehjem,289
Cass,Precinct 4503,C 1: This constitutional measure would amend section 16 of Article XI of the North Dakota Constitution,,,No,179
Cass,Precinct 4503,C 1: This constitutional measure would amend section 16 of Article XI of the North Dakota Constitution,,,Yes,509
Cass,Precinct 4503,C 2: This constitutional measure would amend certain sections and repeal other sections of Article XII of the North Dakota Constitution,,,No,131
Cass,Precinct 4503,C 2: This constitutional measure would amend certain sections and repeal other sections of Article XII of the North Dakota Constitution,,,Yes,543
Cass,Precinct 4503,Justice of the Supreme Court,,NON,Dale Sandstrom,600
Cass,Precinct 4503,Public Service Commissioner,,DEM,Cheryl Bergian,347
Cass,Precinct 4503,Public Service Commissioner,,REP,Tony Clark,274
Cass,Precinct 4503,Secretary of State,,DEM,Kristin Hedger,340
Cass,Precinct 4503,Secretary of State,,REP,Alvin A (Al) Jaeger,287
Cass,Precinct 4503,State House Legislative,45,DEM,Barry N Nelson,313
Cass,Precinct 4503,State House Legislative,45,DEM,Ed Gruchalla,320
Cass,Precinct 4503,State House Legislative,45,REP,LeRoy G Bernstein,236
Cass,Precinct 4503,State House Legislative,45,REP,Rick Berg,255
Cass,Precinct 4503,State Senate Legislative District 45,,DEM,Tom Fiebiger,365
Cass,Precinct 4503,State Senate Legislative District 45,,REP,John O Syverson,281
Cass,Precinct 4503,Tax Commissioner,,DEM,Brent Edison,351
Cass,Precinct 4503,Tax Commissioner,,REP,Cory Fong,271
Cass,Precinct 4503,U.S. House,1,DEM,Earl Pomeroy,404
Cass,Precinct 4503,U.S. House,1,REP,Matt Mechtel,271
Cass,Precinct 4503,U.S. Senate,,DEM,Kent Conrad,412
Cass,Precinct 4503,U.S. Senate,,REP,Dwight Grotberg,274
Cass,Precinct 4504,Agriculture Commissioner,,DEM,Roger Johnson,317
Cass,Precinct 4504,Agriculture Commissioner,,REP,Doug Goehring,291
Cass,Precinct 4504,Attorney General,,DEM,Bill Brudvik,296
Cass,Precinct 4504,Attorney General,,REP,Wayne Stenehjem,295
Cass,Precinct 4504,C 1: This constitutional measure would amend section 16 of Article XI of the North Dakota Constitution,,,No,161
Cass,Precinct 4504,C 1: This constitutional measure would amend section 16 of Article XI of the North Dakota Constitution,,,Yes,452
Cass,Precinct 4504,C 2: This constitutional measure would amend certain sections and repeal other sections of Article XII of the North Dakota Constitution,,,No,73
Cass,Precinct 4504,C 2: This constitutional measure would amend certain sections and repeal other sections of Article XII of the North Dakota Constitution,,,Yes,525
Cass,Precinct 4504,Justice of the Supreme Court,,NON,Dale Sandstrom,563
Cass,Precinct 4504,Public Service Commissioner,,DEM,Cheryl Bergian,300
Cass,Precinct 4504,Public Service Commissioner,,REP,Tony Clark,292
Cass,Precinct 4504,Secretary of State,,DEM,Kristin Hedger,302
Cass,Precinct 4504,Secretary of State,,REP,Alvin A (Al) Jaeger,294
Cass,Precinct 4504,State House Legislative,45,DEM,Barry N Nelson,280
Cass,Precinct 4504,State House Legislative,45,DEM,Ed Gruchalla,262
Cass,Precinct 4504,State House Legislative,45,REP,LeRoy G Bernstein,242
Cass,Precinct 4504,State House Legislative,45,REP,Rick Berg,297
Cass,Precinct 4504,State Senate Legislative District 45,,DEM,Tom Fiebiger,310
Cass,Precinct 4504,State Senate Legislative District 45,,REP,John O Syverson,290
Cass,Precinct 4504,Tax Commissioner,,DEM,Brent Edison,305
Cass,Precinct 4504,Tax Commissioner,,REP,Cory Fong,290
Cass,Precinct 4504,U.S. House,1,DEM,Earl Pomeroy,338
Cass,Precinct 4504,U.S. House,1,REP,Matt Mechtel,288
Cass,Precinct 4504,U.S. Senate,,DEM,Kent Conrad,341
Cass,Precinct 4504,U.S. Senate,,REP,Dwight Grotberg,292
Cass,Precinct 4506,Agriculture Commissioner,,DEM,Roger Johnson,114
Cass,Precinct 4506,Agriculture Commissioner,,REP,Doug Goehring,78
Cass,Precinct 4506,Attorney General,,DEM,Bill Brudvik,110
Cass,Precinct 4506,Attorney General,,REP,Wayne Stenehjem,79
Cass,Precinct 4506,C 1: This constitutional measure would amend section 16 of Article XI of the North Dakota Constitution,,,No,65
Cass,Precinct 4506,C 1: This constitutional measure would amend section 16 of Article XI of the North Dakota Constitution,,,Yes,145
Cass,Precinct 4506,C 2: This constitutional measure would amend certain sections and repeal other sections of Article XII of the North Dakota Constitution,,,No,57
Cass,Precinct 4506,C 2: This constitutional measure would amend certain sections and repeal other sections of Article XII of the North Dakota Constitution,,,Yes,148
Cass,Precinct 4506,Justice of the Supreme Court,,NON,Dale Sandstrom,186
Cass,Precinct 4506,Public Service Commissioner,,DEM,Cheryl Bergian,110
Cass,Precinct 4506,Public Service Commissioner,,REP,Tony Clark,78
Cass,Precinct 4506,Secretary of State,,DEM,Kristin Hedger,112
Cass,Precinct 4506,Secretary of State,,REP,Alvin A (Al) Jaeger,80
Cass,Precinct 4506,State House Legislative,45,DEM,Barry N Nelson,101
Cass,Precinct 4506,State House Legislative,45,DEM,Ed Gruchalla,98
Cass,Precinct 4506,State House Legislative,45,REP,LeRoy G Bernstein,58
Cass,Precinct 4506,State House Legislative,45,REP,Rick Berg,73
Cass,Precinct 4506,State Senate Legislative District 45,,DEM,Tom Fiebiger,116
Cass,Precinct 4506,State Senate Legislative District 45,,REP,John O Syverson,74
Cass,Precinct 4506,Tax Commissioner,,DEM,Brent Edison,109
Cass,Precinct 4506,Tax Commissioner,,REP,Cory Fong,77
Cass,Precinct 4506,U.S. House,1,DEM,Earl Pomeroy,128
Cass,Precinct 4506,U.S. House,1,REP,Matt Mechtel,77
Cass,Precinct 4506,U.S. Senate,,DEM,Kent Conrad,129
Cass,Precinct 4506,U.S. Senate,,REP,Dwight Grotberg,77
Cass,Precinct 4601,Agriculture Commissioner,,DEM,Roger Johnson,259
Cass,Precinct 4601,Agriculture Commissioner,,REP,Doug Goehring,258
Cass,Precinct 4601,Attorney General,,DEM,Bill Brudvik,246
Cass,Precinct 4601,Attorney General,,REP,Wayne Stenehjem,271
Cass,Precinct 4601,C 1: This constitutional measure would amend section 16 of Article XI of the North Dakota Constitution,,,No,125
Cass,Precinct 4601,C 1: This constitutional measure would amend section 16 of Article XI of the North Dakota Constitution,,,Yes,401
Cass,Precinct 4601,C 2: This constitutional measure would amend certain sections and repeal other sections of Article XII of the North Dakota Constitution,,,No,72
Cass,Precinct 4601,C 2: This constitutional measure would amend certain sections and repeal other sections of Article XII of the North Dakota Constitution,,,Yes,422
Cass,Precinct 4601,Justice of the Supreme Court,,NON,Dale Sandstrom,483
Cass,Precinct 4601,Public Service Commissioner,,DEM,Cheryl Bergian,246
Cass,Precinct 4601,Public Service Commissioner,,REP,Tony Clark,263
Cass,Precinct 4601,Secretary of State,,DEM,Kristin Hedger,246
Cass,Precinct 4601,Secretary of State,,REP,Alvin A (Al) Jaeger,271
Cass,Precinct 4601,Tax Commissioner,,DEM,Brent Edison,250
Cass,Precinct 4601,Tax Commissioner,,REP,Cory Fong,255
Cass,Precinct 4601,U.S. House,1,DEM,Earl Pomeroy,278
Cass,Precinct 4601,U.S. House,1,REP,Matt Mechtel,253
Cass,Precinct 4601,U.S. Senate,,DEM,Kent Conrad,291
Cass,Precinct 4601,U.S. Senate,,REP,Dwight Grotberg,260
Cass,Precinct 4602,Agriculture Commissioner,,DEM,Roger Johnson,203
Cass,Precinct 4602,Agriculture Commissioner,,REP,Doug Goehring,133
Cass,Precinct 4602,Attorney General,,DEM,Bill Brudvik,193
Cass,Precinct 4602,Attorney General,,REP,Wayne Stenehjem,137
Cass,Precinct 4602,C 1: This constitutional measure would amend section 16 of Article XI of the North Dakota Constitution,,,No,104
Cass,Precinct 4602,C 1: This constitutional measure would amend section 16 of Article XI of the North Dakota Constitution,,,Yes,229
Cass,Precinct 4602,C 2: This constitutional measure would amend certain sections and repeal other sections of Article XII of the North Dakota Constitution,,,No,81
Cass,Precinct 4602,C 2: This constitutional measure would amend certain sections and repeal other sections of Article XII of the North Dakota Constitution,,,Yes,245
Cass,Precinct 4602,Justice of the Supreme Court,,NON,Dale Sandstrom,316
Cass,Precinct 4602,Public Service Commissioner,,DEM,Cheryl Bergian,195
Cass,Precinct 4602,Public Service Commissioner,,REP,Tony Clark,132
Cass,Precinct 4602,Secretary of State,,DEM,Kristin Hedger,195
Cass,Precinct 4602,Secretary of State,,REP,Alvin A (Al) Jaeger,134
Cass,Precinct 4602,Tax Commissioner,,DEM,Brent Edison,195
Cass,Precinct 4602,Tax Commissioner,,REP,Cory Fong,132
Cass,Precinct 4602,U.S. House,1,DEM,Earl Pomeroy,219
Cass,Precinct 4602,U.S. House,1,REP,Matt Mechtel,131
Cass,Precinct 4602,U.S. Senate,,DEM,Kent Conrad,222
Cass,Precinct 4602,U.S. Senate,,REP,Dwight Grotberg,130
Cass,Precinct 4603,Agriculture Commissioner,,DEM,Roger Johnson,214
Cass,Precinct 4603,Agriculture Commissioner,,REP,Doug Goehring,107
Cass,Precinct 4603,Attorney General,,DEM,Bill Brudvik,197
Cass,Precinct 4603,Attorney General,,REP,Wayne Stenehjem,110
Cass,Precinct 4603,C 1: This constitutional measure would amend section 16 of Article XI of the North Dakota Constitution,,,No,97
Cass,Precinct 4603,C 1: This constitutional measure would amend section 16 of Article XI of the North Dakota Constitution,,,Yes,254
Cass,Precinct 4603,C 2: This constitutional measure would amend certain sections and repeal other sections of Article XII of the North Dakota Constitution,,,No,70
Cass,Precinct 4603,C 2: This constitutional measure would amend certain sections and repeal other sections of Article XII of the North Dakota Constitution,,,Yes,269
Cass,Precinct 4603,Justice of the Supreme Court,,NON,Dale Sandstrom,300
Cass,Precinct 4603,Public Service Commissioner,,DEM,Cheryl Bergian,203
Cass,Precinct 4603,Public Service Commissioner,,REP,Tony Clark,105
Cass,Precinct 4603,Secretary of State,,DEM,Kristin Hedger,199
Cass,Precinct 4603,Secretary of State,,REP,Alvin A (Al) Jaeger,108
Cass,Precinct 4603,Tax Commissioner,,DEM,Brent Edison,204
Cass,Precinct 4603,Tax Commissioner,,REP,Cory Fong,106
Cass,Precinct 4603,U.S. House,1,DEM,Earl Pomeroy,230
Cass,Precinct 4603,U.S. House,1,REP,Matt Mechtel,106
Cass,Precinct 4603,U.S. Senate,,DEM,Kent Conrad,230
Cass,Precinct 4603,U.S. Senate,,REP,Dwight Grotberg,106
Cass,Precinct 4604,Agriculture Commissioner,,DEM,Roger Johnson,289
Cass,Precinct 4604,Agriculture Commissioner,,REP,Doug Goehring,264
Cass,Precinct 4604,Attorney General,,DEM,Bill Brudvik,275
Cass,Precinct 4604,Attorney General,,REP,Wayne Stenehjem,277
Cass,Precinct 4604,C 1: This constitutional measure would amend section 16 of Article XI of the North Dakota Constitution,,,No,139
Cass,Precinct 4604,C 1: This constitutional measure would amend section 16 of Article XI of the North Dakota Constitution,,,Yes,459
Cass,Precinct 4604,C 2: This constitutional measure would amend certain sections and repeal other sections of Article XII of the North Dakota Constitution,,,No,81
Cass,Precinct 4604,C 2: This constitutional measure would amend certain sections and repeal other sections of Article XII of the North Dakota Constitution,,,Yes,497
Cass,Precinct 4604,Justice of the Supreme Court,,NON,Dale Sandstrom,522
Cass,Precinct 4604,Public Service Commissioner,,DEM,Cheryl Bergian,273
Cass,Precinct 4604,Public Service Commissioner,,REP,Tony Clark,269
Cass,Precinct 4604,Secretary of State,,DEM,Kristin Hedger,271
Cass,Precinct 4604,Secretary of State,,REP,Alvin A (Al) Jaeger,275
Cass,Precinct 4604,Tax Commissioner,,DEM,Brent Edison,274
Cass,Precinct 4604,Tax Commissioner,,REP,Cory Fong,265
Cass,Precinct 4604,U.S. House,1,DEM,Earl Pomeroy,322
Cass,Precinct 4604,U.S. House,1,REP,Matt Mechtel,269
Cass,Precinct 4604,U.S. Senate,,DEM,Kent Conrad,330
Cass,Precinct 4604,U.S. Senate,,REP,Dwight Grotberg,264
Cass,Precinct 4605,Agriculture Commissioner,,DEM,Roger Johnson,239
Cass,Precinct 4605,Agriculture Commissioner,,REP,Doug Goehring,238
Cass,Precinct 4605,Attorney General,,DEM,Bill Brudvik,224
Cass,Precinct 4605,Attorney General,,REP,Wayne Stenehjem,245
Cass,Precinct 4605,C 1: This constitutional measure would amend section 16 of Article XI of the North Dakota Constitution,,,No,127
Cass,Precinct 4605,C 1: This constitutional measure would amend section 16 of Article XI of the North Dakota Constitution,,,Yes,390
Cass,Precinct 4605,C 2: This constitutional measure would amend certain sections and repeal other sections of Article XII of the North Dakota Constitution,,,No,78
Cass,Precinct 4605,C 2: This constitutional measure would amend certain sections and repeal other sections of Article XII of the North Dakota Constitution,,,Yes,427
Cass,Precinct 4605,Justice of the Supreme Court,,NON,Dale Sandstrom,461
Cass,Precinct 4605,Public Service Commissioner,,DEM,Cheryl Bergian,230
Cass,Precinct 4605,Public Service Commissioner,,REP,Tony Clark,235
Cass,Precinct 4605,Secretary of State,,DEM,Kristin Hedger,222
Cass,Precinct 4605,Secretary of State,,REP,Alvin A (Al) Jaeger,238
Cass,Precinct 4605,Tax Commissioner,,DEM,Brent Edison,229
Cass,Precinct 4605,Tax Commissioner,,REP,Cory Fong,234
Cass,Precinct 4605,U.S. House,1,DEM,Earl Pomeroy,254
Cass,Precinct 4605,U.S. House,1,REP,Matt Mechtel,236
Cass,Precinct 4605,U.S. Senate,,DEM,Kent Conrad,255
Cass,Precinct 4605,U.S. Senate,,REP,Dwight Grotberg,237
Cass,Precinct 4606,Agriculture Commissioner,,DEM,Roger Johnson,307
Cass,Precinct 4606,Agriculture Commissioner,,REP,Doug Goehring,358
Cass,Precinct 4606,Attorney General,,DEM,Bill Brudvik,295
Cass,Precinct 4606,Attorney General,,REP,Wayne Stenehjem,370
Cass,Precinct 4606,C 1: This constitutional measure would amend section 16 of Article XI of the North Dakota Constitution,,,No,174
Cass,Precinct 4606,C 1: This constitutional measure would amend section 16 of Article XI of the North Dakota Constitution,,,Yes,552
Cass,Precinct 4606,C 2: This constitutional measure would amend certain sections and repeal other sections of Article XII of the North Dakota Constitution,,,No,90
Cass,Precinct 4606,C 2: This constitutional measure would amend certain sections and repeal other sections of Article XII of the North Dakota Constitution,,,Yes,614
Cass,Precinct 4606,Justice of the Supreme Court,,NON,Dale Sandstrom,646
Cass,Precinct 4606,Public Service Commissioner,,DEM,Cheryl Bergian,289
Cass,Precinct 4606,Public Service Commissioner,,REP,Tony Clark,359
Cass,Precinct 4606,Secretary of State,,DEM,Kristin Hedger,291
Cass,Precinct 4606,Secretary of State,,REP,Alvin A (Al) Jaeger,370
Cass,Precinct 4606,Tax Commissioner,,DEM,Brent Edison,293
Cass,Precinct 4606,Tax Commissioner,,REP,Cory Fong,363
Cass,Precinct 4606,U.S. House,1,DEM,Earl Pomeroy,334
Cass,Precinct 4606,U.S. House,1,REP,Matt Mechtel,351
Cass,Precinct 4606,U.S. Senate,,DEM,Kent Conrad,341
Cass,Precinct 4606,U.S. Senate,,REP,Dwight Grotberg,353
Cavalier,Precinct 1001,Agriculture Commissioner,,DEM,Roger Johnson,29
Cavalier,Precinct 1001,Agriculture Commissioner,,REP,Doug Goehring,13
Cavalier,Precinct 1001,Attorney General,,DEM,Bill Brudvik,25
Cavalier,Precinct 1001,Attorney General,,REP,Wayne Stenehjem,12
Cavalier,Precinct 1001,C 1: This constitutional measure would amend section 16 of Article XI of the North Dakota Constitution,,,No,19
Cavalier,Precinct 1001,C 1: This constitutional measure would amend section 16 of Article XI of the North Dakota Constitution,,,Yes,21
Cavalier,Precinct 1001,C 2: This constitutional measure would amend certain sections and repeal other sections of Article XII of the North Dakota Constitution,,,No,20
Cavalier,Precinct 1001,C 2: This constitutional measure would amend certain sections and repeal other sections of Article XII of the North Dakota Constitution,,,Yes,18
Cavalier,Precinct 1001,Justice of the Supreme Court,,NON,Dale Sandstrom,38
Cavalier,Precinct 1001,Public Service Commissioner,,DEM,Cheryl Bergian,27
Cavalier,Precinct 1001,Public Service Commissioner,,REP,Tony Clark,12
Cavalier,Precinct 1001,Secretary of State,,DEM,Kristin Hedger,27
Cavalier,Precinct 1001,Secretary of State,,REP,Alvin A (Al) Jaeger,12
Cavalier,Precinct 1001,Tax Commissioner,,DEM,Brent Edison,26
Cavalier,Precinct 1001,Tax Commissioner,,REP,Cory Fong,12
Cavalier,Precinct 1001,U.S. House,1,DEM,Earl Pomeroy,33
Cavalier,Precinct 1001,U.S. House,1,REP,Matt Mechtel,13
Cavalier,Precinct 1001,U.S. Senate,,DEM,Kent Conrad,34
Cavalier,Precinct 1001,U.S. Senate,,REP,Dwight Grotberg,13
Cavalier,Precinct 1002,Agriculture Commissioner,,DEM,Roger Johnson,41
Cavalier,Precinct 1002,Agriculture Commissioner,,REP,Doug Goehring,13
Cavalier,Precinct 1002,Attorney General,,DEM,Bill Brudvik,38
Cavalier,Precinct 1002,Attorney General,,REP,Wayne Stenehjem,11
Cavalier,Precinct 1002,C 1: This constitutional measure would amend section 16 of Article XI of the North Dakota Constitution,,,No,15
Cavalier,Precinct 1002,C 1: This constitutional measure would amend section 16 of Article XI of the North Dakota Constitution,,,Yes,35
Cavalier,Precinct 1002,C 2: This constitutional measure would amend certain sections and repeal other sections of Article XII of the North Dakota Constitution,,,No,18
Cavalier,Precinct 1002,C 2: This constitutional measure would amend certain sections and repeal other sections of Article XII of the North Dakota Constitution,,,Yes,30
Cavalier,Precinct 1002,Justice of the Supreme Court,,NON,Dale Sandstrom,47
Cavalier,Precinct 1002,Public Service Commissioner,,DEM,Cheryl Bergian,39
Cavalier,Precinct 1002,Public Service Commissioner,,REP,Tony Clark,9
Cavalier,Precinct 1002,Secretary of State,,DEM,Kristin Hedger,39
Cavalier,Precinct 1002,Secretary of State,,REP,Alvin A (Al) Jaeger,11
Cavalier,Precinct 1002,Tax Commissioner,,DEM,Brent Edison,38
Cavalier,Precinct 1002,Tax Commissioner,,REP,Cory Fong,10
Cavalier,Precinct 1002,U.S. House,1,DEM,Earl Pomeroy,45
Cavalier,Precinct 1002,U.S. House,1,REP,Matt Mechtel,10
Cavalier,Precinct 1002,U.S. Senate,,DEM,Kent Conrad,45
Cavalier,Precinct 1002,U.S. Senate,,REP,Dwight Grotberg,11
Cavalier,Precinct 1003,Agriculture Commissioner,,DEM,Roger Johnson,46
Cavalier,Precinct 1003,Agriculture Commissioner,,REP,Doug Goehring,40
Cavalier,Precinct 1003,Attorney General,,DEM,Bill Brudvik,43
Cavalier,Precinct 1003,Attorney General,,REP,Wayne Stenehjem,41
Cavalier,Precinct 1003,C 1: This constitutional measure would amend section 16 of Article XI of the North Dakota Constitution,,,No,45
Cavalier,Precinct 1003,C 1: This constitutional measure would amend section 16 of Article XI of the North Dakota Constitution,,,Yes,40
Cavalier,Precinct 1003,C 2: This constitutional measure would amend certain sections and repeal other sections of Article XII of the North Dakota Constitution,,,No,34
Cavalier,Precinct 1003,C 2: This constitutional measure would amend certain sections and repeal other sections of Article XII of the North Dakota Constitution,,,Yes,47
Cavalier,Precinct 1003,Justice of the Supreme Court,,NON,Dale Sandstrom,78
Cavalier,Precinct 1003,Public Service Commissioner,,DEM,Cheryl Bergian,44
Cavalier,Precinct 1003,Public Service Commissioner,,REP,Tony Clark,40
Cavalier,Precinct 1003,Secretary of State,,DEM,Kristin Hedger,42
Cavalier,Precinct 1003,Secretary of State,,REP,Alvin A (Al) Jaeger,41
Cavalier,Precinct 1003,Tax Commissioner,,DEM,Brent Edison,42
Cavalier,Precinct 1003,Tax Commissioner,,REP,Cory Fong,40
Cavalier,Precinct 1003,U.S. House,1,DEM,Earl Pomeroy,54
Cavalier,Precinct 1003,U.S. House,1,REP,Matt Mechtel,38
Cavalier,Precinct 1003,U.S. Senate,,DEM,Kent Conrad,53
Cavalier,Precinct 1003,U.S. Senate,,REP,Dwight Grotberg,41
Cavalier,Precinct 1004,Agriculture Commissioner,,DEM,Roger Johnson,18
Cavalier,Precinct 1004,Agriculture Commissioner,,REP,Doug Goehring,14
Cavalier,Precinct 1004,Attorney General,,DEM,Bill Brudvik,12
Cavalier,Precinct 1004,Attorney General,,REP,Wayne Stenehjem,14
Cavalier,Precinct 1004,C 1: This constitutional measure would amend section 16 of Article XI of the North Dakota Constitution,,,No,15
Cavalier,Precinct 1004,C 1: This constitutional measure would amend section 16 of Article XI of the North Dakota Constitution,,,Yes,20
Cavalier,Precinct 1004,C 2: This constitutional measure would amend certain sections and repeal other sections of Article XII of the North Dakota Constitution,,,No,11
Cavalier,Precinct 1004,C 2: This constitutional measure would amend certain sections and repeal other sections of Article XII of the North Dakota Constitution,,,Yes,20
Cavalier,Precinct 1004,Justice of the Supreme Court,,NON,Dale Sandstrom,27
Cavalier,Precinct 1004,Public Service Commissioner,,DEM,Cheryl Bergian,11
Cavalier,Precinct 1004,Public Service Commissioner,,REP,Tony Clark,11
Cavalier,Precinct 1004,Secretary of State,,DEM,Kristin Hedger,12
Cavalier,Precinct 1004,Secretary of State,,REP,Alvin A (Al) Jaeger,13
Cavalier,Precinct 1004,Tax Commissioner,,DEM,Brent Edison,11
Cavalier,Precinct 1004,Tax Commissioner,,REP,Cory Fong,12
Cavalier,Precinct 1004,U.S. House,1,DEM,Earl Pomeroy,18
Cavalier,Precinct 1004,U.S. House,1,REP,Matt Mechtel,11
Cavalier,Precinct 1004,U.S. Senate,,DEM,Kent Conrad,20
Cavalier,Precinct 1004,U.S. Senate,,REP,Dwight Grotberg,12
Cavalier,Precinct 1005,Agriculture Commissioner,,DEM,Roger Johnson,15
Cavalier,Precinct 1005,Agriculture Commissioner,,REP,Doug Goehring,13
Cavalier,Precinct 1005,Attorney General,,DEM,Bill Brudvik,15
Cavalier,Precinct 1005,Attorney General,,REP,Wayne Stenehjem,13
Cavalier,Precinct 1005,C 1: This constitutional measure would amend section 16 of Article XI of the North Dakota Constitution,,,No,12
Cavalier,Precinct 1005,C 1: This constitutional measure would amend section 16 of Article XI of the North Dakota Constitution,,,Yes,25
Cavalier,Precinct 1005,C 2: This constitutional measure would amend certain sections and repeal other sections of Article XII of the North Dakota Constitution,,,No,8
Cavalier,Precinct 1005,C 2: This constitutional measure would amend certain sections and repeal other sections of Article XII of the North Dakota Constitution,,,Yes,27
Cavalier,Precinct 1005,Justice of the Supreme Court,,NON,Dale Sandstrom,29
Cavalier,Precinct 1005,Public Service Commissioner,,DEM,Cheryl Bergian,14
Cavalier,Precinct 1005,Public Service Commissioner,,REP,Tony Clark,13
Cavalier,Precinct 1005,Secretary of State,,DEM,Kristin Hedger,15
Cavalier,Precinct 1005,Secretary of State,,REP,Alvin A (Al) Jaeger,13
Cavalier,Precinct 1005,Tax Commissioner,,DEM,Brent Edison,14
Cavalier,Precinct 1005,Tax Commissioner,,REP,Cory Fong,12
Cavalier,Precinct 1005,U.S. House,1,DEM,Earl Pomeroy,17
Cavalier,Precinct 1005,U.S. House,1,REP,Matt Mechtel,13
Cavalier,Precinct 1005,U.S. Senate,,DEM,Kent Conrad,17
Cavalier,Precinct 1005,U.S. Senate,,REP,Dwight Grotberg,13
Cavalier,Precinct 1006,Agriculture Commissioner,,DEM,Roger Johnson,35
Cavalier,Precinct 1006,Agriculture Commissioner,,REP,Doug Goehring,20
Cavalier,Precinct 1006,Attorney General,,DEM,Bill Brudvik,31
Cavalier,Precinct 1006,Attorney General,,REP,Wayne Stenehjem,20
Cavalier,Precinct 1006,C 1: This constitutional measure would amend section 16 of Article XI of the North Dakota Constitution,,,No,9
Cavalier,Precinct 1006,C 1: This constitutional measure would amend section 16 of Article XI of the North Dakota Constitution,,,Yes,43
Cavalier,Precinct 1006,C 2: This constitutional measure would amend certain sections and repeal other sections of Article XII of the North Dakota Constitution,,,No,14
Cavalier,Precinct 1006,C 2: This constitutional measure would amend certain sections and repeal other sections of Article XII of the North Dakota Constitution,,,Yes,35
Cavalier,Precinct 1006,Justice of the Supreme Court,,NON,Dale Sandstrom,49
Cavalier,Precinct 1006,Public Service Commissioner,,DEM,Cheryl Bergian,33
Cavalier,Precinct 1006,Public Service Commissioner,,REP,Tony Clark,20
Cavalier,Precinct 1006,Secretary of State,,DEM,Kristin Hedger,32
Cavalier,Precinct 1006,Secretary of State,,REP,Alvin A (Al) Jaeger,20
Cavalier,Precinct 1006,Tax Commissioner,,DEM,Brent Edison,33
Cavalier,Precinct 1006,Tax Commissioner,,REP,Cory Fong,19
Cavalier,Precinct 1006,U.S. House,1,DEM,Earl Pomeroy,37
Cavalier,Precinct 1006,U.S. House,1,REP,Matt Mechtel,20
Cavalier,Precinct 1006,U.S. Senate,,DEM,Kent Conrad,37
Cavalier,Precinct 1006,U.S. Senate,,REP,Dwight Grotberg,22
Cavalier,Precinct 1007,Agriculture Commissioner,,DEM,Roger Johnson,42
Cavalier,Precinct 1007,Agriculture Commissioner,,REP,Doug Goehring,20
Cavalier,Precinct 1007,Attorney General,,DEM,Bill Brudvik,38
Cavalier,Precinct 1007,Attorney General,,REP,Wayne Stenehjem,20
Cavalier,Precinct 1007,C 1: This constitutional measure would amend section 16 of Article XI of the North Dakota Constitution,,,No,24
Cavalier,Precinct 1007,C 1: This constitutional measure would amend section 16 of Article XI of the North Dakota Constitution,,,Yes,42
Cavalier,Precinct 1007,C 2: This constitutional measure would amend certain sections and repeal other sections of Article XII of the North Dakota Constitution,,,No,26
Cavalier,Precinct 1007,C 2: This constitutional measure would amend certain sections and repeal other sections of Article XII of the North Dakota Constitution,,,Yes,33
Cavalier,Precinct 1007,Justice of the Supreme Court,,NON,Dale Sandstrom,61
Cavalier,Precinct 1007,Public Service Commissioner,,DEM,Cheryl Bergian,39
Cavalier,Precinct 1007,Public Service Commissioner,,REP,Tony Clark,20
Cavalier,Precinct 1007,Secretary of State,,DEM,Kristin Hedger,40
Cavalier,Precinct 1007,Secretary of State,,REP,Alvin A (Al) Jaeger,20
Cavalier,Precinct 1007,Tax Commissioner,,DEM,Brent Edison,41
Cavalier,Precinct 1007,Tax Commissioner,,REP,Cory Fong,19
Cavalier,Precinct 1007,U.S. House,1,DEM,Earl Pomeroy,46
Cavalier,Precinct 1007,U.S. House,1,REP,Matt Mechtel,21
Cavalier,Precinct 1007,U.S. Senate,,DEM,Kent Conrad,48
Cavalier,Precinct 1007,U.S. Senate,,REP,Dwight Grotberg,21
Cavalier,Precinct 1008,Agriculture Commissioner,,DEM,Roger Johnson,34
Cavalier,Precinct 1008,Agriculture Commissioner,,REP,Doug Goehring,11
Cavalier,Precinct 1008,Attorney General,,DEM,Bill Brudvik,31
Cavalier,Precinct 1008,Attorney General,,REP,Wayne Stenehjem,11
Cavalier,Precinct 1008,C 1: This constitutional measure would amend section 16 of Article XI of the North Dakota Constitution,,,No,14
Cavalier,Precinct 1008,C 1: This constitutional measure would amend section 16 of Article XI of the North Dakota Constitution,,,Yes,32
Cavalier,Precinct 1008,C 2: This constitutional measure would amend certain sections and repeal other sections of Article XII of the North Dakota Constitution,,,No,16
Cavalier,Precinct 1008,C 2: This constitutional measure would amend certain sections and repeal other sections of Article XII of the North Dakota Constitution,,,Yes,32
Cavalier,Precinct 1008,Justice of the Supreme Court,,NON,Dale Sandstrom,45
Cavalier,Precinct 1008,Public Service Commissioner,,DEM,Cheryl Bergian,33
Cavalier,Precinct 1008,Public Service Commissioner,,REP,Tony Clark,11
Cavalier,Precinct 1008,Secretary of State,,DEM,Kristin Hedger,31
Cavalier,Precinct 1008,Secretary of State,,REP,Alvin A (Al) Jaeger,11
Cavalier,Precinct 1008,Tax Commissioner,,DEM,Brent Edison,32
Cavalier,Precinct 1008,Tax Commissioner,,REP,Cory Fong,11
Cavalier,Precinct 1008,U.S. House,1,DEM,Earl Pomeroy,34
Cavalier,Precinct 1008,U.S. House,1,REP,Matt Mechtel,10
Cavalier,Precinct 1008,U.S. Senate,,DEM,Kent Conrad,35
Cavalier,Precinct 1008,U.S. Senate,,REP,Dwight Grotberg,11
Cavalier,Precinct 1009,Agriculture Commissioner,,DEM,Roger Johnson,94
Cavalier,Precinct 1009,Agriculture Commissioner,,REP,Doug Goehring,39
Cavalier,Precinct 1009,Attorney General,,DEM,Bill Brudvik,85
Cavalier,Precinct 1009,Attorney General,,REP,Wayne Stenehjem,37
Cavalier,Precinct 1009,C 1: This constitutional measure would amend section 16 of Article XI of the North Dakota Constitution,,,No,42
Cavalier,Precinct 1009,C 1: This constitutional measure would amend section 16 of Article XI of the North Dakota Constitution,,,Yes,96
Cavalier,Precinct 1009,C 2: This constitutional measure would amend certain sections and repeal other sections of Article XII of the North Dakota Constitution,,,No,47
Cavalier,Precinct 1009,C 2: This constitutional measure would amend certain sections and repeal other sections of Article XII of the North Dakota Constitution,,,Yes,83
Cavalier,Precinct 1009,Justice of the Supreme Court,,NON,Dale Sandstrom,120
Cavalier,Precinct 1009,Public Service Commissioner,,DEM,Cheryl Bergian,83
Cavalier,Precinct 1009,Public Service Commissioner,,REP,Tony Clark,37
Cavalier,Precinct 1009,Secretary of State,,DEM,Kristin Hedger,84
Cavalier,Precinct 1009,Secretary of State,,REP,Alvin A (Al) Jaeger,37
Cavalier,Precinct 1009,Tax Commissioner,,DEM,Brent Edison,85
Cavalier,Precinct 1009,Tax Commissioner,,REP,Cory Fong,37
Cavalier,Precinct 1009,U.S. House,1,DEM,Earl Pomeroy,109
Cavalier,Precinct 1009,U.S. House,1,REP,Matt Mechtel,38
Cavalier,Precinct 1009,U.S. Senate,,DEM,Kent Conrad,112
Cavalier,Precinct 1009,U.S. Senate,,REP,Dwight Grotberg,40
Cavalier,Precinct 1010,Agriculture Commissioner,,DEM,Roger Johnson,267
Cavalier,Precinct 1010,Agriculture Commissioner,,REP,Doug Goehring,129
Cavalier,Precinct 1010,Attorney General,,DEM,Bill Brudvik,235
Cavalier,Precinct 1010,Attorney General,,REP,Wayne Stenehjem,137
Cavalier,Precinct 1010,C 1: This constitutional measure would amend section 16 of Article XI of the North Dakota Constitution,,,No,127
Cavalier,Precinct 1010,C 1: This constitutional measure would amend section 16 of Article XI of the North Dakota Constitution,,,Yes,275
Cavalier,Precinct 1010,C 2: This constitutional measure would amend certain sections and repeal other sections of Article XII of the North Dakota Constitution,,,No,130
Cavalier,Precinct 1010,C 2: This constitutional measure would amend certain sections and repeal other sections of Article XII of the North Dakota Constitution,,,Yes,271
Cavalier,Precinct 1010,Justice of the Supreme Court,,NON,Dale Sandstrom,372
Cavalier,Precinct 1010,Public Service Commissioner,,DEM,Cheryl Bergian,234
Cavalier,Precinct 1010,Public Service Commissioner,,REP,Tony Clark,128
Cavalier,Precinct 1010,Secretary of State,,DEM,Kristin Hedger,241
Cavalier,Precinct 1010,Secretary of State,,REP,Alvin A (Al) Jaeger,135
Cavalier,Precinct 1010,Tax Commissioner,,DEM,Brent Edison,239
Cavalier,Precinct 1010,Tax Commissioner,,REP,Cory Fong,126
Cavalier,Precinct 1010,U.S. House,1,DEM,Earl Pomeroy,294
Cavalier,Precinct 1010,U.S. House,1,REP,Matt Mechtel,133
Cavalier,Precinct 1010,U.S. Senate,,DEM,Kent Conrad,301
Cavalier,Precinct 1010,U.S. Senate,,REP,Dwight Grotberg,136
Dickey,Precinct 2602,Agriculture Commissioner,,DEM,Roger Johnson,35
Dickey,Precinct 2602,Agriculture Commissioner,,REP,Doug Goehring,27
Dickey,Precinct 2602,Attorney General,,DEM,Bill Brudvik,32
Dickey,Precinct 2602,Attorney General,,REP,Wayne Stenehjem,27
Dickey,Precinct 2602,C 1: This constitutional measure would amend section 16 of Article XI of the North Dakota Constitution,,,No,11
Dickey,Precinct 2602,C 1: This constitutional measure would amend section 16 of Article XI of the North Dakota Constitution,,,Yes,46
Dickey,Precinct 2602,C 2: This constitutional measure would amend certain sections and repeal other sections of Article XII of the North Dakota Constitution,,,No,10
Dickey,Precinct 2602,C 2: This constitutional measure would amend certain sections and repeal other sections of Article XII of the North Dakota Constitution,,,Yes,44
Dickey,Precinct 2602,Justice of the Supreme Court,,NON,Dale Sandstrom,55
Dickey,Precinct 2602,Public Service Commissioner,,DEM,Cheryl Bergian,32
Dickey,Precinct 2602,Public Service Commissioner,,REP,Tony Clark,28
Dickey,Precinct 2602,Secretary of State,,DEM,Kristin Hedger,31
Dickey,Precinct 2602,Secretary of State,,REP,Alvin A (Al) Jaeger,27
Dickey,Precinct 2602,Tax Commissioner,,DEM,Brent Edison,32
Dickey,Precinct 2602,Tax Commissioner,,REP,Cory Fong,26
Dickey,Precinct 2602,U.S. House,1,DEM,Earl Pomeroy,34
Dickey,Precinct 2602,U.S. House,1,REP,Matt Mechtel,27
Dickey,Precinct 2602,U.S. Senate,,DEM,Kent Conrad,35
Dickey,Precinct 2602,U.S. Senate,,REP,Dwight Grotberg,26
Dickey,Precinct 2603,Agriculture Commissioner,,DEM,Roger Johnson,503
Dickey,Precinct 2603,Agriculture Commissioner,,REP,Doug Goehring,367
Dickey,Precinct 2603,Attorney General,,DEM,Bill Brudvik,488
Dickey,Precinct 2603,Attorney General,,REP,Wayne Stenehjem,373
Dickey,Precinct 2603,C 1: This constitutional measure would amend section 16 of Article XI of the North Dakota Constitution,,,No,233
Dickey,Precinct 2603,C 1: This constitutional measure would amend section 16 of Article XI of the North Dakota Constitution,,,Yes,647
Dickey,Precinct 2603,C 2: This constitutional measure would amend certain sections and repeal other sections of Article XII of the North Dakota Constitution,,,No,207
Dickey,Precinct 2603,C 2: This constitutional measure would amend certain sections and repeal other sections of Article XII of the North Dakota Constitution,,,Yes,659
Dickey,Precinct 2603,Justice of the Supreme Court,,NON,Dale Sandstrom,848
Dickey,Precinct 2603,Public Service Commissioner,,DEM,Cheryl Bergian,491
Dickey,Precinct 2603,Public Service Commissioner,,REP,Tony Clark,367
Dickey,Precinct 2603,Secretary of State,,DEM,Kristin Hedger,492
Dickey,Precinct 2603,Secretary of State,,REP,Alvin A (Al) Jaeger,372
Dickey,Precinct 2603,Tax Commissioner,,DEM,Brent Edison,483
Dickey,Precinct 2603,Tax Commissioner,,REP,Cory Fong,365
Dickey,Precinct 2603,U.S. House,1,DEM,Earl Pomeroy,533
Dickey,Precinct 2603,U.S. House,1,REP,Matt Mechtel,367
Dickey,Precinct 2603,U.S. Senate,,DEM,Kent Conrad,532
Dickey,Precinct 2603,U.S. Senate,,REP,Dwight Grotberg,373
Dickey,Precinct 2801,Agriculture Commissioner,,DEM,Roger Johnson,274
Dickey,Precinct 2801,Agriculture Commissioner,,REP,Doug Goehring,276
Dickey,Precinct 2801,Attorney General,,DEM,Bill Brudvik,264
Dickey,Precinct 2801,Attorney General,,REP,Wayne Stenehjem,280
Dickey,Precinct 2801,C 1: This constitutional measure would amend section 16 of Article XI of the North Dakota Constitution,,,No,134
Dickey,Precinct 2801,C 1: This constitutional measure would amend section 16 of Article XI of the North Dakota Constitution,,,Yes,395
Dickey,Precinct 2801,C 2: This constitutional measure would amend certain sections and repeal other sections of Article XII of the North Dakota Constitution,,,No,123
Dickey,Precinct 2801,C 2: This constitutional measure would amend certain sections and repeal other sections of Article XII of the North Dakota Constitution,,,Yes,402
Dickey,Precinct 2801,Justice of the Supreme Court,,NON,Dale Sandstrom,515
Dickey,Precinct 2801,Public Service Commissioner,,DEM,Cheryl Bergian,271
Dickey,Precinct 2801,Public Service Commissioner,,REP,Tony Clark,277
Dickey,Precinct 2801,Secretary of State,,DEM,Kristin Hedger,267
Dickey,Precinct 2801,Secretary of State,,REP,Alvin A (Al) Jaeger,275
Dickey,Precinct 2801,Tax Commissioner,,DEM,Brent Edison,268
Dickey,Precinct 2801,Tax Commissioner,,REP,Cory Fong,270
Dickey,Precinct 2801,U.S. House,1,DEM,Earl Pomeroy,280
Dickey,Precinct 2801,U.S. House,1,REP,Matt Mechtel,274
Dickey,Precinct 2801,U.S. Senate,,DEM,Kent Conrad,291
Dickey,Precinct 2801,U.S. Senate,,REP,Dwight Grotberg,276
Divide,Precinct 0201,Agriculture Commissioner,,DEM,Roger Johnson,183
Divide,Precinct 0201,Agriculture Commissioner,,REP,Doug Goehring,94
Divide,Precinct 0201,Attorney General,,DEM,Bill Brudvik,164
Divide,Precinct 0201,Attorney General,,REP,Wayne Stenehjem,101
Divide,Precinct 0201,C 1: This constitutional measure would amend section 16 of Article XI of the North Dakota Constitution,,,No,51
Divide,Precinct 0201,C 1: This constitutional measure would amend section 16 of Article XI of the North Dakota Constitution,,,Yes,248
Divide,Precinct 0201,C 2: This constitutional measure would amend certain sections and repeal other sections of Article XII of the North Dakota Constitution,,,No,63
Divide,Precinct 0201,C 2: This constitutional measure would amend certain sections and repeal other sections of Article XII of the North Dakota Constitution,,,Yes,232
Divide,Precinct 0201,Justice of the Supreme Court,,NON,Dale Sandstrom,284
Divide,Precinct 0201,Public Service Commissioner,,DEM,Cheryl Bergian,165
Divide,Precinct 0201,Public Service Commissioner,,REP,Tony Clark,93
Divide,Precinct 0201,Secretary of State,,DEM,Kristin Hedger,169
Divide,Precinct 0201,Secretary of State,,REP,Alvin A (Al) Jaeger,95
Divide,Precinct 0201,Tax Commissioner,,DEM,Brent Edison,167
Divide,Precinct 0201,Tax Commissioner,,REP,Cory Fong,93
Divide,Precinct 0201,U.S. House,1,DEM,Earl Pomeroy,195
Divide,Precinct 0201,U.S. House,1,REP,Matt Mechtel,94
Divide,Precinct 0201,U.S. Senate,,DEM,Kent Conrad,198
Divide,Precinct 0201,U.S. Senate,,REP,Dwight Grotberg,95
Divide,Precinct 0202,Agriculture Commissioner,,DEM,Roger Johnson,47
Divide,Precinct 0202,Agriculture Commissioner,,REP,Doug Goehring,14
Divide,Precinct 0202,Attorney General,,DEM,Bill Brudvik,46
Divide,Precinct 0202,Attorney General,,REP,Wayne Stenehjem,14
Divide,Precinct 0202,C 1: This constitutional measure would amend section 16 of Article XI of the North Dakota Constitution,,,No,15
Divide,Precinct 0202,C 1: This constitutional measure would amend section 16 of Article XI of the North Dakota Constitution,,,Yes,52
Divide,Precinct 0202,C 2: This constitutional measure would amend certain sections and repeal other sections of Article XII of the North Dakota Constitution,,,No,20
Divide,Precinct 0202,C 2: This constitutional measure would amend certain sections and repeal other sections of Article XII of the North Dakota Constitution,,,Yes,43
Divide,Precinct 0202,Justice of the Supreme Court,,NON,Dale Sandstrom,62
Divide,Precinct 0202,Public Service Commissioner,,DEM,Cheryl Bergian,47
Divide,Precinct 0202,Public Service Commissioner,,REP,Tony Clark,14
Divide,Precinct 0202,Secretary of State,,DEM,Kristin Hedger,46
Divide,Precinct 0202,Secretary of State,,REP,Alvin A (Al) Jaeger,14
Divide,Precinct 0202,Tax Commissioner,,DEM,Brent Edison,47
Divide,Precinct 0202,Tax Commissioner,,REP,Cory Fong,14
Divide,Precinct 0202,U.S. House,1,DEM,Earl Pomeroy,48
Divide,Precinct 0202,U.S. House,1,REP,Matt Mechtel,14
Divide,Precinct 0202,U.S. Senate,,DEM,Kent Conrad,48
Divide,Precinct 0202,U.S. Senate,,REP,Dwight Grotberg,14
Divide,Precinct 0203,Agriculture Commissioner,,DEM,Roger Johnson,40
Divide,Precinct 0203,Agriculture Commissioner,,REP,Doug Goehring,21
Divide,Precinct 0203,Attorney General,,DEM,Bill Brudvik,36
Divide,Precinct 0203,Attorney General,,REP,Wayne Stenehjem,24
Divide,Precinct 0203,C 1: This constitutional measure would amend section 16 of Article XI of the North Dakota Constitution,,,No,9
Divide,Precinct 0203,C 1: This constitutional measure would amend section 16 of Article XI of the North Dakota Constitution,,,Yes,50
Divide,Precinct 0203,C 2: This constitutional measure would amend certain sections and repeal other sections of Article XII of the North Dakota Constitution,,,No,13
Divide,Precinct 0203,C 2: This constitutional measure would amend certain sections and repeal other sections of Article XII of the North Dakota Constitution,,,Yes,44
Divide,Precinct 0203,Justice of the Supreme Court,,NON,Dale Sandstrom,59
Divide,Precinct 0203,Public Service Commissioner,,DEM,Cheryl Bergian,38
Divide,Precinct 0203,Public Service Commissioner,,REP,Tony Clark,22
Divide,Precinct 0203,Secretary of State,,DEM,Kristin Hedger,39
Divide,Precinct 0203,Secretary of State,,REP,Alvin A (Al) Jaeger,23
Divide,Precinct 0203,Tax Commissioner,,DEM,Brent Edison,38
Divide,Precinct 0203,Tax Commissioner,,REP,Cory Fong,21
Divide,Precinct 0203,U.S. House,1,DEM,Earl Pomeroy,40
Divide,Precinct 0203,U.S. House,1,REP,Matt Mechtel,21
Divide,Precinct 0203,U.S. Senate,,DEM,Kent Conrad,39
Divide,Precinct 0203,U.S. Senate,,REP,Dwight Grotberg,21
Divide,Precinct 0204,Agriculture Commissioner,,DEM,Roger Johnson,24
Divide,Precinct 0204,Agriculture Commissioner,,REP,Doug Goehring,20
Divide,Precinct 0204,Attorney General,,DEM,Bill Brudvik,19
Divide,Precinct 0204,Attorney General,,REP,Wayne Stenehjem,22
Divide,Precinct 0204,C 1: This constitutional measure would amend section 16 of Article XI of the North Dakota Constitution,,,No,10
Divide,Precinct 0204,C 1: This constitutional measure would amend section 16 of Article XI of the North Dakota Constitution,,,Yes,36
Divide,Precinct 0204,C 2: This constitutional measure would amend certain sections and repeal other sections of Article XII of the North Dakota Constitution,,,No,16
Divide,Precinct 0204,C 2: This constitutional measure would amend certain sections and repeal other sections of Article XII of the North Dakota Constitution,,,Yes,28
Divide,Precinct 0204,Justice of the Supreme Court,,NON,Dale Sandstrom,39
Divide,Precinct 0204,Public Service Commissioner,,DEM,Cheryl Bergian,19
Divide,Precinct 0204,Public Service Commissioner,,REP,Tony Clark,20
Divide,Precinct 0204,Secretary of State,,DEM,Kristin Hedger,19
Divide,Precinct 0204,Secretary of State,,REP,Alvin A (Al) Jaeger,21
Divide,Precinct 0204,Tax Commissioner,,DEM,Brent Edison,19
Divide,Precinct 0204,Tax Commissioner,,REP,Cory Fong,20
Divide,Precinct 0204,U.S. House,1,DEM,Earl Pomeroy,22
Divide,Precinct 0204,U.S. House,1,REP,Matt Mechtel,19
Divide,Precinct 0204,U.S. Senate,,DEM,Kent Conrad,24
Divide,Precinct 0204,U.S. Senate,,REP,Dwight Grotberg,19
Dunn,Precinct 0401,Agriculture Commissioner,,DEM,Roger Johnson,16
Dunn,Precinct 0401,Agriculture Commissioner,,REP,Doug Goehring,0
Dunn,Precinct 0401,Attorney General,,DEM,Bill Brudvik,16
Dunn,Precinct 0401,Attorney General,,REP,Wayne Stenehjem,0
Dunn,Precinct 0401,C 1: This constitutional measure would amend section 16 of Article XI of the North Dakota Constitution,,,No,5
Dunn,Precinct 0401,C 1: This constitutional measure would amend section 16 of Article XI of the North Dakota Constitution,,,Yes,12
Dunn,Precinct 0401,C 2: This constitutional measure would amend certain sections and repeal other sections of Article XII of the North Dakota Constitution,,,No,6
Dunn,Precinct 0401,C 2: This constitutional measure would amend certain sections and repeal other sections of Article XII of the North Dakota Constitution,,,Yes,10
Dunn,Precinct 0401,Justice of the Supreme Court,,NON,Dale Sandstrom,15
Dunn,Precinct 0401,Public Service Commissioner,,DEM,Cheryl Bergian,17
Dunn,Precinct 0401,Public Service Commissioner,,REP,Tony Clark,0
Dunn,Precinct 0401,Secretary of State,,DEM,Kristin Hedger,16
Dunn,Precinct 0401,Secretary of State,,REP,Alvin A (Al) Jaeger,0
Dunn,Precinct 0401,Tax Commissioner,,DEM,Brent Edison,16
Dunn,Precinct 0401,Tax Commissioner,,REP,Cory Fong,0
Dunn,Precinct 0401,U.S. House,1,DEM,Earl Pomeroy,17
Dunn,Precinct 0401,U.S. House,1,REP,Matt Mechtel,0
Dunn,Precinct 0401,U.S. Senate,,DEM,Kent Conrad,17
Dunn,Precinct 0401,U.S. Senate,,REP,Dwight Grotberg,0
Dunn,Precinct 0402,Agriculture Commissioner,,DEM,Roger Johnson,79
Dunn,Precinct 0402,Agriculture Commissioner,,REP,Doug Goehring,62
Dunn,Precinct 0402,Attorney General,,DEM,Bill Brudvik,67
Dunn,Precinct 0402,Attorney General,,REP,Wayne Stenehjem,61
Dunn,Precinct 0402,C 1: This constitutional measure would amend section 16 of Article XI of the North Dakota Constitution,,,No,52
Dunn,Precinct 0402,C 1: This constitutional measure would amend section 16 of Article XI of the North Dakota Constitution,,,Yes,80
Dunn,Precinct 0402,C 2: This constitutional measure would amend certain sections and repeal other sections of Article XII of the North Dakota Constitution,,,No,54
Dunn,Precinct 0402,C 2: This constitutional measure would amend certain sections and repeal other sections of Article XII of the North Dakota Constitution,,,Yes,77
Dunn,Precinct 0402,Justice of the Supreme Court,,NON,Dale Sandstrom,123
Dunn,Precinct 0402,Public Service Commissioner,,DEM,Cheryl Bergian,65
Dunn,Precinct 0402,Public Service Commissioner,,REP,Tony Clark,63
Dunn,Precinct 0402,Secretary of State,,DEM,Kristin Hedger,69
Dunn,Precinct 0402,Secretary of State,,REP,Alvin A (Al) Jaeger,61
Dunn,Precinct 0402,Tax Commissioner,,DEM,Brent Edison,67
Dunn,Precinct 0402,Tax Commissioner,,REP,Cory Fong,60
Dunn,Precinct 0402,U.S. House,1,DEM,Earl Pomeroy,79
Dunn,Precinct 0402,U.S. House,1,REP,Matt Mechtel,59
Dunn,Precinct 0402,U.S. Senate,,DEM,Kent Conrad,82
Dunn,Precinct 0402,U.S. Senate,,REP,Dwight Grotberg,59
Dunn,Precinct 0403,Agriculture Commissioner,,DEM,Roger Johnson,62
Dunn,Precinct 0403,Agriculture Commissioner,,REP,Doug Goehring,74
Dunn,Precinct 0403,Attorney General,,DEM,Bill Brudvik,58
Dunn,Precinct 0403,Attorney General,,REP,Wayne Stenehjem,74
Dunn,Precinct 0403,C 1: This constitutional measure would amend section 16 of Article XI of the North Dakota Constitution,,,No,46
Dunn,Precinct 0403,C 1: This constitutional measure would amend section 16 of Article XI of the North Dakota Constitution,,,Yes,99
Dunn,Precinct 0403,C 2: This constitutional measure would amend certain sections and repeal other sections of Article XII of the North Dakota Constitution,,,No,56
Dunn,Precinct 0403,C 2: This constitutional measure would amend certain sections and repeal other sections of Article XII of the North Dakota Constitution,,,Yes,83
Dunn,Precinct 0403,Justice of the Supreme Court,,NON,Dale Sandstrom,131
Dunn,Precinct 0403,Public Service Commissioner,,DEM,Cheryl Bergian,59
Dunn,Precinct 0403,Public Service Commissioner,,REP,Tony Clark,71
Dunn,Precinct 0403,Secretary of State,,DEM,Kristin Hedger,58
Dunn,Precinct 0403,Secretary of State,,REP,Alvin A (Al) Jaeger,75
Dunn,Precinct 0403,Tax Commissioner,,DEM,Brent Edison,59
Dunn,Precinct 0403,Tax Commissioner,,REP,Cory Fong,70
Dunn,Precinct 0403,U.S. House,1,DEM,Earl Pomeroy,65
Dunn,Precinct 0403,U.S. House,1,REP,Matt Mechtel,71
Dunn,Precinct 0403,U.S. Senate,,DEM,Kent Conrad,66
Dunn,Precinct 0403,U.S. Senate,,REP,Dwight Grotberg,73
Dunn,Precinct 0411,Agriculture Commissioner,,DEM,Roger Johnson,34
Dunn,Precinct 0411,Agriculture Commissioner,,REP,Doug Goehring,15
Dunn,Precinct 0411,Attorney General,,DEM,Bill Brudvik,33
Dunn,Precinct 0411,Attorney General,,REP,Wayne Stenehjem,15
Dunn,Precinct 0411,C 1: This constitutional measure would amend section 16 of Article XI of the North Dakota Constitution,,,No,15
Dunn,Precinct 0411,C 1: This constitutional measure would amend section 16 of Article XI of the North Dakota Constitution,,,Yes,30
Dunn,Precinct 0411,C 2: This constitutional measure would amend certain sections and repeal other sections of Article XII of the North Dakota Constitution,,,No,15
Dunn,Precinct 0411,C 2: This constitutional measure would amend certain sections and repeal other sections of Article XII of the North Dakota Constitution,,,Yes,28
Dunn,Precinct 0411,Justice of the Supreme Court,,NON,Dale Sandstrom,47
Dunn,Precinct 0411,Public Service Commissioner,,DEM,Cheryl Bergian,33
Dunn,Precinct 0411,Public Service Commissioner,,REP,Tony Clark,16
Dunn,Precinct 0411,Secretary of State,,DEM,Kristin Hedger,33
Dunn,Precinct 0411,Secretary of State,,REP,Alvin A (Al) Jaeger,15
Dunn,Precinct 0411,Tax Commissioner,,DEM,Brent Edison,33
Dunn,Precinct 0411,Tax Commissioner,,REP,Cory Fong,17
Dunn,Precinct 0411,U.S. House,1,DEM,Earl Pomeroy,33
Dunn,Precinct 0411,U.S. House,1,REP,Matt Mechtel,15
Dunn,Precinct 0411,U.S. Senate,,DEM,Kent Conrad,36
Dunn,Precinct 0411,U.S. Senate,,REP,Dwight Grotberg,16
Dunn,Precinct 0415,Agriculture Commissioner,,DEM,Roger Johnson,14
Dunn,Precinct 0415,Agriculture Commissioner,,REP,Doug Goehring,2
Dunn,Precinct 0415,Attorney General,,DEM,Bill Brudvik,14
Dunn,Precinct 0415,Attorney General,,REP,Wayne Stenehjem,2
Dunn,Precinct 0415,C 1: This constitutional measure would amend section 16 of Article XI of the North Dakota Constitution,,,No,3
Dunn,Precinct 0415,C 1: This constitutional measure would amend section 16 of Article XI of the North Dakota Constitution,,,Yes,10
Dunn,Precinct 0415,C 2: This constitutional measure would amend certain sections and repeal other sections of Article XII of the North Dakota Constitution,,,No,3
Dunn,Precinct 0415,C 2: This constitutional measure would amend certain sections and repeal other sections of Article XII of the North Dakota Constitution,,,Yes,10
Dunn,Precinct 0415,Justice of the Supreme Court,,NON,Dale Sandstrom,13
Dunn,Precinct 0415,Public Service Commissioner,,DEM,Cheryl Bergian,14
Dunn,Precinct 0415,Public Service Commissioner,,REP,Tony Clark,2
Dunn,Precinct 0415,Secretary of State,,DEM,Kristin Hedger,14
Dunn,Precinct 0415,Secretary of State,,REP,Alvin A (Al) Jaeger,2
Dunn,Precinct 0415,Tax Commissioner,,DEM,Brent Edison,14
Dunn,Precinct 0415,Tax Commissioner,,REP,Cory Fong,2
Dunn,Precinct 0415,U.S. House,1,DEM,Earl Pomeroy,14
Dunn,Precinct 0415,U.S. House,1,REP,Matt Mechtel,2
Dunn,Precinct 0415,U.S. Senate,,DEM,Kent Conrad,13
Dunn,Precinct 0415,U.S. Senate,,REP,Dwight Grotberg,2
Dunn,Precinct 3608,Agriculture Commissioner,,DEM,Roger Johnson,126
Dunn,Precinct 3608,Agriculture Commissioner,,REP,Doug Goehring,121
Dunn,Precinct 3608,Attorney General,,DEM,Bill Brudvik,123
Dunn,Precinct 3608,Attorney General,,REP,Wayne Stenehjem,122
Dunn,Precinct 3608,C 1: This constitutional measure would amend section 16 of Article XI of the North Dakota Constitution,,,No,76
Dunn,Precinct 3608,C 1: This constitutional measure would amend section 16 of Article XI of the North Dakota Constitution,,,Yes,167
Dunn,Precinct 3608,C 2: This constitutional measure would amend certain sections and repeal other sections of Article XII of the North Dakota Constitution,,,No,74
Dunn,Precinct 3608,C 2: This constitutional measure would amend certain sections and repeal other sections of Article XII of the North Dakota Constitution,,,Yes,166
Dunn,Precinct 3608,Justice of the Supreme Court,,NON,Dale Sandstrom,232
Dunn,Precinct 3608,Public Service Commissioner,,DEM,Cheryl Bergian,120
Dunn,Precinct 3608,Public Service Commissioner,,REP,Tony Clark,119
Dunn,Precinct 3608,Secretary of State,,DEM,Kristin Hedger,121
Dunn,Precinct 3608,Secretary of State,,REP,Alvin A (Al) Jaeger,122
Dunn,Precinct 3608,Tax Commissioner,,DEM,Brent Edison,123
Dunn,Precinct 3608,Tax Commissioner,,REP,Cory Fong,120
Dunn,Precinct 3608,U.S. House,1,DEM,Earl Pomeroy,136
Dunn,Precinct 3608,U.S. House,1,REP,Matt Mechtel,115
Dunn,Precinct 3608,U.S. Senate,,DEM,Kent Conrad,139
Dunn,Precinct 3608,U.S. Senate,,REP,Dwight Grotberg,115
Dunn,Precinct 3609,Agriculture Commissioner,,DEM,Roger Johnson,35
Dunn,Precinct 3609,Agriculture Commissioner,,REP,Doug Goehring,46
Dunn,Precinct 3609,Attorney General,,DEM,Bill Brudvik,33
Dunn,Precinct 3609,Attorney General,,REP,Wayne Stenehjem,47
Dunn,Precinct 3609,C 1: This constitutional measure would amend section 16 of Article XI of the North Dakota Constitution,,,No,33
Dunn,Precinct 3609,C 1: This constitutional measure would amend section 16 of Article XI of the North Dakota Constitution,,,Yes,54
Dunn,Precinct 3609,C 2: This constitutional measure would amend certain sections and repeal other sections of Article XII of the North Dakota Constitution,,,No,36
Dunn,Precinct 3609,C 2: This constitutional measure would amend certain sections and repeal other sections of Article XII of the North Dakota Constitution,,,Yes,49
Dunn,Precinct 3609,Justice of the Supreme Court,,NON,Dale Sandstrom,78
Dunn,Precinct 3609,Public Service Commissioner,,DEM,Cheryl Bergian,32
Dunn,Precinct 3609,Public Service Commissioner,,REP,Tony Clark,48
Dunn,Precinct 3609,Secretary of State,,DEM,Kristin Hedger,32
Dunn,Precinct 3609,Secretary of State,,REP,Alvin A (Al) Jaeger,44
Dunn,Precinct 3609,Tax Commissioner,,DEM,Brent Edison,32
Dunn,Precinct 3609,Tax Commissioner,,REP,Cory Fong,47
Dunn,Precinct 3609,U.S. House,1,DEM,Earl Pomeroy,34
Dunn,Precinct 3609,U.S. House,1,REP,Matt Mechtel,46
Dunn,Precinct 3609,U.S. Senate,,DEM,Kent Conrad,36
Dunn,Precinct 3609,U.S. Senate,,REP,Dwight Grotberg,47
Dunn,Precinct 3610,Agriculture Commissioner,,DEM,Roger Johnson,6
Dunn,Precinct 3610,Agriculture Commissioner,,REP,Doug Goehring,12
Dunn,Precinct 3610,Attorney General,,DEM,Bill Brudvik,5
Dunn,Precinct 3610,Attorney General,,REP,Wayne Stenehjem,12
Dunn,Precinct 3610,C 1: This constitutional measure would amend section 16 of Article XI of the North Dakota Constitution,,,No,8
Dunn,Precinct 3610,C 1: This constitutional measure would amend section 16 of Article XI of the North Dakota Constitution,,,Yes,10
Dunn,Precinct 3610,C 2: This constitutional measure would amend certain sections and repeal other sections of Article XII of the North Dakota Constitution,,,No,8
Dunn,Precinct 3610,C 2: This constitutional measure would amend certain sections and repeal other sections of Article XII of the North Dakota Constitution,,,Yes,10
Dunn,Precinct 3610,Justice of the Supreme Court,,NON,Dale Sandstrom,17
Dunn,Precinct 3610,Public Service Commissioner,,DEM,Cheryl Bergian,6
Dunn,Precinct 3610,Public Service Commissioner,,REP,Tony Clark,12
Dunn,Precinct 3610,Secretary of State,,DEM,Kristin Hedger,6
Dunn,Precinct 3610,Secretary of State,,REP,Alvin A (Al) Jaeger,12
Dunn,Precinct 3610,Tax Commissioner,,DEM,Brent Edison,6
Dunn,Precinct 3610,Tax Commissioner,,REP,Cory Fong,12
Dunn,Precinct 3610,U.S. House,1,DEM,Earl Pomeroy,6
Dunn,Precinct 3610,U.S. House,1,REP,Matt Mechtel,12
Dunn,Precinct 3610,U.S. Senate,,DEM,Kent Conrad,6
Dunn,Precinct 3610,U.S. Senate,,REP,Dwight Grotberg,12
Dunn,Precinct 3612,Agriculture Commissioner,,DEM,Roger Johnson,50
Dunn,Precinct 3612,Agriculture Commissioner,,REP,Doug Goehring,47
Dunn,Precinct 3612,Attorney General,,DEM,Bill Brudvik,44
Dunn,Precinct 3612,Attorney General,,REP,Wayne Stenehjem,51
Dunn,Precinct 3612,C 1: This constitutional measure would amend section 16 of Article XI of the North Dakota Constitution,,,No,51
Dunn,Precinct 3612,C 1: This constitutional measure would amend section 16 of Article XI of the North Dakota Constitution,,,Yes,48
Dunn,Precinct 3612,C 2: This constitutional measure would amend certain sections and repeal other sections of Article XII of the North Dakota Constitution,,,No,52
Dunn,Precinct 3612,C 2: This constitutional measure would amend certain sections and repeal other sections of Article XII of the North Dakota Constitution,,,Yes,45
Dunn,Precinct 3612,Justice of the Supreme Court,,NON,Dale Sandstrom,92
Dunn,Precinct 3612,Public Service Commissioner,,DEM,Cheryl Bergian,46
Dunn,Precinct 3612,Public Service Commissioner,,REP,Tony Clark,45
Dunn,Precinct 3612,Secretary of State,,DEM,Kristin Hedger,45
Dunn,Precinct 3612,Secretary of State,,REP,Alvin A (Al) Jaeger,47
Dunn,Precinct 3612,Tax Commissioner,,DEM,Brent Edison,44
Dunn,Precinct 3612,Tax Commissioner,,REP,Cory Fong,46
Dunn,Precinct 3612,U.S. House,1,DEM,Earl Pomeroy,50
Dunn,Precinct 3612,U.S. House,1,REP,Matt Mechtel,48
Dunn,Precinct 3612,U.S. Senate,,DEM,Kent Conrad,52
Dunn,Precinct 3612,U.S. Senate,,REP,Dwight Grotberg,48
Dunn,Precinct 3614,Agriculture Commissioner,,DEM,Roger Johnson,43
Dunn,Precinct 3614,Agriculture Commissioner,,REP,Doug Goehring,29
Dunn,Precinct 3614,Attorney General,,DEM,Bill Brudvik,40
Dunn,Precinct 3614,Attorney General,,REP,Wayne Stenehjem,26
Dunn,Precinct 3614,C 1: This constitutional measure would amend section 16 of Article XI of the North Dakota Constitution,,,No,22
Dunn,Precinct 3614,C 1: This constitutional measure would amend section 16 of Article XI of the North Dakota Constitution,,,Yes,42
Dunn,Precinct 3614,C 2: This constitutional measure would amend certain sections and repeal other sections of Article XII of the North Dakota Constitution,,,No,23
Dunn,Precinct 3614,C 2: This constitutional measure would amend certain sections and repeal other sections of Article XII of the North Dakota Constitution,,,Yes,42
Dunn,Precinct 3614,Justice of the Supreme Court,,NON,Dale Sandstrom,66
Dunn,Precinct 3614,Public Service Commissioner,,DEM,Cheryl Bergian,40
Dunn,Precinct 3614,Public Service Commissioner,,REP,Tony Clark,27
Dunn,Precinct 3614,Secretary of State,,DEM,Kristin Hedger,40
Dunn,Precinct 3614,Secretary of State,,REP,Alvin A (Al) Jaeger,29
Dunn,Precinct 3614,Tax Commissioner,,DEM,Brent Edison,41
Dunn,Precinct 3614,Tax Commissioner,,REP,Cory Fong,27
Dunn,Precinct 3614,U.S. House,1,DEM,Earl Pomeroy,46
Dunn,Precinct 3614,U.S. House,1,REP,Matt Mechtel,28
Dunn,Precinct 3614,U.S. Senate,,DEM,Kent Conrad,48
Dunn,Precinct 3614,U.S. Senate,,REP,Dwight Grotberg,28
Dunn,Precinct 3616,Agriculture Commissioner,,DEM,Roger Johnson,15
Dunn,Precinct 3616,Agriculture Commissioner,,REP,Doug Goehring,42
Dunn,Precinct 3616,Attorney General,,DEM,Bill Brudvik,13
Dunn,Precinct 3616,Attorney General,,REP,Wayne Stenehjem,44
Dunn,Precinct 3616,C 1: This constitutional measure would amend section 16 of Article XI of the North Dakota Constitution,,,No,25
Dunn,Precinct 3616,C 1: This constitutional measure would amend section 16 of Article XI of the North Dakota Constitution,,,Yes,34
Dunn,Precinct 3616,C 2: This constitutional measure would amend certain sections and repeal other sections of Article XII of the North Dakota Constitution,,,No,21
Dunn,Precinct 3616,C 2: This constitutional measure would amend certain sections and repeal other sections of Article XII of the North Dakota Constitution,,,Yes,37
Dunn,Precinct 3616,Justice of the Supreme Court,,NON,Dale Sandstrom,56
Dunn,Precinct 3616,Public Service Commissioner,,DEM,Cheryl Bergian,14
Dunn,Precinct 3616,Public Service Commissioner,,REP,Tony Clark,43
Dunn,Precinct 3616,Secretary of State,,DEM,Kristin Hedger,13
Dunn,Precinct 3616,Secretary of State,,REP,Alvin A (Al) Jaeger,43
Dunn,Precinct 3616,Tax Commissioner,,DEM,Brent Edison,14
Dunn,Precinct 3616,Tax Commissioner,,REP,Cory Fong,43
Dunn,Precinct 3616,U.S. House,1,DEM,Earl Pomeroy,15
Dunn,Precinct 3616,U.S. House,1,REP,Matt Mechtel,45
Dunn,Precinct 3616,U.S. Senate,,DEM,Kent Conrad,15
Dunn,Precinct 3616,U.S. Senate,,REP,Dwight Grotberg,45
Eddy,Precinct 2301,Agriculture Commissioner,,DEM,Roger Johnson,203
Eddy,Precinct 2301,Agriculture Commissioner,,REP,Doug Goehring,163
Eddy,Precinct 2301,Attorney General,,DEM,Bill Brudvik,191
Eddy,Precinct 2301,Attorney General,,REP,Wayne Stenehjem,170
Eddy,Precinct 2301,C 1: This constitutional measure would amend section 16 of Article XI of the North Dakota Constitution,,,No,94
Eddy,Precinct 2301,C 1: This constitutional measure would amend section 16 of Article XI of the North Dakota Constitution,,,Yes,275
Eddy,Precinct 2301,C 2: This constitutional measure would amend certain sections and repeal other sections of Article XII of the North Dakota Constitution,,,No,97
Eddy,Precinct 2301,C 2: This constitutional measure would amend certain sections and repeal other sections of Article XII of the North Dakota Constitution,,,Yes,265
Eddy,Precinct 2301,Justice of the Supreme Court,,NON,Dale Sandstrom,351
Eddy,Precinct 2301,Public Service Commissioner,,DEM,Cheryl Bergian,192
Eddy,Precinct 2301,Public Service Commissioner,,REP,Tony Clark,165
Eddy,Precinct 2301,Secretary of State,,DEM,Kristin Hedger,192
Eddy,Precinct 2301,Secretary of State,,REP,Alvin A (Al) Jaeger,165
Eddy,Precinct 2301,State House Legislative,23,DEM,Ben Vig,182
Eddy,Precinct 2301,State House Legislative,23,DEM,Edward R Brownshield,160
Eddy,Precinct 2301,State House Legislative,23,REP,Don Vigesaa,156
Eddy,Precinct 2301,State House Legislative,23,REP,William (Bill) Devlin,145
Eddy,Precinct 2301,State Senate Legislative District 23,,DEM,Joan Heckaman,213
Eddy,Precinct 2301,State Senate Legislative District 23,,REP,Frank E Walker,83
Eddy,Precinct 2301,State Senate Legislative District 23,,REP,Preston Meier,98
Eddy,Precinct 2301,Tax Commissioner,,DEM,Brent Edison,194
Eddy,Precinct 2301,Tax Commissioner,,REP,Cory Fong,162
Eddy,Precinct 2301,U.S. House,1,DEM,Earl Pomeroy,213
Eddy,Precinct 2301,U.S. House,1,REP,Matt Mechtel,157
Eddy,Precinct 2301,U.S. Senate,,DEM,Kent Conrad,217
Eddy,Precinct 2301,U.S. Senate,,REP,Dwight Grotberg,158
Eddy,Precinct 2302,Agriculture Commissioner,,DEM,Roger Johnson,41
Eddy,Precinct 2302,Agriculture Commissioner,,REP,Doug Goehring,21
Eddy,Precinct 2302,Attorney General,,DEM,Bill Brudvik,37
Eddy,Precinct 2302,Attorney General,,REP,Wayne Stenehjem,23
Eddy,Precinct 2302,C 1: This constitutional measure would amend section 16 of Article XI of the North Dakota Constitution,,,No,26
Eddy,Precinct 2302,C 1: This constitutional measure would amend section 16 of Article XI of the North Dakota Constitution,,,Yes,37
Eddy,Precinct 2302,C 2: This constitutional measure would amend certain sections and repeal other sections of Article XII of the North Dakota Constitution,,,No,31
Eddy,Precinct 2302,C 2: This constitutional measure would amend certain sections and repeal other sections of Article XII of the North Dakota Constitution,,,Yes,32
Eddy,Precinct 2302,Justice of the Supreme Court,,NON,Dale Sandstrom,58
Eddy,Precinct 2302,Public Service Commissioner,,DEM,Cheryl Bergian,36
Eddy,Precinct 2302,Public Service Commissioner,,REP,Tony Clark,23
Eddy,Precinct 2302,Secretary of State,,DEM,Kristin Hedger,37
Eddy,Precinct 2302,Secretary of State,,REP,Alvin A (Al) Jaeger,23
Eddy,Precinct 2302,State House Legislative,23,DEM,Ben Vig,34
Eddy,Precinct 2302,State House Legislative,23,DEM,Edward R Brownshield,35
Eddy,Precinct 2302,State House Legislative,23,REP,Don Vigesaa,22
Eddy,Precinct 2302,State House Legislative,23,REP,William (Bill) Devlin,22
Eddy,Precinct 2302,State Senate Legislative District 23,,DEM,Joan Heckaman,41
Eddy,Precinct 2302,State Senate Legislative District 23,,REP,Frank E Walker,18
Eddy,Precinct 2302,State Senate Legislative District 23,,REP,Preston Meier,11
Eddy,Precinct 2302,Tax Commissioner,,DEM,Brent Edison,37
Eddy,Precinct 2302,Tax Commissioner,,REP,Cory Fong,22
Eddy,Precinct 2302,U.S. House,1,DEM,Earl Pomeroy,40
Eddy,Precinct 2302,U.S. House,1,REP,Matt Mechtel,21
Eddy,Precinct 2302,U.S. Senate,,DEM,Kent Conrad,41
Eddy,Precinct 2302,U.S. Senate,,REP,Dwight Grotberg,21
Eddy,Precinct 2304,Agriculture Commissioner,,DEM,Roger Johnson,61
Eddy,Precinct 2304,Agriculture Commissioner,,REP,Doug Goehring,25
Eddy,Precinct 2304,Attorney General,,DEM,Bill Brudvik,56
Eddy,Precinct 2304,Attorney General,,REP,Wayne Stenehjem,26
Eddy,Precinct 2304,C 1: This constitutional measure would amend section 16 of Article XI of the North Dakota Constitution,,,No,26
Eddy,Precinct 2304,C 1: This constitutional measure would amend section 16 of Article XI of the North Dakota Constitution,,,Yes,69
Eddy,Precinct 2304,C 2: This constitutional measure would amend certain sections and repeal other sections of Article XII of the North Dakota Constitution,,,No,24
Eddy,Precinct 2304,C 2: This constitutional measure would amend certain sections and repeal other sections of Article XII of the North Dakota Constitution,,,Yes,68
Eddy,Precinct 2304,Justice of the Supreme Court,,NON,Dale Sandstrom,81
Eddy,Precinct 2304,Public Service Commissioner,,DEM,Cheryl Bergian,56
Eddy,Precinct 2304,Public Service Commissioner,,REP,Tony Clark,26
Eddy,Precinct 2304,Secretary of State,,DEM,Kristin Hedger,56
Eddy,Precinct 2304,Secretary of State,,REP,Alvin A (Al) Jaeger,26
Eddy,Precinct 2304,State House Legislative,23,DEM,Ben Vig,42
Eddy,Precinct 2304,State House Legislative,23,DEM,Edward R Brownshield,53
Eddy,Precinct 2304,State House Legislative,23,REP,Don Vigesaa,27
Eddy,Precinct 2304,State House Legislative,23,REP,William (Bill) Devlin,25
Eddy,Precinct 2304,State Senate Legislative District 23,,DEM,Joan Heckaman,62
Eddy,Precinct 2304,State Senate Legislative District 23,,REP,Frank E Walker,23
Eddy,Precinct 2304,State Senate Legislative District 23,,REP,Preston Meier,12
Eddy,Precinct 2304,Tax Commissioner,,DEM,Brent Edison,56
Eddy,Precinct 2304,Tax Commissioner,,REP,Cory Fong,25
Eddy,Precinct 2304,U.S. House,1,DEM,Earl Pomeroy,63
Eddy,Precinct 2304,U.S. House,1,REP,Matt Mechtel,26
Eddy,Precinct 2304,U.S. Senate,,DEM,Kent Conrad,63
Eddy,Precinct 2304,U.S. Senate,,REP,Dwight Grotberg,25
Eddy,Precinct 2903,Agriculture Commissioner,,DEM,Roger Johnson,50
Eddy,Precinct 2903,Agriculture Commissioner,,REP,Doug Goehring,15
Eddy,Precinct 2903,Attorney General,,DEM,Bill Brudvik,48
Eddy,Precinct 2903,Attorney General,,REP,Wayne Stenehjem,15
Eddy,Precinct 2903,C 1: This constitutional measure would amend section 16 of Article XI of the North Dakota Constitution,,,No,18
Eddy,Precinct 2903,C 1: This constitutional measure would amend section 16 of Article XI of the North Dakota Constitution,,,Yes,45
Eddy,Precinct 2903,C 2: This constitutional measure would amend certain sections and repeal other sections of Article XII of the North Dakota Constitution,,,No,24
Eddy,Precinct 2903,C 2: This constitutional measure would amend certain sections and repeal other sections of Article XII of the North Dakota Constitution,,,Yes,38
Eddy,Precinct 2903,Justice of the Supreme Court,,NON,Dale Sandstrom,60
Eddy,Precinct 2903,Public Service Commissioner,,DEM,Cheryl Bergian,48
Eddy,Precinct 2903,Public Service Commissioner,,REP,Tony Clark,15
Eddy,Precinct 2903,Secretary of State,,DEM,Kristin Hedger,49
Eddy,Precinct 2903,Secretary of State,,REP,Alvin A (Al) Jaeger,15
Eddy,Precinct 2903,State House Legislative,29,DEM,Clarence R Daniel,41
Eddy,Precinct 2903,State House Legislative,29,DEM,Ellen Linderman,43
Eddy,Precinct 2903,State House Legislative,29,REP,Chet Pollert,15
Eddy,Precinct 2903,State House Legislative,29,REP,Craig Headland,12
Eddy,Precinct 2903,State Senate Legislative District 29,,DEM,Dustin E Lien,47
Eddy,Precinct 2903,State Senate Legislative District 29,,REP,Terry M Wanzek,15
Eddy,Precinct 2903,Tax Commissioner,,DEM,Brent Edison,49
Eddy,Precinct 2903,Tax Commissioner,,REP,Cory Fong,15
Eddy,Precinct 2903,U.S. House,1,DEM,Earl Pomeroy,50
Eddy,Precinct 2903,U.S. House,1,REP,Matt Mechtel,15
Eddy,Precinct 2903,U.S. Senate,,DEM,Kent Conrad,50
Eddy,Precinct 2903,U.S. Senate,,REP,Dwight Grotberg,14
Emmons,Precinct 2801,Agriculture Commissioner,,DEM,Roger Johnson,11
Emmons,Precinct 2801,Agriculture Commissioner,,REP,Doug Goehring,26
Emmons,Precinct 2801,Attorney General,,DEM,Bill Brudvik,9
Emmons,Precinct 2801,Attorney General,,REP,Wayne Stenehjem,25
Emmons,Precinct 2801,C 1: This constitutional measure would amend section 16 of Article XI of the North Dakota Constitution,,,No,15
Emmons,Precinct 2801,C 1: This constitutional measure would amend section 16 of Article XI of the North Dakota Constitution,,,Yes,30
Emmons,Precinct 2801,C 2: This constitutional measure would amend certain sections and repeal other sections of Article XII of the North Dakota Constitution,,,No,19
Emmons,Precinct 2801,C 2: This constitutional measure would amend certain sections and repeal other sections of Article XII of the North Dakota Constitution,,,Yes,25
Emmons,Precinct 2801,Justice of the Supreme Court,,NON,Dale Sandstrom,33
Emmons,Precinct 2801,Public Service Commissioner,,DEM,Cheryl Bergian,11
Emmons,Precinct 2801,Public Service Commissioner,,REP,Tony Clark,26
Emmons,Precinct 2801,Secretary of State,,DEM,Kristin Hedger,10
Emmons,Precinct 2801,Secretary of State,,REP,Alvin A (Al) Jaeger,24
Emmons,Precinct 2801,Tax Commissioner,,DEM,Brent Edison,10
Emmons,Precinct 2801,Tax Commissioner,,REP,Cory Fong,25
Emmons,Precinct 2801,U.S. House,1,DEM,Earl Pomeroy,15
Emmons,Precinct 2801,U.S. House,1,REP,Matt Mechtel,26
Emmons,Precinct 2801,U.S. Senate,,DEM,Kent Conrad,14
Emmons,Precinct 2801,U.S. Senate,,REP,Dwight Grotberg,25
Emmons,Precinct 2802,Agriculture Commissioner,,DEM,Roger Johnson,67
Emmons,Precinct 2802,Agriculture Commissioner,,REP,Doug Goehring,85
Emmons,Precinct 2802,Attorney General,,DEM,Bill Brudvik,63
Emmons,Precinct 2802,Attorney General,,REP,Wayne Stenehjem,78
Emmons,Precinct 2802,C 1: This constitutional measure would amend section 16 of Article XI of the North Dakota Constitution,,,No,54
Emmons,Precinct 2802,C 1: This constitutional measure would amend section 16 of Article XI of the North Dakota Constitution,,,Yes,93
Emmons,Precinct 2802,C 2: This constitutional measure would amend certain sections and repeal other sections of Article XII of the North Dakota Constitution,,,No,58
Emmons,Precinct 2802,C 2: This constitutional measure would amend certain sections and repeal other sections of Article XII of the North Dakota Constitution,,,Yes,84
Emmons,Precinct 2802,Justice of the Supreme Court,,NON,Dale Sandstrom,131
Emmons,Precinct 2802,Public Service Commissioner,,DEM,Cheryl Bergian,63
Emmons,Precinct 2802,Public Service Commissioner,,REP,Tony Clark,76
Emmons,Precinct 2802,Secretary of State,,DEM,Kristin Hedger,66
Emmons,Precinct 2802,Secretary of State,,REP,Alvin A (Al) Jaeger,77
Emmons,Precinct 2802,Tax Commissioner,,DEM,Brent Edison,66
Emmons,Precinct 2802,Tax Commissioner,,REP,Cory Fong,76
Emmons,Precinct 2802,U.S. House,1,DEM,Earl Pomeroy,74
Emmons,Precinct 2802,U.S. House,1,REP,Matt Mechtel,76
Emmons,Precinct 2802,U.S. Senate,,DEM,Kent Conrad,75
Emmons,Precinct 2802,U.S. Senate,,REP,Dwight Grotberg,76
Emmons,Precinct 2803,Agriculture Commissioner,,DEM,Roger Johnson,80
Emmons,Precinct 2803,Agriculture Commissioner,,REP,Doug Goehring,59
Emmons,Precinct 2803,Attorney General,,DEM,Bill Brudvik,74
Emmons,Precinct 2803,Attorney General,,REP,Wayne Stenehjem,57
Emmons,Precinct 2803,C 1: This constitutional measure would amend section 16 of Article XI of the North Dakota Constitution,,,No,49
Emmons,Precinct 2803,C 1: This constitutional measure would amend section 16 of Article XI of the North Dakota Constitution,,,Yes,87
Emmons,Precinct 2803,C 2: This constitutional measure would amend certain sections and repeal other sections of Article XII of the North Dakota Constitution,,,No,52
Emmons,Precinct 2803,C 2: This constitutional measure would amend certain sections and repeal other sections of Article XII of the North Dakota Constitution,,,Yes,80
Emmons,Precinct 2803,Justice of the Supreme Court,,NON,Dale Sandstrom,129
Emmons,Precinct 2803,Public Service Commissioner,,DEM,Cheryl Bergian,76
Emmons,Precinct 2803,Public Service Commissioner,,REP,Tony Clark,59
Emmons,Precinct 2803,Secretary of State,,DEM,Kristin Hedger,75
Emmons,Precinct 2803,Secretary of State,,REP,Alvin A (Al) Jaeger,58
Emmons,Precinct 2803,Tax Commissioner,,DEM,Brent Edison,75
Emmons,Precinct 2803,Tax Commissioner,,REP,Cory Fong,58
Emmons,Precinct 2803,U.S. House,1,DEM,Earl Pomeroy,86
Emmons,Precinct 2803,U.S. House,1,REP,Matt Mechtel,58
Emmons,Precinct 2803,U.S. Senate,,DEM,Kent Conrad,87
Emmons,Precinct 2803,U.S. Senate,,REP,Dwight Grotberg,58
Emmons,Precinct 2804,Agriculture Commissioner,,DEM,Roger Johnson,81
Emmons,Precinct 2804,Agriculture Commissioner,,REP,Doug Goehring,87
Emmons,Precinct 2804,Attorney General,,DEM,Bill Brudvik,76
Emmons,Precinct 2804,Attorney General,,REP,Wayne Stenehjem,87
Emmons,Precinct 2804,C 1: This constitutional measure would amend section 16 of Article XI of the North Dakota Constitution,,,No,38
Emmons,Precinct 2804,C 1: This constitutional measure would amend section 16 of Article XI of the North Dakota Constitution,,,Yes,122
Emmons,Precinct 2804,C 2: This constitutional measure would amend certain sections and repeal other sections of Article XII of the North Dakota Constitution,,,No,47
Emmons,Precinct 2804,C 2: This constitutional measure would amend certain sections and repeal other sections of Article XII of the North Dakota Constitution,,,Yes,110
Emmons,Precinct 2804,Justice of the Supreme Court,,NON,Dale Sandstrom,151
Emmons,Precinct 2804,Public Service Commissioner,,DEM,Cheryl Bergian,78
Emmons,Precinct 2804,Public Service Commissioner,,REP,Tony Clark,84
Emmons,Precinct 2804,Secretary of State,,DEM,Kristin Hedger,77
Emmons,Precinct 2804,Secretary of State,,REP,Alvin A (Al) Jaeger,84
Emmons,Precinct 2804,Tax Commissioner,,DEM,Brent Edison,77
Emmons,Precinct 2804,Tax Commissioner,,REP,Cory Fong,85
Emmons,Precinct 2804,U.S. House,1,DEM,Earl Pomeroy,82
Emmons,Precinct 2804,U.S. House,1,REP,Matt Mechtel,82
Emmons,Precinct 2804,U.S. Senate,,DEM,Kent Conrad,83
Emmons,Precinct 2804,U.S. Senate,,REP,Dwight Grotberg,85
Emmons,Precinct 2805,Agriculture Commissioner,,DEM,Roger Johnson,82
Emmons,Precinct 2805,Agriculture Commissioner,,REP,Doug Goehring,52
Emmons,Precinct 2805,Attorney General,,DEM,Bill Brudvik,73
Emmons,Precinct 2805,Attorney General,,REP,Wayne Stenehjem,52
Emmons,Precinct 2805,C 1: This constitutional measure would amend section 16 of Article XI of the North Dakota Constitution,,,No,48
Emmons,Precinct 2805,C 1: This constitutional measure would amend section 16 of Article XI of the North Dakota Constitution,,,Yes,81
Emmons,Precinct 2805,C 2: This constitutional measure would amend certain sections and repeal other sections of Article XII of the North Dakota Constitution,,,No,49
Emmons,Precinct 2805,C 2: This constitutional measure would amend certain sections and repeal other sections of Article XII of the North Dakota Constitution,,,Yes,80
Emmons,Precinct 2805,Justice of the Supreme Court,,NON,Dale Sandstrom,111
Emmons,Precinct 2805,Public Service Commissioner,,DEM,Cheryl Bergian,73
Emmons,Precinct 2805,Public Service Commissioner,,REP,Tony Clark,51
Emmons,Precinct 2805,Secretary of State,,DEM,Kristin Hedger,71
Emmons,Precinct 2805,Secretary of State,,REP,Alvin A (Al) Jaeger,52
Emmons,Precinct 2805,Tax Commissioner,,DEM,Brent Edison,78
Emmons,Precinct 2805,Tax Commissioner,,REP,Cory Fong,50
Emmons,Precinct 2805,U.S. House,1,DEM,Earl Pomeroy,82
Emmons,Precinct 2805,U.S. House,1,REP,Matt Mechtel,49
Emmons,Precinct 2805,U.S. Senate,,DEM,Kent Conrad,87
Emmons,Precinct 2805,U.S. Senate,,REP,Dwight Grotberg,49
Emmons,Precinct 2806,Agriculture Commissioner,,DEM,Roger Johnson,72
Emmons,Precinct 2806,Agriculture Commissioner,,REP,Doug Goehring,59
Emmons,Precinct 2806,Attorney General,,DEM,Bill Brudvik,70
Emmons,Precinct 2806,Attorney General,,REP,Wayne Stenehjem,62
Emmons,Precinct 2806,C 1: This constitutional measure would amend section 16 of Article XI of the North Dakota Constitution,,,No,39
Emmons,Precinct 2806,C 1: This constitutional measure would amend section 16 of Article XI of the North Dakota Constitution,,,Yes,90
Emmons,Precinct 2806,C 2: This constitutional measure would amend certain sections and repeal other sections of Article XII of the North Dakota Constitution,,,No,54
Emmons,Precinct 2806,C 2: This constitutional measure would amend certain sections and repeal other sections of Article XII of the North Dakota Constitution,,,Yes,74
Emmons,Precinct 2806,Justice of the Supreme Court,,NON,Dale Sandstrom,131
Emmons,Precinct 2806,Public Service Commissioner,,DEM,Cheryl Bergian,69
Emmons,Precinct 2806,Public Service Commissioner,,REP,Tony Clark,61
Emmons,Precinct 2806,Secretary of State,,DEM,Kristin Hedger,68
Emmons,Precinct 2806,Secretary of State,,REP,Alvin A (Al) Jaeger,59
Emmons,Precinct 2806,Tax Commissioner,,DEM,Brent Edison,67
Emmons,Precinct 2806,Tax Commissioner,,REP,Cory Fong,61
Emmons,Precinct 2806,U.S. House,1,DEM,Earl Pomeroy,76
Emmons,Precinct 2806,U.S. House,1,REP,Matt Mechtel,59
Emmons,Precinct 2806,U.S. Senate,,DEM,Kent Conrad,75
Emmons,Precinct 2806,U.S. Senate,,REP,Dwight Grotberg,56
Emmons,Precinct 2807,Agriculture Commissioner,,DEM,Roger Johnson,28
Emmons,Precinct 2807,Agriculture Commissioner,,REP,Doug Goehring,23
Emmons,Precinct 2807,Attorney General,,DEM,Bill Brudvik,26
Emmons,Precinct 2807,Attorney General,,REP,Wayne Stenehjem,24
Emmons,Precinct 2807,C 1: This constitutional measure would amend section 16 of Article XI of the North Dakota Constitution,,,No,18
Emmons,Precinct 2807,C 1: This constitutional measure would amend section 16 of Article XI of the North Dakota Constitution,,,Yes,37
Emmons,Precinct 2807,C 2: This constitutional measure would amend certain sections and repeal other sections of Article XII of the North Dakota Constitution,,,No,26
Emmons,Precinct 2807,C 2: This constitutional measure would amend certain sections and repeal other sections of Article XII of the North Dakota Constitution,,,Yes,28
Emmons,Precinct 2807,Justice of the Supreme Court,,NON,Dale Sandstrom,47
Emmons,Precinct 2807,Public Service Commissioner,,DEM,Cheryl Bergian,26
Emmons,Precinct 2807,Public Service Commissioner,,REP,Tony Clark,22
Emmons,Precinct 2807,Secretary of State,,DEM,Kristin Hedger,26
Emmons,Precinct 2807,Secretary of State,,REP,Alvin A (Al) Jaeger,23
Emmons,Precinct 2807,Tax Commissioner,,DEM,Brent Edison,26
Emmons,Precinct 2807,Tax Commissioner,,REP,Cory Fong,22
Emmons,Precinct 2807,U.S. House,1,DEM,Earl Pomeroy,29
Emmons,Precinct 2807,U.S. House,1,REP,Matt Mechtel,23
Emmons,Precinct 2807,U.S. Senate,,DEM,Kent Conrad,30
Emmons,Precinct 2807,U.S. Senate,,REP,Dwight Grotberg,22
Emmons,Precinct 2808,Agriculture Commissioner,,DEM,Roger Johnson,81
Emmons,Precinct 2808,Agriculture Commissioner,,REP,Doug Goehring,61
Emmons,Precinct 2808,Attorney General,,DEM,Bill Brudvik,74
Emmons,Precinct 2808,Attorney General,,REP,Wayne Stenehjem,61
Emmons,Precinct 2808,C 1: This constitutional measure would amend section 16 of Article XI of the North Dakota Constitution,,,No,46
Emmons,Precinct 2808,C 1: This constitutional measure would amend section 16 of Article XI of the North Dakota Constitution,,,Yes,93
Emmons,Precinct 2808,C 2: This constitutional measure would amend certain sections and repeal other sections of Article XII of the North Dakota Constitution,,,No,55
Emmons,Precinct 2808,C 2: This constitutional measure would amend certain sections and repeal other sections of Article XII of the North Dakota Constitution,,,Yes,79
Emmons,Precinct 2808,Justice of the Supreme Court,,NON,Dale Sandstrom,132
Emmons,Precinct 2808,Public Service Commissioner,,DEM,Cheryl Bergian,73
Emmons,Precinct 2808,Public Service Commissioner,,REP,Tony Clark,57
Emmons,Precinct 2808,Secretary of State,,DEM,Kristin Hedger,73
Emmons,Precinct 2808,Secretary of State,,REP,Alvin A (Al) Jaeger,59
Emmons,Precinct 2808,Tax Commissioner,,DEM,Brent Edison,77
Emmons,Precinct 2808,Tax Commissioner,,REP,Cory Fong,58
Emmons,Precinct 2808,U.S. House,1,DEM,Earl Pomeroy,88
Emmons,Precinct 2808,U.S. House,1,REP,Matt Mechtel,54
Emmons,Precinct 2808,U.S. Senate,,DEM,Kent Conrad,88
Emmons,Precinct 2808,U.S. Senate,,REP,Dwight Grotberg,56
Emmons,Precinct 2809,Agriculture Commissioner,,DEM,Roger Johnson,18
Emmons,Precinct 2809,Agriculture Commissioner,,REP,Doug Goehring,77
Emmons,Precinct 2809,Attorney General,,DEM,Bill Brudvik,18
Emmons,Precinct 2809,Attorney General,,REP,Wayne Stenehjem,74
Emmons,Precinct 2809,C 1: This constitutional measure would amend section 16 of Article XI of the North Dakota Constitution,,,No,46
Emmons,Precinct 2809,C 1: This constitutional measure would amend section 16 of Article XI of the North Dakota Constitution,,,Yes,53
Emmons,Precinct 2809,C 2: This constitutional measure would amend certain sections and repeal other sections of Article XII of the North Dakota Constitution,,,No,49
Emmons,Precinct 2809,C 2: This constitutional measure would amend certain sections and repeal other sections of Article XII of the North Dakota Constitution,,,Yes,53
Emmons,Precinct 2809,Justice of the Supreme Court,,NON,Dale Sandstrom,86
Emmons,Precinct 2809,Public Service Commissioner,,DEM,Cheryl Bergian,19
Emmons,Precinct 2809,Public Service Commissioner,,REP,Tony Clark,75
Emmons,Precinct 2809,Secretary of State,,DEM,Kristin Hedger,18
Emmons,Precinct 2809,Secretary of State,,REP,Alvin A (Al) Jaeger,73
Emmons,Precinct 2809,Tax Commissioner,,DEM,Brent Edison,19
Emmons,Precinct 2809,Tax Commissioner,,REP,Cory Fong,72
Emmons,Precinct 2809,U.S. House,1,DEM,Earl Pomeroy,22
Emmons,Precinct 2809,U.S. House,1,REP,Matt Mechtel,70
Emmons,Precinct 2809,U.S. Senate,,DEM,Kent Conrad,22
Emmons,Precinct 2809,U.S. Senate,,REP,Dwight Grotberg,72
Emmons,Precinct 2810,Agriculture Commissioner,,DEM,Roger Johnson,2
Emmons,Precinct 2810,Agriculture Commissioner,,REP,Doug Goehring,2
Emmons,Precinct 2810,Attorney General,,DEM,Bill Brudvik,1
Emmons,Precinct 2810,Attorney General,,REP,Wayne Stenehjem,2
Emmons,Precinct 2810,C 1: This constitutional measure would amend section 16 of Article XI of the North Dakota Constitution,,,No,1
Emmons,Precinct 2810,C 1: This constitutional measure would amend section 16 of Article XI of the North Dakota Constitution,,,Yes,2
Emmons,Precinct 2810,C 2: This constitutional measure would amend certain sections and repeal other sections of Article XII of the North Dakota Constitution,,,No,1
Emmons,Precinct 2810,C 2: This constitutional measure would amend certain sections and repeal other sections of Article XII of the North Dakota Constitution,,,Yes,2
Emmons,Precinct 2810,Justice of the Supreme Court,,NON,Dale Sandstrom,4
Emmons,Precinct 2810,Public Service Commissioner,,DEM,Cheryl Bergian,1
Emmons,Precinct 2810,Public Service Commissioner,,REP,Tony Clark,2
Emmons,Precinct 2810,Secretary of State,,DEM,Kristin Hedger,1
Emmons,Precinct 2810,Secretary of State,,REP,Alvin A (Al) Jaeger,2
Emmons,Precinct 2810,Tax Commissioner,,DEM,Brent Edison,1
Emmons,Precinct 2810,Tax Commissioner,,REP,Cory Fong,2
Emmons,Precinct 2810,U.S. House,1,DEM,Earl Pomeroy,2
Emmons,Precinct 2810,U.S. House,1,REP,Matt Mechtel,2
Emmons,Precinct 2810,U.S. Senate,,DEM,Kent Conrad,2
Emmons,Precinct 2810,U.S. Senate,,REP,Dwight Grotberg,2
Emmons,Precinct 2811,Agriculture Commissioner,,DEM,Roger Johnson,18
Emmons,Precinct 2811,Agriculture Commissioner,,REP,Doug Goehring,6
Emmons,Precinct 2811,Attorney General,,DEM,Bill Brudvik,17
Emmons,Precinct 2811,Attorney General,,REP,Wayne Stenehjem,6
Emmons,Precinct 2811,C 1: This constitutional measure would amend section 16 of Article XI of the North Dakota Constitution,,,No,6
Emmons,Precinct 2811,C 1: This constitutional measure would amend section 16 of Article XI of the North Dakota Constitution,,,Yes,13
Emmons,Precinct 2811,C 2: This constitutional measure would amend certain sections and repeal other sections of Article XII of the North Dakota Constitution,,,No,8
Emmons,Precinct 2811,C 2: This constitutional measure would amend certain sections and repeal other sections of Article XII of the North Dakota Constitution,,,Yes,13
Emmons,Precinct 2811,Justice of the Supreme Court,,NON,Dale Sandstrom,20
Emmons,Precinct 2811,Public Service Commissioner,,DEM,Cheryl Bergian,17
Emmons,Precinct 2811,Public Service Commissioner,,REP,Tony Clark,5
Emmons,Precinct 2811,Secretary of State,,DEM,Kristin Hedger,17
Emmons,Precinct 2811,Secretary of State,,REP,Alvin A (Al) Jaeger,6
Emmons,Precinct 2811,Tax Commissioner,,DEM,Brent Edison,17
Emmons,Precinct 2811,Tax Commissioner,,REP,Cory Fong,6
Emmons,Precinct 2811,U.S. House,1,DEM,Earl Pomeroy,17
Emmons,Precinct 2811,U.S. House,1,REP,Matt Mechtel,5
Emmons,Precinct 2811,U.S. Senate,,DEM,Kent Conrad,17
Emmons,Precinct 2811,U.S. Senate,,REP,Dwight Grotberg,6
Foster,Precinct 2901,Agriculture Commissioner,,DEM,Roger Johnson,30
Foster,Precinct 2901,Agriculture Commissioner,,REP,Doug Goehring,17
Foster,Precinct 2901,Attorney General,,DEM,Bill Brudvik,26
Foster,Precinct 2901,Attorney General,,REP,Wayne Stenehjem,18
Foster,Precinct 2901,C 1: This constitutional measure would amend section 16 of Article XI of the North Dakota Constitution,,,No,17
Foster,Precinct 2901,C 1: This constitutional measure would amend section 16 of Article XI of the North Dakota Constitution,,,Yes,28
Foster,Precinct 2901,C 2: This constitutional measure would amend certain sections and repeal other sections of Article XII of the North Dakota Constitution,,,No,12
Foster,Precinct 2901,C 2: This constitutional measure would amend certain sections and repeal other sections of Article XII of the North Dakota Constitution,,,Yes,33
Foster,Precinct 2901,Justice of the Supreme Court,,NON,Dale Sandstrom,43
Foster,Precinct 2901,Public Service Commissioner,,DEM,Cheryl Bergian,25
Foster,Precinct 2901,Public Service Commissioner,,REP,Tony Clark,18
Foster,Precinct 2901,Secretary of State,,DEM,Kristin Hedger,24
Foster,Precinct 2901,Secretary of State,,REP,Alvin A (Al) Jaeger,18
Foster,Precinct 2901,State House Legislative,29,DEM,Clarence R Daniel,23
Foster,Precinct 2901,State House Legislative,29,DEM,Ellen Linderman,25
Foster,Precinct 2901,State House Legislative,29,REP,Chet Pollert,16
Foster,Precinct 2901,State House Legislative,29,REP,Craig Headland,13
Foster,Precinct 2901,State Senate Legislative District 29,,DEM,Dustin E Lien,24
Foster,Precinct 2901,State Senate Legislative District 29,,REP,Terry M Wanzek,18
Foster,Precinct 2901,Tax Commissioner,,DEM,Brent Edison,25
Foster,Precinct 2901,Tax Commissioner,,REP,Cory Fong,18
Foster,Precinct 2901,U.S. House,1,DEM,Earl Pomeroy,28
Foster,Precinct 2901,U.S. House,1,REP,Matt Mechtel,17
Foster,Precinct 2901,U.S. Senate,,DEM,Kent Conrad,28
Foster,Precinct 2901,U.S. Senate,,REP,Dwight Grotberg,15
Foster,Precinct 2902,Agriculture Commissioner,,DEM,Roger Johnson,39
Foster,Precinct 2902,Agriculture Commissioner,,REP,Doug Goehring,8
Foster,Precinct 2902,Attorney General,,DEM,Bill Brudvik,36
Foster,Precinct 2902,Attorney General,,REP,Wayne Stenehjem,8
Foster,Precinct 2902,C 1: This constitutional measure would amend section 16 of Article XI of the North Dakota Constitution,,,No,10
Foster,Precinct 2902,C 1: This constitutional measure would amend section 16 of Article XI of the North Dakota Constitution,,,Yes,28
Foster,Precinct 2902,C 2: This constitutional measure would amend certain sections and repeal other sections of Article XII of the North Dakota Constitution,,,No,11
Foster,Precinct 2902,C 2: This constitutional measure would amend certain sections and repeal other sections of Article XII of the North Dakota Constitution,,,Yes,25
Foster,Precinct 2902,Justice of the Supreme Court,,NON,Dale Sandstrom,41
Foster,Precinct 2902,Public Service Commissioner,,DEM,Cheryl Bergian,36
Foster,Precinct 2902,Public Service Commissioner,,REP,Tony Clark,8
Foster,Precinct 2902,Secretary of State,,DEM,Kristin Hedger,36
Foster,Precinct 2902,Secretary of State,,REP,Alvin A (Al) Jaeger,8
Foster,Precinct 2902,State House Legislative,29,DEM,Clarence R Daniel,30
Foster,Precinct 2902,State House Legislative,29,DEM,Ellen Linderman,36
Foster,Precinct 2902,State House Legislative,29,REP,Chet Pollert,7
Foster,Precinct 2902,State House Legislative,29,REP,Craig Headland,7
Foster,Precinct 2902,State Senate Legislative District 29,,DEM,Dustin E Lien,35
Foster,Precinct 2902,State Senate Legislative District 29,,REP,Terry M Wanzek,8
Foster,Precinct 2902,Tax Commissioner,,DEM,Brent Edison,36
Foster,Precinct 2902,Tax Commissioner,,REP,Cory Fong,7
Foster,Precinct 2902,U.S. House,1,DEM,Earl Pomeroy,40
Foster,Precinct 2902,U.S. House,1,REP,Matt Mechtel,8
Foster,Precinct 2902,U.S. Senate,,DEM,Kent Conrad,41
Foster,Precinct 2902,U.S. Senate,,REP,Dwight Grotberg,8
Foster,Precinct 2903,Agriculture Commissioner,,DEM,Roger Johnson,19
Foster,Precinct 2903,Agriculture Commissioner,,REP,Doug Goehring,10
Foster,Precinct 2903,Attorney General,,DEM,Bill Brudvik,19
Foster,Precinct 2903,Attorney General,,REP,Wayne Stenehjem,9
Foster,Precinct 2903,C 1: This constitutional measure would amend section 16 of Article XI of the North Dakota Constitution,,,No,11
Foster,Precinct 2903,C 1: This constitutional measure would amend section 16 of Article XI of the North Dakota Constitution,,,Yes,17
Foster,Precinct 2903,C 2: This constitutional measure would amend certain sections and repeal other sections of Article XII of the North Dakota Constitution,,,No,9
Foster,Precinct 2903,C 2: This constitutional measure would amend certain sections and repeal other sections of Article XII of the North Dakota Constitution,,,Yes,17
Foster,Precinct 2903,Justice of the Supreme Court,,NON,Dale Sandstrom,29
Foster,Precinct 2903,Public Service Commissioner,,DEM,Cheryl Bergian,19
Foster,Precinct 2903,Public Service Commissioner,,REP,Tony Clark,10
Foster,Precinct 2903,Secretary of State,,DEM,Kristin Hedger,19
Foster,Precinct 2903,Secretary of State,,REP,Alvin A (Al) Jaeger,9
Foster,Precinct 2903,State House Legislative,29,DEM,Clarence R Daniel,18
Foster,Precinct 2903,State House Legislative,29,DEM,Ellen Linderman,19
Foster,Precinct 2903,State House Legislative,29,REP,Chet Pollert,10
Foster,Precinct 2903,State House Legislative,29,REP,Craig Headland,10
Foster,Precinct 2903,State Senate Legislative District 29,,DEM,Dustin E Lien,18
Foster,Precinct 2903,State Senate Legislative District 29,,REP,Terry M Wanzek,10
Foster,Precinct 2903,Tax Commissioner,,DEM,Brent Edison,19
Foster,Precinct 2903,Tax Commissioner,,REP,Cory Fong,10
Foster,Precinct 2903,U.S. House,1,DEM,Earl Pomeroy,20
Foster,Precinct 2903,U.S. House,1,REP,Matt Mechtel,10
Foster,Precinct 2903,U.S. Senate,,DEM,Kent Conrad,21
Foster,Precinct 2903,U.S. Senate,,REP,Dwight Grotberg,10
Foster,Precinct 2904,Agriculture Commissioner,,DEM,Roger Johnson,41
Foster,Precinct 2904,Agriculture Commissioner,,REP,Doug Goehring,37
Foster,Precinct 2904,Attorney General,,DEM,Bill Brudvik,34
Foster,Precinct 2904,Attorney General,,REP,Wayne Stenehjem,39
Foster,Precinct 2904,C 1: This constitutional measure would amend section 16 of Article XI of the North Dakota Constitution,,,No,22
Foster,Precinct 2904,C 1: This constitutional measure would amend section 16 of Article XI of the North Dakota Constitution,,,Yes,53
Foster,Precinct 2904,C 2: This constitutional measure would amend certain sections and repeal other sections of Article XII of the North Dakota Constitution,,,No,15
Foster,Precinct 2904,C 2: This constitutional measure would amend certain sections and repeal other sections of Article XII of the North Dakota Constitution,,,Yes,58
Foster,Precinct 2904,Justice of the Supreme Court,,NON,Dale Sandstrom,72
Foster,Precinct 2904,Public Service Commissioner,,DEM,Cheryl Bergian,33
Foster,Precinct 2904,Public Service Commissioner,,REP,Tony Clark,36
Foster,Precinct 2904,Secretary of State,,DEM,Kristin Hedger,34
Foster,Precinct 2904,Secretary of State,,REP,Alvin A (Al) Jaeger,38
Foster,Precinct 2904,State House Legislative,29,DEM,Clarence R Daniel,27
Foster,Precinct 2904,State House Legislative,29,DEM,Ellen Linderman,39
Foster,Precinct 2904,State House Legislative,29,REP,Chet Pollert,41
Foster,Precinct 2904,State House Legislative,29,REP,Craig Headland,33
Foster,Precinct 2904,State Senate Legislative District 29,,DEM,Dustin E Lien,36
Foster,Precinct 2904,State Senate Legislative District 29,,REP,Terry M Wanzek,40
Foster,Precinct 2904,Tax Commissioner,,DEM,Brent Edison,35
Foster,Precinct 2904,Tax Commissioner,,REP,Cory Fong,36
Foster,Precinct 2904,U.S. House,1,DEM,Earl Pomeroy,43
Foster,Precinct 2904,U.S. House,1,REP,Matt Mechtel,36
Foster,Precinct 2904,U.S. Senate,,DEM,Kent Conrad,42
Foster,Precinct 2904,U.S. Senate,,REP,Dwight Grotberg,37
Foster,Precinct 2905,Agriculture Commissioner,,DEM,Roger Johnson,130
Foster,Precinct 2905,Agriculture Commissioner,,REP,Doug Goehring,74
Foster,Precinct 2905,Attorney General,,DEM,Bill Brudvik,119
Foster,Precinct 2905,Attorney General,,REP,Wayne Stenehjem,75
Foster,Precinct 2905,C 1: This constitutional measure would amend section 16 of Article XI of the North Dakota Constitution,,,No,67
Foster,Precinct 2905,C 1: This constitutional measure would amend section 16 of Article XI of the North Dakota Constitution,,,Yes,151
Foster,Precinct 2905,C 2: This constitutional measure would amend certain sections and repeal other sections of Article XII of the North Dakota Constitution,,,No,54
Foster,Precinct 2905,C 2: This constitutional measure would amend certain sections and repeal other sections of Article XII of the North Dakota Constitution,,,Yes,159
Foster,Precinct 2905,Justice of the Supreme Court,,NON,Dale Sandstrom,204
Foster,Precinct 2905,Public Service Commissioner,,DEM,Cheryl Bergian,120
Foster,Precinct 2905,Public Service Commissioner,,REP,Tony Clark,76
Foster,Precinct 2905,Secretary of State,,DEM,Kristin Hedger,120
Foster,Precinct 2905,Secretary of State,,REP,Alvin A (Al) Jaeger,78
Foster,Precinct 2905,State House Legislative,29,DEM,Clarence R Daniel,99
Foster,Precinct 2905,State House Legislative,29,DEM,Ellen Linderman,116
Foster,Precinct 2905,State House Legislative,29,REP,Chet Pollert,81
Foster,Precinct 2905,State House Legislative,29,REP,Craig Headland,70
Foster,Precinct 2905,State Senate Legislative District 29,,DEM,Dustin E Lien,120
Foster,Precinct 2905,State Senate Legislative District 29,,REP,Terry M Wanzek,79
Foster,Precinct 2905,Tax Commissioner,,DEM,Brent Edison,123
Foster,Precinct 2905,Tax Commissioner,,REP,Cory Fong,74
Foster,Precinct 2905,U.S. House,1,DEM,Earl Pomeroy,141
Foster,Precinct 2905,U.S. House,1,REP,Matt Mechtel,76
Foster,Precinct 2905,U.S. Senate,,DEM,Kent Conrad,141
Foster,Precinct 2905,U.S. Senate,,REP,Dwight Grotberg,75
Foster,Precinct 2906,Agriculture Commissioner,,DEM,Roger Johnson,152
Foster,Precinct 2906,Agriculture Commissioner,,REP,Doug Goehring,122
Foster,Precinct 2906,Attorney General,,DEM,Bill Brudvik,141
Foster,Precinct 2906,Attorney General,,REP,Wayne Stenehjem,129
Foster,Precinct 2906,C 1: This constitutional measure would amend section 16 of Article XI of the North Dakota Constitution,,,No,77
Foster,Precinct 2906,C 1: This constitutional measure would amend section 16 of Article XI of the North Dakota Constitution,,,Yes,185
Foster,Precinct 2906,C 2: This constitutional measure would amend certain sections and repeal other sections of Article XII of the North Dakota Constitution,,,No,70
Foster,Precinct 2906,C 2: This constitutional measure would amend certain sections and repeal other sections of Article XII of the North Dakota Constitution,,,Yes,197
Foster,Precinct 2906,Justice of the Supreme Court,,NON,Dale Sandstrom,254
Foster,Precinct 2906,Public Service Commissioner,,DEM,Cheryl Bergian,143
Foster,Precinct 2906,Public Service Commissioner,,REP,Tony Clark,124
Foster,Precinct 2906,Secretary of State,,DEM,Kristin Hedger,144
Foster,Precinct 2906,Secretary of State,,REP,Alvin A (Al) Jaeger,127
Foster,Precinct 2906,State House Legislative,29,DEM,Clarence R Daniel,109
Foster,Precinct 2906,State House Legislative,29,DEM,Ellen Linderman,147
Foster,Precinct 2906,State House Legislative,29,REP,Chet Pollert,135
Foster,Precinct 2906,State House Legislative,29,REP,Craig Headland,108
Foster,Precinct 2906,State Senate Legislative District 29,,DEM,Dustin E Lien,143
Foster,Precinct 2906,State Senate Legislative District 29,,REP,Terry M Wanzek,132
Foster,Precinct 2906,Tax Commissioner,,DEM,Brent Edison,144
Foster,Precinct 2906,Tax Commissioner,,REP,Cory Fong,122
Foster,Precinct 2906,U.S. House,1,DEM,Earl Pomeroy,160
Foster,Precinct 2906,U.S. House,1,REP,Matt Mechtel,121
Foster,Precinct 2906,U.S. Senate,,DEM,Kent Conrad,163
Foster,Precinct 2906,U.S. Senate,,REP,Dwight Grotberg,120
Golden Valley,Precinct 3901,Agriculture Commissioner,,DEM,Roger Johnson,168
Golden Valley,Precinct 3901,Agriculture Commissioner,,REP,Doug Goehring,182
Golden Valley,Precinct 3901,Attorney General,,DEM,Bill Brudvik,153
Golden Valley,Precinct 3901,Attorney General,,REP,Wayne Stenehjem,188
Golden Valley,Precinct 3901,C 1: This constitutional measure would amend section 16 of Article XI of the North Dakota Constitution,,,No,102
Golden Valley,Precinct 3901,C 1: This constitutional measure would amend section 16 of Article XI of the North Dakota Constitution,,,Yes,277
Golden Valley,Precinct 3901,C 2: This constitutional measure would amend certain sections and repeal other sections of Article XII of the North Dakota Constitution,,,No,123
Golden Valley,Precinct 3901,C 2: This constitutional measure would amend certain sections and repeal other sections of Article XII of the North Dakota Constitution,,,Yes,246
Golden Valley,Precinct 3901,Justice of the Supreme Court,,NON,Dale Sandstrom,330
Golden Valley,Precinct 3901,Public Service Commissioner,,DEM,Cheryl Bergian,153
Golden Valley,Precinct 3901,Public Service Commissioner,,REP,Tony Clark,180
Golden Valley,Precinct 3901,Secretary of State,,DEM,Kristin Hedger,156
Golden Valley,Precinct 3901,Secretary of State,,REP,Alvin A (Al) Jaeger,179
Golden Valley,Precinct 3901,State House Legislative,39,REP,"David ""Skip"" Drovdal",178
Golden Valley,Precinct 3901,State House Legislative,39,REP,Keith Kempenich,169
Golden Valley,Precinct 3901,State Senate Legislative District 39,,REP,Bill L Bowman,191
Golden Valley,Precinct 3901,Tax Commissioner,,DEM,Brent Edison,155
Golden Valley,Precinct 3901,Tax Commissioner,,REP,Cory Fong,181
Golden Valley,Precinct 3901,U.S. House,1,DEM,Earl Pomeroy,183
Golden Valley,Precinct 3901,U.S. House,1,REP,Matt Mechtel,187
Golden Valley,Precinct 3901,U.S. Senate,,DEM,Kent Conrad,188
Golden Valley,Precinct 3901,U.S. Senate,,REP,Dwight Grotberg,185
Grand Forks,Precinct 1716,Agriculture Commissioner,,DEM,Roger Johnson,8
Grand Forks,Precinct 1716,Agriculture Commissioner,,REP,Doug Goehring,8
Grand Forks,Precinct 1716,Attorney General,,DEM,Bill Brudvik,8
Grand Forks,Precinct 1716,Attorney General,,REP,Wayne Stenehjem,8
Grand Forks,Precinct 1716,C 1: This constitutional measure would amend section 16 of Article XI of the North Dakota Constitution,,,No,5
Grand Forks,Precinct 1716,C 1: This constitutional measure would amend section 16 of Article XI of the North Dakota Constitution,,,Yes,11
Grand Forks,Precinct 1716,C 2: This constitutional measure would amend certain sections and repeal other sections of Article XII of the North Dakota Constitution,,,No,4
Grand Forks,Precinct 1716,C 2: This constitutional measure would amend certain sections and repeal other sections of Article XII of the North Dakota Constitution,,,Yes,12
Grand Forks,Precinct 1716,Justice of the Supreme Court,,NON,Dale Sandstrom,15
Grand Forks,Precinct 1716,Public Service Commissioner,,DEM,Cheryl Bergian,7
Grand Forks,Precinct 1716,Public Service Commissioner,,REP,Tony Clark,8
Grand Forks,Precinct 1716,Secretary of State,,DEM,Kristin Hedger,8
Grand Forks,Precinct 1716,Secretary of State,,REP,Alvin A (Al) Jaeger,8
Grand Forks,Precinct 1716,State House Legislative,17,DEM,Cully Gause,6
Grand Forks,Precinct 1716,State House Legislative,17,DEM,"Louise Potter ""Weezie""",6
Grand Forks,Precinct 1716,State House Legislative,17,REP,Ken Svedjan,8
Grand Forks,Precinct 1716,State House Legislative,17,REP,Kristi Eickhof,7
Grand Forks,Precinct 1716,State Senate Legislative District 17,,DEM,Tom Lamb,8
Grand Forks,Precinct 1716,State Senate Legislative District 17,,REP,Ray Holmberg,8
Grand Forks,Precinct 1716,Tax Commissioner,,DEM,Brent Edison,8
Grand Forks,Precinct 1716,Tax Commissioner,,REP,Cory Fong,8
Grand Forks,Precinct 1716,U.S. House,1,DEM,Earl Pomeroy,8
Grand Forks,Precinct 1716,U.S. House,1,REP,Matt Mechtel,8
Grand Forks,Precinct 1716,U.S. Senate,,DEM,Kent Conrad,7
Grand Forks,Precinct 1716,U.S. Senate,,REP,Dwight Grotberg,8
Grand Forks,Precinct 1717,Agriculture Commissioner,,DEM,Roger Johnson,25
Grand Forks,Precinct 1717,Agriculture Commissioner,,REP,Doug Goehring,18
Grand Forks,Precinct 1717,Attorney General,,DEM,Bill Brudvik,22
Grand Forks,Precinct 1717,Attorney General,,REP,Wayne Stenehjem,19
Grand Forks,Precinct 1717,C 1: This constitutional measure would amend section 16 of Article XI of the North Dakota Constitution,,,No,11
Grand Forks,Precinct 1717,C 1: This constitutional measure would amend section 16 of Article XI of the North Dakota Constitution,,,Yes,36
Grand Forks,Precinct 1717,C 2: This constitutional measure would amend certain sections and repeal other sections of Article XII of the North Dakota Constitution,,,No,12
Grand Forks,Precinct 1717,C 2: This constitutional measure would amend certain sections and repeal other sections of Article XII of the North Dakota Constitution,,,Yes,34
Grand Forks,Precinct 1717,Justice of the Supreme Court,,NON,Dale Sandstrom,41
Grand Forks,Precinct 1717,Public Service Commissioner,,DEM,Cheryl Bergian,22
Grand Forks,Precinct 1717,Public Service Commissioner,,REP,Tony Clark,19
Grand Forks,Precinct 1717,Secretary of State,,DEM,Kristin Hedger,24
Grand Forks,Precinct 1717,Secretary of State,,REP,Alvin A (Al) Jaeger,18
Grand Forks,Precinct 1717,State House Legislative,17,DEM,Cully Gause,18
Grand Forks,Precinct 1717,State House Legislative,17,DEM,"Louise Potter ""Weezie""",24
Grand Forks,Precinct 1717,State House Legislative,17,REP,Ken Svedjan,18
Grand Forks,Precinct 1717,State House Legislative,17,REP,Kristi Eickhof,15
Grand Forks,Precinct 1717,State Senate Legislative District 17,,DEM,Tom Lamb,24
Grand Forks,Precinct 1717,State Senate Legislative District 17,,REP,Ray Holmberg,19
Grand Forks,Precinct 1717,Tax Commissioner,,DEM,Brent Edison,23
Grand Forks,Precinct 1717,Tax Commissioner,,REP,Cory Fong,19
Grand Forks,Precinct 1717,U.S. House,1,DEM,Earl Pomeroy,27
Grand Forks,Precinct 1717,U.S. House,1,REP,Matt Mechtel,18
Grand Forks,Precinct 1717,U.S. Senate,,DEM,Kent Conrad,27
Grand Forks,Precinct 1717,U.S. Senate,,REP,Dwight Grotberg,19
Grand Forks,Precinct 1730,Agriculture Commissioner,,DEM,Roger Johnson,119
Grand Forks,Precinct 1730,Agriculture Commissioner,,REP,Doug Goehring,54
Grand Forks,Precinct 1730,Attorney General,,DEM,Bill Brudvik,103
Grand Forks,Precinct 1730,Attorney General,,REP,Wayne Stenehjem,55
Grand Forks,Precinct 1730,C 1: This constitutional measure would amend section 16 of Article XI of the North Dakota Constitution,,,No,31
Grand Forks,Precinct 1730,C 1: This constitutional measure would amend section 16 of Article XI of the North Dakota Constitution,,,Yes,154
Grand Forks,Precinct 1730,C 2: This constitutional measure would amend certain sections and repeal other sections of Article XII of the North Dakota Constitution,,,No,27
Grand Forks,Precinct 1730,C 2: This constitutional measure would amend certain sections and repeal other sections of Article XII of the North Dakota Constitution,,,Yes,153
Grand Forks,Precinct 1730,Justice of the Supreme Court,,NON,Dale Sandstrom,167
Grand Forks,Precinct 1730,Public Service Commissioner,,DEM,Cheryl Bergian,106
Grand Forks,Precinct 1730,Public Service Commissioner,,REP,Tony Clark,52
Grand Forks,Precinct 1730,Secretary of State,,DEM,Kristin Hedger,109
Grand Forks,Precinct 1730,Secretary of State,,REP,Alvin A (Al) Jaeger,56
Grand Forks,Precinct 1730,State House Legislative,17,DEM,Cully Gause,84
Grand Forks,Precinct 1730,State House Legislative,17,DEM,"Louise Potter ""Weezie""",113
Grand Forks,Precinct 1730,State House Legislative,17,REP,Ken Svedjan,55
Grand Forks,Precinct 1730,State House Legislative,17,REP,Kristi Eickhof,43
Grand Forks,Precinct 1730,State Senate Legislative District 17,,DEM,Tom Lamb,109
Grand Forks,Precinct 1730,State Senate Legislative District 17,,REP,Ray Holmberg,56
Grand Forks,Precinct 1730,Tax Commissioner,,DEM,Brent Edison,107
Grand Forks,Precinct 1730,Tax Commissioner,,REP,Cory Fong,53
Grand Forks,Precinct 1730,U.S. House,1,DEM,Earl Pomeroy,125
Grand Forks,Precinct 1730,U.S. House,1,REP,Matt Mechtel,53
Grand Forks,Precinct 1730,U.S. Senate,,DEM,Kent Conrad,124
Grand Forks,Precinct 1730,U.S. Senate,,REP,Dwight Grotberg,55
Grand Forks,Precinct 1731,Agriculture Commissioner,,DEM,Roger Johnson,149
Grand Forks,Precinct 1731,Agriculture Commissioner,,REP,Doug Goehring,67
Grand Forks,Precinct 1731,Attorney General,,DEM,Bill Brudvik,133
Grand Forks,Precinct 1731,Attorney General,,REP,Wayne Stenehjem,75
Grand Forks,Precinct 1731,C 1: This constitutional measure would amend section 16 of Article XI of the North Dakota Constitution,,,No,33
Grand Forks,Precinct 1731,C 1: This constitutional measure would amend section 16 of Article XI of the North Dakota Constitution,,,Yes,204
Grand Forks,Precinct 1731,C 2: This constitutional measure would amend certain sections and repeal other sections of Article XII of the North Dakota Constitution,,,No,28
Grand Forks,Precinct 1731,C 2: This constitutional measure would amend certain sections and repeal other sections of Article XII of the North Dakota Constitution,,,Yes,207
Grand Forks,Precinct 1731,Justice of the Supreme Court,,NON,Dale Sandstrom,193
Grand Forks,Precinct 1731,Public Service Commissioner,,DEM,Cheryl Bergian,136
Grand Forks,Precinct 1731,Public Service Commissioner,,REP,Tony Clark,72
Grand Forks,Precinct 1731,Secretary of State,,DEM,Kristin Hedger,137
Grand Forks,Precinct 1731,Secretary of State,,REP,Alvin A (Al) Jaeger,69
Grand Forks,Precinct 1731,State House Legislative,17,DEM,Cully Gause,105
Grand Forks,Precinct 1731,State House Legislative,17,DEM,"Louise Potter ""Weezie""",135
Grand Forks,Precinct 1731,State House Legislative,17,REP,Ken Svedjan,70
Grand Forks,Precinct 1731,State House Legislative,17,REP,Kristi Eickhof,68
Grand Forks,Precinct 1731,State Senate Legislative District 17,,DEM,Tom Lamb,131
Grand Forks,Precinct 1731,State Senate Legislative District 17,,REP,Ray Holmberg,75
Grand Forks,Precinct 1731,Tax Commissioner,,DEM,Brent Edison,142
Grand Forks,Precinct 1731,Tax Commissioner,,REP,Cory Fong,72
Grand Forks,Precinct 1731,U.S. House,1,DEM,Earl Pomeroy,161
Grand Forks,Precinct 1731,U.S. House,1,REP,Matt Mechtel,68
Grand Forks,Precinct 1731,U.S. Senate,,DEM,Kent Conrad,162
Grand Forks,Precinct 1731,U.S. Senate,,REP,Dwight Grotberg,68
Grand Forks,Precinct 1732,Agriculture Commissioner,,DEM,Roger Johnson,140
Grand Forks,Precinct 1732,Agriculture Commissioner,,REP,Doug Goehring,103
Grand Forks,Precinct 1732,Attorney General,,DEM,Bill Brudvik,123
Grand Forks,Precinct 1732,Attorney General,,REP,Wayne Stenehjem,108
Grand Forks,Precinct 1732,C 1: This constitutional measure would amend section 16 of Article XI of the North Dakota Constitution,,,No,24
Grand Forks,Precinct 1732,C 1: This constitutional measure would amend section 16 of Article XI of the North Dakota Constitution,,,Yes,239
Grand Forks,Precinct 1732,C 2: This constitutional measure would amend certain sections and repeal other sections of Article XII of the North Dakota Constitution,,,No,26
Grand Forks,Precinct 1732,C 2: This constitutional measure would amend certain sections and repeal other sections of Article XII of the North Dakota Constitution,,,Yes,233
Grand Forks,Precinct 1732,Justice of the Supreme Court,,NON,Dale Sandstrom,220
Grand Forks,Precinct 1732,Public Service Commissioner,,DEM,Cheryl Bergian,126
Grand Forks,Precinct 1732,Public Service Commissioner,,REP,Tony Clark,104
Grand Forks,Precinct 1732,Secretary of State,,DEM,Kristin Hedger,126
Grand Forks,Precinct 1732,Secretary of State,,REP,Alvin A (Al) Jaeger,106
Grand Forks,Precinct 1732,State House Legislative,17,DEM,Cully Gause,101
Grand Forks,Precinct 1732,State House Legislative,17,DEM,"Louise Potter ""Weezie""",134
Grand Forks,Precinct 1732,State House Legislative,17,REP,Ken Svedjan,99
Grand Forks,Precinct 1732,State House Legislative,17,REP,Kristi Eickhof,91
Grand Forks,Precinct 1732,State Senate Legislative District 17,,DEM,Tom Lamb,132
Grand Forks,Precinct 1732,State Senate Legislative District 17,,REP,Ray Holmberg,108
Grand Forks,Precinct 1732,Tax Commissioner,,DEM,Brent Edison,130
Grand Forks,Precinct 1732,Tax Commissioner,,REP,Cory Fong,106
Grand Forks,Precinct 1732,U.S. House,1,DEM,Earl Pomeroy,151
Grand Forks,Precinct 1732,U.S. House,1,REP,Matt Mechtel,102
Grand Forks,Precinct 1732,U.S. Senate,,DEM,Kent Conrad,153
Grand Forks,Precinct 1732,U.S. Senate,,REP,Dwight Grotberg,102
Grand Forks,Precinct 1733,Agriculture Commissioner,,DEM,Roger Johnson,103
Grand Forks,Precinct 1733,Agriculture Commissioner,,REP,Doug Goehring,81
Grand Forks,Precinct 1733,Attorney General,,DEM,Bill Brudvik,93
Grand Forks,Precinct 1733,Attorney General,,REP,Wayne Stenehjem,83
Grand Forks,Precinct 1733,C 1: This constitutional measure would amend section 16 of Article XI of the North Dakota Constitution,,,No,22
Grand Forks,Precinct 1733,C 1: This constitutional measure would amend section 16 of Article XI of the North Dakota Constitution,,,Yes,179
Grand Forks,Precinct 1733,C 2: This constitutional measure would amend certain sections and repeal other sections of Article XII of the North Dakota Constitution,,,No,27
Grand Forks,Precinct 1733,C 2: This constitutional measure would amend certain sections and repeal other sections of Article XII of the North Dakota Constitution,,,Yes,170
Grand Forks,Precinct 1733,Justice of the Supreme Court,,NON,Dale Sandstrom,185
Grand Forks,Precinct 1733,Public Service Commissioner,,DEM,Cheryl Bergian,96
Grand Forks,Precinct 1733,Public Service Commissioner,,REP,Tony Clark,80
Grand Forks,Precinct 1733,Secretary of State,,DEM,Kristin Hedger,98
Grand Forks,Precinct 1733,Secretary of State,,REP,Alvin A (Al) Jaeger,82
Grand Forks,Precinct 1733,State House Legislative,17,DEM,Cully Gause,83
Grand Forks,Precinct 1733,State House Legislative,17,DEM,"Louise Potter ""Weezie""",101
Grand Forks,Precinct 1733,State House Legislative,17,REP,Ken Svedjan,75
Grand Forks,Precinct 1733,State House Legislative,17,REP,Kristi Eickhof,67
Grand Forks,Precinct 1733,State Senate Legislative District 17,,DEM,Tom Lamb,96
Grand Forks,Precinct 1733,State Senate Legislative District 17,,REP,Ray Holmberg,82
Grand Forks,Precinct 1733,Tax Commissioner,,DEM,Brent Edison,99
Grand Forks,Precinct 1733,Tax Commissioner,,REP,Cory Fong,79
Grand Forks,Precinct 1733,U.S. House,1,DEM,Earl Pomeroy,109
Grand Forks,Precinct 1733,U.S. House,1,REP,Matt Mechtel,76
Grand Forks,Precinct 1733,U.S. Senate,,DEM,Kent Conrad,113
Grand Forks,Precinct 1733,U.S. Senate,,REP,Dwight Grotberg,75
Grand Forks,Precinct 1734,Agriculture Commissioner,,DEM,Roger Johnson,176
Grand Forks,Precinct 1734,Agriculture Commissioner,,REP,Doug Goehring,137
Grand Forks,Precinct 1734,Attorney General,,DEM,Bill Brudvik,153
Grand Forks,Precinct 1734,Attorney General,,REP,Wayne Stenehjem,148
Grand Forks,Precinct 1734,C 1: This constitutional measure would amend section 16 of Article XI of the North Dakota Constitution,,,No,34
Grand Forks,Precinct 1734,C 1: This constitutional measure would amend section 16 of Article XI of the North Dakota Constitution,,,Yes,312
Grand Forks,Precinct 1734,C 2: This constitutional measure would amend certain sections and repeal other sections of Article XII of the North Dakota Constitution,,,No,36
Grand Forks,Precinct 1734,C 2: This constitutional measure would amend certain sections and repeal other sections of Article XII of the North Dakota Constitution,,,Yes,305
Grand Forks,Precinct 1734,Justice of the Supreme Court,,NON,Dale Sandstrom,310
Grand Forks,Precinct 1734,Public Service Commissioner,,DEM,Cheryl Bergian,158
Grand Forks,Precinct 1734,Public Service Commissioner,,REP,Tony Clark,138
Grand Forks,Precinct 1734,Secretary of State,,DEM,Kristin Hedger,155
Grand Forks,Precinct 1734,Secretary of State,,REP,Alvin A (Al) Jaeger,143
Grand Forks,Precinct 1734,State House Legislative,17,DEM,Cully Gause,132
Grand Forks,Precinct 1734,State House Legislative,17,DEM,"Louise Potter ""Weezie""",159
Grand Forks,Precinct 1734,State House Legislative,17,REP,Ken Svedjan,136
Grand Forks,Precinct 1734,State House Legislative,17,REP,Kristi Eickhof,124
Grand Forks,Precinct 1734,State Senate Legislative District 17,,DEM,Tom Lamb,151
Grand Forks,Precinct 1734,State Senate Legislative District 17,,REP,Ray Holmberg,150
Grand Forks,Precinct 1734,Tax Commissioner,,DEM,Brent Edison,161
Grand Forks,Precinct 1734,Tax Commissioner,,REP,Cory Fong,138
Grand Forks,Precinct 1734,U.S. House,1,DEM,Earl Pomeroy,186
Grand Forks,Precinct 1734,U.S. House,1,REP,Matt Mechtel,120
Grand Forks,Precinct 1734,U.S. Senate,,DEM,Kent Conrad,190
Grand Forks,Precinct 1734,U.S. Senate,,REP,Dwight Grotberg,119
Grand Forks,Precinct 1739,Agriculture Commissioner,,DEM,Roger Johnson,27
Grand Forks,Precinct 1739,Agriculture Commissioner,,REP,Doug Goehring,28
Grand Forks,Precinct 1739,Attorney General,,DEM,Bill Brudvik,24
Grand Forks,Precinct 1739,Attorney General,,REP,Wayne Stenehjem,29
Grand Forks,Precinct 1739,C 1: This constitutional measure would amend section 16 of Article XI of the North Dakota Constitution,,,No,5
Grand Forks,Precinct 1739,C 1: This constitutional measure would amend section 16 of Article XI of the North Dakota Constitution,,,Yes,57
Grand Forks,Precinct 1739,C 2: This constitutional measure would amend certain sections and repeal other sections of Article XII of the North Dakota Constitution,,,No,6
Grand Forks,Precinct 1739,C 2: This constitutional measure would amend certain sections and repeal other sections of Article XII of the North Dakota Constitution,,,Yes,56
Grand Forks,Precinct 1739,Justice of the Supreme Court,,NON,Dale Sandstrom,53
Grand Forks,Precinct 1739,Public Service Commissioner,,DEM,Cheryl Bergian,26
Grand Forks,Precinct 1739,Public Service Commissioner,,REP,Tony Clark,28
Grand Forks,Precinct 1739,Secretary of State,,DEM,Kristin Hedger,26
Grand Forks,Precinct 1739,Secretary of State,,REP,Alvin A (Al) Jaeger,28
Grand Forks,Precinct 1739,State House Legislative,17,DEM,Cully Gause,18
Grand Forks,Precinct 1739,State House Legislative,17,DEM,"Louise Potter ""Weezie""",25
Grand Forks,Precinct 1739,State House Legislative,17,REP,Ken Svedjan,28
Grand Forks,Precinct 1739,State House Legislative,17,REP,Kristi Eickhof,23
Grand Forks,Precinct 1739,State Senate Legislative District 17,,DEM,Tom Lamb,25
Grand Forks,Precinct 1739,State Senate Legislative District 17,,REP,Ray Holmberg,29
Grand Forks,Precinct 1739,Tax Commissioner,,DEM,Brent Edison,26
Grand Forks,Precinct 1739,Tax Commissioner,,REP,Cory Fong,27
Grand Forks,Precinct 1739,U.S. House,1,DEM,Earl Pomeroy,28
Grand Forks,Precinct 1739,U.S. House,1,REP,Matt Mechtel,27
Grand Forks,Precinct 1739,U.S. Senate,,DEM,Kent Conrad,30
Grand Forks,Precinct 1739,U.S. Senate,,REP,Dwight Grotberg,29
Grand Forks,Precinct 1801,Agriculture Commissioner,,DEM,Roger Johnson,16
Grand Forks,Precinct 1801,Agriculture Commissioner,,REP,Doug Goehring,9
Grand Forks,Precinct 1801,Attorney General,,DEM,Bill Brudvik,15
Grand Forks,Precinct 1801,Attorney General,,REP,Wayne Stenehjem,9
Grand Forks,Precinct 1801,C 1: This constitutional measure would amend section 16 of Article XI of the North Dakota Constitution,,,No,4
Grand Forks,Precinct 1801,C 1: This constitutional measure would amend section 16 of Article XI of the North Dakota Constitution,,,Yes,21
Grand Forks,Precinct 1801,C 2: This constitutional measure would amend certain sections and repeal other sections of Article XII of the North Dakota Constitution,,,No,3
Grand Forks,Precinct 1801,C 2: This constitutional measure would amend certain sections and repeal other sections of Article XII of the North Dakota Constitution,,,Yes,23
Grand Forks,Precinct 1801,Justice of the Supreme Court,,NON,Dale Sandstrom,21
Grand Forks,Precinct 1801,Public Service Commissioner,,DEM,Cheryl Bergian,17
Grand Forks,Precinct 1801,Public Service Commissioner,,REP,Tony Clark,9
Grand Forks,Precinct 1801,Secretary of State,,DEM,Kristin Hedger,16
Grand Forks,Precinct 1801,Secretary of State,,REP,Alvin A (Al) Jaeger,9
Grand Forks,Precinct 1801,Tax Commissioner,,DEM,Brent Edison,17
Grand Forks,Precinct 1801,Tax Commissioner,,REP,Cory Fong,9
Grand Forks,Precinct 1801,U.S. House,1,DEM,Earl Pomeroy,17
Grand Forks,Precinct 1801,U.S. House,1,REP,Matt Mechtel,9
Grand Forks,Precinct 1801,U.S. Senate,,DEM,Kent Conrad,17
Grand Forks,Precinct 1801,U.S. Senate,,REP,Dwight Grotberg,8
Grand Forks,Precinct 1823,Agriculture Commissioner,,DEM,Roger Johnson,83
Grand Forks,Precinct 1823,Agriculture Commissioner,,REP,Doug Goehring,35
Grand Forks,Precinct 1823,Attorney General,,DEM,Bill Brudvik,78
Grand Forks,Precinct 1823,Attorney General,,REP,Wayne Stenehjem,36
Grand Forks,Precinct 1823,C 1: This constitutional measure would amend section 16 of Article XI of the North Dakota Constitution,,,No,33
Grand Forks,Precinct 1823,C 1: This constitutional measure would amend section 16 of Article XI of the North Dakota Constitution,,,Yes,88
Grand Forks,Precinct 1823,C 2: This constitutional measure would amend certain sections and repeal other sections of Article XII of the North Dakota Constitution,,,No,36
Grand Forks,Precinct 1823,C 2: This constitutional measure would amend certain sections and repeal other sections of Article XII of the North Dakota Constitution,,,Yes,84
Grand Forks,Precinct 1823,Justice of the Supreme Court,,NON,Dale Sandstrom,111
Grand Forks,Precinct 1823,Public Service Commissioner,,DEM,Cheryl Bergian,79
Grand Forks,Precinct 1823,Public Service Commissioner,,REP,Tony Clark,35
Grand Forks,Precinct 1823,Secretary of State,,DEM,Kristin Hedger,80
Grand Forks,Precinct 1823,Secretary of State,,REP,Alvin A (Al) Jaeger,36
Grand Forks,Precinct 1823,Tax Commissioner,,DEM,Brent Edison,79
Grand Forks,Precinct 1823,Tax Commissioner,,REP,Cory Fong,34
Grand Forks,Precinct 1823,U.S. House,1,DEM,Earl Pomeroy,95
Grand Forks,Precinct 1823,U.S. House,1,REP,Matt Mechtel,34
Grand Forks,Precinct 1823,U.S. Senate,,DEM,Kent Conrad,96
Grand Forks,Precinct 1823,U.S. Senate,,REP,Dwight Grotberg,34
Grand Forks,Precinct 1825,Agriculture Commissioner,,DEM,Roger Johnson,73
Grand Forks,Precinct 1825,Agriculture Commissioner,,REP,Doug Goehring,26
Grand Forks,Precinct 1825,Attorney General,,DEM,Bill Brudvik,65
Grand Forks,Precinct 1825,Attorney General,,REP,Wayne Stenehjem,29
Grand Forks,Precinct 1825,C 1: This constitutional measure would amend section 16 of Article XI of the North Dakota Constitution,,,No,20
Grand Forks,Precinct 1825,C 1: This constitutional measure would amend section 16 of Article XI of the North Dakota Constitution,,,Yes,91
Grand Forks,Precinct 1825,C 2: This constitutional measure would amend certain sections and repeal other sections of Article XII of the North Dakota Constitution,,,No,22
Grand Forks,Precinct 1825,C 2: This constitutional measure would amend certain sections and repeal other sections of Article XII of the North Dakota Constitution,,,Yes,85
Grand Forks,Precinct 1825,Justice of the Supreme Court,,NON,Dale Sandstrom,98
Grand Forks,Precinct 1825,Public Service Commissioner,,DEM,Cheryl Bergian,67
Grand Forks,Precinct 1825,Public Service Commissioner,,REP,Tony Clark,27
Grand Forks,Precinct 1825,Secretary of State,,DEM,Kristin Hedger,66
Grand Forks,Precinct 1825,Secretary of State,,REP,Alvin A (Al) Jaeger,29
Grand Forks,Precinct 1825,Tax Commissioner,,DEM,Brent Edison,71
Grand Forks,Precinct 1825,Tax Commissioner,,REP,Cory Fong,26
Grand Forks,Precinct 1825,U.S. House,1,DEM,Earl Pomeroy,77
Grand Forks,Precinct 1825,U.S. House,1,REP,Matt Mechtel,26
Grand Forks,Precinct 1825,U.S. Senate,,DEM,Kent Conrad,77
Grand Forks,Precinct 1825,U.S. Senate,,REP,Dwight Grotberg,26
Grand Forks,Precinct 1826,Agriculture Commissioner,,DEM,Roger Johnson,41
Grand Forks,Precinct 1826,Agriculture Commissioner,,REP,Doug Goehring,23
Grand Forks,Precinct 1826,Attorney General,,DEM,Bill Brudvik,38
Grand Forks,Precinct 1826,Attorney General,,REP,Wayne Stenehjem,22
Grand Forks,Precinct 1826,C 1: This constitutional measure would amend section 16 of Article XI of the North Dakota Constitution,,,No,14
Grand Forks,Precinct 1826,C 1: This constitutional measure would amend section 16 of Article XI of the North Dakota Constitution,,,Yes,57
Grand Forks,Precinct 1826,C 2: This constitutional measure would amend certain sections and repeal other sections of Article XII of the North Dakota Constitution,,,No,14
Grand Forks,Precinct 1826,C 2: This constitutional measure would amend certain sections and repeal other sections of Article XII of the North Dakota Constitution,,,Yes,54
Grand Forks,Precinct 1826,Justice of the Supreme Court,,NON,Dale Sandstrom,59
Grand Forks,Precinct 1826,Public Service Commissioner,,DEM,Cheryl Bergian,39
Grand Forks,Precinct 1826,Public Service Commissioner,,REP,Tony Clark,23
Grand Forks,Precinct 1826,Secretary of State,,DEM,Kristin Hedger,40
Grand Forks,Precinct 1826,Secretary of State,,REP,Alvin A (Al) Jaeger,23
Grand Forks,Precinct 1826,Tax Commissioner,,DEM,Brent Edison,38
Grand Forks,Precinct 1826,Tax Commissioner,,REP,Cory Fong,22
Grand Forks,Precinct 1826,U.S. House,1,DEM,Earl Pomeroy,43
Grand Forks,Precinct 1826,U.S. House,1,REP,Matt Mechtel,23
Grand Forks,Precinct 1826,U.S. Senate,,DEM,Kent Conrad,42
Grand Forks,Precinct 1826,U.S. Senate,,REP,Dwight Grotberg,24
Grand Forks,Precinct 1827,Agriculture Commissioner,,DEM,Roger Johnson,56
Grand Forks,Precinct 1827,Agriculture Commissioner,,REP,Doug Goehring,21
Grand Forks,Precinct 1827,Attorney General,,DEM,Bill Brudvik,55
Grand Forks,Precinct 1827,Attorney General,,REP,Wayne Stenehjem,21
Grand Forks,Precinct 1827,C 1: This constitutional measure would amend section 16 of Article XI of the North Dakota Constitution,,,No,11
Grand Forks,Precinct 1827,C 1: This constitutional measure would amend section 16 of Article XI of the North Dakota Constitution,,,Yes,76
Grand Forks,Precinct 1827,C 2: This constitutional measure would amend certain sections and repeal other sections of Article XII of the North Dakota Constitution,,,No,11
Grand Forks,Precinct 1827,C 2: This constitutional measure would amend certain sections and repeal other sections of Article XII of the North Dakota Constitution,,,Yes,75
Grand Forks,Precinct 1827,Justice of the Supreme Court,,NON,Dale Sandstrom,74
Grand Forks,Precinct 1827,Public Service Commissioner,,DEM,Cheryl Bergian,55
Grand Forks,Precinct 1827,Public Service Commissioner,,REP,Tony Clark,20
Grand Forks,Precinct 1827,Secretary of State,,DEM,Kristin Hedger,56
Grand Forks,Precinct 1827,Secretary of State,,REP,Alvin A (Al) Jaeger,23
Grand Forks,Precinct 1827,Tax Commissioner,,DEM,Brent Edison,57
Grand Forks,Precinct 1827,Tax Commissioner,,REP,Cory Fong,21
Grand Forks,Precinct 1827,U.S. House,1,DEM,Earl Pomeroy,60
Grand Forks,Precinct 1827,U.S. House,1,REP,Matt Mechtel,22
Grand Forks,Precinct 1827,U.S. Senate,,DEM,Kent Conrad,62
Grand Forks,Precinct 1827,U.S. Senate,,REP,Dwight Grotberg,22
Grand Forks,Precinct 1828,Agriculture Commissioner,,DEM,Roger Johnson,21
Grand Forks,Precinct 1828,Agriculture Commissioner,,REP,Doug Goehring,6
Grand Forks,Precinct 1828,Attorney General,,DEM,Bill Brudvik,21
Grand Forks,Precinct 1828,Attorney General,,REP,Wayne Stenehjem,6
Grand Forks,Precinct 1828,C 1: This constitutional measure would amend section 16 of Article XI of the North Dakota Constitution,,,No,6
Grand Forks,Precinct 1828,C 1: This constitutional measure would amend section 16 of Article XI of the North Dakota Constitution,,,Yes,25
Grand Forks,Precinct 1828,C 2: This constitutional measure would amend certain sections and repeal other sections of Article XII of the North Dakota Constitution,,,No,2
Grand Forks,Precinct 1828,C 2: This constitutional measure would amend certain sections and repeal other sections of Article XII of the North Dakota Constitution,,,Yes,29
Grand Forks,Precinct 1828,Justice of the Supreme Court,,NON,Dale Sandstrom,24
Grand Forks,Precinct 1828,Public Service Commissioner,,DEM,Cheryl Bergian,21
Grand Forks,Precinct 1828,Public Service Commissioner,,REP,Tony Clark,6
Grand Forks,Precinct 1828,Secretary of State,,DEM,Kristin Hedger,20
Grand Forks,Precinct 1828,Secretary of State,,REP,Alvin A (Al) Jaeger,6
Grand Forks,Precinct 1828,Tax Commissioner,,DEM,Brent Edison,21
Grand Forks,Precinct 1828,Tax Commissioner,,REP,Cory Fong,6
Grand Forks,Precinct 1828,U.S. House,1,DEM,Earl Pomeroy,22
Grand Forks,Precinct 1828,U.S. House,1,REP,Matt Mechtel,5
Grand Forks,Precinct 1828,U.S. Senate,,DEM,Kent Conrad,23
Grand Forks,Precinct 1828,U.S. Senate,,REP,Dwight Grotberg,6
Grand Forks,Precinct 1829,Agriculture Commissioner,,DEM,Roger Johnson,107
Grand Forks,Precinct 1829,Agriculture Commissioner,,REP,Doug Goehring,48
Grand Forks,Precinct 1829,Attorney General,,DEM,Bill Brudvik,94
Grand Forks,Precinct 1829,Attorney General,,REP,Wayne Stenehjem,52
Grand Forks,Precinct 1829,C 1: This constitutional measure would amend section 16 of Article XI of the North Dakota Constitution,,,No,29
Grand Forks,Precinct 1829,C 1: This constitutional measure would amend section 16 of Article XI of the North Dakota Constitution,,,Yes,132
Grand Forks,Precinct 1829,C 2: This constitutional measure would amend certain sections and repeal other sections of Article XII of the North Dakota Constitution,,,No,27
Grand Forks,Precinct 1829,C 2: This constitutional measure would amend certain sections and repeal other sections of Article XII of the North Dakota Constitution,,,Yes,131
Grand Forks,Precinct 1829,Justice of the Supreme Court,,NON,Dale Sandstrom,143
Grand Forks,Precinct 1829,Public Service Commissioner,,DEM,Cheryl Bergian,100
Grand Forks,Precinct 1829,Public Service Commissioner,,REP,Tony Clark,49
Grand Forks,Precinct 1829,Secretary of State,,DEM,Kristin Hedger,97
Grand Forks,Precinct 1829,Secretary of State,,REP,Alvin A (Al) Jaeger,51
Grand Forks,Precinct 1829,Tax Commissioner,,DEM,Brent Edison,98
Grand Forks,Precinct 1829,Tax Commissioner,,REP,Cory Fong,49
Grand Forks,Precinct 1829,U.S. House,1,DEM,Earl Pomeroy,113
Grand Forks,Precinct 1829,U.S. House,1,REP,Matt Mechtel,50
Grand Forks,Precinct 1829,U.S. Senate,,DEM,Kent Conrad,112
Grand Forks,Precinct 1829,U.S. Senate,,REP,Dwight Grotberg,50
Grand Forks,Precinct 1842,Agriculture Commissioner,,DEM,Roger Johnson,14
Grand Forks,Precinct 1842,Agriculture Commissioner,,REP,Doug Goehring,2
Grand Forks,Precinct 1842,Attorney General,,DEM,Bill Brudvik,14
Grand Forks,Precinct 1842,Attorney General,,REP,Wayne Stenehjem,2
Grand Forks,Precinct 1842,C 1: This constitutional measure would amend section 16 of Article XI of the North Dakota Constitution,,,No,6
Grand Forks,Precinct 1842,C 1: This constitutional measure would amend section 16 of Article XI of the North Dakota Constitution,,,Yes,11
Grand Forks,Precinct 1842,C 2: This constitutional measure would amend certain sections and repeal other sections of Article XII of the North Dakota Constitution,,,No,4
Grand Forks,Precinct 1842,C 2: This constitutional measure would amend certain sections and repeal other sections of Article XII of the North Dakota Constitution,,,Yes,13
Grand Forks,Precinct 1842,Justice of the Supreme Court,,NON,Dale Sandstrom,18
Grand Forks,Precinct 1842,Public Service Commissioner,,DEM,Cheryl Bergian,12
Grand Forks,Precinct 1842,Public Service Commissioner,,REP,Tony Clark,2
Grand Forks,Precinct 1842,Secretary of State,,DEM,Kristin Hedger,14
Grand Forks,Precinct 1842,Secretary of State,,REP,Alvin A (Al) Jaeger,2
Grand Forks,Precinct 1842,Tax Commissioner,,DEM,Brent Edison,14
Grand Forks,Precinct 1842,Tax Commissioner,,REP,Cory Fong,2
Grand Forks,Precinct 1842,U.S. House,1,DEM,Earl Pomeroy,14
Grand Forks,Precinct 1842,U.S. House,1,REP,Matt Mechtel,2
Grand Forks,Precinct 1842,U.S. Senate,,DEM,Kent Conrad,14
Grand Forks,Precinct 1842,U.S. Senate,,REP,Dwight Grotberg,2
Grand Forks,Precinct 1902,Agriculture Commissioner,,DEM,Roger Johnson,31
Grand Forks,Precinct 1902,Agriculture Commissioner,,REP,Doug Goehring,26
Grand Forks,Precinct 1902,Attorney General,,DEM,Bill Brudvik,30
Grand Forks,Precinct 1902,Attorney General,,REP,Wayne Stenehjem,26
Grand Forks,Precinct 1902,C 1: This constitutional measure would amend section 16 of Article XI of the North Dakota Constitution,,,No,12
Grand Forks,Precinct 1902,C 1: This constitutional measure would amend section 16 of Article XI of the North Dakota Constitution,,,Yes,48
Grand Forks,Precinct 1902,C 2: This constitutional measure would amend certain sections and repeal other sections of Article XII of the North Dakota Constitution,,,No,15
Grand Forks,Precinct 1902,C 2: This constitutional measure would amend certain sections and repeal other sections of Article XII of the North Dakota Constitution,,,Yes,44
Grand Forks,Precinct 1902,Justice of the Supreme Court,,NON,Dale Sandstrom,58
Grand Forks,Precinct 1902,Public Service Commissioner,,DEM,Cheryl Bergian,31
Grand Forks,Precinct 1902,Public Service Commissioner,,REP,Tony Clark,24
Grand Forks,Precinct 1902,Secretary of State,,DEM,Kristin Hedger,30
Grand Forks,Precinct 1902,Secretary of State,,REP,Alvin A (Al) Jaeger,27
Grand Forks,Precinct 1902,State House Legislative,19,DEM,Chris Griffin,30
Grand Forks,Precinct 1902,State House Legislative,19,DEM,Erin E Braaten,29
Grand Forks,Precinct 1902,State House Legislative,19,REP,Gerald Uglem,20
Grand Forks,Precinct 1902,State House Legislative,19,REP,Thomas Brusegaard,22
Grand Forks,Precinct 1902,State Senate Legislative District 19,,DEM,Arthur H Behm,31
Grand Forks,Precinct 1902,State Senate Legislative District 19,,REP,Duane Mutch,27
Grand Forks,Precinct 1902,Tax Commissioner,,DEM,Brent Edison,31
Grand Forks,Precinct 1902,Tax Commissioner,,REP,Cory Fong,26
Grand Forks,Precinct 1902,U.S. House,1,DEM,Earl Pomeroy,33
Grand Forks,Precinct 1902,U.S. House,1,REP,Matt Mechtel,26
Grand Forks,Precinct 1902,U.S. Senate,,DEM,Kent Conrad,33
Grand Forks,Precinct 1902,U.S. Senate,,REP,Dwight Grotberg,26
Grand Forks,Precinct 1903,Agriculture Commissioner,,DEM,Roger Johnson,32
Grand Forks,Precinct 1903,Agriculture Commissioner,,REP,Doug Goehring,31
Grand Forks,Precinct 1903,Attorney General,,DEM,Bill Brudvik,29
Grand Forks,Precinct 1903,Attorney General,,REP,Wayne Stenehjem,31
Grand Forks,Precinct 1903,C 1: This constitutional measure would amend section 16 of Article XI of the North Dakota Constitution,,,No,15
Grand Forks,Precinct 1903,C 1: This constitutional measure would amend section 16 of Article XI of the North Dakota Constitution,,,Yes,49
Grand Forks,Precinct 1903,C 2: This constitutional measure would amend certain sections and repeal other sections of Article XII of the North Dakota Constitution,,,No,15
Grand Forks,Precinct 1903,C 2: This constitutional measure would amend certain sections and repeal other sections of Article XII of the North Dakota Constitution,,,Yes,50
Grand Forks,Precinct 1903,Justice of the Supreme Court,,NON,Dale Sandstrom,63
Grand Forks,Precinct 1903,Public Service Commissioner,,DEM,Cheryl Bergian,30
Grand Forks,Precinct 1903,Public Service Commissioner,,REP,Tony Clark,32
Grand Forks,Precinct 1903,Secretary of State,,DEM,Kristin Hedger,31
Grand Forks,Precinct 1903,Secretary of State,,REP,Alvin A (Al) Jaeger,32
Grand Forks,Precinct 1903,State House Legislative,19,DEM,Chris Griffin,32
Grand Forks,Precinct 1903,State House Legislative,19,DEM,Erin E Braaten,27
Grand Forks,Precinct 1903,State House Legislative,19,REP,Gerald Uglem,25
Grand Forks,Precinct 1903,State House Legislative,19,REP,Thomas Brusegaard,28
Grand Forks,Precinct 1903,State Senate Legislative District 19,,DEM,Arthur H Behm,32
Grand Forks,Precinct 1903,State Senate Legislative District 19,,REP,Duane Mutch,33
Grand Forks,Precinct 1903,Tax Commissioner,,DEM,Brent Edison,30
Grand Forks,Precinct 1903,Tax Commissioner,,REP,Cory Fong,31
Grand Forks,Precinct 1903,U.S. House,1,DEM,Earl Pomeroy,33
Grand Forks,Precinct 1903,U.S. House,1,REP,Matt Mechtel,28
Grand Forks,Precinct 1903,U.S. Senate,,DEM,Kent Conrad,35
Grand Forks,Precinct 1903,U.S. Senate,,REP,Dwight Grotberg,30
Grand Forks,Precinct 1904,Agriculture Commissioner,,DEM,Roger Johnson,41
Grand Forks,Precinct 1904,Agriculture Commissioner,,REP,Doug Goehring,18
Grand Forks,Precinct 1904,Attorney General,,DEM,Bill Brudvik,36
Grand Forks,Precinct 1904,Attorney General,,REP,Wayne Stenehjem,20
Grand Forks,Precinct 1904,C 1: This constitutional measure would amend section 16 of Article XI of the North Dakota Constitution,,,No,15
Grand Forks,Precinct 1904,C 1: This constitutional measure would amend section 16 of Article XI of the North Dakota Constitution,,,Yes,46
Grand Forks,Precinct 1904,C 2: This constitutional measure would amend certain sections and repeal other sections of Article XII of the North Dakota Constitution,,,No,13
Grand Forks,Precinct 1904,C 2: This constitutional measure would amend certain sections and repeal other sections of Article XII of the North Dakota Constitution,,,Yes,44
Grand Forks,Precinct 1904,Justice of the Supreme Court,,NON,Dale Sandstrom,55
Grand Forks,Precinct 1904,Public Service Commissioner,,DEM,Cheryl Bergian,36
Grand Forks,Precinct 1904,Public Service Commissioner,,REP,Tony Clark,17
Grand Forks,Precinct 1904,Secretary of State,,DEM,Kristin Hedger,37
Grand Forks,Precinct 1904,Secretary of State,,REP,Alvin A (Al) Jaeger,20
Grand Forks,Precinct 1904,State House Legislative,19,DEM,Chris Griffin,33
Grand Forks,Precinct 1904,State House Legislative,19,DEM,Erin E Braaten,32
Grand Forks,Precinct 1904,State House Legislative,19,REP,Gerald Uglem,12
Grand Forks,Precinct 1904,State House Legislative,19,REP,Thomas Brusegaard,20
Grand Forks,Precinct 1904,State Senate Legislative District 19,,DEM,Arthur H Behm,39
Grand Forks,Precinct 1904,State Senate Legislative District 19,,REP,Duane Mutch,21
Grand Forks,Precinct 1904,Tax Commissioner,,DEM,Brent Edison,38
Grand Forks,Precinct 1904,Tax Commissioner,,REP,Cory Fong,17
Grand Forks,Precinct 1904,U.S. House,1,DEM,Earl Pomeroy,47
Grand Forks,Precinct 1904,U.S. House,1,REP,Matt Mechtel,17
Grand Forks,Precinct 1904,U.S. Senate,,DEM,Kent Conrad,46
Grand Forks,Precinct 1904,U.S. Senate,,REP,Dwight Grotberg,18
Grand Forks,Precinct 1905,Agriculture Commissioner,,DEM,Roger Johnson,77
Grand Forks,Precinct 1905,Agriculture Commissioner,,REP,Doug Goehring,71
Grand Forks,Precinct 1905,Attorney General,,DEM,Bill Brudvik,73
Grand Forks,Precinct 1905,Attorney General,,REP,Wayne Stenehjem,70
Grand Forks,Precinct 1905,C 1: This constitutional measure would amend section 16 of Article XI of the North Dakota Constitution,,,No,37
Grand Forks,Precinct 1905,C 1: This constitutional measure would amend section 16 of Article XI of the North Dakota Constitution,,,Yes,104
Grand Forks,Precinct 1905,C 2: This constitutional measure would amend certain sections and repeal other sections of Article XII of the North Dakota Constitution,,,No,32
Grand Forks,Precinct 1905,C 2: This constitutional measure would amend certain sections and repeal other sections of Article XII of the North Dakota Constitution,,,Yes,107
Grand Forks,Precinct 1905,Justice of the Supreme Court,,NON,Dale Sandstrom,142
Grand Forks,Precinct 1905,Public Service Commissioner,,DEM,Cheryl Bergian,75
Grand Forks,Precinct 1905,Public Service Commissioner,,REP,Tony Clark,72
Grand Forks,Precinct 1905,Secretary of State,,DEM,Kristin Hedger,75
Grand Forks,Precinct 1905,Secretary of State,,REP,Alvin A (Al) Jaeger,72
Grand Forks,Precinct 1905,State House Legislative,19,DEM,Chris Griffin,59
Grand Forks,Precinct 1905,State House Legislative,19,DEM,Erin E Braaten,63
Grand Forks,Precinct 1905,State House Legislative,19,REP,Gerald Uglem,62
Grand Forks,Precinct 1905,State House Legislative,19,REP,Thomas Brusegaard,60
Grand Forks,Precinct 1905,State Senate Legislative District 19,,DEM,Arthur H Behm,77
Grand Forks,Precinct 1905,State Senate Legislative District 19,,REP,Duane Mutch,67
Grand Forks,Precinct 1905,Tax Commissioner,,DEM,Brent Edison,73
Grand Forks,Precinct 1905,Tax Commissioner,,REP,Cory Fong,70
Grand Forks,Precinct 1905,U.S. House,1,DEM,Earl Pomeroy,78
Grand Forks,Precinct 1905,U.S. House,1,REP,Matt Mechtel,67
Grand Forks,Precinct 1905,U.S. Senate,,DEM,Kent Conrad,80
Grand Forks,Precinct 1905,U.S. Senate,,REP,Dwight Grotberg,71
Grand Forks,Precinct 1906,Agriculture Commissioner,,DEM,Roger Johnson,69
Grand Forks,Precinct 1906,Agriculture Commissioner,,REP,Doug Goehring,94
Grand Forks,Precinct 1906,Attorney General,,DEM,Bill Brudvik,63
Grand Forks,Precinct 1906,Attorney General,,REP,Wayne Stenehjem,96
Grand Forks,Precinct 1906,C 1: This constitutional measure would amend section 16 of Article XI of the North Dakota Constitution,,,No,54
Grand Forks,Precinct 1906,C 1: This constitutional measure would amend section 16 of Article XI of the North Dakota Constitution,,,Yes,112
Grand Forks,Precinct 1906,C 2: This constitutional measure would amend certain sections and repeal other sections of Article XII of the North Dakota Constitution,,,No,54
Grand Forks,Precinct 1906,C 2: This constitutional measure would amend certain sections and repeal other sections of Article XII of the North Dakota Constitution,,,Yes,109
Grand Forks,Precinct 1906,Justice of the Supreme Court,,NON,Dale Sandstrom,156
Grand Forks,Precinct 1906,Public Service Commissioner,,DEM,Cheryl Bergian,60
Grand Forks,Precinct 1906,Public Service Commissioner,,REP,Tony Clark,94
Grand Forks,Precinct 1906,Secretary of State,,DEM,Kristin Hedger,64
Grand Forks,Precinct 1906,Secretary of State,,REP,Alvin A (Al) Jaeger,96
Grand Forks,Precinct 1906,State House Legislative,19,DEM,Chris Griffin,61
Grand Forks,Precinct 1906,State House Legislative,19,DEM,Erin E Braaten,50
Grand Forks,Precinct 1906,State House Legislative,19,REP,Gerald Uglem,85
Grand Forks,Precinct 1906,State House Legislative,19,REP,Thomas Brusegaard,88
Grand Forks,Precinct 1906,State Senate Legislative District 19,,DEM,Arthur H Behm,72
Grand Forks,Precinct 1906,State Senate Legislative District 19,,REP,Duane Mutch,97
Grand Forks,Precinct 1906,Tax Commissioner,,DEM,Brent Edison,62
Grand Forks,Precinct 1906,Tax Commissioner,,REP,Cory Fong,96
Grand Forks,Precinct 1906,U.S. House,1,DEM,Earl Pomeroy,76
Grand Forks,Precinct 1906,U.S. House,1,REP,Matt Mechtel,92
Grand Forks,Precinct 1906,U.S. Senate,,DEM,Kent Conrad,79
Grand Forks,Precinct 1906,U.S. Senate,,REP,Dwight Grotberg,92
Grand Forks,Precinct 1907,Agriculture Commissioner,,DEM,Roger Johnson,101
Grand Forks,Precinct 1907,Agriculture Commissioner,,REP,Doug Goehring,61
Grand Forks,Precinct 1907,Attorney General,,DEM,Bill Brudvik,88
Grand Forks,Precinct 1907,Attorney General,,REP,Wayne Stenehjem,67
Grand Forks,Precinct 1907,C 1: This constitutional measure would amend section 16 of Article XI of the North Dakota Constitution,,,No,46
Grand Forks,Precinct 1907,C 1: This constitutional measure would amend section 16 of Article XI of the North Dakota Constitution,,,Yes,120
Grand Forks,Precinct 1907,C 2: This constitutional measure would amend certain sections and repeal other sections of Article XII of the North Dakota Constitution,,,No,43
Grand Forks,Precinct 1907,C 2: This constitutional measure would amend certain sections and repeal other sections of Article XII of the North Dakota Constitution,,,Yes,114
Grand Forks,Precinct 1907,Justice of the Supreme Court,,NON,Dale Sandstrom,160
Grand Forks,Precinct 1907,Public Service Commissioner,,DEM,Cheryl Bergian,91
Grand Forks,Precinct 1907,Public Service Commissioner,,REP,Tony Clark,60
Grand Forks,Precinct 1907,Secretary of State,,DEM,Kristin Hedger,88
Grand Forks,Precinct 1907,Secretary of State,,REP,Alvin A (Al) Jaeger,65
Grand Forks,Precinct 1907,State House Legislative,19,DEM,Chris Griffin,86
Grand Forks,Precinct 1907,State House Legislative,19,DEM,Erin E Braaten,68
Grand Forks,Precinct 1907,State House Legislative,19,REP,Gerald Uglem,61
Grand Forks,Precinct 1907,State House Legislative,19,REP,Thomas Brusegaard,51
Grand Forks,Precinct 1907,State Senate Legislative District 19,,DEM,Arthur H Behm,100
Grand Forks,Precinct 1907,State Senate Legislative District 19,,REP,Duane Mutch,64
Grand Forks,Precinct 1907,Tax Commissioner,,DEM,Brent Edison,89
Grand Forks,Precinct 1907,Tax Commissioner,,REP,Cory Fong,62
Grand Forks,Precinct 1907,U.S. House,1,DEM,Earl Pomeroy,107
Grand Forks,Precinct 1907,U.S. House,1,REP,Matt Mechtel,56
Grand Forks,Precinct 1907,U.S. Senate,,DEM,Kent Conrad,111
Grand Forks,Precinct 1907,U.S. Senate,,REP,Dwight Grotberg,58
Grand Forks,Precinct 1908,Agriculture Commissioner,,DEM,Roger Johnson,33
Grand Forks,Precinct 1908,Agriculture Commissioner,,REP,Doug Goehring,13
Grand Forks,Precinct 1908,Attorney General,,DEM,Bill Brudvik,33
Grand Forks,Precinct 1908,Attorney General,,REP,Wayne Stenehjem,13
Grand Forks,Precinct 1908,C 1: This constitutional measure would amend section 16 of Article XI of the North Dakota Constitution,,,No,13
Grand Forks,Precinct 1908,C 1: This constitutional measure would amend section 16 of Article XI of the North Dakota Constitution,,,Yes,32
Grand Forks,Precinct 1908,C 2: This constitutional measure would amend certain sections and repeal other sections of Article XII of the North Dakota Constitution,,,No,14
Grand Forks,Precinct 1908,C 2: This constitutional measure would amend certain sections and repeal other sections of Article XII of the North Dakota Constitution,,,Yes,29
Grand Forks,Precinct 1908,Justice of the Supreme Court,,NON,Dale Sandstrom,44
Grand Forks,Precinct 1908,Public Service Commissioner,,DEM,Cheryl Bergian,33
Grand Forks,Precinct 1908,Public Service Commissioner,,REP,Tony Clark,13
Grand Forks,Precinct 1908,Secretary of State,,DEM,Kristin Hedger,33
Grand Forks,Precinct 1908,Secretary of State,,REP,Alvin A (Al) Jaeger,13
Grand Forks,Precinct 1908,State House Legislative,19,DEM,Chris Griffin,26
Grand Forks,Precinct 1908,State House Legislative,19,DEM,Erin E Braaten,35
Grand Forks,Precinct 1908,State House Legislative,19,REP,Gerald Uglem,11
Grand Forks,Precinct 1908,State House Legislative,19,REP,Thomas Brusegaard,10
Grand Forks,Precinct 1908,State Senate Legislative District 19,,DEM,Arthur H Behm,33
Grand Forks,Precinct 1908,State Senate Legislative District 19,,REP,Duane Mutch,13
Grand Forks,Precinct 1908,Tax Commissioner,,DEM,Brent Edison,34
Grand Forks,Precinct 1908,Tax Commissioner,,REP,Cory Fong,13
Grand Forks,Precinct 1908,U.S. House,1,DEM,Earl Pomeroy,34
Grand Forks,Precinct 1908,U.S. House,1,REP,Matt Mechtel,13
Grand Forks,Precinct 1908,U.S. Senate,,DEM,Kent Conrad,34
Grand Forks,Precinct 1908,U.S. Senate,,REP,Dwight Grotberg,12
Grand Forks,Precinct 1909,Agriculture Commissioner,,DEM,Roger Johnson,27
Grand Forks,Precinct 1909,Agriculture Commissioner,,REP,Doug Goehring,10
Grand Forks,Precinct 1909,Attorney General,,DEM,Bill Brudvik,26
Grand Forks,Precinct 1909,Attorney General,,REP,Wayne Stenehjem,12
Grand Forks,Precinct 1909,C 1: This constitutional measure would amend section 16 of Article XI of the North Dakota Constitution,,,No,11
Grand Forks,Precinct 1909,C 1: This constitutional measure would amend section 16 of Article XI of the North Dakota Constitution,,,Yes,31
Grand Forks,Precinct 1909,C 2: This constitutional measure would amend certain sections and repeal other sections of Article XII of the North Dakota Constitution,,,No,12
Grand Forks,Precinct 1909,C 2: This constitutional measure would amend certain sections and repeal other sections of Article XII of the North Dakota Constitution,,,Yes,28
Grand Forks,Precinct 1909,Justice of the Supreme Court,,NON,Dale Sandstrom,31
Grand Forks,Precinct 1909,Public Service Commissioner,,DEM,Cheryl Bergian,25
Grand Forks,Precinct 1909,Public Service Commissioner,,REP,Tony Clark,10
Grand Forks,Precinct 1909,Secretary of State,,DEM,Kristin Hedger,25
Grand Forks,Precinct 1909,Secretary of State,,REP,Alvin A (Al) Jaeger,10
Grand Forks,Precinct 1909,State House Legislative,19,DEM,Chris Griffin,27
Grand Forks,Precinct 1909,State House Legislative,19,DEM,Erin E Braaten,18
Grand Forks,Precinct 1909,State House Legislative,19,REP,Gerald Uglem,10
Grand Forks,Precinct 1909,State House Legislative,19,REP,Thomas Brusegaard,10
Grand Forks,Precinct 1909,State Senate Legislative District 19,,DEM,Arthur H Behm,31
Grand Forks,Precinct 1909,State Senate Legislative District 19,,REP,Duane Mutch,12
Grand Forks,Precinct 1909,Tax Commissioner,,DEM,Brent Edison,26
Grand Forks,Precinct 1909,Tax Commissioner,,REP,Cory Fong,10
Grand Forks,Precinct 1909,U.S. House,1,DEM,Earl Pomeroy,32
Grand Forks,Precinct 1909,U.S. House,1,REP,Matt Mechtel,11
Grand Forks,Precinct 1909,U.S. Senate,,DEM,Kent Conrad,32
Grand Forks,Precinct 1909,U.S. Senate,,REP,Dwight Grotberg,10
Grand Forks,Precinct 1910,Agriculture Commissioner,,DEM,Roger Johnson,40
Grand Forks,Precinct 1910,Agriculture Commissioner,,REP,Doug Goehring,60
Grand Forks,Precinct 1910,Attorney General,,DEM,Bill Brudvik,40
Grand Forks,Precinct 1910,Attorney General,,REP,Wayne Stenehjem,63
Grand Forks,Precinct 1910,C 1: This constitutional measure would amend section 16 of Article XI of the North Dakota Constitution,,,No,14
Grand Forks,Precinct 1910,C 1: This constitutional measure would amend section 16 of Article XI of the North Dakota Constitution,,,Yes,83
Grand Forks,Precinct 1910,C 2: This constitutional measure would amend certain sections and repeal other sections of Article XII of the North Dakota Constitution,,,No,27
Grand Forks,Precinct 1910,C 2: This constitutional measure would amend certain sections and repeal other sections of Article XII of the North Dakota Constitution,,,Yes,71
Grand Forks,Precinct 1910,Justice of the Supreme Court,,NON,Dale Sandstrom,95
Grand Forks,Precinct 1910,Public Service Commissioner,,DEM,Cheryl Bergian,40
Grand Forks,Precinct 1910,Public Service Commissioner,,REP,Tony Clark,58
Grand Forks,Precinct 1910,Secretary of State,,DEM,Kristin Hedger,40
Grand Forks,Precinct 1910,Secretary of State,,REP,Alvin A (Al) Jaeger,60
Grand Forks,Precinct 1910,State House Legislative,19,DEM,Chris Griffin,32
Grand Forks,Precinct 1910,State House Legislative,19,DEM,Erin E Braaten,40
Grand Forks,Precinct 1910,State House Legislative,19,REP,Gerald Uglem,63
Grand Forks,Precinct 1910,State House Legislative,19,REP,Thomas Brusegaard,53
Grand Forks,Precinct 1910,State Senate Legislative District 19,,DEM,Arthur H Behm,41
Grand Forks,Precinct 1910,State Senate Legislative District 19,,REP,Duane Mutch,58
Grand Forks,Precinct 1910,Tax Commissioner,,DEM,Brent Edison,40
Grand Forks,Precinct 1910,Tax Commissioner,,REP,Cory Fong,58
Grand Forks,Precinct 1910,U.S. House,1,DEM,Earl Pomeroy,39
Grand Forks,Precinct 1910,U.S. House,1,REP,Matt Mechtel,52
Grand Forks,Precinct 1910,U.S. Senate,,DEM,Kent Conrad,40
Grand Forks,Precinct 1910,U.S. Senate,,REP,Dwight Grotberg,55
Grand Forks,Precinct 1911,Agriculture Commissioner,,DEM,Roger Johnson,32
Grand Forks,Precinct 1911,Agriculture Commissioner,,REP,Doug Goehring,51
Grand Forks,Precinct 1911,Attorney General,,DEM,Bill Brudvik,29
Grand Forks,Precinct 1911,Attorney General,,REP,Wayne Stenehjem,54
Grand Forks,Precinct 1911,C 1: This constitutional measure would amend section 16 of Article XI of the North Dakota Constitution,,,No,23
Grand Forks,Precinct 1911,C 1: This constitutional measure would amend section 16 of Article XI of the North Dakota Constitution,,,Yes,56
Grand Forks,Precinct 1911,C 2: This constitutional measure would amend certain sections and repeal other sections of Article XII of the North Dakota Constitution,,,No,20
Grand Forks,Precinct 1911,C 2: This constitutional measure would amend certain sections and repeal other sections of Article XII of the North Dakota Constitution,,,Yes,55
Grand Forks,Precinct 1911,Justice of the Supreme Court,,NON,Dale Sandstrom,81
Grand Forks,Precinct 1911,Public Service Commissioner,,DEM,Cheryl Bergian,29
Grand Forks,Precinct 1911,Public Service Commissioner,,REP,Tony Clark,53
Grand Forks,Precinct 1911,Secretary of State,,DEM,Kristin Hedger,30
Grand Forks,Precinct 1911,Secretary of State,,REP,Alvin A (Al) Jaeger,53
Grand Forks,Precinct 1911,State House Legislative,19,DEM,Chris Griffin,24
Grand Forks,Precinct 1911,State House Legislative,19,DEM,Erin E Braaten,26
Grand Forks,Precinct 1911,State House Legislative,19,REP,Gerald Uglem,49
Grand Forks,Precinct 1911,State House Legislative,19,REP,Thomas Brusegaard,42
Grand Forks,Precinct 1911,State Senate Legislative District 19,,DEM,Arthur H Behm,31
Grand Forks,Precinct 1911,State Senate Legislative District 19,,REP,Duane Mutch,50
Grand Forks,Precinct 1911,Tax Commissioner,,DEM,Brent Edison,29
Grand Forks,Precinct 1911,Tax Commissioner,,REP,Cory Fong,50
Grand Forks,Precinct 1911,U.S. House,1,DEM,Earl Pomeroy,33
Grand Forks,Precinct 1911,U.S. House,1,REP,Matt Mechtel,50
Grand Forks,Precinct 1911,U.S. Senate,,DEM,Kent Conrad,33
Grand Forks,Precinct 1911,U.S. Senate,,REP,Dwight Grotberg,50
Grand Forks,Precinct 1912,Agriculture Commissioner,,DEM,Roger Johnson,47
Grand Forks,Precinct 1912,Agriculture Commissioner,,REP,Doug Goehring,70
Grand Forks,Precinct 1912,Attorney General,,DEM,Bill Brudvik,47
Grand Forks,Precinct 1912,Attorney General,,REP,Wayne Stenehjem,72
Grand Forks,Precinct 1912,C 1: This constitutional measure would amend section 16 of Article XI of the North Dakota Constitution,,,No,38
Grand Forks,Precinct 1912,C 1: This constitutional measure would amend section 16 of Article XI of the North Dakota Constitution,,,Yes,85
Grand Forks,Precinct 1912,C 2: This constitutional measure would amend certain sections and repeal other sections of Article XII of the North Dakota Constitution,,,No,37
Grand Forks,Precinct 1912,C 2: This constitutional measure would amend certain sections and repeal other sections of Article XII of the North Dakota Constitution,,,Yes,85
Grand Forks,Precinct 1912,Justice of the Supreme Court,,NON,Dale Sandstrom,118
Grand Forks,Precinct 1912,Public Service Commissioner,,DEM,Cheryl Bergian,46
Grand Forks,Precinct 1912,Public Service Commissioner,,REP,Tony Clark,70
Grand Forks,Precinct 1912,Secretary of State,,DEM,Kristin Hedger,47
Grand Forks,Precinct 1912,Secretary of State,,REP,Alvin A (Al) Jaeger,73
Grand Forks,Precinct 1912,State House Legislative,19,DEM,Chris Griffin,41
Grand Forks,Precinct 1912,State House Legislative,19,DEM,Erin E Braaten,45
Grand Forks,Precinct 1912,State House Legislative,19,REP,Gerald Uglem,71
Grand Forks,Precinct 1912,State House Legislative,19,REP,Thomas Brusegaard,56
Grand Forks,Precinct 1912,State Senate Legislative District 19,,DEM,Arthur H Behm,48
Grand Forks,Precinct 1912,State Senate Legislative District 19,,REP,Duane Mutch,70
Grand Forks,Precinct 1912,Tax Commissioner,,DEM,Brent Edison,44
Grand Forks,Precinct 1912,Tax Commissioner,,REP,Cory Fong,70
Grand Forks,Precinct 1912,U.S. House,1,DEM,Earl Pomeroy,56
Grand Forks,Precinct 1912,U.S. House,1,REP,Matt Mechtel,66
Grand Forks,Precinct 1912,U.S. Senate,,DEM,Kent Conrad,56
Grand Forks,Precinct 1912,U.S. Senate,,REP,Dwight Grotberg,67
Grand Forks,Precinct 1913,Agriculture Commissioner,,DEM,Roger Johnson,36
Grand Forks,Precinct 1913,Agriculture Commissioner,,REP,Doug Goehring,21
Grand Forks,Precinct 1913,Attorney General,,DEM,Bill Brudvik,31
Grand Forks,Precinct 1913,Attorney General,,REP,Wayne Stenehjem,21
Grand Forks,Precinct 1913,C 1: This constitutional measure would amend section 16 of Article XI of the North Dakota Constitution,,,No,15
Grand Forks,Precinct 1913,C 1: This constitutional measure would amend section 16 of Article XI of the North Dakota Constitution,,,Yes,40
Grand Forks,Precinct 1913,C 2: This constitutional measure would amend certain sections and repeal other sections of Article XII of the North Dakota Constitution,,,No,11
Grand Forks,Precinct 1913,C 2: This constitutional measure would amend certain sections and repeal other sections of Article XII of the North Dakota Constitution,,,Yes,44
Grand Forks,Precinct 1913,Justice of the Supreme Court,,NON,Dale Sandstrom,52
Grand Forks,Precinct 1913,Public Service Commissioner,,DEM,Cheryl Bergian,33
Grand Forks,Precinct 1913,Public Service Commissioner,,REP,Tony Clark,21
Grand Forks,Precinct 1913,Secretary of State,,DEM,Kristin Hedger,32
Grand Forks,Precinct 1913,Secretary of State,,REP,Alvin A (Al) Jaeger,21
Grand Forks,Precinct 1913,State House Legislative,19,DEM,Chris Griffin,28
Grand Forks,Precinct 1913,State House Legislative,19,DEM,Erin E Braaten,30
Grand Forks,Precinct 1913,State House Legislative,19,REP,Gerald Uglem,22
Grand Forks,Precinct 1913,State House Legislative,19,REP,Thomas Brusegaard,16
Grand Forks,Precinct 1913,State Senate Legislative District 19,,DEM,Arthur H Behm,32
Grand Forks,Precinct 1913,State Senate Legislative District 19,,REP,Duane Mutch,22
Grand Forks,Precinct 1913,Tax Commissioner,,DEM,Brent Edison,33
Grand Forks,Precinct 1913,Tax Commissioner,,REP,Cory Fong,22
Grand Forks,Precinct 1913,U.S. House,1,DEM,Earl Pomeroy,36
Grand Forks,Precinct 1913,U.S. House,1,REP,Matt Mechtel,21
Grand Forks,Precinct 1913,U.S. Senate,,DEM,Kent Conrad,36
Grand Forks,Precinct 1913,U.S. Senate,,REP,Dwight Grotberg,21
Grand Forks,Precinct 1914,Agriculture Commissioner,,DEM,Roger Johnson,73
Grand Forks,Precinct 1914,Agriculture Commissioner,,REP,Doug Goehring,36
Grand Forks,Precinct 1914,Attorney General,,DEM,Bill Brudvik,70
Grand Forks,Precinct 1914,Attorney General,,REP,Wayne Stenehjem,37
Grand Forks,Precinct 1914,C 1: This constitutional measure would amend section 16 of Article XI of the North Dakota Constitution,,,No,30
Grand Forks,Precinct 1914,C 1: This constitutional measure would amend section 16 of Article XI of the North Dakota Constitution,,,Yes,85
Grand Forks,Precinct 1914,C 2: This constitutional measure would amend certain sections and repeal other sections of Article XII of the North Dakota Constitution,,,No,28
Grand Forks,Precinct 1914,C 2: This constitutional measure would amend certain sections and repeal other sections of Article XII of the North Dakota Constitution,,,Yes,86
Grand Forks,Precinct 1914,Justice of the Supreme Court,,NON,Dale Sandstrom,105
Grand Forks,Precinct 1914,Public Service Commissioner,,DEM,Cheryl Bergian,68
Grand Forks,Precinct 1914,Public Service Commissioner,,REP,Tony Clark,36
Grand Forks,Precinct 1914,Secretary of State,,DEM,Kristin Hedger,69
Grand Forks,Precinct 1914,Secretary of State,,REP,Alvin A (Al) Jaeger,37
Grand Forks,Precinct 1914,State House Legislative,19,DEM,Chris Griffin,55
Grand Forks,Precinct 1914,State House Legislative,19,DEM,Erin E Braaten,70
Grand Forks,Precinct 1914,State House Legislative,19,REP,Gerald Uglem,29
Grand Forks,Precinct 1914,State House Legislative,19,REP,Thomas Brusegaard,36
Grand Forks,Precinct 1914,State Senate Legislative District 19,,DEM,Arthur H Behm,70
Grand Forks,Precinct 1914,State Senate Legislative District 19,,REP,Duane Mutch,37
Grand Forks,Precinct 1914,Tax Commissioner,,DEM,Brent Edison,69
Grand Forks,Precinct 1914,Tax Commissioner,,REP,Cory Fong,36
Grand Forks,Precinct 1914,U.S. House,1,DEM,Earl Pomeroy,76
Grand Forks,Precinct 1914,U.S. House,1,REP,Matt Mechtel,35
Grand Forks,Precinct 1914,U.S. Senate,,DEM,Kent Conrad,78
Grand Forks,Precinct 1914,U.S. Senate,,REP,Dwight Grotberg,36
Grand Forks,Precinct 1915,Agriculture Commissioner,,DEM,Roger Johnson,18
Grand Forks,Precinct 1915,Agriculture Commissioner,,REP,Doug Goehring,8
Grand Forks,Precinct 1915,Attorney General,,DEM,Bill Brudvik,16
Grand Forks,Precinct 1915,Attorney General,,REP,Wayne Stenehjem,9
Grand Forks,Precinct 1915,C 1: This constitutional measure would amend section 16 of Article XI of the North Dakota Constitution,,,No,6
Grand Forks,Precinct 1915,C 1: This constitutional measure would amend section 16 of Article XI of the North Dakota Constitution,,,Yes,18
Grand Forks,Precinct 1915,C 2: This constitutional measure would amend certain sections and repeal other sections of Article XII of the North Dakota Constitution,,,No,5
Grand Forks,Precinct 1915,C 2: This constitutional measure would amend certain sections and repeal other sections of Article XII of the North Dakota Constitution,,,Yes,19
Grand Forks,Precinct 1915,Justice of the Supreme Court,,NON,Dale Sandstrom,23
Grand Forks,Precinct 1915,Public Service Commissioner,,DEM,Cheryl Bergian,15
Grand Forks,Precinct 1915,Public Service Commissioner,,REP,Tony Clark,9
Grand Forks,Precinct 1915,Secretary of State,,DEM,Kristin Hedger,17
Grand Forks,Precinct 1915,Secretary of State,,REP,Alvin A (Al) Jaeger,9
Grand Forks,Precinct 1915,State House Legislative,19,DEM,Chris Griffin,16
Grand Forks,Precinct 1915,State House Legislative,19,DEM,Erin E Braaten,17
Grand Forks,Precinct 1915,State House Legislative,19,REP,Gerald Uglem,6
Grand Forks,Precinct 1915,State House Legislative,19,REP,Thomas Brusegaard,9
Grand Forks,Precinct 1915,State Senate Legislative District 19,,DEM,Arthur H Behm,15
Grand Forks,Precinct 1915,State Senate Legislative District 19,,REP,Duane Mutch,8
Grand Forks,Precinct 1915,Tax Commissioner,,DEM,Brent Edison,17
Grand Forks,Precinct 1915,Tax Commissioner,,REP,Cory Fong,9
Grand Forks,Precinct 1915,U.S. House,1,DEM,Earl Pomeroy,17
Grand Forks,Precinct 1915,U.S. House,1,REP,Matt Mechtel,8
Grand Forks,Precinct 1915,U.S. Senate,,DEM,Kent Conrad,18
Grand Forks,Precinct 1915,U.S. Senate,,REP,Dwight Grotberg,9
Grand Forks,Precinct 4218,Agriculture Commissioner,,DEM,Roger Johnson,37
Grand Forks,Precinct 4218,Agriculture Commissioner,,REP,Doug Goehring,20
Grand Forks,Precinct 4218,Attorney General,,DEM,Bill Brudvik,32
Grand Forks,Precinct 4218,Attorney General,,REP,Wayne Stenehjem,21
Grand Forks,Precinct 4218,C 1: This constitutional measure would amend section 16 of Article XI of the North Dakota Constitution,,,No,4
Grand Forks,Precinct 4218,C 1: This constitutional measure would amend section 16 of Article XI of the North Dakota Constitution,,,Yes,61
Grand Forks,Precinct 4218,C 2: This constitutional measure would amend certain sections and repeal other sections of Article XII of the North Dakota Constitution,,,No,9
Grand Forks,Precinct 4218,C 2: This constitutional measure would amend certain sections and repeal other sections of Article XII of the North Dakota Constitution,,,Yes,56
Grand Forks,Precinct 4218,Justice of the Supreme Court,,NON,Dale Sandstrom,57
Grand Forks,Precinct 4218,Public Service Commissioner,,DEM,Cheryl Bergian,36
Grand Forks,Precinct 4218,Public Service Commissioner,,REP,Tony Clark,20
Grand Forks,Precinct 4218,Secretary of State,,DEM,Kristin Hedger,35
Grand Forks,Precinct 4218,Secretary of State,,REP,Alvin A (Al) Jaeger,20
Grand Forks,Precinct 4218,Tax Commissioner,,DEM,Brent Edison,35
Grand Forks,Precinct 4218,Tax Commissioner,,REP,Cory Fong,20
Grand Forks,Precinct 4218,U.S. House,1,DEM,Earl Pomeroy,42
Grand Forks,Precinct 4218,U.S. House,1,REP,Matt Mechtel,20
Grand Forks,Precinct 4218,U.S. Senate,,DEM,Kent Conrad,45
Grand Forks,Precinct 4218,U.S. Senate,,REP,Dwight Grotberg,20
Grand Forks,Precinct 4219,Agriculture Commissioner,,DEM,Roger Johnson,65
Grand Forks,Precinct 4219,Agriculture Commissioner,,REP,Doug Goehring,41
Grand Forks,Precinct 4219,Attorney General,,DEM,Bill Brudvik,60
Grand Forks,Precinct 4219,Attorney General,,REP,Wayne Stenehjem,41
Grand Forks,Precinct 4219,C 1: This constitutional measure would amend section 16 of Article XI of the North Dakota Constitution,,,No,13
Grand Forks,Precinct 4219,C 1: This constitutional measure would amend section 16 of Article XI of the North Dakota Constitution,,,Yes,103
Grand Forks,Precinct 4219,C 2: This constitutional measure would amend certain sections and repeal other sections of Article XII of the North Dakota Constitution,,,No,9
Grand Forks,Precinct 4219,C 2: This constitutional measure would amend certain sections and repeal other sections of Article XII of the North Dakota Constitution,,,Yes,108
Grand Forks,Precinct 4219,Justice of the Supreme Court,,NON,Dale Sandstrom,99
Grand Forks,Precinct 4219,Public Service Commissioner,,DEM,Cheryl Bergian,61
Grand Forks,Precinct 4219,Public Service Commissioner,,REP,Tony Clark,42
Grand Forks,Precinct 4219,Secretary of State,,DEM,Kristin Hedger,61
Grand Forks,Precinct 4219,Secretary of State,,REP,Alvin A (Al) Jaeger,41
Grand Forks,Precinct 4219,Tax Commissioner,,DEM,Brent Edison,61
Grand Forks,Precinct 4219,Tax Commissioner,,REP,Cory Fong,42
Grand Forks,Precinct 4219,U.S. House,1,DEM,Earl Pomeroy,70
Grand Forks,Precinct 4219,U.S. House,1,REP,Matt Mechtel,41
Grand Forks,Precinct 4219,U.S. Senate,,DEM,Kent Conrad,71
Grand Forks,Precinct 4219,U.S. Senate,,REP,Dwight Grotberg,41
Grand Forks,Precinct 4220,Agriculture Commissioner,,DEM,Roger Johnson,2
Grand Forks,Precinct 4220,Agriculture Commissioner,,REP,Doug Goehring,1
Grand Forks,Precinct 4220,Attorney General,,DEM,Bill Brudvik,2
Grand Forks,Precinct 4220,Attorney General,,REP,Wayne Stenehjem,1
Grand Forks,Precinct 4220,C 1: This constitutional measure would amend section 16 of Article XI of the North Dakota Constitution,,,No,1
Grand Forks,Precinct 4220,C 1: This constitutional measure would amend section 16 of Article XI of the North Dakota Constitution,,,Yes,4
Grand Forks,Precinct 4220,C 2: This constitutional measure would amend certain sections and repeal other sections of Article XII of the North Dakota Constitution,,,No,0
Grand Forks,Precinct 4220,C 2: This constitutional measure would amend certain sections and repeal other sections of Article XII of the North Dakota Constitution,,,Yes,5
Grand Forks,Precinct 4220,Justice of the Supreme Court,,NON,Dale Sandstrom,3
Grand Forks,Precinct 4220,Public Service Commissioner,,DEM,Cheryl Bergian,2
Grand Forks,Precinct 4220,Public Service Commissioner,,REP,Tony Clark,1
Grand Forks,Precinct 4220,Secretary of State,,DEM,Kristin Hedger,2
Grand Forks,Precinct 4220,Secretary of State,,REP,Alvin A (Al) Jaeger,1
Grand Forks,Precinct 4220,Tax Commissioner,,DEM,Brent Edison,2
Grand Forks,Precinct 4220,Tax Commissioner,,REP,Cory Fong,1
Grand Forks,Precinct 4220,U.S. House,1,DEM,Earl Pomeroy,2
Grand Forks,Precinct 4220,U.S. House,1,REP,Matt Mechtel,1
Grand Forks,Precinct 4220,U.S. Senate,,DEM,Kent Conrad,2
Grand Forks,Precinct 4220,U.S. Senate,,REP,Dwight Grotberg,1
Grand Forks,Precinct 4221,Agriculture Commissioner,,DEM,Roger Johnson,34
Grand Forks,Precinct 4221,Agriculture Commissioner,,REP,Doug Goehring,23
Grand Forks,Precinct 4221,Attorney General,,DEM,Bill Brudvik,31
Grand Forks,Precinct 4221,Attorney General,,REP,Wayne Stenehjem,24
Grand Forks,Precinct 4221,C 1: This constitutional measure would amend section 16 of Article XI of the North Dakota Constitution,,,No,2
Grand Forks,Precinct 4221,C 1: This constitutional measure would amend section 16 of Article XI of the North Dakota Constitution,,,Yes,58
Grand Forks,Precinct 4221,C 2: This constitutional measure would amend certain sections and repeal other sections of Article XII of the North Dakota Constitution,,,No,6
Grand Forks,Precinct 4221,C 2: This constitutional measure would amend certain sections and repeal other sections of Article XII of the North Dakota Constitution,,,Yes,52
Grand Forks,Precinct 4221,Justice of the Supreme Court,,NON,Dale Sandstrom,50
Grand Forks,Precinct 4221,Public Service Commissioner,,DEM,Cheryl Bergian,34
Grand Forks,Precinct 4221,Public Service Commissioner,,REP,Tony Clark,24
Grand Forks,Precinct 4221,Secretary of State,,DEM,Kristin Hedger,33
Grand Forks,Precinct 4221,Secretary of State,,REP,Alvin A (Al) Jaeger,23
Grand Forks,Precinct 4221,Tax Commissioner,,DEM,Brent Edison,34
Grand Forks,Precinct 4221,Tax Commissioner,,REP,Cory Fong,24
Grand Forks,Precinct 4221,U.S. House,1,DEM,Earl Pomeroy,35
Grand Forks,Precinct 4221,U.S. House,1,REP,Matt Mechtel,23
Grand Forks,Precinct 4221,U.S. Senate,,DEM,Kent Conrad,35
Grand Forks,Precinct 4221,U.S. Senate,,REP,Dwight Grotberg,21
Grand Forks,Precinct 4222,Agriculture Commissioner,,DEM,Roger Johnson,214
Grand Forks,Precinct 4222,Agriculture Commissioner,,REP,Doug Goehring,84
Grand Forks,Precinct 4222,Attorney General,,DEM,Bill Brudvik,195
Grand Forks,Precinct 4222,Attorney General,,REP,Wayne Stenehjem,97
Grand Forks,Precinct 4222,C 1: This constitutional measure would amend section 16 of Article XI of the North Dakota Constitution,,,No,48
Grand Forks,Precinct 4222,C 1: This constitutional measure would amend section 16 of Article XI of the North Dakota Constitution,,,Yes,273
Grand Forks,Precinct 4222,C 2: This constitutional measure would amend certain sections and repeal other sections of Article XII of the North Dakota Constitution,,,No,52
Grand Forks,Precinct 4222,C 2: This constitutional measure would amend certain sections and repeal other sections of Article XII of the North Dakota Constitution,,,Yes,268
Grand Forks,Precinct 4222,Justice of the Supreme Court,,NON,Dale Sandstrom,270
Grand Forks,Precinct 4222,Public Service Commissioner,,DEM,Cheryl Bergian,208
Grand Forks,Precinct 4222,Public Service Commissioner,,REP,Tony Clark,85
Grand Forks,Precinct 4222,Secretary of State,,DEM,Kristin Hedger,206
Grand Forks,Precinct 4222,Secretary of State,,REP,Alvin A (Al) Jaeger,87
Grand Forks,Precinct 4222,Tax Commissioner,,DEM,Brent Edison,209
Grand Forks,Precinct 4222,Tax Commissioner,,REP,Cory Fong,85
Grand Forks,Precinct 4222,U.S. House,1,DEM,Earl Pomeroy,228
Grand Forks,Precinct 4222,U.S. House,1,REP,Matt Mechtel,81
Grand Forks,Precinct 4222,U.S. Senate,,DEM,Kent Conrad,229
Grand Forks,Precinct 4222,U.S. Senate,,REP,Dwight Grotberg,83
Grand Forks,Precinct 4224,Agriculture Commissioner,,DEM,Roger Johnson,101
Grand Forks,Precinct 4224,Agriculture Commissioner,,REP,Doug Goehring,23
Grand Forks,Precinct 4224,Attorney General,,DEM,Bill Brudvik,96
Grand Forks,Precinct 4224,Attorney General,,REP,Wayne Stenehjem,26
Grand Forks,Precinct 4224,C 1: This constitutional measure would amend section 16 of Article XI of the North Dakota Constitution,,,No,31
Grand Forks,Precinct 4224,C 1: This constitutional measure would amend section 16 of Article XI of the North Dakota Constitution,,,Yes,104
Grand Forks,Precinct 4224,C 2: This constitutional measure would amend certain sections and repeal other sections of Article XII of the North Dakota Constitution,,,No,37
Grand Forks,Precinct 4224,C 2: This constitutional measure would amend certain sections and repeal other sections of Article XII of the North Dakota Constitution,,,Yes,95
Grand Forks,Precinct 4224,Justice of the Supreme Court,,NON,Dale Sandstrom,123
Grand Forks,Precinct 4224,Public Service Commissioner,,DEM,Cheryl Bergian,97
Grand Forks,Precinct 4224,Public Service Commissioner,,REP,Tony Clark,25
Grand Forks,Precinct 4224,Secretary of State,,DEM,Kristin Hedger,96
Grand Forks,Precinct 4224,Secretary of State,,REP,Alvin A (Al) Jaeger,25
Grand Forks,Precinct 4224,Tax Commissioner,,DEM,Brent Edison,100
Grand Forks,Precinct 4224,Tax Commissioner,,REP,Cory Fong,23
Grand Forks,Precinct 4224,U.S. House,1,DEM,Earl Pomeroy,108
Grand Forks,Precinct 4224,U.S. House,1,REP,Matt Mechtel,24
Grand Forks,Precinct 4224,U.S. Senate,,DEM,Kent Conrad,108
Grand Forks,Precinct 4224,U.S. Senate,,REP,Dwight Grotberg,25
Grand Forks,Precinct 4335,Agriculture Commissioner,,DEM,Roger Johnson,90
Grand Forks,Precinct 4335,Agriculture Commissioner,,REP,Doug Goehring,55
Grand Forks,Precinct 4335,Attorney General,,DEM,Bill Brudvik,81
Grand Forks,Precinct 4335,Attorney General,,REP,Wayne Stenehjem,58
Grand Forks,Precinct 4335,C 1: This constitutional measure would amend section 16 of Article XI of the North Dakota Constitution,,,No,17
Grand Forks,Precinct 4335,C 1: This constitutional measure would amend section 16 of Article XI of the North Dakota Constitution,,,Yes,145
Grand Forks,Precinct 4335,C 2: This constitutional measure would amend certain sections and repeal other sections of Article XII of the North Dakota Constitution,,,No,14
Grand Forks,Precinct 4335,C 2: This constitutional measure would amend certain sections and repeal other sections of Article XII of the North Dakota Constitution,,,Yes,145
Grand Forks,Precinct 4335,Justice of the Supreme Court,,NON,Dale Sandstrom,143
Grand Forks,Precinct 4335,Public Service Commissioner,,DEM,Cheryl Bergian,79
Grand Forks,Precinct 4335,Public Service Commissioner,,REP,Tony Clark,56
Grand Forks,Precinct 4335,Secretary of State,,DEM,Kristin Hedger,80
Grand Forks,Precinct 4335,Secretary of State,,REP,Alvin A (Al) Jaeger,57
Grand Forks,Precinct 4335,State House Legislative,43,DEM,Jamie Selzler,63
Grand Forks,Precinct 4335,State House Legislative,43,DEM,Lois Delmore,76
Grand Forks,Precinct 4335,State House Legislative,43,REP,Darrell Nottestad,48
Grand Forks,Precinct 4335,State House Legislative,43,REP,Kathleen Lander,49
Grand Forks,Precinct 4335,State Senate Legislative District 43,,DEM,JoNell Bakke,79
Grand Forks,Precinct 4335,State Senate Legislative District 43,,REP,Duaine C Espegard,58
Grand Forks,Precinct 4335,Tax Commissioner,,DEM,Brent Edison,83
Grand Forks,Precinct 4335,Tax Commissioner,,REP,Cory Fong,54
Grand Forks,Precinct 4335,U.S. House,1,DEM,Earl Pomeroy,97
Grand Forks,Precinct 4335,U.S. House,1,REP,Matt Mechtel,51
Grand Forks,Precinct 4335,U.S. Senate,,DEM,Kent Conrad,97
Grand Forks,Precinct 4335,U.S. Senate,,REP,Dwight Grotberg,52
Grand Forks,Precinct 4336,Agriculture Commissioner,,DEM,Roger Johnson,49
Grand Forks,Precinct 4336,Agriculture Commissioner,,REP,Doug Goehring,40
Grand Forks,Precinct 4336,Attorney General,,DEM,Bill Brudvik,46
Grand Forks,Precinct 4336,Attorney General,,REP,Wayne Stenehjem,41
Grand Forks,Precinct 4336,C 1: This constitutional measure would amend section 16 of Article XI of the North Dakota Constitution,,,No,13
Grand Forks,Precinct 4336,C 1: This constitutional measure would amend section 16 of Article XI of the North Dakota Constitution,,,Yes,85
Grand Forks,Precinct 4336,C 2: This constitutional measure would amend certain sections and repeal other sections of Article XII of the North Dakota Constitution,,,No,14
Grand Forks,Precinct 4336,C 2: This constitutional measure would amend certain sections and repeal other sections of Article XII of the North Dakota Constitution,,,Yes,81
Grand Forks,Precinct 4336,Justice of the Supreme Court,,NON,Dale Sandstrom,85
Grand Forks,Precinct 4336,Public Service Commissioner,,DEM,Cheryl Bergian,45
Grand Forks,Precinct 4336,Public Service Commissioner,,REP,Tony Clark,41
Grand Forks,Precinct 4336,Secretary of State,,DEM,Kristin Hedger,46
Grand Forks,Precinct 4336,Secretary of State,,REP,Alvin A (Al) Jaeger,41
Grand Forks,Precinct 4336,State House Legislative,43,DEM,Jamie Selzler,39
Grand Forks,Precinct 4336,State House Legislative,43,DEM,Lois Delmore,43
Grand Forks,Precinct 4336,State House Legislative,43,REP,Darrell Nottestad,34
Grand Forks,Precinct 4336,State House Legislative,43,REP,Kathleen Lander,39
Grand Forks,Precinct 4336,State Senate Legislative District 43,,DEM,JoNell Bakke,49
Grand Forks,Precinct 4336,State Senate Legislative District 43,,REP,Duaine C Espegard,42
Grand Forks,Precinct 4336,Tax Commissioner,,DEM,Brent Edison,46
Grand Forks,Precinct 4336,Tax Commissioner,,REP,Cory Fong,41
Grand Forks,Precinct 4336,U.S. House,1,DEM,Earl Pomeroy,53
Grand Forks,Precinct 4336,U.S. House,1,REP,Matt Mechtel,41
Grand Forks,Precinct 4336,U.S. Senate,,DEM,Kent Conrad,55
Grand Forks,Precinct 4336,U.S. Senate,,REP,Dwight Grotberg,42
Grand Forks,Precinct 4337,Agriculture Commissioner,,DEM,Roger Johnson,44
Grand Forks,Precinct 4337,Agriculture Commissioner,,REP,Doug Goehring,33
Grand Forks,Precinct 4337,Attorney General,,DEM,Bill Brudvik,40
Grand Forks,Precinct 4337,Attorney General,,REP,Wayne Stenehjem,35
Grand Forks,Precinct 4337,C 1: This constitutional measure would amend section 16 of Article XI of the North Dakota Constitution,,,No,7
Grand Forks,Precinct 4337,C 1: This constitutional measure would amend section 16 of Article XI of the North Dakota Constitution,,,Yes,70
Grand Forks,Precinct 4337,C 2: This constitutional measure would amend certain sections and repeal other sections of Article XII of the North Dakota Constitution,,,No,8
Grand Forks,Precinct 4337,C 2: This constitutional measure would amend certain sections and repeal other sections of Article XII of the North Dakota Constitution,,,Yes,66
Grand Forks,Precinct 4337,Justice of the Supreme Court,,NON,Dale Sandstrom,70
Grand Forks,Precinct 4337,Public Service Commissioner,,DEM,Cheryl Bergian,42
Grand Forks,Precinct 4337,Public Service Commissioner,,REP,Tony Clark,33
Grand Forks,Precinct 4337,Secretary of State,,DEM,Kristin Hedger,41
Grand Forks,Precinct 4337,Secretary of State,,REP,Alvin A (Al) Jaeger,32
Grand Forks,Precinct 4337,State House Legislative,43,DEM,Jamie Selzler,33
Grand Forks,Precinct 4337,State House Legislative,43,DEM,Lois Delmore,41
Grand Forks,Precinct 4337,State House Legislative,43,REP,Darrell Nottestad,29
Grand Forks,Precinct 4337,State House Legislative,43,REP,Kathleen Lander,29
Grand Forks,Precinct 4337,State Senate Legislative District 43,,DEM,JoNell Bakke,43
Grand Forks,Precinct 4337,State Senate Legislative District 43,,REP,Duaine C Espegard,33
Grand Forks,Precinct 4337,Tax Commissioner,,DEM,Brent Edison,43
Grand Forks,Precinct 4337,Tax Commissioner,,REP,Cory Fong,32
Grand Forks,Precinct 4337,U.S. House,1,DEM,Earl Pomeroy,46
Grand Forks,Precinct 4337,U.S. House,1,REP,Matt Mechtel,29
Grand Forks,Precinct 4337,U.S. Senate,,DEM,Kent Conrad,47
Grand Forks,Precinct 4337,U.S. Senate,,REP,Dwight Grotberg,31
Grand Forks,Precinct 4338,Agriculture Commissioner,,DEM,Roger Johnson,34
Grand Forks,Precinct 4338,Agriculture Commissioner,,REP,Doug Goehring,6
Grand Forks,Precinct 4338,Attorney General,,DEM,Bill Brudvik,33
Grand Forks,Precinct 4338,Attorney General,,REP,Wayne Stenehjem,8
Grand Forks,Precinct 4338,C 1: This constitutional measure would amend section 16 of Article XI of the North Dakota Constitution,,,No,8
Grand Forks,Precinct 4338,C 1: This constitutional measure would amend section 16 of Article XI of the North Dakota Constitution,,,Yes,38
Grand Forks,Precinct 4338,C 2: This constitutional measure would amend certain sections and repeal other sections of Article XII of the North Dakota Constitution,,,No,9
Grand Forks,Precinct 4338,C 2: This constitutional measure would amend certain sections and repeal other sections of Article XII of the North Dakota Constitution,,,Yes,35
Grand Forks,Precinct 4338,Justice of the Supreme Court,,NON,Dale Sandstrom,38
Grand Forks,Precinct 4338,Public Service Commissioner,,DEM,Cheryl Bergian,34
Grand Forks,Precinct 4338,Public Service Commissioner,,REP,Tony Clark,6
Grand Forks,Precinct 4338,Secretary of State,,DEM,Kristin Hedger,34
Grand Forks,Precinct 4338,Secretary of State,,REP,Alvin A (Al) Jaeger,6
Grand Forks,Precinct 4338,State House Legislative,43,DEM,Jamie Selzler,28
Grand Forks,Precinct 4338,State House Legislative,43,DEM,Lois Delmore,31
Grand Forks,Precinct 4338,State House Legislative,43,REP,Darrell Nottestad,7
Grand Forks,Precinct 4338,State House Legislative,43,REP,Kathleen Lander,6
Grand Forks,Precinct 4338,State Senate Legislative District 43,,DEM,JoNell Bakke,35
Grand Forks,Precinct 4338,State Senate Legislative District 43,,REP,Duaine C Espegard,7
Grand Forks,Precinct 4338,Tax Commissioner,,DEM,Brent Edison,34
Grand Forks,Precinct 4338,Tax Commissioner,,REP,Cory Fong,6
Grand Forks,Precinct 4338,U.S. House,1,DEM,Earl Pomeroy,35
Grand Forks,Precinct 4338,U.S. House,1,REP,Matt Mechtel,6
Grand Forks,Precinct 4338,U.S. Senate,,DEM,Kent Conrad,36
Grand Forks,Precinct 4338,U.S. Senate,,REP,Dwight Grotberg,7
Grand Forks,Precinct 4340,Agriculture Commissioner,,DEM,Roger Johnson,102
Grand Forks,Precinct 4340,Agriculture Commissioner,,REP,Doug Goehring,82
Grand Forks,Precinct 4340,Attorney General,,DEM,Bill Brudvik,93
Grand Forks,Precinct 4340,Attorney General,,REP,Wayne Stenehjem,88
Grand Forks,Precinct 4340,C 1: This constitutional measure would amend section 16 of Article XI of the North Dakota Constitution,,,No,24
Grand Forks,Precinct 4340,C 1: This constitutional measure would amend section 16 of Article XI of the North Dakota Constitution,,,Yes,184
Grand Forks,Precinct 4340,C 2: This constitutional measure would amend certain sections and repeal other sections of Article XII of the North Dakota Constitution,,,No,26
Grand Forks,Precinct 4340,C 2: This constitutional measure would amend certain sections and repeal other sections of Article XII of the North Dakota Constitution,,,Yes,179
Grand Forks,Precinct 4340,Justice of the Supreme Court,,NON,Dale Sandstrom,165
Grand Forks,Precinct 4340,Public Service Commissioner,,DEM,Cheryl Bergian,92
Grand Forks,Precinct 4340,Public Service Commissioner,,REP,Tony Clark,84
Grand Forks,Precinct 4340,Secretary of State,,DEM,Kristin Hedger,92
Grand Forks,Precinct 4340,Secretary of State,,REP,Alvin A (Al) Jaeger,84
Grand Forks,Precinct 4340,State House Legislative,43,DEM,Jamie Selzler,79
Grand Forks,Precinct 4340,State House Legislative,43,DEM,Lois Delmore,95
Grand Forks,Precinct 4340,State House Legislative,43,REP,Darrell Nottestad,77
Grand Forks,Precinct 4340,State House Legislative,43,REP,Kathleen Lander,71
Grand Forks,Precinct 4340,State Senate Legislative District 43,,DEM,JoNell Bakke,99
Grand Forks,Precinct 4340,State Senate Legislative District 43,,REP,Duaine C Espegard,88
Grand Forks,Precinct 4340,Tax Commissioner,,DEM,Brent Edison,95
Grand Forks,Precinct 4340,Tax Commissioner,,REP,Cory Fong,84
Grand Forks,Precinct 4340,U.S. House,1,DEM,Earl Pomeroy,108
Grand Forks,Precinct 4340,U.S. House,1,REP,Matt Mechtel,79
Grand Forks,Precinct 4340,U.S. Senate,,DEM,Kent Conrad,109
Grand Forks,Precinct 4340,U.S. Senate,,REP,Dwight Grotberg,81
Grand Forks,Precinct 4341,Agriculture Commissioner,,DEM,Roger Johnson,125
Grand Forks,Precinct 4341,Agriculture Commissioner,,REP,Doug Goehring,50
Grand Forks,Precinct 4341,Attorney General,,DEM,Bill Brudvik,119
Grand Forks,Precinct 4341,Attorney General,,REP,Wayne Stenehjem,56
Grand Forks,Precinct 4341,C 1: This constitutional measure would amend section 16 of Article XI of the North Dakota Constitution,,,No,24
Grand Forks,Precinct 4341,C 1: This constitutional measure would amend section 16 of Article XI of the North Dakota Constitution,,,Yes,158
Grand Forks,Precinct 4341,C 2: This constitutional measure would amend certain sections and repeal other sections of Article XII of the North Dakota Constitution,,,No,19
Grand Forks,Precinct 4341,C 2: This constitutional measure would amend certain sections and repeal other sections of Article XII of the North Dakota Constitution,,,Yes,164
Grand Forks,Precinct 4341,Justice of the Supreme Court,,NON,Dale Sandstrom,177
Grand Forks,Precinct 4341,Public Service Commissioner,,DEM,Cheryl Bergian,123
Grand Forks,Precinct 4341,Public Service Commissioner,,REP,Tony Clark,51
Grand Forks,Precinct 4341,Secretary of State,,DEM,Kristin Hedger,125
Grand Forks,Precinct 4341,Secretary of State,,REP,Alvin A (Al) Jaeger,54
Grand Forks,Precinct 4341,State House Legislative,43,DEM,Jamie Selzler,100
Grand Forks,Precinct 4341,State House Legislative,43,DEM,Lois Delmore,125
Grand Forks,Precinct 4341,State House Legislative,43,REP,Darrell Nottestad,53
Grand Forks,Precinct 4341,State House Legislative,43,REP,Kathleen Lander,45
Grand Forks,Precinct 4341,State Senate Legislative District 43,,DEM,JoNell Bakke,127
Grand Forks,Precinct 4341,State Senate Legislative District 43,,REP,Duaine C Espegard,54
Grand Forks,Precinct 4341,Tax Commissioner,,DEM,Brent Edison,124
Grand Forks,Precinct 4341,Tax Commissioner,,REP,Cory Fong,50
Grand Forks,Precinct 4341,U.S. House,1,DEM,Earl Pomeroy,140
Grand Forks,Precinct 4341,U.S. House,1,REP,Matt Mechtel,48
Grand Forks,Precinct 4341,U.S. Senate,,DEM,Kent Conrad,140
Grand Forks,Precinct 4341,U.S. Senate,,REP,Dwight Grotberg,50
Grand Forks,Precinct 4343,Agriculture Commissioner,,DEM,Roger Johnson,65
Grand Forks,Precinct 4343,Agriculture Commissioner,,REP,Doug Goehring,25
Grand Forks,Precinct 4343,Attorney General,,DEM,Bill Brudvik,62
Grand Forks,Precinct 4343,Attorney General,,REP,Wayne Stenehjem,25
Grand Forks,Precinct 4343,C 1: This constitutional measure would amend section 16 of Article XI of the North Dakota Constitution,,,No,12
Grand Forks,Precinct 4343,C 1: This constitutional measure would amend section 16 of Article XI of the North Dakota Constitution,,,Yes,81
Grand Forks,Precinct 4343,C 2: This constitutional measure would amend certain sections and repeal other sections of Article XII of the North Dakota Constitution,,,No,16
Grand Forks,Precinct 4343,C 2: This constitutional measure would amend certain sections and repeal other sections of Article XII of the North Dakota Constitution,,,Yes,75
Grand Forks,Precinct 4343,Justice of the Supreme Court,,NON,Dale Sandstrom,87
Grand Forks,Precinct 4343,Public Service Commissioner,,DEM,Cheryl Bergian,64
Grand Forks,Precinct 4343,Public Service Commissioner,,REP,Tony Clark,24
Grand Forks,Precinct 4343,Secretary of State,,DEM,Kristin Hedger,64
Grand Forks,Precinct 4343,Secretary of State,,REP,Alvin A (Al) Jaeger,25
Grand Forks,Precinct 4343,State House Legislative,43,DEM,Jamie Selzler,52
Grand Forks,Precinct 4343,State House Legislative,43,DEM,Lois Delmore,67
Grand Forks,Precinct 4343,State House Legislative,43,REP,Darrell Nottestad,21
Grand Forks,Precinct 4343,State House Legislative,43,REP,Kathleen Lander,20
Grand Forks,Precinct 4343,State Senate Legislative District 43,,DEM,JoNell Bakke,67
Grand Forks,Precinct 4343,State Senate Legislative District 43,,REP,Duaine C Espegard,25
Grand Forks,Precinct 4343,Tax Commissioner,,DEM,Brent Edison,64
Grand Forks,Precinct 4343,Tax Commissioner,,REP,Cory Fong,24
Grand Forks,Precinct 4343,U.S. House,1,DEM,Earl Pomeroy,70
Grand Forks,Precinct 4343,U.S. House,1,REP,Matt Mechtel,24
Grand Forks,Precinct 4343,U.S. Senate,,DEM,Kent Conrad,69
Grand Forks,Precinct 4343,U.S. Senate,,REP,Dwight Grotberg,25
Grant,Precinct 3101,Agriculture Commissioner,,DEM,Roger Johnson,38
Grant,Precinct 3101,Agriculture Commissioner,,REP,Doug Goehring,25
Grant,Precinct 3101,Attorney General,,DEM,Bill Brudvik,29
Grant,Precinct 3101,Attorney General,,REP,Wayne Stenehjem,29
Grant,Precinct 3101,C 1: This constitutional measure would amend section 16 of Article XI of the North Dakota Constitution,,,No,19
Grant,Precinct 3101,C 1: This constitutional measure would amend section 16 of Article XI of the North Dakota Constitution,,,Yes,48
Grant,Precinct 3101,C 2: This constitutional measure would amend certain sections and repeal other sections of Article XII of the North Dakota Constitution,,,No,27
Grant,Precinct 3101,C 2: This constitutional measure would amend certain sections and repeal other sections of Article XII of the North Dakota Constitution,,,Yes,38
Grant,Precinct 3101,Justice of the Supreme Court,,NON,Dale Sandstrom,60
Grant,Precinct 3101,Public Service Commissioner,,DEM,Cheryl Bergian,32
Grant,Precinct 3101,Public Service Commissioner,,REP,Tony Clark,25
Grant,Precinct 3101,Secretary of State,,DEM,Kristin Hedger,32
Grant,Precinct 3101,Secretary of State,,REP,Alvin A (Al) Jaeger,27
Grant,Precinct 3101,State House Legislative,31,DEM,James Kerzman,36
Grant,Precinct 3101,State House Legislative,31,DEM,Rodney J Froelich,33
Grant,Precinct 3101,State House Legislative,31,REP,Carson Kouba,24
Grant,Precinct 3101,State House Legislative,31,REP,Charles W Murphy,25
Grant,Precinct 3101,State Senate Legislative District 31,,DEM,Aaron Krauter,39
Grant,Precinct 3101,State Senate Legislative District 31,,REP,Dennis Renner,29
Grant,Precinct 3101,Tax Commissioner,,DEM,Brent Edison,31
Grant,Precinct 3101,Tax Commissioner,,REP,Cory Fong,26
Grant,Precinct 3101,U.S. House,1,DEM,Earl Pomeroy,36
Grant,Precinct 3101,U.S. House,1,REP,Matt Mechtel,27
Grant,Precinct 3101,U.S. Senate,,DEM,Kent Conrad,36
Grant,Precinct 3101,U.S. Senate,,REP,Dwight Grotberg,27
Grant,Precinct 3102,Agriculture Commissioner,,DEM,Roger Johnson,151
Grant,Precinct 3102,Agriculture Commissioner,,REP,Doug Goehring,108
Grant,Precinct 3102,Attorney General,,DEM,Bill Brudvik,139
Grant,Precinct 3102,Attorney General,,REP,Wayne Stenehjem,110
Grant,Precinct 3102,C 1: This constitutional measure would amend section 16 of Article XI of the North Dakota Constitution,,,No,77
Grant,Precinct 3102,C 1: This constitutional measure would amend section 16 of Article XI of the North Dakota Constitution,,,Yes,159
Grant,Precinct 3102,C 2: This constitutional measure would amend certain sections and repeal other sections of Article XII of the North Dakota Constitution,,,No,96
Grant,Precinct 3102,C 2: This constitutional measure would amend certain sections and repeal other sections of Article XII of the North Dakota Constitution,,,Yes,135
Grant,Precinct 3102,Justice of the Supreme Court,,NON,Dale Sandstrom,222
Grant,Precinct 3102,Public Service Commissioner,,DEM,Cheryl Bergian,140
Grant,Precinct 3102,Public Service Commissioner,,REP,Tony Clark,108
Grant,Precinct 3102,Secretary of State,,DEM,Kristin Hedger,142
Grant,Precinct 3102,Secretary of State,,REP,Alvin A (Al) Jaeger,106
Grant,Precinct 3102,State House Legislative,31,DEM,James Kerzman,125
Grant,Precinct 3102,State House Legislative,31,DEM,Rodney J Froelich,141
Grant,Precinct 3102,State House Legislative,31,REP,Carson Kouba,103
Grant,Precinct 3102,State House Legislative,31,REP,Charles W Murphy,92
Grant,Precinct 3102,State Senate Legislative District 31,,DEM,Aaron Krauter,150
Grant,Precinct 3102,State Senate Legislative District 31,,REP,Dennis Renner,105
Grant,Precinct 3102,Tax Commissioner,,DEM,Brent Edison,145
Grant,Precinct 3102,Tax Commissioner,,REP,Cory Fong,104
Grant,Precinct 3102,U.S. House,1,DEM,Earl Pomeroy,151
Grant,Precinct 3102,U.S. House,1,REP,Matt Mechtel,107
Grant,Precinct 3102,U.S. Senate,,DEM,Kent Conrad,156
Grant,Precinct 3102,U.S. Senate,,REP,Dwight Grotberg,111
Grant,Precinct 3103,Agriculture Commissioner,,DEM,Roger Johnson,164
Grant,Precinct 3103,Agriculture Commissioner,,REP,Doug Goehring,156
Grant,Precinct 3103,Attorney General,,DEM,Bill Brudvik,153
Grant,Precinct 3103,Attorney General,,REP,Wayne Stenehjem,156
Grant,Precinct 3103,C 1: This constitutional measure would amend section 16 of Article XI of the North Dakota Constitution,,,No,103
Grant,Precinct 3103,C 1: This constitutional measure would amend section 16 of Article XI of the North Dakota Constitution,,,Yes,194
Grant,Precinct 3103,C 2: This constitutional measure would amend certain sections and repeal other sections of Article XII of the North Dakota Constitution,,,No,124
Grant,Precinct 3103,C 2: This constitutional measure would amend certain sections and repeal other sections of Article XII of the North Dakota Constitution,,,Yes,168
Grant,Precinct 3103,Justice of the Supreme Court,,NON,Dale Sandstrom,282
Grant,Precinct 3103,Public Service Commissioner,,DEM,Cheryl Bergian,158
Grant,Precinct 3103,Public Service Commissioner,,REP,Tony Clark,151
Grant,Precinct 3103,Secretary of State,,DEM,Kristin Hedger,161
Grant,Precinct 3103,Secretary of State,,REP,Alvin A (Al) Jaeger,157
Grant,Precinct 3103,State House Legislative,31,DEM,James Kerzman,164
Grant,Precinct 3103,State House Legislative,31,DEM,Rodney J Froelich,136
Grant,Precinct 3103,State House Legislative,31,REP,Carson Kouba,137
Grant,Precinct 3103,State House Legislative,31,REP,Charles W Murphy,115
Grant,Precinct 3103,State Senate Legislative District 31,,DEM,Aaron Krauter,173
Grant,Precinct 3103,State Senate Legislative District 31,,REP,Dennis Renner,158
Grant,Precinct 3103,Tax Commissioner,,DEM,Brent Edison,160
Grant,Precinct 3103,Tax Commissioner,,REP,Cory Fong,150
Grant,Precinct 3103,U.S. House,1,DEM,Earl Pomeroy,177
Grant,Precinct 3103,U.S. House,1,REP,Matt Mechtel,154
Grant,Precinct 3103,U.S. Senate,,DEM,Kent Conrad,179
Grant,Precinct 3103,U.S. Senate,,REP,Dwight Grotberg,152
Grant,Precinct 3104,Agriculture Commissioner,,DEM,Roger Johnson,60
Grant,Precinct 3104,Agriculture Commissioner,,REP,Doug Goehring,84
Grant,Precinct 3104,Attorney General,,DEM,Bill Brudvik,56
Grant,Precinct 3104,Attorney General,,REP,Wayne Stenehjem,85
Grant,Precinct 3104,C 1: This constitutional measure would amend section 16 of Article XI of the North Dakota Constitution,,,No,51
Grant,Precinct 3104,C 1: This constitutional measure would amend section 16 of Article XI of the North Dakota Constitution,,,Yes,90
Grant,Precinct 3104,C 2: This constitutional measure would amend certain sections and repeal other sections of Article XII of the North Dakota Constitution,,,No,47
Grant,Precinct 3104,C 2: This constitutional measure would amend certain sections and repeal other sections of Article XII of the North Dakota Constitution,,,Yes,90
Grant,Precinct 3104,Justice of the Supreme Court,,NON,Dale Sandstrom,134
Grant,Precinct 3104,Public Service Commissioner,,DEM,Cheryl Bergian,56
Grant,Precinct 3104,Public Service Commissioner,,REP,Tony Clark,84
Grant,Precinct 3104,Secretary of State,,DEM,Kristin Hedger,56
Grant,Precinct 3104,Secretary of State,,REP,Alvin A (Al) Jaeger,85
Grant,Precinct 3104,State House Legislative,31,DEM,James Kerzman,53
Grant,Precinct 3104,State House Legislative,31,DEM,Rodney J Froelich,53
Grant,Precinct 3104,State House Legislative,31,REP,Carson Kouba,80
Grant,Precinct 3104,State House Legislative,31,REP,Charles W Murphy,74
Grant,Precinct 3104,State Senate Legislative District 31,,DEM,Aaron Krauter,59
Grant,Precinct 3104,State Senate Legislative District 31,,REP,Dennis Renner,84
Grant,Precinct 3104,Tax Commissioner,,DEM,Brent Edison,57
Grant,Precinct 3104,Tax Commissioner,,REP,Cory Fong,85
Grant,Precinct 3104,U.S. House,1,DEM,Earl Pomeroy,59
Grant,Precinct 3104,U.S. House,1,REP,Matt Mechtel,83
Grant,Precinct 3104,U.S. Senate,,DEM,Kent Conrad,58
Grant,Precinct 3104,U.S. Senate,,REP,Dwight Grotberg,84
Griggs,Precinct 2301,Agriculture Commissioner,,DEM,Roger Johnson,57
Griggs,Precinct 2301,Agriculture Commissioner,,REP,Doug Goehring,41
Griggs,Precinct 2301,Attorney General,,DEM,Bill Brudvik,50
Griggs,Precinct 2301,Attorney General,,REP,Wayne Stenehjem,40
Griggs,Precinct 2301,C 1: This constitutional measure would amend section 16 of Article XI of the North Dakota Constitution,,,No,36
Griggs,Precinct 2301,C 1: This constitutional measure would amend section 16 of Article XI of the North Dakota Constitution,,,Yes,61
Griggs,Precinct 2301,C 2: This constitutional measure would amend certain sections and repeal other sections of Article XII of the North Dakota Constitution,,,No,38
Griggs,Precinct 2301,C 2: This constitutional measure would amend certain sections and repeal other sections of Article XII of the North Dakota Constitution,,,Yes,59
Griggs,Precinct 2301,Justice of the Supreme Court,,NON,Dale Sandstrom,85
Griggs,Precinct 2301,Public Service Commissioner,,DEM,Cheryl Bergian,52
Griggs,Precinct 2301,Public Service Commissioner,,REP,Tony Clark,39
Griggs,Precinct 2301,Secretary of State,,DEM,Kristin Hedger,52
Griggs,Precinct 2301,Secretary of State,,REP,Alvin A (Al) Jaeger,41
Griggs,Precinct 2301,State House Legislative,23,DEM,Ben Vig,49
Griggs,Precinct 2301,State House Legislative,23,DEM,Edward R Brownshield,43
Griggs,Precinct 2301,State House Legislative,23,REP,Don Vigesaa,42
Griggs,Precinct 2301,State House Legislative,23,REP,William (Bill) Devlin,41
Griggs,Precinct 2301,State Senate Legislative District 23,,DEM,Joan Heckaman,52
Griggs,Precinct 2301,State Senate Legislative District 23,,REP,Frank E Walker,23
Griggs,Precinct 2301,State Senate Legislative District 23,,REP,Preston Meier,19
Griggs,Precinct 2301,Tax Commissioner,,DEM,Brent Edison,54
Griggs,Precinct 2301,Tax Commissioner,,REP,Cory Fong,39
Griggs,Precinct 2301,U.S. House,1,DEM,Earl Pomeroy,58
Griggs,Precinct 2301,U.S. House,1,REP,Matt Mechtel,39
Griggs,Precinct 2301,U.S. Senate,,DEM,Kent Conrad,59
Griggs,Precinct 2301,U.S. Senate,,REP,Dwight Grotberg,41
Griggs,Precinct 2302,Agriculture Commissioner,,DEM,Roger Johnson,59
Griggs,Precinct 2302,Agriculture Commissioner,,REP,Doug Goehring,69
Griggs,Precinct 2302,Attorney General,,DEM,Bill Brudvik,54
Griggs,Precinct 2302,Attorney General,,REP,Wayne Stenehjem,73
Griggs,Precinct 2302,C 1: This constitutional measure would amend section 16 of Article XI of the North Dakota Constitution,,,No,40
Griggs,Precinct 2302,C 1: This constitutional measure would amend section 16 of Article XI of the North Dakota Constitution,,,Yes,95
Griggs,Precinct 2302,C 2: This constitutional measure would amend certain sections and repeal other sections of Article XII of the North Dakota Constitution,,,No,35
Griggs,Precinct 2302,C 2: This constitutional measure would amend certain sections and repeal other sections of Article XII of the North Dakota Constitution,,,Yes,94
Griggs,Precinct 2302,Justice of the Supreme Court,,NON,Dale Sandstrom,125
Griggs,Precinct 2302,Public Service Commissioner,,DEM,Cheryl Bergian,52
Griggs,Precinct 2302,Public Service Commissioner,,REP,Tony Clark,71
Griggs,Precinct 2302,Secretary of State,,DEM,Kristin Hedger,53
Griggs,Precinct 2302,Secretary of State,,REP,Alvin A (Al) Jaeger,72
Griggs,Precinct 2302,State House Legislative,23,DEM,Ben Vig,50
Griggs,Precinct 2302,State House Legislative,23,DEM,Edward R Brownshield,43
Griggs,Precinct 2302,State House Legislative,23,REP,Don Vigesaa,76
Griggs,Precinct 2302,State House Legislative,23,REP,William (Bill) Devlin,70
Griggs,Precinct 2302,State Senate Legislative District 23,,DEM,Joan Heckaman,58
Griggs,Precinct 2302,State Senate Legislative District 23,,REP,Frank E Walker,21
Griggs,Precinct 2302,State Senate Legislative District 23,,REP,Preston Meier,55
Griggs,Precinct 2302,Tax Commissioner,,DEM,Brent Edison,54
Griggs,Precinct 2302,Tax Commissioner,,REP,Cory Fong,68
Griggs,Precinct 2302,U.S. House,1,DEM,Earl Pomeroy,64
Griggs,Precinct 2302,U.S. House,1,REP,Matt Mechtel,69
Griggs,Precinct 2302,U.S. Senate,,DEM,Kent Conrad,66
Griggs,Precinct 2302,U.S. Senate,,REP,Dwight Grotberg,69
Griggs,Precinct 2303,Agriculture Commissioner,,DEM,Roger Johnson,74
Griggs,Precinct 2303,Agriculture Commissioner,,REP,Doug Goehring,86
Griggs,Precinct 2303,Attorney General,,DEM,Bill Brudvik,69
Griggs,Precinct 2303,Attorney General,,REP,Wayne Stenehjem,89
Griggs,Precinct 2303,C 1: This constitutional measure would amend section 16 of Article XI of the North Dakota Constitution,,,No,44
Griggs,Precinct 2303,C 1: This constitutional measure would amend section 16 of Article XI of the North Dakota Constitution,,,Yes,111
Griggs,Precinct 2303,C 2: This constitutional measure would amend certain sections and repeal other sections of Article XII of the North Dakota Constitution,,,No,33
Griggs,Precinct 2303,C 2: This constitutional measure would amend certain sections and repeal other sections of Article XII of the North Dakota Constitution,,,Yes,115
Griggs,Precinct 2303,Justice of the Supreme Court,,NON,Dale Sandstrom,160
Griggs,Precinct 2303,Public Service Commissioner,,DEM,Cheryl Bergian,69
Griggs,Precinct 2303,Public Service Commissioner,,REP,Tony Clark,86
Griggs,Precinct 2303,Secretary of State,,DEM,Kristin Hedger,68
Griggs,Precinct 2303,Secretary of State,,REP,Alvin A (Al) Jaeger,89
Griggs,Precinct 2303,State House Legislative,23,DEM,Ben Vig,69
Griggs,Precinct 2303,State House Legislative,23,DEM,Edward R Brownshield,56
Griggs,Precinct 2303,State House Legislative,23,REP,Don Vigesaa,95
Griggs,Precinct 2303,State House Legislative,23,REP,William (Bill) Devlin,77
Griggs,Precinct 2303,State Senate Legislative District 23,,DEM,Joan Heckaman,74
Griggs,Precinct 2303,State Senate Legislative District 23,,REP,Frank E Walker,33
Griggs,Precinct 2303,State Senate Legislative District 23,,REP,Preston Meier,57
Griggs,Precinct 2303,Tax Commissioner,,DEM,Brent Edison,72
Griggs,Precinct 2303,Tax Commissioner,,REP,Cory Fong,87
Griggs,Precinct 2303,U.S. House,1,DEM,Earl Pomeroy,80
Griggs,Precinct 2303,U.S. House,1,REP,Matt Mechtel,84
Griggs,Precinct 2303,U.S. Senate,,DEM,Kent Conrad,80
Griggs,Precinct 2303,U.S. Senate,,REP,Dwight Grotberg,87
Griggs,Precinct 2304,Agriculture Commissioner,,DEM,Roger Johnson,28
Griggs,Precinct 2304,Agriculture Commissioner,,REP,Doug Goehring,44
Griggs,Precinct 2304,Attorney General,,DEM,Bill Brudvik,23
Griggs,Precinct 2304,Attorney General,,REP,Wayne Stenehjem,42
Griggs,Precinct 2304,C 1: This constitutional measure would amend section 16 of Article XI of the North Dakota Constitution,,,No,32
Griggs,Precinct 2304,C 1: This constitutional measure would amend section 16 of Article XI of the North Dakota Constitution,,,Yes,46
Griggs,Precinct 2304,C 2: This constitutional measure would amend certain sections and repeal other sections of Article XII of the North Dakota Constitution,,,No,20
Griggs,Precinct 2304,C 2: This constitutional measure would amend certain sections and repeal other sections of Article XII of the North Dakota Constitution,,,Yes,54
Griggs,Precinct 2304,Justice of the Supreme Court,,NON,Dale Sandstrom,69
Griggs,Precinct 2304,Public Service Commissioner,,DEM,Cheryl Bergian,22
Griggs,Precinct 2304,Public Service Commissioner,,REP,Tony Clark,44
Griggs,Precinct 2304,Secretary of State,,DEM,Kristin Hedger,24
Griggs,Precinct 2304,Secretary of State,,REP,Alvin A (Al) Jaeger,43
Griggs,Precinct 2304,State House Legislative,23,DEM,Ben Vig,25
Griggs,Precinct 2304,State House Legislative,23,DEM,Edward R Brownshield,16
Griggs,Precinct 2304,State House Legislative,23,REP,Don Vigesaa,50
Griggs,Precinct 2304,State House Legislative,23,REP,William (Bill) Devlin,45
Griggs,Precinct 2304,State Senate Legislative District 23,,DEM,Joan Heckaman,26
Griggs,Precinct 2304,State Senate Legislative District 23,,REP,Frank E Walker,9
Griggs,Precinct 2304,State Senate Legislative District 23,,REP,Preston Meier,37
Griggs,Precinct 2304,Tax Commissioner,,DEM,Brent Edison,24
Griggs,Precinct 2304,Tax Commissioner,,REP,Cory Fong,43
Griggs,Precinct 2304,U.S. House,1,DEM,Earl Pomeroy,29
Griggs,Precinct 2304,U.S. House,1,REP,Matt Mechtel,44
Griggs,Precinct 2304,U.S. Senate,,DEM,Kent Conrad,29
Griggs,Precinct 2304,U.S. Senate,,REP,Dwight Grotberg,46
Griggs,Precinct 2305,Agriculture Commissioner,,DEM,Roger Johnson,9
Griggs,Precinct 2305,Agriculture Commissioner,,REP,Doug Goehring,8
Griggs,Precinct 2305,Attorney General,,DEM,Bill Brudvik,9
Griggs,Precinct 2305,Attorney General,,REP,Wayne Stenehjem,9
Griggs,Precinct 2305,C 1: This constitutional measure would amend section 16 of Article XI of the North Dakota Constitution,,,No,4
Griggs,Precinct 2305,C 1: This constitutional measure would amend section 16 of Article XI of the North Dakota Constitution,,,Yes,14
Griggs,Precinct 2305,C 2: This constitutional measure would amend certain sections and repeal other sections of Article XII of the North Dakota Constitution,,,No,4
Griggs,Precinct 2305,C 2: This constitutional measure would amend certain sections and repeal other sections of Article XII of the North Dakota Constitution,,,Yes,15
Griggs,Precinct 2305,Justice of the Supreme Court,,NON,Dale Sandstrom,16
Griggs,Precinct 2305,Public Service Commissioner,,DEM,Cheryl Bergian,10
Griggs,Precinct 2305,Public Service Commissioner,,REP,Tony Clark,9
Griggs,Precinct 2305,Secretary of State,,DEM,Kristin Hedger,8
Griggs,Precinct 2305,Secretary of State,,REP,Alvin A (Al) Jaeger,9
Griggs,Precinct 2305,State House Legislative,23,DEM,Ben Vig,7
Griggs,Precinct 2305,State House Legislative,23,DEM,Edward R Brownshield,5
Griggs,Precinct 2305,State House Legislative,23,REP,Don Vigesaa,9
Griggs,Precinct 2305,State House Legislative,23,REP,William (Bill) Devlin,10
Griggs,Precinct 2305,State Senate Legislative District 23,,DEM,Joan Heckaman,8
Griggs,Precinct 2305,State Senate Legislative District 23,,REP,Frank E Walker,4
Griggs,Precinct 2305,State Senate Legislative District 23,,REP,Preston Meier,5
Griggs,Precinct 2305,Tax Commissioner,,DEM,Brent Edison,8
Griggs,Precinct 2305,Tax Commissioner,,REP,Cory Fong,9
Griggs,Precinct 2305,U.S. House,1,DEM,Earl Pomeroy,10
Griggs,Precinct 2305,U.S. House,1,REP,Matt Mechtel,7
Griggs,Precinct 2305,U.S. Senate,,DEM,Kent Conrad,10
Griggs,Precinct 2305,U.S. Senate,,REP,Dwight Grotberg,7
Griggs,Precinct 2306,Agriculture Commissioner,,DEM,Roger Johnson,54
Griggs,Precinct 2306,Agriculture Commissioner,,REP,Doug Goehring,25
Griggs,Precinct 2306,Attorney General,,DEM,Bill Brudvik,49
Griggs,Precinct 2306,Attorney General,,REP,Wayne Stenehjem,24
Griggs,Precinct 2306,C 1: This constitutional measure would amend section 16 of Article XI of the North Dakota Constitution,,,No,32
Griggs,Precinct 2306,C 1: This constitutional measure would amend section 16 of Article XI of the North Dakota Constitution,,,Yes,45
Griggs,Precinct 2306,C 2: This constitutional measure would amend certain sections and repeal other sections of Article XII of the North Dakota Constitution,,,No,34
Griggs,Precinct 2306,C 2: This constitutional measure would amend certain sections and repeal other sections of Article XII of the North Dakota Constitution,,,Yes,44
Griggs,Precinct 2306,Justice of the Supreme Court,,NON,Dale Sandstrom,70
Griggs,Precinct 2306,Public Service Commissioner,,DEM,Cheryl Bergian,52
Griggs,Precinct 2306,Public Service Commissioner,,REP,Tony Clark,25
Griggs,Precinct 2306,Secretary of State,,DEM,Kristin Hedger,52
Griggs,Precinct 2306,Secretary of State,,REP,Alvin A (Al) Jaeger,25
Griggs,Precinct 2306,State House Legislative,23,DEM,Ben Vig,51
Griggs,Precinct 2306,State House Legislative,23,DEM,Edward R Brownshield,38
Griggs,Precinct 2306,State House Legislative,23,REP,Don Vigesaa,24
Griggs,Precinct 2306,State House Legislative,23,REP,William (Bill) Devlin,24
Griggs,Precinct 2306,State Senate Legislative District 23,,DEM,Joan Heckaman,56
Griggs,Precinct 2306,State Senate Legislative District 23,,REP,Frank E Walker,9
Griggs,Precinct 2306,State Senate Legislative District 23,,REP,Preston Meier,16
Griggs,Precinct 2306,Tax Commissioner,,DEM,Brent Edison,52
Griggs,Precinct 2306,Tax Commissioner,,REP,Cory Fong,25
Griggs,Precinct 2306,U.S. House,1,DEM,Earl Pomeroy,58
Griggs,Precinct 2306,U.S. House,1,REP,Matt Mechtel,25
Griggs,Precinct 2306,U.S. Senate,,DEM,Kent Conrad,60
Griggs,Precinct 2306,U.S. Senate,,REP,Dwight Grotberg,26
Griggs,Precinct 2307,Agriculture Commissioner,,DEM,Roger Johnson,21
Griggs,Precinct 2307,Agriculture Commissioner,,REP,Doug Goehring,18
Griggs,Precinct 2307,Attorney General,,DEM,Bill Brudvik,23
Griggs,Precinct 2307,Attorney General,,REP,Wayne Stenehjem,19
Griggs,Precinct 2307,C 1: This constitutional measure would amend section 16 of Article XI of the North Dakota Constitution,,,No,15
Griggs,Precinct 2307,C 1: This constitutional measure would amend section 16 of Article XI of the North Dakota Constitution,,,Yes,32
Griggs,Precinct 2307,C 2: This constitutional measure would amend certain sections and repeal other sections of Article XII of the North Dakota Constitution,,,No,16
Griggs,Precinct 2307,C 2: This constitutional measure would amend certain sections and repeal other sections of Article XII of the North Dakota Constitution,,,Yes,29
Griggs,Precinct 2307,Justice of the Supreme Court,,NON,Dale Sandstrom,40
Griggs,Precinct 2307,Public Service Commissioner,,DEM,Cheryl Bergian,23
Griggs,Precinct 2307,Public Service Commissioner,,REP,Tony Clark,18
Griggs,Precinct 2307,Secretary of State,,DEM,Kristin Hedger,22
Griggs,Precinct 2307,Secretary of State,,REP,Alvin A (Al) Jaeger,19
Griggs,Precinct 2307,State House Legislative,23,DEM,Ben Vig,20
Griggs,Precinct 2307,State House Legislative,23,DEM,Edward R Brownshield,14
Griggs,Precinct 2307,State House Legislative,23,REP,Don Vigesaa,19
Griggs,Precinct 2307,State House Legislative,23,REP,William (Bill) Devlin,16
Griggs,Precinct 2307,State Senate Legislative District 23,,DEM,Joan Heckaman,23
Griggs,Precinct 2307,State Senate Legislative District 23,,REP,Frank E Walker,6
Griggs,Precinct 2307,State Senate Legislative District 23,,REP,Preston Meier,11
Griggs,Precinct 2307,Tax Commissioner,,DEM,Brent Edison,22
Griggs,Precinct 2307,Tax Commissioner,,REP,Cory Fong,18
Griggs,Precinct 2307,U.S. House,1,DEM,Earl Pomeroy,23
Griggs,Precinct 2307,U.S. House,1,REP,Matt Mechtel,19
Griggs,Precinct 2307,U.S. Senate,,DEM,Kent Conrad,25
Griggs,Precinct 2307,U.S. Senate,,REP,Dwight Grotberg,19
Hettinger,Precinct 3101,Agriculture Commissioner,,DEM,Roger Johnson,233
Hettinger,Precinct 3101,Agriculture Commissioner,,REP,Doug Goehring,145
Hettinger,Precinct 3101,Attorney General,,DEM,Bill Brudvik,209
Hettinger,Precinct 3101,Attorney General,,REP,Wayne Stenehjem,145
Hettinger,Precinct 3101,C 1: This constitutional measure would amend section 16 of Article XI of the North Dakota Constitution,,,No,111
Hettinger,Precinct 3101,C 1: This constitutional measure would amend section 16 of Article XI of the North Dakota Constitution,,,Yes,261
Hettinger,Precinct 3101,C 2: This constitutional measure would amend certain sections and repeal other sections of Article XII of the North Dakota Constitution,,,No,127
Hettinger,Precinct 3101,C 2: This constitutional measure would amend certain sections and repeal other sections of Article XII of the North Dakota Constitution,,,Yes,236
Hettinger,Precinct 3101,Justice of the Supreme Court,,NON,Dale Sandstrom,350
Hettinger,Precinct 3101,Public Service Commissioner,,DEM,Cheryl Bergian,218
Hettinger,Precinct 3101,Public Service Commissioner,,REP,Tony Clark,146
Hettinger,Precinct 3101,Secretary of State,,DEM,Kristin Hedger,224
Hettinger,Precinct 3101,Secretary of State,,REP,Alvin A (Al) Jaeger,146
Hettinger,Precinct 3101,State House Legislative,31,DEM,James Kerzman,241
Hettinger,Precinct 3101,State House Legislative,31,DEM,Rodney J Froelich,193
Hettinger,Precinct 3101,State House Legislative,31,REP,Carson Kouba,139
Hettinger,Precinct 3101,State House Legislative,31,REP,Charles W Murphy,107
Hettinger,Precinct 3101,State Senate Legislative District 31,,DEM,Aaron Krauter,248
Hettinger,Precinct 3101,State Senate Legislative District 31,,REP,Dennis Renner,147
Hettinger,Precinct 3101,Tax Commissioner,,DEM,Brent Edison,225
Hettinger,Precinct 3101,Tax Commissioner,,REP,Cory Fong,143
Hettinger,Precinct 3101,U.S. House,1,DEM,Earl Pomeroy,240
Hettinger,Precinct 3101,U.S. House,1,REP,Matt Mechtel,145
Hettinger,Precinct 3101,U.S. Senate,,DEM,Kent Conrad,248
Hettinger,Precinct 3101,U.S. Senate,,REP,Dwight Grotberg,148
Hettinger,Precinct 3103,Agriculture Commissioner,,DEM,Roger Johnson,67
Hettinger,Precinct 3103,Agriculture Commissioner,,REP,Doug Goehring,28
Hettinger,Precinct 3103,Attorney General,,DEM,Bill Brudvik,63
Hettinger,Precinct 3103,Attorney General,,REP,Wayne Stenehjem,29
Hettinger,Precinct 3103,C 1: This constitutional measure would amend section 16 of Article XI of the North Dakota Constitution,,,No,30
Hettinger,Precinct 3103,C 1: This constitutional measure would amend section 16 of Article XI of the North Dakota Constitution,,,Yes,58
Hettinger,Precinct 3103,C 2: This constitutional measure would amend certain sections and repeal other sections of Article XII of the North Dakota Constitution,,,No,32
Hettinger,Precinct 3103,C 2: This constitutional measure would amend certain sections and repeal other sections of Article XII of the North Dakota Constitution,,,Yes,54
Hettinger,Precinct 3103,Justice of the Supreme Court,,NON,Dale Sandstrom,85
Hettinger,Precinct 3103,Public Service Commissioner,,DEM,Cheryl Bergian,65
Hettinger,Precinct 3103,Public Service Commissioner,,REP,Tony Clark,27
Hettinger,Precinct 3103,Secretary of State,,DEM,Kristin Hedger,64
Hettinger,Precinct 3103,Secretary of State,,REP,Alvin A (Al) Jaeger,28
Hettinger,Precinct 3103,State House Legislative,31,DEM,James Kerzman,68
Hettinger,Precinct 3103,State House Legislative,31,DEM,Rodney J Froelich,63
Hettinger,Precinct 3103,State House Legislative,31,REP,Carson Kouba,26
Hettinger,Precinct 3103,State House Legislative,31,REP,Charles W Murphy,24
Hettinger,Precinct 3103,State Senate Legislative District 31,,DEM,Aaron Krauter,66
Hettinger,Precinct 3103,State Senate Legislative District 31,,REP,Dennis Renner,28
Hettinger,Precinct 3103,Tax Commissioner,,DEM,Brent Edison,64
Hettinger,Precinct 3103,Tax Commissioner,,REP,Cory Fong,27
Hettinger,Precinct 3103,U.S. House,1,DEM,Earl Pomeroy,66
Hettinger,Precinct 3103,U.S. House,1,REP,Matt Mechtel,28
Hettinger,Precinct 3103,U.S. Senate,,DEM,Kent Conrad,68
Hettinger,Precinct 3103,U.S. Senate,,REP,Dwight Grotberg,27
Hettinger,Precinct 3602,Agriculture Commissioner,,DEM,Roger Johnson,129
Hettinger,Precinct 3602,Agriculture Commissioner,,REP,Doug Goehring,80
Hettinger,Precinct 3602,Attorney General,,DEM,Bill Brudvik,129
Hettinger,Precinct 3602,Attorney General,,REP,Wayne Stenehjem,82
Hettinger,Precinct 3602,C 1: This constitutional measure would amend section 16 of Article XI of the North Dakota Constitution,,,No,62
Hettinger,Precinct 3602,C 1: This constitutional measure would amend section 16 of Article XI of the North Dakota Constitution,,,Yes,136
Hettinger,Precinct 3602,C 2: This constitutional measure would amend certain sections and repeal other sections of Article XII of the North Dakota Constitution,,,No,59
Hettinger,Precinct 3602,C 2: This constitutional measure would amend certain sections and repeal other sections of Article XII of the North Dakota Constitution,,,Yes,139
Hettinger,Precinct 3602,Justice of the Supreme Court,,NON,Dale Sandstrom,182
Hettinger,Precinct 3602,Public Service Commissioner,,DEM,Cheryl Bergian,128
Hettinger,Precinct 3602,Public Service Commissioner,,REP,Tony Clark,80
Hettinger,Precinct 3602,Secretary of State,,DEM,Kristin Hedger,131
Hettinger,Precinct 3602,Secretary of State,,REP,Alvin A (Al) Jaeger,81
Hettinger,Precinct 3602,Tax Commissioner,,DEM,Brent Edison,131
Hettinger,Precinct 3602,Tax Commissioner,,REP,Cory Fong,81
Hettinger,Precinct 3602,U.S. House,1,DEM,Earl Pomeroy,137
Hettinger,Precinct 3602,U.S. House,1,REP,Matt Mechtel,79
Hettinger,Precinct 3602,U.S. Senate,,DEM,Kent Conrad,140
Hettinger,Precinct 3602,U.S. Senate,,REP,Dwight Grotberg,81
Kidder,Precinct 1401,Agriculture Commissioner,,DEM,Roger Johnson,37
Kidder,Precinct 1401,Agriculture Commissioner,,REP,Doug Goehring,20
Kidder,Precinct 1401,Attorney General,,DEM,Bill Brudvik,33
Kidder,Precinct 1401,Attorney General,,REP,Wayne Stenehjem,19
Kidder,Precinct 1401,C 1: This constitutional measure would amend section 16 of Article XI of the North Dakota Constitution,,,No,20
Kidder,Precinct 1401,C 1: This constitutional measure would amend section 16 of Article XI of the North Dakota Constitution,,,Yes,26
Kidder,Precinct 1401,C 2: This constitutional measure would amend certain sections and repeal other sections of Article XII of the North Dakota Constitution,,,No,22
Kidder,Precinct 1401,C 2: This constitutional measure would amend certain sections and repeal other sections of Article XII of the North Dakota Constitution,,,Yes,20
Kidder,Precinct 1401,Justice of the Supreme Court,,NON,Dale Sandstrom,49
Kidder,Precinct 1401,Public Service Commissioner,,DEM,Cheryl Bergian,35
Kidder,Precinct 1401,Public Service Commissioner,,REP,Tony Clark,18
Kidder,Precinct 1401,Secretary of State,,DEM,Kristin Hedger,35
Kidder,Precinct 1401,Secretary of State,,REP,Alvin A (Al) Jaeger,17
Kidder,Precinct 1401,Tax Commissioner,,DEM,Brent Edison,35
Kidder,Precinct 1401,Tax Commissioner,,REP,Cory Fong,18
Kidder,Precinct 1401,U.S. House,1,DEM,Earl Pomeroy,38
Kidder,Precinct 1401,U.S. House,1,REP,Matt Mechtel,16
Kidder,Precinct 1401,U.S. Senate,,DEM,Kent Conrad,40
Kidder,Precinct 1401,U.S. Senate,,REP,Dwight Grotberg,17
Kidder,Precinct 1402,Agriculture Commissioner,,DEM,Roger Johnson,39
Kidder,Precinct 1402,Agriculture Commissioner,,REP,Doug Goehring,10
Kidder,Precinct 1402,Attorney General,,DEM,Bill Brudvik,36
Kidder,Precinct 1402,Attorney General,,REP,Wayne Stenehjem,9
Kidder,Precinct 1402,C 1: This constitutional measure would amend section 16 of Article XI of the North Dakota Constitution,,,No,22
Kidder,Precinct 1402,C 1: This constitutional measure would amend section 16 of Article XI of the North Dakota Constitution,,,Yes,25
Kidder,Precinct 1402,C 2: This constitutional measure would amend certain sections and repeal other sections of Article XII of the North Dakota Constitution,,,No,20
Kidder,Precinct 1402,C 2: This constitutional measure would amend certain sections and repeal other sections of Article XII of the North Dakota Constitution,,,Yes,24
Kidder,Precinct 1402,Justice of the Supreme Court,,NON,Dale Sandstrom,38
Kidder,Precinct 1402,Public Service Commissioner,,DEM,Cheryl Bergian,35
Kidder,Precinct 1402,Public Service Commissioner,,REP,Tony Clark,9
Kidder,Precinct 1402,Secretary of State,,DEM,Kristin Hedger,35
Kidder,Precinct 1402,Secretary of State,,REP,Alvin A (Al) Jaeger,9
Kidder,Precinct 1402,Tax Commissioner,,DEM,Brent Edison,38
Kidder,Precinct 1402,Tax Commissioner,,REP,Cory Fong,8
Kidder,Precinct 1402,U.S. House,1,DEM,Earl Pomeroy,37
Kidder,Precinct 1402,U.S. House,1,REP,Matt Mechtel,9
Kidder,Precinct 1402,U.S. Senate,,DEM,Kent Conrad,38
Kidder,Precinct 1402,U.S. Senate,,REP,Dwight Grotberg,10
Kidder,Precinct 1403,Agriculture Commissioner,,DEM,Roger Johnson,26
Kidder,Precinct 1403,Agriculture Commissioner,,REP,Doug Goehring,11
Kidder,Precinct 1403,Attorney General,,DEM,Bill Brudvik,22
Kidder,Precinct 1403,Attorney General,,REP,Wayne Stenehjem,12
Kidder,Precinct 1403,C 1: This constitutional measure would amend section 16 of Article XI of the North Dakota Constitution,,,No,13
Kidder,Precinct 1403,C 1: This constitutional measure would amend section 16 of Article XI of the North Dakota Constitution,,,Yes,19
Kidder,Precinct 1403,C 2: This constitutional measure would amend certain sections and repeal other sections of Article XII of the North Dakota Constitution,,,No,12
Kidder,Precinct 1403,C 2: This constitutional measure would amend certain sections and repeal other sections of Article XII of the North Dakota Constitution,,,Yes,18
Kidder,Precinct 1403,Justice of the Supreme Court,,NON,Dale Sandstrom,27
Kidder,Precinct 1403,Public Service Commissioner,,DEM,Cheryl Bergian,22
Kidder,Precinct 1403,Public Service Commissioner,,REP,Tony Clark,12
Kidder,Precinct 1403,Secretary of State,,DEM,Kristin Hedger,22
Kidder,Precinct 1403,Secretary of State,,REP,Alvin A (Al) Jaeger,11
Kidder,Precinct 1403,Tax Commissioner,,DEM,Brent Edison,23
Kidder,Precinct 1403,Tax Commissioner,,REP,Cory Fong,11
Kidder,Precinct 1403,U.S. House,1,DEM,Earl Pomeroy,26
Kidder,Precinct 1403,U.S. House,1,REP,Matt Mechtel,10
Kidder,Precinct 1403,U.S. Senate,,DEM,Kent Conrad,26
Kidder,Precinct 1403,U.S. Senate,,REP,Dwight Grotberg,11
Kidder,Precinct 1404,Agriculture Commissioner,,DEM,Roger Johnson,150
Kidder,Precinct 1404,Agriculture Commissioner,,REP,Doug Goehring,147
Kidder,Precinct 1404,Attorney General,,DEM,Bill Brudvik,131
Kidder,Precinct 1404,Attorney General,,REP,Wayne Stenehjem,148
Kidder,Precinct 1404,C 1: This constitutional measure would amend section 16 of Article XI of the North Dakota Constitution,,,No,78
Kidder,Precinct 1404,C 1: This constitutional measure would amend section 16 of Article XI of the North Dakota Constitution,,,Yes,194
Kidder,Precinct 1404,C 2: This constitutional measure would amend certain sections and repeal other sections of Article XII of the North Dakota Constitution,,,No,89
Kidder,Precinct 1404,C 2: This constitutional measure would amend certain sections and repeal other sections of Article XII of the North Dakota Constitution,,,Yes,170
Kidder,Precinct 1404,Justice of the Supreme Court,,NON,Dale Sandstrom,263
Kidder,Precinct 1404,Public Service Commissioner,,DEM,Cheryl Bergian,136
Kidder,Precinct 1404,Public Service Commissioner,,REP,Tony Clark,142
Kidder,Precinct 1404,Secretary of State,,DEM,Kristin Hedger,140
Kidder,Precinct 1404,Secretary of State,,REP,Alvin A (Al) Jaeger,147
Kidder,Precinct 1404,Tax Commissioner,,DEM,Brent Edison,135
Kidder,Precinct 1404,Tax Commissioner,,REP,Cory Fong,142
Kidder,Precinct 1404,U.S. House,1,DEM,Earl Pomeroy,154
Kidder,Precinct 1404,U.S. House,1,REP,Matt Mechtel,138
Kidder,Precinct 1404,U.S. Senate,,DEM,Kent Conrad,157
Kidder,Precinct 1404,U.S. Senate,,REP,Dwight Grotberg,143
Kidder,Precinct 1405,Agriculture Commissioner,,DEM,Roger Johnson,13
Kidder,Precinct 1405,Agriculture Commissioner,,REP,Doug Goehring,22
Kidder,Precinct 1405,Attorney General,,DEM,Bill Brudvik,12
Kidder,Precinct 1405,Attorney General,,REP,Wayne Stenehjem,22
Kidder,Precinct 1405,C 1: This constitutional measure would amend section 16 of Article XI of the North Dakota Constitution,,,No,16
Kidder,Precinct 1405,C 1: This constitutional measure would amend section 16 of Article XI of the North Dakota Constitution,,,Yes,13
Kidder,Precinct 1405,C 2: This constitutional measure would amend certain sections and repeal other sections of Article XII of the North Dakota Constitution,,,No,15
Kidder,Precinct 1405,C 2: This constitutional measure would amend certain sections and repeal other sections of Article XII of the North Dakota Constitution,,,Yes,13
Kidder,Precinct 1405,Justice of the Supreme Court,,NON,Dale Sandstrom,27
Kidder,Precinct 1405,Public Service Commissioner,,DEM,Cheryl Bergian,12
Kidder,Precinct 1405,Public Service Commissioner,,REP,Tony Clark,20
Kidder,Precinct 1405,Secretary of State,,DEM,Kristin Hedger,12
Kidder,Precinct 1405,Secretary of State,,REP,Alvin A (Al) Jaeger,21
Kidder,Precinct 1405,Tax Commissioner,,DEM,Brent Edison,12
Kidder,Precinct 1405,Tax Commissioner,,REP,Cory Fong,20
Kidder,Precinct 1405,U.S. House,1,DEM,Earl Pomeroy,13
Kidder,Precinct 1405,U.S. House,1,REP,Matt Mechtel,20
Kidder,Precinct 1405,U.S. Senate,,DEM,Kent Conrad,13
Kidder,Precinct 1405,U.S. Senate,,REP,Dwight Grotberg,20
Kidder,Precinct 1406,Agriculture Commissioner,,DEM,Roger Johnson,47
Kidder,Precinct 1406,Agriculture Commissioner,,REP,Doug Goehring,61
Kidder,Precinct 1406,Attorney General,,DEM,Bill Brudvik,44
Kidder,Precinct 1406,Attorney General,,REP,Wayne Stenehjem,56
Kidder,Precinct 1406,C 1: This constitutional measure would amend section 16 of Article XI of the North Dakota Constitution,,,No,45
Kidder,Precinct 1406,C 1: This constitutional measure would amend section 16 of Article XI of the North Dakota Constitution,,,Yes,66
Kidder,Precinct 1406,C 2: This constitutional measure would amend certain sections and repeal other sections of Article XII of the North Dakota Constitution,,,No,40
Kidder,Precinct 1406,C 2: This constitutional measure would amend certain sections and repeal other sections of Article XII of the North Dakota Constitution,,,Yes,68
Kidder,Precinct 1406,Justice of the Supreme Court,,NON,Dale Sandstrom,106
Kidder,Precinct 1406,Public Service Commissioner,,DEM,Cheryl Bergian,46
Kidder,Precinct 1406,Public Service Commissioner,,REP,Tony Clark,56
Kidder,Precinct 1406,Secretary of State,,DEM,Kristin Hedger,47
Kidder,Precinct 1406,Secretary of State,,REP,Alvin A (Al) Jaeger,58
Kidder,Precinct 1406,Tax Commissioner,,DEM,Brent Edison,45
Kidder,Precinct 1406,Tax Commissioner,,REP,Cory Fong,58
Kidder,Precinct 1406,U.S. House,1,DEM,Earl Pomeroy,47
Kidder,Precinct 1406,U.S. House,1,REP,Matt Mechtel,56
Kidder,Precinct 1406,U.S. Senate,,DEM,Kent Conrad,47
Kidder,Precinct 1406,U.S. Senate,,REP,Dwight Grotberg,57
LaMoure,Precinct 2601,Agriculture Commissioner,,DEM,Roger Johnson,125
LaMoure,Precinct 2601,Agriculture Commissioner,,REP,Doug Goehring,115
LaMoure,Precinct 2601,Attorney General,,DEM,Bill Brudvik,120
LaMoure,Precinct 2601,Attorney General,,REP,Wayne Stenehjem,115
LaMoure,Precinct 2601,C 1: This constitutional measure would amend section 16 of Article XI of the North Dakota Constitution,,,No,78
LaMoure,Precinct 2601,C 1: This constitutional measure would amend section 16 of Article XI of the North Dakota Constitution,,,Yes,169
LaMoure,Precinct 2601,C 2: This constitutional measure would amend certain sections and repeal other sections of Article XII of the North Dakota Constitution,,,No,77
LaMoure,Precinct 2601,C 2: This constitutional measure would amend certain sections and repeal other sections of Article XII of the North Dakota Constitution,,,Yes,165
LaMoure,Precinct 2601,Justice of the Supreme Court,,NON,Dale Sandstrom,243
LaMoure,Precinct 2601,Public Service Commissioner,,DEM,Cheryl Bergian,123
LaMoure,Precinct 2601,Public Service Commissioner,,REP,Tony Clark,112
LaMoure,Precinct 2601,Secretary of State,,DEM,Kristin Hedger,123
LaMoure,Precinct 2601,Secretary of State,,REP,Alvin A (Al) Jaeger,114
LaMoure,Precinct 2601,Tax Commissioner,,DEM,Brent Edison,124
LaMoure,Precinct 2601,Tax Commissioner,,REP,Cory Fong,113
LaMoure,Precinct 2601,U.S. House,1,DEM,Earl Pomeroy,131
LaMoure,Precinct 2601,U.S. House,1,REP,Matt Mechtel,112
LaMoure,Precinct 2601,U.S. Senate,,DEM,Kent Conrad,130
LaMoure,Precinct 2601,U.S. Senate,,REP,Dwight Grotberg,112
LaMoure,Precinct 2602,Agriculture Commissioner,,DEM,Roger Johnson,38
LaMoure,Precinct 2602,Agriculture Commissioner,,REP,Doug Goehring,27
LaMoure,Precinct 2602,Attorney General,,DEM,Bill Brudvik,37
LaMoure,Precinct 2602,Attorney General,,REP,Wayne Stenehjem,28
LaMoure,Precinct 2602,C 1: This constitutional measure would amend section 16 of Article XI of the North Dakota Constitution,,,No,13
LaMoure,Precinct 2602,C 1: This constitutional measure would amend section 16 of Article XI of the North Dakota Constitution,,,Yes,53
LaMoure,Precinct 2602,C 2: This constitutional measure would amend certain sections and repeal other sections of Article XII of the North Dakota Constitution,,,No,17
LaMoure,Precinct 2602,C 2: This constitutional measure would amend certain sections and repeal other sections of Article XII of the North Dakota Constitution,,,Yes,49
LaMoure,Precinct 2602,Justice of the Supreme Court,,NON,Dale Sandstrom,69
LaMoure,Precinct 2602,Public Service Commissioner,,DEM,Cheryl Bergian,37
LaMoure,Precinct 2602,Public Service Commissioner,,REP,Tony Clark,27
LaMoure,Precinct 2602,Secretary of State,,DEM,Kristin Hedger,36
LaMoure,Precinct 2602,Secretary of State,,REP,Alvin A (Al) Jaeger,28
LaMoure,Precinct 2602,Tax Commissioner,,DEM,Brent Edison,37
LaMoure,Precinct 2602,Tax Commissioner,,REP,Cory Fong,28
LaMoure,Precinct 2602,U.S. House,1,DEM,Earl Pomeroy,41
LaMoure,Precinct 2602,U.S. House,1,REP,Matt Mechtel,28
LaMoure,Precinct 2602,U.S. Senate,,DEM,Kent Conrad,42
LaMoure,Precinct 2602,U.S. Senate,,REP,Dwight Grotberg,28
LaMoure,Precinct 2805,Agriculture Commissioner,,DEM,Roger Johnson,125
LaMoure,Precinct 2805,Agriculture Commissioner,,REP,Doug Goehring,105
LaMoure,Precinct 2805,Attorney General,,DEM,Bill Brudvik,113
LaMoure,Precinct 2805,Attorney General,,REP,Wayne Stenehjem,107
LaMoure,Precinct 2805,C 1: This constitutional measure would amend section 16 of Article XI of the North Dakota Constitution,,,No,67
LaMoure,Precinct 2805,C 1: This constitutional measure would amend section 16 of Article XI of the North Dakota Constitution,,,Yes,159
LaMoure,Precinct 2805,C 2: This constitutional measure would amend certain sections and repeal other sections of Article XII of the North Dakota Constitution,,,No,84
LaMoure,Precinct 2805,C 2: This constitutional measure would amend certain sections and repeal other sections of Article XII of the North Dakota Constitution,,,Yes,139
LaMoure,Precinct 2805,Justice of the Supreme Court,,NON,Dale Sandstrom,220
LaMoure,Precinct 2805,Public Service Commissioner,,DEM,Cheryl Bergian,117
LaMoure,Precinct 2805,Public Service Commissioner,,REP,Tony Clark,105
LaMoure,Precinct 2805,Secretary of State,,DEM,Kristin Hedger,116
LaMoure,Precinct 2805,Secretary of State,,REP,Alvin A (Al) Jaeger,104
LaMoure,Precinct 2805,Tax Commissioner,,DEM,Brent Edison,119
LaMoure,Precinct 2805,Tax Commissioner,,REP,Cory Fong,103
LaMoure,Precinct 2805,U.S. House,1,DEM,Earl Pomeroy,127
LaMoure,Precinct 2805,U.S. House,1,REP,Matt Mechtel,103
LaMoure,Precinct 2805,U.S. Senate,,DEM,Kent Conrad,130
LaMoure,Precinct 2805,U.S. Senate,,REP,Dwight Grotberg,101
LaMoure,Precinct 2806,Agriculture Commissioner,,DEM,Roger Johnson,59
LaMoure,Precinct 2806,Agriculture Commissioner,,REP,Doug Goehring,49
LaMoure,Precinct 2806,Attorney General,,DEM,Bill Brudvik,48
LaMoure,Precinct 2806,Attorney General,,REP,Wayne Stenehjem,50
LaMoure,Precinct 2806,C 1: This constitutional measure would amend section 16 of Article XI of the North Dakota Constitution,,,No,22
LaMoure,Precinct 2806,C 1: This constitutional measure would amend section 16 of Article XI of the North Dakota Constitution,,,Yes,83
LaMoure,Precinct 2806,C 2: This constitutional measure would amend certain sections and repeal other sections of Article XII of the North Dakota Constitution,,,No,26
LaMoure,Precinct 2806,C 2: This constitutional measure would amend certain sections and repeal other sections of Article XII of the North Dakota Constitution,,,Yes,78
LaMoure,Precinct 2806,Justice of the Supreme Court,,NON,Dale Sandstrom,93
LaMoure,Precinct 2806,Public Service Commissioner,,DEM,Cheryl Bergian,50
LaMoure,Precinct 2806,Public Service Commissioner,,REP,Tony Clark,47
LaMoure,Precinct 2806,Secretary of State,,DEM,Kristin Hedger,48
LaMoure,Precinct 2806,Secretary of State,,REP,Alvin A (Al) Jaeger,51
LaMoure,Precinct 2806,Tax Commissioner,,DEM,Brent Edison,51
LaMoure,Precinct 2806,Tax Commissioner,,REP,Cory Fong,49
LaMoure,Precinct 2806,U.S. House,1,DEM,Earl Pomeroy,57
LaMoure,Precinct 2806,U.S. House,1,REP,Matt Mechtel,47
LaMoure,Precinct 2806,U.S. Senate,,DEM,Kent Conrad,58
LaMoure,Precinct 2806,U.S. Senate,,REP,Dwight Grotberg,48
LaMoure,Precinct 2807,Agriculture Commissioner,,DEM,Roger Johnson,49
LaMoure,Precinct 2807,Agriculture Commissioner,,REP,Doug Goehring,63
LaMoure,Precinct 2807,Attorney General,,DEM,Bill Brudvik,47
LaMoure,Precinct 2807,Attorney General,,REP,Wayne Stenehjem,65
LaMoure,Precinct 2807,C 1: This constitutional measure would amend section 16 of Article XI of the North Dakota Constitution,,,No,24
LaMoure,Precinct 2807,C 1: This constitutional measure would amend section 16 of Article XI of the North Dakota Constitution,,,Yes,79
LaMoure,Precinct 2807,C 2: This constitutional measure would amend certain sections and repeal other sections of Article XII of the North Dakota Constitution,,,No,22
LaMoure,Precinct 2807,C 2: This constitutional measure would amend certain sections and repeal other sections of Article XII of the North Dakota Constitution,,,Yes,78
LaMoure,Precinct 2807,Justice of the Supreme Court,,NON,Dale Sandstrom,110
LaMoure,Precinct 2807,Public Service Commissioner,,DEM,Cheryl Bergian,49
LaMoure,Precinct 2807,Public Service Commissioner,,REP,Tony Clark,63
LaMoure,Precinct 2807,Secretary of State,,DEM,Kristin Hedger,48
LaMoure,Precinct 2807,Secretary of State,,REP,Alvin A (Al) Jaeger,65
LaMoure,Precinct 2807,Tax Commissioner,,DEM,Brent Edison,47
LaMoure,Precinct 2807,Tax Commissioner,,REP,Cory Fong,62
LaMoure,Precinct 2807,U.S. House,1,DEM,Earl Pomeroy,49
LaMoure,Precinct 2807,U.S. House,1,REP,Matt Mechtel,64
LaMoure,Precinct 2807,U.S. Senate,,DEM,Kent Conrad,50
LaMoure,Precinct 2807,U.S. Senate,,REP,Dwight Grotberg,65
LaMoure,Precinct 2903,Agriculture Commissioner,,DEM,Roger Johnson,35
LaMoure,Precinct 2903,Agriculture Commissioner,,REP,Doug Goehring,32
LaMoure,Precinct 2903,Attorney General,,DEM,Bill Brudvik,33
LaMoure,Precinct 2903,Attorney General,,REP,Wayne Stenehjem,32
LaMoure,Precinct 2903,C 1: This constitutional measure would amend section 16 of Article XI of the North Dakota Constitution,,,No,30
LaMoure,Precinct 2903,C 1: This constitutional measure would amend section 16 of Article XI of the North Dakota Constitution,,,Yes,34
LaMoure,Precinct 2903,C 2: This constitutional measure would amend certain sections and repeal other sections of Article XII of the North Dakota Constitution,,,No,28
LaMoure,Precinct 2903,C 2: This constitutional measure would amend certain sections and repeal other sections of Article XII of the North Dakota Constitution,,,Yes,34
LaMoure,Precinct 2903,Justice of the Supreme Court,,NON,Dale Sandstrom,60
LaMoure,Precinct 2903,Public Service Commissioner,,DEM,Cheryl Bergian,33
LaMoure,Precinct 2903,Public Service Commissioner,,REP,Tony Clark,32
LaMoure,Precinct 2903,Secretary of State,,DEM,Kristin Hedger,33
LaMoure,Precinct 2903,Secretary of State,,REP,Alvin A (Al) Jaeger,31
LaMoure,Precinct 2903,State House Legislative,29,DEM,Clarence R Daniel,29
LaMoure,Precinct 2903,State House Legislative,29,DEM,Ellen Linderman,32
LaMoure,Precinct 2903,State House Legislative,29,REP,Chet Pollert,29
LaMoure,Precinct 2903,State House Legislative,29,REP,Craig Headland,27
LaMoure,Precinct 2903,State Senate Legislative District 29,,DEM,Dustin E Lien,33
LaMoure,Precinct 2903,State Senate Legislative District 29,,REP,Terry M Wanzek,31
LaMoure,Precinct 2903,Tax Commissioner,,DEM,Brent Edison,33
LaMoure,Precinct 2903,Tax Commissioner,,REP,Cory Fong,32
LaMoure,Precinct 2903,U.S. House,1,DEM,Earl Pomeroy,35
LaMoure,Precinct 2903,U.S. House,1,REP,Matt Mechtel,30
LaMoure,Precinct 2903,U.S. Senate,,DEM,Kent Conrad,35
LaMoure,Precinct 2903,U.S. Senate,,REP,Dwight Grotberg,31
LaMoure,Precinct 2904,Agriculture Commissioner,,DEM,Roger Johnson,29
LaMoure,Precinct 2904,Agriculture Commissioner,,REP,Doug Goehring,5
LaMoure,Precinct 2904,Attorney General,,DEM,Bill Brudvik,25
LaMoure,Precinct 2904,Attorney General,,REP,Wayne Stenehjem,6
LaMoure,Precinct 2904,C 1: This constitutional measure would amend section 16 of Article XI of the North Dakota Constitution,,,No,13
LaMoure,Precinct 2904,C 1: This constitutional measure would amend section 16 of Article XI of the North Dakota Constitution,,,Yes,20
LaMoure,Precinct 2904,C 2: This constitutional measure would amend certain sections and repeal other sections of Article XII of the North Dakota Constitution,,,No,11
LaMoure,Precinct 2904,C 2: This constitutional measure would amend certain sections and repeal other sections of Article XII of the North Dakota Constitution,,,Yes,22
LaMoure,Precinct 2904,Justice of the Supreme Court,,NON,Dale Sandstrom,33
LaMoure,Precinct 2904,Public Service Commissioner,,DEM,Cheryl Bergian,26
LaMoure,Precinct 2904,Public Service Commissioner,,REP,Tony Clark,6
LaMoure,Precinct 2904,Secretary of State,,DEM,Kristin Hedger,26
LaMoure,Precinct 2904,Secretary of State,,REP,Alvin A (Al) Jaeger,6
LaMoure,Precinct 2904,State House Legislative,29,DEM,Clarence R Daniel,21
LaMoure,Precinct 2904,State House Legislative,29,DEM,Ellen Linderman,26
LaMoure,Precinct 2904,State House Legislative,29,REP,Chet Pollert,4
LaMoure,Precinct 2904,State House Legislative,29,REP,Craig Headland,4
LaMoure,Precinct 2904,State Senate Legislative District 29,,DEM,Dustin E Lien,26
LaMoure,Precinct 2904,State Senate Legislative District 29,,REP,Terry M Wanzek,5
LaMoure,Precinct 2904,Tax Commissioner,,DEM,Brent Edison,25
LaMoure,Precinct 2904,Tax Commissioner,,REP,Cory Fong,5
LaMoure,Precinct 2904,U.S. House,1,DEM,Earl Pomeroy,29
LaMoure,Precinct 2904,U.S. House,1,REP,Matt Mechtel,6
LaMoure,Precinct 2904,U.S. Senate,,DEM,Kent Conrad,29
LaMoure,Precinct 2904,U.S. Senate,,REP,Dwight Grotberg,6
LaMoure,Precinct 2908,Agriculture Commissioner,,DEM,Roger Johnson,38
LaMoure,Precinct 2908,Agriculture Commissioner,,REP,Doug Goehring,35
LaMoure,Precinct 2908,Attorney General,,DEM,Bill Brudvik,37
LaMoure,Precinct 2908,Attorney General,,REP,Wayne Stenehjem,32
LaMoure,Precinct 2908,C 1: This constitutional measure would amend section 16 of Article XI of the North Dakota Constitution,,,No,28
LaMoure,Precinct 2908,C 1: This constitutional measure would amend section 16 of Article XI of the North Dakota Constitution,,,Yes,47
LaMoure,Precinct 2908,C 2: This constitutional measure would amend certain sections and repeal other sections of Article XII of the North Dakota Constitution,,,No,33
LaMoure,Precinct 2908,C 2: This constitutional measure would amend certain sections and repeal other sections of Article XII of the North Dakota Constitution,,,Yes,40
LaMoure,Precinct 2908,Justice of the Supreme Court,,NON,Dale Sandstrom,70
LaMoure,Precinct 2908,Public Service Commissioner,,DEM,Cheryl Bergian,38
LaMoure,Precinct 2908,Public Service Commissioner,,REP,Tony Clark,32
LaMoure,Precinct 2908,Secretary of State,,DEM,Kristin Hedger,37
LaMoure,Precinct 2908,Secretary of State,,REP,Alvin A (Al) Jaeger,32
LaMoure,Precinct 2908,State House Legislative,29,DEM,Clarence R Daniel,27
LaMoure,Precinct 2908,State House Legislative,29,DEM,Ellen Linderman,35
LaMoure,Precinct 2908,State House Legislative,29,REP,Chet Pollert,31
LaMoure,Precinct 2908,State House Legislative,29,REP,Craig Headland,33
LaMoure,Precinct 2908,State Senate Legislative District 29,,DEM,Dustin E Lien,39
LaMoure,Precinct 2908,State Senate Legislative District 29,,REP,Terry M Wanzek,32
LaMoure,Precinct 2908,Tax Commissioner,,DEM,Brent Edison,38
LaMoure,Precinct 2908,Tax Commissioner,,REP,Cory Fong,32
LaMoure,Precinct 2908,U.S. House,1,DEM,Earl Pomeroy,39
LaMoure,Precinct 2908,U.S. House,1,REP,Matt Mechtel,32
LaMoure,Precinct 2908,U.S. Senate,,DEM,Kent Conrad,39
LaMoure,Precinct 2908,U.S. Senate,,REP,Dwight Grotberg,31
LaMoure,Precinct 2909,Agriculture Commissioner,,DEM,Roger Johnson,53
LaMoure,Precinct 2909,Agriculture Commissioner,,REP,Doug Goehring,50
LaMoure,Precinct 2909,Attorney General,,DEM,Bill Brudvik,52
LaMoure,Precinct 2909,Attorney General,,REP,Wayne Stenehjem,51
LaMoure,Precinct 2909,C 1: This constitutional measure would amend section 16 of Article XI of the North Dakota Constitution,,,No,32
LaMoure,Precinct 2909,C 1: This constitutional measure would amend section 16 of Article XI of the North Dakota Constitution,,,Yes,73
LaMoure,Precinct 2909,C 2: This constitutional measure would amend certain sections and repeal other sections of Article XII of the North Dakota Constitution,,,No,45
LaMoure,Precinct 2909,C 2: This constitutional measure would amend certain sections and repeal other sections of Article XII of the North Dakota Constitution,,,Yes,57
LaMoure,Precinct 2909,Justice of the Supreme Court,,NON,Dale Sandstrom,104
LaMoure,Precinct 2909,Public Service Commissioner,,DEM,Cheryl Bergian,52
LaMoure,Precinct 2909,Public Service Commissioner,,REP,Tony Clark,49
LaMoure,Precinct 2909,Secretary of State,,DEM,Kristin Hedger,50
LaMoure,Precinct 2909,Secretary of State,,REP,Alvin A (Al) Jaeger,51
LaMoure,Precinct 2909,State House Legislative,29,DEM,Clarence R Daniel,48
LaMoure,Precinct 2909,State House Legislative,29,DEM,Ellen Linderman,52
LaMoure,Precinct 2909,State House Legislative,29,REP,Chet Pollert,45
LaMoure,Precinct 2909,State House Legislative,29,REP,Craig Headland,50
LaMoure,Precinct 2909,State Senate Legislative District 29,,DEM,Dustin E Lien,53
LaMoure,Precinct 2909,State Senate Legislative District 29,,REP,Terry M Wanzek,49
LaMoure,Precinct 2909,Tax Commissioner,,DEM,Brent Edison,52
LaMoure,Precinct 2909,Tax Commissioner,,REP,Cory Fong,49
LaMoure,Precinct 2909,U.S. House,1,DEM,Earl Pomeroy,57
LaMoure,Precinct 2909,U.S. House,1,REP,Matt Mechtel,50
LaMoure,Precinct 2909,U.S. Senate,,DEM,Kent Conrad,57
LaMoure,Precinct 2909,U.S. Senate,,REP,Dwight Grotberg,50
Logan,Precinct 2801,Agriculture Commissioner,,DEM,Roger Johnson,28
Logan,Precinct 2801,Agriculture Commissioner,,REP,Doug Goehring,48
Logan,Precinct 2801,Attorney General,,DEM,Bill Brudvik,22
Logan,Precinct 2801,Attorney General,,REP,Wayne Stenehjem,49
Logan,Precinct 2801,C 1: This constitutional measure would amend section 16 of Article XI of the North Dakota Constitution,,,No,20
Logan,Precinct 2801,C 1: This constitutional measure would amend section 16 of Article XI of the North Dakota Constitution,,,Yes,50
Logan,Precinct 2801,C 2: This constitutional measure would amend certain sections and repeal other sections of Article XII of the North Dakota Constitution,,,No,20
Logan,Precinct 2801,C 2: This constitutional measure would amend certain sections and repeal other sections of Article XII of the North Dakota Constitution,,,Yes,48
Logan,Precinct 2801,Justice of the Supreme Court,,NON,Dale Sandstrom,65
Logan,Precinct 2801,Public Service Commissioner,,DEM,Cheryl Bergian,24
Logan,Precinct 2801,Public Service Commissioner,,REP,Tony Clark,48
Logan,Precinct 2801,Secretary of State,,DEM,Kristin Hedger,23
Logan,Precinct 2801,Secretary of State,,REP,Alvin A (Al) Jaeger,48
Logan,Precinct 2801,Tax Commissioner,,DEM,Brent Edison,24
Logan,Precinct 2801,Tax Commissioner,,REP,Cory Fong,48
Logan,Precinct 2801,U.S. House,1,DEM,Earl Pomeroy,29
Logan,Precinct 2801,U.S. House,1,REP,Matt Mechtel,48
Logan,Precinct 2801,U.S. Senate,,DEM,Kent Conrad,30
Logan,Precinct 2801,U.S. Senate,,REP,Dwight Grotberg,50
Logan,Precinct 2802,Agriculture Commissioner,,DEM,Roger Johnson,77
Logan,Precinct 2802,Agriculture Commissioner,,REP,Doug Goehring,52
Logan,Precinct 2802,Attorney General,,DEM,Bill Brudvik,63
Logan,Precinct 2802,Attorney General,,REP,Wayne Stenehjem,48
Logan,Precinct 2802,C 1: This constitutional measure would amend section 16 of Article XI of the North Dakota Constitution,,,No,33
Logan,Precinct 2802,C 1: This constitutional measure would amend section 16 of Article XI of the North Dakota Constitution,,,Yes,89
Logan,Precinct 2802,C 2: This constitutional measure would amend certain sections and repeal other sections of Article XII of the North Dakota Constitution,,,No,38
Logan,Precinct 2802,C 2: This constitutional measure would amend certain sections and repeal other sections of Article XII of the North Dakota Constitution,,,Yes,83
Logan,Precinct 2802,Justice of the Supreme Court,,NON,Dale Sandstrom,104
Logan,Precinct 2802,Public Service Commissioner,,DEM,Cheryl Bergian,65
Logan,Precinct 2802,Public Service Commissioner,,REP,Tony Clark,49
Logan,Precinct 2802,Secretary of State,,DEM,Kristin Hedger,63
Logan,Precinct 2802,Secretary of State,,REP,Alvin A (Al) Jaeger,49
Logan,Precinct 2802,Tax Commissioner,,DEM,Brent Edison,65
Logan,Precinct 2802,Tax Commissioner,,REP,Cory Fong,49
Logan,Precinct 2802,U.S. House,1,DEM,Earl Pomeroy,79
Logan,Precinct 2802,U.S. House,1,REP,Matt Mechtel,48
Logan,Precinct 2802,U.S. Senate,,DEM,Kent Conrad,80
Logan,Precinct 2802,U.S. Senate,,REP,Dwight Grotberg,50
Logan,Precinct 2803,Agriculture Commissioner,,DEM,Roger Johnson,59
Logan,Precinct 2803,Agriculture Commissioner,,REP,Doug Goehring,45
Logan,Precinct 2803,Attorney General,,DEM,Bill Brudvik,49
Logan,Precinct 2803,Attorney General,,REP,Wayne Stenehjem,45
Logan,Precinct 2803,C 1: This constitutional measure would amend section 16 of Article XI of the North Dakota Constitution,,,No,38
Logan,Precinct 2803,C 1: This constitutional measure would amend section 16 of Article XI of the North Dakota Constitution,,,Yes,64
Logan,Precinct 2803,C 2: This constitutional measure would amend certain sections and repeal other sections of Article XII of the North Dakota Constitution,,,No,39
Logan,Precinct 2803,C 2: This constitutional measure would amend certain sections and repeal other sections of Article XII of the North Dakota Constitution,,,Yes,62
Logan,Precinct 2803,Justice of the Supreme Court,,NON,Dale Sandstrom,88
Logan,Precinct 2803,Public Service Commissioner,,DEM,Cheryl Bergian,54
Logan,Precinct 2803,Public Service Commissioner,,REP,Tony Clark,44
Logan,Precinct 2803,Secretary of State,,DEM,Kristin Hedger,51
Logan,Precinct 2803,Secretary of State,,REP,Alvin A (Al) Jaeger,43
Logan,Precinct 2803,Tax Commissioner,,DEM,Brent Edison,55
Logan,Precinct 2803,Tax Commissioner,,REP,Cory Fong,42
Logan,Precinct 2803,U.S. House,1,DEM,Earl Pomeroy,62
Logan,Precinct 2803,U.S. House,1,REP,Matt Mechtel,39
Logan,Precinct 2803,U.S. Senate,,DEM,Kent Conrad,63
Logan,Precinct 2803,U.S. Senate,,REP,Dwight Grotberg,42
Logan,Precinct 2804,Agriculture Commissioner,,DEM,Roger Johnson,12
Logan,Precinct 2804,Agriculture Commissioner,,REP,Doug Goehring,17
Logan,Precinct 2804,Attorney General,,DEM,Bill Brudvik,11
Logan,Precinct 2804,Attorney General,,REP,Wayne Stenehjem,17
Logan,Precinct 2804,C 1: This constitutional measure would amend section 16 of Article XI of the North Dakota Constitution,,,No,8
Logan,Precinct 2804,C 1: This constitutional measure would amend section 16 of Article XI of the North Dakota Constitution,,,Yes,21
Logan,Precinct 2804,C 2: This constitutional measure would amend certain sections and repeal other sections of Article XII of the North Dakota Constitution,,,No,10
Logan,Precinct 2804,C 2: This constitutional measure would amend certain sections and repeal other sections of Article XII of the North Dakota Constitution,,,Yes,18
Logan,Precinct 2804,Justice of the Supreme Court,,NON,Dale Sandstrom,28
Logan,Precinct 2804,Public Service Commissioner,,DEM,Cheryl Bergian,11
Logan,Precinct 2804,Public Service Commissioner,,REP,Tony Clark,17
Logan,Precinct 2804,Secretary of State,,DEM,Kristin Hedger,11
Logan,Precinct 2804,Secretary of State,,REP,Alvin A (Al) Jaeger,16
Logan,Precinct 2804,Tax Commissioner,,DEM,Brent Edison,11
Logan,Precinct 2804,Tax Commissioner,,REP,Cory Fong,17
Logan,Precinct 2804,U.S. House,1,DEM,Earl Pomeroy,12
Logan,Precinct 2804,U.S. House,1,REP,Matt Mechtel,17
Logan,Precinct 2804,U.S. Senate,,DEM,Kent Conrad,12
Logan,Precinct 2804,U.S. Senate,,REP,Dwight Grotberg,17
Logan,Precinct 2805,Agriculture Commissioner,,DEM,Roger Johnson,8
Logan,Precinct 2805,Agriculture Commissioner,,REP,Doug Goehring,12
Logan,Precinct 2805,Attorney General,,DEM,Bill Brudvik,7
Logan,Precinct 2805,Attorney General,,REP,Wayne Stenehjem,12
Logan,Precinct 2805,C 1: This constitutional measure would amend section 16 of Article XI of the North Dakota Constitution,,,No,11
Logan,Precinct 2805,C 1: This constitutional measure would amend section 16 of Article XI of the North Dakota Constitution,,,Yes,13
Logan,Precinct 2805,C 2: This constitutional measure would amend certain sections and repeal other sections of Article XII of the North Dakota Constitution,,,No,16
Logan,Precinct 2805,C 2: This constitutional measure would amend certain sections and repeal other sections of Article XII of the North Dakota Constitution,,,Yes,8
Logan,Precinct 2805,Justice of the Supreme Court,,NON,Dale Sandstrom,21
Logan,Precinct 2805,Public Service Commissioner,,DEM,Cheryl Bergian,7
Logan,Precinct 2805,Public Service Commissioner,,REP,Tony Clark,12
Logan,Precinct 2805,Secretary of State,,DEM,Kristin Hedger,7
Logan,Precinct 2805,Secretary of State,,REP,Alvin A (Al) Jaeger,12
Logan,Precinct 2805,Tax Commissioner,,DEM,Brent Edison,7
Logan,Precinct 2805,Tax Commissioner,,REP,Cory Fong,12
Logan,Precinct 2805,U.S. House,1,DEM,Earl Pomeroy,8
Logan,Precinct 2805,U.S. House,1,REP,Matt Mechtel,12
Logan,Precinct 2805,U.S. Senate,,DEM,Kent Conrad,8
Logan,Precinct 2805,U.S. Senate,,REP,Dwight Grotberg,11
McHenry,Precinct 0716,Agriculture Commissioner,,DEM,Roger Johnson,18
McHenry,Precinct 0716,Agriculture Commissioner,,REP,Doug Goehring,18
McHenry,Precinct 0716,Attorney General,,DEM,Bill Brudvik,17
McHenry,Precinct 0716,Attorney General,,REP,Wayne Stenehjem,18
McHenry,Precinct 0716,C 1: This constitutional measure would amend section 16 of Article XI of the North Dakota Constitution,,,No,10
McHenry,Precinct 0716,C 1: This constitutional measure would amend section 16 of Article XI of the North Dakota Constitution,,,Yes,24
McHenry,Precinct 0716,C 2: This constitutional measure would amend certain sections and repeal other sections of Article XII of the North Dakota Constitution,,,No,8
McHenry,Precinct 0716,C 2: This constitutional measure would amend certain sections and repeal other sections of Article XII of the North Dakota Constitution,,,Yes,25
McHenry,Precinct 0716,Justice of the Supreme Court,,NON,Dale Sandstrom,32
McHenry,Precinct 0716,Public Service Commissioner,,DEM,Cheryl Bergian,17
McHenry,Precinct 0716,Public Service Commissioner,,REP,Tony Clark,18
McHenry,Precinct 0716,Secretary of State,,DEM,Kristin Hedger,18
McHenry,Precinct 0716,Secretary of State,,REP,Alvin A (Al) Jaeger,18
McHenry,Precinct 0716,State House Legislative,7,DEM,Arlo E Schmidt,15
McHenry,Precinct 0716,State House Legislative,7,DEM,Marie J Marshall,15
McHenry,Precinct 0716,State House Legislative,7,REP,Jon Nelson,15
McHenry,Precinct 0716,State House Legislative,7,REP,Tom Bodine,15
McHenry,Precinct 0716,State Senate Legislative District 7,,DEM,Ryan M Taylor,17
McHenry,Precinct 0716,State Senate Legislative District 7,,REP,Dick Anderson,17
McHenry,Precinct 0716,Tax Commissioner,,DEM,Brent Edison,18
McHenry,Precinct 0716,Tax Commissioner,,REP,Cory Fong,18
McHenry,Precinct 0716,U.S. House,1,DEM,Earl Pomeroy,18
McHenry,Precinct 0716,U.S. House,1,REP,Matt Mechtel,18
McHenry,Precinct 0716,U.S. Senate,,DEM,Kent Conrad,18
McHenry,Precinct 0716,U.S. Senate,,REP,Dwight Grotberg,17
McHenry,Precinct 0718,Agriculture Commissioner,,DEM,Roger Johnson,227
McHenry,Precinct 0718,Agriculture Commissioner,,REP,Doug Goehring,129
McHenry,Precinct 0718,Attorney General,,DEM,Bill Brudvik,201
McHenry,Precinct 0718,Attorney General,,REP,Wayne Stenehjem,135
McHenry,Precinct 0718,C 1: This constitutional measure would amend section 16 of Article XI of the North Dakota Constitution,,,No,91
McHenry,Precinct 0718,C 1: This constitutional measure would amend section 16 of Article XI of the North Dakota Constitution,,,Yes,248
McHenry,Precinct 0718,C 2: This constitutional measure would amend certain sections and repeal other sections of Article XII of the North Dakota Constitution,,,No,121
McHenry,Precinct 0718,C 2: This constitutional measure would amend certain sections and repeal other sections of Article XII of the North Dakota Constitution,,,Yes,213
McHenry,Precinct 0718,Justice of the Supreme Court,,NON,Dale Sandstrom,327
McHenry,Precinct 0718,Public Service Commissioner,,DEM,Cheryl Bergian,204
McHenry,Precinct 0718,Public Service Commissioner,,REP,Tony Clark,128
McHenry,Precinct 0718,Secretary of State,,DEM,Kristin Hedger,206
McHenry,Precinct 0718,Secretary of State,,REP,Alvin A (Al) Jaeger,136
McHenry,Precinct 0718,State House Legislative,7,DEM,Arlo E Schmidt,174
McHenry,Precinct 0718,State House Legislative,7,DEM,Marie J Marshall,175
McHenry,Precinct 0718,State House Legislative,7,REP,Jon Nelson,130
McHenry,Precinct 0718,State House Legislative,7,REP,Tom Bodine,100
McHenry,Precinct 0718,State Senate Legislative District 7,,DEM,Ryan M Taylor,235
McHenry,Precinct 0718,State Senate Legislative District 7,,REP,Dick Anderson,139
McHenry,Precinct 0718,Tax Commissioner,,DEM,Brent Edison,208
McHenry,Precinct 0718,Tax Commissioner,,REP,Cory Fong,126
McHenry,Precinct 0718,U.S. House,1,DEM,Earl Pomeroy,229
McHenry,Precinct 0718,U.S. House,1,REP,Matt Mechtel,129
McHenry,Precinct 0718,U.S. Senate,,DEM,Kent Conrad,236
McHenry,Precinct 0718,U.S. Senate,,REP,Dwight Grotberg,130
McHenry,Precinct 0727,Agriculture Commissioner,,DEM,Roger Johnson,27
McHenry,Precinct 0727,Agriculture Commissioner,,REP,Doug Goehring,21
McHenry,Precinct 0727,Attorney General,,DEM,Bill Brudvik,26
McHenry,Precinct 0727,Attorney General,,REP,Wayne Stenehjem,20
McHenry,Precinct 0727,C 1: This constitutional measure would amend section 16 of Article XI of the North Dakota Constitution,,,No,13
McHenry,Precinct 0727,C 1: This constitutional measure would amend section 16 of Article XI of the North Dakota Constitution,,,Yes,33
McHenry,Precinct 0727,C 2: This constitutional measure would amend certain sections and repeal other sections of Article XII of the North Dakota Constitution,,,No,8
McHenry,Precinct 0727,C 2: This constitutional measure would amend certain sections and repeal other sections of Article XII of the North Dakota Constitution,,,Yes,36
McHenry,Precinct 0727,Justice of the Supreme Court,,NON,Dale Sandstrom,37
McHenry,Precinct 0727,Public Service Commissioner,,DEM,Cheryl Bergian,27
McHenry,Precinct 0727,Public Service Commissioner,,REP,Tony Clark,19
McHenry,Precinct 0727,Secretary of State,,DEM,Kristin Hedger,27
McHenry,Precinct 0727,Secretary of State,,REP,Alvin A (Al) Jaeger,21
McHenry,Precinct 0727,State House Legislative,7,DEM,Arlo E Schmidt,25
McHenry,Precinct 0727,State House Legislative,7,DEM,Marie J Marshall,23
McHenry,Precinct 0727,State House Legislative,7,REP,Jon Nelson,16
McHenry,Precinct 0727,State House Legislative,7,REP,Tom Bodine,15
McHenry,Precinct 0727,State Senate Legislative District 7,,DEM,Ryan M Taylor,27
McHenry,Precinct 0727,State Senate Legislative District 7,,REP,Dick Anderson,19
McHenry,Precinct 0727,Tax Commissioner,,DEM,Brent Edison,27
McHenry,Precinct 0727,Tax Commissioner,,REP,Cory Fong,19
McHenry,Precinct 0727,U.S. House,1,DEM,Earl Pomeroy,28
McHenry,Precinct 0727,U.S. House,1,REP,Matt Mechtel,18
McHenry,Precinct 0727,U.S. Senate,,DEM,Kent Conrad,29
McHenry,Precinct 0727,U.S. Senate,,REP,Dwight Grotberg,19
McHenry,Precinct 0741,Agriculture Commissioner,,DEM,Roger Johnson,42
McHenry,Precinct 0741,Agriculture Commissioner,,REP,Doug Goehring,34
McHenry,Precinct 0741,Attorney General,,DEM,Bill Brudvik,38
McHenry,Precinct 0741,Attorney General,,REP,Wayne Stenehjem,32
McHenry,Precinct 0741,C 1: This constitutional measure would amend section 16 of Article XI of the North Dakota Constitution,,,No,20
McHenry,Precinct 0741,C 1: This constitutional measure would amend section 16 of Article XI of the North Dakota Constitution,,,Yes,48
McHenry,Precinct 0741,C 2: This constitutional measure would amend certain sections and repeal other sections of Article XII of the North Dakota Constitution,,,No,24
McHenry,Precinct 0741,C 2: This constitutional measure would amend certain sections and repeal other sections of Article XII of the North Dakota Constitution,,,Yes,44
McHenry,Precinct 0741,Justice of the Supreme Court,,NON,Dale Sandstrom,65
McHenry,Precinct 0741,Public Service Commissioner,,DEM,Cheryl Bergian,40
McHenry,Precinct 0741,Public Service Commissioner,,REP,Tony Clark,32
McHenry,Precinct 0741,Secretary of State,,DEM,Kristin Hedger,39
McHenry,Precinct 0741,Secretary of State,,REP,Alvin A (Al) Jaeger,32
McHenry,Precinct 0741,State House Legislative,7,DEM,Arlo E Schmidt,35
McHenry,Precinct 0741,State House Legislative,7,DEM,Marie J Marshall,33
McHenry,Precinct 0741,State House Legislative,7,REP,Jon Nelson,29
McHenry,Precinct 0741,State House Legislative,7,REP,Tom Bodine,26
McHenry,Precinct 0741,State Senate Legislative District 7,,DEM,Ryan M Taylor,43
McHenry,Precinct 0741,State Senate Legislative District 7,,REP,Dick Anderson,30
McHenry,Precinct 0741,Tax Commissioner,,DEM,Brent Edison,40
McHenry,Precinct 0741,Tax Commissioner,,REP,Cory Fong,32
McHenry,Precinct 0741,U.S. House,1,DEM,Earl Pomeroy,42
McHenry,Precinct 0741,U.S. House,1,REP,Matt Mechtel,32
McHenry,Precinct 0741,U.S. Senate,,DEM,Kent Conrad,44
McHenry,Precinct 0741,U.S. Senate,,REP,Dwight Grotberg,32
McHenry,Precinct 0747,Agriculture Commissioner,,DEM,Roger Johnson,136
McHenry,Precinct 0747,Agriculture Commissioner,,REP,Doug Goehring,105
McHenry,Precinct 0747,Attorney General,,DEM,Bill Brudvik,126
McHenry,Precinct 0747,Attorney General,,REP,Wayne Stenehjem,104
McHenry,Precinct 0747,C 1: This constitutional measure would amend section 16 of Article XI of the North Dakota Constitution,,,No,50
McHenry,Precinct 0747,C 1: This constitutional measure would amend section 16 of Article XI of the North Dakota Constitution,,,Yes,189
McHenry,Precinct 0747,C 2: This constitutional measure would amend certain sections and repeal other sections of Article XII of the North Dakota Constitution,,,No,62
McHenry,Precinct 0747,C 2: This constitutional measure would amend certain sections and repeal other sections of Article XII of the North Dakota Constitution,,,Yes,174
McHenry,Precinct 0747,Justice of the Supreme Court,,NON,Dale Sandstrom,197
McHenry,Precinct 0747,Public Service Commissioner,,DEM,Cheryl Bergian,129
McHenry,Precinct 0747,Public Service Commissioner,,REP,Tony Clark,101
McHenry,Precinct 0747,Secretary of State,,DEM,Kristin Hedger,129
McHenry,Precinct 0747,Secretary of State,,REP,Alvin A (Al) Jaeger,104
McHenry,Precinct 0747,State House Legislative,7,DEM,Arlo E Schmidt,129
McHenry,Precinct 0747,State House Legislative,7,DEM,Marie J Marshall,117
McHenry,Precinct 0747,State House Legislative,7,REP,Jon Nelson,94
McHenry,Precinct 0747,State House Legislative,7,REP,Tom Bodine,107
McHenry,Precinct 0747,State Senate Legislative District 7,,DEM,Ryan M Taylor,143
McHenry,Precinct 0747,State Senate Legislative District 7,,REP,Dick Anderson,104
McHenry,Precinct 0747,Tax Commissioner,,DEM,Brent Edison,126
McHenry,Precinct 0747,Tax Commissioner,,REP,Cory Fong,103
McHenry,Precinct 0747,U.S. House,1,DEM,Earl Pomeroy,139
McHenry,Precinct 0747,U.S. House,1,REP,Matt Mechtel,100
McHenry,Precinct 0747,U.S. Senate,,DEM,Kent Conrad,140
McHenry,Precinct 0747,U.S. Senate,,REP,Dwight Grotberg,102
McHenry,Precinct 0755,Agriculture Commissioner,,DEM,Roger Johnson,98
McHenry,Precinct 0755,Agriculture Commissioner,,REP,Doug Goehring,24
McHenry,Precinct 0755,Attorney General,,DEM,Bill Brudvik,95
McHenry,Precinct 0755,Attorney General,,REP,Wayne Stenehjem,26
McHenry,Precinct 0755,C 1: This constitutional measure would amend section 16 of Article XI of the North Dakota Constitution,,,No,42
McHenry,Precinct 0755,C 1: This constitutional measure would amend section 16 of Article XI of the North Dakota Constitution,,,Yes,74
McHenry,Precinct 0755,C 2: This constitutional measure would amend certain sections and repeal other sections of Article XII of the North Dakota Constitution,,,No,39
McHenry,Precinct 0755,C 2: This constitutional measure would amend certain sections and repeal other sections of Article XII of the North Dakota Constitution,,,Yes,76
McHenry,Precinct 0755,Justice of the Supreme Court,,NON,Dale Sandstrom,108
McHenry,Precinct 0755,Public Service Commissioner,,DEM,Cheryl Bergian,98
McHenry,Precinct 0755,Public Service Commissioner,,REP,Tony Clark,23
McHenry,Precinct 0755,Secretary of State,,DEM,Kristin Hedger,98
McHenry,Precinct 0755,Secretary of State,,REP,Alvin A (Al) Jaeger,22
McHenry,Precinct 0755,State House Legislative,7,DEM,Arlo E Schmidt,82
McHenry,Precinct 0755,State House Legislative,7,DEM,Marie J Marshall,78
McHenry,Precinct 0755,State House Legislative,7,REP,Jon Nelson,22
McHenry,Precinct 0755,State House Legislative,7,REP,Tom Bodine,21
McHenry,Precinct 0755,State Senate Legislative District 7,,DEM,Ryan M Taylor,100
McHenry,Precinct 0755,State Senate Legislative District 7,,REP,Dick Anderson,22
McHenry,Precinct 0755,Tax Commissioner,,DEM,Brent Edison,99
McHenry,Precinct 0755,Tax Commissioner,,REP,Cory Fong,25
McHenry,Precinct 0755,U.S. House,1,DEM,Earl Pomeroy,104
McHenry,Precinct 0755,U.S. House,1,REP,Matt Mechtel,21
McHenry,Precinct 0755,U.S. Senate,,DEM,Kent Conrad,105
McHenry,Precinct 0755,U.S. Senate,,REP,Dwight Grotberg,24
McHenry,Precinct 0758,Agriculture Commissioner,,DEM,Roger Johnson,57
McHenry,Precinct 0758,Agriculture Commissioner,,REP,Doug Goehring,24
McHenry,Precinct 0758,Attorney General,,DEM,Bill Brudvik,54
McHenry,Precinct 0758,Attorney General,,REP,Wayne Stenehjem,26
McHenry,Precinct 0758,C 1: This constitutional measure would amend section 16 of Article XI of the North Dakota Constitution,,,No,30
McHenry,Precinct 0758,C 1: This constitutional measure would amend section 16 of Article XI of the North Dakota Constitution,,,Yes,58
McHenry,Precinct 0758,C 2: This constitutional measure would amend certain sections and repeal other sections of Article XII of the North Dakota Constitution,,,No,36
McHenry,Precinct 0758,C 2: This constitutional measure would amend certain sections and repeal other sections of Article XII of the North Dakota Constitution,,,Yes,51
McHenry,Precinct 0758,Justice of the Supreme Court,,NON,Dale Sandstrom,83
McHenry,Precinct 0758,Public Service Commissioner,,DEM,Cheryl Bergian,56
McHenry,Precinct 0758,Public Service Commissioner,,REP,Tony Clark,24
McHenry,Precinct 0758,Secretary of State,,DEM,Kristin Hedger,56
McHenry,Precinct 0758,Secretary of State,,REP,Alvin A (Al) Jaeger,26
McHenry,Precinct 0758,State House Legislative,7,DEM,Arlo E Schmidt,34
McHenry,Precinct 0758,State House Legislative,7,DEM,Marie J Marshall,59
McHenry,Precinct 0758,State House Legislative,7,REP,Jon Nelson,21
McHenry,Precinct 0758,State House Legislative,7,REP,Tom Bodine,21
McHenry,Precinct 0758,State Senate Legislative District 7,,DEM,Ryan M Taylor,67
McHenry,Precinct 0758,State Senate Legislative District 7,,REP,Dick Anderson,22
McHenry,Precinct 0758,Tax Commissioner,,DEM,Brent Edison,56
McHenry,Precinct 0758,Tax Commissioner,,REP,Cory Fong,24
McHenry,Precinct 0758,U.S. House,1,DEM,Earl Pomeroy,69
McHenry,Precinct 0758,U.S. House,1,REP,Matt Mechtel,24
McHenry,Precinct 0758,U.S. Senate,,DEM,Kent Conrad,69
McHenry,Precinct 0758,U.S. Senate,,REP,Dwight Grotberg,21
McHenry,Precinct 0762,Agriculture Commissioner,,DEM,Roger Johnson,39
McHenry,Precinct 0762,Agriculture Commissioner,,REP,Doug Goehring,22
McHenry,Precinct 0762,Attorney General,,DEM,Bill Brudvik,33
McHenry,Precinct 0762,Attorney General,,REP,Wayne Stenehjem,22
McHenry,Precinct 0762,C 1: This constitutional measure would amend section 16 of Article XI of the North Dakota Constitution,,,No,30
McHenry,Precinct 0762,C 1: This constitutional measure would amend section 16 of Article XI of the North Dakota Constitution,,,Yes,33
McHenry,Precinct 0762,C 2: This constitutional measure would amend certain sections and repeal other sections of Article XII of the North Dakota Constitution,,,No,28
McHenry,Precinct 0762,C 2: This constitutional measure would amend certain sections and repeal other sections of Article XII of the North Dakota Constitution,,,Yes,34
McHenry,Precinct 0762,Justice of the Supreme Court,,NON,Dale Sandstrom,53
McHenry,Precinct 0762,Public Service Commissioner,,DEM,Cheryl Bergian,33
McHenry,Precinct 0762,Public Service Commissioner,,REP,Tony Clark,20
McHenry,Precinct 0762,Secretary of State,,DEM,Kristin Hedger,31
McHenry,Precinct 0762,Secretary of State,,REP,Alvin A (Al) Jaeger,21
McHenry,Precinct 0762,State House Legislative,7,DEM,Arlo E Schmidt,33
McHenry,Precinct 0762,State House Legislative,7,DEM,Marie J Marshall,21
McHenry,Precinct 0762,State House Legislative,7,REP,Jon Nelson,17
McHenry,Precinct 0762,State House Legislative,7,REP,Tom Bodine,20
McHenry,Precinct 0762,State Senate Legislative District 7,,DEM,Ryan M Taylor,38
McHenry,Precinct 0762,State Senate Legislative District 7,,REP,Dick Anderson,21
McHenry,Precinct 0762,Tax Commissioner,,DEM,Brent Edison,36
McHenry,Precinct 0762,Tax Commissioner,,REP,Cory Fong,22
McHenry,Precinct 0762,U.S. House,1,DEM,Earl Pomeroy,41
McHenry,Precinct 0762,U.S. House,1,REP,Matt Mechtel,23
McHenry,Precinct 0762,U.S. Senate,,DEM,Kent Conrad,41
McHenry,Precinct 0762,U.S. Senate,,REP,Dwight Grotberg,22
McIntosh,Precinct 2801,Agriculture Commissioner,,DEM,Roger Johnson,130
McIntosh,Precinct 2801,Agriculture Commissioner,,REP,Doug Goehring,120
McIntosh,Precinct 2801,Attorney General,,DEM,Bill Brudvik,113
McIntosh,Precinct 2801,Attorney General,,REP,Wayne Stenehjem,124
McIntosh,Precinct 2801,C 1: This constitutional measure would amend section 16 of Article XI of the North Dakota Constitution,,,No,76
McIntosh,Precinct 2801,C 1: This constitutional measure would amend section 16 of Article XI of the North Dakota Constitution,,,Yes,187
McIntosh,Precinct 2801,C 2: This constitutional measure would amend certain sections and repeal other sections of Article XII of the North Dakota Constitution,,,No,94
McIntosh,Precinct 2801,C 2: This constitutional measure would amend certain sections and repeal other sections of Article XII of the North Dakota Constitution,,,Yes,163
McIntosh,Precinct 2801,Justice of the Supreme Court,,NON,Dale Sandstrom,258
McIntosh,Precinct 2801,Public Service Commissioner,,DEM,Cheryl Bergian,117
McIntosh,Precinct 2801,Public Service Commissioner,,REP,Tony Clark,123
McIntosh,Precinct 2801,Secretary of State,,DEM,Kristin Hedger,118
McIntosh,Precinct 2801,Secretary of State,,REP,Alvin A (Al) Jaeger,122
McIntosh,Precinct 2801,Tax Commissioner,,DEM,Brent Edison,123
McIntosh,Precinct 2801,Tax Commissioner,,REP,Cory Fong,122
McIntosh,Precinct 2801,U.S. House,1,DEM,Earl Pomeroy,135
McIntosh,Precinct 2801,U.S. House,1,REP,Matt Mechtel,120
McIntosh,Precinct 2801,U.S. Senate,,DEM,Kent Conrad,137
McIntosh,Precinct 2801,U.S. Senate,,REP,Dwight Grotberg,119
McIntosh,Precinct 2802,Agriculture Commissioner,,DEM,Roger Johnson,80
McIntosh,Precinct 2802,Agriculture Commissioner,,REP,Doug Goehring,63
McIntosh,Precinct 2802,Attorney General,,DEM,Bill Brudvik,72
McIntosh,Precinct 2802,Attorney General,,REP,Wayne Stenehjem,61
McIntosh,Precinct 2802,C 1: This constitutional measure would amend section 16 of Article XI of the North Dakota Constitution,,,No,45
McIntosh,Precinct 2802,C 1: This constitutional measure would amend section 16 of Article XI of the North Dakota Constitution,,,Yes,98
McIntosh,Precinct 2802,C 2: This constitutional measure would amend certain sections and repeal other sections of Article XII of the North Dakota Constitution,,,No,51
McIntosh,Precinct 2802,C 2: This constitutional measure would amend certain sections and repeal other sections of Article XII of the North Dakota Constitution,,,Yes,90
McIntosh,Precinct 2802,Justice of the Supreme Court,,NON,Dale Sandstrom,131
McIntosh,Precinct 2802,Public Service Commissioner,,DEM,Cheryl Bergian,76
McIntosh,Precinct 2802,Public Service Commissioner,,REP,Tony Clark,62
McIntosh,Precinct 2802,Secretary of State,,DEM,Kristin Hedger,75
McIntosh,Precinct 2802,Secretary of State,,REP,Alvin A (Al) Jaeger,63
McIntosh,Precinct 2802,Tax Commissioner,,DEM,Brent Edison,74
McIntosh,Precinct 2802,Tax Commissioner,,REP,Cory Fong,62
McIntosh,Precinct 2802,U.S. House,1,DEM,Earl Pomeroy,82
McIntosh,Precinct 2802,U.S. House,1,REP,Matt Mechtel,60
McIntosh,Precinct 2802,U.S. Senate,,DEM,Kent Conrad,84
McIntosh,Precinct 2802,U.S. Senate,,REP,Dwight Grotberg,62
McIntosh,Precinct 2803,Agriculture Commissioner,,DEM,Roger Johnson,25
McIntosh,Precinct 2803,Agriculture Commissioner,,REP,Doug Goehring,14
McIntosh,Precinct 2803,Attorney General,,DEM,Bill Brudvik,23
McIntosh,Precinct 2803,Attorney General,,REP,Wayne Stenehjem,14
McIntosh,Precinct 2803,C 1: This constitutional measure would amend section 16 of Article XI of the North Dakota Constitution,,,No,9
McIntosh,Precinct 2803,C 1: This constitutional measure would amend section 16 of Article XI of the North Dakota Constitution,,,Yes,27
McIntosh,Precinct 2803,C 2: This constitutional measure would amend certain sections and repeal other sections of Article XII of the North Dakota Constitution,,,No,15
McIntosh,Precinct 2803,C 2: This constitutional measure would amend certain sections and repeal other sections of Article XII of the North Dakota Constitution,,,Yes,21
McIntosh,Precinct 2803,Justice of the Supreme Court,,NON,Dale Sandstrom,35
McIntosh,Precinct 2803,Public Service Commissioner,,DEM,Cheryl Bergian,24
McIntosh,Precinct 2803,Public Service Commissioner,,REP,Tony Clark,13
McIntosh,Precinct 2803,Secretary of State,,DEM,Kristin Hedger,23
McIntosh,Precinct 2803,Secretary of State,,REP,Alvin A (Al) Jaeger,13
McIntosh,Precinct 2803,Tax Commissioner,,DEM,Brent Edison,24
McIntosh,Precinct 2803,Tax Commissioner,,REP,Cory Fong,12
McIntosh,Precinct 2803,U.S. House,1,DEM,Earl Pomeroy,25
McIntosh,Precinct 2803,U.S. House,1,REP,Matt Mechtel,12
McIntosh,Precinct 2803,U.S. Senate,,DEM,Kent Conrad,26
McIntosh,Precinct 2803,U.S. Senate,,REP,Dwight Grotberg,13
McIntosh,Precinct 2804,Agriculture Commissioner,,DEM,Roger Johnson,77
McIntosh,Precinct 2804,Agriculture Commissioner,,REP,Doug Goehring,103
McIntosh,Precinct 2804,Attorney General,,DEM,Bill Brudvik,76
McIntosh,Precinct 2804,Attorney General,,REP,Wayne Stenehjem,110
McIntosh,Precinct 2804,C 1: This constitutional measure would amend section 16 of Article XI of the North Dakota Constitution,,,No,56
McIntosh,Precinct 2804,C 1: This constitutional measure would amend section 16 of Article XI of the North Dakota Constitution,,,Yes,151
McIntosh,Precinct 2804,C 2: This constitutional measure would amend certain sections and repeal other sections of Article XII of the North Dakota Constitution,,,No,62
McIntosh,Precinct 2804,C 2: This constitutional measure would amend certain sections and repeal other sections of Article XII of the North Dakota Constitution,,,Yes,144
McIntosh,Precinct 2804,Justice of the Supreme Court,,NON,Dale Sandstrom,205
McIntosh,Precinct 2804,Public Service Commissioner,,DEM,Cheryl Bergian,75
McIntosh,Precinct 2804,Public Service Commissioner,,REP,Tony Clark,105
McIntosh,Precinct 2804,Secretary of State,,DEM,Kristin Hedger,72
McIntosh,Precinct 2804,Secretary of State,,REP,Alvin A (Al) Jaeger,107
McIntosh,Precinct 2804,Tax Commissioner,,DEM,Brent Edison,75
McIntosh,Precinct 2804,Tax Commissioner,,REP,Cory Fong,105
McIntosh,Precinct 2804,U.S. House,1,DEM,Earl Pomeroy,79
McIntosh,Precinct 2804,U.S. House,1,REP,Matt Mechtel,105
McIntosh,Precinct 2804,U.S. Senate,,DEM,Kent Conrad,81
McIntosh,Precinct 2804,U.S. Senate,,REP,Dwight Grotberg,106
McIntosh,Precinct 2805,Agriculture Commissioner,,DEM,Roger Johnson,19
McIntosh,Precinct 2805,Agriculture Commissioner,,REP,Doug Goehring,33
McIntosh,Precinct 2805,Attorney General,,DEM,Bill Brudvik,15
McIntosh,Precinct 2805,Attorney General,,REP,Wayne Stenehjem,32
McIntosh,Precinct 2805,C 1: This constitutional measure would amend section 16 of Article XI of the North Dakota Constitution,,,No,17
McIntosh,Precinct 2805,C 1: This constitutional measure would amend section 16 of Article XI of the North Dakota Constitution,,,Yes,36
McIntosh,Precinct 2805,C 2: This constitutional measure would amend certain sections and repeal other sections of Article XII of the North Dakota Constitution,,,No,21
McIntosh,Precinct 2805,C 2: This constitutional measure would amend certain sections and repeal other sections of Article XII of the North Dakota Constitution,,,Yes,32
McIntosh,Precinct 2805,Justice of the Supreme Court,,NON,Dale Sandstrom,53
McIntosh,Precinct 2805,Public Service Commissioner,,DEM,Cheryl Bergian,16
McIntosh,Precinct 2805,Public Service Commissioner,,REP,Tony Clark,31
McIntosh,Precinct 2805,Secretary of State,,DEM,Kristin Hedger,16
McIntosh,Precinct 2805,Secretary of State,,REP,Alvin A (Al) Jaeger,33
McIntosh,Precinct 2805,Tax Commissioner,,DEM,Brent Edison,16
McIntosh,Precinct 2805,Tax Commissioner,,REP,Cory Fong,32
McIntosh,Precinct 2805,U.S. House,1,DEM,Earl Pomeroy,17
McIntosh,Precinct 2805,U.S. House,1,REP,Matt Mechtel,33
McIntosh,Precinct 2805,U.S. Senate,,DEM,Kent Conrad,19
McIntosh,Precinct 2805,U.S. Senate,,REP,Dwight Grotberg,32
McIntosh,Precinct 2806,Agriculture Commissioner,,DEM,Roger Johnson,43
McIntosh,Precinct 2806,Agriculture Commissioner,,REP,Doug Goehring,55
McIntosh,Precinct 2806,Attorney General,,DEM,Bill Brudvik,39
McIntosh,Precinct 2806,Attorney General,,REP,Wayne Stenehjem,58
McIntosh,Precinct 2806,C 1: This constitutional measure would amend section 16 of Article XI of the North Dakota Constitution,,,No,40
McIntosh,Precinct 2806,C 1: This constitutional measure would amend section 16 of Article XI of the North Dakota Constitution,,,Yes,54
McIntosh,Precinct 2806,C 2: This constitutional measure would amend certain sections and repeal other sections of Article XII of the North Dakota Constitution,,,No,42
McIntosh,Precinct 2806,C 2: This constitutional measure would amend certain sections and repeal other sections of Article XII of the North Dakota Constitution,,,Yes,49
McIntosh,Precinct 2806,Justice of the Supreme Court,,NON,Dale Sandstrom,82
McIntosh,Precinct 2806,Public Service Commissioner,,DEM,Cheryl Bergian,39
McIntosh,Precinct 2806,Public Service Commissioner,,REP,Tony Clark,54
McIntosh,Precinct 2806,Secretary of State,,DEM,Kristin Hedger,39
McIntosh,Precinct 2806,Secretary of State,,REP,Alvin A (Al) Jaeger,55
McIntosh,Precinct 2806,Tax Commissioner,,DEM,Brent Edison,40
McIntosh,Precinct 2806,Tax Commissioner,,REP,Cory Fong,53
McIntosh,Precinct 2806,U.S. House,1,DEM,Earl Pomeroy,42
McIntosh,Precinct 2806,U.S. House,1,REP,Matt Mechtel,58
McIntosh,Precinct 2806,U.S. Senate,,DEM,Kent Conrad,43
McIntosh,Precinct 2806,U.S. Senate,,REP,Dwight Grotberg,57
McKenzie,Precinct 0401,Agriculture Commissioner,,DEM,Roger Johnson,15
McKenzie,Precinct 0401,Agriculture Commissioner,,REP,Doug Goehring,2
McKenzie,Precinct 0401,Attorney General,,DEM,Bill Brudvik,14
McKenzie,Precinct 0401,Attorney General,,REP,Wayne Stenehjem,2
McKenzie,Precinct 0401,C 1: This constitutional measure would amend section 16 of Article XI of the North Dakota Constitution,,,No,12
McKenzie,Precinct 0401,C 1: This constitutional measure would amend section 16 of Article XI of the North Dakota Constitution,,,Yes,8
McKenzie,Precinct 0401,C 2: This constitutional measure would amend certain sections and repeal other sections of Article XII of the North Dakota Constitution,,,No,8
McKenzie,Precinct 0401,C 2: This constitutional measure would amend certain sections and repeal other sections of Article XII of the North Dakota Constitution,,,Yes,12
McKenzie,Precinct 0401,Justice of the Supreme Court,,NON,Dale Sandstrom,13
McKenzie,Precinct 0401,Public Service Commissioner,,DEM,Cheryl Bergian,16
McKenzie,Precinct 0401,Public Service Commissioner,,REP,Tony Clark,2
McKenzie,Precinct 0401,Secretary of State,,DEM,Kristin Hedger,15
McKenzie,Precinct 0401,Secretary of State,,REP,Alvin A (Al) Jaeger,2
McKenzie,Precinct 0401,Tax Commissioner,,DEM,Brent Edison,15
McKenzie,Precinct 0401,Tax Commissioner,,REP,Cory Fong,2
McKenzie,Precinct 0401,U.S. House,1,DEM,Earl Pomeroy,17
McKenzie,Precinct 0401,U.S. House,1,REP,Matt Mechtel,2
McKenzie,Precinct 0401,U.S. Senate,,DEM,Kent Conrad,18
McKenzie,Precinct 0401,U.S. Senate,,REP,Dwight Grotberg,2
McKenzie,Precinct 0402,Agriculture Commissioner,,DEM,Roger Johnson,22
McKenzie,Precinct 0402,Agriculture Commissioner,,REP,Doug Goehring,1
McKenzie,Precinct 0402,Attorney General,,DEM,Bill Brudvik,22
McKenzie,Precinct 0402,Attorney General,,REP,Wayne Stenehjem,1
McKenzie,Precinct 0402,C 1: This constitutional measure would amend section 16 of Article XI of the North Dakota Constitution,,,No,12
McKenzie,Precinct 0402,C 1: This constitutional measure would amend section 16 of Article XI of the North Dakota Constitution,,,Yes,11
McKenzie,Precinct 0402,C 2: This constitutional measure would amend certain sections and repeal other sections of Article XII of the North Dakota Constitution,,,No,6
McKenzie,Precinct 0402,C 2: This constitutional measure would amend certain sections and repeal other sections of Article XII of the North Dakota Constitution,,,Yes,17
McKenzie,Precinct 0402,Justice of the Supreme Court,,NON,Dale Sandstrom,20
McKenzie,Precinct 0402,Public Service Commissioner,,DEM,Cheryl Bergian,22
McKenzie,Precinct 0402,Public Service Commissioner,,REP,Tony Clark,1
McKenzie,Precinct 0402,Secretary of State,,DEM,Kristin Hedger,23
McKenzie,Precinct 0402,Secretary of State,,REP,Alvin A (Al) Jaeger,1
McKenzie,Precinct 0402,Tax Commissioner,,DEM,Brent Edison,22
McKenzie,Precinct 0402,Tax Commissioner,,REP,Cory Fong,1
McKenzie,Precinct 0402,U.S. House,1,DEM,Earl Pomeroy,24
McKenzie,Precinct 0402,U.S. House,1,REP,Matt Mechtel,1
McKenzie,Precinct 0402,U.S. Senate,,DEM,Kent Conrad,25
McKenzie,Precinct 0402,U.S. Senate,,REP,Dwight Grotberg,1
McKenzie,Precinct 3902,Agriculture Commissioner,,DEM,Roger Johnson,19
McKenzie,Precinct 3902,Agriculture Commissioner,,REP,Doug Goehring,16
McKenzie,Precinct 3902,Attorney General,,DEM,Bill Brudvik,14
McKenzie,Precinct 3902,Attorney General,,REP,Wayne Stenehjem,16
McKenzie,Precinct 3902,C 1: This constitutional measure would amend section 16 of Article XI of the North Dakota Constitution,,,No,5
McKenzie,Precinct 3902,C 1: This constitutional measure would amend section 16 of Article XI of the North Dakota Constitution,,,Yes,34
McKenzie,Precinct 3902,C 2: This constitutional measure would amend certain sections and repeal other sections of Article XII of the North Dakota Constitution,,,No,9
McKenzie,Precinct 3902,C 2: This constitutional measure would amend certain sections and repeal other sections of Article XII of the North Dakota Constitution,,,Yes,29
McKenzie,Precinct 3902,Justice of the Supreme Court,,NON,Dale Sandstrom,28
McKenzie,Precinct 3902,Public Service Commissioner,,DEM,Cheryl Bergian,16
McKenzie,Precinct 3902,Public Service Commissioner,,REP,Tony Clark,16
McKenzie,Precinct 3902,Secretary of State,,DEM,Kristin Hedger,18
McKenzie,Precinct 3902,Secretary of State,,REP,Alvin A (Al) Jaeger,18
McKenzie,Precinct 3902,State House Legislative,39,REP,"David ""Skip"" Drovdal",17
McKenzie,Precinct 3902,State House Legislative,39,REP,Keith Kempenich,12
McKenzie,Precinct 3902,State Senate Legislative District 39,,REP,Bill L Bowman,18
McKenzie,Precinct 3902,Tax Commissioner,,DEM,Brent Edison,17
McKenzie,Precinct 3902,Tax Commissioner,,REP,Cory Fong,18
McKenzie,Precinct 3902,U.S. House,1,DEM,Earl Pomeroy,21
McKenzie,Precinct 3902,U.S. House,1,REP,Matt Mechtel,17
McKenzie,Precinct 3902,U.S. Senate,,DEM,Kent Conrad,20
McKenzie,Precinct 3902,U.S. Senate,,REP,Dwight Grotberg,16
McKenzie,Precinct 3903,Agriculture Commissioner,,DEM,Roger Johnson,14
McKenzie,Precinct 3903,Agriculture Commissioner,,REP,Doug Goehring,25
McKenzie,Precinct 3903,Attorney General,,DEM,Bill Brudvik,15
McKenzie,Precinct 3903,Attorney General,,REP,Wayne Stenehjem,22
McKenzie,Precinct 3903,C 1: This constitutional measure would amend section 16 of Article XI of the North Dakota Constitution,,,No,12
McKenzie,Precinct 3903,C 1: This constitutional measure would amend section 16 of Article XI of the North Dakota Constitution,,,Yes,25
McKenzie,Precinct 3903,C 2: This constitutional measure would amend certain sections and repeal other sections of Article XII of the North Dakota Constitution,,,No,14
McKenzie,Precinct 3903,C 2: This constitutional measure would amend certain sections and repeal other sections of Article XII of the North Dakota Constitution,,,Yes,22
McKenzie,Precinct 3903,Justice of the Supreme Court,,NON,Dale Sandstrom,31
McKenzie,Precinct 3903,Public Service Commissioner,,DEM,Cheryl Bergian,15
McKenzie,Precinct 3903,Public Service Commissioner,,REP,Tony Clark,21
McKenzie,Precinct 3903,Secretary of State,,DEM,Kristin Hedger,15
McKenzie,Precinct 3903,Secretary of State,,REP,Alvin A (Al) Jaeger,22
McKenzie,Precinct 3903,State House Legislative,39,REP,"David ""Skip"" Drovdal",23
McKenzie,Precinct 3903,State House Legislative,39,REP,Keith Kempenich,19
McKenzie,Precinct 3903,State Senate Legislative District 39,,REP,Bill L Bowman,24
McKenzie,Precinct 3903,Tax Commissioner,,DEM,Brent Edison,15
McKenzie,Precinct 3903,Tax Commissioner,,REP,Cory Fong,22
McKenzie,Precinct 3903,U.S. House,1,DEM,Earl Pomeroy,15
McKenzie,Precinct 3903,U.S. House,1,REP,Matt Mechtel,23
McKenzie,Precinct 3903,U.S. Senate,,DEM,Kent Conrad,15
McKenzie,Precinct 3903,U.S. Senate,,REP,Dwight Grotberg,23
McKenzie,Precinct 3904,Agriculture Commissioner,,DEM,Roger Johnson,26
McKenzie,Precinct 3904,Agriculture Commissioner,,REP,Doug Goehring,21
McKenzie,Precinct 3904,Attorney General,,DEM,Bill Brudvik,24
McKenzie,Precinct 3904,Attorney General,,REP,Wayne Stenehjem,21
McKenzie,Precinct 3904,C 1: This constitutional measure would amend section 16 of Article XI of the North Dakota Constitution,,,No,17
McKenzie,Precinct 3904,C 1: This constitutional measure would amend section 16 of Article XI of the North Dakota Constitution,,,Yes,25
McKenzie,Precinct 3904,C 2: This constitutional measure would amend certain sections and repeal other sections of Article XII of the North Dakota Constitution,,,No,16
McKenzie,Precinct 3904,C 2: This constitutional measure would amend certain sections and repeal other sections of Article XII of the North Dakota Constitution,,,Yes,26
McKenzie,Precinct 3904,Justice of the Supreme Court,,NON,Dale Sandstrom,26
McKenzie,Precinct 3904,Public Service Commissioner,,DEM,Cheryl Bergian,23
McKenzie,Precinct 3904,Public Service Commissioner,,REP,Tony Clark,21
McKenzie,Precinct 3904,Secretary of State,,DEM,Kristin Hedger,23
McKenzie,Precinct 3904,Secretary of State,,REP,Alvin A (Al) Jaeger,22
McKenzie,Precinct 3904,State House Legislative,39,REP,"David ""Skip"" Drovdal",19
McKenzie,Precinct 3904,State House Legislative,39,REP,Keith Kempenich,18
McKenzie,Precinct 3904,State Senate Legislative District 39,,REP,Bill L Bowman,22
McKenzie,Precinct 3904,Tax Commissioner,,DEM,Brent Edison,23
McKenzie,Precinct 3904,Tax Commissioner,,REP,Cory Fong,21
McKenzie,Precinct 3904,U.S. House,1,DEM,Earl Pomeroy,29
McKenzie,Precinct 3904,U.S. House,1,REP,Matt Mechtel,21
McKenzie,Precinct 3904,U.S. Senate,,DEM,Kent Conrad,29
McKenzie,Precinct 3904,U.S. Senate,,REP,Dwight Grotberg,21
McKenzie,Precinct 3905,Agriculture Commissioner,,DEM,Roger Johnson,27
McKenzie,Precinct 3905,Agriculture Commissioner,,REP,Doug Goehring,43
McKenzie,Precinct 3905,Attorney General,,DEM,Bill Brudvik,24
McKenzie,Precinct 3905,Attorney General,,REP,Wayne Stenehjem,43
McKenzie,Precinct 3905,C 1: This constitutional measure would amend section 16 of Article XI of the North Dakota Constitution,,,No,8
McKenzie,Precinct 3905,C 1: This constitutional measure would amend section 16 of Article XI of the North Dakota Constitution,,,Yes,61
McKenzie,Precinct 3905,C 2: This constitutional measure would amend certain sections and repeal other sections of Article XII of the North Dakota Constitution,,,No,12
McKenzie,Precinct 3905,C 2: This constitutional measure would amend certain sections and repeal other sections of Article XII of the North Dakota Constitution,,,Yes,55
McKenzie,Precinct 3905,Justice of the Supreme Court,,NON,Dale Sandstrom,60
McKenzie,Precinct 3905,Public Service Commissioner,,DEM,Cheryl Bergian,24
McKenzie,Precinct 3905,Public Service Commissioner,,REP,Tony Clark,42
McKenzie,Precinct 3905,Secretary of State,,DEM,Kristin Hedger,24
McKenzie,Precinct 3905,Secretary of State,,REP,Alvin A (Al) Jaeger,43
McKenzie,Precinct 3905,State House Legislative,39,REP,"David ""Skip"" Drovdal",43
McKenzie,Precinct 3905,State House Legislative,39,REP,Keith Kempenich,41
McKenzie,Precinct 3905,State Senate Legislative District 39,,REP,Bill L Bowman,44
McKenzie,Precinct 3905,Tax Commissioner,,DEM,Brent Edison,26
McKenzie,Precinct 3905,Tax Commissioner,,REP,Cory Fong,43
McKenzie,Precinct 3905,U.S. House,1,DEM,Earl Pomeroy,28
McKenzie,Precinct 3905,U.S. House,1,REP,Matt Mechtel,41
McKenzie,Precinct 3905,U.S. Senate,,DEM,Kent Conrad,29
McKenzie,Precinct 3905,U.S. Senate,,REP,Dwight Grotberg,40
McKenzie,Precinct 3906,Agriculture Commissioner,,DEM,Roger Johnson,6
McKenzie,Precinct 3906,Agriculture Commissioner,,REP,Doug Goehring,7
McKenzie,Precinct 3906,Attorney General,,DEM,Bill Brudvik,4
McKenzie,Precinct 3906,Attorney General,,REP,Wayne Stenehjem,7
McKenzie,Precinct 3906,C 1: This constitutional measure would amend section 16 of Article XI of the North Dakota Constitution,,,No,4
McKenzie,Precinct 3906,C 1: This constitutional measure would amend section 16 of Article XI of the North Dakota Constitution,,,Yes,8
McKenzie,Precinct 3906,C 2: This constitutional measure would amend certain sections and repeal other sections of Article XII of the North Dakota Constitution,,,No,2
McKenzie,Precinct 3906,C 2: This constitutional measure would amend certain sections and repeal other sections of Article XII of the North Dakota Constitution,,,Yes,8
McKenzie,Precinct 3906,Justice of the Supreme Court,,NON,Dale Sandstrom,12
McKenzie,Precinct 3906,Public Service Commissioner,,DEM,Cheryl Bergian,5
McKenzie,Precinct 3906,Public Service Commissioner,,REP,Tony Clark,7
McKenzie,Precinct 3906,Secretary of State,,DEM,Kristin Hedger,5
McKenzie,Precinct 3906,Secretary of State,,REP,Alvin A (Al) Jaeger,7
McKenzie,Precinct 3906,State House Legislative,39,REP,"David ""Skip"" Drovdal",7
McKenzie,Precinct 3906,State House Legislative,39,REP,Keith Kempenich,7
McKenzie,Precinct 3906,State Senate Legislative District 39,,REP,Bill L Bowman,8
McKenzie,Precinct 3906,Tax Commissioner,,DEM,Brent Edison,4
McKenzie,Precinct 3906,Tax Commissioner,,REP,Cory Fong,7
McKenzie,Precinct 3906,U.S. House,1,DEM,Earl Pomeroy,5
McKenzie,Precinct 3906,U.S. House,1,REP,Matt Mechtel,7
McKenzie,Precinct 3906,U.S. Senate,,DEM,Kent Conrad,6
McKenzie,Precinct 3906,U.S. Senate,,REP,Dwight Grotberg,7
McKenzie,Precinct 3908,Agriculture Commissioner,,DEM,Roger Johnson,9
McKenzie,Precinct 3908,Agriculture Commissioner,,REP,Doug Goehring,30
McKenzie,Precinct 3908,Attorney General,,DEM,Bill Brudvik,7
McKenzie,Precinct 3908,Attorney General,,REP,Wayne Stenehjem,32
McKenzie,Precinct 3908,C 1: This constitutional measure would amend section 16 of Article XI of the North Dakota Constitution,,,No,13
McKenzie,Precinct 3908,C 1: This constitutional measure would amend section 16 of Article XI of the North Dakota Constitution,,,Yes,23
McKenzie,Precinct 3908,C 2: This constitutional measure would amend certain sections and repeal other sections of Article XII of the North Dakota Constitution,,,No,15
McKenzie,Precinct 3908,C 2: This constitutional measure would amend certain sections and repeal other sections of Article XII of the North Dakota Constitution,,,Yes,18
McKenzie,Precinct 3908,Justice of the Supreme Court,,NON,Dale Sandstrom,36
McKenzie,Precinct 3908,Public Service Commissioner,,DEM,Cheryl Bergian,8
McKenzie,Precinct 3908,Public Service Commissioner,,REP,Tony Clark,29
McKenzie,Precinct 3908,Secretary of State,,DEM,Kristin Hedger,6
McKenzie,Precinct 3908,Secretary of State,,REP,Alvin A (Al) Jaeger,31
McKenzie,Precinct 3908,State House Legislative,39,REP,"David ""Skip"" Drovdal",27
McKenzie,Precinct 3908,State House Legislative,39,REP,Keith Kempenich,28
McKenzie,Precinct 3908,State Senate Legislative District 39,,REP,Bill L Bowman,33
McKenzie,Precinct 3908,Tax Commissioner,,DEM,Brent Edison,7
McKenzie,Precinct 3908,Tax Commissioner,,REP,Cory Fong,29
McKenzie,Precinct 3908,U.S. House,1,DEM,Earl Pomeroy,8
McKenzie,Precinct 3908,U.S. House,1,REP,Matt Mechtel,29
McKenzie,Precinct 3908,U.S. Senate,,DEM,Kent Conrad,9
McKenzie,Precinct 3908,U.S. Senate,,REP,Dwight Grotberg,30
McKenzie,Precinct 3909,Agriculture Commissioner,,DEM,Roger Johnson,32
McKenzie,Precinct 3909,Agriculture Commissioner,,REP,Doug Goehring,43
McKenzie,Precinct 3909,Attorney General,,DEM,Bill Brudvik,27
McKenzie,Precinct 3909,Attorney General,,REP,Wayne Stenehjem,43
McKenzie,Precinct 3909,C 1: This constitutional measure would amend section 16 of Article XI of the North Dakota Constitution,,,No,17
McKenzie,Precinct 3909,C 1: This constitutional measure would amend section 16 of Article XI of the North Dakota Constitution,,,Yes,57
McKenzie,Precinct 3909,C 2: This constitutional measure would amend certain sections and repeal other sections of Article XII of the North Dakota Constitution,,,No,20
McKenzie,Precinct 3909,C 2: This constitutional measure would amend certain sections and repeal other sections of Article XII of the North Dakota Constitution,,,Yes,52
McKenzie,Precinct 3909,Justice of the Supreme Court,,NON,Dale Sandstrom,65
McKenzie,Precinct 3909,Public Service Commissioner,,DEM,Cheryl Bergian,29
McKenzie,Precinct 3909,Public Service Commissioner,,REP,Tony Clark,43
McKenzie,Precinct 3909,Secretary of State,,DEM,Kristin Hedger,26
McKenzie,Precinct 3909,Secretary of State,,REP,Alvin A (Al) Jaeger,43
McKenzie,Precinct 3909,State House Legislative,39,REP,"David ""Skip"" Drovdal",39
McKenzie,Precinct 3909,State House Legislative,39,REP,Keith Kempenich,36
McKenzie,Precinct 3909,State Senate Legislative District 39,,REP,Bill L Bowman,43
McKenzie,Precinct 3909,Tax Commissioner,,DEM,Brent Edison,29
McKenzie,Precinct 3909,Tax Commissioner,,REP,Cory Fong,45
McKenzie,Precinct 3909,U.S. House,1,DEM,Earl Pomeroy,34
McKenzie,Precinct 3909,U.S. House,1,REP,Matt Mechtel,43
McKenzie,Precinct 3909,U.S. Senate,,DEM,Kent Conrad,33
McKenzie,Precinct 3909,U.S. Senate,,REP,Dwight Grotberg,43
McKenzie,Precinct 3910,Agriculture Commissioner,,DEM,Roger Johnson,45
McKenzie,Precinct 3910,Agriculture Commissioner,,REP,Doug Goehring,60
McKenzie,Precinct 3910,Attorney General,,DEM,Bill Brudvik,27
McKenzie,Precinct 3910,Attorney General,,REP,Wayne Stenehjem,59
McKenzie,Precinct 3910,C 1: This constitutional measure would amend section 16 of Article XI of the North Dakota Constitution,,,No,20
McKenzie,Precinct 3910,C 1: This constitutional measure would amend section 16 of Article XI of the North Dakota Constitution,,,Yes,84
McKenzie,Precinct 3910,C 2: This constitutional measure would amend certain sections and repeal other sections of Article XII of the North Dakota Constitution,,,No,32
McKenzie,Precinct 3910,C 2: This constitutional measure would amend certain sections and repeal other sections of Article XII of the North Dakota Constitution,,,Yes,67
McKenzie,Precinct 3910,Justice of the Supreme Court,,NON,Dale Sandstrom,82
McKenzie,Precinct 3910,Public Service Commissioner,,DEM,Cheryl Bergian,27
McKenzie,Precinct 3910,Public Service Commissioner,,REP,Tony Clark,56
McKenzie,Precinct 3910,Secretary of State,,DEM,Kristin Hedger,31
McKenzie,Precinct 3910,Secretary of State,,REP,Alvin A (Al) Jaeger,58
McKenzie,Precinct 3910,State House Legislative,39,REP,"David ""Skip"" Drovdal",56
McKenzie,Precinct 3910,State House Legislative,39,REP,Keith Kempenich,54
McKenzie,Precinct 3910,State Senate Legislative District 39,,REP,Bill L Bowman,59
McKenzie,Precinct 3910,Tax Commissioner,,DEM,Brent Edison,28
McKenzie,Precinct 3910,Tax Commissioner,,REP,Cory Fong,57
McKenzie,Precinct 3910,U.S. House,1,DEM,Earl Pomeroy,46
McKenzie,Precinct 3910,U.S. House,1,REP,Matt Mechtel,57
McKenzie,Precinct 3910,U.S. Senate,,DEM,Kent Conrad,47
McKenzie,Precinct 3910,U.S. Senate,,REP,Dwight Grotberg,56
McKenzie,Precinct 3912,Agriculture Commissioner,,DEM,Roger Johnson,46
McKenzie,Precinct 3912,Agriculture Commissioner,,REP,Doug Goehring,64
McKenzie,Precinct 3912,Attorney General,,DEM,Bill Brudvik,41
McKenzie,Precinct 3912,Attorney General,,REP,Wayne Stenehjem,68
McKenzie,Precinct 3912,C 1: This constitutional measure would amend section 16 of Article XI of the North Dakota Constitution,,,No,27
McKenzie,Precinct 3912,C 1: This constitutional measure would amend section 16 of Article XI of the North Dakota Constitution,,,Yes,80
McKenzie,Precinct 3912,C 2: This constitutional measure would amend certain sections and repeal other sections of Article XII of the North Dakota Constitution,,,No,25
McKenzie,Precinct 3912,C 2: This constitutional measure would amend certain sections and repeal other sections of Article XII of the North Dakota Constitution,,,Yes,79
McKenzie,Precinct 3912,Justice of the Supreme Court,,NON,Dale Sandstrom,94
McKenzie,Precinct 3912,Public Service Commissioner,,DEM,Cheryl Bergian,43
McKenzie,Precinct 3912,Public Service Commissioner,,REP,Tony Clark,64
McKenzie,Precinct 3912,Secretary of State,,DEM,Kristin Hedger,43
McKenzie,Precinct 3912,Secretary of State,,REP,Alvin A (Al) Jaeger,66
McKenzie,Precinct 3912,State House Legislative,39,REP,"David ""Skip"" Drovdal",60
McKenzie,Precinct 3912,State House Legislative,39,REP,Keith Kempenich,58
McKenzie,Precinct 3912,State Senate Legislative District 39,,REP,Bill L Bowman,61
McKenzie,Precinct 3912,Tax Commissioner,,DEM,Brent Edison,42
McKenzie,Precinct 3912,Tax Commissioner,,REP,Cory Fong,65
McKenzie,Precinct 3912,U.S. House,1,DEM,Earl Pomeroy,51
McKenzie,Precinct 3912,U.S. House,1,REP,Matt Mechtel,61
McKenzie,Precinct 3912,U.S. Senate,,DEM,Kent Conrad,54
McKenzie,Precinct 3912,U.S. Senate,,REP,Dwight Grotberg,58
McKenzie,Precinct 3913,Agriculture Commissioner,,DEM,Roger Johnson,33
McKenzie,Precinct 3913,Agriculture Commissioner,,REP,Doug Goehring,35
McKenzie,Precinct 3913,Attorney General,,DEM,Bill Brudvik,24
McKenzie,Precinct 3913,Attorney General,,REP,Wayne Stenehjem,35
McKenzie,Precinct 3913,C 1: This constitutional measure would amend section 16 of Article XI of the North Dakota Constitution,,,No,22
McKenzie,Precinct 3913,C 1: This constitutional measure would amend section 16 of Article XI of the North Dakota Constitution,,,Yes,50
McKenzie,Precinct 3913,C 2: This constitutional measure would amend certain sections and repeal other sections of Article XII of the North Dakota Constitution,,,No,30
McKenzie,Precinct 3913,C 2: This constitutional measure would amend certain sections and repeal other sections of Article XII of the North Dakota Constitution,,,Yes,42
McKenzie,Precinct 3913,Justice of the Supreme Court,,NON,Dale Sandstrom,59
McKenzie,Precinct 3913,Public Service Commissioner,,DEM,Cheryl Bergian,28
McKenzie,Precinct 3913,Public Service Commissioner,,REP,Tony Clark,34
McKenzie,Precinct 3913,Secretary of State,,DEM,Kristin Hedger,30
McKenzie,Precinct 3913,Secretary of State,,REP,Alvin A (Al) Jaeger,37
McKenzie,Precinct 3913,State House Legislative,39,REP,"David ""Skip"" Drovdal",34
McKenzie,Precinct 3913,State House Legislative,39,REP,Keith Kempenich,32
McKenzie,Precinct 3913,State Senate Legislative District 39,,REP,Bill L Bowman,38
McKenzie,Precinct 3913,Tax Commissioner,,DEM,Brent Edison,28
McKenzie,Precinct 3913,Tax Commissioner,,REP,Cory Fong,35
McKenzie,Precinct 3913,U.S. House,1,DEM,Earl Pomeroy,35
McKenzie,Precinct 3913,U.S. House,1,REP,Matt Mechtel,35
McKenzie,Precinct 3913,U.S. Senate,,DEM,Kent Conrad,35
McKenzie,Precinct 3913,U.S. Senate,,REP,Dwight Grotberg,35
McKenzie,Precinct 3914,Agriculture Commissioner,,DEM,Roger Johnson,31
McKenzie,Precinct 3914,Agriculture Commissioner,,REP,Doug Goehring,53
McKenzie,Precinct 3914,Attorney General,,DEM,Bill Brudvik,27
McKenzie,Precinct 3914,Attorney General,,REP,Wayne Stenehjem,56
McKenzie,Precinct 3914,C 1: This constitutional measure would amend section 16 of Article XI of the North Dakota Constitution,,,No,13
McKenzie,Precinct 3914,C 1: This constitutional measure would amend section 16 of Article XI of the North Dakota Constitution,,,Yes,79
McKenzie,Precinct 3914,C 2: This constitutional measure would amend certain sections and repeal other sections of Article XII of the North Dakota Constitution,,,No,19
McKenzie,Precinct 3914,C 2: This constitutional measure would amend certain sections and repeal other sections of Article XII of the North Dakota Constitution,,,Yes,75
McKenzie,Precinct 3914,Justice of the Supreme Court,,NON,Dale Sandstrom,75
McKenzie,Precinct 3914,Public Service Commissioner,,DEM,Cheryl Bergian,29
McKenzie,Precinct 3914,Public Service Commissioner,,REP,Tony Clark,53
McKenzie,Precinct 3914,Secretary of State,,DEM,Kristin Hedger,28
McKenzie,Precinct 3914,Secretary of State,,REP,Alvin A (Al) Jaeger,53
McKenzie,Precinct 3914,State House Legislative,39,REP,"David ""Skip"" Drovdal",53
McKenzie,Precinct 3914,State House Legislative,39,REP,Keith Kempenich,47
McKenzie,Precinct 3914,State Senate Legislative District 39,,REP,Bill L Bowman,51
McKenzie,Precinct 3914,Tax Commissioner,,DEM,Brent Edison,26
McKenzie,Precinct 3914,Tax Commissioner,,REP,Cory Fong,53
McKenzie,Precinct 3914,U.S. House,1,DEM,Earl Pomeroy,38
McKenzie,Precinct 3914,U.S. House,1,REP,Matt Mechtel,52
McKenzie,Precinct 3914,U.S. Senate,,DEM,Kent Conrad,37
McKenzie,Precinct 3914,U.S. Senate,,REP,Dwight Grotberg,53
McKenzie,Precinct 3915,Agriculture Commissioner,,DEM,Roger Johnson,58
McKenzie,Precinct 3915,Agriculture Commissioner,,REP,Doug Goehring,79
McKenzie,Precinct 3915,Attorney General,,DEM,Bill Brudvik,51
McKenzie,Precinct 3915,Attorney General,,REP,Wayne Stenehjem,85
McKenzie,Precinct 3915,C 1: This constitutional measure would amend section 16 of Article XI of the North Dakota Constitution,,,No,30
McKenzie,Precinct 3915,C 1: This constitutional measure would amend section 16 of Article XI of the North Dakota Constitution,,,Yes,99
McKenzie,Precinct 3915,C 2: This constitutional measure would amend certain sections and repeal other sections of Article XII of the North Dakota Constitution,,,No,28
McKenzie,Precinct 3915,C 2: This constitutional measure would amend certain sections and repeal other sections of Article XII of the North Dakota Constitution,,,Yes,103
McKenzie,Precinct 3915,Justice of the Supreme Court,,NON,Dale Sandstrom,124
McKenzie,Precinct 3915,Public Service Commissioner,,DEM,Cheryl Bergian,54
McKenzie,Precinct 3915,Public Service Commissioner,,REP,Tony Clark,79
McKenzie,Precinct 3915,Secretary of State,,DEM,Kristin Hedger,55
McKenzie,Precinct 3915,Secretary of State,,REP,Alvin A (Al) Jaeger,80
McKenzie,Precinct 3915,State House Legislative,39,REP,"David ""Skip"" Drovdal",81
McKenzie,Precinct 3915,State House Legislative,39,REP,Keith Kempenich,77
McKenzie,Precinct 3915,State Senate Legislative District 39,,REP,Bill L Bowman,88
McKenzie,Precinct 3915,Tax Commissioner,,DEM,Brent Edison,55
McKenzie,Precinct 3915,Tax Commissioner,,REP,Cory Fong,80
McKenzie,Precinct 3915,U.S. House,1,DEM,Earl Pomeroy,66
McKenzie,Precinct 3915,U.S. House,1,REP,Matt Mechtel,74
McKenzie,Precinct 3915,U.S. Senate,,DEM,Kent Conrad,66
McKenzie,Precinct 3915,U.S. Senate,,REP,Dwight Grotberg,77
McLean,Precinct 0408,Agriculture Commissioner,,DEM,Roger Johnson,50
McLean,Precinct 0408,Agriculture Commissioner,,REP,Doug Goehring,28
McLean,Precinct 0408,Attorney General,,DEM,Bill Brudvik,44
McLean,Precinct 0408,Attorney General,,REP,Wayne Stenehjem,31
McLean,Precinct 0408,C 1: This constitutional measure would amend section 16 of Article XI of the North Dakota Constitution,,,No,23
McLean,Precinct 0408,C 1: This constitutional measure would amend section 16 of Article XI of the North Dakota Constitution,,,Yes,62
McLean,Precinct 0408,C 2: This constitutional measure would amend certain sections and repeal other sections of Article XII of the North Dakota Constitution,,,No,33
McLean,Precinct 0408,C 2: This constitutional measure would amend certain sections and repeal other sections of Article XII of the North Dakota Constitution,,,Yes,52
McLean,Precinct 0408,Justice of the Supreme Court,,NON,Dale Sandstrom,71
McLean,Precinct 0408,Public Service Commissioner,,DEM,Cheryl Bergian,47
McLean,Precinct 0408,Public Service Commissioner,,REP,Tony Clark,30
McLean,Precinct 0408,Secretary of State,,DEM,Kristin Hedger,47
McLean,Precinct 0408,Secretary of State,,REP,Alvin A (Al) Jaeger,31
McLean,Precinct 0408,Tax Commissioner,,DEM,Brent Edison,46
McLean,Precinct 0408,Tax Commissioner,,REP,Cory Fong,28
McLean,Precinct 0408,U.S. House,1,DEM,Earl Pomeroy,51
McLean,Precinct 0408,U.S. House,1,REP,Matt Mechtel,28
McLean,Precinct 0408,U.S. Senate,,DEM,Kent Conrad,53
McLean,Precinct 0408,U.S. Senate,,REP,Dwight Grotberg,28
McLean,Precinct 0409,Agriculture Commissioner,,DEM,Roger Johnson,191
McLean,Precinct 0409,Agriculture Commissioner,,REP,Doug Goehring,149
McLean,Precinct 0409,Attorney General,,DEM,Bill Brudvik,177
McLean,Precinct 0409,Attorney General,,REP,Wayne Stenehjem,156
McLean,Precinct 0409,C 1: This constitutional measure would amend section 16 of Article XI of the North Dakota Constitution,,,No,52
McLean,Precinct 0409,C 1: This constitutional measure would amend section 16 of Article XI of the North Dakota Constitution,,,Yes,297
McLean,Precinct 0409,C 2: This constitutional measure would amend certain sections and repeal other sections of Article XII of the North Dakota Constitution,,,No,68
McLean,Precinct 0409,C 2: This constitutional measure would amend certain sections and repeal other sections of Article XII of the North Dakota Constitution,,,Yes,272
McLean,Precinct 0409,Justice of the Supreme Court,,NON,Dale Sandstrom,320
McLean,Precinct 0409,Public Service Commissioner,,DEM,Cheryl Bergian,179
McLean,Precinct 0409,Public Service Commissioner,,REP,Tony Clark,146
McLean,Precinct 0409,Secretary of State,,DEM,Kristin Hedger,180
McLean,Precinct 0409,Secretary of State,,REP,Alvin A (Al) Jaeger,154
McLean,Precinct 0409,Tax Commissioner,,DEM,Brent Edison,179
McLean,Precinct 0409,Tax Commissioner,,REP,Cory Fong,145
McLean,Precinct 0409,U.S. House,1,DEM,Earl Pomeroy,200
McLean,Precinct 0409,U.S. House,1,REP,Matt Mechtel,144
McLean,Precinct 0409,U.S. Senate,,DEM,Kent Conrad,202
McLean,Precinct 0409,U.S. Senate,,REP,Dwight Grotberg,147
McLean,Precinct 0410,Agriculture Commissioner,,DEM,Roger Johnson,129
McLean,Precinct 0410,Agriculture Commissioner,,REP,Doug Goehring,11
McLean,Precinct 0410,Attorney General,,DEM,Bill Brudvik,128
McLean,Precinct 0410,Attorney General,,REP,Wayne Stenehjem,11
McLean,Precinct 0410,C 1: This constitutional measure would amend section 16 of Article XI of the North Dakota Constitution,,,No,45
McLean,Precinct 0410,C 1: This constitutional measure would amend section 16 of Article XI of the North Dakota Constitution,,,Yes,86
McLean,Precinct 0410,C 2: This constitutional measure would amend certain sections and repeal other sections of Article XII of the North Dakota Constitution,,,No,36
McLean,Precinct 0410,C 2: This constitutional measure would amend certain sections and repeal other sections of Article XII of the North Dakota Constitution,,,Yes,94
McLean,Precinct 0410,Justice of the Supreme Court,,NON,Dale Sandstrom,120
McLean,Precinct 0410,Public Service Commissioner,,DEM,Cheryl Bergian,131
McLean,Precinct 0410,Public Service Commissioner,,REP,Tony Clark,11
McLean,Precinct 0410,Secretary of State,,DEM,Kristin Hedger,131
McLean,Precinct 0410,Secretary of State,,REP,Alvin A (Al) Jaeger,11
McLean,Precinct 0410,Tax Commissioner,,DEM,Brent Edison,131
McLean,Precinct 0410,Tax Commissioner,,REP,Cory Fong,11
McLean,Precinct 0410,U.S. House,1,DEM,Earl Pomeroy,134
McLean,Precinct 0410,U.S. House,1,REP,Matt Mechtel,11
McLean,Precinct 0410,U.S. Senate,,DEM,Kent Conrad,135
McLean,Precinct 0410,U.S. Senate,,REP,Dwight Grotberg,11
McLean,Precinct 0411,Agriculture Commissioner,,DEM,Roger Johnson,27
McLean,Precinct 0411,Agriculture Commissioner,,REP,Doug Goehring,7
McLean,Precinct 0411,Attorney General,,DEM,Bill Brudvik,26
McLean,Precinct 0411,Attorney General,,REP,Wayne Stenehjem,7
McLean,Precinct 0411,C 1: This constitutional measure would amend section 16 of Article XI of the North Dakota Constitution,,,No,11
McLean,Precinct 0411,C 1: This constitutional measure would amend section 16 of Article XI of the North Dakota Constitution,,,Yes,22
McLean,Precinct 0411,C 2: This constitutional measure would amend certain sections and repeal other sections of Article XII of the North Dakota Constitution,,,No,11
McLean,Precinct 0411,C 2: This constitutional measure would amend certain sections and repeal other sections of Article XII of the North Dakota Constitution,,,Yes,22
McLean,Precinct 0411,Justice of the Supreme Court,,NON,Dale Sandstrom,28
McLean,Precinct 0411,Public Service Commissioner,,DEM,Cheryl Bergian,26
McLean,Precinct 0411,Public Service Commissioner,,REP,Tony Clark,7
McLean,Precinct 0411,Secretary of State,,DEM,Kristin Hedger,26
McLean,Precinct 0411,Secretary of State,,REP,Alvin A (Al) Jaeger,7
McLean,Precinct 0411,Tax Commissioner,,DEM,Brent Edison,26
McLean,Precinct 0411,Tax Commissioner,,REP,Cory Fong,6
McLean,Precinct 0411,U.S. House,1,DEM,Earl Pomeroy,26
McLean,Precinct 0411,U.S. House,1,REP,Matt Mechtel,7
McLean,Precinct 0411,U.S. Senate,,DEM,Kent Conrad,27
McLean,Precinct 0411,U.S. Senate,,REP,Dwight Grotberg,7
McLean,Precinct 0801,Agriculture Commissioner,,DEM,Roger Johnson,37
McLean,Precinct 0801,Agriculture Commissioner,,REP,Doug Goehring,43
McLean,Precinct 0801,Attorney General,,DEM,Bill Brudvik,34
McLean,Precinct 0801,Attorney General,,REP,Wayne Stenehjem,44
McLean,Precinct 0801,C 1: This constitutional measure would amend section 16 of Article XI of the North Dakota Constitution,,,No,23
McLean,Precinct 0801,C 1: This constitutional measure would amend section 16 of Article XI of the North Dakota Constitution,,,Yes,66
McLean,Precinct 0801,C 2: This constitutional measure would amend certain sections and repeal other sections of Article XII of the North Dakota Constitution,,,No,23
McLean,Precinct 0801,C 2: This constitutional measure would amend certain sections and repeal other sections of Article XII of the North Dakota Constitution,,,Yes,63
McLean,Precinct 0801,Justice of the Supreme Court,,NON,Dale Sandstrom,86
McLean,Precinct 0801,Public Service Commissioner,,DEM,Cheryl Bergian,35
McLean,Precinct 0801,Public Service Commissioner,,REP,Tony Clark,45
McLean,Precinct 0801,Secretary of State,,DEM,Kristin Hedger,38
McLean,Precinct 0801,Secretary of State,,REP,Alvin A (Al) Jaeger,45
McLean,Precinct 0801,Tax Commissioner,,DEM,Brent Edison,35
McLean,Precinct 0801,Tax Commissioner,,REP,Cory Fong,46
McLean,Precinct 0801,U.S. House,1,DEM,Earl Pomeroy,39
McLean,Precinct 0801,U.S. House,1,REP,Matt Mechtel,42
McLean,Precinct 0801,U.S. Senate,,DEM,Kent Conrad,41
McLean,Precinct 0801,U.S. Senate,,REP,Dwight Grotberg,43
McLean,Precinct 0802,Agriculture Commissioner,,DEM,Roger Johnson,211
McLean,Precinct 0802,Agriculture Commissioner,,REP,Doug Goehring,257
McLean,Precinct 0802,Attorney General,,DEM,Bill Brudvik,196
McLean,Precinct 0802,Attorney General,,REP,Wayne Stenehjem,256
McLean,Precinct 0802,C 1: This constitutional measure would amend section 16 of Article XI of the North Dakota Constitution,,,No,100
McLean,Precinct 0802,C 1: This constitutional measure would amend section 16 of Article XI of the North Dakota Constitution,,,Yes,380
McLean,Precinct 0802,C 2: This constitutional measure would amend certain sections and repeal other sections of Article XII of the North Dakota Constitution,,,No,118
McLean,Precinct 0802,C 2: This constitutional measure would amend certain sections and repeal other sections of Article XII of the North Dakota Constitution,,,Yes,351
McLean,Precinct 0802,Justice of the Supreme Court,,NON,Dale Sandstrom,451
McLean,Precinct 0802,Public Service Commissioner,,DEM,Cheryl Bergian,199
McLean,Precinct 0802,Public Service Commissioner,,REP,Tony Clark,254
McLean,Precinct 0802,Secretary of State,,DEM,Kristin Hedger,198
McLean,Precinct 0802,Secretary of State,,REP,Alvin A (Al) Jaeger,255
McLean,Precinct 0802,Tax Commissioner,,DEM,Brent Edison,203
McLean,Precinct 0802,Tax Commissioner,,REP,Cory Fong,252
McLean,Precinct 0802,U.S. House,1,DEM,Earl Pomeroy,216
McLean,Precinct 0802,U.S. House,1,REP,Matt Mechtel,249
McLean,Precinct 0802,U.S. Senate,,DEM,Kent Conrad,216
McLean,Precinct 0802,U.S. Senate,,REP,Dwight Grotberg,249
McLean,Precinct 0803,Agriculture Commissioner,,DEM,Roger Johnson,37
McLean,Precinct 0803,Agriculture Commissioner,,REP,Doug Goehring,39
McLean,Precinct 0803,Attorney General,,DEM,Bill Brudvik,35
McLean,Precinct 0803,Attorney General,,REP,Wayne Stenehjem,38
McLean,Precinct 0803,C 1: This constitutional measure would amend section 16 of Article XI of the North Dakota Constitution,,,No,30
McLean,Precinct 0803,C 1: This constitutional measure would amend section 16 of Article XI of the North Dakota Constitution,,,Yes,53
McLean,Precinct 0803,C 2: This constitutional measure would amend certain sections and repeal other sections of Article XII of the North Dakota Constitution,,,No,25
McLean,Precinct 0803,C 2: This constitutional measure would amend certain sections and repeal other sections of Article XII of the North Dakota Constitution,,,Yes,57
McLean,Precinct 0803,Justice of the Supreme Court,,NON,Dale Sandstrom,72
McLean,Precinct 0803,Public Service Commissioner,,DEM,Cheryl Bergian,35
McLean,Precinct 0803,Public Service Commissioner,,REP,Tony Clark,35
McLean,Precinct 0803,Secretary of State,,DEM,Kristin Hedger,39
McLean,Precinct 0803,Secretary of State,,REP,Alvin A (Al) Jaeger,37
McLean,Precinct 0803,Tax Commissioner,,DEM,Brent Edison,37
McLean,Precinct 0803,Tax Commissioner,,REP,Cory Fong,34
McLean,Precinct 0803,U.S. House,1,DEM,Earl Pomeroy,40
McLean,Precinct 0803,U.S. House,1,REP,Matt Mechtel,37
McLean,Precinct 0803,U.S. Senate,,DEM,Kent Conrad,42
McLean,Precinct 0803,U.S. Senate,,REP,Dwight Grotberg,37
McLean,Precinct 0804,Agriculture Commissioner,,DEM,Roger Johnson,132
McLean,Precinct 0804,Agriculture Commissioner,,REP,Doug Goehring,106
McLean,Precinct 0804,Attorney General,,DEM,Bill Brudvik,120
McLean,Precinct 0804,Attorney General,,REP,Wayne Stenehjem,108
McLean,Precinct 0804,C 1: This constitutional measure would amend section 16 of Article XI of the North Dakota Constitution,,,No,76
McLean,Precinct 0804,C 1: This constitutional measure would amend section 16 of Article XI of the North Dakota Constitution,,,Yes,157
McLean,Precinct 0804,C 2: This constitutional measure would amend certain sections and repeal other sections of Article XII of the North Dakota Constitution,,,No,80
McLean,Precinct 0804,C 2: This constitutional measure would amend certain sections and repeal other sections of Article XII of the North Dakota Constitution,,,Yes,153
McLean,Precinct 0804,Justice of the Supreme Court,,NON,Dale Sandstrom,221
McLean,Precinct 0804,Public Service Commissioner,,DEM,Cheryl Bergian,126
McLean,Precinct 0804,Public Service Commissioner,,REP,Tony Clark,106
McLean,Precinct 0804,Secretary of State,,DEM,Kristin Hedger,124
McLean,Precinct 0804,Secretary of State,,REP,Alvin A (Al) Jaeger,109
McLean,Precinct 0804,Tax Commissioner,,DEM,Brent Edison,123
McLean,Precinct 0804,Tax Commissioner,,REP,Cory Fong,101
McLean,Precinct 0804,U.S. House,1,DEM,Earl Pomeroy,139
McLean,Precinct 0804,U.S. House,1,REP,Matt Mechtel,106
McLean,Precinct 0804,U.S. Senate,,DEM,Kent Conrad,140
McLean,Precinct 0804,U.S. Senate,,REP,Dwight Grotberg,106
McLean,Precinct 0805,Agriculture Commissioner,,DEM,Roger Johnson,200
McLean,Precinct 0805,Agriculture Commissioner,,REP,Doug Goehring,140
McLean,Precinct 0805,Attorney General,,DEM,Bill Brudvik,178
McLean,Precinct 0805,Attorney General,,REP,Wayne Stenehjem,145
McLean,Precinct 0805,C 1: This constitutional measure would amend section 16 of Article XI of the North Dakota Constitution,,,No,76
McLean,Precinct 0805,C 1: This constitutional measure would amend section 16 of Article XI of the North Dakota Constitution,,,Yes,252
McLean,Precinct 0805,C 2: This constitutional measure would amend certain sections and repeal other sections of Article XII of the North Dakota Constitution,,,No,86
McLean,Precinct 0805,C 2: This constitutional measure would amend certain sections and repeal other sections of Article XII of the North Dakota Constitution,,,Yes,239
McLean,Precinct 0805,Justice of the Supreme Court,,NON,Dale Sandstrom,303
McLean,Precinct 0805,Public Service Commissioner,,DEM,Cheryl Bergian,178
McLean,Precinct 0805,Public Service Commissioner,,REP,Tony Clark,143
McLean,Precinct 0805,Secretary of State,,DEM,Kristin Hedger,181
McLean,Precinct 0805,Secretary of State,,REP,Alvin A (Al) Jaeger,142
McLean,Precinct 0805,Tax Commissioner,,DEM,Brent Edison,180
McLean,Precinct 0805,Tax Commissioner,,REP,Cory Fong,141
McLean,Precinct 0805,U.S. House,1,DEM,Earl Pomeroy,200
McLean,Precinct 0805,U.S. House,1,REP,Matt Mechtel,136
McLean,Precinct 0805,U.S. Senate,,DEM,Kent Conrad,205
McLean,Precinct 0805,U.S. Senate,,REP,Dwight Grotberg,139
McLean,Precinct 0806,Agriculture Commissioner,,DEM,Roger Johnson,25
McLean,Precinct 0806,Agriculture Commissioner,,REP,Doug Goehring,59
McLean,Precinct 0806,Attorney General,,DEM,Bill Brudvik,23
McLean,Precinct 0806,Attorney General,,REP,Wayne Stenehjem,61
McLean,Precinct 0806,C 1: This constitutional measure would amend section 16 of Article XI of the North Dakota Constitution,,,No,29
McLean,Precinct 0806,C 1: This constitutional measure would amend section 16 of Article XI of the North Dakota Constitution,,,Yes,60
McLean,Precinct 0806,C 2: This constitutional measure would amend certain sections and repeal other sections of Article XII of the North Dakota Constitution,,,No,37
McLean,Precinct 0806,C 2: This constitutional measure would amend certain sections and repeal other sections of Article XII of the North Dakota Constitution,,,Yes,49
McLean,Precinct 0806,Justice of the Supreme Court,,NON,Dale Sandstrom,87
McLean,Precinct 0806,Public Service Commissioner,,DEM,Cheryl Bergian,27
McLean,Precinct 0806,Public Service Commissioner,,REP,Tony Clark,59
McLean,Precinct 0806,Secretary of State,,DEM,Kristin Hedger,25
McLean,Precinct 0806,Secretary of State,,REP,Alvin A (Al) Jaeger,60
McLean,Precinct 0806,Tax Commissioner,,DEM,Brent Edison,26
McLean,Precinct 0806,Tax Commissioner,,REP,Cory Fong,58
McLean,Precinct 0806,U.S. House,1,DEM,Earl Pomeroy,29
McLean,Precinct 0806,U.S. House,1,REP,Matt Mechtel,59
McLean,Precinct 0806,U.S. Senate,,DEM,Kent Conrad,30
McLean,Precinct 0806,U.S. Senate,,REP,Dwight Grotberg,60
McLean,Precinct 0807,Agriculture Commissioner,,DEM,Roger Johnson,55
McLean,Precinct 0807,Agriculture Commissioner,,REP,Doug Goehring,24
McLean,Precinct 0807,Attorney General,,DEM,Bill Brudvik,50
McLean,Precinct 0807,Attorney General,,REP,Wayne Stenehjem,24
McLean,Precinct 0807,C 1: This constitutional measure would amend section 16 of Article XI of the North Dakota Constitution,,,No,23
McLean,Precinct 0807,C 1: This constitutional measure would amend section 16 of Article XI of the North Dakota Constitution,,,Yes,59
McLean,Precinct 0807,C 2: This constitutional measure would amend certain sections and repeal other sections of Article XII of the North Dakota Constitution,,,No,28
McLean,Precinct 0807,C 2: This constitutional measure would amend certain sections and repeal other sections of Article XII of the North Dakota Constitution,,,Yes,48
McLean,Precinct 0807,Justice of the Supreme Court,,NON,Dale Sandstrom,75
McLean,Precinct 0807,Public Service Commissioner,,DEM,Cheryl Bergian,54
McLean,Precinct 0807,Public Service Commissioner,,REP,Tony Clark,24
McLean,Precinct 0807,Secretary of State,,DEM,Kristin Hedger,54
McLean,Precinct 0807,Secretary of State,,REP,Alvin A (Al) Jaeger,25
McLean,Precinct 0807,Tax Commissioner,,DEM,Brent Edison,54
McLean,Precinct 0807,Tax Commissioner,,REP,Cory Fong,25
McLean,Precinct 0807,U.S. House,1,DEM,Earl Pomeroy,56
McLean,Precinct 0807,U.S. House,1,REP,Matt Mechtel,24
McLean,Precinct 0807,U.S. Senate,,DEM,Kent Conrad,59
McLean,Precinct 0807,U.S. Senate,,REP,Dwight Grotberg,26
Mercer,Precinct 0401,Agriculture Commissioner,,DEM,Roger Johnson,1
Mercer,Precinct 0401,Agriculture Commissioner,,REP,Doug Goehring,0
Mercer,Precinct 0401,Attorney General,,DEM,Bill Brudvik,1
Mercer,Precinct 0401,Attorney General,,REP,Wayne Stenehjem,0
Mercer,Precinct 0401,C 1: This constitutional measure would amend section 16 of Article XI of the North Dakota Constitution,,,No,0
Mercer,Precinct 0401,C 1: This constitutional measure would amend section 16 of Article XI of the North Dakota Constitution,,,Yes,1
Mercer,Precinct 0401,C 2: This constitutional measure would amend certain sections and repeal other sections of Article XII of the North Dakota Constitution,,,No,1
Mercer,Precinct 0401,C 2: This constitutional measure would amend certain sections and repeal other sections of Article XII of the North Dakota Constitution,,,Yes,0
Mercer,Precinct 0401,Justice of the Supreme Court,,NON,Dale Sandstrom,1
Mercer,Precinct 0401,Public Service Commissioner,,DEM,Cheryl Bergian,1
Mercer,Precinct 0401,Public Service Commissioner,,REP,Tony Clark,0
Mercer,Precinct 0401,Secretary of State,,DEM,Kristin Hedger,1
Mercer,Precinct 0401,Secretary of State,,REP,Alvin A (Al) Jaeger,0
Mercer,Precinct 0401,Tax Commissioner,,DEM,Brent Edison,1
Mercer,Precinct 0401,Tax Commissioner,,REP,Cory Fong,0
Mercer,Precinct 0401,U.S. House,1,DEM,Earl Pomeroy,1
Mercer,Precinct 0401,U.S. House,1,REP,Matt Mechtel,0
Mercer,Precinct 0401,U.S. Senate,,DEM,Kent Conrad,1
Mercer,Precinct 0401,U.S. Senate,,REP,Dwight Grotberg,0
Mercer,Precinct 3301,Agriculture Commissioner,,DEM,Roger Johnson,140
Mercer,Precinct 3301,Agriculture Commissioner,,REP,Doug Goehring,48
Mercer,Precinct 3301,Attorney General,,DEM,Bill Brudvik,135
Mercer,Precinct 3301,Attorney General,,REP,Wayne Stenehjem,50
Mercer,Precinct 3301,C 1: This constitutional measure would amend section 16 of Article XI of the North Dakota Constitution,,,No,63
Mercer,Precinct 3301,C 1: This constitutional measure would amend section 16 of Article XI of the North Dakota Constitution,,,Yes,112
Mercer,Precinct 3301,C 2: This constitutional measure would amend certain sections and repeal other sections of Article XII of the North Dakota Constitution,,,No,80
Mercer,Precinct 3301,C 2: This constitutional measure would amend certain sections and repeal other sections of Article XII of the North Dakota Constitution,,,Yes,95
Mercer,Precinct 3301,Justice of the Supreme Court,,NON,Dale Sandstrom,178
Mercer,Precinct 3301,Public Service Commissioner,,DEM,Cheryl Bergian,137
Mercer,Precinct 3301,Public Service Commissioner,,REP,Tony Clark,48
Mercer,Precinct 3301,Secretary of State,,DEM,Kristin Hedger,138
Mercer,Precinct 3301,Secretary of State,,REP,Alvin A (Al) Jaeger,54
Mercer,Precinct 3301,State House Legislative,33,DEM,Kevin Herrmann,132
Mercer,Precinct 3301,State House Legislative,33,DEM,Mike Quinn,110
Mercer,Precinct 3301,State House Legislative,33,REP,Brenda Heller,38
Mercer,Precinct 3301,State House Legislative,33,REP,Gary Kreidt,42
Mercer,Precinct 3301,State House Legislative,33,REP,Keith Jacobson,20
Mercer,Precinct 3301,State Senate Legislative District 33,,DEM,John Mahoney,141
Mercer,Precinct 3301,State Senate Legislative District 33,,REP,Randel (Randy) Christmann,52
Mercer,Precinct 3301,Tax Commissioner,,DEM,Brent Edison,137
Mercer,Precinct 3301,Tax Commissioner,,REP,Cory Fong,49
Mercer,Precinct 3301,U.S. House,1,DEM,Earl Pomeroy,139
Mercer,Precinct 3301,U.S. House,1,REP,Matt Mechtel,44
Mercer,Precinct 3301,U.S. Senate,,DEM,Kent Conrad,145
Mercer,Precinct 3301,U.S. Senate,,REP,Dwight Grotberg,43
Mercer,Precinct 3303,Agriculture Commissioner,,DEM,Roger Johnson,54
Mercer,Precinct 3303,Agriculture Commissioner,,REP,Doug Goehring,54
Mercer,Precinct 3303,Attorney General,,DEM,Bill Brudvik,55
Mercer,Precinct 3303,Attorney General,,REP,Wayne Stenehjem,56
Mercer,Precinct 3303,C 1: This constitutional measure would amend section 16 of Article XI of the North Dakota Constitution,,,No,41
Mercer,Precinct 3303,C 1: This constitutional measure would amend section 16 of Article XI of the North Dakota Constitution,,,Yes,73
Mercer,Precinct 3303,C 2: This constitutional measure would amend certain sections and repeal other sections of Article XII of the North Dakota Constitution,,,No,42
Mercer,Precinct 3303,C 2: This constitutional measure would amend certain sections and repeal other sections of Article XII of the North Dakota Constitution,,,Yes,69
Mercer,Precinct 3303,Justice of the Supreme Court,,NON,Dale Sandstrom,106
Mercer,Precinct 3303,Public Service Commissioner,,DEM,Cheryl Bergian,54
Mercer,Precinct 3303,Public Service Commissioner,,REP,Tony Clark,55
Mercer,Precinct 3303,Secretary of State,,DEM,Kristin Hedger,55
Mercer,Precinct 3303,Secretary of State,,REP,Alvin A (Al) Jaeger,57
Mercer,Precinct 3303,State House Legislative,33,DEM,Kevin Herrmann,51
Mercer,Precinct 3303,State House Legislative,33,DEM,Mike Quinn,41
Mercer,Precinct 3303,State House Legislative,33,REP,Brenda Heller,47
Mercer,Precinct 3303,State House Legislative,33,REP,Gary Kreidt,54
Mercer,Precinct 3303,State House Legislative,33,REP,Keith Jacobson,20
Mercer,Precinct 3303,State Senate Legislative District 33,,DEM,John Mahoney,55
Mercer,Precinct 3303,State Senate Legislative District 33,,REP,Randel (Randy) Christmann,59
Mercer,Precinct 3303,Tax Commissioner,,DEM,Brent Edison,55
Mercer,Precinct 3303,Tax Commissioner,,REP,Cory Fong,55
Mercer,Precinct 3303,U.S. House,1,DEM,Earl Pomeroy,59
Mercer,Precinct 3303,U.S. House,1,REP,Matt Mechtel,52
Mercer,Precinct 3303,U.S. Senate,,DEM,Kent Conrad,60
Mercer,Precinct 3303,U.S. Senate,,REP,Dwight Grotberg,52
Mercer,Precinct 3313,Agriculture Commissioner,,DEM,Roger Johnson,36
Mercer,Precinct 3313,Agriculture Commissioner,,REP,Doug Goehring,48
Mercer,Precinct 3313,Attorney General,,DEM,Bill Brudvik,31
Mercer,Precinct 3313,Attorney General,,REP,Wayne Stenehjem,54
Mercer,Precinct 3313,C 1: This constitutional measure would amend section 16 of Article XI of the North Dakota Constitution,,,No,43
Mercer,Precinct 3313,C 1: This constitutional measure would amend section 16 of Article XI of the North Dakota Constitution,,,Yes,55
Mercer,Precinct 3313,C 2: This constitutional measure would amend certain sections and repeal other sections of Article XII of the North Dakota Constitution,,,No,45
Mercer,Precinct 3313,C 2: This constitutional measure would amend certain sections and repeal other sections of Article XII of the North Dakota Constitution,,,Yes,48
Mercer,Precinct 3313,Justice of the Supreme Court,,NON,Dale Sandstrom,87
Mercer,Precinct 3313,Public Service Commissioner,,DEM,Cheryl Bergian,32
Mercer,Precinct 3313,Public Service Commissioner,,REP,Tony Clark,49
Mercer,Precinct 3313,Secretary of State,,DEM,Kristin Hedger,32
Mercer,Precinct 3313,Secretary of State,,REP,Alvin A (Al) Jaeger,52
Mercer,Precinct 3313,State House Legislative,33,DEM,Kevin Herrmann,33
Mercer,Precinct 3313,State House Legislative,33,DEM,Mike Quinn,34
Mercer,Precinct 3313,State House Legislative,33,REP,Brenda Heller,44
Mercer,Precinct 3313,State House Legislative,33,REP,Gary Kreidt,41
Mercer,Precinct 3313,State House Legislative,33,REP,Keith Jacobson,18
Mercer,Precinct 3313,State Senate Legislative District 33,,DEM,John Mahoney,38
Mercer,Precinct 3313,State Senate Legislative District 33,,REP,Randel (Randy) Christmann,55
Mercer,Precinct 3313,Tax Commissioner,,DEM,Brent Edison,33
Mercer,Precinct 3313,Tax Commissioner,,REP,Cory Fong,48
Mercer,Precinct 3313,U.S. House,1,DEM,Earl Pomeroy,41
Mercer,Precinct 3313,U.S. House,1,REP,Matt Mechtel,50
Mercer,Precinct 3313,U.S. Senate,,DEM,Kent Conrad,41
Mercer,Precinct 3313,U.S. Senate,,REP,Dwight Grotberg,49
Mercer,Precinct 3314,Agriculture Commissioner,,DEM,Roger Johnson,41
Mercer,Precinct 3314,Agriculture Commissioner,,REP,Doug Goehring,51
Mercer,Precinct 3314,Attorney General,,DEM,Bill Brudvik,34
Mercer,Precinct 3314,Attorney General,,REP,Wayne Stenehjem,48
Mercer,Precinct 3314,C 1: This constitutional measure would amend section 16 of Article XI of the North Dakota Constitution,,,No,32
Mercer,Precinct 3314,C 1: This constitutional measure would amend section 16 of Article XI of the North Dakota Constitution,,,Yes,59
Mercer,Precinct 3314,C 2: This constitutional measure would amend certain sections and repeal other sections of Article XII of the North Dakota Constitution,,,No,23
Mercer,Precinct 3314,C 2: This constitutional measure would amend certain sections and repeal other sections of Article XII of the North Dakota Constitution,,,Yes,62
Mercer,Precinct 3314,Justice of the Supreme Court,,NON,Dale Sandstrom,83
Mercer,Precinct 3314,Public Service Commissioner,,DEM,Cheryl Bergian,37
Mercer,Precinct 3314,Public Service Commissioner,,REP,Tony Clark,50
Mercer,Precinct 3314,Secretary of State,,DEM,Kristin Hedger,37
Mercer,Precinct 3314,Secretary of State,,REP,Alvin A (Al) Jaeger,53
Mercer,Precinct 3314,State House Legislative,33,DEM,Kevin Herrmann,40
Mercer,Precinct 3314,State House Legislative,33,DEM,Mike Quinn,34
Mercer,Precinct 3314,State House Legislative,33,REP,Brenda Heller,45
Mercer,Precinct 3314,State House Legislative,33,REP,Gary Kreidt,44
Mercer,Precinct 3314,State House Legislative,33,REP,Keith Jacobson,15
Mercer,Precinct 3314,State Senate Legislative District 33,,DEM,John Mahoney,41
Mercer,Precinct 3314,State Senate Legislative District 33,,REP,Randel (Randy) Christmann,55
Mercer,Precinct 3314,Tax Commissioner,,DEM,Brent Edison,37
Mercer,Precinct 3314,Tax Commissioner,,REP,Cory Fong,50
Mercer,Precinct 3314,U.S. House,1,DEM,Earl Pomeroy,46
Mercer,Precinct 3314,U.S. House,1,REP,Matt Mechtel,49
Mercer,Precinct 3314,U.S. Senate,,DEM,Kent Conrad,48
Mercer,Precinct 3314,U.S. Senate,,REP,Dwight Grotberg,54
Mercer,Precinct 3316,Agriculture Commissioner,,DEM,Roger Johnson,36
Mercer,Precinct 3316,Agriculture Commissioner,,REP,Doug Goehring,14
Mercer,Precinct 3316,Attorney General,,DEM,Bill Brudvik,34
Mercer,Precinct 3316,Attorney General,,REP,Wayne Stenehjem,14
Mercer,Precinct 3316,C 1: This constitutional measure would amend section 16 of Article XI of the North Dakota Constitution,,,No,16
Mercer,Precinct 3316,C 1: This constitutional measure would amend section 16 of Article XI of the North Dakota Constitution,,,Yes,37
Mercer,Precinct 3316,C 2: This constitutional measure would amend certain sections and repeal other sections of Article XII of the North Dakota Constitution,,,No,20
Mercer,Precinct 3316,C 2: This constitutional measure would amend certain sections and repeal other sections of Article XII of the North Dakota Constitution,,,Yes,34
Mercer,Precinct 3316,Justice of the Supreme Court,,NON,Dale Sandstrom,47
Mercer,Precinct 3316,Public Service Commissioner,,DEM,Cheryl Bergian,36
Mercer,Precinct 3316,Public Service Commissioner,,REP,Tony Clark,14
Mercer,Precinct 3316,Secretary of State,,DEM,Kristin Hedger,37
Mercer,Precinct 3316,Secretary of State,,REP,Alvin A (Al) Jaeger,14
Mercer,Precinct 3316,State House Legislative,33,DEM,Kevin Herrmann,30
Mercer,Precinct 3316,State House Legislative,33,DEM,Mike Quinn,31
Mercer,Precinct 3316,State House Legislative,33,REP,Brenda Heller,14
Mercer,Precinct 3316,State House Legislative,33,REP,Gary Kreidt,12
Mercer,Precinct 3316,State House Legislative,33,REP,Keith Jacobson,7
Mercer,Precinct 3316,State Senate Legislative District 33,,DEM,John Mahoney,41
Mercer,Precinct 3316,State Senate Legislative District 33,,REP,Randel (Randy) Christmann,16
Mercer,Precinct 3316,Tax Commissioner,,DEM,Brent Edison,38
Mercer,Precinct 3316,Tax Commissioner,,REP,Cory Fong,14
Mercer,Precinct 3316,U.S. House,1,DEM,Earl Pomeroy,38
Mercer,Precinct 3316,U.S. House,1,REP,Matt Mechtel,13
Mercer,Precinct 3316,U.S. Senate,,DEM,Kent Conrad,40
Mercer,Precinct 3316,U.S. Senate,,REP,Dwight Grotberg,14
Mercer,Precinct 3320,Agriculture Commissioner,,DEM,Roger Johnson,52
Mercer,Precinct 3320,Agriculture Commissioner,,REP,Doug Goehring,49
Mercer,Precinct 3320,Attorney General,,DEM,Bill Brudvik,49
Mercer,Precinct 3320,Attorney General,,REP,Wayne Stenehjem,48
Mercer,Precinct 3320,C 1: This constitutional measure would amend section 16 of Article XI of the North Dakota Constitution,,,No,33
Mercer,Precinct 3320,C 1: This constitutional measure would amend section 16 of Article XI of the North Dakota Constitution,,,Yes,69
Mercer,Precinct 3320,C 2: This constitutional measure would amend certain sections and repeal other sections of Article XII of the North Dakota Constitution,,,No,40
Mercer,Precinct 3320,C 2: This constitutional measure would amend certain sections and repeal other sections of Article XII of the North Dakota Constitution,,,Yes,58
Mercer,Precinct 3320,Justice of the Supreme Court,,NON,Dale Sandstrom,94
Mercer,Precinct 3320,Public Service Commissioner,,DEM,Cheryl Bergian,50
Mercer,Precinct 3320,Public Service Commissioner,,REP,Tony Clark,49
Mercer,Precinct 3320,Secretary of State,,DEM,Kristin Hedger,49
Mercer,Precinct 3320,Secretary of State,,REP,Alvin A (Al) Jaeger,48
Mercer,Precinct 3320,State House Legislative,33,DEM,Kevin Herrmann,53
Mercer,Precinct 3320,State House Legislative,33,DEM,Mike Quinn,43
Mercer,Precinct 3320,State House Legislative,33,REP,Brenda Heller,36
Mercer,Precinct 3320,State House Legislative,33,REP,Gary Kreidt,44
Mercer,Precinct 3320,State House Legislative,33,REP,Keith Jacobson,20
Mercer,Precinct 3320,State Senate Legislative District 33,,DEM,John Mahoney,55
Mercer,Precinct 3320,State Senate Legislative District 33,,REP,Randel (Randy) Christmann,51
Mercer,Precinct 3320,Tax Commissioner,,DEM,Brent Edison,50
Mercer,Precinct 3320,Tax Commissioner,,REP,Cory Fong,48
Mercer,Precinct 3320,U.S. House,1,DEM,Earl Pomeroy,56
Mercer,Precinct 3320,U.S. House,1,REP,Matt Mechtel,42
Mercer,Precinct 3320,U.S. Senate,,DEM,Kent Conrad,56
Mercer,Precinct 3320,U.S. Senate,,REP,Dwight Grotberg,44
Mercer,Precinct 3321,Agriculture Commissioner,,DEM,Roger Johnson,60
Mercer,Precinct 3321,Agriculture Commissioner,,REP,Doug Goehring,112
Mercer,Precinct 3321,Attorney General,,DEM,Bill Brudvik,58
Mercer,Precinct 3321,Attorney General,,REP,Wayne Stenehjem,118
Mercer,Precinct 3321,C 1: This constitutional measure would amend section 16 of Article XI of the North Dakota Constitution,,,No,42
Mercer,Precinct 3321,C 1: This constitutional measure would amend section 16 of Article XI of the North Dakota Constitution,,,Yes,142
Mercer,Precinct 3321,C 2: This constitutional measure would amend certain sections and repeal other sections of Article XII of the North Dakota Constitution,,,No,45
Mercer,Precinct 3321,C 2: This constitutional measure would amend certain sections and repeal other sections of Article XII of the North Dakota Constitution,,,Yes,132
Mercer,Precinct 3321,Justice of the Supreme Court,,NON,Dale Sandstrom,172
Mercer,Precinct 3321,Public Service Commissioner,,DEM,Cheryl Bergian,56
Mercer,Precinct 3321,Public Service Commissioner,,REP,Tony Clark,112
Mercer,Precinct 3321,Secretary of State,,DEM,Kristin Hedger,60
Mercer,Precinct 3321,Secretary of State,,REP,Alvin A (Al) Jaeger,117
Mercer,Precinct 3321,State House Legislative,33,DEM,Kevin Herrmann,59
Mercer,Precinct 3321,State House Legislative,33,DEM,Mike Quinn,48
Mercer,Precinct 3321,State House Legislative,33,REP,Brenda Heller,96
Mercer,Precinct 3321,State House Legislative,33,REP,Gary Kreidt,88
Mercer,Precinct 3321,State House Legislative,33,REP,Keith Jacobson,39
Mercer,Precinct 3321,State Senate Legislative District 33,,DEM,John Mahoney,61
Mercer,Precinct 3321,State Senate Legislative District 33,,REP,Randel (Randy) Christmann,118
Mercer,Precinct 3321,Tax Commissioner,,DEM,Brent Edison,58
Mercer,Precinct 3321,Tax Commissioner,,REP,Cory Fong,112
Mercer,Precinct 3321,U.S. House,1,DEM,Earl Pomeroy,62
Mercer,Precinct 3321,U.S. House,1,REP,Matt Mechtel,112
Mercer,Precinct 3321,U.S. Senate,,DEM,Kent Conrad,62
Mercer,Precinct 3321,U.S. Senate,,REP,Dwight Grotberg,113
Mercer,Precinct 3322,Agriculture Commissioner,,DEM,Roger Johnson,70
Mercer,Precinct 3322,Agriculture Commissioner,,REP,Doug Goehring,91
Mercer,Precinct 3322,Attorney General,,DEM,Bill Brudvik,65
Mercer,Precinct 3322,Attorney General,,REP,Wayne Stenehjem,93
Mercer,Precinct 3322,C 1: This constitutional measure would amend section 16 of Article XI of the North Dakota Constitution,,,No,42
Mercer,Precinct 3322,C 1: This constitutional measure would amend section 16 of Article XI of the North Dakota Constitution,,,Yes,128
Mercer,Precinct 3322,C 2: This constitutional measure would amend certain sections and repeal other sections of Article XII of the North Dakota Constitution,,,No,45
Mercer,Precinct 3322,C 2: This constitutional measure would amend certain sections and repeal other sections of Article XII of the North Dakota Constitution,,,Yes,120
Mercer,Precinct 3322,Justice of the Supreme Court,,NON,Dale Sandstrom,158
Mercer,Precinct 3322,Public Service Commissioner,,DEM,Cheryl Bergian,68
Mercer,Precinct 3322,Public Service Commissioner,,REP,Tony Clark,90
Mercer,Precinct 3322,Secretary of State,,DEM,Kristin Hedger,67
Mercer,Precinct 3322,Secretary of State,,REP,Alvin A (Al) Jaeger,92
Mercer,Precinct 3322,State House Legislative,33,DEM,Kevin Herrmann,69
Mercer,Precinct 3322,State House Legislative,33,DEM,Mike Quinn,53
Mercer,Precinct 3322,State House Legislative,33,REP,Brenda Heller,74
Mercer,Precinct 3322,State House Legislative,33,REP,Gary Kreidt,61
Mercer,Precinct 3322,State House Legislative,33,REP,Keith Jacobson,40
Mercer,Precinct 3322,State Senate Legislative District 33,,DEM,John Mahoney,75
Mercer,Precinct 3322,State Senate Legislative District 33,,REP,Randel (Randy) Christmann,95
Mercer,Precinct 3322,Tax Commissioner,,DEM,Brent Edison,67
Mercer,Precinct 3322,Tax Commissioner,,REP,Cory Fong,90
Mercer,Precinct 3322,U.S. House,1,DEM,Earl Pomeroy,74
Mercer,Precinct 3322,U.S. House,1,REP,Matt Mechtel,90
Mercer,Precinct 3322,U.S. Senate,,DEM,Kent Conrad,76
Mercer,Precinct 3322,U.S. Senate,,REP,Dwight Grotberg,90
Mercer,Precinct 3323,Agriculture Commissioner,,DEM,Roger Johnson,75
Mercer,Precinct 3323,Agriculture Commissioner,,REP,Doug Goehring,114
Mercer,Precinct 3323,Attorney General,,DEM,Bill Brudvik,67
Mercer,Precinct 3323,Attorney General,,REP,Wayne Stenehjem,117
Mercer,Precinct 3323,C 1: This constitutional measure would amend section 16 of Article XI of the North Dakota Constitution,,,No,46
Mercer,Precinct 3323,C 1: This constitutional measure would amend section 16 of Article XI of the North Dakota Constitution,,,Yes,144
Mercer,Precinct 3323,C 2: This constitutional measure would amend certain sections and repeal other sections of Article XII of the North Dakota Constitution,,,No,60
Mercer,Precinct 3323,C 2: This constitutional measure would amend certain sections and repeal other sections of Article XII of the North Dakota Constitution,,,Yes,121
Mercer,Precinct 3323,Justice of the Supreme Court,,NON,Dale Sandstrom,187
Mercer,Precinct 3323,Public Service Commissioner,,DEM,Cheryl Bergian,70
Mercer,Precinct 3323,Public Service Commissioner,,REP,Tony Clark,113
Mercer,Precinct 3323,Secretary of State,,DEM,Kristin Hedger,67
Mercer,Precinct 3323,Secretary of State,,REP,Alvin A (Al) Jaeger,116
Mercer,Precinct 3323,State House Legislative,33,DEM,Kevin Herrmann,72
Mercer,Precinct 3323,State House Legislative,33,DEM,Mike Quinn,53
Mercer,Precinct 3323,State House Legislative,33,REP,Brenda Heller,94
Mercer,Precinct 3323,State House Legislative,33,REP,Gary Kreidt,91
Mercer,Precinct 3323,State House Legislative,33,REP,Keith Jacobson,40
Mercer,Precinct 3323,State Senate Legislative District 33,,DEM,John Mahoney,78
Mercer,Precinct 3323,State Senate Legislative District 33,,REP,Randel (Randy) Christmann,120
Mercer,Precinct 3323,Tax Commissioner,,DEM,Brent Edison,73
Mercer,Precinct 3323,Tax Commissioner,,REP,Cory Fong,112
Mercer,Precinct 3323,U.S. House,1,DEM,Earl Pomeroy,76
Mercer,Precinct 3323,U.S. House,1,REP,Matt Mechtel,110
Mercer,Precinct 3323,U.S. Senate,,DEM,Kent Conrad,81
Mercer,Precinct 3323,U.S. Senate,,REP,Dwight Grotberg,112
Mercer,Precinct 3324,Agriculture Commissioner,,DEM,Roger Johnson,47
Mercer,Precinct 3324,Agriculture Commissioner,,REP,Doug Goehring,68
Mercer,Precinct 3324,Attorney General,,DEM,Bill Brudvik,45
Mercer,Precinct 3324,Attorney General,,REP,Wayne Stenehjem,70
Mercer,Precinct 3324,C 1: This constitutional measure would amend section 16 of Article XI of the North Dakota Constitution,,,No,41
Mercer,Precinct 3324,C 1: This constitutional measure would amend section 16 of Article XI of the North Dakota Constitution,,,Yes,83
Mercer,Precinct 3324,C 2: This constitutional measure would amend certain sections and repeal other sections of Article XII of the North Dakota Constitution,,,No,43
Mercer,Precinct 3324,C 2: This constitutional measure would amend certain sections and repeal other sections of Article XII of the North Dakota Constitution,,,Yes,83
Mercer,Precinct 3324,Justice of the Supreme Court,,NON,Dale Sandstrom,122
Mercer,Precinct 3324,Public Service Commissioner,,DEM,Cheryl Bergian,45
Mercer,Precinct 3324,Public Service Commissioner,,REP,Tony Clark,68
Mercer,Precinct 3324,Secretary of State,,DEM,Kristin Hedger,46
Mercer,Precinct 3324,Secretary of State,,REP,Alvin A (Al) Jaeger,71
Mercer,Precinct 3324,State House Legislative,33,DEM,Kevin Herrmann,44
Mercer,Precinct 3324,State House Legislative,33,DEM,Mike Quinn,37
Mercer,Precinct 3324,State House Legislative,33,REP,Brenda Heller,53
Mercer,Precinct 3324,State House Legislative,33,REP,Gary Kreidt,51
Mercer,Precinct 3324,State House Legislative,33,REP,Keith Jacobson,28
Mercer,Precinct 3324,State Senate Legislative District 33,,DEM,John Mahoney,48
Mercer,Precinct 3324,State Senate Legislative District 33,,REP,Randel (Randy) Christmann,71
Mercer,Precinct 3324,Tax Commissioner,,DEM,Brent Edison,47
Mercer,Precinct 3324,Tax Commissioner,,REP,Cory Fong,68
Mercer,Precinct 3324,U.S. House,1,DEM,Earl Pomeroy,48
Mercer,Precinct 3324,U.S. House,1,REP,Matt Mechtel,69
Mercer,Precinct 3324,U.S. Senate,,DEM,Kent Conrad,51
Mercer,Precinct 3324,U.S. Senate,,REP,Dwight Grotberg,68
Mercer,Precinct 3381,Agriculture Commissioner,,DEM,Roger Johnson,97
Mercer,Precinct 3381,Agriculture Commissioner,,REP,Doug Goehring,94
Mercer,Precinct 3381,Attorney General,,DEM,Bill Brudvik,93
Mercer,Precinct 3381,Attorney General,,REP,Wayne Stenehjem,103
Mercer,Precinct 3381,C 1: This constitutional measure would amend section 16 of Article XI of the North Dakota Constitution,,,No,62
Mercer,Precinct 3381,C 1: This constitutional measure would amend section 16 of Article XI of the North Dakota Constitution,,,Yes,132
Mercer,Precinct 3381,C 2: This constitutional measure would amend certain sections and repeal other sections of Article XII of the North Dakota Constitution,,,No,62
Mercer,Precinct 3381,C 2: This constitutional measure would amend certain sections and repeal other sections of Article XII of the North Dakota Constitution,,,Yes,129
Mercer,Precinct 3381,Justice of the Supreme Court,,NON,Dale Sandstrom,186
Mercer,Precinct 3381,Public Service Commissioner,,DEM,Cheryl Bergian,94
Mercer,Precinct 3381,Public Service Commissioner,,REP,Tony Clark,95
Mercer,Precinct 3381,Secretary of State,,DEM,Kristin Hedger,93
Mercer,Precinct 3381,Secretary of State,,REP,Alvin A (Al) Jaeger,98
Mercer,Precinct 3381,State House Legislative,33,DEM,Kevin Herrmann,83
Mercer,Precinct 3381,State House Legislative,33,DEM,Mike Quinn,61
Mercer,Precinct 3381,State House Legislative,33,REP,Brenda Heller,66
Mercer,Precinct 3381,State House Legislative,33,REP,Gary Kreidt,81
Mercer,Precinct 3381,State House Legislative,33,REP,Keith Jacobson,40
Mercer,Precinct 3381,State Senate Legislative District 33,,DEM,John Mahoney,96
Mercer,Precinct 3381,State Senate Legislative District 33,,REP,Randel (Randy) Christmann,102
Mercer,Precinct 3381,Tax Commissioner,,DEM,Brent Edison,93
Mercer,Precinct 3381,Tax Commissioner,,REP,Cory Fong,90
Mercer,Precinct 3381,U.S. House,1,DEM,Earl Pomeroy,99
Mercer,Precinct 3381,U.S. House,1,REP,Matt Mechtel,90
Mercer,Precinct 3381,U.S. Senate,,DEM,Kent Conrad,101
Mercer,Precinct 3381,U.S. Senate,,REP,Dwight Grotberg,90
Mercer,Precinct 3382,Agriculture Commissioner,,DEM,Roger Johnson,81
Mercer,Precinct 3382,Agriculture Commissioner,,REP,Doug Goehring,114
Mercer,Precinct 3382,Attorney General,,DEM,Bill Brudvik,74
Mercer,Precinct 3382,Attorney General,,REP,Wayne Stenehjem,116
Mercer,Precinct 3382,C 1: This constitutional measure would amend section 16 of Article XI of the North Dakota Constitution,,,No,48
Mercer,Precinct 3382,C 1: This constitutional measure would amend section 16 of Article XI of the North Dakota Constitution,,,Yes,144
Mercer,Precinct 3382,C 2: This constitutional measure would amend certain sections and repeal other sections of Article XII of the North Dakota Constitution,,,No,61
Mercer,Precinct 3382,C 2: This constitutional measure would amend certain sections and repeal other sections of Article XII of the North Dakota Constitution,,,Yes,129
Mercer,Precinct 3382,Justice of the Supreme Court,,NON,Dale Sandstrom,183
Mercer,Precinct 3382,Public Service Commissioner,,DEM,Cheryl Bergian,73
Mercer,Precinct 3382,Public Service Commissioner,,REP,Tony Clark,115
Mercer,Precinct 3382,Secretary of State,,DEM,Kristin Hedger,77
Mercer,Precinct 3382,Secretary of State,,REP,Alvin A (Al) Jaeger,119
Mercer,Precinct 3382,State House Legislative,33,DEM,Kevin Herrmann,73
Mercer,Precinct 3382,State House Legislative,33,DEM,Mike Quinn,54
Mercer,Precinct 3382,State House Legislative,33,REP,Brenda Heller,86
Mercer,Precinct 3382,State House Legislative,33,REP,Gary Kreidt,91
Mercer,Precinct 3382,State House Legislative,33,REP,Keith Jacobson,53
Mercer,Precinct 3382,State Senate Legislative District 33,,DEM,John Mahoney,81
Mercer,Precinct 3382,State Senate Legislative District 33,,REP,Randel (Randy) Christmann,117
Mercer,Precinct 3382,Tax Commissioner,,DEM,Brent Edison,79
Mercer,Precinct 3382,Tax Commissioner,,REP,Cory Fong,114
Mercer,Precinct 3382,U.S. House,1,DEM,Earl Pomeroy,82
Mercer,Precinct 3382,U.S. House,1,REP,Matt Mechtel,112
Mercer,Precinct 3382,U.S. Senate,,DEM,Kent Conrad,84
Mercer,Precinct 3382,U.S. Senate,,REP,Dwight Grotberg,115
Mercer,Precinct 3383,Agriculture Commissioner,,DEM,Roger Johnson,96
Mercer,Precinct 3383,Agriculture Commissioner,,REP,Doug Goehring,71
Mercer,Precinct 3383,Attorney General,,DEM,Bill Brudvik,86
Mercer,Precinct 3383,Attorney General,,REP,Wayne Stenehjem,74
Mercer,Precinct 3383,C 1: This constitutional measure would amend section 16 of Article XI of the North Dakota Constitution,,,No,62
Mercer,Precinct 3383,C 1: This constitutional measure would amend section 16 of Article XI of the North Dakota Constitution,,,Yes,104
Mercer,Precinct 3383,C 2: This constitutional measure would amend certain sections and repeal other sections of Article XII of the North Dakota Constitution,,,No,62
Mercer,Precinct 3383,C 2: This constitutional measure would amend certain sections and repeal other sections of Article XII of the North Dakota Constitution,,,Yes,99
Mercer,Precinct 3383,Justice of the Supreme Court,,NON,Dale Sandstrom,151
Mercer,Precinct 3383,Public Service Commissioner,,DEM,Cheryl Bergian,88
Mercer,Precinct 3383,Public Service Commissioner,,REP,Tony Clark,71
Mercer,Precinct 3383,Secretary of State,,DEM,Kristin Hedger,90
Mercer,Precinct 3383,Secretary of State,,REP,Alvin A (Al) Jaeger,74
Mercer,Precinct 3383,State House Legislative,33,DEM,Kevin Herrmann,78
Mercer,Precinct 3383,State House Legislative,33,DEM,Mike Quinn,71
Mercer,Precinct 3383,State House Legislative,33,REP,Brenda Heller,56
Mercer,Precinct 3383,State House Legislative,33,REP,Gary Kreidt,54
Mercer,Precinct 3383,State House Legislative,33,REP,Keith Jacobson,33
Mercer,Precinct 3383,State Senate Legislative District 33,,DEM,John Mahoney,96
Mercer,Precinct 3383,State Senate Legislative District 33,,REP,Randel (Randy) Christmann,77
Mercer,Precinct 3383,Tax Commissioner,,DEM,Brent Edison,90
Mercer,Precinct 3383,Tax Commissioner,,REP,Cory Fong,71
Mercer,Precinct 3383,U.S. House,1,DEM,Earl Pomeroy,97
Mercer,Precinct 3383,U.S. House,1,REP,Matt Mechtel,73
Mercer,Precinct 3383,U.S. Senate,,DEM,Kent Conrad,99
Mercer,Precinct 3383,U.S. Senate,,REP,Dwight Grotberg,73
Morton,Precinct 3117,Agriculture Commissioner,,DEM,Roger Johnson,154
Morton,Precinct 3117,Agriculture Commissioner,,REP,Doug Goehring,135
Morton,Precinct 3117,Attorney General,,DEM,Bill Brudvik,140
Morton,Precinct 3117,Attorney General,,REP,Wayne Stenehjem,138
Morton,Precinct 3117,C 1: This constitutional measure would amend section 16 of Article XI of the North Dakota Constitution,,,No,96
Morton,Precinct 3117,C 1: This constitutional measure would amend section 16 of Article XI of the North Dakota Constitution,,,Yes,237
Morton,Precinct 3117,C 2: This constitutional measure would amend certain sections and repeal other sections of Article XII of the North Dakota Constitution,,,No,104
Morton,Precinct 3117,C 2: This constitutional measure would amend certain sections and repeal other sections of Article XII of the North Dakota Constitution,,,Yes,223
Morton,Precinct 3117,Justice of the Supreme Court,,NON,Dale Sandstrom,278
Morton,Precinct 3117,Public Service Commissioner,,DEM,Cheryl Bergian,142
Morton,Precinct 3117,Public Service Commissioner,,REP,Tony Clark,136
Morton,Precinct 3117,Secretary of State,,DEM,Kristin Hedger,147
Morton,Precinct 3117,Secretary of State,,REP,Alvin A (Al) Jaeger,133
Morton,Precinct 3117,State House Legislative,31,DEM,James Kerzman,140
Morton,Precinct 3117,State House Legislative,31,DEM,Rodney J Froelich,133
Morton,Precinct 3117,State House Legislative,31,REP,Carson Kouba,119
Morton,Precinct 3117,State House Legislative,31,REP,Charles W Murphy,128
Morton,Precinct 3117,State Senate Legislative District 31,,DEM,Aaron Krauter,149
Morton,Precinct 3117,State Senate Legislative District 31,,REP,Dennis Renner,135
Morton,Precinct 3117,Tax Commissioner,,DEM,Brent Edison,145
Morton,Precinct 3117,Tax Commissioner,,REP,Cory Fong,133
Morton,Precinct 3117,U.S. House,1,DEM,Earl Pomeroy,161
Morton,Precinct 3117,U.S. House,1,REP,Matt Mechtel,132
Morton,Precinct 3117,U.S. Senate,,DEM,Kent Conrad,165
Morton,Precinct 3117,U.S. Senate,,REP,Dwight Grotberg,133
Morton,Precinct 3118,Agriculture Commissioner,,DEM,Roger Johnson,76
Morton,Precinct 3118,Agriculture Commissioner,,REP,Doug Goehring,64
Morton,Precinct 3118,Attorney General,,DEM,Bill Brudvik,73
Morton,Precinct 3118,Attorney General,,REP,Wayne Stenehjem,65
Morton,Precinct 3118,C 1: This constitutional measure would amend section 16 of Article XI of the North Dakota Constitution,,,No,37
Morton,Precinct 3118,C 1: This constitutional measure would amend section 16 of Article XI of the North Dakota Constitution,,,Yes,113
Morton,Precinct 3118,C 2: This constitutional measure would amend certain sections and repeal other sections of Article XII of the North Dakota Constitution,,,No,47
Morton,Precinct 3118,C 2: This constitutional measure would amend certain sections and repeal other sections of Article XII of the North Dakota Constitution,,,Yes,101
Morton,Precinct 3118,Justice of the Supreme Court,,NON,Dale Sandstrom,134
Morton,Precinct 3118,Public Service Commissioner,,DEM,Cheryl Bergian,74
Morton,Precinct 3118,Public Service Commissioner,,REP,Tony Clark,63
Morton,Precinct 3118,Secretary of State,,DEM,Kristin Hedger,74
Morton,Precinct 3118,Secretary of State,,REP,Alvin A (Al) Jaeger,64
Morton,Precinct 3118,State House Legislative,31,DEM,James Kerzman,66
Morton,Precinct 3118,State House Legislative,31,DEM,Rodney J Froelich,58
Morton,Precinct 3118,State House Legislative,31,REP,Carson Kouba,55
Morton,Precinct 3118,State House Legislative,31,REP,Charles W Murphy,58
Morton,Precinct 3118,State Senate Legislative District 31,,DEM,Aaron Krauter,74
Morton,Precinct 3118,State Senate Legislative District 31,,REP,Dennis Renner,64
Morton,Precinct 3118,Tax Commissioner,,DEM,Brent Edison,75
Morton,Precinct 3118,Tax Commissioner,,REP,Cory Fong,64
Morton,Precinct 3118,U.S. House,1,DEM,Earl Pomeroy,80
Morton,Precinct 3118,U.S. House,1,REP,Matt Mechtel,64
Morton,Precinct 3118,U.S. Senate,,DEM,Kent Conrad,81
Morton,Precinct 3118,U.S. Senate,,REP,Dwight Grotberg,64
Morton,Precinct 3120,Agriculture Commissioner,,DEM,Roger Johnson,70
Morton,Precinct 3120,Agriculture Commissioner,,REP,Doug Goehring,32
Morton,Precinct 3120,Attorney General,,DEM,Bill Brudvik,64
Morton,Precinct 3120,Attorney General,,REP,Wayne Stenehjem,32
Morton,Precinct 3120,C 1: This constitutional measure would amend section 16 of Article XI of the North Dakota Constitution,,,No,35
Morton,Precinct 3120,C 1: This constitutional measure would amend section 16 of Article XI of the North Dakota Constitution,,,Yes,63
Morton,Precinct 3120,C 2: This constitutional measure would amend certain sections and repeal other sections of Article XII of the North Dakota Constitution,,,No,44
Morton,Precinct 3120,C 2: This constitutional measure would amend certain sections and repeal other sections of Article XII of the North Dakota Constitution,,,Yes,58
Morton,Precinct 3120,Justice of the Supreme Court,,NON,Dale Sandstrom,91
Morton,Precinct 3120,Public Service Commissioner,,DEM,Cheryl Bergian,64
Morton,Precinct 3120,Public Service Commissioner,,REP,Tony Clark,32
Morton,Precinct 3120,Secretary of State,,DEM,Kristin Hedger,64
Morton,Precinct 3120,Secretary of State,,REP,Alvin A (Al) Jaeger,32
Morton,Precinct 3120,State House Legislative,31,DEM,James Kerzman,58
Morton,Precinct 3120,State House Legislative,31,DEM,Rodney J Froelich,69
Morton,Precinct 3120,State House Legislative,31,REP,Carson Kouba,29
Morton,Precinct 3120,State House Legislative,31,REP,Charles W Murphy,27
Morton,Precinct 3120,State Senate Legislative District 31,,DEM,Aaron Krauter,72
Morton,Precinct 3120,State Senate Legislative District 31,,REP,Dennis Renner,33
Morton,Precinct 3120,Tax Commissioner,,DEM,Brent Edison,64
Morton,Precinct 3120,Tax Commissioner,,REP,Cory Fong,31
Morton,Precinct 3120,U.S. House,1,DEM,Earl Pomeroy,74
Morton,Precinct 3120,U.S. House,1,REP,Matt Mechtel,32
Morton,Precinct 3120,U.S. Senate,,DEM,Kent Conrad,74
Morton,Precinct 3120,U.S. Senate,,REP,Dwight Grotberg,33
Morton,Precinct 3123,Agriculture Commissioner,,DEM,Roger Johnson,59
Morton,Precinct 3123,Agriculture Commissioner,,REP,Doug Goehring,34
Morton,Precinct 3123,Attorney General,,DEM,Bill Brudvik,48
Morton,Precinct 3123,Attorney General,,REP,Wayne Stenehjem,32
Morton,Precinct 3123,C 1: This constitutional measure would amend section 16 of Article XI of the North Dakota Constitution,,,No,44
Morton,Precinct 3123,C 1: This constitutional measure would amend section 16 of Article XI of the North Dakota Constitution,,,Yes,51
Morton,Precinct 3123,C 2: This constitutional measure would amend certain sections and repeal other sections of Article XII of the North Dakota Constitution,,,No,55
Morton,Precinct 3123,C 2: This constitutional measure would amend certain sections and repeal other sections of Article XII of the North Dakota Constitution,,,Yes,39
Morton,Precinct 3123,Justice of the Supreme Court,,NON,Dale Sandstrom,71
Morton,Precinct 3123,Public Service Commissioner,,DEM,Cheryl Bergian,48
Morton,Precinct 3123,Public Service Commissioner,,REP,Tony Clark,29
Morton,Precinct 3123,Secretary of State,,DEM,Kristin Hedger,50
Morton,Precinct 3123,Secretary of State,,REP,Alvin A (Al) Jaeger,33
Morton,Precinct 3123,State House Legislative,31,DEM,James Kerzman,46
Morton,Precinct 3123,State House Legislative,31,DEM,Rodney J Froelich,57
Morton,Precinct 3123,State House Legislative,31,REP,Carson Kouba,30
Morton,Precinct 3123,State House Legislative,31,REP,Charles W Murphy,28
Morton,Precinct 3123,State Senate Legislative District 31,,DEM,Aaron Krauter,54
Morton,Precinct 3123,State Senate Legislative District 31,,REP,Dennis Renner,34
Morton,Precinct 3123,Tax Commissioner,,DEM,Brent Edison,52
Morton,Precinct 3123,Tax Commissioner,,REP,Cory Fong,33
Morton,Precinct 3123,U.S. House,1,DEM,Earl Pomeroy,64
Morton,Precinct 3123,U.S. House,1,REP,Matt Mechtel,31
Morton,Precinct 3123,U.S. Senate,,DEM,Kent Conrad,65
Morton,Precinct 3123,U.S. Senate,,REP,Dwight Grotberg,33
Morton,Precinct 3124,Agriculture Commissioner,,DEM,Roger Johnson,66
Morton,Precinct 3124,Agriculture Commissioner,,REP,Doug Goehring,85
Morton,Precinct 3124,Attorney General,,DEM,Bill Brudvik,60
Morton,Precinct 3124,Attorney General,,REP,Wayne Stenehjem,87
Morton,Precinct 3124,C 1: This constitutional measure would amend section 16 of Article XI of the North Dakota Constitution,,,No,59
Morton,Precinct 3124,C 1: This constitutional measure would amend section 16 of Article XI of the North Dakota Constitution,,,Yes,106
Morton,Precinct 3124,C 2: This constitutional measure would amend certain sections and repeal other sections of Article XII of the North Dakota Constitution,,,No,70
Morton,Precinct 3124,C 2: This constitutional measure would amend certain sections and repeal other sections of Article XII of the North Dakota Constitution,,,Yes,90
Morton,Precinct 3124,Justice of the Supreme Court,,NON,Dale Sandstrom,139
Morton,Precinct 3124,Public Service Commissioner,,DEM,Cheryl Bergian,59
Morton,Precinct 3124,Public Service Commissioner,,REP,Tony Clark,84
Morton,Precinct 3124,Secretary of State,,DEM,Kristin Hedger,61
Morton,Precinct 3124,Secretary of State,,REP,Alvin A (Al) Jaeger,86
Morton,Precinct 3124,State House Legislative,31,DEM,James Kerzman,58
Morton,Precinct 3124,State House Legislative,31,DEM,Rodney J Froelich,66
Morton,Precinct 3124,State House Legislative,31,REP,Carson Kouba,73
Morton,Precinct 3124,State House Legislative,31,REP,Charles W Murphy,80
Morton,Precinct 3124,State Senate Legislative District 31,,DEM,Aaron Krauter,67
Morton,Precinct 3124,State Senate Legislative District 31,,REP,Dennis Renner,85
Morton,Precinct 3124,Tax Commissioner,,DEM,Brent Edison,64
Morton,Precinct 3124,Tax Commissioner,,REP,Cory Fong,84
Morton,Precinct 3124,U.S. House,1,DEM,Earl Pomeroy,71
Morton,Precinct 3124,U.S. House,1,REP,Matt Mechtel,82
Morton,Precinct 3124,U.S. Senate,,DEM,Kent Conrad,73
Morton,Precinct 3124,U.S. Senate,,REP,Dwight Grotberg,87
Morton,Precinct 3332,Agriculture Commissioner,,DEM,Roger Johnson,159
Morton,Precinct 3332,Agriculture Commissioner,,REP,Doug Goehring,160
Morton,Precinct 3332,Attorney General,,DEM,Bill Brudvik,156
Morton,Precinct 3332,Attorney General,,REP,Wayne Stenehjem,161
Morton,Precinct 3332,C 1: This constitutional measure would amend section 16 of Article XI of the North Dakota Constitution,,,No,117
Morton,Precinct 3332,C 1: This constitutional measure would amend section 16 of Article XI of the North Dakota Constitution,,,Yes,218
Morton,Precinct 3332,C 2: This constitutional measure would amend certain sections and repeal other sections of Article XII of the North Dakota Constitution,,,No,126
Morton,Precinct 3332,C 2: This constitutional measure would amend certain sections and repeal other sections of Article XII of the North Dakota Constitution,,,Yes,206
Morton,Precinct 3332,Justice of the Supreme Court,,NON,Dale Sandstrom,308
Morton,Precinct 3332,Public Service Commissioner,,DEM,Cheryl Bergian,155
Morton,Precinct 3332,Public Service Commissioner,,REP,Tony Clark,154
Morton,Precinct 3332,Secretary of State,,DEM,Kristin Hedger,158
Morton,Precinct 3332,Secretary of State,,REP,Alvin A (Al) Jaeger,160
Morton,Precinct 3332,State House Legislative,33,DEM,Kevin Herrmann,138
Morton,Precinct 3332,State House Legislative,33,DEM,Mike Quinn,138
Morton,Precinct 3332,State House Legislative,33,REP,Brenda Heller,93
Morton,Precinct 3332,State House Legislative,33,REP,Gary Kreidt,85
Morton,Precinct 3332,State House Legislative,33,REP,Keith Jacobson,114
Morton,Precinct 3332,State Senate Legislative District 33,,DEM,John Mahoney,159
Morton,Precinct 3332,State Senate Legislative District 33,,REP,Randel (Randy) Christmann,164
Morton,Precinct 3332,Tax Commissioner,,DEM,Brent Edison,157
Morton,Precinct 3332,Tax Commissioner,,REP,Cory Fong,154
Morton,Precinct 3332,U.S. House,1,DEM,Earl Pomeroy,167
Morton,Precinct 3332,U.S. House,1,REP,Matt Mechtel,156
Morton,Precinct 3332,U.S. Senate,,DEM,Kent Conrad,166
Morton,Precinct 3332,U.S. Senate,,REP,Dwight Grotberg,156
Morton,Precinct 3333,Agriculture Commissioner,,DEM,Roger Johnson,100
Morton,Precinct 3333,Agriculture Commissioner,,REP,Doug Goehring,199
Morton,Precinct 3333,Attorney General,,DEM,Bill Brudvik,81
Morton,Precinct 3333,Attorney General,,REP,Wayne Stenehjem,206
Morton,Precinct 3333,C 1: This constitutional measure would amend section 16 of Article XI of the North Dakota Constitution,,,No,100
Morton,Precinct 3333,C 1: This constitutional measure would amend section 16 of Article XI of the North Dakota Constitution,,,Yes,206
Morton,Precinct 3333,C 2: This constitutional measure would amend certain sections and repeal other sections of Article XII of the North Dakota Constitution,,,No,115
Morton,Precinct 3333,C 2: This constitutional measure would amend certain sections and repeal other sections of Article XII of the North Dakota Constitution,,,Yes,184
Morton,Precinct 3333,Justice of the Supreme Court,,NON,Dale Sandstrom,273
Morton,Precinct 3333,Public Service Commissioner,,DEM,Cheryl Bergian,88
Morton,Precinct 3333,Public Service Commissioner,,REP,Tony Clark,198
Morton,Precinct 3333,Secretary of State,,DEM,Kristin Hedger,91
Morton,Precinct 3333,Secretary of State,,REP,Alvin A (Al) Jaeger,204
Morton,Precinct 3333,State House Legislative,33,DEM,Kevin Herrmann,79
Morton,Precinct 3333,State House Legislative,33,DEM,Mike Quinn,79
Morton,Precinct 3333,State House Legislative,33,REP,Brenda Heller,86
Morton,Precinct 3333,State House Legislative,33,REP,Gary Kreidt,175
Morton,Precinct 3333,State House Legislative,33,REP,Keith Jacobson,173
Morton,Precinct 3333,State Senate Legislative District 33,,DEM,John Mahoney,93
Morton,Precinct 3333,State Senate Legislative District 33,,REP,Randel (Randy) Christmann,209
Morton,Precinct 3333,Tax Commissioner,,DEM,Brent Edison,93
Morton,Precinct 3333,Tax Commissioner,,REP,Cory Fong,202
Morton,Precinct 3333,U.S. House,1,DEM,Earl Pomeroy,104
Morton,Precinct 3333,U.S. House,1,REP,Matt Mechtel,192
Morton,Precinct 3333,U.S. Senate,,DEM,Kent Conrad,106
Morton,Precinct 3333,U.S. Senate,,REP,Dwight Grotberg,201
Morton,Precinct 3334,Agriculture Commissioner,,DEM,Roger Johnson,16
Morton,Precinct 3334,Agriculture Commissioner,,REP,Doug Goehring,31
Morton,Precinct 3334,Attorney General,,DEM,Bill Brudvik,15
Morton,Precinct 3334,Attorney General,,REP,Wayne Stenehjem,29
Morton,Precinct 3334,C 1: This constitutional measure would amend section 16 of Article XI of the North Dakota Constitution,,,No,16
Morton,Precinct 3334,C 1: This constitutional measure would amend section 16 of Article XI of the North Dakota Constitution,,,Yes,31
Morton,Precinct 3334,C 2: This constitutional measure would amend certain sections and repeal other sections of Article XII of the North Dakota Constitution,,,No,25
Morton,Precinct 3334,C 2: This constitutional measure would amend certain sections and repeal other sections of Article XII of the North Dakota Constitution,,,Yes,19
Morton,Precinct 3334,Justice of the Supreme Court,,NON,Dale Sandstrom,43
Morton,Precinct 3334,Public Service Commissioner,,DEM,Cheryl Bergian,15
Morton,Precinct 3334,Public Service Commissioner,,REP,Tony Clark,28
Morton,Precinct 3334,Secretary of State,,DEM,Kristin Hedger,14
Morton,Precinct 3334,Secretary of State,,REP,Alvin A (Al) Jaeger,28
Morton,Precinct 3334,State House Legislative,33,DEM,Kevin Herrmann,16
Morton,Precinct 3334,State House Legislative,33,DEM,Mike Quinn,15
Morton,Precinct 3334,State House Legislative,33,REP,Brenda Heller,11
Morton,Precinct 3334,State House Legislative,33,REP,Gary Kreidt,25
Morton,Precinct 3334,State House Legislative,33,REP,Keith Jacobson,29
Morton,Precinct 3334,State Senate Legislative District 33,,DEM,John Mahoney,15
Morton,Precinct 3334,State Senate Legislative District 33,,REP,Randel (Randy) Christmann,32
Morton,Precinct 3334,Tax Commissioner,,DEM,Brent Edison,16
Morton,Precinct 3334,Tax Commissioner,,REP,Cory Fong,29
Morton,Precinct 3334,U.S. House,1,DEM,Earl Pomeroy,17
Morton,Precinct 3334,U.S. House,1,REP,Matt Mechtel,31
Morton,Precinct 3334,U.S. Senate,,DEM,Kent Conrad,17
Morton,Precinct 3334,U.S. Senate,,REP,Dwight Grotberg,31
Morton,Precinct 3401,Agriculture Commissioner,,DEM,Roger Johnson,214
Morton,Precinct 3401,Agriculture Commissioner,,REP,Doug Goehring,166
Morton,Precinct 3401,Attorney General,,DEM,Bill Brudvik,201
Morton,Precinct 3401,Attorney General,,REP,Wayne Stenehjem,168
Morton,Precinct 3401,C 1: This constitutional measure would amend section 16 of Article XI of the North Dakota Constitution,,,No,100
Morton,Precinct 3401,C 1: This constitutional measure would amend section 16 of Article XI of the North Dakota Constitution,,,Yes,305
Morton,Precinct 3401,C 2: This constitutional measure would amend certain sections and repeal other sections of Article XII of the North Dakota Constitution,,,No,118
Morton,Precinct 3401,C 2: This constitutional measure would amend certain sections and repeal other sections of Article XII of the North Dakota Constitution,,,Yes,283
Morton,Precinct 3401,Justice of the Supreme Court,,NON,Dale Sandstrom,357
Morton,Precinct 3401,Public Service Commissioner,,DEM,Cheryl Bergian,200
Morton,Precinct 3401,Public Service Commissioner,,REP,Tony Clark,167
Morton,Precinct 3401,Secretary of State,,DEM,Kristin Hedger,203
Morton,Precinct 3401,Secretary of State,,REP,Alvin A (Al) Jaeger,171
Morton,Precinct 3401,Tax Commissioner,,DEM,Brent Edison,207
Morton,Precinct 3401,Tax Commissioner,,REP,Cory Fong,165
Morton,Precinct 3401,U.S. House,1,DEM,Earl Pomeroy,225
Morton,Precinct 3401,U.S. House,1,REP,Matt Mechtel,161
Morton,Precinct 3401,U.S. Senate,,DEM,Kent Conrad,229
Morton,Precinct 3401,U.S. Senate,,REP,Dwight Grotberg,162
Morton,Precinct 3402,Agriculture Commissioner,,DEM,Roger Johnson,79
Morton,Precinct 3402,Agriculture Commissioner,,REP,Doug Goehring,82
Morton,Precinct 3402,Attorney General,,DEM,Bill Brudvik,79
Morton,Precinct 3402,Attorney General,,REP,Wayne Stenehjem,85
Morton,Precinct 3402,C 1: This constitutional measure would amend section 16 of Article XI of the North Dakota Constitution,,,No,26
Morton,Precinct 3402,C 1: This constitutional measure would amend section 16 of Article XI of the North Dakota Constitution,,,Yes,142
Morton,Precinct 3402,C 2: This constitutional measure would amend certain sections and repeal other sections of Article XII of the North Dakota Constitution,,,No,29
Morton,Precinct 3402,C 2: This constitutional measure would amend certain sections and repeal other sections of Article XII of the North Dakota Constitution,,,Yes,137
Morton,Precinct 3402,Justice of the Supreme Court,,NON,Dale Sandstrom,154
Morton,Precinct 3402,Public Service Commissioner,,DEM,Cheryl Bergian,76
Morton,Precinct 3402,Public Service Commissioner,,REP,Tony Clark,83
Morton,Precinct 3402,Secretary of State,,DEM,Kristin Hedger,81
Morton,Precinct 3402,Secretary of State,,REP,Alvin A (Al) Jaeger,83
Morton,Precinct 3402,Tax Commissioner,,DEM,Brent Edison,80
Morton,Precinct 3402,Tax Commissioner,,REP,Cory Fong,82
Morton,Precinct 3402,U.S. House,1,DEM,Earl Pomeroy,79
Morton,Precinct 3402,U.S. House,1,REP,Matt Mechtel,79
Morton,Precinct 3402,U.S. Senate,,DEM,Kent Conrad,83
Morton,Precinct 3402,U.S. Senate,,REP,Dwight Grotberg,82
Morton,Precinct 3403,Agriculture Commissioner,,DEM,Roger Johnson,187
Morton,Precinct 3403,Agriculture Commissioner,,REP,Doug Goehring,112
Morton,Precinct 3403,Attorney General,,DEM,Bill Brudvik,167
Morton,Precinct 3403,Attorney General,,REP,Wayne Stenehjem,114
Morton,Precinct 3403,C 1: This constitutional measure would amend section 16 of Article XI of the North Dakota Constitution,,,No,93
Morton,Precinct 3403,C 1: This constitutional measure would amend section 16 of Article XI of the North Dakota Constitution,,,Yes,215
Morton,Precinct 3403,C 2: This constitutional measure would amend certain sections and repeal other sections of Article XII of the North Dakota Constitution,,,No,105
Morton,Precinct 3403,C 2: This constitutional measure would amend certain sections and repeal other sections of Article XII of the North Dakota Constitution,,,Yes,200
Morton,Precinct 3403,Justice of the Supreme Court,,NON,Dale Sandstrom,254
Morton,Precinct 3403,Public Service Commissioner,,DEM,Cheryl Bergian,169
Morton,Precinct 3403,Public Service Commissioner,,REP,Tony Clark,113
Morton,Precinct 3403,Secretary of State,,DEM,Kristin Hedger,165
Morton,Precinct 3403,Secretary of State,,REP,Alvin A (Al) Jaeger,114
Morton,Precinct 3403,Tax Commissioner,,DEM,Brent Edison,174
Morton,Precinct 3403,Tax Commissioner,,REP,Cory Fong,114
Morton,Precinct 3403,U.S. House,1,DEM,Earl Pomeroy,193
Morton,Precinct 3403,U.S. House,1,REP,Matt Mechtel,107
Morton,Precinct 3403,U.S. Senate,,DEM,Kent Conrad,199
Morton,Precinct 3403,U.S. Senate,,REP,Dwight Grotberg,113
Morton,Precinct 3404,Agriculture Commissioner,,DEM,Roger Johnson,192
Morton,Precinct 3404,Agriculture Commissioner,,REP,Doug Goehring,146
Morton,Precinct 3404,Attorney General,,DEM,Bill Brudvik,173
Morton,Precinct 3404,Attorney General,,REP,Wayne Stenehjem,149
Morton,Precinct 3404,C 1: This constitutional measure would amend section 16 of Article XI of the North Dakota Constitution,,,No,81
Morton,Precinct 3404,C 1: This constitutional measure would amend section 16 of Article XI of the North Dakota Constitution,,,Yes,257
Morton,Precinct 3404,C 2: This constitutional measure would amend certain sections and repeal other sections of Article XII of the North Dakota Constitution,,,No,103
Morton,Precinct 3404,C 2: This constitutional measure would amend certain sections and repeal other sections of Article XII of the North Dakota Constitution,,,Yes,227
Morton,Precinct 3404,Justice of the Supreme Court,,NON,Dale Sandstrom,311
Morton,Precinct 3404,Public Service Commissioner,,DEM,Cheryl Bergian,174
Morton,Precinct 3404,Public Service Commissioner,,REP,Tony Clark,145
Morton,Precinct 3404,Secretary of State,,DEM,Kristin Hedger,178
Morton,Precinct 3404,Secretary of State,,REP,Alvin A (Al) Jaeger,150
Morton,Precinct 3404,Tax Commissioner,,DEM,Brent Edison,176
Morton,Precinct 3404,Tax Commissioner,,REP,Cory Fong,145
Morton,Precinct 3404,U.S. House,1,DEM,Earl Pomeroy,192
Morton,Precinct 3404,U.S. House,1,REP,Matt Mechtel,143
Morton,Precinct 3404,U.S. Senate,,DEM,Kent Conrad,198
Morton,Precinct 3404,U.S. Senate,,REP,Dwight Grotberg,146
Morton,Precinct 3405,Agriculture Commissioner,,DEM,Roger Johnson,134
Morton,Precinct 3405,Agriculture Commissioner,,REP,Doug Goehring,75
Morton,Precinct 3405,Attorney General,,DEM,Bill Brudvik,125
Morton,Precinct 3405,Attorney General,,REP,Wayne Stenehjem,72
Morton,Precinct 3405,C 1: This constitutional measure would amend section 16 of Article XI of the North Dakota Constitution,,,No,74
Morton,Precinct 3405,C 1: This constitutional measure would amend section 16 of Article XI of the North Dakota Constitution,,,Yes,159
Morton,Precinct 3405,C 2: This constitutional measure would amend certain sections and repeal other sections of Article XII of the North Dakota Constitution,,,No,86
Morton,Precinct 3405,C 2: This constitutional measure would amend certain sections and repeal other sections of Article XII of the North Dakota Constitution,,,Yes,147
Morton,Precinct 3405,Justice of the Supreme Court,,NON,Dale Sandstrom,202
Morton,Precinct 3405,Public Service Commissioner,,DEM,Cheryl Bergian,127
Morton,Precinct 3405,Public Service Commissioner,,REP,Tony Clark,71
Morton,Precinct 3405,Secretary of State,,DEM,Kristin Hedger,129
Morton,Precinct 3405,Secretary of State,,REP,Alvin A (Al) Jaeger,73
Morton,Precinct 3405,Tax Commissioner,,DEM,Brent Edison,129
Morton,Precinct 3405,Tax Commissioner,,REP,Cory Fong,69
Morton,Precinct 3405,U.S. House,1,DEM,Earl Pomeroy,139
Morton,Precinct 3405,U.S. House,1,REP,Matt Mechtel,75
Morton,Precinct 3405,U.S. Senate,,DEM,Kent Conrad,140
Morton,Precinct 3405,U.S. Senate,,REP,Dwight Grotberg,75
Morton,Precinct 3406,Agriculture Commissioner,,DEM,Roger Johnson,224
Morton,Precinct 3406,Agriculture Commissioner,,REP,Doug Goehring,168
Morton,Precinct 3406,Attorney General,,DEM,Bill Brudvik,206
Morton,Precinct 3406,Attorney General,,REP,Wayne Stenehjem,171
Morton,Precinct 3406,C 1: This constitutional measure would amend section 16 of Article XI of the North Dakota Constitution,,,No,99
Morton,Precinct 3406,C 1: This constitutional measure would amend section 16 of Article XI of the North Dakota Constitution,,,Yes,344
Morton,Precinct 3406,C 2: This constitutional measure would amend certain sections and repeal other sections of Article XII of the North Dakota Constitution,,,No,130
Morton,Precinct 3406,C 2: This constitutional measure would amend certain sections and repeal other sections of Article XII of the North Dakota Constitution,,,Yes,310
Morton,Precinct 3406,Justice of the Supreme Court,,NON,Dale Sandstrom,381
Morton,Precinct 3406,Public Service Commissioner,,DEM,Cheryl Bergian,204
Morton,Precinct 3406,Public Service Commissioner,,REP,Tony Clark,164
Morton,Precinct 3406,Secretary of State,,DEM,Kristin Hedger,212
Morton,Precinct 3406,Secretary of State,,REP,Alvin A (Al) Jaeger,166
Morton,Precinct 3406,Tax Commissioner,,DEM,Brent Edison,213
Morton,Precinct 3406,Tax Commissioner,,REP,Cory Fong,163
Morton,Precinct 3406,U.S. House,1,DEM,Earl Pomeroy,225
Morton,Precinct 3406,U.S. House,1,REP,Matt Mechtel,159
Morton,Precinct 3406,U.S. Senate,,DEM,Kent Conrad,231
Morton,Precinct 3406,U.S. Senate,,REP,Dwight Grotberg,166
Morton,Precinct 3407,Agriculture Commissioner,,DEM,Roger Johnson,154
Morton,Precinct 3407,Agriculture Commissioner,,REP,Doug Goehring,60
Morton,Precinct 3407,Attorney General,,DEM,Bill Brudvik,138
Morton,Precinct 3407,Attorney General,,REP,Wayne Stenehjem,62
Morton,Precinct 3407,C 1: This constitutional measure would amend section 16 of Article XI of the North Dakota Constitution,,,No,59
Morton,Precinct 3407,C 1: This constitutional measure would amend section 16 of Article XI of the North Dakota Constitution,,,Yes,167
Morton,Precinct 3407,C 2: This constitutional measure would amend certain sections and repeal other sections of Article XII of the North Dakota Constitution,,,No,72
Morton,Precinct 3407,C 2: This constitutional measure would amend certain sections and repeal other sections of Article XII of the North Dakota Constitution,,,Yes,149
Morton,Precinct 3407,Justice of the Supreme Court,,NON,Dale Sandstrom,198
Morton,Precinct 3407,Public Service Commissioner,,DEM,Cheryl Bergian,143
Morton,Precinct 3407,Public Service Commissioner,,REP,Tony Clark,59
Morton,Precinct 3407,Secretary of State,,DEM,Kristin Hedger,146
Morton,Precinct 3407,Secretary of State,,REP,Alvin A (Al) Jaeger,60
Morton,Precinct 3407,Tax Commissioner,,DEM,Brent Edison,144
Morton,Precinct 3407,Tax Commissioner,,REP,Cory Fong,59
Morton,Precinct 3407,U.S. House,1,DEM,Earl Pomeroy,156
Morton,Precinct 3407,U.S. House,1,REP,Matt Mechtel,59
Morton,Precinct 3407,U.S. Senate,,DEM,Kent Conrad,160
Morton,Precinct 3407,U.S. Senate,,REP,Dwight Grotberg,64
Morton,Precinct 3408,Agriculture Commissioner,,DEM,Roger Johnson,109
Morton,Precinct 3408,Agriculture Commissioner,,REP,Doug Goehring,59
Morton,Precinct 3408,Attorney General,,DEM,Bill Brudvik,105
Morton,Precinct 3408,Attorney General,,REP,Wayne Stenehjem,58
Morton,Precinct 3408,C 1: This constitutional measure would amend section 16 of Article XI of the North Dakota Constitution,,,No,62
Morton,Precinct 3408,C 1: This constitutional measure would amend section 16 of Article XI of the North Dakota Constitution,,,Yes,108
Morton,Precinct 3408,C 2: This constitutional measure would amend certain sections and repeal other sections of Article XII of the North Dakota Constitution,,,No,67
Morton,Precinct 3408,C 2: This constitutional measure would amend certain sections and repeal other sections of Article XII of the North Dakota Constitution,,,Yes,94
Morton,Precinct 3408,Justice of the Supreme Court,,NON,Dale Sandstrom,156
Morton,Precinct 3408,Public Service Commissioner,,DEM,Cheryl Bergian,105
Morton,Precinct 3408,Public Service Commissioner,,REP,Tony Clark,55
Morton,Precinct 3408,Secretary of State,,DEM,Kristin Hedger,106
Morton,Precinct 3408,Secretary of State,,REP,Alvin A (Al) Jaeger,58
Morton,Precinct 3408,Tax Commissioner,,DEM,Brent Edison,106
Morton,Precinct 3408,Tax Commissioner,,REP,Cory Fong,55
Morton,Precinct 3408,U.S. House,1,DEM,Earl Pomeroy,112
Morton,Precinct 3408,U.S. House,1,REP,Matt Mechtel,57
Morton,Precinct 3408,U.S. Senate,,DEM,Kent Conrad,117
Morton,Precinct 3408,U.S. Senate,,REP,Dwight Grotberg,57
Morton,Precinct 3636,Agriculture Commissioner,,DEM,Roger Johnson,134
Morton,Precinct 3636,Agriculture Commissioner,,REP,Doug Goehring,157
Morton,Precinct 3636,Attorney General,,DEM,Bill Brudvik,120
Morton,Precinct 3636,Attorney General,,REP,Wayne Stenehjem,168
Morton,Precinct 3636,C 1: This constitutional measure would amend section 16 of Article XI of the North Dakota Constitution,,,No,111
Morton,Precinct 3636,C 1: This constitutional measure would amend section 16 of Article XI of the North Dakota Constitution,,,Yes,168
Morton,Precinct 3636,C 2: This constitutional measure would amend certain sections and repeal other sections of Article XII of the North Dakota Constitution,,,No,103
Morton,Precinct 3636,C 2: This constitutional measure would amend certain sections and repeal other sections of Article XII of the North Dakota Constitution,,,Yes,175
Morton,Precinct 3636,Justice of the Supreme Court,,NON,Dale Sandstrom,271
Morton,Precinct 3636,Public Service Commissioner,,DEM,Cheryl Bergian,118
Morton,Precinct 3636,Public Service Commissioner,,REP,Tony Clark,158
Morton,Precinct 3636,Secretary of State,,DEM,Kristin Hedger,127
Morton,Precinct 3636,Secretary of State,,REP,Alvin A (Al) Jaeger,165
Morton,Precinct 3636,Tax Commissioner,,DEM,Brent Edison,120
Morton,Precinct 3636,Tax Commissioner,,REP,Cory Fong,154
Morton,Precinct 3636,U.S. House,1,DEM,Earl Pomeroy,138
Morton,Precinct 3636,U.S. House,1,REP,Matt Mechtel,154
Morton,Precinct 3636,U.S. Senate,,DEM,Kent Conrad,142
Morton,Precinct 3636,U.S. Senate,,REP,Dwight Grotberg,158
Morton,Precinct 3638,Agriculture Commissioner,,DEM,Roger Johnson,62
Morton,Precinct 3638,Agriculture Commissioner,,REP,Doug Goehring,69
Morton,Precinct 3638,Attorney General,,DEM,Bill Brudvik,57
Morton,Precinct 3638,Attorney General,,REP,Wayne Stenehjem,68
Morton,Precinct 3638,C 1: This constitutional measure would amend section 16 of Article XI of the North Dakota Constitution,,,No,36
Morton,Precinct 3638,C 1: This constitutional measure would amend section 16 of Article XI of the North Dakota Constitution,,,Yes,91
Morton,Precinct 3638,C 2: This constitutional measure would amend certain sections and repeal other sections of Article XII of the North Dakota Constitution,,,No,53
Morton,Precinct 3638,C 2: This constitutional measure would amend certain sections and repeal other sections of Article XII of the North Dakota Constitution,,,Yes,71
Morton,Precinct 3638,Justice of the Supreme Court,,NON,Dale Sandstrom,117
Morton,Precinct 3638,Public Service Commissioner,,DEM,Cheryl Bergian,58
Morton,Precinct 3638,Public Service Commissioner,,REP,Tony Clark,69
Morton,Precinct 3638,Secretary of State,,DEM,Kristin Hedger,56
Morton,Precinct 3638,Secretary of State,,REP,Alvin A (Al) Jaeger,68
Morton,Precinct 3638,Tax Commissioner,,DEM,Brent Edison,58
Morton,Precinct 3638,Tax Commissioner,,REP,Cory Fong,67
Morton,Precinct 3638,U.S. House,1,DEM,Earl Pomeroy,68
Morton,Precinct 3638,U.S. House,1,REP,Matt Mechtel,63
Morton,Precinct 3638,U.S. Senate,,DEM,Kent Conrad,69
Morton,Precinct 3638,U.S. Senate,,REP,Dwight Grotberg,65
Mountrail,Precinct 0201,Agriculture Commissioner,,DEM,Roger Johnson,156
Mountrail,Precinct 0201,Agriculture Commissioner,,REP,Doug Goehring,94
Mountrail,Precinct 0201,Attorney General,,DEM,Bill Brudvik,143
Mountrail,Precinct 0201,Attorney General,,REP,Wayne Stenehjem,96
Mountrail,Precinct 0201,C 1: This constitutional measure would amend section 16 of Article XI of the North Dakota Constitution,,,No,59
Mountrail,Precinct 0201,C 1: This constitutional measure would amend section 16 of Article XI of the North Dakota Constitution,,,Yes,187
Mountrail,Precinct 0201,C 2: This constitutional measure would amend certain sections and repeal other sections of Article XII of the North Dakota Constitution,,,No,96
Mountrail,Precinct 0201,C 2: This constitutional measure would amend certain sections and repeal other sections of Article XII of the North Dakota Constitution,,,Yes,147
Mountrail,Precinct 0201,Justice of the Supreme Court,,NON,Dale Sandstrom,226
Mountrail,Precinct 0201,Public Service Commissioner,,DEM,Cheryl Bergian,144
Mountrail,Precinct 0201,Public Service Commissioner,,REP,Tony Clark,94
Mountrail,Precinct 0201,Secretary of State,,DEM,Kristin Hedger,142
Mountrail,Precinct 0201,Secretary of State,,REP,Alvin A (Al) Jaeger,99
Mountrail,Precinct 0201,Tax Commissioner,,DEM,Brent Edison,147
Mountrail,Precinct 0201,Tax Commissioner,,REP,Cory Fong,96
Mountrail,Precinct 0201,U.S. House,1,DEM,Earl Pomeroy,162
Mountrail,Precinct 0201,U.S. House,1,REP,Matt Mechtel,94
Mountrail,Precinct 0201,U.S. Senate,,DEM,Kent Conrad,164
Mountrail,Precinct 0201,U.S. Senate,,REP,Dwight Grotberg,95
Mountrail,Precinct 0206,Agriculture Commissioner,,DEM,Roger Johnson,16
Mountrail,Precinct 0206,Agriculture Commissioner,,REP,Doug Goehring,21
Mountrail,Precinct 0206,Attorney General,,DEM,Bill Brudvik,15
Mountrail,Precinct 0206,Attorney General,,REP,Wayne Stenehjem,21
Mountrail,Precinct 0206,C 1: This constitutional measure would amend section 16 of Article XI of the North Dakota Constitution,,,No,19
Mountrail,Precinct 0206,C 1: This constitutional measure would amend section 16 of Article XI of the North Dakota Constitution,,,Yes,15
Mountrail,Precinct 0206,C 2: This constitutional measure would amend certain sections and repeal other sections of Article XII of the North Dakota Constitution,,,No,23
Mountrail,Precinct 0206,C 2: This constitutional measure would amend certain sections and repeal other sections of Article XII of the North Dakota Constitution,,,Yes,11
Mountrail,Precinct 0206,Justice of the Supreme Court,,NON,Dale Sandstrom,35
Mountrail,Precinct 0206,Public Service Commissioner,,DEM,Cheryl Bergian,16
Mountrail,Precinct 0206,Public Service Commissioner,,REP,Tony Clark,21
Mountrail,Precinct 0206,Secretary of State,,DEM,Kristin Hedger,16
Mountrail,Precinct 0206,Secretary of State,,REP,Alvin A (Al) Jaeger,21
Mountrail,Precinct 0206,Tax Commissioner,,DEM,Brent Edison,16
Mountrail,Precinct 0206,Tax Commissioner,,REP,Cory Fong,21
Mountrail,Precinct 0206,U.S. House,1,DEM,Earl Pomeroy,16
Mountrail,Precinct 0206,U.S. House,1,REP,Matt Mechtel,20
Mountrail,Precinct 0206,U.S. Senate,,DEM,Kent Conrad,16
Mountrail,Precinct 0206,U.S. Senate,,REP,Dwight Grotberg,20
Mountrail,Precinct 0207,Agriculture Commissioner,,DEM,Roger Johnson,36
Mountrail,Precinct 0207,Agriculture Commissioner,,REP,Doug Goehring,30
Mountrail,Precinct 0207,Attorney General,,DEM,Bill Brudvik,31
Mountrail,Precinct 0207,Attorney General,,REP,Wayne Stenehjem,35
Mountrail,Precinct 0207,C 1: This constitutional measure would amend section 16 of Article XI of the North Dakota Constitution,,,No,27
Mountrail,Precinct 0207,C 1: This constitutional measure would amend section 16 of Article XI of the North Dakota Constitution,,,Yes,41
Mountrail,Precinct 0207,C 2: This constitutional measure would amend certain sections and repeal other sections of Article XII of the North Dakota Constitution,,,No,39
Mountrail,Precinct 0207,C 2: This constitutional measure would amend certain sections and repeal other sections of Article XII of the North Dakota Constitution,,,Yes,26
Mountrail,Precinct 0207,Justice of the Supreme Court,,NON,Dale Sandstrom,60
Mountrail,Precinct 0207,Public Service Commissioner,,DEM,Cheryl Bergian,33
Mountrail,Precinct 0207,Public Service Commissioner,,REP,Tony Clark,32
Mountrail,Precinct 0207,Secretary of State,,DEM,Kristin Hedger,32
Mountrail,Precinct 0207,Secretary of State,,REP,Alvin A (Al) Jaeger,32
Mountrail,Precinct 0207,Tax Commissioner,,DEM,Brent Edison,33
Mountrail,Precinct 0207,Tax Commissioner,,REP,Cory Fong,29
Mountrail,Precinct 0207,U.S. House,1,DEM,Earl Pomeroy,35
Mountrail,Precinct 0207,U.S. House,1,REP,Matt Mechtel,30
Mountrail,Precinct 0207,U.S. Senate,,DEM,Kent Conrad,38
Mountrail,Precinct 0207,U.S. Senate,,REP,Dwight Grotberg,32
Mountrail,Precinct 0402,Agriculture Commissioner,,DEM,Roger Johnson,60
Mountrail,Precinct 0402,Agriculture Commissioner,,REP,Doug Goehring,25
Mountrail,Precinct 0402,Attorney General,,DEM,Bill Brudvik,59
Mountrail,Precinct 0402,Attorney General,,REP,Wayne Stenehjem,25
Mountrail,Precinct 0402,C 1: This constitutional measure would amend section 16 of Article XI of the North Dakota Constitution,,,No,18
Mountrail,Precinct 0402,C 1: This constitutional measure would amend section 16 of Article XI of the North Dakota Constitution,,,Yes,62
Mountrail,Precinct 0402,C 2: This constitutional measure would amend certain sections and repeal other sections of Article XII of the North Dakota Constitution,,,No,22
Mountrail,Precinct 0402,C 2: This constitutional measure would amend certain sections and repeal other sections of Article XII of the North Dakota Constitution,,,Yes,57
Mountrail,Precinct 0402,Justice of the Supreme Court,,NON,Dale Sandstrom,78
Mountrail,Precinct 0402,Public Service Commissioner,,DEM,Cheryl Bergian,59
Mountrail,Precinct 0402,Public Service Commissioner,,REP,Tony Clark,24
Mountrail,Precinct 0402,Secretary of State,,DEM,Kristin Hedger,59
Mountrail,Precinct 0402,Secretary of State,,REP,Alvin A (Al) Jaeger,23
Mountrail,Precinct 0402,Tax Commissioner,,DEM,Brent Edison,59
Mountrail,Precinct 0402,Tax Commissioner,,REP,Cory Fong,23
Mountrail,Precinct 0402,U.S. House,1,DEM,Earl Pomeroy,60
Mountrail,Precinct 0402,U.S. House,1,REP,Matt Mechtel,23
Mountrail,Precinct 0402,U.S. Senate,,DEM,Kent Conrad,61
Mountrail,Precinct 0402,U.S. Senate,,REP,Dwight Grotberg,24
Mountrail,Precinct 0403,Agriculture Commissioner,,DEM,Roger Johnson,125
Mountrail,Precinct 0403,Agriculture Commissioner,,REP,Doug Goehring,23
Mountrail,Precinct 0403,Attorney General,,DEM,Bill Brudvik,115
Mountrail,Precinct 0403,Attorney General,,REP,Wayne Stenehjem,28
Mountrail,Precinct 0403,C 1: This constitutional measure would amend section 16 of Article XI of the North Dakota Constitution,,,No,31
Mountrail,Precinct 0403,C 1: This constitutional measure would amend section 16 of Article XI of the North Dakota Constitution,,,Yes,125
Mountrail,Precinct 0403,C 2: This constitutional measure would amend certain sections and repeal other sections of Article XII of the North Dakota Constitution,,,No,35
Mountrail,Precinct 0403,C 2: This constitutional measure would amend certain sections and repeal other sections of Article XII of the North Dakota Constitution,,,Yes,122
Mountrail,Precinct 0403,Justice of the Supreme Court,,NON,Dale Sandstrom,138
Mountrail,Precinct 0403,Public Service Commissioner,,DEM,Cheryl Bergian,118
Mountrail,Precinct 0403,Public Service Commissioner,,REP,Tony Clark,24
Mountrail,Precinct 0403,Secretary of State,,DEM,Kristin Hedger,117
Mountrail,Precinct 0403,Secretary of State,,REP,Alvin A (Al) Jaeger,27
Mountrail,Precinct 0403,Tax Commissioner,,DEM,Brent Edison,121
Mountrail,Precinct 0403,Tax Commissioner,,REP,Cory Fong,25
Mountrail,Precinct 0403,U.S. House,1,DEM,Earl Pomeroy,126
Mountrail,Precinct 0403,U.S. House,1,REP,Matt Mechtel,22
Mountrail,Precinct 0403,U.S. Senate,,DEM,Kent Conrad,125
Mountrail,Precinct 0403,U.S. Senate,,REP,Dwight Grotberg,24
Mountrail,Precinct 0404,Agriculture Commissioner,,DEM,Roger Johnson,38
Mountrail,Precinct 0404,Agriculture Commissioner,,REP,Doug Goehring,27
Mountrail,Precinct 0404,Attorney General,,DEM,Bill Brudvik,36
Mountrail,Precinct 0404,Attorney General,,REP,Wayne Stenehjem,27
Mountrail,Precinct 0404,C 1: This constitutional measure would amend section 16 of Article XI of the North Dakota Constitution,,,No,23
Mountrail,Precinct 0404,C 1: This constitutional measure would amend section 16 of Article XI of the North Dakota Constitution,,,Yes,38
Mountrail,Precinct 0404,C 2: This constitutional measure would amend certain sections and repeal other sections of Article XII of the North Dakota Constitution,,,No,31
Mountrail,Precinct 0404,C 2: This constitutional measure would amend certain sections and repeal other sections of Article XII of the North Dakota Constitution,,,Yes,29
Mountrail,Precinct 0404,Justice of the Supreme Court,,NON,Dale Sandstrom,54
Mountrail,Precinct 0404,Public Service Commissioner,,DEM,Cheryl Bergian,36
Mountrail,Precinct 0404,Public Service Commissioner,,REP,Tony Clark,27
Mountrail,Precinct 0404,Secretary of State,,DEM,Kristin Hedger,36
Mountrail,Precinct 0404,Secretary of State,,REP,Alvin A (Al) Jaeger,26
Mountrail,Precinct 0404,Tax Commissioner,,DEM,Brent Edison,37
Mountrail,Precinct 0404,Tax Commissioner,,REP,Cory Fong,27
Mountrail,Precinct 0404,U.S. House,1,DEM,Earl Pomeroy,39
Mountrail,Precinct 0404,U.S. House,1,REP,Matt Mechtel,27
Mountrail,Precinct 0404,U.S. Senate,,DEM,Kent Conrad,39
Mountrail,Precinct 0404,U.S. Senate,,REP,Dwight Grotberg,27
Mountrail,Precinct 0405,Agriculture Commissioner,,DEM,Roger Johnson,34
Mountrail,Precinct 0405,Agriculture Commissioner,,REP,Doug Goehring,19
Mountrail,Precinct 0405,Attorney General,,DEM,Bill Brudvik,31
Mountrail,Precinct 0405,Attorney General,,REP,Wayne Stenehjem,16
Mountrail,Precinct 0405,C 1: This constitutional measure would amend section 16 of Article XI of the North Dakota Constitution,,,No,19
Mountrail,Precinct 0405,C 1: This constitutional measure would amend section 16 of Article XI of the North Dakota Constitution,,,Yes,34
Mountrail,Precinct 0405,C 2: This constitutional measure would amend certain sections and repeal other sections of Article XII of the North Dakota Constitution,,,No,25
Mountrail,Precinct 0405,C 2: This constitutional measure would amend certain sections and repeal other sections of Article XII of the North Dakota Constitution,,,Yes,25
Mountrail,Precinct 0405,Justice of the Supreme Court,,NON,Dale Sandstrom,45
Mountrail,Precinct 0405,Public Service Commissioner,,DEM,Cheryl Bergian,31
Mountrail,Precinct 0405,Public Service Commissioner,,REP,Tony Clark,18
Mountrail,Precinct 0405,Secretary of State,,DEM,Kristin Hedger,31
Mountrail,Precinct 0405,Secretary of State,,REP,Alvin A (Al) Jaeger,18
Mountrail,Precinct 0405,Tax Commissioner,,DEM,Brent Edison,32
Mountrail,Precinct 0405,Tax Commissioner,,REP,Cory Fong,18
Mountrail,Precinct 0405,U.S. House,1,DEM,Earl Pomeroy,35
Mountrail,Precinct 0405,U.S. House,1,REP,Matt Mechtel,19
Mountrail,Precinct 0405,U.S. Senate,,DEM,Kent Conrad,36
Mountrail,Precinct 0405,U.S. Senate,,REP,Dwight Grotberg,19
Mountrail,Precinct 0408,Agriculture Commissioner,,DEM,Roger Johnson,40
Mountrail,Precinct 0408,Agriculture Commissioner,,REP,Doug Goehring,11
Mountrail,Precinct 0408,Attorney General,,DEM,Bill Brudvik,38
Mountrail,Precinct 0408,Attorney General,,REP,Wayne Stenehjem,13
Mountrail,Precinct 0408,C 1: This constitutional measure would amend section 16 of Article XI of the North Dakota Constitution,,,No,9
Mountrail,Precinct 0408,C 1: This constitutional measure would amend section 16 of Article XI of the North Dakota Constitution,,,Yes,44
Mountrail,Precinct 0408,C 2: This constitutional measure would amend certain sections and repeal other sections of Article XII of the North Dakota Constitution,,,No,17
Mountrail,Precinct 0408,C 2: This constitutional measure would amend certain sections and repeal other sections of Article XII of the North Dakota Constitution,,,Yes,33
Mountrail,Precinct 0408,Justice of the Supreme Court,,NON,Dale Sandstrom,48
Mountrail,Precinct 0408,Public Service Commissioner,,DEM,Cheryl Bergian,40
Mountrail,Precinct 0408,Public Service Commissioner,,REP,Tony Clark,12
Mountrail,Precinct 0408,Secretary of State,,DEM,Kristin Hedger,38
Mountrail,Precinct 0408,Secretary of State,,REP,Alvin A (Al) Jaeger,14
Mountrail,Precinct 0408,Tax Commissioner,,DEM,Brent Edison,39
Mountrail,Precinct 0408,Tax Commissioner,,REP,Cory Fong,11
Mountrail,Precinct 0408,U.S. House,1,DEM,Earl Pomeroy,40
Mountrail,Precinct 0408,U.S. House,1,REP,Matt Mechtel,14
Mountrail,Precinct 0408,U.S. Senate,,DEM,Kent Conrad,40
Mountrail,Precinct 0408,U.S. Senate,,REP,Dwight Grotberg,14
Mountrail,Precinct 0409,Agriculture Commissioner,,DEM,Roger Johnson,52
Mountrail,Precinct 0409,Agriculture Commissioner,,REP,Doug Goehring,25
Mountrail,Precinct 0409,Attorney General,,DEM,Bill Brudvik,46
Mountrail,Precinct 0409,Attorney General,,REP,Wayne Stenehjem,26
Mountrail,Precinct 0409,C 1: This constitutional measure would amend section 16 of Article XI of the North Dakota Constitution,,,No,19
Mountrail,Precinct 0409,C 1: This constitutional measure would amend section 16 of Article XI of the North Dakota Constitution,,,Yes,50
Mountrail,Precinct 0409,C 2: This constitutional measure would amend certain sections and repeal other sections of Article XII of the North Dakota Constitution,,,No,26
Mountrail,Precinct 0409,C 2: This constitutional measure would amend certain sections and repeal other sections of Article XII of the North Dakota Constitution,,,Yes,43
Mountrail,Precinct 0409,Justice of the Supreme Court,,NON,Dale Sandstrom,56
Mountrail,Precinct 0409,Public Service Commissioner,,DEM,Cheryl Bergian,49
Mountrail,Precinct 0409,Public Service Commissioner,,REP,Tony Clark,25
Mountrail,Precinct 0409,Secretary of State,,DEM,Kristin Hedger,50
Mountrail,Precinct 0409,Secretary of State,,REP,Alvin A (Al) Jaeger,25
Mountrail,Precinct 0409,Tax Commissioner,,DEM,Brent Edison,50
Mountrail,Precinct 0409,Tax Commissioner,,REP,Cory Fong,25
Mountrail,Precinct 0409,U.S. House,1,DEM,Earl Pomeroy,54
Mountrail,Precinct 0409,U.S. House,1,REP,Matt Mechtel,24
Mountrail,Precinct 0409,U.S. Senate,,DEM,Kent Conrad,52
Mountrail,Precinct 0409,U.S. Senate,,REP,Dwight Grotberg,25
Nelson,Precinct 2301,Agriculture Commissioner,,DEM,Roger Johnson,157
Nelson,Precinct 2301,Agriculture Commissioner,,REP,Doug Goehring,89
Nelson,Precinct 2301,Attorney General,,DEM,Bill Brudvik,143
Nelson,Precinct 2301,Attorney General,,REP,Wayne Stenehjem,92
Nelson,Precinct 2301,C 1: This constitutional measure would amend section 16 of Article XI of the North Dakota Constitution,,,No,58
Nelson,Precinct 2301,C 1: This constitutional measure would amend section 16 of Article XI of the North Dakota Constitution,,,Yes,200
Nelson,Precinct 2301,C 2: This constitutional measure would amend certain sections and repeal other sections of Article XII of the North Dakota Constitution,,,No,64
Nelson,Precinct 2301,C 2: This constitutional measure would amend certain sections and repeal other sections of Article XII of the North Dakota Constitution,,,Yes,190
Nelson,Precinct 2301,Justice of the Supreme Court,,NON,Dale Sandstrom,248
Nelson,Precinct 2301,Public Service Commissioner,,DEM,Cheryl Bergian,145
Nelson,Precinct 2301,Public Service Commissioner,,REP,Tony Clark,90
Nelson,Precinct 2301,Secretary of State,,DEM,Kristin Hedger,149
Nelson,Precinct 2301,Secretary of State,,REP,Alvin A (Al) Jaeger,91
Nelson,Precinct 2301,State House Legislative,23,DEM,Ben Vig,146
Nelson,Precinct 2301,State House Legislative,23,DEM,Edward R Brownshield,114
Nelson,Precinct 2301,State House Legislative,23,REP,Don Vigesaa,80
Nelson,Precinct 2301,State House Legislative,23,REP,William (Bill) Devlin,87
Nelson,Precinct 2301,State Senate Legislative District 23,,DEM,Joan Heckaman,155
Nelson,Precinct 2301,State Senate Legislative District 23,,REP,Frank E Walker,53
Nelson,Precinct 2301,State Senate Legislative District 23,,REP,Preston Meier,41
Nelson,Precinct 2301,Tax Commissioner,,DEM,Brent Edison,147
Nelson,Precinct 2301,Tax Commissioner,,REP,Cory Fong,89
Nelson,Precinct 2301,U.S. House,1,DEM,Earl Pomeroy,168
Nelson,Precinct 2301,U.S. House,1,REP,Matt Mechtel,85
Nelson,Precinct 2301,U.S. Senate,,DEM,Kent Conrad,169
Nelson,Precinct 2301,U.S. Senate,,REP,Dwight Grotberg,87
Nelson,Precinct 2302,Agriculture Commissioner,,DEM,Roger Johnson,72
Nelson,Precinct 2302,Agriculture Commissioner,,REP,Doug Goehring,25
Nelson,Precinct 2302,Attorney General,,DEM,Bill Brudvik,64
Nelson,Precinct 2302,Attorney General,,REP,Wayne Stenehjem,25
Nelson,Precinct 2302,C 1: This constitutional measure would amend section 16 of Article XI of the North Dakota Constitution,,,No,25
Nelson,Precinct 2302,C 1: This constitutional measure would amend section 16 of Article XI of the North Dakota Constitution,,,Yes,81
Nelson,Precinct 2302,C 2: This constitutional measure would amend certain sections and repeal other sections of Article XII of the North Dakota Constitution,,,No,30
Nelson,Precinct 2302,C 2: This constitutional measure would amend certain sections and repeal other sections of Article XII of the North Dakota Constitution,,,Yes,76
Nelson,Precinct 2302,Justice of the Supreme Court,,NON,Dale Sandstrom,105
Nelson,Precinct 2302,Public Service Commissioner,,DEM,Cheryl Bergian,66
Nelson,Precinct 2302,Public Service Commissioner,,REP,Tony Clark,22
Nelson,Precinct 2302,Secretary of State,,DEM,Kristin Hedger,68
Nelson,Precinct 2302,Secretary of State,,REP,Alvin A (Al) Jaeger,23
Nelson,Precinct 2302,State House Legislative,23,DEM,Ben Vig,65
Nelson,Precinct 2302,State House Legislative,23,DEM,Edward R Brownshield,64
Nelson,Precinct 2302,State House Legislative,23,REP,Don Vigesaa,24
Nelson,Precinct 2302,State House Legislative,23,REP,William (Bill) Devlin,26
Nelson,Precinct 2302,State Senate Legislative District 23,,DEM,Joan Heckaman,71
Nelson,Precinct 2302,State Senate Legislative District 23,,REP,Frank E Walker,10
Nelson,Precinct 2302,State Senate Legislative District 23,,REP,Preston Meier,12
Nelson,Precinct 2302,Tax Commissioner,,DEM,Brent Edison,67
Nelson,Precinct 2302,Tax Commissioner,,REP,Cory Fong,23
Nelson,Precinct 2302,U.S. House,1,DEM,Earl Pomeroy,71
Nelson,Precinct 2302,U.S. House,1,REP,Matt Mechtel,23
Nelson,Precinct 2302,U.S. Senate,,DEM,Kent Conrad,74
Nelson,Precinct 2302,U.S. Senate,,REP,Dwight Grotberg,23
Nelson,Precinct 2303,Agriculture Commissioner,,DEM,Roger Johnson,31
Nelson,Precinct 2303,Agriculture Commissioner,,REP,Doug Goehring,16
Nelson,Precinct 2303,Attorney General,,DEM,Bill Brudvik,30
Nelson,Precinct 2303,Attorney General,,REP,Wayne Stenehjem,17
Nelson,Precinct 2303,C 1: This constitutional measure would amend section 16 of Article XI of the North Dakota Constitution,,,No,14
Nelson,Precinct 2303,C 1: This constitutional measure would amend section 16 of Article XI of the North Dakota Constitution,,,Yes,33
Nelson,Precinct 2303,C 2: This constitutional measure would amend certain sections and repeal other sections of Article XII of the North Dakota Constitution,,,No,12
Nelson,Precinct 2303,C 2: This constitutional measure would amend certain sections and repeal other sections of Article XII of the North Dakota Constitution,,,Yes,29
Nelson,Precinct 2303,Justice of the Supreme Court,,NON,Dale Sandstrom,43
Nelson,Precinct 2303,Public Service Commissioner,,DEM,Cheryl Bergian,29
Nelson,Precinct 2303,Public Service Commissioner,,REP,Tony Clark,16
Nelson,Precinct 2303,Secretary of State,,DEM,Kristin Hedger,30
Nelson,Precinct 2303,Secretary of State,,REP,Alvin A (Al) Jaeger,18
Nelson,Precinct 2303,State House Legislative,23,DEM,Ben Vig,28
Nelson,Precinct 2303,State House Legislative,23,DEM,Edward R Brownshield,28
Nelson,Precinct 2303,State House Legislative,23,REP,Don Vigesaa,16
Nelson,Precinct 2303,State House Legislative,23,REP,William (Bill) Devlin,19
Nelson,Precinct 2303,State Senate Legislative District 23,,DEM,Joan Heckaman,33
Nelson,Precinct 2303,State Senate Legislative District 23,,REP,Frank E Walker,4
Nelson,Precinct 2303,State Senate Legislative District 23,,REP,Preston Meier,12
Nelson,Precinct 2303,Tax Commissioner,,DEM,Brent Edison,29
Nelson,Precinct 2303,Tax Commissioner,,REP,Cory Fong,16
Nelson,Precinct 2303,U.S. House,1,DEM,Earl Pomeroy,35
Nelson,Precinct 2303,U.S. House,1,REP,Matt Mechtel,15
Nelson,Precinct 2303,U.S. Senate,,DEM,Kent Conrad,36
Nelson,Precinct 2303,U.S. Senate,,REP,Dwight Grotberg,16
Nelson,Precinct 2304,Agriculture Commissioner,,DEM,Roger Johnson,16
Nelson,Precinct 2304,Agriculture Commissioner,,REP,Doug Goehring,28
Nelson,Precinct 2304,Attorney General,,DEM,Bill Brudvik,17
Nelson,Precinct 2304,Attorney General,,REP,Wayne Stenehjem,27
Nelson,Precinct 2304,C 1: This constitutional measure would amend section 16 of Article XI of the North Dakota Constitution,,,No,9
Nelson,Precinct 2304,C 1: This constitutional measure would amend section 16 of Article XI of the North Dakota Constitution,,,Yes,39
Nelson,Precinct 2304,C 2: This constitutional measure would amend certain sections and repeal other sections of Article XII of the North Dakota Constitution,,,No,8
Nelson,Precinct 2304,C 2: This constitutional measure would amend certain sections and repeal other sections of Article XII of the North Dakota Constitution,,,Yes,40
Nelson,Precinct 2304,Justice of the Supreme Court,,NON,Dale Sandstrom,44
Nelson,Precinct 2304,Public Service Commissioner,,DEM,Cheryl Bergian,15
Nelson,Precinct 2304,Public Service Commissioner,,REP,Tony Clark,27
Nelson,Precinct 2304,Secretary of State,,DEM,Kristin Hedger,15
Nelson,Precinct 2304,Secretary of State,,REP,Alvin A (Al) Jaeger,29
Nelson,Precinct 2304,State House Legislative,23,DEM,Ben Vig,16
Nelson,Precinct 2304,State House Legislative,23,DEM,Edward R Brownshield,10
Nelson,Precinct 2304,State House Legislative,23,REP,Don Vigesaa,30
Nelson,Precinct 2304,State House Legislative,23,REP,William (Bill) Devlin,26
Nelson,Precinct 2304,State Senate Legislative District 23,,DEM,Joan Heckaman,15
Nelson,Precinct 2304,State Senate Legislative District 23,,REP,Frank E Walker,12
Nelson,Precinct 2304,State Senate Legislative District 23,,REP,Preston Meier,16
Nelson,Precinct 2304,Tax Commissioner,,DEM,Brent Edison,18
Nelson,Precinct 2304,Tax Commissioner,,REP,Cory Fong,27
Nelson,Precinct 2304,U.S. House,1,DEM,Earl Pomeroy,17
Nelson,Precinct 2304,U.S. House,1,REP,Matt Mechtel,29
Nelson,Precinct 2304,U.S. Senate,,DEM,Kent Conrad,18
Nelson,Precinct 2304,U.S. Senate,,REP,Dwight Grotberg,28
Nelson,Precinct 2305,Agriculture Commissioner,,DEM,Roger Johnson,57
Nelson,Precinct 2305,Agriculture Commissioner,,REP,Doug Goehring,50
Nelson,Precinct 2305,Attorney General,,DEM,Bill Brudvik,55
Nelson,Precinct 2305,Attorney General,,REP,Wayne Stenehjem,57
Nelson,Precinct 2305,C 1: This constitutional measure would amend section 16 of Article XI of the North Dakota Constitution,,,No,27
Nelson,Precinct 2305,C 1: This constitutional measure would amend section 16 of Article XI of the North Dakota Constitution,,,Yes,74
Nelson,Precinct 2305,C 2: This constitutional measure would amend certain sections and repeal other sections of Article XII of the North Dakota Constitution,,,No,25
Nelson,Precinct 2305,C 2: This constitutional measure would amend certain sections and repeal other sections of Article XII of the North Dakota Constitution,,,Yes,79
Nelson,Precinct 2305,Justice of the Supreme Court,,NON,Dale Sandstrom,106
Nelson,Precinct 2305,Public Service Commissioner,,DEM,Cheryl Bergian,57
Nelson,Precinct 2305,Public Service Commissioner,,REP,Tony Clark,51
Nelson,Precinct 2305,Secretary of State,,DEM,Kristin Hedger,56
Nelson,Precinct 2305,Secretary of State,,REP,Alvin A (Al) Jaeger,55
Nelson,Precinct 2305,State House Legislative,23,DEM,Ben Vig,50
Nelson,Precinct 2305,State House Legislative,23,DEM,Edward R Brownshield,50
Nelson,Precinct 2305,State House Legislative,23,REP,Don Vigesaa,53
Nelson,Precinct 2305,State House Legislative,23,REP,William (Bill) Devlin,50
Nelson,Precinct 2305,State Senate Legislative District 23,,DEM,Joan Heckaman,55
Nelson,Precinct 2305,State Senate Legislative District 23,,REP,Frank E Walker,15
Nelson,Precinct 2305,State Senate Legislative District 23,,REP,Preston Meier,40
Nelson,Precinct 2305,Tax Commissioner,,DEM,Brent Edison,55
Nelson,Precinct 2305,Tax Commissioner,,REP,Cory Fong,48
Nelson,Precinct 2305,U.S. House,1,DEM,Earl Pomeroy,60
Nelson,Precinct 2305,U.S. House,1,REP,Matt Mechtel,50
Nelson,Precinct 2305,U.S. Senate,,DEM,Kent Conrad,60
Nelson,Precinct 2305,U.S. Senate,,REP,Dwight Grotberg,51
Nelson,Precinct 2306,Agriculture Commissioner,,DEM,Roger Johnson,43
Nelson,Precinct 2306,Agriculture Commissioner,,REP,Doug Goehring,17
Nelson,Precinct 2306,Attorney General,,DEM,Bill Brudvik,41
Nelson,Precinct 2306,Attorney General,,REP,Wayne Stenehjem,20
Nelson,Precinct 2306,C 1: This constitutional measure would amend section 16 of Article XI of the North Dakota Constitution,,,No,17
Nelson,Precinct 2306,C 1: This constitutional measure would amend section 16 of Article XI of the North Dakota Constitution,,,Yes,41
Nelson,Precinct 2306,C 2: This constitutional measure would amend certain sections and repeal other sections of Article XII of the North Dakota Constitution,,,No,21
Nelson,Precinct 2306,C 2: This constitutional measure would amend certain sections and repeal other sections of Article XII of the North Dakota Constitution,,,Yes,38
Nelson,Precinct 2306,Justice of the Supreme Court,,NON,Dale Sandstrom,56
Nelson,Precinct 2306,Public Service Commissioner,,DEM,Cheryl Bergian,41
Nelson,Precinct 2306,Public Service Commissioner,,REP,Tony Clark,17
Nelson,Precinct 2306,Secretary of State,,DEM,Kristin Hedger,42
Nelson,Precinct 2306,Secretary of State,,REP,Alvin A (Al) Jaeger,19
Nelson,Precinct 2306,State House Legislative,23,DEM,Ben Vig,39
Nelson,Precinct 2306,State House Legislative,23,DEM,Edward R Brownshield,35
Nelson,Precinct 2306,State House Legislative,23,REP,Don Vigesaa,18
Nelson,Precinct 2306,State House Legislative,23,REP,William (Bill) Devlin,15
Nelson,Precinct 2306,State Senate Legislative District 23,,DEM,Joan Heckaman,43
Nelson,Precinct 2306,State Senate Legislative District 23,,REP,Frank E Walker,8
Nelson,Precinct 2306,State Senate Legislative District 23,,REP,Preston Meier,11
Nelson,Precinct 2306,Tax Commissioner,,DEM,Brent Edison,42
Nelson,Precinct 2306,Tax Commissioner,,REP,Cory Fong,17
Nelson,Precinct 2306,U.S. House,1,DEM,Earl Pomeroy,45
Nelson,Precinct 2306,U.S. House,1,REP,Matt Mechtel,17
Nelson,Precinct 2306,U.S. Senate,,DEM,Kent Conrad,46
Nelson,Precinct 2306,U.S. Senate,,REP,Dwight Grotberg,16
Oliver,Precinct 3301,Agriculture Commissioner,,DEM,Roger Johnson,41
Oliver,Precinct 3301,Agriculture Commissioner,,REP,Doug Goehring,46
Oliver,Precinct 3301,Attorney General,,DEM,Bill Brudvik,36
Oliver,Precinct 3301,Attorney General,,REP,Wayne Stenehjem,46
Oliver,Precinct 3301,C 1: This constitutional measure would amend section 16 of Article XI of the North Dakota Constitution,,,No,37
Oliver,Precinct 3301,C 1: This constitutional measure would amend section 16 of Article XI of the North Dakota Constitution,,,Yes,49
Oliver,Precinct 3301,C 2: This constitutional measure would amend certain sections and repeal other sections of Article XII of the North Dakota Constitution,,,No,32
Oliver,Precinct 3301,C 2: This constitutional measure would amend certain sections and repeal other sections of Article XII of the North Dakota Constitution,,,Yes,48
Oliver,Precinct 3301,Justice of the Supreme Court,,NON,Dale Sandstrom,80
Oliver,Precinct 3301,Public Service Commissioner,,DEM,Cheryl Bergian,37
Oliver,Precinct 3301,Public Service Commissioner,,REP,Tony Clark,46
Oliver,Precinct 3301,Secretary of State,,DEM,Kristin Hedger,38
Oliver,Precinct 3301,Secretary of State,,REP,Alvin A (Al) Jaeger,47
Oliver,Precinct 3301,State House Legislative,33,DEM,Kevin Herrmann,32
Oliver,Precinct 3301,State House Legislative,33,DEM,Mike Quinn,31
Oliver,Precinct 3301,State House Legislative,33,REP,Brenda Heller,31
Oliver,Precinct 3301,State House Legislative,33,REP,Gary Kreidt,35
Oliver,Precinct 3301,State House Legislative,33,REP,Keith Jacobson,30
Oliver,Precinct 3301,State Senate Legislative District 33,,DEM,John Mahoney,41
Oliver,Precinct 3301,State Senate Legislative District 33,,REP,Randel (Randy) Christmann,46
Oliver,Precinct 3301,Tax Commissioner,,DEM,Brent Edison,37
Oliver,Precinct 3301,Tax Commissioner,,REP,Cory Fong,46
Oliver,Precinct 3301,U.S. House,1,DEM,Earl Pomeroy,40
Oliver,Precinct 3301,U.S. House,1,REP,Matt Mechtel,47
Oliver,Precinct 3301,U.S. Senate,,DEM,Kent Conrad,40
Oliver,Precinct 3301,U.S. Senate,,REP,Dwight Grotberg,48
Oliver,Precinct 3302,Agriculture Commissioner,,DEM,Roger Johnson,58
Oliver,Precinct 3302,Agriculture Commissioner,,REP,Doug Goehring,53
Oliver,Precinct 3302,Attorney General,,DEM,Bill Brudvik,53
Oliver,Precinct 3302,Attorney General,,REP,Wayne Stenehjem,53
Oliver,Precinct 3302,C 1: This constitutional measure would amend section 16 of Article XI of the North Dakota Constitution,,,No,24
Oliver,Precinct 3302,C 1: This constitutional measure would amend section 16 of Article XI of the North Dakota Constitution,,,Yes,83
Oliver,Precinct 3302,C 2: This constitutional measure would amend certain sections and repeal other sections of Article XII of the North Dakota Constitution,,,No,30
Oliver,Precinct 3302,C 2: This constitutional measure would amend certain sections and repeal other sections of Article XII of the North Dakota Constitution,,,Yes,77
Oliver,Precinct 3302,Justice of the Supreme Court,,NON,Dale Sandstrom,101
Oliver,Precinct 3302,Public Service Commissioner,,DEM,Cheryl Bergian,57
Oliver,Precinct 3302,Public Service Commissioner,,REP,Tony Clark,52
Oliver,Precinct 3302,Secretary of State,,DEM,Kristin Hedger,56
Oliver,Precinct 3302,Secretary of State,,REP,Alvin A (Al) Jaeger,53
Oliver,Precinct 3302,State House Legislative,33,DEM,Kevin Herrmann,55
Oliver,Precinct 3302,State House Legislative,33,DEM,Mike Quinn,42
Oliver,Precinct 3302,State House Legislative,33,REP,Brenda Heller,33
Oliver,Precinct 3302,State House Legislative,33,REP,Gary Kreidt,43
Oliver,Precinct 3302,State House Legislative,33,REP,Keith Jacobson,27
Oliver,Precinct 3302,State Senate Legislative District 33,,DEM,John Mahoney,56
Oliver,Precinct 3302,State Senate Legislative District 33,,REP,Randel (Randy) Christmann,55
Oliver,Precinct 3302,Tax Commissioner,,DEM,Brent Edison,56
Oliver,Precinct 3302,Tax Commissioner,,REP,Cory Fong,52
Oliver,Precinct 3302,U.S. House,1,DEM,Earl Pomeroy,56
Oliver,Precinct 3302,U.S. House,1,REP,Matt Mechtel,52
Oliver,Precinct 3302,U.S. Senate,,DEM,Kent Conrad,57
Oliver,Precinct 3302,U.S. Senate,,REP,Dwight Grotberg,50
Oliver,Precinct 3303,Agriculture Commissioner,,DEM,Roger Johnson,5
Oliver,Precinct 3303,Agriculture Commissioner,,REP,Doug Goehring,13
Oliver,Precinct 3303,Attorney General,,DEM,Bill Brudvik,5
Oliver,Precinct 3303,Attorney General,,REP,Wayne Stenehjem,12
Oliver,Precinct 3303,C 1: This constitutional measure would amend section 16 of Article XI of the North Dakota Constitution,,,No,2
Oliver,Precinct 3303,C 1: This constitutional measure would amend section 16 of Article XI of the North Dakota Constitution,,,Yes,15
Oliver,Precinct 3303,C 2: This constitutional measure would amend certain sections and repeal other sections of Article XII of the North Dakota Constitution,,,No,7
Oliver,Precinct 3303,C 2: This constitutional measure would amend certain sections and repeal other sections of Article XII of the North Dakota Constitution,,,Yes,10
Oliver,Precinct 3303,Justice of the Supreme Court,,NON,Dale Sandstrom,16
Oliver,Precinct 3303,Public Service Commissioner,,DEM,Cheryl Bergian,5
Oliver,Precinct 3303,Public Service Commissioner,,REP,Tony Clark,12
Oliver,Precinct 3303,Secretary of State,,DEM,Kristin Hedger,5
Oliver,Precinct 3303,Secretary of State,,REP,Alvin A (Al) Jaeger,12
Oliver,Precinct 3303,State House Legislative,33,DEM,Kevin Herrmann,5
Oliver,Precinct 3303,State House Legislative,33,DEM,Mike Quinn,3
Oliver,Precinct 3303,State House Legislative,33,REP,Brenda Heller,8
Oliver,Precinct 3303,State House Legislative,33,REP,Gary Kreidt,12
Oliver,Precinct 3303,State House Legislative,33,REP,Keith Jacobson,6
Oliver,Precinct 3303,State Senate Legislative District 33,,DEM,John Mahoney,5
Oliver,Precinct 3303,State Senate Legislative District 33,,REP,Randel (Randy) Christmann,13
Oliver,Precinct 3303,Tax Commissioner,,DEM,Brent Edison,5
Oliver,Precinct 3303,Tax Commissioner,,REP,Cory Fong,12
Oliver,Precinct 3303,U.S. House,1,DEM,Earl Pomeroy,5
Oliver,Precinct 3303,U.S. House,1,REP,Matt Mechtel,12
Oliver,Precinct 3303,U.S. Senate,,DEM,Kent Conrad,5
Oliver,Precinct 3303,U.S. Senate,,REP,Dwight Grotberg,12
Oliver,Precinct 3304,Agriculture Commissioner,,DEM,Roger Johnson,15
Oliver,Precinct 3304,Agriculture Commissioner,,REP,Doug Goehring,14
Oliver,Precinct 3304,Attorney General,,DEM,Bill Brudvik,14
Oliver,Precinct 3304,Attorney General,,REP,Wayne Stenehjem,12
Oliver,Precinct 3304,C 1: This constitutional measure would amend section 16 of Article XI of the North Dakota Constitution,,,No,6
Oliver,Precinct 3304,C 1: This constitutional measure would amend section 16 of Article XI of the North Dakota Constitution,,,Yes,22
Oliver,Precinct 3304,C 2: This constitutional measure would amend certain sections and repeal other sections of Article XII of the North Dakota Constitution,,,No,8
Oliver,Precinct 3304,C 2: This constitutional measure would amend certain sections and repeal other sections of Article XII of the North Dakota Constitution,,,Yes,19
Oliver,Precinct 3304,Justice of the Supreme Court,,NON,Dale Sandstrom,27
Oliver,Precinct 3304,Public Service Commissioner,,DEM,Cheryl Bergian,14
Oliver,Precinct 3304,Public Service Commissioner,,REP,Tony Clark,10
Oliver,Precinct 3304,Secretary of State,,DEM,Kristin Hedger,14
Oliver,Precinct 3304,Secretary of State,,REP,Alvin A (Al) Jaeger,11
Oliver,Precinct 3304,State House Legislative,33,DEM,Kevin Herrmann,12
Oliver,Precinct 3304,State House Legislative,33,DEM,Mike Quinn,14
Oliver,Precinct 3304,State House Legislative,33,REP,Brenda Heller,10
Oliver,Precinct 3304,State House Legislative,33,REP,Gary Kreidt,10
Oliver,Precinct 3304,State House Legislative,33,REP,Keith Jacobson,6
Oliver,Precinct 3304,State Senate Legislative District 33,,DEM,John Mahoney,16
Oliver,Precinct 3304,State Senate Legislative District 33,,REP,Randel (Randy) Christmann,12
Oliver,Precinct 3304,Tax Commissioner,,DEM,Brent Edison,14
Oliver,Precinct 3304,Tax Commissioner,,REP,Cory Fong,12
Oliver,Precinct 3304,U.S. House,1,DEM,Earl Pomeroy,15
Oliver,Precinct 3304,U.S. House,1,REP,Matt Mechtel,12
Oliver,Precinct 3304,U.S. Senate,,DEM,Kent Conrad,15
Oliver,Precinct 3304,U.S. Senate,,REP,Dwight Grotberg,11
Oliver,Precinct 3305,Agriculture Commissioner,,DEM,Roger Johnson,7
Oliver,Precinct 3305,Agriculture Commissioner,,REP,Doug Goehring,17
Oliver,Precinct 3305,Attorney General,,DEM,Bill Brudvik,4
Oliver,Precinct 3305,Attorney General,,REP,Wayne Stenehjem,20
Oliver,Precinct 3305,C 1: This constitutional measure would amend section 16 of Article XI of the North Dakota Constitution,,,No,5
Oliver,Precinct 3305,C 1: This constitutional measure would amend section 16 of Article XI of the North Dakota Constitution,,,Yes,23
Oliver,Precinct 3305,C 2: This constitutional measure would amend certain sections and repeal other sections of Article XII of the North Dakota Constitution,,,No,7
Oliver,Precinct 3305,C 2: This constitutional measure would amend certain sections and repeal other sections of Article XII of the North Dakota Constitution,,,Yes,21
Oliver,Precinct 3305,Justice of the Supreme Court,,NON,Dale Sandstrom,28
Oliver,Precinct 3305,Public Service Commissioner,,DEM,Cheryl Bergian,6
Oliver,Precinct 3305,Public Service Commissioner,,REP,Tony Clark,18
Oliver,Precinct 3305,Secretary of State,,DEM,Kristin Hedger,4
Oliver,Precinct 3305,Secretary of State,,REP,Alvin A (Al) Jaeger,21
Oliver,Precinct 3305,State House Legislative,33,DEM,Kevin Herrmann,7
Oliver,Precinct 3305,State House Legislative,33,DEM,Mike Quinn,6
Oliver,Precinct 3305,State House Legislative,33,REP,Brenda Heller,19
Oliver,Precinct 3305,State House Legislative,33,REP,Gary Kreidt,14
Oliver,Precinct 3305,State House Legislative,33,REP,Keith Jacobson,6
Oliver,Precinct 3305,State Senate Legislative District 33,,DEM,John Mahoney,7
Oliver,Precinct 3305,State Senate Legislative District 33,,REP,Randel (Randy) Christmann,19
Oliver,Precinct 3305,Tax Commissioner,,DEM,Brent Edison,7
Oliver,Precinct 3305,Tax Commissioner,,REP,Cory Fong,17
Oliver,Precinct 3305,U.S. House,1,DEM,Earl Pomeroy,7
Oliver,Precinct 3305,U.S. House,1,REP,Matt Mechtel,19
Oliver,Precinct 3305,U.S. Senate,,DEM,Kent Conrad,7
Oliver,Precinct 3305,U.S. Senate,,REP,Dwight Grotberg,20
Oliver,Precinct 3306,Agriculture Commissioner,,DEM,Roger Johnson,26
Oliver,Precinct 3306,Agriculture Commissioner,,REP,Doug Goehring,44
Oliver,Precinct 3306,Attorney General,,DEM,Bill Brudvik,24
Oliver,Precinct 3306,Attorney General,,REP,Wayne Stenehjem,46
Oliver,Precinct 3306,C 1: This constitutional measure would amend section 16 of Article XI of the North Dakota Constitution,,,No,26
Oliver,Precinct 3306,C 1: This constitutional measure would amend section 16 of Article XI of the North Dakota Constitution,,,Yes,39
Oliver,Precinct 3306,C 2: This constitutional measure would amend certain sections and repeal other sections of Article XII of the North Dakota Constitution,,,No,30
Oliver,Precinct 3306,C 2: This constitutional measure would amend certain sections and repeal other sections of Article XII of the North Dakota Constitution,,,Yes,38
Oliver,Precinct 3306,Justice of the Supreme Court,,NON,Dale Sandstrom,68
Oliver,Precinct 3306,Public Service Commissioner,,DEM,Cheryl Bergian,24
Oliver,Precinct 3306,Public Service Commissioner,,REP,Tony Clark,47
Oliver,Precinct 3306,Secretary of State,,DEM,Kristin Hedger,24
Oliver,Precinct 3306,Secretary of State,,REP,Alvin A (Al) Jaeger,48
Oliver,Precinct 3306,State House Legislative,33,DEM,Kevin Herrmann,23
Oliver,Precinct 3306,State House Legislative,33,DEM,Mike Quinn,22
Oliver,Precinct 3306,State House Legislative,33,REP,Brenda Heller,27
Oliver,Precinct 3306,State House Legislative,33,REP,Gary Kreidt,39
Oliver,Precinct 3306,State House Legislative,33,REP,Keith Jacobson,21
Oliver,Precinct 3306,State Senate Legislative District 33,,DEM,John Mahoney,26
Oliver,Precinct 3306,State Senate Legislative District 33,,REP,Randel (Randy) Christmann,47
Oliver,Precinct 3306,Tax Commissioner,,DEM,Brent Edison,23
Oliver,Precinct 3306,Tax Commissioner,,REP,Cory Fong,46
Oliver,Precinct 3306,U.S. House,1,DEM,Earl Pomeroy,24
Oliver,Precinct 3306,U.S. House,1,REP,Matt Mechtel,42
Oliver,Precinct 3306,U.S. Senate,,DEM,Kent Conrad,27
Oliver,Precinct 3306,U.S. Senate,,REP,Dwight Grotberg,44
Oliver,Precinct 3307,Agriculture Commissioner,,DEM,Roger Johnson,77
Oliver,Precinct 3307,Agriculture Commissioner,,REP,Doug Goehring,52
Oliver,Precinct 3307,Attorney General,,DEM,Bill Brudvik,71
Oliver,Precinct 3307,Attorney General,,REP,Wayne Stenehjem,54
Oliver,Precinct 3307,C 1: This constitutional measure would amend section 16 of Article XI of the North Dakota Constitution,,,No,46
Oliver,Precinct 3307,C 1: This constitutional measure would amend section 16 of Article XI of the North Dakota Constitution,,,Yes,87
Oliver,Precinct 3307,C 2: This constitutional measure would amend certain sections and repeal other sections of Article XII of the North Dakota Constitution,,,No,59
Oliver,Precinct 3307,C 2: This constitutional measure would amend certain sections and repeal other sections of Article XII of the North Dakota Constitution,,,Yes,73
Oliver,Precinct 3307,Justice of the Supreme Court,,NON,Dale Sandstrom,122
Oliver,Precinct 3307,Public Service Commissioner,,DEM,Cheryl Bergian,72
Oliver,Precinct 3307,Public Service Commissioner,,REP,Tony Clark,51
Oliver,Precinct 3307,Secretary of State,,DEM,Kristin Hedger,71
Oliver,Precinct 3307,Secretary of State,,REP,Alvin A (Al) Jaeger,55
Oliver,Precinct 3307,State House Legislative,33,DEM,Kevin Herrmann,61
Oliver,Precinct 3307,State House Legislative,33,DEM,Mike Quinn,65
Oliver,Precinct 3307,State House Legislative,33,REP,Brenda Heller,29
Oliver,Precinct 3307,State House Legislative,33,REP,Gary Kreidt,41
Oliver,Precinct 3307,State House Legislative,33,REP,Keith Jacobson,35
Oliver,Precinct 3307,State Senate Legislative District 33,,DEM,John Mahoney,75
Oliver,Precinct 3307,State Senate Legislative District 33,,REP,Randel (Randy) Christmann,55
Oliver,Precinct 3307,Tax Commissioner,,DEM,Brent Edison,74
Oliver,Precinct 3307,Tax Commissioner,,REP,Cory Fong,51
Oliver,Precinct 3307,U.S. House,1,DEM,Earl Pomeroy,79
Oliver,Precinct 3307,U.S. House,1,REP,Matt Mechtel,52
Oliver,Precinct 3307,U.S. Senate,,DEM,Kent Conrad,79
Oliver,Precinct 3307,U.S. Senate,,REP,Dwight Grotberg,54
Pembina,Precinct 1001,Agriculture Commissioner,,DEM,Roger Johnson,23
Pembina,Precinct 1001,Agriculture Commissioner,,REP,Doug Goehring,20
Pembina,Precinct 1001,Attorney General,,DEM,Bill Brudvik,20
Pembina,Precinct 1001,Attorney General,,REP,Wayne Stenehjem,20
Pembina,Precinct 1001,C 1: This constitutional measure would amend section 16 of Article XI of the North Dakota Constitution,,,No,8
Pembina,Precinct 1001,C 1: This constitutional measure would amend section 16 of Article XI of the North Dakota Constitution,,,Yes,36
Pembina,Precinct 1001,C 2: This constitutional measure would amend certain sections and repeal other sections of Article XII of the North Dakota Constitution,,,No,5
Pembina,Precinct 1001,C 2: This constitutional measure would amend certain sections and repeal other sections of Article XII of the North Dakota Constitution,,,Yes,39
Pembina,Precinct 1001,Justice of the Supreme Court,,NON,Dale Sandstrom,40
Pembina,Precinct 1001,Public Service Commissioner,,DEM,Cheryl Bergian,20
Pembina,Precinct 1001,Public Service Commissioner,,REP,Tony Clark,20
Pembina,Precinct 1001,Secretary of State,,DEM,Kristin Hedger,20
Pembina,Precinct 1001,Secretary of State,,REP,Alvin A (Al) Jaeger,20
Pembina,Precinct 1001,Tax Commissioner,,DEM,Brent Edison,20
Pembina,Precinct 1001,Tax Commissioner,,REP,Cory Fong,20
Pembina,Precinct 1001,U.S. House,1,DEM,Earl Pomeroy,23
Pembina,Precinct 1001,U.S. House,1,REP,Matt Mechtel,20
Pembina,Precinct 1001,U.S. Senate,,DEM,Kent Conrad,24
Pembina,Precinct 1001,U.S. Senate,,REP,Dwight Grotberg,20
Pembina,Precinct 1002,Agriculture Commissioner,,DEM,Roger Johnson,263
Pembina,Precinct 1002,Agriculture Commissioner,,REP,Doug Goehring,173
Pembina,Precinct 1002,Attorney General,,DEM,Bill Brudvik,245
Pembina,Precinct 1002,Attorney General,,REP,Wayne Stenehjem,172
Pembina,Precinct 1002,C 1: This constitutional measure would amend section 16 of Article XI of the North Dakota Constitution,,,No,107
Pembina,Precinct 1002,C 1: This constitutional measure would amend section 16 of Article XI of the North Dakota Constitution,,,Yes,342
Pembina,Precinct 1002,C 2: This constitutional measure would amend certain sections and repeal other sections of Article XII of the North Dakota Constitution,,,No,101
Pembina,Precinct 1002,C 2: This constitutional measure would amend certain sections and repeal other sections of Article XII of the North Dakota Constitution,,,Yes,340
Pembina,Precinct 1002,Justice of the Supreme Court,,NON,Dale Sandstrom,421
Pembina,Precinct 1002,Public Service Commissioner,,DEM,Cheryl Bergian,245
Pembina,Precinct 1002,Public Service Commissioner,,REP,Tony Clark,173
Pembina,Precinct 1002,Secretary of State,,DEM,Kristin Hedger,249
Pembina,Precinct 1002,Secretary of State,,REP,Alvin A (Al) Jaeger,174
Pembina,Precinct 1002,Tax Commissioner,,DEM,Brent Edison,251
Pembina,Precinct 1002,Tax Commissioner,,REP,Cory Fong,169
Pembina,Precinct 1002,U.S. House,1,DEM,Earl Pomeroy,280
Pembina,Precinct 1002,U.S. House,1,REP,Matt Mechtel,169
Pembina,Precinct 1002,U.S. Senate,,DEM,Kent Conrad,283
Pembina,Precinct 1002,U.S. Senate,,REP,Dwight Grotberg,171
Pembina,Precinct 1003,Agriculture Commissioner,,DEM,Roger Johnson,151
Pembina,Precinct 1003,Agriculture Commissioner,,REP,Doug Goehring,97
Pembina,Precinct 1003,Attorney General,,DEM,Bill Brudvik,129
Pembina,Precinct 1003,Attorney General,,REP,Wayne Stenehjem,101
Pembina,Precinct 1003,C 1: This constitutional measure would amend section 16 of Article XI of the North Dakota Constitution,,,No,53
Pembina,Precinct 1003,C 1: This constitutional measure would amend section 16 of Article XI of the North Dakota Constitution,,,Yes,212
Pembina,Precinct 1003,C 2: This constitutional measure would amend certain sections and repeal other sections of Article XII of the North Dakota Constitution,,,No,54
Pembina,Precinct 1003,C 2: This constitutional measure would amend certain sections and repeal other sections of Article XII of the North Dakota Constitution,,,Yes,212
Pembina,Precinct 1003,Justice of the Supreme Court,,NON,Dale Sandstrom,243
Pembina,Precinct 1003,Public Service Commissioner,,DEM,Cheryl Bergian,134
Pembina,Precinct 1003,Public Service Commissioner,,REP,Tony Clark,100
Pembina,Precinct 1003,Secretary of State,,DEM,Kristin Hedger,132
Pembina,Precinct 1003,Secretary of State,,REP,Alvin A (Al) Jaeger,98
Pembina,Precinct 1003,Tax Commissioner,,DEM,Brent Edison,137
Pembina,Precinct 1003,Tax Commissioner,,REP,Cory Fong,96
Pembina,Precinct 1003,U.S. House,1,DEM,Earl Pomeroy,160
Pembina,Precinct 1003,U.S. House,1,REP,Matt Mechtel,96
Pembina,Precinct 1003,U.S. Senate,,DEM,Kent Conrad,163
Pembina,Precinct 1003,U.S. Senate,,REP,Dwight Grotberg,99
Pembina,Precinct 1004,Agriculture Commissioner,,DEM,Roger Johnson,46
Pembina,Precinct 1004,Agriculture Commissioner,,REP,Doug Goehring,25
Pembina,Precinct 1004,Attorney General,,DEM,Bill Brudvik,43
Pembina,Precinct 1004,Attorney General,,REP,Wayne Stenehjem,26
Pembina,Precinct 1004,C 1: This constitutional measure would amend section 16 of Article XI of the North Dakota Constitution,,,No,22
Pembina,Precinct 1004,C 1: This constitutional measure would amend section 16 of Article XI of the North Dakota Constitution,,,Yes,52
Pembina,Precinct 1004,C 2: This constitutional measure would amend certain sections and repeal other sections of Article XII of the North Dakota Constitution,,,No,18
Pembina,Precinct 1004,C 2: This constitutional measure would amend certain sections and repeal other sections of Article XII of the North Dakota Constitution,,,Yes,55
Pembina,Precinct 1004,Justice of the Supreme Court,,NON,Dale Sandstrom,66
Pembina,Precinct 1004,Public Service Commissioner,,DEM,Cheryl Bergian,45
Pembina,Precinct 1004,Public Service Commissioner,,REP,Tony Clark,25
Pembina,Precinct 1004,Secretary of State,,DEM,Kristin Hedger,43
Pembina,Precinct 1004,Secretary of State,,REP,Alvin A (Al) Jaeger,26
Pembina,Precinct 1004,Tax Commissioner,,DEM,Brent Edison,45
Pembina,Precinct 1004,Tax Commissioner,,REP,Cory Fong,25
Pembina,Precinct 1004,U.S. House,1,DEM,Earl Pomeroy,46
Pembina,Precinct 1004,U.S. House,1,REP,Matt Mechtel,28
Pembina,Precinct 1004,U.S. Senate,,DEM,Kent Conrad,49
Pembina,Precinct 1004,U.S. Senate,,REP,Dwight Grotberg,28
Pembina,Precinct 1005,Agriculture Commissioner,,DEM,Roger Johnson,43
Pembina,Precinct 1005,Agriculture Commissioner,,REP,Doug Goehring,32
Pembina,Precinct 1005,Attorney General,,DEM,Bill Brudvik,36
Pembina,Precinct 1005,Attorney General,,REP,Wayne Stenehjem,33
Pembina,Precinct 1005,C 1: This constitutional measure would amend section 16 of Article XI of the North Dakota Constitution,,,No,19
Pembina,Precinct 1005,C 1: This constitutional measure would amend section 16 of Article XI of the North Dakota Constitution,,,Yes,60
Pembina,Precinct 1005,C 2: This constitutional measure would amend certain sections and repeal other sections of Article XII of the North Dakota Constitution,,,No,23
Pembina,Precinct 1005,C 2: This constitutional measure would amend certain sections and repeal other sections of Article XII of the North Dakota Constitution,,,Yes,54
Pembina,Precinct 1005,Justice of the Supreme Court,,NON,Dale Sandstrom,74
Pembina,Precinct 1005,Public Service Commissioner,,DEM,Cheryl Bergian,37
Pembina,Precinct 1005,Public Service Commissioner,,REP,Tony Clark,33
Pembina,Precinct 1005,Secretary of State,,DEM,Kristin Hedger,37
Pembina,Precinct 1005,Secretary of State,,REP,Alvin A (Al) Jaeger,33
Pembina,Precinct 1005,Tax Commissioner,,DEM,Brent Edison,38
Pembina,Precinct 1005,Tax Commissioner,,REP,Cory Fong,32
Pembina,Precinct 1005,U.S. House,1,DEM,Earl Pomeroy,44
Pembina,Precinct 1005,U.S. House,1,REP,Matt Mechtel,32
Pembina,Precinct 1005,U.S. Senate,,DEM,Kent Conrad,44
Pembina,Precinct 1005,U.S. Senate,,REP,Dwight Grotberg,31
Pembina,Precinct 1007,Agriculture Commissioner,,DEM,Roger Johnson,58
Pembina,Precinct 1007,Agriculture Commissioner,,REP,Doug Goehring,34
Pembina,Precinct 1007,Attorney General,,DEM,Bill Brudvik,54
Pembina,Precinct 1007,Attorney General,,REP,Wayne Stenehjem,35
Pembina,Precinct 1007,C 1: This constitutional measure would amend section 16 of Article XI of the North Dakota Constitution,,,No,23
Pembina,Precinct 1007,C 1: This constitutional measure would amend section 16 of Article XI of the North Dakota Constitution,,,Yes,65
Pembina,Precinct 1007,C 2: This constitutional measure would amend certain sections and repeal other sections of Article XII of the North Dakota Constitution,,,No,25
Pembina,Precinct 1007,C 2: This constitutional measure would amend certain sections and repeal other sections of Article XII of the North Dakota Constitution,,,Yes,64
Pembina,Precinct 1007,Justice of the Supreme Court,,NON,Dale Sandstrom,90
Pembina,Precinct 1007,Public Service Commissioner,,DEM,Cheryl Bergian,53
Pembina,Precinct 1007,Public Service Commissioner,,REP,Tony Clark,35
Pembina,Precinct 1007,Secretary of State,,DEM,Kristin Hedger,54
Pembina,Precinct 1007,Secretary of State,,REP,Alvin A (Al) Jaeger,34
Pembina,Precinct 1007,Tax Commissioner,,DEM,Brent Edison,54
Pembina,Precinct 1007,Tax Commissioner,,REP,Cory Fong,34
Pembina,Precinct 1007,U.S. House,1,DEM,Earl Pomeroy,58
Pembina,Precinct 1007,U.S. House,1,REP,Matt Mechtel,33
Pembina,Precinct 1007,U.S. Senate,,DEM,Kent Conrad,59
Pembina,Precinct 1007,U.S. Senate,,REP,Dwight Grotberg,34
Pembina,Precinct 1008,Agriculture Commissioner,,DEM,Roger Johnson,58
Pembina,Precinct 1008,Agriculture Commissioner,,REP,Doug Goehring,31
Pembina,Precinct 1008,Attorney General,,DEM,Bill Brudvik,50
Pembina,Precinct 1008,Attorney General,,REP,Wayne Stenehjem,32
Pembina,Precinct 1008,C 1: This constitutional measure would amend section 16 of Article XI of the North Dakota Constitution,,,No,33
Pembina,Precinct 1008,C 1: This constitutional measure would amend section 16 of Article XI of the North Dakota Constitution,,,Yes,72
Pembina,Precinct 1008,C 2: This constitutional measure would amend certain sections and repeal other sections of Article XII of the North Dakota Constitution,,,No,29
Pembina,Precinct 1008,C 2: This constitutional measure would amend certain sections and repeal other sections of Article XII of the North Dakota Constitution,,,Yes,73
Pembina,Precinct 1008,Justice of the Supreme Court,,NON,Dale Sandstrom,93
Pembina,Precinct 1008,Public Service Commissioner,,DEM,Cheryl Bergian,52
Pembina,Precinct 1008,Public Service Commissioner,,REP,Tony Clark,31
Pembina,Precinct 1008,Secretary of State,,DEM,Kristin Hedger,52
Pembina,Precinct 1008,Secretary of State,,REP,Alvin A (Al) Jaeger,31
Pembina,Precinct 1008,Tax Commissioner,,DEM,Brent Edison,53
Pembina,Precinct 1008,Tax Commissioner,,REP,Cory Fong,31
Pembina,Precinct 1008,U.S. House,1,DEM,Earl Pomeroy,66
Pembina,Precinct 1008,U.S. House,1,REP,Matt Mechtel,27
Pembina,Precinct 1008,U.S. Senate,,DEM,Kent Conrad,67
Pembina,Precinct 1008,U.S. Senate,,REP,Dwight Grotberg,30
Pembina,Precinct 1009,Agriculture Commissioner,,DEM,Roger Johnson,59
Pembina,Precinct 1009,Agriculture Commissioner,,REP,Doug Goehring,28
Pembina,Precinct 1009,Attorney General,,DEM,Bill Brudvik,52
Pembina,Precinct 1009,Attorney General,,REP,Wayne Stenehjem,28
Pembina,Precinct 1009,C 1: This constitutional measure would amend section 16 of Article XI of the North Dakota Constitution,,,No,22
Pembina,Precinct 1009,C 1: This constitutional measure would amend section 16 of Article XI of the North Dakota Constitution,,,Yes,63
Pembina,Precinct 1009,C 2: This constitutional measure would amend certain sections and repeal other sections of Article XII of the North Dakota Constitution,,,No,21
Pembina,Precinct 1009,C 2: This constitutional measure would amend certain sections and repeal other sections of Article XII of the North Dakota Constitution,,,Yes,63
Pembina,Precinct 1009,Justice of the Supreme Court,,NON,Dale Sandstrom,77
Pembina,Precinct 1009,Public Service Commissioner,,DEM,Cheryl Bergian,52
Pembina,Precinct 1009,Public Service Commissioner,,REP,Tony Clark,26
Pembina,Precinct 1009,Secretary of State,,DEM,Kristin Hedger,53
Pembina,Precinct 1009,Secretary of State,,REP,Alvin A (Al) Jaeger,26
Pembina,Precinct 1009,Tax Commissioner,,DEM,Brent Edison,53
Pembina,Precinct 1009,Tax Commissioner,,REP,Cory Fong,26
Pembina,Precinct 1009,U.S. House,1,DEM,Earl Pomeroy,60
Pembina,Precinct 1009,U.S. House,1,REP,Matt Mechtel,27
Pembina,Precinct 1009,U.S. Senate,,DEM,Kent Conrad,60
Pembina,Precinct 1009,U.S. Senate,,REP,Dwight Grotberg,26
Pembina,Precinct 1010,Agriculture Commissioner,,DEM,Roger Johnson,98
Pembina,Precinct 1010,Agriculture Commissioner,,REP,Doug Goehring,44
Pembina,Precinct 1010,Attorney General,,DEM,Bill Brudvik,97
Pembina,Precinct 1010,Attorney General,,REP,Wayne Stenehjem,43
Pembina,Precinct 1010,C 1: This constitutional measure would amend section 16 of Article XI of the North Dakota Constitution,,,No,35
Pembina,Precinct 1010,C 1: This constitutional measure would amend section 16 of Article XI of the North Dakota Constitution,,,Yes,116
Pembina,Precinct 1010,C 2: This constitutional measure would amend certain sections and repeal other sections of Article XII of the North Dakota Constitution,,,No,34
Pembina,Precinct 1010,C 2: This constitutional measure would amend certain sections and repeal other sections of Article XII of the North Dakota Constitution,,,Yes,115
Pembina,Precinct 1010,Justice of the Supreme Court,,NON,Dale Sandstrom,143
Pembina,Precinct 1010,Public Service Commissioner,,DEM,Cheryl Bergian,95
Pembina,Precinct 1010,Public Service Commissioner,,REP,Tony Clark,44
Pembina,Precinct 1010,Secretary of State,,DEM,Kristin Hedger,95
Pembina,Precinct 1010,Secretary of State,,REP,Alvin A (Al) Jaeger,47
Pembina,Precinct 1010,Tax Commissioner,,DEM,Brent Edison,95
Pembina,Precinct 1010,Tax Commissioner,,REP,Cory Fong,44
Pembina,Precinct 1010,U.S. House,1,DEM,Earl Pomeroy,102
Pembina,Precinct 1010,U.S. House,1,REP,Matt Mechtel,46
Pembina,Precinct 1010,U.S. Senate,,DEM,Kent Conrad,101
Pembina,Precinct 1010,U.S. Senate,,REP,Dwight Grotberg,45
Pembina,Precinct 1011,Agriculture Commissioner,,DEM,Roger Johnson,93
Pembina,Precinct 1011,Agriculture Commissioner,,REP,Doug Goehring,76
Pembina,Precinct 1011,Attorney General,,DEM,Bill Brudvik,89
Pembina,Precinct 1011,Attorney General,,REP,Wayne Stenehjem,76
Pembina,Precinct 1011,C 1: This constitutional measure would amend section 16 of Article XI of the North Dakota Constitution,,,No,31
Pembina,Precinct 1011,C 1: This constitutional measure would amend section 16 of Article XI of the North Dakota Constitution,,,Yes,134
Pembina,Precinct 1011,C 2: This constitutional measure would amend certain sections and repeal other sections of Article XII of the North Dakota Constitution,,,No,36
Pembina,Precinct 1011,C 2: This constitutional measure would amend certain sections and repeal other sections of Article XII of the North Dakota Constitution,,,Yes,129
Pembina,Precinct 1011,Justice of the Supreme Court,,NON,Dale Sandstrom,165
Pembina,Precinct 1011,Public Service Commissioner,,DEM,Cheryl Bergian,92
Pembina,Precinct 1011,Public Service Commissioner,,REP,Tony Clark,74
Pembina,Precinct 1011,Secretary of State,,DEM,Kristin Hedger,92
Pembina,Precinct 1011,Secretary of State,,REP,Alvin A (Al) Jaeger,76
Pembina,Precinct 1011,Tax Commissioner,,DEM,Brent Edison,91
Pembina,Precinct 1011,Tax Commissioner,,REP,Cory Fong,76
Pembina,Precinct 1011,U.S. House,1,DEM,Earl Pomeroy,96
Pembina,Precinct 1011,U.S. House,1,REP,Matt Mechtel,76
Pembina,Precinct 1011,U.S. Senate,,DEM,Kent Conrad,98
Pembina,Precinct 1011,U.S. Senate,,REP,Dwight Grotberg,76
Pembina,Precinct 1012,Agriculture Commissioner,,DEM,Roger Johnson,267
Pembina,Precinct 1012,Agriculture Commissioner,,REP,Doug Goehring,107
Pembina,Precinct 1012,Attorney General,,DEM,Bill Brudvik,246
Pembina,Precinct 1012,Attorney General,,REP,Wayne Stenehjem,114
Pembina,Precinct 1012,C 1: This constitutional measure would amend section 16 of Article XI of the North Dakota Constitution,,,No,116
Pembina,Precinct 1012,C 1: This constitutional measure would amend section 16 of Article XI of the North Dakota Constitution,,,Yes,249
Pembina,Precinct 1012,C 2: This constitutional measure would amend certain sections and repeal other sections of Article XII of the North Dakota Constitution,,,No,106
Pembina,Precinct 1012,C 2: This constitutional measure would amend certain sections and repeal other sections of Article XII of the North Dakota Constitution,,,Yes,245
Pembina,Precinct 1012,Justice of the Supreme Court,,NON,Dale Sandstrom,370
Pembina,Precinct 1012,Public Service Commissioner,,DEM,Cheryl Bergian,250
Pembina,Precinct 1012,Public Service Commissioner,,REP,Tony Clark,105
Pembina,Precinct 1012,Secretary of State,,DEM,Kristin Hedger,245
Pembina,Precinct 1012,Secretary of State,,REP,Alvin A (Al) Jaeger,111
Pembina,Precinct 1012,Tax Commissioner,,DEM,Brent Edison,255
Pembina,Precinct 1012,Tax Commissioner,,REP,Cory Fong,106
Pembina,Precinct 1012,U.S. House,1,DEM,Earl Pomeroy,279
Pembina,Precinct 1012,U.S. House,1,REP,Matt Mechtel,107
Pembina,Precinct 1012,U.S. Senate,,DEM,Kent Conrad,279
Pembina,Precinct 1012,U.S. Senate,,REP,Dwight Grotberg,107
Pembina,Precinct 1606,Agriculture Commissioner,,DEM,Roger Johnson,165
Pembina,Precinct 1606,Agriculture Commissioner,,REP,Doug Goehring,47
Pembina,Precinct 1606,Attorney General,,DEM,Bill Brudvik,152
Pembina,Precinct 1606,Attorney General,,REP,Wayne Stenehjem,50
Pembina,Precinct 1606,C 1: This constitutional measure would amend section 16 of Article XI of the North Dakota Constitution,,,No,65
Pembina,Precinct 1606,C 1: This constitutional measure would amend section 16 of Article XI of the North Dakota Constitution,,,Yes,147
Pembina,Precinct 1606,C 2: This constitutional measure would amend certain sections and repeal other sections of Article XII of the North Dakota Constitution,,,No,42
Pembina,Precinct 1606,C 2: This constitutional measure would amend certain sections and repeal other sections of Article XII of the North Dakota Constitution,,,Yes,161
Pembina,Precinct 1606,Justice of the Supreme Court,,NON,Dale Sandstrom,201
Pembina,Precinct 1606,Public Service Commissioner,,DEM,Cheryl Bergian,155
Pembina,Precinct 1606,Public Service Commissioner,,REP,Tony Clark,48
Pembina,Precinct 1606,Secretary of State,,DEM,Kristin Hedger,157
Pembina,Precinct 1606,Secretary of State,,REP,Alvin A (Al) Jaeger,49
Pembina,Precinct 1606,Tax Commissioner,,DEM,Brent Edison,155
Pembina,Precinct 1606,Tax Commissioner,,REP,Cory Fong,48
Pembina,Precinct 1606,U.S. House,1,DEM,Earl Pomeroy,170
Pembina,Precinct 1606,U.S. House,1,REP,Matt Mechtel,49
Pembina,Precinct 1606,U.S. Senate,,DEM,Kent Conrad,172
Pembina,Precinct 1606,U.S. Senate,,REP,Dwight Grotberg,49
Pierce,Precinct 0701,Agriculture Commissioner,,DEM,Roger Johnson,50
Pierce,Precinct 0701,Agriculture Commissioner,,REP,Doug Goehring,35
Pierce,Precinct 0701,Attorney General,,DEM,Bill Brudvik,48
Pierce,Precinct 0701,Attorney General,,REP,Wayne Stenehjem,36
Pierce,Precinct 0701,C 1: This constitutional measure would amend section 16 of Article XI of the North Dakota Constitution,,,No,20
Pierce,Precinct 0701,C 1: This constitutional measure would amend section 16 of Article XI of the North Dakota Constitution,,,Yes,63
Pierce,Precinct 0701,C 2: This constitutional measure would amend certain sections and repeal other sections of Article XII of the North Dakota Constitution,,,No,23
Pierce,Precinct 0701,C 2: This constitutional measure would amend certain sections and repeal other sections of Article XII of the North Dakota Constitution,,,Yes,57
Pierce,Precinct 0701,Justice of the Supreme Court,,NON,Dale Sandstrom,81
Pierce,Precinct 0701,Public Service Commissioner,,DEM,Cheryl Bergian,48
Pierce,Precinct 0701,Public Service Commissioner,,REP,Tony Clark,36
Pierce,Precinct 0701,Secretary of State,,DEM,Kristin Hedger,48
Pierce,Precinct 0701,Secretary of State,,REP,Alvin A (Al) Jaeger,36
Pierce,Precinct 0701,State House Legislative,7,DEM,Arlo E Schmidt,52
Pierce,Precinct 0701,State House Legislative,7,DEM,Marie J Marshall,39
Pierce,Precinct 0701,State House Legislative,7,REP,Jon Nelson,39
Pierce,Precinct 0701,State House Legislative,7,REP,Tom Bodine,32
Pierce,Precinct 0701,State Senate Legislative District 7,,DEM,Ryan M Taylor,53
Pierce,Precinct 0701,State Senate Legislative District 7,,REP,Dick Anderson,36
Pierce,Precinct 0701,Tax Commissioner,,DEM,Brent Edison,49
Pierce,Precinct 0701,Tax Commissioner,,REP,Cory Fong,34
Pierce,Precinct 0701,U.S. House,1,DEM,Earl Pomeroy,56
Pierce,Precinct 0701,U.S. House,1,REP,Matt Mechtel,34
Pierce,Precinct 0701,U.S. Senate,,DEM,Kent Conrad,55
Pierce,Precinct 0701,U.S. Senate,,REP,Dwight Grotberg,35
Pierce,Precinct 0702,Agriculture Commissioner,,DEM,Roger Johnson,39
Pierce,Precinct 0702,Agriculture Commissioner,,REP,Doug Goehring,10
Pierce,Precinct 0702,Attorney General,,DEM,Bill Brudvik,39
Pierce,Precinct 0702,Attorney General,,REP,Wayne Stenehjem,9
Pierce,Precinct 0702,C 1: This constitutional measure would amend section 16 of Article XI of the North Dakota Constitution,,,No,24
Pierce,Precinct 0702,C 1: This constitutional measure would amend section 16 of Article XI of the North Dakota Constitution,,,Yes,26
Pierce,Precinct 0702,C 2: This constitutional measure would amend certain sections and repeal other sections of Article XII of the North Dakota Constitution,,,No,22
Pierce,Precinct 0702,C 2: This constitutional measure would amend certain sections and repeal other sections of Article XII of the North Dakota Constitution,,,Yes,27
Pierce,Precinct 0702,Justice of the Supreme Court,,NON,Dale Sandstrom,44
Pierce,Precinct 0702,Public Service Commissioner,,DEM,Cheryl Bergian,39
Pierce,Precinct 0702,Public Service Commissioner,,REP,Tony Clark,10
Pierce,Precinct 0702,Secretary of State,,DEM,Kristin Hedger,39
Pierce,Precinct 0702,Secretary of State,,REP,Alvin A (Al) Jaeger,10
Pierce,Precinct 0702,State House Legislative,7,DEM,Arlo E Schmidt,37
Pierce,Precinct 0702,State House Legislative,7,DEM,Marie J Marshall,28
Pierce,Precinct 0702,State House Legislative,7,REP,Jon Nelson,6
Pierce,Precinct 0702,State House Legislative,7,REP,Tom Bodine,10
Pierce,Precinct 0702,State Senate Legislative District 7,,DEM,Ryan M Taylor,40
Pierce,Precinct 0702,State Senate Legislative District 7,,REP,Dick Anderson,10
Pierce,Precinct 0702,Tax Commissioner,,DEM,Brent Edison,39
Pierce,Precinct 0702,Tax Commissioner,,REP,Cory Fong,10
Pierce,Precinct 0702,U.S. House,1,DEM,Earl Pomeroy,39
Pierce,Precinct 0702,U.S. House,1,REP,Matt Mechtel,9
Pierce,Precinct 0702,U.S. Senate,,DEM,Kent Conrad,40
Pierce,Precinct 0702,U.S. Senate,,REP,Dwight Grotberg,10
Pierce,Precinct 0703,Agriculture Commissioner,,DEM,Roger Johnson,46
Pierce,Precinct 0703,Agriculture Commissioner,,REP,Doug Goehring,31
Pierce,Precinct 0703,Attorney General,,DEM,Bill Brudvik,43
Pierce,Precinct 0703,Attorney General,,REP,Wayne Stenehjem,32
Pierce,Precinct 0703,C 1: This constitutional measure would amend section 16 of Article XI of the North Dakota Constitution,,,No,25
Pierce,Precinct 0703,C 1: This constitutional measure would amend section 16 of Article XI of the North Dakota Constitution,,,Yes,46
Pierce,Precinct 0703,C 2: This constitutional measure would amend certain sections and repeal other sections of Article XII of the North Dakota Constitution,,,No,29
Pierce,Precinct 0703,C 2: This constitutional measure would amend certain sections and repeal other sections of Article XII of the North Dakota Constitution,,,Yes,41
Pierce,Precinct 0703,Justice of the Supreme Court,,NON,Dale Sandstrom,68
Pierce,Precinct 0703,Public Service Commissioner,,DEM,Cheryl Bergian,43
Pierce,Precinct 0703,Public Service Commissioner,,REP,Tony Clark,29
Pierce,Precinct 0703,Secretary of State,,DEM,Kristin Hedger,44
Pierce,Precinct 0703,Secretary of State,,REP,Alvin A (Al) Jaeger,30
Pierce,Precinct 0703,State House Legislative,7,DEM,Arlo E Schmidt,44
Pierce,Precinct 0703,State House Legislative,7,DEM,Marie J Marshall,32
Pierce,Precinct 0703,State House Legislative,7,REP,Jon Nelson,29
Pierce,Precinct 0703,State House Legislative,7,REP,Tom Bodine,27
Pierce,Precinct 0703,State Senate Legislative District 7,,DEM,Ryan M Taylor,48
Pierce,Precinct 0703,State Senate Legislative District 7,,REP,Dick Anderson,31
Pierce,Precinct 0703,Tax Commissioner,,DEM,Brent Edison,44
Pierce,Precinct 0703,Tax Commissioner,,REP,Cory Fong,30
Pierce,Precinct 0703,U.S. House,1,DEM,Earl Pomeroy,49
Pierce,Precinct 0703,U.S. House,1,REP,Matt Mechtel,28
Pierce,Precinct 0703,U.S. Senate,,DEM,Kent Conrad,49
Pierce,Precinct 0703,U.S. Senate,,REP,Dwight Grotberg,29
Pierce,Precinct 0704,Agriculture Commissioner,,DEM,Roger Johnson,90
Pierce,Precinct 0704,Agriculture Commissioner,,REP,Doug Goehring,57
Pierce,Precinct 0704,Attorney General,,DEM,Bill Brudvik,80
Pierce,Precinct 0704,Attorney General,,REP,Wayne Stenehjem,57
Pierce,Precinct 0704,C 1: This constitutional measure would amend section 16 of Article XI of the North Dakota Constitution,,,No,36
Pierce,Precinct 0704,C 1: This constitutional measure would amend section 16 of Article XI of the North Dakota Constitution,,,Yes,115
Pierce,Precinct 0704,C 2: This constitutional measure would amend certain sections and repeal other sections of Article XII of the North Dakota Constitution,,,No,46
Pierce,Precinct 0704,C 2: This constitutional measure would amend certain sections and repeal other sections of Article XII of the North Dakota Constitution,,,Yes,97
Pierce,Precinct 0704,Justice of the Supreme Court,,NON,Dale Sandstrom,150
Pierce,Precinct 0704,Public Service Commissioner,,DEM,Cheryl Bergian,83
Pierce,Precinct 0704,Public Service Commissioner,,REP,Tony Clark,57
Pierce,Precinct 0704,Secretary of State,,DEM,Kristin Hedger,85
Pierce,Precinct 0704,Secretary of State,,REP,Alvin A (Al) Jaeger,58
Pierce,Precinct 0704,State House Legislative,7,DEM,Arlo E Schmidt,81
Pierce,Precinct 0704,State House Legislative,7,DEM,Marie J Marshall,79
Pierce,Precinct 0704,State House Legislative,7,REP,Jon Nelson,55
Pierce,Precinct 0704,State House Legislative,7,REP,Tom Bodine,45
Pierce,Precinct 0704,State Senate Legislative District 7,,DEM,Ryan M Taylor,95
Pierce,Precinct 0704,State Senate Legislative District 7,,REP,Dick Anderson,57
Pierce,Precinct 0704,Tax Commissioner,,DEM,Brent Edison,84
Pierce,Precinct 0704,Tax Commissioner,,REP,Cory Fong,55
Pierce,Precinct 0704,U.S. House,1,DEM,Earl Pomeroy,93
Pierce,Precinct 0704,U.S. House,1,REP,Matt Mechtel,56
Pierce,Precinct 0704,U.S. Senate,,DEM,Kent Conrad,99
Pierce,Precinct 0704,U.S. Senate,,REP,Dwight Grotberg,57
Pierce,Precinct 0705,Agriculture Commissioner,,DEM,Roger Johnson,15
Pierce,Precinct 0705,Agriculture Commissioner,,REP,Doug Goehring,8
Pierce,Precinct 0705,Attorney General,,DEM,Bill Brudvik,14
Pierce,Precinct 0705,Attorney General,,REP,Wayne Stenehjem,8
Pierce,Precinct 0705,C 1: This constitutional measure would amend section 16 of Article XI of the North Dakota Constitution,,,No,4
Pierce,Precinct 0705,C 1: This constitutional measure would amend section 16 of Article XI of the North Dakota Constitution,,,Yes,19
Pierce,Precinct 0705,C 2: This constitutional measure would amend certain sections and repeal other sections of Article XII of the North Dakota Constitution,,,No,4
Pierce,Precinct 0705,C 2: This constitutional measure would amend certain sections and repeal other sections of Article XII of the North Dakota Constitution,,,Yes,18
Pierce,Precinct 0705,Justice of the Supreme Court,,NON,Dale Sandstrom,22
Pierce,Precinct 0705,Public Service Commissioner,,DEM,Cheryl Bergian,14
Pierce,Precinct 0705,Public Service Commissioner,,REP,Tony Clark,8
Pierce,Precinct 0705,Secretary of State,,DEM,Kristin Hedger,14
Pierce,Precinct 0705,Secretary of State,,REP,Alvin A (Al) Jaeger,8
Pierce,Precinct 0705,State House Legislative,7,DEM,Arlo E Schmidt,14
Pierce,Precinct 0705,State House Legislative,7,DEM,Marie J Marshall,13
Pierce,Precinct 0705,State House Legislative,7,REP,Jon Nelson,8
Pierce,Precinct 0705,State House Legislative,7,REP,Tom Bodine,7
Pierce,Precinct 0705,State Senate Legislative District 7,,DEM,Ryan M Taylor,14
Pierce,Precinct 0705,State Senate Legislative District 7,,REP,Dick Anderson,7
Pierce,Precinct 0705,Tax Commissioner,,DEM,Brent Edison,14
Pierce,Precinct 0705,Tax Commissioner,,REP,Cory Fong,8
Pierce,Precinct 0705,U.S. House,1,DEM,Earl Pomeroy,15
Pierce,Precinct 0705,U.S. House,1,REP,Matt Mechtel,8
Pierce,Precinct 0705,U.S. Senate,,DEM,Kent Conrad,16
Pierce,Precinct 0705,U.S. Senate,,REP,Dwight Grotberg,8
Pierce,Precinct 0706,Agriculture Commissioner,,DEM,Roger Johnson,106
Pierce,Precinct 0706,Agriculture Commissioner,,REP,Doug Goehring,55
Pierce,Precinct 0706,Attorney General,,DEM,Bill Brudvik,95
Pierce,Precinct 0706,Attorney General,,REP,Wayne Stenehjem,56
Pierce,Precinct 0706,C 1: This constitutional measure would amend section 16 of Article XI of the North Dakota Constitution,,,No,42
Pierce,Precinct 0706,C 1: This constitutional measure would amend section 16 of Article XI of the North Dakota Constitution,,,Yes,127
Pierce,Precinct 0706,C 2: This constitutional measure would amend certain sections and repeal other sections of Article XII of the North Dakota Constitution,,,No,56
Pierce,Precinct 0706,C 2: This constitutional measure would amend certain sections and repeal other sections of Article XII of the North Dakota Constitution,,,Yes,110
Pierce,Precinct 0706,Justice of the Supreme Court,,NON,Dale Sandstrom,156
Pierce,Precinct 0706,Public Service Commissioner,,DEM,Cheryl Bergian,98
Pierce,Precinct 0706,Public Service Commissioner,,REP,Tony Clark,54
Pierce,Precinct 0706,Secretary of State,,DEM,Kristin Hedger,96
Pierce,Precinct 0706,Secretary of State,,REP,Alvin A (Al) Jaeger,56
Pierce,Precinct 0706,State House Legislative,7,DEM,Arlo E Schmidt,85
Pierce,Precinct 0706,State House Legislative,7,DEM,Marie J Marshall,94
Pierce,Precinct 0706,State House Legislative,7,REP,Jon Nelson,57
Pierce,Precinct 0706,State House Legislative,7,REP,Tom Bodine,46
Pierce,Precinct 0706,State Senate Legislative District 7,,DEM,Ryan M Taylor,112
Pierce,Precinct 0706,State Senate Legislative District 7,,REP,Dick Anderson,56
Pierce,Precinct 0706,Tax Commissioner,,DEM,Brent Edison,97
Pierce,Precinct 0706,Tax Commissioner,,REP,Cory Fong,55
Pierce,Precinct 0706,U.S. House,1,DEM,Earl Pomeroy,111
Pierce,Precinct 0706,U.S. House,1,REP,Matt Mechtel,53
Pierce,Precinct 0706,U.S. Senate,,DEM,Kent Conrad,112
Pierce,Precinct 0706,U.S. Senate,,REP,Dwight Grotberg,53
Pierce,Precinct 0707,Agriculture Commissioner,,DEM,Roger Johnson,54
Pierce,Precinct 0707,Agriculture Commissioner,,REP,Doug Goehring,38
Pierce,Precinct 0707,Attorney General,,DEM,Bill Brudvik,50
Pierce,Precinct 0707,Attorney General,,REP,Wayne Stenehjem,42
Pierce,Precinct 0707,C 1: This constitutional measure would amend section 16 of Article XI of the North Dakota Constitution,,,No,20
Pierce,Precinct 0707,C 1: This constitutional measure would amend section 16 of Article XI of the North Dakota Constitution,,,Yes,75
Pierce,Precinct 0707,C 2: This constitutional measure would amend certain sections and repeal other sections of Article XII of the North Dakota Constitution,,,No,27
Pierce,Precinct 0707,C 2: This constitutional measure would amend certain sections and repeal other sections of Article XII of the North Dakota Constitution,,,Yes,67
Pierce,Precinct 0707,Justice of the Supreme Court,,NON,Dale Sandstrom,93
Pierce,Precinct 0707,Public Service Commissioner,,DEM,Cheryl Bergian,51
Pierce,Precinct 0707,Public Service Commissioner,,REP,Tony Clark,39
Pierce,Precinct 0707,Secretary of State,,DEM,Kristin Hedger,49
Pierce,Precinct 0707,Secretary of State,,REP,Alvin A (Al) Jaeger,39
Pierce,Precinct 0707,State House Legislative,7,DEM,Arlo E Schmidt,52
Pierce,Precinct 0707,State House Legislative,7,DEM,Marie J Marshall,40
Pierce,Precinct 0707,State House Legislative,7,REP,Jon Nelson,44
Pierce,Precinct 0707,State House Legislative,7,REP,Tom Bodine,29
Pierce,Precinct 0707,State Senate Legislative District 7,,DEM,Ryan M Taylor,56
Pierce,Precinct 0707,State Senate Legislative District 7,,REP,Dick Anderson,37
Pierce,Precinct 0707,Tax Commissioner,,DEM,Brent Edison,49
Pierce,Precinct 0707,Tax Commissioner,,REP,Cory Fong,39
Pierce,Precinct 0707,U.S. House,1,DEM,Earl Pomeroy,57
Pierce,Precinct 0707,U.S. House,1,REP,Matt Mechtel,36
Pierce,Precinct 0707,U.S. Senate,,DEM,Kent Conrad,58
Pierce,Precinct 0707,U.S. Senate,,REP,Dwight Grotberg,38
Pierce,Precinct 0708,Agriculture Commissioner,,DEM,Roger Johnson,77
Pierce,Precinct 0708,Agriculture Commissioner,,REP,Doug Goehring,75
Pierce,Precinct 0708,Attorney General,,DEM,Bill Brudvik,65
Pierce,Precinct 0708,Attorney General,,REP,Wayne Stenehjem,76
Pierce,Precinct 0708,C 1: This constitutional measure would amend section 16 of Article XI of the North Dakota Constitution,,,No,24
Pierce,Precinct 0708,C 1: This constitutional measure would amend section 16 of Article XI of the North Dakota Constitution,,,Yes,126
Pierce,Precinct 0708,C 2: This constitutional measure would amend certain sections and repeal other sections of Article XII of the North Dakota Constitution,,,No,33
Pierce,Precinct 0708,C 2: This constitutional measure would amend certain sections and repeal other sections of Article XII of the North Dakota Constitution,,,Yes,115
Pierce,Precinct 0708,Justice of the Supreme Court,,NON,Dale Sandstrom,139
Pierce,Precinct 0708,Public Service Commissioner,,DEM,Cheryl Bergian,66
Pierce,Precinct 0708,Public Service Commissioner,,REP,Tony Clark,74
Pierce,Precinct 0708,Secretary of State,,DEM,Kristin Hedger,66
Pierce,Precinct 0708,Secretary of State,,REP,Alvin A (Al) Jaeger,76
Pierce,Precinct 0708,State House Legislative,7,DEM,Arlo E Schmidt,71
Pierce,Precinct 0708,State House Legislative,7,DEM,Marie J Marshall,61
Pierce,Precinct 0708,State House Legislative,7,REP,Jon Nelson,75
Pierce,Precinct 0708,State House Legislative,7,REP,Tom Bodine,63
Pierce,Precinct 0708,State Senate Legislative District 7,,DEM,Ryan M Taylor,79
Pierce,Precinct 0708,State Senate Legislative District 7,,REP,Dick Anderson,72
Pierce,Precinct 0708,Tax Commissioner,,DEM,Brent Edison,66
Pierce,Precinct 0708,Tax Commissioner,,REP,Cory Fong,73
Pierce,Precinct 0708,U.S. House,1,DEM,Earl Pomeroy,77
Pierce,Precinct 0708,U.S. House,1,REP,Matt Mechtel,69
Pierce,Precinct 0708,U.S. Senate,,DEM,Kent Conrad,78
Pierce,Precinct 0708,U.S. Senate,,REP,Dwight Grotberg,71
Ramsey,Precinct 1501,Agriculture Commissioner,,DEM,Roger Johnson,36
Ramsey,Precinct 1501,Agriculture Commissioner,,REP,Doug Goehring,17
Ramsey,Precinct 1501,Attorney General,,DEM,Bill Brudvik,32
Ramsey,Precinct 1501,Attorney General,,REP,Wayne Stenehjem,19
Ramsey,Precinct 1501,C 1: This constitutional measure would amend section 16 of Article XI of the North Dakota Constitution,,,No,13
Ramsey,Precinct 1501,C 1: This constitutional measure would amend section 16 of Article XI of the North Dakota Constitution,,,Yes,37
Ramsey,Precinct 1501,C 2: This constitutional measure would amend certain sections and repeal other sections of Article XII of the North Dakota Constitution,,,No,17
Ramsey,Precinct 1501,C 2: This constitutional measure would amend certain sections and repeal other sections of Article XII of the North Dakota Constitution,,,Yes,33
Ramsey,Precinct 1501,Justice of the Supreme Court,,NON,Dale Sandstrom,47
Ramsey,Precinct 1501,Public Service Commissioner,,DEM,Cheryl Bergian,33
Ramsey,Precinct 1501,Public Service Commissioner,,REP,Tony Clark,17
Ramsey,Precinct 1501,Secretary of State,,DEM,Kristin Hedger,32
Ramsey,Precinct 1501,Secretary of State,,REP,Alvin A (Al) Jaeger,19
Ramsey,Precinct 1501,State House Legislative,15,DEM,Beverly A Honkola,33
Ramsey,Precinct 1501,State House Legislative,15,DEM,Russell Pearson,22
Ramsey,Precinct 1501,State House Legislative,15,REP,Curt Hofstad,18
Ramsey,Precinct 1501,State House Legislative,15,REP,Dennis E Johnson,17
Ramsey,Precinct 1501,State Senate Legislative District 15,,DEM,Joseph L Lawson,35
Ramsey,Precinct 1501,State Senate Legislative District 15,,REP,Dave Oehlke,19
Ramsey,Precinct 1501,Tax Commissioner,,DEM,Brent Edison,33
Ramsey,Precinct 1501,Tax Commissioner,,REP,Cory Fong,17
Ramsey,Precinct 1501,U.S. House,1,DEM,Earl Pomeroy,37
Ramsey,Precinct 1501,U.S. House,1,REP,Matt Mechtel,15
Ramsey,Precinct 1501,U.S. Senate,,DEM,Kent Conrad,37
Ramsey,Precinct 1501,U.S. Senate,,REP,Dwight Grotberg,17
Ramsey,Precinct 1502,Agriculture Commissioner,,DEM,Roger Johnson,54
Ramsey,Precinct 1502,Agriculture Commissioner,,REP,Doug Goehring,43
Ramsey,Precinct 1502,Attorney General,,DEM,Bill Brudvik,44
Ramsey,Precinct 1502,Attorney General,,REP,Wayne Stenehjem,45
Ramsey,Precinct 1502,C 1: This constitutional measure would amend section 16 of Article XI of the North Dakota Constitution,,,No,29
Ramsey,Precinct 1502,C 1: This constitutional measure would amend section 16 of Article XI of the North Dakota Constitution,,,Yes,63
Ramsey,Precinct 1502,C 2: This constitutional measure would amend certain sections and repeal other sections of Article XII of the North Dakota Constitution,,,No,29
Ramsey,Precinct 1502,C 2: This constitutional measure would amend certain sections and repeal other sections of Article XII of the North Dakota Constitution,,,Yes,63
Ramsey,Precinct 1502,Justice of the Supreme Court,,NON,Dale Sandstrom,86
Ramsey,Precinct 1502,Public Service Commissioner,,DEM,Cheryl Bergian,42
Ramsey,Precinct 1502,Public Service Commissioner,,REP,Tony Clark,42
Ramsey,Precinct 1502,Secretary of State,,DEM,Kristin Hedger,44
Ramsey,Precinct 1502,Secretary of State,,REP,Alvin A (Al) Jaeger,43
Ramsey,Precinct 1502,State House Legislative,15,DEM,Beverly A Honkola,37
Ramsey,Precinct 1502,State House Legislative,15,DEM,Russell Pearson,32
Ramsey,Precinct 1502,State House Legislative,15,REP,Curt Hofstad,45
Ramsey,Precinct 1502,State House Legislative,15,REP,Dennis E Johnson,37
Ramsey,Precinct 1502,State Senate Legislative District 15,,DEM,Joseph L Lawson,44
Ramsey,Precinct 1502,State Senate Legislative District 15,,REP,Dave Oehlke,42
Ramsey,Precinct 1502,Tax Commissioner,,DEM,Brent Edison,43
Ramsey,Precinct 1502,Tax Commissioner,,REP,Cory Fong,41
Ramsey,Precinct 1502,U.S. House,1,DEM,Earl Pomeroy,59
Ramsey,Precinct 1502,U.S. House,1,REP,Matt Mechtel,41
Ramsey,Precinct 1502,U.S. Senate,,DEM,Kent Conrad,59
Ramsey,Precinct 1502,U.S. Senate,,REP,Dwight Grotberg,40
Ramsey,Precinct 1503,Agriculture Commissioner,,DEM,Roger Johnson,27
Ramsey,Precinct 1503,Agriculture Commissioner,,REP,Doug Goehring,9
Ramsey,Precinct 1503,Attorney General,,DEM,Bill Brudvik,23
Ramsey,Precinct 1503,Attorney General,,REP,Wayne Stenehjem,8
Ramsey,Precinct 1503,C 1: This constitutional measure would amend section 16 of Article XI of the North Dakota Constitution,,,No,8
Ramsey,Precinct 1503,C 1: This constitutional measure would amend section 16 of Article XI of the North Dakota Constitution,,,Yes,28
Ramsey,Precinct 1503,C 2: This constitutional measure would amend certain sections and repeal other sections of Article XII of the North Dakota Constitution,,,No,13
Ramsey,Precinct 1503,C 2: This constitutional measure would amend certain sections and repeal other sections of Article XII of the North Dakota Constitution,,,Yes,21
Ramsey,Precinct 1503,Justice of the Supreme Court,,NON,Dale Sandstrom,32
Ramsey,Precinct 1503,Public Service Commissioner,,DEM,Cheryl Bergian,25
Ramsey,Precinct 1503,Public Service Commissioner,,REP,Tony Clark,9
Ramsey,Precinct 1503,Secretary of State,,DEM,Kristin Hedger,25
Ramsey,Precinct 1503,Secretary of State,,REP,Alvin A (Al) Jaeger,8
Ramsey,Precinct 1503,State House Legislative,15,DEM,Beverly A Honkola,26
Ramsey,Precinct 1503,State House Legislative,15,DEM,Russell Pearson,23
Ramsey,Precinct 1503,State House Legislative,15,REP,Curt Hofstad,8
Ramsey,Precinct 1503,State House Legislative,15,REP,Dennis E Johnson,9
Ramsey,Precinct 1503,State Senate Legislative District 15,,DEM,Joseph L Lawson,27
Ramsey,Precinct 1503,State Senate Legislative District 15,,REP,Dave Oehlke,10
Ramsey,Precinct 1503,Tax Commissioner,,DEM,Brent Edison,24
Ramsey,Precinct 1503,Tax Commissioner,,REP,Cory Fong,8
Ramsey,Precinct 1503,U.S. House,1,DEM,Earl Pomeroy,28
Ramsey,Precinct 1503,U.S. House,1,REP,Matt Mechtel,8
Ramsey,Precinct 1503,U.S. Senate,,DEM,Kent Conrad,28
Ramsey,Precinct 1503,U.S. Senate,,REP,Dwight Grotberg,8
Ramsey,Precinct 1504,Agriculture Commissioner,,DEM,Roger Johnson,29
Ramsey,Precinct 1504,Agriculture Commissioner,,REP,Doug Goehring,22
Ramsey,Precinct 1504,Attorney General,,DEM,Bill Brudvik,28
Ramsey,Precinct 1504,Attorney General,,REP,Wayne Stenehjem,22
Ramsey,Precinct 1504,C 1: This constitutional measure would amend section 16 of Article XI of the North Dakota Constitution,,,No,14
Ramsey,Precinct 1504,C 1: This constitutional measure would amend section 16 of Article XI of the North Dakota Constitution,,,Yes,35
Ramsey,Precinct 1504,C 2: This constitutional measure would amend certain sections and repeal other sections of Article XII of the North Dakota Constitution,,,No,15
Ramsey,Precinct 1504,C 2: This constitutional measure would amend certain sections and repeal other sections of Article XII of the North Dakota Constitution,,,Yes,32
Ramsey,Precinct 1504,Justice of the Supreme Court,,NON,Dale Sandstrom,41
Ramsey,Precinct 1504,Public Service Commissioner,,DEM,Cheryl Bergian,29
Ramsey,Precinct 1504,Public Service Commissioner,,REP,Tony Clark,20
Ramsey,Precinct 1504,Secretary of State,,DEM,Kristin Hedger,28
Ramsey,Precinct 1504,Secretary of State,,REP,Alvin A (Al) Jaeger,22
Ramsey,Precinct 1504,State House Legislative,15,DEM,Beverly A Honkola,31
Ramsey,Precinct 1504,State House Legislative,15,DEM,Russell Pearson,25
Ramsey,Precinct 1504,State House Legislative,15,REP,Curt Hofstad,21
Ramsey,Precinct 1504,State House Legislative,15,REP,Dennis E Johnson,21
Ramsey,Precinct 1504,State Senate Legislative District 15,,DEM,Joseph L Lawson,27
Ramsey,Precinct 1504,State Senate Legislative District 15,,REP,Dave Oehlke,22
Ramsey,Precinct 1504,Tax Commissioner,,DEM,Brent Edison,29
Ramsey,Precinct 1504,Tax Commissioner,,REP,Cory Fong,19
Ramsey,Precinct 1504,U.S. House,1,DEM,Earl Pomeroy,29
Ramsey,Precinct 1504,U.S. House,1,REP,Matt Mechtel,20
Ramsey,Precinct 1504,U.S. Senate,,DEM,Kent Conrad,29
Ramsey,Precinct 1504,U.S. Senate,,REP,Dwight Grotberg,21
Ramsey,Precinct 1505,Agriculture Commissioner,,DEM,Roger Johnson,34
Ramsey,Precinct 1505,Agriculture Commissioner,,REP,Doug Goehring,45
Ramsey,Precinct 1505,Attorney General,,DEM,Bill Brudvik,34
Ramsey,Precinct 1505,Attorney General,,REP,Wayne Stenehjem,45
Ramsey,Precinct 1505,C 1: This constitutional measure would amend section 16 of Article XI of the North Dakota Constitution,,,No,28
Ramsey,Precinct 1505,C 1: This constitutional measure would amend section 16 of Article XI of the North Dakota Constitution,,,Yes,56
Ramsey,Precinct 1505,C 2: This constitutional measure would amend certain sections and repeal other sections of Article XII of the North Dakota Constitution,,,No,24
Ramsey,Precinct 1505,C 2: This constitutional measure would amend certain sections and repeal other sections of Article XII of the North Dakota Constitution,,,Yes,60
Ramsey,Precinct 1505,Justice of the Supreme Court,,NON,Dale Sandstrom,84
Ramsey,Precinct 1505,Public Service Commissioner,,DEM,Cheryl Bergian,36
Ramsey,Precinct 1505,Public Service Commissioner,,REP,Tony Clark,44
Ramsey,Precinct 1505,Secretary of State,,DEM,Kristin Hedger,33
Ramsey,Precinct 1505,Secretary of State,,REP,Alvin A (Al) Jaeger,46
Ramsey,Precinct 1505,State House Legislative,15,DEM,Beverly A Honkola,32
Ramsey,Precinct 1505,State House Legislative,15,DEM,Russell Pearson,33
Ramsey,Precinct 1505,State House Legislative,15,REP,Curt Hofstad,46
Ramsey,Precinct 1505,State House Legislative,15,REP,Dennis E Johnson,36
Ramsey,Precinct 1505,State Senate Legislative District 15,,DEM,Joseph L Lawson,35
Ramsey,Precinct 1505,State Senate Legislative District 15,,REP,Dave Oehlke,45
Ramsey,Precinct 1505,Tax Commissioner,,DEM,Brent Edison,35
Ramsey,Precinct 1505,Tax Commissioner,,REP,Cory Fong,43
Ramsey,Precinct 1505,U.S. House,1,DEM,Earl Pomeroy,42
Ramsey,Precinct 1505,U.S. House,1,REP,Matt Mechtel,40
Ramsey,Precinct 1505,U.S. Senate,,DEM,Kent Conrad,43
Ramsey,Precinct 1505,U.S. Senate,,REP,Dwight Grotberg,40
Ramsey,Precinct 1506,Agriculture Commissioner,,DEM,Roger Johnson,31
Ramsey,Precinct 1506,Agriculture Commissioner,,REP,Doug Goehring,34
Ramsey,Precinct 1506,Attorney General,,DEM,Bill Brudvik,28
Ramsey,Precinct 1506,Attorney General,,REP,Wayne Stenehjem,35
Ramsey,Precinct 1506,C 1: This constitutional measure would amend section 16 of Article XI of the North Dakota Constitution,,,No,15
Ramsey,Precinct 1506,C 1: This constitutional measure would amend section 16 of Article XI of the North Dakota Constitution,,,Yes,60
Ramsey,Precinct 1506,C 2: This constitutional measure would amend certain sections and repeal other sections of Article XII of the North Dakota Constitution,,,No,22
Ramsey,Precinct 1506,C 2: This constitutional measure would amend certain sections and repeal other sections of Article XII of the North Dakota Constitution,,,Yes,51
Ramsey,Precinct 1506,Justice of the Supreme Court,,NON,Dale Sandstrom,63
Ramsey,Precinct 1506,Public Service Commissioner,,DEM,Cheryl Bergian,30
Ramsey,Precinct 1506,Public Service Commissioner,,REP,Tony Clark,33
Ramsey,Precinct 1506,Secretary of State,,DEM,Kristin Hedger,32
Ramsey,Precinct 1506,Secretary of State,,REP,Alvin A (Al) Jaeger,34
Ramsey,Precinct 1506,State House Legislative,15,DEM,Beverly A Honkola,32
Ramsey,Precinct 1506,State House Legislative,15,DEM,Russell Pearson,30
Ramsey,Precinct 1506,State House Legislative,15,REP,Curt Hofstad,34
Ramsey,Precinct 1506,State House Legislative,15,REP,Dennis E Johnson,33
Ramsey,Precinct 1506,State Senate Legislative District 15,,DEM,Joseph L Lawson,32
Ramsey,Precinct 1506,State Senate Legislative District 15,,REP,Dave Oehlke,34
Ramsey,Precinct 1506,Tax Commissioner,,DEM,Brent Edison,32
Ramsey,Precinct 1506,Tax Commissioner,,REP,Cory Fong,34
Ramsey,Precinct 1506,U.S. House,1,DEM,Earl Pomeroy,37
Ramsey,Precinct 1506,U.S. House,1,REP,Matt Mechtel,34
Ramsey,Precinct 1506,U.S. Senate,,DEM,Kent Conrad,37
Ramsey,Precinct 1506,U.S. Senate,,REP,Dwight Grotberg,34
Ramsey,Precinct 1507,Agriculture Commissioner,,DEM,Roger Johnson,104
Ramsey,Precinct 1507,Agriculture Commissioner,,REP,Doug Goehring,81
Ramsey,Precinct 1507,Attorney General,,DEM,Bill Brudvik,97
Ramsey,Precinct 1507,Attorney General,,REP,Wayne Stenehjem,81
Ramsey,Precinct 1507,C 1: This constitutional measure would amend section 16 of Article XI of the North Dakota Constitution,,,No,39
Ramsey,Precinct 1507,C 1: This constitutional measure would amend section 16 of Article XI of the North Dakota Constitution,,,Yes,148
Ramsey,Precinct 1507,C 2: This constitutional measure would amend certain sections and repeal other sections of Article XII of the North Dakota Constitution,,,No,47
Ramsey,Precinct 1507,C 2: This constitutional measure would amend certain sections and repeal other sections of Article XII of the North Dakota Constitution,,,Yes,134
Ramsey,Precinct 1507,Justice of the Supreme Court,,NON,Dale Sandstrom,167
Ramsey,Precinct 1507,Public Service Commissioner,,DEM,Cheryl Bergian,102
Ramsey,Precinct 1507,Public Service Commissioner,,REP,Tony Clark,74
Ramsey,Precinct 1507,Secretary of State,,DEM,Kristin Hedger,101
Ramsey,Precinct 1507,Secretary of State,,REP,Alvin A (Al) Jaeger,78
Ramsey,Precinct 1507,State House Legislative,15,DEM,Beverly A Honkola,94
Ramsey,Precinct 1507,State House Legislative,15,DEM,Russell Pearson,92
Ramsey,Precinct 1507,State House Legislative,15,REP,Curt Hofstad,68
Ramsey,Precinct 1507,State House Legislative,15,REP,Dennis E Johnson,74
Ramsey,Precinct 1507,State Senate Legislative District 15,,DEM,Joseph L Lawson,102
Ramsey,Precinct 1507,State Senate Legislative District 15,,REP,Dave Oehlke,79
Ramsey,Precinct 1507,Tax Commissioner,,DEM,Brent Edison,99
Ramsey,Precinct 1507,Tax Commissioner,,REP,Cory Fong,76
Ramsey,Precinct 1507,U.S. House,1,DEM,Earl Pomeroy,111
Ramsey,Precinct 1507,U.S. House,1,REP,Matt Mechtel,75
Ramsey,Precinct 1507,U.S. Senate,,DEM,Kent Conrad,112
Ramsey,Precinct 1507,U.S. Senate,,REP,Dwight Grotberg,75
Ramsey,Precinct 1508,Agriculture Commissioner,,DEM,Roger Johnson,275
Ramsey,Precinct 1508,Agriculture Commissioner,,REP,Doug Goehring,188
Ramsey,Precinct 1508,Attorney General,,DEM,Bill Brudvik,256
Ramsey,Precinct 1508,Attorney General,,REP,Wayne Stenehjem,198
Ramsey,Precinct 1508,C 1: This constitutional measure would amend section 16 of Article XI of the North Dakota Constitution,,,No,89
Ramsey,Precinct 1508,C 1: This constitutional measure would amend section 16 of Article XI of the North Dakota Constitution,,,Yes,435
Ramsey,Precinct 1508,C 2: This constitutional measure would amend certain sections and repeal other sections of Article XII of the North Dakota Constitution,,,No,106
Ramsey,Precinct 1508,C 2: This constitutional measure would amend certain sections and repeal other sections of Article XII of the North Dakota Constitution,,,Yes,417
Ramsey,Precinct 1508,Justice of the Supreme Court,,NON,Dale Sandstrom,488
Ramsey,Precinct 1508,Public Service Commissioner,,DEM,Cheryl Bergian,260
Ramsey,Precinct 1508,Public Service Commissioner,,REP,Tony Clark,186
Ramsey,Precinct 1508,Secretary of State,,DEM,Kristin Hedger,262
Ramsey,Precinct 1508,Secretary of State,,REP,Alvin A (Al) Jaeger,195
Ramsey,Precinct 1508,State House Legislative,15,DEM,Beverly A Honkola,246
Ramsey,Precinct 1508,State House Legislative,15,DEM,Russell Pearson,264
Ramsey,Precinct 1508,State House Legislative,15,REP,Curt Hofstad,179
Ramsey,Precinct 1508,State House Legislative,15,REP,Dennis E Johnson,198
Ramsey,Precinct 1508,State Senate Legislative District 15,,DEM,Joseph L Lawson,270
Ramsey,Precinct 1508,State Senate Legislative District 15,,REP,Dave Oehlke,206
Ramsey,Precinct 1508,Tax Commissioner,,DEM,Brent Edison,259
Ramsey,Precinct 1508,Tax Commissioner,,REP,Cory Fong,189
Ramsey,Precinct 1508,U.S. House,1,DEM,Earl Pomeroy,295
Ramsey,Precinct 1508,U.S. House,1,REP,Matt Mechtel,176
Ramsey,Precinct 1508,U.S. Senate,,DEM,Kent Conrad,296
Ramsey,Precinct 1508,U.S. Senate,,REP,Dwight Grotberg,177
Ransom,Precinct 2401,Agriculture Commissioner,,DEM,Roger Johnson,40
Ransom,Precinct 2401,Agriculture Commissioner,,REP,Doug Goehring,24
Ransom,Precinct 2401,Attorney General,,DEM,Bill Brudvik,34
Ransom,Precinct 2401,Attorney General,,REP,Wayne Stenehjem,26
Ransom,Precinct 2401,C 1: This constitutional measure would amend section 16 of Article XI of the North Dakota Constitution,,,No,24
Ransom,Precinct 2401,C 1: This constitutional measure would amend section 16 of Article XI of the North Dakota Constitution,,,Yes,43
Ransom,Precinct 2401,C 2: This constitutional measure would amend certain sections and repeal other sections of Article XII of the North Dakota Constitution,,,No,17
Ransom,Precinct 2401,C 2: This constitutional measure would amend certain sections and repeal other sections of Article XII of the North Dakota Constitution,,,Yes,45
Ransom,Precinct 2401,Justice of the Supreme Court,,NON,Dale Sandstrom,67
Ransom,Precinct 2401,Public Service Commissioner,,DEM,Cheryl Bergian,39
Ransom,Precinct 2401,Public Service Commissioner,,REP,Tony Clark,25
Ransom,Precinct 2401,Secretary of State,,DEM,Kristin Hedger,36
Ransom,Precinct 2401,Secretary of State,,REP,Alvin A (Al) Jaeger,27
Ransom,Precinct 2401,Tax Commissioner,,DEM,Brent Edison,39
Ransom,Precinct 2401,Tax Commissioner,,REP,Cory Fong,25
Ransom,Precinct 2401,U.S. House,1,DEM,Earl Pomeroy,42
Ransom,Precinct 2401,U.S. House,1,REP,Matt Mechtel,25
Ransom,Precinct 2401,U.S. Senate,,DEM,Kent Conrad,42
Ransom,Precinct 2401,U.S. Senate,,REP,Dwight Grotberg,26
Ransom,Precinct 2402,Agriculture Commissioner,,DEM,Roger Johnson,280
Ransom,Precinct 2402,Agriculture Commissioner,,REP,Doug Goehring,71
Ransom,Precinct 2402,Attorney General,,DEM,Bill Brudvik,268
Ransom,Precinct 2402,Attorney General,,REP,Wayne Stenehjem,72
Ransom,Precinct 2402,C 1: This constitutional measure would amend section 16 of Article XI of the North Dakota Constitution,,,No,100
Ransom,Precinct 2402,C 1: This constitutional measure would amend section 16 of Article XI of the North Dakota Constitution,,,Yes,237
Ransom,Precinct 2402,C 2: This constitutional measure would amend certain sections and repeal other sections of Article XII of the North Dakota Constitution,,,No,95
Ransom,Precinct 2402,C 2: This constitutional measure would amend certain sections and repeal other sections of Article XII of the North Dakota Constitution,,,Yes,240
Ransom,Precinct 2402,Justice of the Supreme Court,,NON,Dale Sandstrom,336
Ransom,Precinct 2402,Public Service Commissioner,,DEM,Cheryl Bergian,271
Ransom,Precinct 2402,Public Service Commissioner,,REP,Tony Clark,70
Ransom,Precinct 2402,Secretary of State,,DEM,Kristin Hedger,266
Ransom,Precinct 2402,Secretary of State,,REP,Alvin A (Al) Jaeger,71
Ransom,Precinct 2402,Tax Commissioner,,DEM,Brent Edison,271
Ransom,Precinct 2402,Tax Commissioner,,REP,Cory Fong,70
Ransom,Precinct 2402,U.S. House,1,DEM,Earl Pomeroy,283
Ransom,Precinct 2402,U.S. House,1,REP,Matt Mechtel,70
Ransom,Precinct 2402,U.S. Senate,,DEM,Kent Conrad,286
Ransom,Precinct 2402,U.S. Senate,,REP,Dwight Grotberg,70
Ransom,Precinct 2404,Agriculture Commissioner,,DEM,Roger Johnson,51
Ransom,Precinct 2404,Agriculture Commissioner,,REP,Doug Goehring,16
Ransom,Precinct 2404,Attorney General,,DEM,Bill Brudvik,47
Ransom,Precinct 2404,Attorney General,,REP,Wayne Stenehjem,18
Ransom,Precinct 2404,C 1: This constitutional measure would amend section 16 of Article XI of the North Dakota Constitution,,,No,35
Ransom,Precinct 2404,C 1: This constitutional measure would amend section 16 of Article XI of the North Dakota Constitution,,,Yes,38
Ransom,Precinct 2404,C 2: This constitutional measure would amend certain sections and repeal other sections of Article XII of the North Dakota Constitution,,,No,23
Ransom,Precinct 2404,C 2: This constitutional measure would amend certain sections and repeal other sections of Article XII of the North Dakota Constitution,,,Yes,46
Ransom,Precinct 2404,Justice of the Supreme Court,,NON,Dale Sandstrom,67
Ransom,Precinct 2404,Public Service Commissioner,,DEM,Cheryl Bergian,49
Ransom,Precinct 2404,Public Service Commissioner,,REP,Tony Clark,16
Ransom,Precinct 2404,Secretary of State,,DEM,Kristin Hedger,48
Ransom,Precinct 2404,Secretary of State,,REP,Alvin A (Al) Jaeger,17
Ransom,Precinct 2404,Tax Commissioner,,DEM,Brent Edison,48
Ransom,Precinct 2404,Tax Commissioner,,REP,Cory Fong,17
Ransom,Precinct 2404,U.S. House,1,DEM,Earl Pomeroy,51
Ransom,Precinct 2404,U.S. House,1,REP,Matt Mechtel,17
Ransom,Precinct 2404,U.S. Senate,,DEM,Kent Conrad,51
Ransom,Precinct 2404,U.S. Senate,,REP,Dwight Grotberg,16
Ransom,Precinct 2406,Agriculture Commissioner,,DEM,Roger Johnson,250
Ransom,Precinct 2406,Agriculture Commissioner,,REP,Doug Goehring,107
Ransom,Precinct 2406,Attorney General,,DEM,Bill Brudvik,229
Ransom,Precinct 2406,Attorney General,,REP,Wayne Stenehjem,113
Ransom,Precinct 2406,C 1: This constitutional measure would amend section 16 of Article XI of the North Dakota Constitution,,,No,104
Ransom,Precinct 2406,C 1: This constitutional measure would amend section 16 of Article XI of the North Dakota Constitution,,,Yes,261
Ransom,Precinct 2406,C 2: This constitutional measure would amend certain sections and repeal other sections of Article XII of the North Dakota Constitution,,,No,85
Ransom,Precinct 2406,C 2: This constitutional measure would amend certain sections and repeal other sections of Article XII of the North Dakota Constitution,,,Yes,267
Ransom,Precinct 2406,Justice of the Supreme Court,,NON,Dale Sandstrom,350
Ransom,Precinct 2406,Public Service Commissioner,,DEM,Cheryl Bergian,238
Ransom,Precinct 2406,Public Service Commissioner,,REP,Tony Clark,111
Ransom,Precinct 2406,Secretary of State,,DEM,Kristin Hedger,240
Ransom,Precinct 2406,Secretary of State,,REP,Alvin A (Al) Jaeger,112
Ransom,Precinct 2406,Tax Commissioner,,DEM,Brent Edison,238
Ransom,Precinct 2406,Tax Commissioner,,REP,Cory Fong,111
Ransom,Precinct 2406,U.S. House,1,DEM,Earl Pomeroy,256
Ransom,Precinct 2406,U.S. House,1,REP,Matt Mechtel,108
Ransom,Precinct 2406,U.S. Senate,,DEM,Kent Conrad,260
Ransom,Precinct 2406,U.S. Senate,,REP,Dwight Grotberg,108
Ransom,Precinct 2603,Agriculture Commissioner,,DEM,Roger Johnson,62
Ransom,Precinct 2603,Agriculture Commissioner,,REP,Doug Goehring,36
Ransom,Precinct 2603,Attorney General,,DEM,Bill Brudvik,58
Ransom,Precinct 2603,Attorney General,,REP,Wayne Stenehjem,38
Ransom,Precinct 2603,C 1: This constitutional measure would amend section 16 of Article XI of the North Dakota Constitution,,,No,29
Ransom,Precinct 2603,C 1: This constitutional measure would amend section 16 of Article XI of the North Dakota Constitution,,,Yes,64
Ransom,Precinct 2603,C 2: This constitutional measure would amend certain sections and repeal other sections of Article XII of the North Dakota Constitution,,,No,31
Ransom,Precinct 2603,C 2: This constitutional measure would amend certain sections and repeal other sections of Article XII of the North Dakota Constitution,,,Yes,59
Ransom,Precinct 2603,Justice of the Supreme Court,,NON,Dale Sandstrom,84
Ransom,Precinct 2603,Public Service Commissioner,,DEM,Cheryl Bergian,59
Ransom,Precinct 2603,Public Service Commissioner,,REP,Tony Clark,37
Ransom,Precinct 2603,Secretary of State,,DEM,Kristin Hedger,58
Ransom,Precinct 2603,Secretary of State,,REP,Alvin A (Al) Jaeger,36
Ransom,Precinct 2603,Tax Commissioner,,DEM,Brent Edison,61
Ransom,Precinct 2603,Tax Commissioner,,REP,Cory Fong,36
Ransom,Precinct 2603,U.S. House,1,DEM,Earl Pomeroy,63
Ransom,Precinct 2603,U.S. House,1,REP,Matt Mechtel,34
Ransom,Precinct 2603,U.S. Senate,,DEM,Kent Conrad,64
Ransom,Precinct 2603,U.S. Senate,,REP,Dwight Grotberg,37
Ransom,Precinct 2605,Agriculture Commissioner,,DEM,Roger Johnson,40
Ransom,Precinct 2605,Agriculture Commissioner,,REP,Doug Goehring,14
Ransom,Precinct 2605,Attorney General,,DEM,Bill Brudvik,35
Ransom,Precinct 2605,Attorney General,,REP,Wayne Stenehjem,15
Ransom,Precinct 2605,C 1: This constitutional measure would amend section 16 of Article XI of the North Dakota Constitution,,,No,16
Ransom,Precinct 2605,C 1: This constitutional measure would amend section 16 of Article XI of the North Dakota Constitution,,,Yes,39
Ransom,Precinct 2605,C 2: This constitutional measure would amend certain sections and repeal other sections of Article XII of the North Dakota Constitution,,,No,19
Ransom,Precinct 2605,C 2: This constitutional measure would amend certain sections and repeal other sections of Article XII of the North Dakota Constitution,,,Yes,34
Ransom,Precinct 2605,Justice of the Supreme Court,,NON,Dale Sandstrom,50
Ransom,Precinct 2605,Public Service Commissioner,,DEM,Cheryl Bergian,37
Ransom,Precinct 2605,Public Service Commissioner,,REP,Tony Clark,14
Ransom,Precinct 2605,Secretary of State,,DEM,Kristin Hedger,35
Ransom,Precinct 2605,Secretary of State,,REP,Alvin A (Al) Jaeger,14
Ransom,Precinct 2605,Tax Commissioner,,DEM,Brent Edison,40
Ransom,Precinct 2605,Tax Commissioner,,REP,Cory Fong,14
Ransom,Precinct 2605,U.S. House,1,DEM,Earl Pomeroy,41
Ransom,Precinct 2605,U.S. House,1,REP,Matt Mechtel,15
Ransom,Precinct 2605,U.S. Senate,,DEM,Kent Conrad,43
Ransom,Precinct 2605,U.S. Senate,,REP,Dwight Grotberg,15
Renville,Precinct 0601,Agriculture Commissioner,,DEM,Roger Johnson,45
Renville,Precinct 0601,Agriculture Commissioner,,REP,Doug Goehring,24
Renville,Precinct 0601,Attorney General,,DEM,Bill Brudvik,41
Renville,Precinct 0601,Attorney General,,REP,Wayne Stenehjem,26
Renville,Precinct 0601,C 1: This constitutional measure would amend section 16 of Article XI of the North Dakota Constitution,,,No,17
Renville,Precinct 0601,C 1: This constitutional measure would amend section 16 of Article XI of the North Dakota Constitution,,,Yes,58
Renville,Precinct 0601,C 2: This constitutional measure would amend certain sections and repeal other sections of Article XII of the North Dakota Constitution,,,No,21
Renville,Precinct 0601,C 2: This constitutional measure would amend certain sections and repeal other sections of Article XII of the North Dakota Constitution,,,Yes,53
Renville,Precinct 0601,Justice of the Supreme Court,,NON,Dale Sandstrom,70
Renville,Precinct 0601,Public Service Commissioner,,DEM,Cheryl Bergian,40
Renville,Precinct 0601,Public Service Commissioner,,REP,Tony Clark,24
Renville,Precinct 0601,Secretary of State,,DEM,Kristin Hedger,41
Renville,Precinct 0601,Secretary of State,,REP,Alvin A (Al) Jaeger,25
Renville,Precinct 0601,Tax Commissioner,,DEM,Brent Edison,38
Renville,Precinct 0601,Tax Commissioner,,REP,Cory Fong,24
Renville,Precinct 0601,U.S. House,1,DEM,Earl Pomeroy,47
Renville,Precinct 0601,U.S. House,1,REP,Matt Mechtel,23
Renville,Precinct 0601,U.S. Senate,,DEM,Kent Conrad,48
Renville,Precinct 0601,U.S. Senate,,REP,Dwight Grotberg,24
Renville,Precinct 0602,Agriculture Commissioner,,DEM,Roger Johnson,25
Renville,Precinct 0602,Agriculture Commissioner,,REP,Doug Goehring,15
Renville,Precinct 0602,Attorney General,,DEM,Bill Brudvik,26
Renville,Precinct 0602,Attorney General,,REP,Wayne Stenehjem,16
Renville,Precinct 0602,C 1: This constitutional measure would amend section 16 of Article XI of the North Dakota Constitution,,,No,18
Renville,Precinct 0602,C 1: This constitutional measure would amend section 16 of Article XI of the North Dakota Constitution,,,Yes,22
Renville,Precinct 0602,C 2: This constitutional measure would amend certain sections and repeal other sections of Article XII of the North Dakota Constitution,,,No,20
Renville,Precinct 0602,C 2: This constitutional measure would amend certain sections and repeal other sections of Article XII of the North Dakota Constitution,,,Yes,19
Renville,Precinct 0602,Justice of the Supreme Court,,NON,Dale Sandstrom,38
Renville,Precinct 0602,Public Service Commissioner,,DEM,Cheryl Bergian,26
Renville,Precinct 0602,Public Service Commissioner,,REP,Tony Clark,14
Renville,Precinct 0602,Secretary of State,,DEM,Kristin Hedger,26
Renville,Precinct 0602,Secretary of State,,REP,Alvin A (Al) Jaeger,15
Renville,Precinct 0602,Tax Commissioner,,DEM,Brent Edison,26
Renville,Precinct 0602,Tax Commissioner,,REP,Cory Fong,15
Renville,Precinct 0602,U.S. House,1,DEM,Earl Pomeroy,26
Renville,Precinct 0602,U.S. House,1,REP,Matt Mechtel,15
Renville,Precinct 0602,U.S. Senate,,DEM,Kent Conrad,28
Renville,Precinct 0602,U.S. Senate,,REP,Dwight Grotberg,15
Renville,Precinct 0603,Agriculture Commissioner,,DEM,Roger Johnson,116
Renville,Precinct 0603,Agriculture Commissioner,,REP,Doug Goehring,73
Renville,Precinct 0603,Attorney General,,DEM,Bill Brudvik,114
Renville,Precinct 0603,Attorney General,,REP,Wayne Stenehjem,75
Renville,Precinct 0603,C 1: This constitutional measure would amend section 16 of Article XI of the North Dakota Constitution,,,No,43
Renville,Precinct 0603,C 1: This constitutional measure would amend section 16 of Article XI of the North Dakota Constitution,,,Yes,154
Renville,Precinct 0603,C 2: This constitutional measure would amend certain sections and repeal other sections of Article XII of the North Dakota Constitution,,,No,47
Renville,Precinct 0603,C 2: This constitutional measure would amend certain sections and repeal other sections of Article XII of the North Dakota Constitution,,,Yes,143
Renville,Precinct 0603,Justice of the Supreme Court,,NON,Dale Sandstrom,187
Renville,Precinct 0603,Public Service Commissioner,,DEM,Cheryl Bergian,110
Renville,Precinct 0603,Public Service Commissioner,,REP,Tony Clark,73
Renville,Precinct 0603,Secretary of State,,DEM,Kristin Hedger,110
Renville,Precinct 0603,Secretary of State,,REP,Alvin A (Al) Jaeger,73
Renville,Precinct 0603,Tax Commissioner,,DEM,Brent Edison,112
Renville,Precinct 0603,Tax Commissioner,,REP,Cory Fong,71
Renville,Precinct 0603,U.S. House,1,DEM,Earl Pomeroy,119
Renville,Precinct 0603,U.S. House,1,REP,Matt Mechtel,71
Renville,Precinct 0603,U.S. Senate,,DEM,Kent Conrad,121
Renville,Precinct 0603,U.S. Senate,,REP,Dwight Grotberg,72
Renville,Precinct 0604,Agriculture Commissioner,,DEM,Roger Johnson,15
Renville,Precinct 0604,Agriculture Commissioner,,REP,Doug Goehring,0
Renville,Precinct 0604,Attorney General,,DEM,Bill Brudvik,14
Renville,Precinct 0604,Attorney General,,REP,Wayne Stenehjem,1
Renville,Precinct 0604,C 1: This constitutional measure would amend section 16 of Article XI of the North Dakota Constitution,,,No,2
Renville,Precinct 0604,C 1: This constitutional measure would amend section 16 of Article XI of the North Dakota Constitution,,,Yes,13
Renville,Precinct 0604,C 2: This constitutional measure would amend certain sections and repeal other sections of Article XII of the North Dakota Constitution,,,No,5
Renville,Precinct 0604,C 2: This constitutional measure would amend certain sections and repeal other sections of Article XII of the North Dakota Constitution,,,Yes,10
Renville,Precinct 0604,Justice of the Supreme Court,,NON,Dale Sandstrom,10
Renville,Precinct 0604,Public Service Commissioner,,DEM,Cheryl Bergian,14
Renville,Precinct 0604,Public Service Commissioner,,REP,Tony Clark,1
Renville,Precinct 0604,Secretary of State,,DEM,Kristin Hedger,14
Renville,Precinct 0604,Secretary of State,,REP,Alvin A (Al) Jaeger,1
Renville,Precinct 0604,Tax Commissioner,,DEM,Brent Edison,14
Renville,Precinct 0604,Tax Commissioner,,REP,Cory Fong,0
Renville,Precinct 0604,U.S. House,1,DEM,Earl Pomeroy,15
Renville,Precinct 0604,U.S. House,1,REP,Matt Mechtel,0
Renville,Precinct 0604,U.S. Senate,,DEM,Kent Conrad,15
Renville,Precinct 0604,U.S. Senate,,REP,Dwight Grotberg,0
Renville,Precinct 0605,Agriculture Commissioner,,DEM,Roger Johnson,66
Renville,Precinct 0605,Agriculture Commissioner,,REP,Doug Goehring,39
Renville,Precinct 0605,Attorney General,,DEM,Bill Brudvik,60
Renville,Precinct 0605,Attorney General,,REP,Wayne Stenehjem,40
Renville,Precinct 0605,C 1: This constitutional measure would amend section 16 of Article XI of the North Dakota Constitution,,,No,15
Renville,Precinct 0605,C 1: This constitutional measure would amend section 16 of Article XI of the North Dakota Constitution,,,Yes,85
Renville,Precinct 0605,C 2: This constitutional measure would amend certain sections and repeal other sections of Article XII of the North Dakota Constitution,,,No,24
Renville,Precinct 0605,C 2: This constitutional measure would amend certain sections and repeal other sections of Article XII of the North Dakota Constitution,,,Yes,75
Renville,Precinct 0605,Justice of the Supreme Court,,NON,Dale Sandstrom,100
Renville,Precinct 0605,Public Service Commissioner,,DEM,Cheryl Bergian,62
Renville,Precinct 0605,Public Service Commissioner,,REP,Tony Clark,40
Renville,Precinct 0605,Secretary of State,,DEM,Kristin Hedger,61
Renville,Precinct 0605,Secretary of State,,REP,Alvin A (Al) Jaeger,40
Renville,Precinct 0605,Tax Commissioner,,DEM,Brent Edison,64
Renville,Precinct 0605,Tax Commissioner,,REP,Cory Fong,40
Renville,Precinct 0605,U.S. House,1,DEM,Earl Pomeroy,68
Renville,Precinct 0605,U.S. House,1,REP,Matt Mechtel,39
Renville,Precinct 0605,U.S. Senate,,DEM,Kent Conrad,68
Renville,Precinct 0605,U.S. Senate,,REP,Dwight Grotberg,39
Richland,Precinct 2537,Agriculture Commissioner,,DEM,Roger Johnson,16
Richland,Precinct 2537,Agriculture Commissioner,,REP,Doug Goehring,15
Richland,Precinct 2537,Attorney General,,DEM,Bill Brudvik,12
Richland,Precinct 2537,Attorney General,,REP,Wayne Stenehjem,15
Richland,Precinct 2537,C 1: This constitutional measure would amend section 16 of Article XI of the North Dakota Constitution,,,No,5
Richland,Precinct 2537,C 1: This constitutional measure would amend section 16 of Article XI of the North Dakota Constitution,,,Yes,22
Richland,Precinct 2537,C 2: This constitutional measure would amend certain sections and repeal other sections of Article XII of the North Dakota Constitution,,,No,6
Richland,Precinct 2537,C 2: This constitutional measure would amend certain sections and repeal other sections of Article XII of the North Dakota Constitution,,,Yes,21
Richland,Precinct 2537,Justice of the Supreme Court,,NON,Dale Sandstrom,25
Richland,Precinct 2537,Public Service Commissioner,,DEM,Cheryl Bergian,13
Richland,Precinct 2537,Public Service Commissioner,,REP,Tony Clark,15
Richland,Precinct 2537,Secretary of State,,DEM,Kristin Hedger,13
Richland,Precinct 2537,Secretary of State,,REP,Alvin A (Al) Jaeger,15
Richland,Precinct 2537,State House Legislative,25,DEM,Clark Williams,16
Richland,Precinct 2537,State House Legislative,25,REP,James Strege,14
Richland,Precinct 2537,State House Legislative,25,REP,John Wall,11
Richland,Precinct 2537,State Senate Legislative District 25,,DEM,Arden Anderson,14
Richland,Precinct 2537,State Senate Legislative District 25,,REP,Cindy S Beck,14
Richland,Precinct 2537,Tax Commissioner,,DEM,Brent Edison,11
Richland,Precinct 2537,Tax Commissioner,,REP,Cory Fong,15
Richland,Precinct 2537,U.S. House,1,DEM,Earl Pomeroy,16
Richland,Precinct 2537,U.S. House,1,REP,Matt Mechtel,14
Richland,Precinct 2537,U.S. Senate,,DEM,Kent Conrad,16
Richland,Precinct 2537,U.S. Senate,,REP,Dwight Grotberg,15
Richland,Precinct 2538,Agriculture Commissioner,,DEM,Roger Johnson,34
Richland,Precinct 2538,Agriculture Commissioner,,REP,Doug Goehring,22
Richland,Precinct 2538,Attorney General,,DEM,Bill Brudvik,33
Richland,Precinct 2538,Attorney General,,REP,Wayne Stenehjem,22
Richland,Precinct 2538,C 1: This constitutional measure would amend section 16 of Article XI of the North Dakota Constitution,,,No,19
Richland,Precinct 2538,C 1: This constitutional measure would amend section 16 of Article XI of the North Dakota Constitution,,,Yes,31
Richland,Precinct 2538,C 2: This constitutional measure would amend certain sections and repeal other sections of Article XII of the North Dakota Constitution,,,No,16
Richland,Precinct 2538,C 2: This constitutional measure would amend certain sections and repeal other sections of Article XII of the North Dakota Constitution,,,Yes,30
Richland,Precinct 2538,Justice of the Supreme Court,,NON,Dale Sandstrom,50
Richland,Precinct 2538,Public Service Commissioner,,DEM,Cheryl Bergian,35
Richland,Precinct 2538,Public Service Commissioner,,REP,Tony Clark,20
Richland,Precinct 2538,Secretary of State,,DEM,Kristin Hedger,35
Richland,Precinct 2538,Secretary of State,,REP,Alvin A (Al) Jaeger,20
Richland,Precinct 2538,State House Legislative,25,DEM,Clark Williams,36
Richland,Precinct 2538,State House Legislative,25,REP,James Strege,17
Richland,Precinct 2538,State House Legislative,25,REP,John Wall,20
Richland,Precinct 2538,State Senate Legislative District 25,,DEM,Arden Anderson,33
Richland,Precinct 2538,State Senate Legislative District 25,,REP,Cindy S Beck,21
Richland,Precinct 2538,Tax Commissioner,,DEM,Brent Edison,35
Richland,Precinct 2538,Tax Commissioner,,REP,Cory Fong,19
Richland,Precinct 2538,U.S. House,1,DEM,Earl Pomeroy,35
Richland,Precinct 2538,U.S. House,1,REP,Matt Mechtel,22
Richland,Precinct 2538,U.S. Senate,,DEM,Kent Conrad,36
Richland,Precinct 2538,U.S. Senate,,REP,Dwight Grotberg,21
Richland,Precinct 2539,Agriculture Commissioner,,DEM,Roger Johnson,46
Richland,Precinct 2539,Agriculture Commissioner,,REP,Doug Goehring,47
Richland,Precinct 2539,Attorney General,,DEM,Bill Brudvik,43
Richland,Precinct 2539,Attorney General,,REP,Wayne Stenehjem,49
Richland,Precinct 2539,C 1: This constitutional measure would amend section 16 of Article XI of the North Dakota Constitution,,,No,28
Richland,Precinct 2539,C 1: This constitutional measure would amend section 16 of Article XI of the North Dakota Constitution,,,Yes,61
Richland,Precinct 2539,C 2: This constitutional measure would amend certain sections and repeal other sections of Article XII of the North Dakota Constitution,,,No,26
Richland,Precinct 2539,C 2: This constitutional measure would amend certain sections and repeal other sections of Article XII of the North Dakota Constitution,,,Yes,56
Richland,Precinct 2539,Justice of the Supreme Court,,NON,Dale Sandstrom,86
Richland,Precinct 2539,Public Service Commissioner,,DEM,Cheryl Bergian,43
Richland,Precinct 2539,Public Service Commissioner,,REP,Tony Clark,48
Richland,Precinct 2539,Secretary of State,,DEM,Kristin Hedger,43
Richland,Precinct 2539,Secretary of State,,REP,Alvin A (Al) Jaeger,48
Richland,Precinct 2539,State House Legislative,25,DEM,Clark Williams,46
Richland,Precinct 2539,State House Legislative,25,REP,James Strege,47
Richland,Precinct 2539,State House Legislative,25,REP,John Wall,44
Richland,Precinct 2539,State Senate Legislative District 25,,DEM,Arden Anderson,47
Richland,Precinct 2539,State Senate Legislative District 25,,REP,Cindy S Beck,46
Richland,Precinct 2539,Tax Commissioner,,DEM,Brent Edison,43
Richland,Precinct 2539,Tax Commissioner,,REP,Cory Fong,46
Richland,Precinct 2539,U.S. House,1,DEM,Earl Pomeroy,46
Richland,Precinct 2539,U.S. House,1,REP,Matt Mechtel,44
Richland,Precinct 2539,U.S. Senate,,DEM,Kent Conrad,47
Richland,Precinct 2539,U.S. Senate,,REP,Dwight Grotberg,44
Richland,Precinct 2541,Agriculture Commissioner,,DEM,Roger Johnson,44
Richland,Precinct 2541,Agriculture Commissioner,,REP,Doug Goehring,22
Richland,Precinct 2541,Attorney General,,DEM,Bill Brudvik,41
Richland,Precinct 2541,Attorney General,,REP,Wayne Stenehjem,23
Richland,Precinct 2541,C 1: This constitutional measure would amend section 16 of Article XI of the North Dakota Constitution,,,No,22
Richland,Precinct 2541,C 1: This constitutional measure would amend section 16 of Article XI of the North Dakota Constitution,,,Yes,47
Richland,Precinct 2541,C 2: This constitutional measure would amend certain sections and repeal other sections of Article XII of the North Dakota Constitution,,,No,28
Richland,Precinct 2541,C 2: This constitutional measure would amend certain sections and repeal other sections of Article XII of the North Dakota Constitution,,,Yes,38
Richland,Precinct 2541,Justice of the Supreme Court,,NON,Dale Sandstrom,65
Richland,Precinct 2541,Public Service Commissioner,,DEM,Cheryl Bergian,42
Richland,Precinct 2541,Public Service Commissioner,,REP,Tony Clark,22
Richland,Precinct 2541,Secretary of State,,DEM,Kristin Hedger,41
Richland,Precinct 2541,Secretary of State,,REP,Alvin A (Al) Jaeger,23
Richland,Precinct 2541,State House Legislative,25,DEM,Clark Williams,44
Richland,Precinct 2541,State House Legislative,25,REP,James Strege,17
Richland,Precinct 2541,State House Legislative,25,REP,John Wall,23
Richland,Precinct 2541,State Senate Legislative District 25,,DEM,Arden Anderson,44
Richland,Precinct 2541,State Senate Legislative District 25,,REP,Cindy S Beck,20
Richland,Precinct 2541,Tax Commissioner,,DEM,Brent Edison,42
Richland,Precinct 2541,Tax Commissioner,,REP,Cory Fong,22
Richland,Precinct 2541,U.S. House,1,DEM,Earl Pomeroy,47
Richland,Precinct 2541,U.S. House,1,REP,Matt Mechtel,22
Richland,Precinct 2541,U.S. Senate,,DEM,Kent Conrad,47
Richland,Precinct 2541,U.S. Senate,,REP,Dwight Grotberg,23
Richland,Precinct 2546,Agriculture Commissioner,,DEM,Roger Johnson,96
Richland,Precinct 2546,Agriculture Commissioner,,REP,Doug Goehring,47
Richland,Precinct 2546,Attorney General,,DEM,Bill Brudvik,86
Richland,Precinct 2546,Attorney General,,REP,Wayne Stenehjem,51
Richland,Precinct 2546,C 1: This constitutional measure would amend section 16 of Article XI of the North Dakota Constitution,,,No,41
Richland,Precinct 2546,C 1: This constitutional measure would amend section 16 of Article XI of the North Dakota Constitution,,,Yes,111
Richland,Precinct 2546,C 2: This constitutional measure would amend certain sections and repeal other sections of Article XII of the North Dakota Constitution,,,No,43
Richland,Precinct 2546,C 2: This constitutional measure would amend certain sections and repeal other sections of Article XII of the North Dakota Constitution,,,Yes,105
Richland,Precinct 2546,Justice of the Supreme Court,,NON,Dale Sandstrom,140
Richland,Precinct 2546,Public Service Commissioner,,DEM,Cheryl Bergian,89
Richland,Precinct 2546,Public Service Commissioner,,REP,Tony Clark,49
Richland,Precinct 2546,Secretary of State,,DEM,Kristin Hedger,88
Richland,Precinct 2546,Secretary of State,,REP,Alvin A (Al) Jaeger,50
Richland,Precinct 2546,State House Legislative,25,DEM,Clark Williams,102
Richland,Precinct 2546,State House Legislative,25,REP,James Strege,46
Richland,Precinct 2546,State House Legislative,25,REP,John Wall,42
Richland,Precinct 2546,State Senate Legislative District 25,,DEM,Arden Anderson,96
Richland,Precinct 2546,State Senate Legislative District 25,,REP,Cindy S Beck,55
Richland,Precinct 2546,Tax Commissioner,,DEM,Brent Edison,90
Richland,Precinct 2546,Tax Commissioner,,REP,Cory Fong,48
Richland,Precinct 2546,U.S. House,1,DEM,Earl Pomeroy,105
Richland,Precinct 2546,U.S. House,1,REP,Matt Mechtel,50
Richland,Precinct 2546,U.S. Senate,,DEM,Kent Conrad,110
Richland,Precinct 2546,U.S. Senate,,REP,Dwight Grotberg,53
Richland,Precinct 2548,Agriculture Commissioner,,DEM,Roger Johnson,208
Richland,Precinct 2548,Agriculture Commissioner,,REP,Doug Goehring,122
Richland,Precinct 2548,Attorney General,,DEM,Bill Brudvik,201
Richland,Precinct 2548,Attorney General,,REP,Wayne Stenehjem,124
Richland,Precinct 2548,C 1: This constitutional measure would amend section 16 of Article XI of the North Dakota Constitution,,,No,137
Richland,Precinct 2548,C 1: This constitutional measure would amend section 16 of Article XI of the North Dakota Constitution,,,Yes,187
Richland,Precinct 2548,C 2: This constitutional measure would amend certain sections and repeal other sections of Article XII of the North Dakota Constitution,,,No,112
Richland,Precinct 2548,C 2: This constitutional measure would amend certain sections and repeal other sections of Article XII of the North Dakota Constitution,,,Yes,201
Richland,Precinct 2548,Justice of the Supreme Court,,NON,Dale Sandstrom,325
Richland,Precinct 2548,Public Service Commissioner,,DEM,Cheryl Bergian,197
Richland,Precinct 2548,Public Service Commissioner,,REP,Tony Clark,124
Richland,Precinct 2548,Secretary of State,,DEM,Kristin Hedger,198
Richland,Precinct 2548,Secretary of State,,REP,Alvin A (Al) Jaeger,127
Richland,Precinct 2548,State House Legislative,25,DEM,Clark Williams,224
Richland,Precinct 2548,State House Legislative,25,REP,James Strege,96
Richland,Precinct 2548,State House Legislative,25,REP,John Wall,111
Richland,Precinct 2548,State Senate Legislative District 25,,DEM,Arden Anderson,216
Richland,Precinct 2548,State Senate Legislative District 25,,REP,Cindy S Beck,119
Richland,Precinct 2548,Tax Commissioner,,DEM,Brent Edison,201
Richland,Precinct 2548,Tax Commissioner,,REP,Cory Fong,123
Richland,Precinct 2548,U.S. House,1,DEM,Earl Pomeroy,233
Richland,Precinct 2548,U.S. House,1,REP,Matt Mechtel,118
Richland,Precinct 2548,U.S. Senate,,DEM,Kent Conrad,238
Richland,Precinct 2548,U.S. Senate,,REP,Dwight Grotberg,121
Richland,Precinct 2549,Agriculture Commissioner,,DEM,Roger Johnson,19
Richland,Precinct 2549,Agriculture Commissioner,,REP,Doug Goehring,22
Richland,Precinct 2549,Attorney General,,DEM,Bill Brudvik,19
Richland,Precinct 2549,Attorney General,,REP,Wayne Stenehjem,23
Richland,Precinct 2549,C 1: This constitutional measure would amend section 16 of Article XI of the North Dakota Constitution,,,No,11
Richland,Precinct 2549,C 1: This constitutional measure would amend section 16 of Article XI of the North Dakota Constitution,,,Yes,28
Richland,Precinct 2549,C 2: This constitutional measure would amend certain sections and repeal other sections of Article XII of the North Dakota Constitution,,,No,8
Richland,Precinct 2549,C 2: This constitutional measure would amend certain sections and repeal other sections of Article XII of the North Dakota Constitution,,,Yes,31
Richland,Precinct 2549,Justice of the Supreme Court,,NON,Dale Sandstrom,41
Richland,Precinct 2549,Public Service Commissioner,,DEM,Cheryl Bergian,19
Richland,Precinct 2549,Public Service Commissioner,,REP,Tony Clark,22
Richland,Precinct 2549,Secretary of State,,DEM,Kristin Hedger,19
Richland,Precinct 2549,Secretary of State,,REP,Alvin A (Al) Jaeger,23
Richland,Precinct 2549,State House Legislative,25,DEM,Clark Williams,19
Richland,Precinct 2549,State House Legislative,25,REP,James Strege,22
Richland,Precinct 2549,State House Legislative,25,REP,John Wall,18
Richland,Precinct 2549,State Senate Legislative District 25,,DEM,Arden Anderson,20
Richland,Precinct 2549,State Senate Legislative District 25,,REP,Cindy S Beck,22
Richland,Precinct 2549,Tax Commissioner,,DEM,Brent Edison,19
Richland,Precinct 2549,Tax Commissioner,,REP,Cory Fong,22
Richland,Precinct 2549,U.S. House,1,DEM,Earl Pomeroy,20
Richland,Precinct 2549,U.S. House,1,REP,Matt Mechtel,21
Richland,Precinct 2549,U.S. Senate,,DEM,Kent Conrad,21
Richland,Precinct 2549,U.S. Senate,,REP,Dwight Grotberg,22
Richland,Precinct 2551,Agriculture Commissioner,,DEM,Roger Johnson,199
Richland,Precinct 2551,Agriculture Commissioner,,REP,Doug Goehring,90
Richland,Precinct 2551,Attorney General,,DEM,Bill Brudvik,189
Richland,Precinct 2551,Attorney General,,REP,Wayne Stenehjem,93
Richland,Precinct 2551,C 1: This constitutional measure would amend section 16 of Article XI of the North Dakota Constitution,,,No,82
Richland,Precinct 2551,C 1: This constitutional measure would amend section 16 of Article XI of the North Dakota Constitution,,,Yes,237
Richland,Precinct 2551,C 2: This constitutional measure would amend certain sections and repeal other sections of Article XII of the North Dakota Constitution,,,No,69
Richland,Precinct 2551,C 2: This constitutional measure would amend certain sections and repeal other sections of Article XII of the North Dakota Constitution,,,Yes,239
Richland,Precinct 2551,Justice of the Supreme Court,,NON,Dale Sandstrom,306
Richland,Precinct 2551,Public Service Commissioner,,DEM,Cheryl Bergian,193
Richland,Precinct 2551,Public Service Commissioner,,REP,Tony Clark,91
Richland,Precinct 2551,Secretary of State,,DEM,Kristin Hedger,196
Richland,Precinct 2551,Secretary of State,,REP,Alvin A (Al) Jaeger,92
Richland,Precinct 2551,State House Legislative,25,DEM,Clark Williams,210
Richland,Precinct 2551,State House Legislative,25,REP,James Strege,61
Richland,Precinct 2551,State House Legislative,25,REP,John Wall,94
Richland,Precinct 2551,State Senate Legislative District 25,,DEM,Arden Anderson,204
Richland,Precinct 2551,State Senate Legislative District 25,,REP,Cindy S Beck,94
Richland,Precinct 2551,Tax Commissioner,,DEM,Brent Edison,195
Richland,Precinct 2551,Tax Commissioner,,REP,Cory Fong,90
Richland,Precinct 2551,U.S. House,1,DEM,Earl Pomeroy,211
Richland,Precinct 2551,U.S. House,1,REP,Matt Mechtel,86
Richland,Precinct 2551,U.S. Senate,,DEM,Kent Conrad,219
Richland,Precinct 2551,U.S. Senate,,REP,Dwight Grotberg,83
Richland,Precinct 2552,Agriculture Commissioner,,DEM,Roger Johnson,231
Richland,Precinct 2552,Agriculture Commissioner,,REP,Doug Goehring,128
Richland,Precinct 2552,Attorney General,,DEM,Bill Brudvik,210
Richland,Precinct 2552,Attorney General,,REP,Wayne Stenehjem,140
Richland,Precinct 2552,C 1: This constitutional measure would amend section 16 of Article XI of the North Dakota Constitution,,,No,78
Richland,Precinct 2552,C 1: This constitutional measure would amend section 16 of Article XI of the North Dakota Constitution,,,Yes,288
Richland,Precinct 2552,C 2: This constitutional measure would amend certain sections and repeal other sections of Article XII of the North Dakota Constitution,,,No,64
Richland,Precinct 2552,C 2: This constitutional measure would amend certain sections and repeal other sections of Article XII of the North Dakota Constitution,,,Yes,294
Richland,Precinct 2552,Justice of the Supreme Court,,NON,Dale Sandstrom,344
Richland,Precinct 2552,Public Service Commissioner,,DEM,Cheryl Bergian,211
Richland,Precinct 2552,Public Service Commissioner,,REP,Tony Clark,127
Richland,Precinct 2552,Secretary of State,,DEM,Kristin Hedger,220
Richland,Precinct 2552,Secretary of State,,REP,Alvin A (Al) Jaeger,131
Richland,Precinct 2552,State House Legislative,25,DEM,Clark Williams,243
Richland,Precinct 2552,State House Legislative,25,REP,James Strege,109
Richland,Precinct 2552,State House Legislative,25,REP,John Wall,139
Richland,Precinct 2552,State Senate Legislative District 25,,DEM,Arden Anderson,236
Richland,Precinct 2552,State Senate Legislative District 25,,REP,Cindy S Beck,136
Richland,Precinct 2552,Tax Commissioner,,DEM,Brent Edison,219
Richland,Precinct 2552,Tax Commissioner,,REP,Cory Fong,129
Richland,Precinct 2552,U.S. House,1,DEM,Earl Pomeroy,246
Richland,Precinct 2552,U.S. House,1,REP,Matt Mechtel,130
Richland,Precinct 2552,U.S. Senate,,DEM,Kent Conrad,252
Richland,Precinct 2552,U.S. Senate,,REP,Dwight Grotberg,132
Richland,Precinct 2553,Agriculture Commissioner,,DEM,Roger Johnson,121
Richland,Precinct 2553,Agriculture Commissioner,,REP,Doug Goehring,103
Richland,Precinct 2553,Attorney General,,DEM,Bill Brudvik,111
Richland,Precinct 2553,Attorney General,,REP,Wayne Stenehjem,104
Richland,Precinct 2553,C 1: This constitutional measure would amend section 16 of Article XI of the North Dakota Constitution,,,No,43
Richland,Precinct 2553,C 1: This constitutional measure would amend section 16 of Article XI of the North Dakota Constitution,,,Yes,190
Richland,Precinct 2553,C 2: This constitutional measure would amend certain sections and repeal other sections of Article XII of the North Dakota Constitution,,,No,46
Richland,Precinct 2553,C 2: This constitutional measure would amend certain sections and repeal other sections of Article XII of the North Dakota Constitution,,,Yes,174
Richland,Precinct 2553,Justice of the Supreme Court,,NON,Dale Sandstrom,219
Richland,Precinct 2553,Public Service Commissioner,,DEM,Cheryl Bergian,110
Richland,Precinct 2553,Public Service Commissioner,,REP,Tony Clark,102
Richland,Precinct 2553,Secretary of State,,DEM,Kristin Hedger,110
Richland,Precinct 2553,Secretary of State,,REP,Alvin A (Al) Jaeger,101
Richland,Precinct 2553,State House Legislative,25,DEM,Clark Williams,128
Richland,Precinct 2553,State House Legislative,25,REP,James Strege,77
Richland,Precinct 2553,State House Legislative,25,REP,John Wall,102
Richland,Precinct 2553,State Senate Legislative District 25,,DEM,Arden Anderson,122
Richland,Precinct 2553,State Senate Legislative District 25,,REP,Cindy S Beck,105
Richland,Precinct 2553,Tax Commissioner,,DEM,Brent Edison,114
Richland,Precinct 2553,Tax Commissioner,,REP,Cory Fong,102
Richland,Precinct 2553,U.S. House,1,DEM,Earl Pomeroy,128
Richland,Precinct 2553,U.S. House,1,REP,Matt Mechtel,97
Richland,Precinct 2553,U.S. Senate,,DEM,Kent Conrad,130
Richland,Precinct 2553,U.S. Senate,,REP,Dwight Grotberg,99
Richland,Precinct 2554,Agriculture Commissioner,,DEM,Roger Johnson,170
Richland,Precinct 2554,Agriculture Commissioner,,REP,Doug Goehring,130
Richland,Precinct 2554,Attorney General,,DEM,Bill Brudvik,156
Richland,Precinct 2554,Attorney General,,REP,Wayne Stenehjem,139
Richland,Precinct 2554,C 1: This constitutional measure would amend section 16 of Article XI of the North Dakota Constitution,,,No,77
Richland,Precinct 2554,C 1: This constitutional measure would amend section 16 of Article XI of the North Dakota Constitution,,,Yes,246
Richland,Precinct 2554,C 2: This constitutional measure would amend certain sections and repeal other sections of Article XII of the North Dakota Constitution,,,No,55
Richland,Precinct 2554,C 2: This constitutional measure would amend certain sections and repeal other sections of Article XII of the North Dakota Constitution,,,Yes,255
Richland,Precinct 2554,Justice of the Supreme Court,,NON,Dale Sandstrom,295
Richland,Precinct 2554,Public Service Commissioner,,DEM,Cheryl Bergian,157
Richland,Precinct 2554,Public Service Commissioner,,REP,Tony Clark,132
Richland,Precinct 2554,Secretary of State,,DEM,Kristin Hedger,159
Richland,Precinct 2554,Secretary of State,,REP,Alvin A (Al) Jaeger,134
Richland,Precinct 2554,State House Legislative,25,DEM,Clark Williams,174
Richland,Precinct 2554,State House Legislative,25,REP,James Strege,114
Richland,Precinct 2554,State House Legislative,25,REP,John Wall,138
Richland,Precinct 2554,State Senate Legislative District 25,,DEM,Arden Anderson,163
Richland,Precinct 2554,State Senate Legislative District 25,,REP,Cindy S Beck,135
Richland,Precinct 2554,Tax Commissioner,,DEM,Brent Edison,158
Richland,Precinct 2554,Tax Commissioner,,REP,Cory Fong,133
Richland,Precinct 2554,U.S. House,1,DEM,Earl Pomeroy,178
Richland,Precinct 2554,U.S. House,1,REP,Matt Mechtel,125
Richland,Precinct 2554,U.S. Senate,,DEM,Kent Conrad,177
Richland,Precinct 2554,U.S. Senate,,REP,Dwight Grotberg,128
Richland,Precinct 2637,Agriculture Commissioner,,DEM,Roger Johnson,3
Richland,Precinct 2637,Agriculture Commissioner,,REP,Doug Goehring,4
Richland,Precinct 2637,Attorney General,,DEM,Bill Brudvik,3
Richland,Precinct 2637,Attorney General,,REP,Wayne Stenehjem,4
Richland,Precinct 2637,C 1: This constitutional measure would amend section 16 of Article XI of the North Dakota Constitution,,,No,1
Richland,Precinct 2637,C 1: This constitutional measure would amend section 16 of Article XI of the North Dakota Constitution,,,Yes,6
Richland,Precinct 2637,C 2: This constitutional measure would amend certain sections and repeal other sections of Article XII of the North Dakota Constitution,,,No,3
Richland,Precinct 2637,C 2: This constitutional measure would amend certain sections and repeal other sections of Article XII of the North Dakota Constitution,,,Yes,4
Richland,Precinct 2637,Justice of the Supreme Court,,NON,Dale Sandstrom,5
Richland,Precinct 2637,Public Service Commissioner,,DEM,Cheryl Bergian,3
Richland,Precinct 2637,Public Service Commissioner,,REP,Tony Clark,4
Richland,Precinct 2637,Secretary of State,,DEM,Kristin Hedger,3
Richland,Precinct 2637,Secretary of State,,REP,Alvin A (Al) Jaeger,4
Richland,Precinct 2637,Tax Commissioner,,DEM,Brent Edison,3
Richland,Precinct 2637,Tax Commissioner,,REP,Cory Fong,4
Richland,Precinct 2637,U.S. House,1,DEM,Earl Pomeroy,3
Richland,Precinct 2637,U.S. House,1,REP,Matt Mechtel,4
Richland,Precinct 2637,U.S. Senate,,DEM,Kent Conrad,3
Richland,Precinct 2637,U.S. Senate,,REP,Dwight Grotberg,4
Richland,Precinct 2638,Agriculture Commissioner,,DEM,Roger Johnson,4
Richland,Precinct 2638,Agriculture Commissioner,,REP,Doug Goehring,8
Richland,Precinct 2638,Attorney General,,DEM,Bill Brudvik,3
Richland,Precinct 2638,Attorney General,,REP,Wayne Stenehjem,8
Richland,Precinct 2638,C 1: This constitutional measure would amend section 16 of Article XI of the North Dakota Constitution,,,No,4
Richland,Precinct 2638,C 1: This constitutional measure would amend section 16 of Article XI of the North Dakota Constitution,,,Yes,8
Richland,Precinct 2638,C 2: This constitutional measure would amend certain sections and repeal other sections of Article XII of the North Dakota Constitution,,,No,1
Richland,Precinct 2638,C 2: This constitutional measure would amend certain sections and repeal other sections of Article XII of the North Dakota Constitution,,,Yes,11
Richland,Precinct 2638,Justice of the Supreme Court,,NON,Dale Sandstrom,12
Richland,Precinct 2638,Public Service Commissioner,,DEM,Cheryl Bergian,4
Richland,Precinct 2638,Public Service Commissioner,,REP,Tony Clark,8
Richland,Precinct 2638,Secretary of State,,DEM,Kristin Hedger,4
Richland,Precinct 2638,Secretary of State,,REP,Alvin A (Al) Jaeger,8
Richland,Precinct 2638,Tax Commissioner,,DEM,Brent Edison,4
Richland,Precinct 2638,Tax Commissioner,,REP,Cory Fong,8
Richland,Precinct 2638,U.S. House,1,DEM,Earl Pomeroy,4
Richland,Precinct 2638,U.S. House,1,REP,Matt Mechtel,8
Richland,Precinct 2638,U.S. Senate,,DEM,Kent Conrad,4
Richland,Precinct 2638,U.S. Senate,,REP,Dwight Grotberg,8
Richland,Precinct 2642,Agriculture Commissioner,,DEM,Roger Johnson,26
Richland,Precinct 2642,Agriculture Commissioner,,REP,Doug Goehring,12
Richland,Precinct 2642,Attorney General,,DEM,Bill Brudvik,26
Richland,Precinct 2642,Attorney General,,REP,Wayne Stenehjem,12
Richland,Precinct 2642,C 1: This constitutional measure would amend section 16 of Article XI of the North Dakota Constitution,,,No,10
Richland,Precinct 2642,C 1: This constitutional measure would amend section 16 of Article XI of the North Dakota Constitution,,,Yes,29
Richland,Precinct 2642,C 2: This constitutional measure would amend certain sections and repeal other sections of Article XII of the North Dakota Constitution,,,No,8
Richland,Precinct 2642,C 2: This constitutional measure would amend certain sections and repeal other sections of Article XII of the North Dakota Constitution,,,Yes,31
Richland,Precinct 2642,Justice of the Supreme Court,,NON,Dale Sandstrom,31
Richland,Precinct 2642,Public Service Commissioner,,DEM,Cheryl Bergian,26
Richland,Precinct 2642,Public Service Commissioner,,REP,Tony Clark,12
Richland,Precinct 2642,Secretary of State,,DEM,Kristin Hedger,25
Richland,Precinct 2642,Secretary of State,,REP,Alvin A (Al) Jaeger,12
Richland,Precinct 2642,Tax Commissioner,,DEM,Brent Edison,26
Richland,Precinct 2642,Tax Commissioner,,REP,Cory Fong,12
Richland,Precinct 2642,U.S. House,1,DEM,Earl Pomeroy,26
Richland,Precinct 2642,U.S. House,1,REP,Matt Mechtel,12
Richland,Precinct 2642,U.S. Senate,,DEM,Kent Conrad,26
Richland,Precinct 2642,U.S. Senate,,REP,Dwight Grotberg,12
Richland,Precinct 2643,Agriculture Commissioner,,DEM,Roger Johnson,22
Richland,Precinct 2643,Agriculture Commissioner,,REP,Doug Goehring,12
Richland,Precinct 2643,Attorney General,,DEM,Bill Brudvik,22
Richland,Precinct 2643,Attorney General,,REP,Wayne Stenehjem,12
Richland,Precinct 2643,C 1: This constitutional measure would amend section 16 of Article XI of the North Dakota Constitution,,,No,7
Richland,Precinct 2643,C 1: This constitutional measure would amend section 16 of Article XI of the North Dakota Constitution,,,Yes,29
Richland,Precinct 2643,C 2: This constitutional measure would amend certain sections and repeal other sections of Article XII of the North Dakota Constitution,,,No,8
Richland,Precinct 2643,C 2: This constitutional measure would amend certain sections and repeal other sections of Article XII of the North Dakota Constitution,,,Yes,26
Richland,Precinct 2643,Justice of the Supreme Court,,NON,Dale Sandstrom,32
Richland,Precinct 2643,Public Service Commissioner,,DEM,Cheryl Bergian,23
Richland,Precinct 2643,Public Service Commissioner,,REP,Tony Clark,11
Richland,Precinct 2643,Secretary of State,,DEM,Kristin Hedger,22
Richland,Precinct 2643,Secretary of State,,REP,Alvin A (Al) Jaeger,13
Richland,Precinct 2643,Tax Commissioner,,DEM,Brent Edison,23
Richland,Precinct 2643,Tax Commissioner,,REP,Cory Fong,12
Richland,Precinct 2643,U.S. House,1,DEM,Earl Pomeroy,24
Richland,Precinct 2643,U.S. House,1,REP,Matt Mechtel,11
Richland,Precinct 2643,U.S. Senate,,DEM,Kent Conrad,24
Richland,Precinct 2643,U.S. Senate,,REP,Dwight Grotberg,12
Richland,Precinct 2645,Agriculture Commissioner,,DEM,Roger Johnson,93
Richland,Precinct 2645,Agriculture Commissioner,,REP,Doug Goehring,45
Richland,Precinct 2645,Attorney General,,DEM,Bill Brudvik,81
Richland,Precinct 2645,Attorney General,,REP,Wayne Stenehjem,43
Richland,Precinct 2645,C 1: This constitutional measure would amend section 16 of Article XI of the North Dakota Constitution,,,No,32
Richland,Precinct 2645,C 1: This constitutional measure would amend section 16 of Article XI of the North Dakota Constitution,,,Yes,84
Richland,Precinct 2645,C 2: This constitutional measure would amend certain sections and repeal other sections of Article XII of the North Dakota Constitution,,,No,36
Richland,Precinct 2645,C 2: This constitutional measure would amend certain sections and repeal other sections of Article XII of the North Dakota Constitution,,,Yes,80
Richland,Precinct 2645,Justice of the Supreme Court,,NON,Dale Sandstrom,117
Richland,Precinct 2645,Public Service Commissioner,,DEM,Cheryl Bergian,83
Richland,Precinct 2645,Public Service Commissioner,,REP,Tony Clark,43
Richland,Precinct 2645,Secretary of State,,DEM,Kristin Hedger,86
Richland,Precinct 2645,Secretary of State,,REP,Alvin A (Al) Jaeger,45
Richland,Precinct 2645,Tax Commissioner,,DEM,Brent Edison,90
Richland,Precinct 2645,Tax Commissioner,,REP,Cory Fong,44
Richland,Precinct 2645,U.S. House,1,DEM,Earl Pomeroy,95
Richland,Precinct 2645,U.S. House,1,REP,Matt Mechtel,43
Richland,Precinct 2645,U.S. Senate,,DEM,Kent Conrad,96
Richland,Precinct 2645,U.S. Senate,,REP,Dwight Grotberg,44
Richland,Precinct 2647,Agriculture Commissioner,,DEM,Roger Johnson,135
Richland,Precinct 2647,Agriculture Commissioner,,REP,Doug Goehring,73
Richland,Precinct 2647,Attorney General,,DEM,Bill Brudvik,126
Richland,Precinct 2647,Attorney General,,REP,Wayne Stenehjem,75
Richland,Precinct 2647,C 1: This constitutional measure would amend section 16 of Article XI of the North Dakota Constitution,,,No,63
Richland,Precinct 2647,C 1: This constitutional measure would amend section 16 of Article XI of the North Dakota Constitution,,,Yes,128
Richland,Precinct 2647,C 2: This constitutional measure would amend certain sections and repeal other sections of Article XII of the North Dakota Constitution,,,No,62
Richland,Precinct 2647,C 2: This constitutional measure would amend certain sections and repeal other sections of Article XII of the North Dakota Constitution,,,Yes,124
Richland,Precinct 2647,Justice of the Supreme Court,,NON,Dale Sandstrom,187
Richland,Precinct 2647,Public Service Commissioner,,DEM,Cheryl Bergian,127
Richland,Precinct 2647,Public Service Commissioner,,REP,Tony Clark,70
Richland,Precinct 2647,Secretary of State,,DEM,Kristin Hedger,128
Richland,Precinct 2647,Secretary of State,,REP,Alvin A (Al) Jaeger,75
Richland,Precinct 2647,Tax Commissioner,,DEM,Brent Edison,125
Richland,Precinct 2647,Tax Commissioner,,REP,Cory Fong,68
Richland,Precinct 2647,U.S. House,1,DEM,Earl Pomeroy,147
Richland,Precinct 2647,U.S. House,1,REP,Matt Mechtel,72
Richland,Precinct 2647,U.S. Senate,,DEM,Kent Conrad,152
Richland,Precinct 2647,U.S. Senate,,REP,Dwight Grotberg,72
Richland,Precinct 2648,Agriculture Commissioner,,DEM,Roger Johnson,17
Richland,Precinct 2648,Agriculture Commissioner,,REP,Doug Goehring,10
Richland,Precinct 2648,Attorney General,,DEM,Bill Brudvik,16
Richland,Precinct 2648,Attorney General,,REP,Wayne Stenehjem,11
Richland,Precinct 2648,C 1: This constitutional measure would amend section 16 of Article XI of the North Dakota Constitution,,,No,9
Richland,Precinct 2648,C 1: This constitutional measure would amend section 16 of Article XI of the North Dakota Constitution,,,Yes,21
Richland,Precinct 2648,C 2: This constitutional measure would amend certain sections and repeal other sections of Article XII of the North Dakota Constitution,,,No,12
Richland,Precinct 2648,C 2: This constitutional measure would amend certain sections and repeal other sections of Article XII of the North Dakota Constitution,,,Yes,18
Richland,Precinct 2648,Justice of the Supreme Court,,NON,Dale Sandstrom,25
Richland,Precinct 2648,Public Service Commissioner,,DEM,Cheryl Bergian,17
Richland,Precinct 2648,Public Service Commissioner,,REP,Tony Clark,10
Richland,Precinct 2648,Secretary of State,,DEM,Kristin Hedger,18
Richland,Precinct 2648,Secretary of State,,REP,Alvin A (Al) Jaeger,11
Richland,Precinct 2648,Tax Commissioner,,DEM,Brent Edison,17
Richland,Precinct 2648,Tax Commissioner,,REP,Cory Fong,10
Richland,Precinct 2648,U.S. House,1,DEM,Earl Pomeroy,19
Richland,Precinct 2648,U.S. House,1,REP,Matt Mechtel,10
Richland,Precinct 2648,U.S. Senate,,DEM,Kent Conrad,19
Richland,Precinct 2648,U.S. Senate,,REP,Dwight Grotberg,10
Rolette,Precinct 0901,Agriculture Commissioner,,DEM,Roger Johnson,236
Rolette,Precinct 0901,Agriculture Commissioner,,REP,Doug Goehring,94
Rolette,Precinct 0901,Attorney General,,DEM,Bill Brudvik,203
Rolette,Precinct 0901,Attorney General,,REP,Wayne Stenehjem,96
Rolette,Precinct 0901,C 1: This constitutional measure would amend section 16 of Article XI of the North Dakota Constitution,,,No,65
Rolette,Precinct 0901,C 1: This constitutional measure would amend section 16 of Article XI of the North Dakota Constitution,,,Yes,275
Rolette,Precinct 0901,C 2: This constitutional measure would amend certain sections and repeal other sections of Article XII of the North Dakota Constitution,,,No,87
Rolette,Precinct 0901,C 2: This constitutional measure would amend certain sections and repeal other sections of Article XII of the North Dakota Constitution,,,Yes,245
Rolette,Precinct 0901,Justice of the Supreme Court,,NON,Dale Sandstrom,323
Rolette,Precinct 0901,Public Service Commissioner,,DEM,Cheryl Bergian,209
Rolette,Precinct 0901,Public Service Commissioner,,REP,Tony Clark,91
Rolette,Precinct 0901,Secretary of State,,DEM,Kristin Hedger,214
Rolette,Precinct 0901,Secretary of State,,REP,Alvin A (Al) Jaeger,93
Rolette,Precinct 0901,State House Legislative,9,DEM,Merle Boucher,252
Rolette,Precinct 0901,State House Legislative,9,DEM,Tracy Boe,228
Rolette,Precinct 0901,State Senate Legislative District 9,,NON,Doug Lemieux,31
Rolette,Precinct 0901,State Senate Legislative District 9,,NON,Richard Marcellais,19
Rolette,Precinct 0901,State Senate Legislative District 9,,NON,Wannetta Bennett,12
Rolette,Precinct 0901,Tax Commissioner,,DEM,Brent Edison,212
Rolette,Precinct 0901,Tax Commissioner,,REP,Cory Fong,91
Rolette,Precinct 0901,U.S. House,1,DEM,Earl Pomeroy,258
Rolette,Precinct 0901,U.S. House,1,REP,Matt Mechtel,89
Rolette,Precinct 0901,U.S. Senate,,DEM,Kent Conrad,265
Rolette,Precinct 0901,U.S. Senate,,REP,Dwight Grotberg,90
Rolette,Precinct 0902,Agriculture Commissioner,,DEM,Roger Johnson,174
Rolette,Precinct 0902,Agriculture Commissioner,,REP,Doug Goehring,41
Rolette,Precinct 0902,Attorney General,,DEM,Bill Brudvik,166
Rolette,Precinct 0902,Attorney General,,REP,Wayne Stenehjem,43
Rolette,Precinct 0902,C 1: This constitutional measure would amend section 16 of Article XI of the North Dakota Constitution,,,No,73
Rolette,Precinct 0902,C 1: This constitutional measure would amend section 16 of Article XI of the North Dakota Constitution,,,Yes,145
Rolette,Precinct 0902,C 2: This constitutional measure would amend certain sections and repeal other sections of Article XII of the North Dakota Constitution,,,No,76
Rolette,Precinct 0902,C 2: This constitutional measure would amend certain sections and repeal other sections of Article XII of the North Dakota Constitution,,,Yes,139
Rolette,Precinct 0902,Justice of the Supreme Court,,NON,Dale Sandstrom,210
Rolette,Precinct 0902,Public Service Commissioner,,DEM,Cheryl Bergian,166
Rolette,Precinct 0902,Public Service Commissioner,,REP,Tony Clark,39
Rolette,Precinct 0902,Secretary of State,,DEM,Kristin Hedger,166
Rolette,Precinct 0902,Secretary of State,,REP,Alvin A (Al) Jaeger,40
Rolette,Precinct 0902,State House Legislative,9,DEM,Merle Boucher,170
Rolette,Precinct 0902,State House Legislative,9,DEM,Tracy Boe,135
Rolette,Precinct 0902,State Senate Legislative District 9,,NON,Doug Lemieux,2
Rolette,Precinct 0902,State Senate Legislative District 9,,NON,Richard Marcellais,18
Rolette,Precinct 0902,State Senate Legislative District 9,,NON,Wannetta Bennett,4
Rolette,Precinct 0902,Tax Commissioner,,DEM,Brent Edison,174
Rolette,Precinct 0902,Tax Commissioner,,REP,Cory Fong,40
Rolette,Precinct 0902,U.S. House,1,DEM,Earl Pomeroy,196
Rolette,Precinct 0902,U.S. House,1,REP,Matt Mechtel,38
Rolette,Precinct 0902,U.S. Senate,,DEM,Kent Conrad,203
Rolette,Precinct 0902,U.S. Senate,,REP,Dwight Grotberg,37
Rolette,Precinct 0903,Agriculture Commissioner,,DEM,Roger Johnson,449
Rolette,Precinct 0903,Agriculture Commissioner,,REP,Doug Goehring,16
Rolette,Precinct 0903,Attorney General,,DEM,Bill Brudvik,444
Rolette,Precinct 0903,Attorney General,,REP,Wayne Stenehjem,15
Rolette,Precinct 0903,C 1: This constitutional measure would amend section 16 of Article XI of the North Dakota Constitution,,,No,186
Rolette,Precinct 0903,C 1: This constitutional measure would amend section 16 of Article XI of the North Dakota Constitution,,,Yes,294
Rolette,Precinct 0903,C 2: This constitutional measure would amend certain sections and repeal other sections of Article XII of the North Dakota Constitution,,,No,182
Rolette,Precinct 0903,C 2: This constitutional measure would amend certain sections and repeal other sections of Article XII of the North Dakota Constitution,,,Yes,289
Rolette,Precinct 0903,Justice of the Supreme Court,,NON,Dale Sandstrom,417
Rolette,Precinct 0903,Public Service Commissioner,,DEM,Cheryl Bergian,447
Rolette,Precinct 0903,Public Service Commissioner,,REP,Tony Clark,16
Rolette,Precinct 0903,Secretary of State,,DEM,Kristin Hedger,446
Rolette,Precinct 0903,Secretary of State,,REP,Alvin A (Al) Jaeger,17
Rolette,Precinct 0903,State House Legislative,9,DEM,Merle Boucher,411
Rolette,Precinct 0903,State House Legislative,9,DEM,Tracy Boe,204
Rolette,Precinct 0903,State Senate Legislative District 9,,NON,Doug Lemieux,2
Rolette,Precinct 0903,State Senate Legislative District 9,,NON,Richard Marcellais,155
Rolette,Precinct 0903,State Senate Legislative District 9,,NON,Wannetta Bennett,66
Rolette,Precinct 0903,Tax Commissioner,,DEM,Brent Edison,449
Rolette,Precinct 0903,Tax Commissioner,,REP,Cory Fong,16
Rolette,Precinct 0903,U.S. House,1,DEM,Earl Pomeroy,498
Rolette,Precinct 0903,U.S. House,1,REP,Matt Mechtel,17
Rolette,Precinct 0903,U.S. Senate,,DEM,Kent Conrad,513
Rolette,Precinct 0903,U.S. Senate,,REP,Dwight Grotberg,18
Rolette,Precinct 0904,Agriculture Commissioner,,DEM,Roger Johnson,326
Rolette,Precinct 0904,Agriculture Commissioner,,REP,Doug Goehring,40
Rolette,Precinct 0904,Attorney General,,DEM,Bill Brudvik,293
Rolette,Precinct 0904,Attorney General,,REP,Wayne Stenehjem,44
Rolette,Precinct 0904,C 1: This constitutional measure would amend section 16 of Article XI of the North Dakota Constitution,,,No,148
Rolette,Precinct 0904,C 1: This constitutional measure would amend section 16 of Article XI of the North Dakota Constitution,,,Yes,207
Rolette,Precinct 0904,C 2: This constitutional measure would amend certain sections and repeal other sections of Article XII of the North Dakota Constitution,,,No,154
Rolette,Precinct 0904,C 2: This constitutional measure would amend certain sections and repeal other sections of Article XII of the North Dakota Constitution,,,Yes,189
Rolette,Precinct 0904,Justice of the Supreme Court,,NON,Dale Sandstrom,313
Rolette,Precinct 0904,Public Service Commissioner,,DEM,Cheryl Bergian,296
Rolette,Precinct 0904,Public Service Commissioner,,REP,Tony Clark,42
Rolette,Precinct 0904,Secretary of State,,DEM,Kristin Hedger,301
Rolette,Precinct 0904,Secretary of State,,REP,Alvin A (Al) Jaeger,38
Rolette,Precinct 0904,State House Legislative,9,DEM,Merle Boucher,333
Rolette,Precinct 0904,State House Legislative,9,DEM,Tracy Boe,168
Rolette,Precinct 0904,State Senate Legislative District 9,,NON,Doug Lemieux,7
Rolette,Precinct 0904,State Senate Legislative District 9,,NON,Richard Marcellais,13
Rolette,Precinct 0904,State Senate Legislative District 9,,NON,Wannetta Bennett,17
Rolette,Precinct 0904,Tax Commissioner,,DEM,Brent Edison,301
Rolette,Precinct 0904,Tax Commissioner,,REP,Cory Fong,40
Rolette,Precinct 0904,U.S. House,1,DEM,Earl Pomeroy,379
Rolette,Precinct 0904,U.S. House,1,REP,Matt Mechtel,41
Rolette,Precinct 0904,U.S. Senate,,DEM,Kent Conrad,391
Rolette,Precinct 0904,U.S. Senate,,REP,Dwight Grotberg,41
Rolette,Precinct 0905,Agriculture Commissioner,,DEM,Roger Johnson,165
Rolette,Precinct 0905,Agriculture Commissioner,,REP,Doug Goehring,55
Rolette,Precinct 0905,Attorney General,,DEM,Bill Brudvik,141
Rolette,Precinct 0905,Attorney General,,REP,Wayne Stenehjem,56
Rolette,Precinct 0905,C 1: This constitutional measure would amend section 16 of Article XI of the North Dakota Constitution,,,No,60
Rolette,Precinct 0905,C 1: This constitutional measure would amend section 16 of Article XI of the North Dakota Constitution,,,Yes,172
Rolette,Precinct 0905,C 2: This constitutional measure would amend certain sections and repeal other sections of Article XII of the North Dakota Constitution,,,No,76
Rolette,Precinct 0905,C 2: This constitutional measure would amend certain sections and repeal other sections of Article XII of the North Dakota Constitution,,,Yes,148
Rolette,Precinct 0905,Justice of the Supreme Court,,NON,Dale Sandstrom,202
Rolette,Precinct 0905,Public Service Commissioner,,DEM,Cheryl Bergian,153
Rolette,Precinct 0905,Public Service Commissioner,,REP,Tony Clark,53
Rolette,Precinct 0905,Secretary of State,,DEM,Kristin Hedger,151
Rolette,Precinct 0905,Secretary of State,,REP,Alvin A (Al) Jaeger,54
Rolette,Precinct 0905,State House Legislative,9,DEM,Merle Boucher,181
Rolette,Precinct 0905,State House Legislative,9,DEM,Tracy Boe,134
Rolette,Precinct 0905,State Senate Legislative District 9,,NON,Doug Lemieux,59
Rolette,Precinct 0905,State Senate Legislative District 9,,NON,Richard Marcellais,5
Rolette,Precinct 0905,State Senate Legislative District 9,,NON,Wannetta Bennett,12
Rolette,Precinct 0905,Tax Commissioner,,DEM,Brent Edison,148
Rolette,Precinct 0905,Tax Commissioner,,REP,Cory Fong,53
Rolette,Precinct 0905,U.S. House,1,DEM,Earl Pomeroy,184
Rolette,Precinct 0905,U.S. House,1,REP,Matt Mechtel,57
Rolette,Precinct 0905,U.S. Senate,,DEM,Kent Conrad,186
Rolette,Precinct 0905,U.S. Senate,,REP,Dwight Grotberg,58
Sargent,Precinct 2601,Agriculture Commissioner,,DEM,Roger Johnson,94
Sargent,Precinct 2601,Agriculture Commissioner,,REP,Doug Goehring,48
Sargent,Precinct 2601,Attorney General,,DEM,Bill Brudvik,87
Sargent,Precinct 2601,Attorney General,,REP,Wayne Stenehjem,49
Sargent,Precinct 2601,C 1: This constitutional measure would amend section 16 of Article XI of the North Dakota Constitution,,,No,46
Sargent,Precinct 2601,C 1: This constitutional measure would amend section 16 of Article XI of the North Dakota Constitution,,,Yes,91
Sargent,Precinct 2601,C 2: This constitutional measure would amend certain sections and repeal other sections of Article XII of the North Dakota Constitution,,,No,39
Sargent,Precinct 2601,C 2: This constitutional measure would amend certain sections and repeal other sections of Article XII of the North Dakota Constitution,,,Yes,93
Sargent,Precinct 2601,Justice of the Supreme Court,,NON,Dale Sandstrom,130
Sargent,Precinct 2601,Public Service Commissioner,,DEM,Cheryl Bergian,87
Sargent,Precinct 2601,Public Service Commissioner,,REP,Tony Clark,47
Sargent,Precinct 2601,Secretary of State,,DEM,Kristin Hedger,88
Sargent,Precinct 2601,Secretary of State,,REP,Alvin A (Al) Jaeger,49
Sargent,Precinct 2601,Tax Commissioner,,DEM,Brent Edison,96
Sargent,Precinct 2601,Tax Commissioner,,REP,Cory Fong,47
Sargent,Precinct 2601,U.S. House,1,DEM,Earl Pomeroy,96
Sargent,Precinct 2601,U.S. House,1,REP,Matt Mechtel,46
Sargent,Precinct 2601,U.S. Senate,,DEM,Kent Conrad,99
Sargent,Precinct 2601,U.S. Senate,,REP,Dwight Grotberg,48
Sargent,Precinct 2602,Agriculture Commissioner,,DEM,Roger Johnson,82
Sargent,Precinct 2602,Agriculture Commissioner,,REP,Doug Goehring,48
Sargent,Precinct 2602,Attorney General,,DEM,Bill Brudvik,80
Sargent,Precinct 2602,Attorney General,,REP,Wayne Stenehjem,48
Sargent,Precinct 2602,C 1: This constitutional measure would amend section 16 of Article XI of the North Dakota Constitution,,,No,32
Sargent,Precinct 2602,C 1: This constitutional measure would amend section 16 of Article XI of the North Dakota Constitution,,,Yes,86
Sargent,Precinct 2602,C 2: This constitutional measure would amend certain sections and repeal other sections of Article XII of the North Dakota Constitution,,,No,38
Sargent,Precinct 2602,C 2: This constitutional measure would amend certain sections and repeal other sections of Article XII of the North Dakota Constitution,,,Yes,81
Sargent,Precinct 2602,Justice of the Supreme Court,,NON,Dale Sandstrom,121
Sargent,Precinct 2602,Public Service Commissioner,,DEM,Cheryl Bergian,80
Sargent,Precinct 2602,Public Service Commissioner,,REP,Tony Clark,48
Sargent,Precinct 2602,Secretary of State,,DEM,Kristin Hedger,80
Sargent,Precinct 2602,Secretary of State,,REP,Alvin A (Al) Jaeger,48
Sargent,Precinct 2602,Tax Commissioner,,DEM,Brent Edison,81
Sargent,Precinct 2602,Tax Commissioner,,REP,Cory Fong,47
Sargent,Precinct 2602,U.S. House,1,DEM,Earl Pomeroy,83
Sargent,Precinct 2602,U.S. House,1,REP,Matt Mechtel,48
Sargent,Precinct 2602,U.S. Senate,,DEM,Kent Conrad,84
Sargent,Precinct 2602,U.S. Senate,,REP,Dwight Grotberg,48
Sargent,Precinct 2603,Agriculture Commissioner,,DEM,Roger Johnson,49
Sargent,Precinct 2603,Agriculture Commissioner,,REP,Doug Goehring,37
Sargent,Precinct 2603,Attorney General,,DEM,Bill Brudvik,47
Sargent,Precinct 2603,Attorney General,,REP,Wayne Stenehjem,37
Sargent,Precinct 2603,C 1: This constitutional measure would amend section 16 of Article XI of the North Dakota Constitution,,,No,24
Sargent,Precinct 2603,C 1: This constitutional measure would amend section 16 of Article XI of the North Dakota Constitution,,,Yes,61
Sargent,Precinct 2603,C 2: This constitutional measure would amend certain sections and repeal other sections of Article XII of the North Dakota Constitution,,,No,30
Sargent,Precinct 2603,C 2: This constitutional measure would amend certain sections and repeal other sections of Article XII of the North Dakota Constitution,,,Yes,54
Sargent,Precinct 2603,Justice of the Supreme Court,,NON,Dale Sandstrom,75
Sargent,Precinct 2603,Public Service Commissioner,,DEM,Cheryl Bergian,47
Sargent,Precinct 2603,Public Service Commissioner,,REP,Tony Clark,37
Sargent,Precinct 2603,Secretary of State,,DEM,Kristin Hedger,47
Sargent,Precinct 2603,Secretary of State,,REP,Alvin A (Al) Jaeger,38
Sargent,Precinct 2603,Tax Commissioner,,DEM,Brent Edison,49
Sargent,Precinct 2603,Tax Commissioner,,REP,Cory Fong,37
Sargent,Precinct 2603,U.S. House,1,DEM,Earl Pomeroy,49
Sargent,Precinct 2603,U.S. House,1,REP,Matt Mechtel,38
Sargent,Precinct 2603,U.S. Senate,,DEM,Kent Conrad,49
Sargent,Precinct 2603,U.S. Senate,,REP,Dwight Grotberg,38
Sargent,Precinct 2604,Agriculture Commissioner,,DEM,Roger Johnson,221
Sargent,Precinct 2604,Agriculture Commissioner,,REP,Doug Goehring,79
Sargent,Precinct 2604,Attorney General,,DEM,Bill Brudvik,202
Sargent,Precinct 2604,Attorney General,,REP,Wayne Stenehjem,81
Sargent,Precinct 2604,C 1: This constitutional measure would amend section 16 of Article XI of the North Dakota Constitution,,,No,94
Sargent,Precinct 2604,C 1: This constitutional measure would amend section 16 of Article XI of the North Dakota Constitution,,,Yes,196
Sargent,Precinct 2604,C 2: This constitutional measure would amend certain sections and repeal other sections of Article XII of the North Dakota Constitution,,,No,78
Sargent,Precinct 2604,C 2: This constitutional measure would amend certain sections and repeal other sections of Article XII of the North Dakota Constitution,,,Yes,208
Sargent,Precinct 2604,Justice of the Supreme Court,,NON,Dale Sandstrom,272
Sargent,Precinct 2604,Public Service Commissioner,,DEM,Cheryl Bergian,205
Sargent,Precinct 2604,Public Service Commissioner,,REP,Tony Clark,80
Sargent,Precinct 2604,Secretary of State,,DEM,Kristin Hedger,213
Sargent,Precinct 2604,Secretary of State,,REP,Alvin A (Al) Jaeger,78
Sargent,Precinct 2604,Tax Commissioner,,DEM,Brent Edison,211
Sargent,Precinct 2604,Tax Commissioner,,REP,Cory Fong,80
Sargent,Precinct 2604,U.S. House,1,DEM,Earl Pomeroy,223
Sargent,Precinct 2604,U.S. House,1,REP,Matt Mechtel,78
Sargent,Precinct 2604,U.S. Senate,,DEM,Kent Conrad,223
Sargent,Precinct 2604,U.S. Senate,,REP,Dwight Grotberg,80
Sargent,Precinct 2605,Agriculture Commissioner,,DEM,Roger Johnson,90
Sargent,Precinct 2605,Agriculture Commissioner,,REP,Doug Goehring,25
Sargent,Precinct 2605,Attorney General,,DEM,Bill Brudvik,83
Sargent,Precinct 2605,Attorney General,,REP,Wayne Stenehjem,27
Sargent,Precinct 2605,C 1: This constitutional measure would amend section 16 of Article XI of the North Dakota Constitution,,,No,28
Sargent,Precinct 2605,C 1: This constitutional measure would amend section 16 of Article XI of the North Dakota Constitution,,,Yes,83
Sargent,Precinct 2605,C 2: This constitutional measure would amend certain sections and repeal other sections of Article XII of the North Dakota Constitution,,,No,26
Sargent,Precinct 2605,C 2: This constitutional measure would amend certain sections and repeal other sections of Article XII of the North Dakota Constitution,,,Yes,81
Sargent,Precinct 2605,Justice of the Supreme Court,,NON,Dale Sandstrom,103
Sargent,Precinct 2605,Public Service Commissioner,,DEM,Cheryl Bergian,83
Sargent,Precinct 2605,Public Service Commissioner,,REP,Tony Clark,27
Sargent,Precinct 2605,Secretary of State,,DEM,Kristin Hedger,83
Sargent,Precinct 2605,Secretary of State,,REP,Alvin A (Al) Jaeger,27
Sargent,Precinct 2605,Tax Commissioner,,DEM,Brent Edison,85
Sargent,Precinct 2605,Tax Commissioner,,REP,Cory Fong,27
Sargent,Precinct 2605,U.S. House,1,DEM,Earl Pomeroy,95
Sargent,Precinct 2605,U.S. House,1,REP,Matt Mechtel,26
Sargent,Precinct 2605,U.S. Senate,,DEM,Kent Conrad,95
Sargent,Precinct 2605,U.S. Senate,,REP,Dwight Grotberg,27
Sheridan,Precinct 0701,Agriculture Commissioner,,DEM,Roger Johnson,47
Sheridan,Precinct 0701,Agriculture Commissioner,,REP,Doug Goehring,26
Sheridan,Precinct 0701,Attorney General,,DEM,Bill Brudvik,42
Sheridan,Precinct 0701,Attorney General,,REP,Wayne Stenehjem,27
Sheridan,Precinct 0701,C 1: This constitutional measure would amend section 16 of Article XI of the North Dakota Constitution,,,No,20
Sheridan,Precinct 0701,C 1: This constitutional measure would amend section 16 of Article XI of the North Dakota Constitution,,,Yes,52
Sheridan,Precinct 0701,C 2: This constitutional measure would amend certain sections and repeal other sections of Article XII of the North Dakota Constitution,,,No,32
Sheridan,Precinct 0701,C 2: This constitutional measure would amend certain sections and repeal other sections of Article XII of the North Dakota Constitution,,,Yes,41
Sheridan,Precinct 0701,Justice of the Supreme Court,,NON,Dale Sandstrom,67
Sheridan,Precinct 0701,Public Service Commissioner,,DEM,Cheryl Bergian,44
Sheridan,Precinct 0701,Public Service Commissioner,,REP,Tony Clark,26
Sheridan,Precinct 0701,Secretary of State,,DEM,Kristin Hedger,43
Sheridan,Precinct 0701,Secretary of State,,REP,Alvin A (Al) Jaeger,27
Sheridan,Precinct 0701,State House Legislative,7,DEM,Arlo E Schmidt,40
Sheridan,Precinct 0701,State House Legislative,7,DEM,Marie J Marshall,39
Sheridan,Precinct 0701,State House Legislative,7,REP,Jon Nelson,23
Sheridan,Precinct 0701,State House Legislative,7,REP,Tom Bodine,22
Sheridan,Precinct 0701,State Senate Legislative District 7,,DEM,Ryan M Taylor,44
Sheridan,Precinct 0701,State Senate Legislative District 7,,REP,Dick Anderson,26
Sheridan,Precinct 0701,Tax Commissioner,,DEM,Brent Edison,44
Sheridan,Precinct 0701,Tax Commissioner,,REP,Cory Fong,26
Sheridan,Precinct 0701,U.S. House,1,DEM,Earl Pomeroy,46
Sheridan,Precinct 0701,U.S. House,1,REP,Matt Mechtel,25
Sheridan,Precinct 0701,U.S. Senate,,DEM,Kent Conrad,47
Sheridan,Precinct 0701,U.S. Senate,,REP,Dwight Grotberg,24
Sheridan,Precinct 0702,Agriculture Commissioner,,DEM,Roger Johnson,20
Sheridan,Precinct 0702,Agriculture Commissioner,,REP,Doug Goehring,19
Sheridan,Precinct 0702,Attorney General,,DEM,Bill Brudvik,17
Sheridan,Precinct 0702,Attorney General,,REP,Wayne Stenehjem,18
Sheridan,Precinct 0702,C 1: This constitutional measure would amend section 16 of Article XI of the North Dakota Constitution,,,No,9
Sheridan,Precinct 0702,C 1: This constitutional measure would amend section 16 of Article XI of the North Dakota Constitution,,,Yes,24
Sheridan,Precinct 0702,C 2: This constitutional measure would amend certain sections and repeal other sections of Article XII of the North Dakota Constitution,,,No,12
Sheridan,Precinct 0702,C 2: This constitutional measure would amend certain sections and repeal other sections of Article XII of the North Dakota Constitution,,,Yes,19
Sheridan,Precinct 0702,Justice of the Supreme Court,,NON,Dale Sandstrom,34
Sheridan,Precinct 0702,Public Service Commissioner,,DEM,Cheryl Bergian,17
Sheridan,Precinct 0702,Public Service Commissioner,,REP,Tony Clark,20
Sheridan,Precinct 0702,Secretary of State,,DEM,Kristin Hedger,17
Sheridan,Precinct 0702,Secretary of State,,REP,Alvin A (Al) Jaeger,19
Sheridan,Precinct 0702,State House Legislative,7,DEM,Arlo E Schmidt,15
Sheridan,Precinct 0702,State House Legislative,7,DEM,Marie J Marshall,14
Sheridan,Precinct 0702,State House Legislative,7,REP,Jon Nelson,13
Sheridan,Precinct 0702,State House Legislative,7,REP,Tom Bodine,14
Sheridan,Precinct 0702,State Senate Legislative District 7,,DEM,Ryan M Taylor,20
Sheridan,Precinct 0702,State Senate Legislative District 7,,REP,Dick Anderson,19
Sheridan,Precinct 0702,Tax Commissioner,,DEM,Brent Edison,16
Sheridan,Precinct 0702,Tax Commissioner,,REP,Cory Fong,20
Sheridan,Precinct 0702,U.S. House,1,DEM,Earl Pomeroy,20
Sheridan,Precinct 0702,U.S. House,1,REP,Matt Mechtel,19
Sheridan,Precinct 0702,U.S. Senate,,DEM,Kent Conrad,20
Sheridan,Precinct 0702,U.S. Senate,,REP,Dwight Grotberg,19
Sheridan,Precinct 0703,Agriculture Commissioner,,DEM,Roger Johnson,36
Sheridan,Precinct 0703,Agriculture Commissioner,,REP,Doug Goehring,30
Sheridan,Precinct 0703,Attorney General,,DEM,Bill Brudvik,34
Sheridan,Precinct 0703,Attorney General,,REP,Wayne Stenehjem,31
Sheridan,Precinct 0703,C 1: This constitutional measure would amend section 16 of Article XI of the North Dakota Constitution,,,No,15
Sheridan,Precinct 0703,C 1: This constitutional measure would amend section 16 of Article XI of the North Dakota Constitution,,,Yes,51
Sheridan,Precinct 0703,C 2: This constitutional measure would amend certain sections and repeal other sections of Article XII of the North Dakota Constitution,,,No,21
Sheridan,Precinct 0703,C 2: This constitutional measure would amend certain sections and repeal other sections of Article XII of the North Dakota Constitution,,,Yes,45
Sheridan,Precinct 0703,Justice of the Supreme Court,,NON,Dale Sandstrom,67
Sheridan,Precinct 0703,Public Service Commissioner,,DEM,Cheryl Bergian,36
Sheridan,Precinct 0703,Public Service Commissioner,,REP,Tony Clark,30
Sheridan,Precinct 0703,Secretary of State,,DEM,Kristin Hedger,35
Sheridan,Precinct 0703,Secretary of State,,REP,Alvin A (Al) Jaeger,33
Sheridan,Precinct 0703,State House Legislative,7,DEM,Arlo E Schmidt,28
Sheridan,Precinct 0703,State House Legislative,7,DEM,Marie J Marshall,26
Sheridan,Precinct 0703,State House Legislative,7,REP,Jon Nelson,26
Sheridan,Precinct 0703,State House Legislative,7,REP,Tom Bodine,28
Sheridan,Precinct 0703,State Senate Legislative District 7,,DEM,Ryan M Taylor,36
Sheridan,Precinct 0703,State Senate Legislative District 7,,REP,Dick Anderson,30
Sheridan,Precinct 0703,Tax Commissioner,,DEM,Brent Edison,36
Sheridan,Precinct 0703,Tax Commissioner,,REP,Cory Fong,31
Sheridan,Precinct 0703,U.S. House,1,DEM,Earl Pomeroy,39
Sheridan,Precinct 0703,U.S. House,1,REP,Matt Mechtel,30
Sheridan,Precinct 0703,U.S. Senate,,DEM,Kent Conrad,40
Sheridan,Precinct 0703,U.S. Senate,,REP,Dwight Grotberg,31
Sheridan,Precinct 0704,Agriculture Commissioner,,DEM,Roger Johnson,12
Sheridan,Precinct 0704,Agriculture Commissioner,,REP,Doug Goehring,13
Sheridan,Precinct 0704,Attorney General,,DEM,Bill Brudvik,9
Sheridan,Precinct 0704,Attorney General,,REP,Wayne Stenehjem,15
Sheridan,Precinct 0704,C 1: This constitutional measure would amend section 16 of Article XI of the North Dakota Constitution,,,No,3
Sheridan,Precinct 0704,C 1: This constitutional measure would amend section 16 of Article XI of the North Dakota Constitution,,,Yes,25
Sheridan,Precinct 0704,C 2: This constitutional measure would amend certain sections and repeal other sections of Article XII of the North Dakota Constitution,,,No,9
Sheridan,Precinct 0704,C 2: This constitutional measure would amend certain sections and repeal other sections of Article XII of the North Dakota Constitution,,,Yes,19
Sheridan,Precinct 0704,Justice of the Supreme Court,,NON,Dale Sandstrom,26
Sheridan,Precinct 0704,Public Service Commissioner,,DEM,Cheryl Bergian,10
Sheridan,Precinct 0704,Public Service Commissioner,,REP,Tony Clark,15
Sheridan,Precinct 0704,Secretary of State,,DEM,Kristin Hedger,9
Sheridan,Precinct 0704,Secretary of State,,REP,Alvin A (Al) Jaeger,15
Sheridan,Precinct 0704,State House Legislative,7,DEM,Arlo E Schmidt,8
Sheridan,Precinct 0704,State House Legislative,7,DEM,Marie J Marshall,9
Sheridan,Precinct 0704,State House Legislative,7,REP,Jon Nelson,12
Sheridan,Precinct 0704,State House Legislative,7,REP,Tom Bodine,11
Sheridan,Precinct 0704,State Senate Legislative District 7,,DEM,Ryan M Taylor,11
Sheridan,Precinct 0704,State Senate Legislative District 7,,REP,Dick Anderson,13
Sheridan,Precinct 0704,Tax Commissioner,,DEM,Brent Edison,10
Sheridan,Precinct 0704,Tax Commissioner,,REP,Cory Fong,15
Sheridan,Precinct 0704,U.S. House,1,DEM,Earl Pomeroy,12
Sheridan,Precinct 0704,U.S. House,1,REP,Matt Mechtel,13
Sheridan,Precinct 0704,U.S. Senate,,DEM,Kent Conrad,12
Sheridan,Precinct 0704,U.S. Senate,,REP,Dwight Grotberg,13
Sheridan,Precinct 1405,Agriculture Commissioner,,DEM,Roger Johnson,83
Sheridan,Precinct 1405,Agriculture Commissioner,,REP,Doug Goehring,183
Sheridan,Precinct 1405,Attorney General,,DEM,Bill Brudvik,76
Sheridan,Precinct 1405,Attorney General,,REP,Wayne Stenehjem,185
Sheridan,Precinct 1405,C 1: This constitutional measure would amend section 16 of Article XI of the North Dakota Constitution,,,No,83
Sheridan,Precinct 1405,C 1: This constitutional measure would amend section 16 of Article XI of the North Dakota Constitution,,,Yes,160
Sheridan,Precinct 1405,C 2: This constitutional measure would amend certain sections and repeal other sections of Article XII of the North Dakota Constitution,,,No,82
Sheridan,Precinct 1405,C 2: This constitutional measure would amend certain sections and repeal other sections of Article XII of the North Dakota Constitution,,,Yes,159
Sheridan,Precinct 1405,Justice of the Supreme Court,,NON,Dale Sandstrom,245
Sheridan,Precinct 1405,Public Service Commissioner,,DEM,Cheryl Bergian,80
Sheridan,Precinct 1405,Public Service Commissioner,,REP,Tony Clark,178
Sheridan,Precinct 1405,Secretary of State,,DEM,Kristin Hedger,79
Sheridan,Precinct 1405,Secretary of State,,REP,Alvin A (Al) Jaeger,183
Sheridan,Precinct 1405,Tax Commissioner,,DEM,Brent Edison,78
Sheridan,Precinct 1405,Tax Commissioner,,REP,Cory Fong,180
Sheridan,Precinct 1405,U.S. House,1,DEM,Earl Pomeroy,85
Sheridan,Precinct 1405,U.S. House,1,REP,Matt Mechtel,178
Sheridan,Precinct 1405,U.S. Senate,,DEM,Kent Conrad,87
Sheridan,Precinct 1405,U.S. Senate,,REP,Dwight Grotberg,181
Sheridan,Precinct 1406,Agriculture Commissioner,,DEM,Roger Johnson,31
Sheridan,Precinct 1406,Agriculture Commissioner,,REP,Doug Goehring,40
Sheridan,Precinct 1406,Attorney General,,DEM,Bill Brudvik,30
Sheridan,Precinct 1406,Attorney General,,REP,Wayne Stenehjem,44
Sheridan,Precinct 1406,C 1: This constitutional measure would amend section 16 of Article XI of the North Dakota Constitution,,,No,15
Sheridan,Precinct 1406,C 1: This constitutional measure would amend section 16 of Article XI of the North Dakota Constitution,,,Yes,50
Sheridan,Precinct 1406,C 2: This constitutional measure would amend certain sections and repeal other sections of Article XII of the North Dakota Constitution,,,No,19
Sheridan,Precinct 1406,C 2: This constitutional measure would amend certain sections and repeal other sections of Article XII of the North Dakota Constitution,,,Yes,44
Sheridan,Precinct 1406,Justice of the Supreme Court,,NON,Dale Sandstrom,70
Sheridan,Precinct 1406,Public Service Commissioner,,DEM,Cheryl Bergian,29
Sheridan,Precinct 1406,Public Service Commissioner,,REP,Tony Clark,43
Sheridan,Precinct 1406,Secretary of State,,DEM,Kristin Hedger,30
Sheridan,Precinct 1406,Secretary of State,,REP,Alvin A (Al) Jaeger,44
Sheridan,Precinct 1406,Tax Commissioner,,DEM,Brent Edison,31
Sheridan,Precinct 1406,Tax Commissioner,,REP,Cory Fong,41
Sheridan,Precinct 1406,U.S. House,1,DEM,Earl Pomeroy,32
Sheridan,Precinct 1406,U.S. House,1,REP,Matt Mechtel,38
Sheridan,Precinct 1406,U.S. Senate,,DEM,Kent Conrad,32
Sheridan,Precinct 1406,U.S. Senate,,REP,Dwight Grotberg,41
Sioux,Precinct 3101,Agriculture Commissioner,,DEM,Roger Johnson,43
Sioux,Precinct 3101,Agriculture Commissioner,,REP,Doug Goehring,12
Sioux,Precinct 3101,Attorney General,,DEM,Bill Brudvik,42
Sioux,Precinct 3101,Attorney General,,REP,Wayne Stenehjem,14
Sioux,Precinct 3101,C 1: This constitutional measure would amend section 16 of Article XI of the North Dakota Constitution,,,No,19
Sioux,Precinct 3101,C 1: This constitutional measure would amend section 16 of Article XI of the North Dakota Constitution,,,Yes,40
Sioux,Precinct 3101,C 2: This constitutional measure would amend certain sections and repeal other sections of Article XII of the North Dakota Constitution,,,No,25
Sioux,Precinct 3101,C 2: This constitutional measure would amend certain sections and repeal other sections of Article XII of the North Dakota Constitution,,,Yes,37
Sioux,Precinct 3101,Justice of the Supreme Court,,NON,Dale Sandstrom,56
Sioux,Precinct 3101,Public Service Commissioner,,DEM,Cheryl Bergian,42
Sioux,Precinct 3101,Public Service Commissioner,,REP,Tony Clark,13
Sioux,Precinct 3101,Secretary of State,,DEM,Kristin Hedger,43
Sioux,Precinct 3101,Secretary of State,,REP,Alvin A (Al) Jaeger,14
Sioux,Precinct 3101,State House Legislative,31,DEM,James Kerzman,15
Sioux,Precinct 3101,State House Legislative,31,DEM,Rodney J Froelich,37
Sioux,Precinct 3101,State House Legislative,31,REP,Carson Kouba,4
Sioux,Precinct 3101,State House Legislative,31,REP,Charles W Murphy,14
Sioux,Precinct 3101,State Senate Legislative District 31,,DEM,Aaron Krauter,42
Sioux,Precinct 3101,State Senate Legislative District 31,,REP,Dennis Renner,12
Sioux,Precinct 3101,Tax Commissioner,,DEM,Brent Edison,43
Sioux,Precinct 3101,Tax Commissioner,,REP,Cory Fong,11
Sioux,Precinct 3101,U.S. House,1,DEM,Earl Pomeroy,48
Sioux,Precinct 3101,U.S. House,1,REP,Matt Mechtel,10
Sioux,Precinct 3101,U.S. Senate,,DEM,Kent Conrad,49
Sioux,Precinct 3101,U.S. Senate,,REP,Dwight Grotberg,11
Sioux,Precinct 3102,Agriculture Commissioner,,DEM,Roger Johnson,23
Sioux,Precinct 3102,Agriculture Commissioner,,REP,Doug Goehring,14
Sioux,Precinct 3102,Attorney General,,DEM,Bill Brudvik,22
Sioux,Precinct 3102,Attorney General,,REP,Wayne Stenehjem,14
Sioux,Precinct 3102,C 1: This constitutional measure would amend section 16 of Article XI of the North Dakota Constitution,,,No,20
Sioux,Precinct 3102,C 1: This constitutional measure would amend section 16 of Article XI of the North Dakota Constitution,,,Yes,24
Sioux,Precinct 3102,C 2: This constitutional measure would amend certain sections and repeal other sections of Article XII of the North Dakota Constitution,,,No,20
Sioux,Precinct 3102,C 2: This constitutional measure would amend certain sections and repeal other sections of Article XII of the North Dakota Constitution,,,Yes,23
Sioux,Precinct 3102,Justice of the Supreme Court,,NON,Dale Sandstrom,40
Sioux,Precinct 3102,Public Service Commissioner,,DEM,Cheryl Bergian,24
Sioux,Precinct 3102,Public Service Commissioner,,REP,Tony Clark,13
Sioux,Precinct 3102,Secretary of State,,DEM,Kristin Hedger,23
Sioux,Precinct 3102,Secretary of State,,REP,Alvin A (Al) Jaeger,13
Sioux,Precinct 3102,State House Legislative,31,DEM,James Kerzman,18
Sioux,Precinct 3102,State House Legislative,31,DEM,Rodney J Froelich,24
Sioux,Precinct 3102,State House Legislative,31,REP,Carson Kouba,9
Sioux,Precinct 3102,State House Legislative,31,REP,Charles W Murphy,12
Sioux,Precinct 3102,State Senate Legislative District 31,,DEM,Aaron Krauter,23
Sioux,Precinct 3102,State Senate Legislative District 31,,REP,Dennis Renner,13
Sioux,Precinct 3102,Tax Commissioner,,DEM,Brent Edison,23
Sioux,Precinct 3102,Tax Commissioner,,REP,Cory Fong,12
Sioux,Precinct 3102,U.S. House,1,DEM,Earl Pomeroy,27
Sioux,Precinct 3102,U.S. House,1,REP,Matt Mechtel,14
Sioux,Precinct 3102,U.S. Senate,,DEM,Kent Conrad,28
Sioux,Precinct 3102,U.S. Senate,,REP,Dwight Grotberg,14
Sioux,Precinct 3103,Agriculture Commissioner,,DEM,Roger Johnson,26
Sioux,Precinct 3103,Agriculture Commissioner,,REP,Doug Goehring,10
Sioux,Precinct 3103,Attorney General,,DEM,Bill Brudvik,23
Sioux,Precinct 3103,Attorney General,,REP,Wayne Stenehjem,13
Sioux,Precinct 3103,C 1: This constitutional measure would amend section 16 of Article XI of the North Dakota Constitution,,,No,14
Sioux,Precinct 3103,C 1: This constitutional measure would amend section 16 of Article XI of the North Dakota Constitution,,,Yes,24
Sioux,Precinct 3103,C 2: This constitutional measure would amend certain sections and repeal other sections of Article XII of the North Dakota Constitution,,,No,14
Sioux,Precinct 3103,C 2: This constitutional measure would amend certain sections and repeal other sections of Article XII of the North Dakota Constitution,,,Yes,25
Sioux,Precinct 3103,Justice of the Supreme Court,,NON,Dale Sandstrom,32
Sioux,Precinct 3103,Public Service Commissioner,,DEM,Cheryl Bergian,24
Sioux,Precinct 3103,Public Service Commissioner,,REP,Tony Clark,10
Sioux,Precinct 3103,Secretary of State,,DEM,Kristin Hedger,24
Sioux,Precinct 3103,Secretary of State,,REP,Alvin A (Al) Jaeger,9
Sioux,Precinct 3103,State House Legislative,31,DEM,James Kerzman,14
Sioux,Precinct 3103,State House Legislative,31,DEM,Rodney J Froelich,21
Sioux,Precinct 3103,State House Legislative,31,REP,Carson Kouba,3
Sioux,Precinct 3103,State House Legislative,31,REP,Charles W Murphy,18
Sioux,Precinct 3103,State Senate Legislative District 31,,DEM,Aaron Krauter,23
Sioux,Precinct 3103,State Senate Legislative District 31,,REP,Dennis Renner,10
Sioux,Precinct 3103,Tax Commissioner,,DEM,Brent Edison,23
Sioux,Precinct 3103,Tax Commissioner,,REP,Cory Fong,10
Sioux,Precinct 3103,U.S. House,1,DEM,Earl Pomeroy,29
Sioux,Precinct 3103,U.S. House,1,REP,Matt Mechtel,10
Sioux,Precinct 3103,U.S. Senate,,DEM,Kent Conrad,29
Sioux,Precinct 3103,U.S. Senate,,REP,Dwight Grotberg,10
Sioux,Precinct 3104,Agriculture Commissioner,,DEM,Roger Johnson,57
Sioux,Precinct 3104,Agriculture Commissioner,,REP,Doug Goehring,9
Sioux,Precinct 3104,Attorney General,,DEM,Bill Brudvik,52
Sioux,Precinct 3104,Attorney General,,REP,Wayne Stenehjem,10
Sioux,Precinct 3104,C 1: This constitutional measure would amend section 16 of Article XI of the North Dakota Constitution,,,No,26
Sioux,Precinct 3104,C 1: This constitutional measure would amend section 16 of Article XI of the North Dakota Constitution,,,Yes,48
Sioux,Precinct 3104,C 2: This constitutional measure would amend certain sections and repeal other sections of Article XII of the North Dakota Constitution,,,No,22
Sioux,Precinct 3104,C 2: This constitutional measure would amend certain sections and repeal other sections of Article XII of the North Dakota Constitution,,,Yes,52
Sioux,Precinct 3104,Justice of the Supreme Court,,NON,Dale Sandstrom,60
Sioux,Precinct 3104,Public Service Commissioner,,DEM,Cheryl Bergian,52
Sioux,Precinct 3104,Public Service Commissioner,,REP,Tony Clark,8
Sioux,Precinct 3104,Secretary of State,,DEM,Kristin Hedger,56
Sioux,Precinct 3104,Secretary of State,,REP,Alvin A (Al) Jaeger,10
Sioux,Precinct 3104,State House Legislative,31,DEM,James Kerzman,20
Sioux,Precinct 3104,State House Legislative,31,DEM,Rodney J Froelich,48
Sioux,Precinct 3104,State House Legislative,31,REP,Carson Kouba,1
Sioux,Precinct 3104,State House Legislative,31,REP,Charles W Murphy,15
Sioux,Precinct 3104,State Senate Legislative District 31,,DEM,Aaron Krauter,57
Sioux,Precinct 3104,State Senate Legislative District 31,,REP,Dennis Renner,9
Sioux,Precinct 3104,Tax Commissioner,,DEM,Brent Edison,54
Sioux,Precinct 3104,Tax Commissioner,,REP,Cory Fong,9
Sioux,Precinct 3104,U.S. House,1,DEM,Earl Pomeroy,62
Sioux,Precinct 3104,U.S. House,1,REP,Matt Mechtel,9
Sioux,Precinct 3104,U.S. Senate,,DEM,Kent Conrad,65
Sioux,Precinct 3104,U.S. Senate,,REP,Dwight Grotberg,9
Sioux,Precinct 3105,Agriculture Commissioner,,DEM,Roger Johnson,35
Sioux,Precinct 3105,Agriculture Commissioner,,REP,Doug Goehring,10
Sioux,Precinct 3105,Attorney General,,DEM,Bill Brudvik,33
Sioux,Precinct 3105,Attorney General,,REP,Wayne Stenehjem,10
Sioux,Precinct 3105,C 1: This constitutional measure would amend section 16 of Article XI of the North Dakota Constitution,,,No,11
Sioux,Precinct 3105,C 1: This constitutional measure would amend section 16 of Article XI of the North Dakota Constitution,,,Yes,39
Sioux,Precinct 3105,C 2: This constitutional measure would amend certain sections and repeal other sections of Article XII of the North Dakota Constitution,,,No,17
Sioux,Precinct 3105,C 2: This constitutional measure would amend certain sections and repeal other sections of Article XII of the North Dakota Constitution,,,Yes,31
Sioux,Precinct 3105,Justice of the Supreme Court,,NON,Dale Sandstrom,43
Sioux,Precinct 3105,Public Service Commissioner,,DEM,Cheryl Bergian,35
Sioux,Precinct 3105,Public Service Commissioner,,REP,Tony Clark,10
Sioux,Precinct 3105,Secretary of State,,DEM,Kristin Hedger,35
Sioux,Precinct 3105,Secretary of State,,REP,Alvin A (Al) Jaeger,10
Sioux,Precinct 3105,State House Legislative,31,DEM,James Kerzman,11
Sioux,Precinct 3105,State House Legislative,31,DEM,Rodney J Froelich,38
Sioux,Precinct 3105,State House Legislative,31,REP,Carson Kouba,4
Sioux,Precinct 3105,State House Legislative,31,REP,Charles W Murphy,10
Sioux,Precinct 3105,State Senate Legislative District 31,,DEM,Aaron Krauter,35
Sioux,Precinct 3105,State Senate Legislative District 31,,REP,Dennis Renner,10
Sioux,Precinct 3105,Tax Commissioner,,DEM,Brent Edison,33
Sioux,Precinct 3105,Tax Commissioner,,REP,Cory Fong,10
Sioux,Precinct 3105,U.S. House,1,DEM,Earl Pomeroy,40
Sioux,Precinct 3105,U.S. House,1,REP,Matt Mechtel,10
Sioux,Precinct 3105,U.S. Senate,,DEM,Kent Conrad,40
Sioux,Precinct 3105,U.S. Senate,,REP,Dwight Grotberg,10
Sioux,Precinct 3106,Agriculture Commissioner,,DEM,Roger Johnson,19
Sioux,Precinct 3106,Agriculture Commissioner,,REP,Doug Goehring,7
Sioux,Precinct 3106,Attorney General,,DEM,Bill Brudvik,16
Sioux,Precinct 3106,Attorney General,,REP,Wayne Stenehjem,10
Sioux,Precinct 3106,C 1: This constitutional measure would amend section 16 of Article XI of the North Dakota Constitution,,,No,15
Sioux,Precinct 3106,C 1: This constitutional measure would amend section 16 of Article XI of the North Dakota Constitution,,,Yes,18
Sioux,Precinct 3106,C 2: This constitutional measure would amend certain sections and repeal other sections of Article XII of the North Dakota Constitution,,,No,15
Sioux,Precinct 3106,C 2: This constitutional measure would amend certain sections and repeal other sections of Article XII of the North Dakota Constitution,,,Yes,17
Sioux,Precinct 3106,Justice of the Supreme Court,,NON,Dale Sandstrom,26
Sioux,Precinct 3106,Public Service Commissioner,,DEM,Cheryl Bergian,16
Sioux,Precinct 3106,Public Service Commissioner,,REP,Tony Clark,9
Sioux,Precinct 3106,Secretary of State,,DEM,Kristin Hedger,17
Sioux,Precinct 3106,Secretary of State,,REP,Alvin A (Al) Jaeger,8
Sioux,Precinct 3106,State House Legislative,31,DEM,James Kerzman,13
Sioux,Precinct 3106,State House Legislative,31,DEM,Rodney J Froelich,14
Sioux,Precinct 3106,State House Legislative,31,REP,Carson Kouba,5
Sioux,Precinct 3106,State House Legislative,31,REP,Charles W Murphy,9
Sioux,Precinct 3106,State Senate Legislative District 31,,DEM,Aaron Krauter,16
Sioux,Precinct 3106,State Senate Legislative District 31,,REP,Dennis Renner,10
Sioux,Precinct 3106,Tax Commissioner,,DEM,Brent Edison,17
Sioux,Precinct 3106,Tax Commissioner,,REP,Cory Fong,7
Sioux,Precinct 3106,U.S. House,1,DEM,Earl Pomeroy,21
Sioux,Precinct 3106,U.S. House,1,REP,Matt Mechtel,9
Sioux,Precinct 3106,U.S. Senate,,DEM,Kent Conrad,22
Sioux,Precinct 3106,U.S. Senate,,REP,Dwight Grotberg,9
Sioux,Precinct 3108,Agriculture Commissioner,,DEM,Roger Johnson,103
Sioux,Precinct 3108,Agriculture Commissioner,,REP,Doug Goehring,70
Sioux,Precinct 3108,Attorney General,,DEM,Bill Brudvik,91
Sioux,Precinct 3108,Attorney General,,REP,Wayne Stenehjem,72
Sioux,Precinct 3108,C 1: This constitutional measure would amend section 16 of Article XI of the North Dakota Constitution,,,No,62
Sioux,Precinct 3108,C 1: This constitutional measure would amend section 16 of Article XI of the North Dakota Constitution,,,Yes,109
Sioux,Precinct 3108,C 2: This constitutional measure would amend certain sections and repeal other sections of Article XII of the North Dakota Constitution,,,No,86
Sioux,Precinct 3108,C 2: This constitutional measure would amend certain sections and repeal other sections of Article XII of the North Dakota Constitution,,,Yes,83
Sioux,Precinct 3108,Justice of the Supreme Court,,NON,Dale Sandstrom,168
Sioux,Precinct 3108,Public Service Commissioner,,DEM,Cheryl Bergian,92
Sioux,Precinct 3108,Public Service Commissioner,,REP,Tony Clark,70
Sioux,Precinct 3108,Secretary of State,,DEM,Kristin Hedger,96
Sioux,Precinct 3108,Secretary of State,,REP,Alvin A (Al) Jaeger,72
Sioux,Precinct 3108,State House Legislative,31,DEM,James Kerzman,77
Sioux,Precinct 3108,State House Legislative,31,DEM,Rodney J Froelich,98
Sioux,Precinct 3108,State House Legislative,31,REP,Carson Kouba,52
Sioux,Precinct 3108,State House Legislative,31,REP,Charles W Murphy,66
Sioux,Precinct 3108,State Senate Legislative District 31,,DEM,Aaron Krauter,105
Sioux,Precinct 3108,State Senate Legislative District 31,,REP,Dennis Renner,71
Sioux,Precinct 3108,Tax Commissioner,,DEM,Brent Edison,97
Sioux,Precinct 3108,Tax Commissioner,,REP,Cory Fong,69
Sioux,Precinct 3108,U.S. House,1,DEM,Earl Pomeroy,111
Sioux,Precinct 3108,U.S. House,1,REP,Matt Mechtel,70
Sioux,Precinct 3108,U.S. Senate,,DEM,Kent Conrad,112
Sioux,Precinct 3108,U.S. Senate,,REP,Dwight Grotberg,71
Slope,Precinct 3901,Agriculture Commissioner,,DEM,Roger Johnson,31
Slope,Precinct 3901,Agriculture Commissioner,,REP,Doug Goehring,28
Slope,Precinct 3901,Attorney General,,DEM,Bill Brudvik,28
Slope,Precinct 3901,Attorney General,,REP,Wayne Stenehjem,27
Slope,Precinct 3901,C 1: This constitutional measure would amend section 16 of Article XI of the North Dakota Constitution,,,No,15
Slope,Precinct 3901,C 1: This constitutional measure would amend section 16 of Article XI of the North Dakota Constitution,,,Yes,36
Slope,Precinct 3901,C 2: This constitutional measure would amend certain sections and repeal other sections of Article XII of the North Dakota Constitution,,,No,16
Slope,Precinct 3901,C 2: This constitutional measure would amend certain sections and repeal other sections of Article XII of the North Dakota Constitution,,,Yes,37
Slope,Precinct 3901,Justice of the Supreme Court,,NON,Dale Sandstrom,56
Slope,Precinct 3901,Public Service Commissioner,,DEM,Cheryl Bergian,27
Slope,Precinct 3901,Public Service Commissioner,,REP,Tony Clark,27
Slope,Precinct 3901,Secretary of State,,DEM,Kristin Hedger,28
Slope,Precinct 3901,Secretary of State,,REP,Alvin A (Al) Jaeger,26
Slope,Precinct 3901,State House Legislative,39,REP,"David ""Skip"" Drovdal",23
Slope,Precinct 3901,State House Legislative,39,REP,Keith Kempenich,24
Slope,Precinct 3901,State Senate Legislative District 39,,REP,Bill L Bowman,27
Slope,Precinct 3901,Tax Commissioner,,DEM,Brent Edison,27
Slope,Precinct 3901,Tax Commissioner,,REP,Cory Fong,26
Slope,Precinct 3901,U.S. House,1,DEM,Earl Pomeroy,31
Slope,Precinct 3901,U.S. House,1,REP,Matt Mechtel,27
Slope,Precinct 3901,U.S. Senate,,DEM,Kent Conrad,31
Slope,Precinct 3901,U.S. Senate,,REP,Dwight Grotberg,27
Slope,Precinct 3902,Agriculture Commissioner,,DEM,Roger Johnson,21
Slope,Precinct 3902,Agriculture Commissioner,,REP,Doug Goehring,19
Slope,Precinct 3902,Attorney General,,DEM,Bill Brudvik,18
Slope,Precinct 3902,Attorney General,,REP,Wayne Stenehjem,21
Slope,Precinct 3902,C 1: This constitutional measure would amend section 16 of Article XI of the North Dakota Constitution,,,No,14
Slope,Precinct 3902,C 1: This constitutional measure would amend section 16 of Article XI of the North Dakota Constitution,,,Yes,33
Slope,Precinct 3902,C 2: This constitutional measure would amend certain sections and repeal other sections of Article XII of the North Dakota Constitution,,,No,15
Slope,Precinct 3902,C 2: This constitutional measure would amend certain sections and repeal other sections of Article XII of the North Dakota Constitution,,,Yes,31
Slope,Precinct 3902,Justice of the Supreme Court,,NON,Dale Sandstrom,38
Slope,Precinct 3902,Public Service Commissioner,,DEM,Cheryl Bergian,21
Slope,Precinct 3902,Public Service Commissioner,,REP,Tony Clark,20
Slope,Precinct 3902,Secretary of State,,DEM,Kristin Hedger,19
Slope,Precinct 3902,Secretary of State,,REP,Alvin A (Al) Jaeger,21
Slope,Precinct 3902,State House Legislative,39,REP,"David ""Skip"" Drovdal",19
Slope,Precinct 3902,State House Legislative,39,REP,Keith Kempenich,18
Slope,Precinct 3902,State Senate Legislative District 39,,REP,Bill L Bowman,21
Slope,Precinct 3902,Tax Commissioner,,DEM,Brent Edison,20
Slope,Precinct 3902,Tax Commissioner,,REP,Cory Fong,19
Slope,Precinct 3902,U.S. House,1,DEM,Earl Pomeroy,26
Slope,Precinct 3902,U.S. House,1,REP,Matt Mechtel,16
Slope,Precinct 3902,U.S. Senate,,DEM,Kent Conrad,22
Slope,Precinct 3902,U.S. Senate,,REP,Dwight Grotberg,16
Slope,Precinct 3903,Agriculture Commissioner,,DEM,Roger Johnson,20
Slope,Precinct 3903,Agriculture Commissioner,,REP,Doug Goehring,29
Slope,Precinct 3903,Attorney General,,DEM,Bill Brudvik,19
Slope,Precinct 3903,Attorney General,,REP,Wayne Stenehjem,29
Slope,Precinct 3903,C 1: This constitutional measure would amend section 16 of Article XI of the North Dakota Constitution,,,No,18
Slope,Precinct 3903,C 1: This constitutional measure would amend section 16 of Article XI of the North Dakota Constitution,,,Yes,32
Slope,Precinct 3903,C 2: This constitutional measure would amend certain sections and repeal other sections of Article XII of the North Dakota Constitution,,,No,22
Slope,Precinct 3903,C 2: This constitutional measure would amend certain sections and repeal other sections of Article XII of the North Dakota Constitution,,,Yes,27
Slope,Precinct 3903,Justice of the Supreme Court,,NON,Dale Sandstrom,46
Slope,Precinct 3903,Public Service Commissioner,,DEM,Cheryl Bergian,19
Slope,Precinct 3903,Public Service Commissioner,,REP,Tony Clark,30
Slope,Precinct 3903,Secretary of State,,DEM,Kristin Hedger,17
Slope,Precinct 3903,Secretary of State,,REP,Alvin A (Al) Jaeger,29
Slope,Precinct 3903,State House Legislative,39,REP,"David ""Skip"" Drovdal",24
Slope,Precinct 3903,State House Legislative,39,REP,Keith Kempenich,24
Slope,Precinct 3903,State Senate Legislative District 39,,REP,Bill L Bowman,30
Slope,Precinct 3903,Tax Commissioner,,DEM,Brent Edison,18
Slope,Precinct 3903,Tax Commissioner,,REP,Cory Fong,29
Slope,Precinct 3903,U.S. House,1,DEM,Earl Pomeroy,23
Slope,Precinct 3903,U.S. House,1,REP,Matt Mechtel,29
Slope,Precinct 3903,U.S. Senate,,DEM,Kent Conrad,26
Slope,Precinct 3903,U.S. Senate,,REP,Dwight Grotberg,29
Stark,Precinct 3607,Agriculture Commissioner,,DEM,Roger Johnson,126
Stark,Precinct 3607,Agriculture Commissioner,,REP,Doug Goehring,79
Stark,Precinct 3607,Attorney General,,DEM,Bill Brudvik,108
Stark,Precinct 3607,Attorney General,,REP,Wayne Stenehjem,82
Stark,Precinct 3607,C 1: This constitutional measure would amend section 16 of Article XI of the North Dakota Constitution,,,No,65
Stark,Precinct 3607,C 1: This constitutional measure would amend section 16 of Article XI of the North Dakota Constitution,,,Yes,157
Stark,Precinct 3607,C 2: This constitutional measure would amend certain sections and repeal other sections of Article XII of the North Dakota Constitution,,,No,62
Stark,Precinct 3607,C 2: This constitutional measure would amend certain sections and repeal other sections of Article XII of the North Dakota Constitution,,,Yes,153
Stark,Precinct 3607,Justice of the Supreme Court,,NON,Dale Sandstrom,201
Stark,Precinct 3607,Public Service Commissioner,,DEM,Cheryl Bergian,110
Stark,Precinct 3607,Public Service Commissioner,,REP,Tony Clark,81
Stark,Precinct 3607,Secretary of State,,DEM,Kristin Hedger,111
Stark,Precinct 3607,Secretary of State,,REP,Alvin A (Al) Jaeger,82
Stark,Precinct 3607,Tax Commissioner,,DEM,Brent Edison,114
Stark,Precinct 3607,Tax Commissioner,,REP,Cory Fong,79
Stark,Precinct 3607,U.S. House,1,DEM,Earl Pomeroy,130
Stark,Precinct 3607,U.S. House,1,REP,Matt Mechtel,78
Stark,Precinct 3607,U.S. Senate,,DEM,Kent Conrad,133
Stark,Precinct 3607,U.S. Senate,,REP,Dwight Grotberg,77
Stark,Precinct 3608,Agriculture Commissioner,,DEM,Roger Johnson,96
Stark,Precinct 3608,Agriculture Commissioner,,REP,Doug Goehring,96
Stark,Precinct 3608,Attorney General,,DEM,Bill Brudvik,90
Stark,Precinct 3608,Attorney General,,REP,Wayne Stenehjem,99
Stark,Precinct 3608,C 1: This constitutional measure would amend section 16 of Article XI of the North Dakota Constitution,,,No,64
Stark,Precinct 3608,C 1: This constitutional measure would amend section 16 of Article XI of the North Dakota Constitution,,,Yes,139
Stark,Precinct 3608,C 2: This constitutional measure would amend certain sections and repeal other sections of Article XII of the North Dakota Constitution,,,No,72
Stark,Precinct 3608,C 2: This constitutional measure would amend certain sections and repeal other sections of Article XII of the North Dakota Constitution,,,Yes,127
Stark,Precinct 3608,Justice of the Supreme Court,,NON,Dale Sandstrom,183
Stark,Precinct 3608,Public Service Commissioner,,DEM,Cheryl Bergian,95
Stark,Precinct 3608,Public Service Commissioner,,REP,Tony Clark,95
Stark,Precinct 3608,Secretary of State,,DEM,Kristin Hedger,97
Stark,Precinct 3608,Secretary of State,,REP,Alvin A (Al) Jaeger,96
Stark,Precinct 3608,Tax Commissioner,,DEM,Brent Edison,93
Stark,Precinct 3608,Tax Commissioner,,REP,Cory Fong,93
Stark,Precinct 3608,U.S. House,1,DEM,Earl Pomeroy,101
Stark,Precinct 3608,U.S. House,1,REP,Matt Mechtel,95
Stark,Precinct 3608,U.S. Senate,,DEM,Kent Conrad,104
Stark,Precinct 3608,U.S. Senate,,REP,Dwight Grotberg,94
Stark,Precinct 3609,Agriculture Commissioner,,DEM,Roger Johnson,42
Stark,Precinct 3609,Agriculture Commissioner,,REP,Doug Goehring,51
Stark,Precinct 3609,Attorney General,,DEM,Bill Brudvik,31
Stark,Precinct 3609,Attorney General,,REP,Wayne Stenehjem,51
Stark,Precinct 3609,C 1: This constitutional measure would amend section 16 of Article XI of the North Dakota Constitution,,,No,28
Stark,Precinct 3609,C 1: This constitutional measure would amend section 16 of Article XI of the North Dakota Constitution,,,Yes,62
Stark,Precinct 3609,C 2: This constitutional measure would amend certain sections and repeal other sections of Article XII of the North Dakota Constitution,,,No,31
Stark,Precinct 3609,C 2: This constitutional measure would amend certain sections and repeal other sections of Article XII of the North Dakota Constitution,,,Yes,57
Stark,Precinct 3609,Justice of the Supreme Court,,NON,Dale Sandstrom,75
Stark,Precinct 3609,Public Service Commissioner,,DEM,Cheryl Bergian,29
Stark,Precinct 3609,Public Service Commissioner,,REP,Tony Clark,50
Stark,Precinct 3609,Secretary of State,,DEM,Kristin Hedger,32
Stark,Precinct 3609,Secretary of State,,REP,Alvin A (Al) Jaeger,52
Stark,Precinct 3609,Tax Commissioner,,DEM,Brent Edison,32
Stark,Precinct 3609,Tax Commissioner,,REP,Cory Fong,50
Stark,Precinct 3609,U.S. House,1,DEM,Earl Pomeroy,44
Stark,Precinct 3609,U.S. House,1,REP,Matt Mechtel,49
Stark,Precinct 3609,U.S. Senate,,DEM,Kent Conrad,48
Stark,Precinct 3609,U.S. Senate,,REP,Dwight Grotberg,50
Stark,Precinct 3610,Agriculture Commissioner,,DEM,Roger Johnson,61
Stark,Precinct 3610,Agriculture Commissioner,,REP,Doug Goehring,46
Stark,Precinct 3610,Attorney General,,DEM,Bill Brudvik,53
Stark,Precinct 3610,Attorney General,,REP,Wayne Stenehjem,49
Stark,Precinct 3610,C 1: This constitutional measure would amend section 16 of Article XI of the North Dakota Constitution,,,No,31
Stark,Precinct 3610,C 1: This constitutional measure would amend section 16 of Article XI of the North Dakota Constitution,,,Yes,62
Stark,Precinct 3610,C 2: This constitutional measure would amend certain sections and repeal other sections of Article XII of the North Dakota Constitution,,,No,28
Stark,Precinct 3610,C 2: This constitutional measure would amend certain sections and repeal other sections of Article XII of the North Dakota Constitution,,,Yes,58
Stark,Precinct 3610,Justice of the Supreme Court,,NON,Dale Sandstrom,89
Stark,Precinct 3610,Public Service Commissioner,,DEM,Cheryl Bergian,56
Stark,Precinct 3610,Public Service Commissioner,,REP,Tony Clark,47
Stark,Precinct 3610,Secretary of State,,DEM,Kristin Hedger,54
Stark,Precinct 3610,Secretary of State,,REP,Alvin A (Al) Jaeger,46
Stark,Precinct 3610,Tax Commissioner,,DEM,Brent Edison,57
Stark,Precinct 3610,Tax Commissioner,,REP,Cory Fong,44
Stark,Precinct 3610,U.S. House,1,DEM,Earl Pomeroy,64
Stark,Precinct 3610,U.S. House,1,REP,Matt Mechtel,47
Stark,Precinct 3610,U.S. Senate,,DEM,Kent Conrad,67
Stark,Precinct 3610,U.S. Senate,,REP,Dwight Grotberg,45
Stark,Precinct 3611,Agriculture Commissioner,,DEM,Roger Johnson,93
Stark,Precinct 3611,Agriculture Commissioner,,REP,Doug Goehring,84
Stark,Precinct 3611,Attorney General,,DEM,Bill Brudvik,86
Stark,Precinct 3611,Attorney General,,REP,Wayne Stenehjem,88
Stark,Precinct 3611,C 1: This constitutional measure would amend section 16 of Article XI of the North Dakota Constitution,,,No,43
Stark,Precinct 3611,C 1: This constitutional measure would amend section 16 of Article XI of the North Dakota Constitution,,,Yes,138
Stark,Precinct 3611,C 2: This constitutional measure would amend certain sections and repeal other sections of Article XII of the North Dakota Constitution,,,No,61
Stark,Precinct 3611,C 2: This constitutional measure would amend certain sections and repeal other sections of Article XII of the North Dakota Constitution,,,Yes,118
Stark,Precinct 3611,Justice of the Supreme Court,,NON,Dale Sandstrom,155
Stark,Precinct 3611,Public Service Commissioner,,DEM,Cheryl Bergian,90
Stark,Precinct 3611,Public Service Commissioner,,REP,Tony Clark,85
Stark,Precinct 3611,Secretary of State,,DEM,Kristin Hedger,89
Stark,Precinct 3611,Secretary of State,,REP,Alvin A (Al) Jaeger,86
Stark,Precinct 3611,Tax Commissioner,,DEM,Brent Edison,86
Stark,Precinct 3611,Tax Commissioner,,REP,Cory Fong,84
Stark,Precinct 3611,U.S. House,1,DEM,Earl Pomeroy,96
Stark,Precinct 3611,U.S. House,1,REP,Matt Mechtel,85
Stark,Precinct 3611,U.S. Senate,,DEM,Kent Conrad,96
Stark,Precinct 3611,U.S. Senate,,REP,Dwight Grotberg,85
Stark,Precinct 3612,Agriculture Commissioner,,DEM,Roger Johnson,72
Stark,Precinct 3612,Agriculture Commissioner,,REP,Doug Goehring,46
Stark,Precinct 3612,Attorney General,,DEM,Bill Brudvik,69
Stark,Precinct 3612,Attorney General,,REP,Wayne Stenehjem,47
Stark,Precinct 3612,C 1: This constitutional measure would amend section 16 of Article XI of the North Dakota Constitution,,,No,41
Stark,Precinct 3612,C 1: This constitutional measure would amend section 16 of Article XI of the North Dakota Constitution,,,Yes,75
Stark,Precinct 3612,C 2: This constitutional measure would amend certain sections and repeal other sections of Article XII of the North Dakota Constitution,,,No,51
Stark,Precinct 3612,C 2: This constitutional measure would amend certain sections and repeal other sections of Article XII of the North Dakota Constitution,,,Yes,58
Stark,Precinct 3612,Justice of the Supreme Court,,NON,Dale Sandstrom,110
Stark,Precinct 3612,Public Service Commissioner,,DEM,Cheryl Bergian,70
Stark,Precinct 3612,Public Service Commissioner,,REP,Tony Clark,47
Stark,Precinct 3612,Secretary of State,,DEM,Kristin Hedger,70
Stark,Precinct 3612,Secretary of State,,REP,Alvin A (Al) Jaeger,46
Stark,Precinct 3612,Tax Commissioner,,DEM,Brent Edison,69
Stark,Precinct 3612,Tax Commissioner,,REP,Cory Fong,46
Stark,Precinct 3612,U.S. House,1,DEM,Earl Pomeroy,78
Stark,Precinct 3612,U.S. House,1,REP,Matt Mechtel,48
Stark,Precinct 3612,U.S. Senate,,DEM,Kent Conrad,77
Stark,Precinct 3612,U.S. Senate,,REP,Dwight Grotberg,46
Stark,Precinct 3613,Agriculture Commissioner,,DEM,Roger Johnson,137
Stark,Precinct 3613,Agriculture Commissioner,,REP,Doug Goehring,137
Stark,Precinct 3613,Attorney General,,DEM,Bill Brudvik,131
Stark,Precinct 3613,Attorney General,,REP,Wayne Stenehjem,137
Stark,Precinct 3613,C 1: This constitutional measure would amend section 16 of Article XI of the North Dakota Constitution,,,No,81
Stark,Precinct 3613,C 1: This constitutional measure would amend section 16 of Article XI of the North Dakota Constitution,,,Yes,190
Stark,Precinct 3613,C 2: This constitutional measure would amend certain sections and repeal other sections of Article XII of the North Dakota Constitution,,,No,87
Stark,Precinct 3613,C 2: This constitutional measure would amend certain sections and repeal other sections of Article XII of the North Dakota Constitution,,,Yes,181
Stark,Precinct 3613,Justice of the Supreme Court,,NON,Dale Sandstrom,243
Stark,Precinct 3613,Public Service Commissioner,,DEM,Cheryl Bergian,134
Stark,Precinct 3613,Public Service Commissioner,,REP,Tony Clark,137
Stark,Precinct 3613,Secretary of State,,DEM,Kristin Hedger,131
Stark,Precinct 3613,Secretary of State,,REP,Alvin A (Al) Jaeger,135
Stark,Precinct 3613,Tax Commissioner,,DEM,Brent Edison,136
Stark,Precinct 3613,Tax Commissioner,,REP,Cory Fong,136
Stark,Precinct 3613,U.S. House,1,DEM,Earl Pomeroy,147
Stark,Precinct 3613,U.S. House,1,REP,Matt Mechtel,136
Stark,Precinct 3613,U.S. Senate,,DEM,Kent Conrad,149
Stark,Precinct 3613,U.S. Senate,,REP,Dwight Grotberg,135
Stark,Precinct 3701,Agriculture Commissioner,,DEM,Roger Johnson,165
Stark,Precinct 3701,Agriculture Commissioner,,REP,Doug Goehring,144
Stark,Precinct 3701,Attorney General,,DEM,Bill Brudvik,142
Stark,Precinct 3701,Attorney General,,REP,Wayne Stenehjem,148
Stark,Precinct 3701,C 1: This constitutional measure would amend section 16 of Article XI of the North Dakota Constitution,,,No,77
Stark,Precinct 3701,C 1: This constitutional measure would amend section 16 of Article XI of the North Dakota Constitution,,,Yes,237
Stark,Precinct 3701,C 2: This constitutional measure would amend certain sections and repeal other sections of Article XII of the North Dakota Constitution,,,No,75
Stark,Precinct 3701,C 2: This constitutional measure would amend certain sections and repeal other sections of Article XII of the North Dakota Constitution,,,Yes,231
Stark,Precinct 3701,Justice of the Supreme Court,,NON,Dale Sandstrom,291
Stark,Precinct 3701,Public Service Commissioner,,DEM,Cheryl Bergian,147
Stark,Precinct 3701,Public Service Commissioner,,REP,Tony Clark,137
Stark,Precinct 3701,Secretary of State,,DEM,Kristin Hedger,146
Stark,Precinct 3701,Secretary of State,,REP,Alvin A (Al) Jaeger,145
Stark,Precinct 3701,State House Legislative,37,DEM,Cornelius (Connie) Kooren,149
Stark,Precinct 3701,State House Legislative,37,DEM,Stuart Savelkoul,112
Stark,Precinct 3701,State House Legislative,37,REP,Francis J Wald,125
Stark,Precinct 3701,State House Legislative,37,REP,Nancy Johnson,140
Stark,Precinct 3701,State Senate Legislative District 37,,DEM,Chad Berger,148
Stark,Precinct 3701,State Senate Legislative District 37,,REP,Rich Wardner,146
Stark,Precinct 3701,Tax Commissioner,,DEM,Brent Edison,156
Stark,Precinct 3701,Tax Commissioner,,REP,Cory Fong,140
Stark,Precinct 3701,U.S. House,1,DEM,Earl Pomeroy,175
Stark,Precinct 3701,U.S. House,1,REP,Matt Mechtel,136
Stark,Precinct 3701,U.S. Senate,,DEM,Kent Conrad,180
Stark,Precinct 3701,U.S. Senate,,REP,Dwight Grotberg,135
Stark,Precinct 3702,Agriculture Commissioner,,DEM,Roger Johnson,114
Stark,Precinct 3702,Agriculture Commissioner,,REP,Doug Goehring,178
Stark,Precinct 3702,Attorney General,,DEM,Bill Brudvik,101
Stark,Precinct 3702,Attorney General,,REP,Wayne Stenehjem,191
Stark,Precinct 3702,C 1: This constitutional measure would amend section 16 of Article XI of the North Dakota Constitution,,,No,46
Stark,Precinct 3702,C 1: This constitutional measure would amend section 16 of Article XI of the North Dakota Constitution,,,Yes,275
Stark,Precinct 3702,C 2: This constitutional measure would amend certain sections and repeal other sections of Article XII of the North Dakota Constitution,,,No,49
Stark,Precinct 3702,C 2: This constitutional measure would amend certain sections and repeal other sections of Article XII of the North Dakota Constitution,,,Yes,269
Stark,Precinct 3702,Justice of the Supreme Court,,NON,Dale Sandstrom,286
Stark,Precinct 3702,Public Service Commissioner,,DEM,Cheryl Bergian,100
Stark,Precinct 3702,Public Service Commissioner,,REP,Tony Clark,180
Stark,Precinct 3702,Secretary of State,,DEM,Kristin Hedger,106
Stark,Precinct 3702,Secretary of State,,REP,Alvin A (Al) Jaeger,193
Stark,Precinct 3702,State House Legislative,37,DEM,Cornelius (Connie) Kooren,105
Stark,Precinct 3702,State House Legislative,37,DEM,Stuart Savelkoul,88
Stark,Precinct 3702,State House Legislative,37,REP,Francis J Wald,166
Stark,Precinct 3702,State House Legislative,37,REP,Nancy Johnson,190
Stark,Precinct 3702,State Senate Legislative District 37,,DEM,Chad Berger,102
Stark,Precinct 3702,State Senate Legislative District 37,,REP,Rich Wardner,192
Stark,Precinct 3702,Tax Commissioner,,DEM,Brent Edison,101
Stark,Precinct 3702,Tax Commissioner,,REP,Cory Fong,177
Stark,Precinct 3702,U.S. House,1,DEM,Earl Pomeroy,128
Stark,Precinct 3702,U.S. House,1,REP,Matt Mechtel,167
Stark,Precinct 3702,U.S. Senate,,DEM,Kent Conrad,128
Stark,Precinct 3702,U.S. Senate,,REP,Dwight Grotberg,171
Stark,Precinct 3703,Agriculture Commissioner,,DEM,Roger Johnson,164
Stark,Precinct 3703,Agriculture Commissioner,,REP,Doug Goehring,160
Stark,Precinct 3703,Attorney General,,DEM,Bill Brudvik,148
Stark,Precinct 3703,Attorney General,,REP,Wayne Stenehjem,171
Stark,Precinct 3703,C 1: This constitutional measure would amend section 16 of Article XI of the North Dakota Constitution,,,No,72
Stark,Precinct 3703,C 1: This constitutional measure would amend section 16 of Article XI of the North Dakota Constitution,,,Yes,269
Stark,Precinct 3703,C 2: This constitutional measure would amend certain sections and repeal other sections of Article XII of the North Dakota Constitution,,,No,83
Stark,Precinct 3703,C 2: This constitutional measure would amend certain sections and repeal other sections of Article XII of the North Dakota Constitution,,,Yes,252
Stark,Precinct 3703,Justice of the Supreme Court,,NON,Dale Sandstrom,302
Stark,Precinct 3703,Public Service Commissioner,,DEM,Cheryl Bergian,154
Stark,Precinct 3703,Public Service Commissioner,,REP,Tony Clark,158
Stark,Precinct 3703,Secretary of State,,DEM,Kristin Hedger,150
Stark,Precinct 3703,Secretary of State,,REP,Alvin A (Al) Jaeger,167
Stark,Precinct 3703,State House Legislative,37,DEM,Cornelius (Connie) Kooren,141
Stark,Precinct 3703,State House Legislative,37,DEM,Stuart Savelkoul,121
Stark,Precinct 3703,State House Legislative,37,REP,Francis J Wald,144
Stark,Precinct 3703,State House Legislative,37,REP,Nancy Johnson,168
Stark,Precinct 3703,State Senate Legislative District 37,,DEM,Chad Berger,146
Stark,Precinct 3703,State Senate Legislative District 37,,REP,Rich Wardner,176
Stark,Precinct 3703,Tax Commissioner,,DEM,Brent Edison,152
Stark,Precinct 3703,Tax Commissioner,,REP,Cory Fong,164
Stark,Precinct 3703,U.S. House,1,DEM,Earl Pomeroy,177
Stark,Precinct 3703,U.S. House,1,REP,Matt Mechtel,153
Stark,Precinct 3703,U.S. Senate,,DEM,Kent Conrad,178
Stark,Precinct 3703,U.S. Senate,,REP,Dwight Grotberg,155
Stark,Precinct 3704,Agriculture Commissioner,,DEM,Roger Johnson,221
Stark,Precinct 3704,Agriculture Commissioner,,REP,Doug Goehring,163
Stark,Precinct 3704,Attorney General,,DEM,Bill Brudvik,197
Stark,Precinct 3704,Attorney General,,REP,Wayne Stenehjem,174
Stark,Precinct 3704,C 1: This constitutional measure would amend section 16 of Article XI of the North Dakota Constitution,,,No,106
Stark,Precinct 3704,C 1: This constitutional measure would amend section 16 of Article XI of the North Dakota Constitution,,,Yes,301
Stark,Precinct 3704,C 2: This constitutional measure would amend certain sections and repeal other sections of Article XII of the North Dakota Constitution,,,No,103
Stark,Precinct 3704,C 2: This constitutional measure would amend certain sections and repeal other sections of Article XII of the North Dakota Constitution,,,Yes,295
Stark,Precinct 3704,Justice of the Supreme Court,,NON,Dale Sandstrom,376
Stark,Precinct 3704,Public Service Commissioner,,DEM,Cheryl Bergian,198
Stark,Precinct 3704,Public Service Commissioner,,REP,Tony Clark,162
Stark,Precinct 3704,Secretary of State,,DEM,Kristin Hedger,200
Stark,Precinct 3704,Secretary of State,,REP,Alvin A (Al) Jaeger,174
Stark,Precinct 3704,State House Legislative,37,DEM,Cornelius (Connie) Kooren,198
Stark,Precinct 3704,State House Legislative,37,DEM,Stuart Savelkoul,176
Stark,Precinct 3704,State House Legislative,37,REP,Francis J Wald,151
Stark,Precinct 3704,State House Legislative,37,REP,Nancy Johnson,168
Stark,Precinct 3704,State Senate Legislative District 37,,DEM,Chad Berger,198
Stark,Precinct 3704,State Senate Legislative District 37,,REP,Rich Wardner,177
Stark,Precinct 3704,Tax Commissioner,,DEM,Brent Edison,198
Stark,Precinct 3704,Tax Commissioner,,REP,Cory Fong,159
Stark,Precinct 3704,U.S. House,1,DEM,Earl Pomeroy,243
Stark,Precinct 3704,U.S. House,1,REP,Matt Mechtel,152
Stark,Precinct 3704,U.S. Senate,,DEM,Kent Conrad,246
Stark,Precinct 3704,U.S. Senate,,REP,Dwight Grotberg,153
Stark,Precinct 3705,Agriculture Commissioner,,DEM,Roger Johnson,158
Stark,Precinct 3705,Agriculture Commissioner,,REP,Doug Goehring,106
Stark,Precinct 3705,Attorney General,,DEM,Bill Brudvik,135
Stark,Precinct 3705,Attorney General,,REP,Wayne Stenehjem,115
Stark,Precinct 3705,C 1: This constitutional measure would amend section 16 of Article XI of the North Dakota Constitution,,,No,94
Stark,Precinct 3705,C 1: This constitutional measure would amend section 16 of Article XI of the North Dakota Constitution,,,Yes,203
Stark,Precinct 3705,C 2: This constitutional measure would amend certain sections and repeal other sections of Article XII of the North Dakota Constitution,,,No,80
Stark,Precinct 3705,C 2: This constitutional measure would amend certain sections and repeal other sections of Article XII of the North Dakota Constitution,,,Yes,204
Stark,Precinct 3705,Justice of the Supreme Court,,NON,Dale Sandstrom,257
Stark,Precinct 3705,Public Service Commissioner,,DEM,Cheryl Bergian,145
Stark,Precinct 3705,Public Service Commissioner,,REP,Tony Clark,103
Stark,Precinct 3705,Secretary of State,,DEM,Kristin Hedger,143
Stark,Precinct 3705,Secretary of State,,REP,Alvin A (Al) Jaeger,108
Stark,Precinct 3705,State House Legislative,37,DEM,Cornelius (Connie) Kooren,139
Stark,Precinct 3705,State House Legislative,37,DEM,Stuart Savelkoul,128
Stark,Precinct 3705,State House Legislative,37,REP,Francis J Wald,87
Stark,Precinct 3705,State House Legislative,37,REP,Nancy Johnson,111
Stark,Precinct 3705,State Senate Legislative District 37,,DEM,Chad Berger,150
Stark,Precinct 3705,State Senate Legislative District 37,,REP,Rich Wardner,118
Stark,Precinct 3705,Tax Commissioner,,DEM,Brent Edison,149
Stark,Precinct 3705,Tax Commissioner,,REP,Cory Fong,104
Stark,Precinct 3705,U.S. House,1,DEM,Earl Pomeroy,173
Stark,Precinct 3705,U.S. House,1,REP,Matt Mechtel,104
Stark,Precinct 3705,U.S. Senate,,DEM,Kent Conrad,175
Stark,Precinct 3705,U.S. Senate,,REP,Dwight Grotberg,105
Stark,Precinct 3706,Agriculture Commissioner,,DEM,Roger Johnson,51
Stark,Precinct 3706,Agriculture Commissioner,,REP,Doug Goehring,35
Stark,Precinct 3706,Attorney General,,DEM,Bill Brudvik,47
Stark,Precinct 3706,Attorney General,,REP,Wayne Stenehjem,36
Stark,Precinct 3706,C 1: This constitutional measure would amend section 16 of Article XI of the North Dakota Constitution,,,No,29
Stark,Precinct 3706,C 1: This constitutional measure would amend section 16 of Article XI of the North Dakota Constitution,,,Yes,56
Stark,Precinct 3706,C 2: This constitutional measure would amend certain sections and repeal other sections of Article XII of the North Dakota Constitution,,,No,35
Stark,Precinct 3706,C 2: This constitutional measure would amend certain sections and repeal other sections of Article XII of the North Dakota Constitution,,,Yes,49
Stark,Precinct 3706,Justice of the Supreme Court,,NON,Dale Sandstrom,82
Stark,Precinct 3706,Public Service Commissioner,,DEM,Cheryl Bergian,46
Stark,Precinct 3706,Public Service Commissioner,,REP,Tony Clark,35
Stark,Precinct 3706,Secretary of State,,DEM,Kristin Hedger,47
Stark,Precinct 3706,Secretary of State,,REP,Alvin A (Al) Jaeger,36
Stark,Precinct 3706,State House Legislative,37,DEM,Cornelius (Connie) Kooren,47
Stark,Precinct 3706,State House Legislative,37,DEM,Stuart Savelkoul,41
Stark,Precinct 3706,State House Legislative,37,REP,Francis J Wald,33
Stark,Precinct 3706,State House Legislative,37,REP,Nancy Johnson,30
Stark,Precinct 3706,State Senate Legislative District 37,,DEM,Chad Berger,50
Stark,Precinct 3706,State Senate Legislative District 37,,REP,Rich Wardner,34
Stark,Precinct 3706,Tax Commissioner,,DEM,Brent Edison,48
Stark,Precinct 3706,Tax Commissioner,,REP,Cory Fong,33
Stark,Precinct 3706,U.S. House,1,DEM,Earl Pomeroy,55
Stark,Precinct 3706,U.S. House,1,REP,Matt Mechtel,29
Stark,Precinct 3706,U.S. Senate,,DEM,Kent Conrad,57
Stark,Precinct 3706,U.S. Senate,,REP,Dwight Grotberg,30
Steele,Precinct 2003,Agriculture Commissioner,,DEM,Roger Johnson,18
Steele,Precinct 2003,Agriculture Commissioner,,REP,Doug Goehring,18
Steele,Precinct 2003,Attorney General,,DEM,Bill Brudvik,15
Steele,Precinct 2003,Attorney General,,REP,Wayne Stenehjem,18
Steele,Precinct 2003,C 1: This constitutional measure would amend section 16 of Article XI of the North Dakota Constitution,,,No,10
Steele,Precinct 2003,C 1: This constitutional measure would amend section 16 of Article XI of the North Dakota Constitution,,,Yes,24
Steele,Precinct 2003,C 2: This constitutional measure would amend certain sections and repeal other sections of Article XII of the North Dakota Constitution,,,No,10
Steele,Precinct 2003,C 2: This constitutional measure would amend certain sections and repeal other sections of Article XII of the North Dakota Constitution,,,Yes,22
Steele,Precinct 2003,Justice of the Supreme Court,,NON,Dale Sandstrom,33
Steele,Precinct 2003,Public Service Commissioner,,DEM,Cheryl Bergian,17
Steele,Precinct 2003,Public Service Commissioner,,REP,Tony Clark,18
Steele,Precinct 2003,Secretary of State,,DEM,Kristin Hedger,17
Steele,Precinct 2003,Secretary of State,,REP,Alvin A (Al) Jaeger,18
Steele,Precinct 2003,Tax Commissioner,,DEM,Brent Edison,17
Steele,Precinct 2003,Tax Commissioner,,REP,Cory Fong,18
Steele,Precinct 2003,U.S. House,1,DEM,Earl Pomeroy,18
Steele,Precinct 2003,U.S. House,1,REP,Matt Mechtel,18
Steele,Precinct 2003,U.S. Senate,,DEM,Kent Conrad,18
Steele,Precinct 2003,U.S. Senate,,REP,Dwight Grotberg,18
Steele,Precinct 2004,Agriculture Commissioner,,DEM,Roger Johnson,139
Steele,Precinct 2004,Agriculture Commissioner,,REP,Doug Goehring,54
Steele,Precinct 2004,Attorney General,,DEM,Bill Brudvik,133
Steele,Precinct 2004,Attorney General,,REP,Wayne Stenehjem,52
Steele,Precinct 2004,C 1: This constitutional measure would amend section 16 of Article XI of the North Dakota Constitution,,,No,78
Steele,Precinct 2004,C 1: This constitutional measure would amend section 16 of Article XI of the North Dakota Constitution,,,Yes,92
Steele,Precinct 2004,C 2: This constitutional measure would amend certain sections and repeal other sections of Article XII of the North Dakota Constitution,,,No,67
Steele,Precinct 2004,C 2: This constitutional measure would amend certain sections and repeal other sections of Article XII of the North Dakota Constitution,,,Yes,93
Steele,Precinct 2004,Justice of the Supreme Court,,NON,Dale Sandstrom,161
Steele,Precinct 2004,Public Service Commissioner,,DEM,Cheryl Bergian,132
Steele,Precinct 2004,Public Service Commissioner,,REP,Tony Clark,51
Steele,Precinct 2004,Secretary of State,,DEM,Kristin Hedger,130
Steele,Precinct 2004,Secretary of State,,REP,Alvin A (Al) Jaeger,52
Steele,Precinct 2004,Tax Commissioner,,DEM,Brent Edison,135
Steele,Precinct 2004,Tax Commissioner,,REP,Cory Fong,52
Steele,Precinct 2004,U.S. House,1,DEM,Earl Pomeroy,142
Steele,Precinct 2004,U.S. House,1,REP,Matt Mechtel,54
Steele,Precinct 2004,U.S. Senate,,DEM,Kent Conrad,142
Steele,Precinct 2004,U.S. Senate,,REP,Dwight Grotberg,51
Steele,Precinct 2005,Agriculture Commissioner,,DEM,Roger Johnson,24
Steele,Precinct 2005,Agriculture Commissioner,,REP,Doug Goehring,7
Steele,Precinct 2005,Attorney General,,DEM,Bill Brudvik,24
Steele,Precinct 2005,Attorney General,,REP,Wayne Stenehjem,7
Steele,Precinct 2005,C 1: This constitutional measure would amend section 16 of Article XI of the North Dakota Constitution,,,No,16
Steele,Precinct 2005,C 1: This constitutional measure would amend section 16 of Article XI of the North Dakota Constitution,,,Yes,15
Steele,Precinct 2005,C 2: This constitutional measure would amend certain sections and repeal other sections of Article XII of the North Dakota Constitution,,,No,7
Steele,Precinct 2005,C 2: This constitutional measure would amend certain sections and repeal other sections of Article XII of the North Dakota Constitution,,,Yes,23
Steele,Precinct 2005,Justice of the Supreme Court,,NON,Dale Sandstrom,28
Steele,Precinct 2005,Public Service Commissioner,,DEM,Cheryl Bergian,24
Steele,Precinct 2005,Public Service Commissioner,,REP,Tony Clark,7
Steele,Precinct 2005,Secretary of State,,DEM,Kristin Hedger,23
Steele,Precinct 2005,Secretary of State,,REP,Alvin A (Al) Jaeger,7
Steele,Precinct 2005,Tax Commissioner,,DEM,Brent Edison,24
Steele,Precinct 2005,Tax Commissioner,,REP,Cory Fong,7
Steele,Precinct 2005,U.S. House,1,DEM,Earl Pomeroy,26
Steele,Precinct 2005,U.S. House,1,REP,Matt Mechtel,7
Steele,Precinct 2005,U.S. Senate,,DEM,Kent Conrad,26
Steele,Precinct 2005,U.S. Senate,,REP,Dwight Grotberg,7
Steele,Precinct 2301,Agriculture Commissioner,,DEM,Roger Johnson,50
Steele,Precinct 2301,Agriculture Commissioner,,REP,Doug Goehring,12
Steele,Precinct 2301,Attorney General,,DEM,Bill Brudvik,49
Steele,Precinct 2301,Attorney General,,REP,Wayne Stenehjem,12
Steele,Precinct 2301,C 1: This constitutional measure would amend section 16 of Article XI of the North Dakota Constitution,,,No,29
Steele,Precinct 2301,C 1: This constitutional measure would amend section 16 of Article XI of the North Dakota Constitution,,,Yes,29
Steele,Precinct 2301,C 2: This constitutional measure would amend certain sections and repeal other sections of Article XII of the North Dakota Constitution,,,No,25
Steele,Precinct 2301,C 2: This constitutional measure would amend certain sections and repeal other sections of Article XII of the North Dakota Constitution,,,Yes,32
Steele,Precinct 2301,Justice of the Supreme Court,,NON,Dale Sandstrom,51
Steele,Precinct 2301,Public Service Commissioner,,DEM,Cheryl Bergian,49
Steele,Precinct 2301,Public Service Commissioner,,REP,Tony Clark,12
Steele,Precinct 2301,Secretary of State,,DEM,Kristin Hedger,45
Steele,Precinct 2301,Secretary of State,,REP,Alvin A (Al) Jaeger,12
Steele,Precinct 2301,State House Legislative,23,DEM,Ben Vig,43
Steele,Precinct 2301,State House Legislative,23,DEM,Edward R Brownshield,45
Steele,Precinct 2301,State House Legislative,23,REP,Don Vigesaa,10
Steele,Precinct 2301,State House Legislative,23,REP,William (Bill) Devlin,11
Steele,Precinct 2301,State Senate Legislative District 23,,DEM,Joan Heckaman,49
Steele,Precinct 2301,State Senate Legislative District 23,,REP,Frank E Walker,6
Steele,Precinct 2301,State Senate Legislative District 23,,REP,Preston Meier,6
Steele,Precinct 2301,Tax Commissioner,,DEM,Brent Edison,50
Steele,Precinct 2301,Tax Commissioner,,REP,Cory Fong,12
Steele,Precinct 2301,U.S. House,1,DEM,Earl Pomeroy,50
Steele,Precinct 2301,U.S. House,1,REP,Matt Mechtel,12
Steele,Precinct 2301,U.S. Senate,,DEM,Kent Conrad,50
Steele,Precinct 2301,U.S. Senate,,REP,Dwight Grotberg,12
Steele,Precinct 2302,Agriculture Commissioner,,DEM,Roger Johnson,100
Steele,Precinct 2302,Agriculture Commissioner,,REP,Doug Goehring,82
Steele,Precinct 2302,Attorney General,,DEM,Bill Brudvik,97
Steele,Precinct 2302,Attorney General,,REP,Wayne Stenehjem,84
Steele,Precinct 2302,C 1: This constitutional measure would amend section 16 of Article XI of the North Dakota Constitution,,,No,72
Steele,Precinct 2302,C 1: This constitutional measure would amend section 16 of Article XI of the North Dakota Constitution,,,Yes,116
Steele,Precinct 2302,C 2: This constitutional measure would amend certain sections and repeal other sections of Article XII of the North Dakota Constitution,,,No,58
Steele,Precinct 2302,C 2: This constitutional measure would amend certain sections and repeal other sections of Article XII of the North Dakota Constitution,,,Yes,127
Steele,Precinct 2302,Justice of the Supreme Court,,NON,Dale Sandstrom,175
Steele,Precinct 2302,Public Service Commissioner,,DEM,Cheryl Bergian,95
Steele,Precinct 2302,Public Service Commissioner,,REP,Tony Clark,82
Steele,Precinct 2302,Secretary of State,,DEM,Kristin Hedger,92
Steele,Precinct 2302,Secretary of State,,REP,Alvin A (Al) Jaeger,84
Steele,Precinct 2302,State House Legislative,23,DEM,Ben Vig,95
Steele,Precinct 2302,State House Legislative,23,DEM,Edward R Brownshield,75
Steele,Precinct 2302,State House Legislative,23,REP,Don Vigesaa,81
Steele,Precinct 2302,State House Legislative,23,REP,William (Bill) Devlin,87
Steele,Precinct 2302,State Senate Legislative District 23,,DEM,Joan Heckaman,94
Steele,Precinct 2302,State Senate Legislative District 23,,REP,Frank E Walker,31
Steele,Precinct 2302,State Senate Legislative District 23,,REP,Preston Meier,54
Steele,Precinct 2302,Tax Commissioner,,DEM,Brent Edison,97
Steele,Precinct 2302,Tax Commissioner,,REP,Cory Fong,83
Steele,Precinct 2302,U.S. House,1,DEM,Earl Pomeroy,106
Steele,Precinct 2302,U.S. House,1,REP,Matt Mechtel,79
Steele,Precinct 2302,U.S. Senate,,DEM,Kent Conrad,109
Steele,Precinct 2302,U.S. Senate,,REP,Dwight Grotberg,81
Stutsman,Precinct 1291,Agriculture Commissioner,,DEM,Roger Johnson,331
Stutsman,Precinct 1291,Agriculture Commissioner,,REP,Doug Goehring,239
Stutsman,Precinct 1291,Attorney General,,DEM,Bill Brudvik,309
Stutsman,Precinct 1291,Attorney General,,REP,Wayne Stenehjem,244
Stutsman,Precinct 1291,C 1: This constitutional measure would amend section 16 of Article XI of the North Dakota Constitution,,,No,134
Stutsman,Precinct 1291,C 1: This constitutional measure would amend section 16 of Article XI of the North Dakota Constitution,,,Yes,456
Stutsman,Precinct 1291,C 2: This constitutional measure would amend certain sections and repeal other sections of Article XII of the North Dakota Constitution,,,No,130
Stutsman,Precinct 1291,C 2: This constitutional measure would amend certain sections and repeal other sections of Article XII of the North Dakota Constitution,,,Yes,450
Stutsman,Precinct 1291,Justice of the Supreme Court,,NON,Dale Sandstrom,535
Stutsman,Precinct 1291,Public Service Commissioner,,DEM,Cheryl Bergian,315
Stutsman,Precinct 1291,Public Service Commissioner,,REP,Tony Clark,239
Stutsman,Precinct 1291,Secretary of State,,DEM,Kristin Hedger,315
Stutsman,Precinct 1291,Secretary of State,,REP,Alvin A (Al) Jaeger,243
Stutsman,Precinct 1291,Tax Commissioner,,DEM,Brent Edison,320
Stutsman,Precinct 1291,Tax Commissioner,,REP,Cory Fong,235
Stutsman,Precinct 1291,U.S. House,1,DEM,Earl Pomeroy,348
Stutsman,Precinct 1291,U.S. House,1,REP,Matt Mechtel,235
Stutsman,Precinct 1291,U.S. Senate,,DEM,Kent Conrad,352
Stutsman,Precinct 1291,U.S. Senate,,REP,Dwight Grotberg,240
Stutsman,Precinct 1292,Agriculture Commissioner,,DEM,Roger Johnson,345
Stutsman,Precinct 1292,Agriculture Commissioner,,REP,Doug Goehring,225
Stutsman,Precinct 1292,Attorney General,,DEM,Bill Brudvik,320
Stutsman,Precinct 1292,Attorney General,,REP,Wayne Stenehjem,227
Stutsman,Precinct 1292,C 1: This constitutional measure would amend section 16 of Article XI of the North Dakota Constitution,,,No,124
Stutsman,Precinct 1292,C 1: This constitutional measure would amend section 16 of Article XI of the North Dakota Constitution,,,Yes,443
Stutsman,Precinct 1292,C 2: This constitutional measure would amend certain sections and repeal other sections of Article XII of the North Dakota Constitution,,,No,134
Stutsman,Precinct 1292,C 2: This constitutional measure would amend certain sections and repeal other sections of Article XII of the North Dakota Constitution,,,Yes,416
Stutsman,Precinct 1292,Justice of the Supreme Court,,NON,Dale Sandstrom,517
Stutsman,Precinct 1292,Public Service Commissioner,,DEM,Cheryl Bergian,321
Stutsman,Precinct 1292,Public Service Commissioner,,REP,Tony Clark,225
Stutsman,Precinct 1292,Secretary of State,,DEM,Kristin Hedger,323
Stutsman,Precinct 1292,Secretary of State,,REP,Alvin A (Al) Jaeger,225
Stutsman,Precinct 1292,Tax Commissioner,,DEM,Brent Edison,326
Stutsman,Precinct 1292,Tax Commissioner,,REP,Cory Fong,225
Stutsman,Precinct 1292,U.S. House,1,DEM,Earl Pomeroy,361
Stutsman,Precinct 1292,U.S. House,1,REP,Matt Mechtel,220
Stutsman,Precinct 1292,U.S. Senate,,DEM,Kent Conrad,370
Stutsman,Precinct 1292,U.S. Senate,,REP,Dwight Grotberg,228
Stutsman,Precinct 1293,Agriculture Commissioner,,DEM,Roger Johnson,303
Stutsman,Precinct 1293,Agriculture Commissioner,,REP,Doug Goehring,194
Stutsman,Precinct 1293,Attorney General,,DEM,Bill Brudvik,289
Stutsman,Precinct 1293,Attorney General,,REP,Wayne Stenehjem,204
Stutsman,Precinct 1293,C 1: This constitutional measure would amend section 16 of Article XI of the North Dakota Constitution,,,No,124
Stutsman,Precinct 1293,C 1: This constitutional measure would amend section 16 of Article XI of the North Dakota Constitution,,,Yes,389
Stutsman,Precinct 1293,C 2: This constitutional measure would amend certain sections and repeal other sections of Article XII of the North Dakota Constitution,,,No,137
Stutsman,Precinct 1293,C 2: This constitutional measure would amend certain sections and repeal other sections of Article XII of the North Dakota Constitution,,,Yes,369
Stutsman,Precinct 1293,Justice of the Supreme Court,,NON,Dale Sandstrom,474
Stutsman,Precinct 1293,Public Service Commissioner,,DEM,Cheryl Bergian,295
Stutsman,Precinct 1293,Public Service Commissioner,,REP,Tony Clark,192
Stutsman,Precinct 1293,Secretary of State,,DEM,Kristin Hedger,293
Stutsman,Precinct 1293,Secretary of State,,REP,Alvin A (Al) Jaeger,201
Stutsman,Precinct 1293,Tax Commissioner,,DEM,Brent Edison,297
Stutsman,Precinct 1293,Tax Commissioner,,REP,Cory Fong,200
Stutsman,Precinct 1293,U.S. House,1,DEM,Earl Pomeroy,323
Stutsman,Precinct 1293,U.S. House,1,REP,Matt Mechtel,198
Stutsman,Precinct 1293,U.S. Senate,,DEM,Kent Conrad,329
Stutsman,Precinct 1293,U.S. Senate,,REP,Dwight Grotberg,201
Stutsman,Precinct 1295,Agriculture Commissioner,,DEM,Roger Johnson,360
Stutsman,Precinct 1295,Agriculture Commissioner,,REP,Doug Goehring,192
Stutsman,Precinct 1295,Attorney General,,DEM,Bill Brudvik,332
Stutsman,Precinct 1295,Attorney General,,REP,Wayne Stenehjem,195
Stutsman,Precinct 1295,C 1: This constitutional measure would amend section 16 of Article XI of the North Dakota Constitution,,,No,140
Stutsman,Precinct 1295,C 1: This constitutional measure would amend section 16 of Article XI of the North Dakota Constitution,,,Yes,443
Stutsman,Precinct 1295,C 2: This constitutional measure would amend certain sections and repeal other sections of Article XII of the North Dakota Constitution,,,No,147
Stutsman,Precinct 1295,C 2: This constitutional measure would amend certain sections and repeal other sections of Article XII of the North Dakota Constitution,,,Yes,417
Stutsman,Precinct 1295,Justice of the Supreme Court,,NON,Dale Sandstrom,527
Stutsman,Precinct 1295,Public Service Commissioner,,DEM,Cheryl Bergian,337
Stutsman,Precinct 1295,Public Service Commissioner,,REP,Tony Clark,191
Stutsman,Precinct 1295,Secretary of State,,DEM,Kristin Hedger,340
Stutsman,Precinct 1295,Secretary of State,,REP,Alvin A (Al) Jaeger,192
Stutsman,Precinct 1295,Tax Commissioner,,DEM,Brent Edison,342
Stutsman,Precinct 1295,Tax Commissioner,,REP,Cory Fong,188
Stutsman,Precinct 1295,U.S. House,1,DEM,Earl Pomeroy,384
Stutsman,Precinct 1295,U.S. House,1,REP,Matt Mechtel,191
Stutsman,Precinct 1295,U.S. Senate,,DEM,Kent Conrad,382
Stutsman,Precinct 1295,U.S. Senate,,REP,Dwight Grotberg,193
Stutsman,Precinct 1296,Agriculture Commissioner,,DEM,Roger Johnson,250
Stutsman,Precinct 1296,Agriculture Commissioner,,REP,Doug Goehring,164
Stutsman,Precinct 1296,Attorney General,,DEM,Bill Brudvik,241
Stutsman,Precinct 1296,Attorney General,,REP,Wayne Stenehjem,167
Stutsman,Precinct 1296,C 1: This constitutional measure would amend section 16 of Article XI of the North Dakota Constitution,,,No,100
Stutsman,Precinct 1296,C 1: This constitutional measure would amend section 16 of Article XI of the North Dakota Constitution,,,Yes,315
Stutsman,Precinct 1296,C 2: This constitutional measure would amend certain sections and repeal other sections of Article XII of the North Dakota Constitution,,,No,130
Stutsman,Precinct 1296,C 2: This constitutional measure would amend certain sections and repeal other sections of Article XII of the North Dakota Constitution,,,Yes,269
Stutsman,Precinct 1296,Justice of the Supreme Court,,NON,Dale Sandstrom,379
Stutsman,Precinct 1296,Public Service Commissioner,,DEM,Cheryl Bergian,246
Stutsman,Precinct 1296,Public Service Commissioner,,REP,Tony Clark,163
Stutsman,Precinct 1296,Secretary of State,,DEM,Kristin Hedger,245
Stutsman,Precinct 1296,Secretary of State,,REP,Alvin A (Al) Jaeger,167
Stutsman,Precinct 1296,Tax Commissioner,,DEM,Brent Edison,245
Stutsman,Precinct 1296,Tax Commissioner,,REP,Cory Fong,164
Stutsman,Precinct 1296,U.S. House,1,DEM,Earl Pomeroy,260
Stutsman,Precinct 1296,U.S. House,1,REP,Matt Mechtel,160
Stutsman,Precinct 1296,U.S. Senate,,DEM,Kent Conrad,260
Stutsman,Precinct 1296,U.S. Senate,,REP,Dwight Grotberg,162
Stutsman,Precinct 2901,Agriculture Commissioner,,DEM,Roger Johnson,31
Stutsman,Precinct 2901,Agriculture Commissioner,,REP,Doug Goehring,17
Stutsman,Precinct 2901,Attorney General,,DEM,Bill Brudvik,26
Stutsman,Precinct 2901,Attorney General,,REP,Wayne Stenehjem,21
Stutsman,Precinct 2901,C 1: This constitutional measure would amend section 16 of Article XI of the North Dakota Constitution,,,No,26
Stutsman,Precinct 2901,C 1: This constitutional measure would amend section 16 of Article XI of the North Dakota Constitution,,,Yes,30
Stutsman,Precinct 2901,C 2: This constitutional measure would amend certain sections and repeal other sections of Article XII of the North Dakota Constitution,,,No,21
Stutsman,Precinct 2901,C 2: This constitutional measure would amend certain sections and repeal other sections of Article XII of the North Dakota Constitution,,,Yes,33
Stutsman,Precinct 2901,Justice of the Supreme Court,,NON,Dale Sandstrom,48
Stutsman,Precinct 2901,Public Service Commissioner,,DEM,Cheryl Bergian,27
Stutsman,Precinct 2901,Public Service Commissioner,,REP,Tony Clark,16
Stutsman,Precinct 2901,Secretary of State,,DEM,Kristin Hedger,30
Stutsman,Precinct 2901,Secretary of State,,REP,Alvin A (Al) Jaeger,19
Stutsman,Precinct 2901,State House Legislative,29,DEM,Clarence R Daniel,22
Stutsman,Precinct 2901,State House Legislative,29,DEM,Ellen Linderman,29
Stutsman,Precinct 2901,State House Legislative,29,REP,Chet Pollert,17
Stutsman,Precinct 2901,State House Legislative,29,REP,Craig Headland,17
Stutsman,Precinct 2901,State Senate Legislative District 29,,DEM,Dustin E Lien,31
Stutsman,Precinct 2901,State Senate Legislative District 29,,REP,Terry M Wanzek,20
Stutsman,Precinct 2901,Tax Commissioner,,DEM,Brent Edison,29
Stutsman,Precinct 2901,Tax Commissioner,,REP,Cory Fong,16
Stutsman,Precinct 2901,U.S. House,1,DEM,Earl Pomeroy,35
Stutsman,Precinct 2901,U.S. House,1,REP,Matt Mechtel,17
Stutsman,Precinct 2901,U.S. Senate,,DEM,Kent Conrad,36
Stutsman,Precinct 2901,U.S. Senate,,REP,Dwight Grotberg,18
Stutsman,Precinct 2902,Agriculture Commissioner,,DEM,Roger Johnson,60
Stutsman,Precinct 2902,Agriculture Commissioner,,REP,Doug Goehring,19
Stutsman,Precinct 2902,Attorney General,,DEM,Bill Brudvik,55
Stutsman,Precinct 2902,Attorney General,,REP,Wayne Stenehjem,22
Stutsman,Precinct 2902,C 1: This constitutional measure would amend section 16 of Article XI of the North Dakota Constitution,,,No,26
Stutsman,Precinct 2902,C 1: This constitutional measure would amend section 16 of Article XI of the North Dakota Constitution,,,Yes,54
Stutsman,Precinct 2902,C 2: This constitutional measure would amend certain sections and repeal other sections of Article XII of the North Dakota Constitution,,,No,29
Stutsman,Precinct 2902,C 2: This constitutional measure would amend certain sections and repeal other sections of Article XII of the North Dakota Constitution,,,Yes,46
Stutsman,Precinct 2902,Justice of the Supreme Court,,NON,Dale Sandstrom,71
Stutsman,Precinct 2902,Public Service Commissioner,,DEM,Cheryl Bergian,58
Stutsman,Precinct 2902,Public Service Commissioner,,REP,Tony Clark,19
Stutsman,Precinct 2902,Secretary of State,,DEM,Kristin Hedger,57
Stutsman,Precinct 2902,Secretary of State,,REP,Alvin A (Al) Jaeger,22
Stutsman,Precinct 2902,State House Legislative,29,DEM,Clarence R Daniel,41
Stutsman,Precinct 2902,State House Legislative,29,DEM,Ellen Linderman,57
Stutsman,Precinct 2902,State House Legislative,29,REP,Chet Pollert,21
Stutsman,Precinct 2902,State House Legislative,29,REP,Craig Headland,20
Stutsman,Precinct 2902,State Senate Legislative District 29,,DEM,Dustin E Lien,57
Stutsman,Precinct 2902,State Senate Legislative District 29,,REP,Terry M Wanzek,24
Stutsman,Precinct 2902,Tax Commissioner,,DEM,Brent Edison,59
Stutsman,Precinct 2902,Tax Commissioner,,REP,Cory Fong,19
Stutsman,Precinct 2902,U.S. House,1,DEM,Earl Pomeroy,62
Stutsman,Precinct 2902,U.S. House,1,REP,Matt Mechtel,19
Stutsman,Precinct 2902,U.S. Senate,,DEM,Kent Conrad,63
Stutsman,Precinct 2902,U.S. Senate,,REP,Dwight Grotberg,21
Stutsman,Precinct 2903,Agriculture Commissioner,,DEM,Roger Johnson,99
Stutsman,Precinct 2903,Agriculture Commissioner,,REP,Doug Goehring,59
Stutsman,Precinct 2903,Attorney General,,DEM,Bill Brudvik,89
Stutsman,Precinct 2903,Attorney General,,REP,Wayne Stenehjem,64
Stutsman,Precinct 2903,C 1: This constitutional measure would amend section 16 of Article XI of the North Dakota Constitution,,,No,39
Stutsman,Precinct 2903,C 1: This constitutional measure would amend section 16 of Article XI of the North Dakota Constitution,,,Yes,124
Stutsman,Precinct 2903,C 2: This constitutional measure would amend certain sections and repeal other sections of Article XII of the North Dakota Constitution,,,No,41
Stutsman,Precinct 2903,C 2: This constitutional measure would amend certain sections and repeal other sections of Article XII of the North Dakota Constitution,,,Yes,117
Stutsman,Precinct 2903,Justice of the Supreme Court,,NON,Dale Sandstrom,140
Stutsman,Precinct 2903,Public Service Commissioner,,DEM,Cheryl Bergian,93
Stutsman,Precinct 2903,Public Service Commissioner,,REP,Tony Clark,59
Stutsman,Precinct 2903,Secretary of State,,DEM,Kristin Hedger,90
Stutsman,Precinct 2903,Secretary of State,,REP,Alvin A (Al) Jaeger,61
Stutsman,Precinct 2903,State House Legislative,29,DEM,Clarence R Daniel,80
Stutsman,Precinct 2903,State House Legislative,29,DEM,Ellen Linderman,86
Stutsman,Precinct 2903,State House Legislative,29,REP,Chet Pollert,56
Stutsman,Precinct 2903,State House Legislative,29,REP,Craig Headland,53
Stutsman,Precinct 2903,State Senate Legislative District 29,,DEM,Dustin E Lien,98
Stutsman,Precinct 2903,State Senate Legislative District 29,,REP,Terry M Wanzek,64
Stutsman,Precinct 2903,Tax Commissioner,,DEM,Brent Edison,92
Stutsman,Precinct 2903,Tax Commissioner,,REP,Cory Fong,58
Stutsman,Precinct 2903,U.S. House,1,DEM,Earl Pomeroy,104
Stutsman,Precinct 2903,U.S. House,1,REP,Matt Mechtel,57
Stutsman,Precinct 2903,U.S. Senate,,DEM,Kent Conrad,105
Stutsman,Precinct 2903,U.S. Senate,,REP,Dwight Grotberg,58
Stutsman,Precinct 2904,Agriculture Commissioner,,DEM,Roger Johnson,121
Stutsman,Precinct 2904,Agriculture Commissioner,,REP,Doug Goehring,49
Stutsman,Precinct 2904,Attorney General,,DEM,Bill Brudvik,111
Stutsman,Precinct 2904,Attorney General,,REP,Wayne Stenehjem,52
Stutsman,Precinct 2904,C 1: This constitutional measure would amend section 16 of Article XI of the North Dakota Constitution,,,No,41
Stutsman,Precinct 2904,C 1: This constitutional measure would amend section 16 of Article XI of the North Dakota Constitution,,,Yes,129
Stutsman,Precinct 2904,C 2: This constitutional measure would amend certain sections and repeal other sections of Article XII of the North Dakota Constitution,,,No,52
Stutsman,Precinct 2904,C 2: This constitutional measure would amend certain sections and repeal other sections of Article XII of the North Dakota Constitution,,,Yes,112
Stutsman,Precinct 2904,Justice of the Supreme Court,,NON,Dale Sandstrom,143
Stutsman,Precinct 2904,Public Service Commissioner,,DEM,Cheryl Bergian,110
Stutsman,Precinct 2904,Public Service Commissioner,,REP,Tony Clark,47
Stutsman,Precinct 2904,Secretary of State,,DEM,Kristin Hedger,110
Stutsman,Precinct 2904,Secretary of State,,REP,Alvin A (Al) Jaeger,50
Stutsman,Precinct 2904,State House Legislative,29,DEM,Clarence R Daniel,101
Stutsman,Precinct 2904,State House Legislative,29,DEM,Ellen Linderman,107
Stutsman,Precinct 2904,State House Legislative,29,REP,Chet Pollert,43
Stutsman,Precinct 2904,State House Legislative,29,REP,Craig Headland,50
Stutsman,Precinct 2904,State Senate Legislative District 29,,DEM,Dustin E Lien,123
Stutsman,Precinct 2904,State Senate Legislative District 29,,REP,Terry M Wanzek,52
Stutsman,Precinct 2904,Tax Commissioner,,DEM,Brent Edison,111
Stutsman,Precinct 2904,Tax Commissioner,,REP,Cory Fong,47
Stutsman,Precinct 2904,U.S. House,1,DEM,Earl Pomeroy,123
Stutsman,Precinct 2904,U.S. House,1,REP,Matt Mechtel,44
Stutsman,Precinct 2904,U.S. Senate,,DEM,Kent Conrad,126
Stutsman,Precinct 2904,U.S. Senate,,REP,Dwight Grotberg,48
Stutsman,Precinct 2905,Agriculture Commissioner,,DEM,Roger Johnson,93
Stutsman,Precinct 2905,Agriculture Commissioner,,REP,Doug Goehring,81
Stutsman,Precinct 2905,Attorney General,,DEM,Bill Brudvik,77
Stutsman,Precinct 2905,Attorney General,,REP,Wayne Stenehjem,78
Stutsman,Precinct 2905,C 1: This constitutional measure would amend section 16 of Article XI of the North Dakota Constitution,,,No,52
Stutsman,Precinct 2905,C 1: This constitutional measure would amend section 16 of Article XI of the North Dakota Constitution,,,Yes,110
Stutsman,Precinct 2905,C 2: This constitutional measure would amend certain sections and repeal other sections of Article XII of the North Dakota Constitution,,,No,78
Stutsman,Precinct 2905,C 2: This constitutional measure would amend certain sections and repeal other sections of Article XII of the North Dakota Constitution,,,Yes,81
Stutsman,Precinct 2905,Justice of the Supreme Court,,NON,Dale Sandstrom,144
Stutsman,Precinct 2905,Public Service Commissioner,,DEM,Cheryl Bergian,83
Stutsman,Precinct 2905,Public Service Commissioner,,REP,Tony Clark,78
Stutsman,Precinct 2905,Secretary of State,,DEM,Kristin Hedger,82
Stutsman,Precinct 2905,Secretary of State,,REP,Alvin A (Al) Jaeger,78
Stutsman,Precinct 2905,State House Legislative,29,DEM,Clarence R Daniel,66
Stutsman,Precinct 2905,State House Legislative,29,DEM,Ellen Linderman,79
Stutsman,Precinct 2905,State House Legislative,29,REP,Chet Pollert,71
Stutsman,Precinct 2905,State House Legislative,29,REP,Craig Headland,73
Stutsman,Precinct 2905,State Senate Legislative District 29,,DEM,Dustin E Lien,83
Stutsman,Precinct 2905,State Senate Legislative District 29,,REP,Terry M Wanzek,81
Stutsman,Precinct 2905,Tax Commissioner,,DEM,Brent Edison,85
Stutsman,Precinct 2905,Tax Commissioner,,REP,Cory Fong,78
Stutsman,Precinct 2905,U.S. House,1,DEM,Earl Pomeroy,92
Stutsman,Precinct 2905,U.S. House,1,REP,Matt Mechtel,77
Stutsman,Precinct 2905,U.S. Senate,,DEM,Kent Conrad,95
Stutsman,Precinct 2905,U.S. Senate,,REP,Dwight Grotberg,79
Stutsman,Precinct 2906,Agriculture Commissioner,,DEM,Roger Johnson,76
Stutsman,Precinct 2906,Agriculture Commissioner,,REP,Doug Goehring,49
Stutsman,Precinct 2906,Attorney General,,DEM,Bill Brudvik,73
Stutsman,Precinct 2906,Attorney General,,REP,Wayne Stenehjem,49
Stutsman,Precinct 2906,C 1: This constitutional measure would amend section 16 of Article XI of the North Dakota Constitution,,,No,42
Stutsman,Precinct 2906,C 1: This constitutional measure would amend section 16 of Article XI of the North Dakota Constitution,,,Yes,93
Stutsman,Precinct 2906,C 2: This constitutional measure would amend certain sections and repeal other sections of Article XII of the North Dakota Constitution,,,No,36
Stutsman,Precinct 2906,C 2: This constitutional measure would amend certain sections and repeal other sections of Article XII of the North Dakota Constitution,,,Yes,96
Stutsman,Precinct 2906,Justice of the Supreme Court,,NON,Dale Sandstrom,118
Stutsman,Precinct 2906,Public Service Commissioner,,DEM,Cheryl Bergian,73
Stutsman,Precinct 2906,Public Service Commissioner,,REP,Tony Clark,48
Stutsman,Precinct 2906,Secretary of State,,DEM,Kristin Hedger,72
Stutsman,Precinct 2906,Secretary of State,,REP,Alvin A (Al) Jaeger,48
Stutsman,Precinct 2906,State House Legislative,29,DEM,Clarence R Daniel,63
Stutsman,Precinct 2906,State House Legislative,29,DEM,Ellen Linderman,68
Stutsman,Precinct 2906,State House Legislative,29,REP,Chet Pollert,46
Stutsman,Precinct 2906,State House Legislative,29,REP,Craig Headland,51
Stutsman,Precinct 2906,State Senate Legislative District 29,,DEM,Dustin E Lien,75
Stutsman,Precinct 2906,State Senate Legislative District 29,,REP,Terry M Wanzek,51
Stutsman,Precinct 2906,Tax Commissioner,,DEM,Brent Edison,73
Stutsman,Precinct 2906,Tax Commissioner,,REP,Cory Fong,48
Stutsman,Precinct 2906,U.S. House,1,DEM,Earl Pomeroy,81
Stutsman,Precinct 2906,U.S. House,1,REP,Matt Mechtel,50
Stutsman,Precinct 2906,U.S. Senate,,DEM,Kent Conrad,82
Stutsman,Precinct 2906,U.S. Senate,,REP,Dwight Grotberg,49
Stutsman,Precinct 2994,Agriculture Commissioner,,DEM,Roger Johnson,237
Stutsman,Precinct 2994,Agriculture Commissioner,,REP,Doug Goehring,165
Stutsman,Precinct 2994,Attorney General,,DEM,Bill Brudvik,217
Stutsman,Precinct 2994,Attorney General,,REP,Wayne Stenehjem,172
Stutsman,Precinct 2994,C 1: This constitutional measure would amend section 16 of Article XI of the North Dakota Constitution,,,No,139
Stutsman,Precinct 2994,C 1: This constitutional measure would amend section 16 of Article XI of the North Dakota Constitution,,,Yes,305
Stutsman,Precinct 2994,C 2: This constitutional measure would amend certain sections and repeal other sections of Article XII of the North Dakota Constitution,,,No,160
Stutsman,Precinct 2994,C 2: This constitutional measure would amend certain sections and repeal other sections of Article XII of the North Dakota Constitution,,,Yes,281
Stutsman,Precinct 2994,Justice of the Supreme Court,,NON,Dale Sandstrom,412
Stutsman,Precinct 2994,Public Service Commissioner,,DEM,Cheryl Bergian,221
Stutsman,Precinct 2994,Public Service Commissioner,,REP,Tony Clark,165
Stutsman,Precinct 2994,Secretary of State,,DEM,Kristin Hedger,222
Stutsman,Precinct 2994,Secretary of State,,REP,Alvin A (Al) Jaeger,171
Stutsman,Precinct 2994,State House Legislative,29,DEM,Clarence R Daniel,201
Stutsman,Precinct 2994,State House Legislative,29,DEM,Ellen Linderman,194
Stutsman,Precinct 2994,State House Legislative,29,REP,Chet Pollert,147
Stutsman,Precinct 2994,State House Legislative,29,REP,Craig Headland,157
Stutsman,Precinct 2994,State Senate Legislative District 29,,DEM,Dustin E Lien,234
Stutsman,Precinct 2994,State Senate Legislative District 29,,REP,Terry M Wanzek,173
Stutsman,Precinct 2994,Tax Commissioner,,DEM,Brent Edison,223
Stutsman,Precinct 2994,Tax Commissioner,,REP,Cory Fong,164
Stutsman,Precinct 2994,U.S. House,1,DEM,Earl Pomeroy,250
Stutsman,Precinct 2994,U.S. House,1,REP,Matt Mechtel,169
Stutsman,Precinct 2994,U.S. Senate,,DEM,Kent Conrad,255
Stutsman,Precinct 2994,U.S. Senate,,REP,Dwight Grotberg,172
Towner,Precinct 1002,Agriculture Commissioner,,DEM,Roger Johnson,95
Towner,Precinct 1002,Agriculture Commissioner,,REP,Doug Goehring,27
Towner,Precinct 1002,Attorney General,,DEM,Bill Brudvik,88
Towner,Precinct 1002,Attorney General,,REP,Wayne Stenehjem,31
Towner,Precinct 1002,C 1: This constitutional measure would amend section 16 of Article XI of the North Dakota Constitution,,,No,37
Towner,Precinct 1002,C 1: This constitutional measure would amend section 16 of Article XI of the North Dakota Constitution,,,Yes,94
Towner,Precinct 1002,C 2: This constitutional measure would amend certain sections and repeal other sections of Article XII of the North Dakota Constitution,,,No,38
Towner,Precinct 1002,C 2: This constitutional measure would amend certain sections and repeal other sections of Article XII of the North Dakota Constitution,,,Yes,89
Towner,Precinct 1002,Justice of the Supreme Court,,NON,Dale Sandstrom,115
Towner,Precinct 1002,Public Service Commissioner,,DEM,Cheryl Bergian,88
Towner,Precinct 1002,Public Service Commissioner,,REP,Tony Clark,27
Towner,Precinct 1002,Secretary of State,,DEM,Kristin Hedger,88
Towner,Precinct 1002,Secretary of State,,REP,Alvin A (Al) Jaeger,27
Towner,Precinct 1002,Tax Commissioner,,DEM,Brent Edison,91
Towner,Precinct 1002,Tax Commissioner,,REP,Cory Fong,26
Towner,Precinct 1002,U.S. House,1,DEM,Earl Pomeroy,102
Towner,Precinct 1002,U.S. House,1,REP,Matt Mechtel,27
Towner,Precinct 1002,U.S. Senate,,DEM,Kent Conrad,104
Towner,Precinct 1002,U.S. Senate,,REP,Dwight Grotberg,28
Towner,Precinct 1003,Agriculture Commissioner,,DEM,Roger Johnson,69
Towner,Precinct 1003,Agriculture Commissioner,,REP,Doug Goehring,8
Towner,Precinct 1003,Attorney General,,DEM,Bill Brudvik,62
Towner,Precinct 1003,Attorney General,,REP,Wayne Stenehjem,8
Towner,Precinct 1003,C 1: This constitutional measure would amend section 16 of Article XI of the North Dakota Constitution,,,No,22
Towner,Precinct 1003,C 1: This constitutional measure would amend section 16 of Article XI of the North Dakota Constitution,,,Yes,53
Towner,Precinct 1003,C 2: This constitutional measure would amend certain sections and repeal other sections of Article XII of the North Dakota Constitution,,,No,20
Towner,Precinct 1003,C 2: This constitutional measure would amend certain sections and repeal other sections of Article XII of the North Dakota Constitution,,,Yes,52
Towner,Precinct 1003,Justice of the Supreme Court,,NON,Dale Sandstrom,66
Towner,Precinct 1003,Public Service Commissioner,,DEM,Cheryl Bergian,61
Towner,Precinct 1003,Public Service Commissioner,,REP,Tony Clark,8
Towner,Precinct 1003,Secretary of State,,DEM,Kristin Hedger,62
Towner,Precinct 1003,Secretary of State,,REP,Alvin A (Al) Jaeger,8
Towner,Precinct 1003,Tax Commissioner,,DEM,Brent Edison,62
Towner,Precinct 1003,Tax Commissioner,,REP,Cory Fong,8
Towner,Precinct 1003,U.S. House,1,DEM,Earl Pomeroy,75
Towner,Precinct 1003,U.S. House,1,REP,Matt Mechtel,8
Towner,Precinct 1003,U.S. Senate,,DEM,Kent Conrad,76
Towner,Precinct 1003,U.S. Senate,,REP,Dwight Grotberg,8
Towner,Precinct 1501,Agriculture Commissioner,,DEM,Roger Johnson,267
Towner,Precinct 1501,Agriculture Commissioner,,REP,Doug Goehring,171
Towner,Precinct 1501,Attorney General,,DEM,Bill Brudvik,244
Towner,Precinct 1501,Attorney General,,REP,Wayne Stenehjem,175
Towner,Precinct 1501,C 1: This constitutional measure would amend section 16 of Article XI of the North Dakota Constitution,,,No,110
Towner,Precinct 1501,C 1: This constitutional measure would amend section 16 of Article XI of the North Dakota Constitution,,,Yes,366
Towner,Precinct 1501,C 2: This constitutional measure would amend certain sections and repeal other sections of Article XII of the North Dakota Constitution,,,No,129
Towner,Precinct 1501,C 2: This constitutional measure would amend certain sections and repeal other sections of Article XII of the North Dakota Constitution,,,Yes,341
Towner,Precinct 1501,Justice of the Supreme Court,,NON,Dale Sandstrom,448
Towner,Precinct 1501,Public Service Commissioner,,DEM,Cheryl Bergian,250
Towner,Precinct 1501,Public Service Commissioner,,REP,Tony Clark,168
Towner,Precinct 1501,Secretary of State,,DEM,Kristin Hedger,250
Towner,Precinct 1501,Secretary of State,,REP,Alvin A (Al) Jaeger,171
Towner,Precinct 1501,State House Legislative,15,DEM,Beverly A Honkola,219
Towner,Precinct 1501,State House Legislative,15,DEM,Russell Pearson,229
Towner,Precinct 1501,State House Legislative,15,REP,Curt Hofstad,154
Towner,Precinct 1501,State House Legislative,15,REP,Dennis E Johnson,167
Towner,Precinct 1501,State Senate Legislative District 15,,DEM,Joseph L Lawson,260
Towner,Precinct 1501,State Senate Legislative District 15,,REP,Dave Oehlke,172
Towner,Precinct 1501,Tax Commissioner,,DEM,Brent Edison,254
Towner,Precinct 1501,Tax Commissioner,,REP,Cory Fong,168
Towner,Precinct 1501,U.S. House,1,DEM,Earl Pomeroy,293
Towner,Precinct 1501,U.S. House,1,REP,Matt Mechtel,163
Towner,Precinct 1501,U.S. Senate,,DEM,Kent Conrad,294
Towner,Precinct 1501,U.S. Senate,,REP,Dwight Grotberg,164
Traill,Precinct 2001,Agriculture Commissioner,,DEM,Roger Johnson,37
Traill,Precinct 2001,Agriculture Commissioner,,REP,Doug Goehring,9
Traill,Precinct 2001,Attorney General,,DEM,Bill Brudvik,37
Traill,Precinct 2001,Attorney General,,REP,Wayne Stenehjem,9
Traill,Precinct 2001,C 1: This constitutional measure would amend section 16 of Article XI of the North Dakota Constitution,,,No,9
Traill,Precinct 2001,C 1: This constitutional measure would amend section 16 of Article XI of the North Dakota Constitution,,,Yes,40
Traill,Precinct 2001,C 2: This constitutional measure would amend certain sections and repeal other sections of Article XII of the North Dakota Constitution,,,No,12
Traill,Precinct 2001,C 2: This constitutional measure would amend certain sections and repeal other sections of Article XII of the North Dakota Constitution,,,Yes,37
Traill,Precinct 2001,Justice of the Supreme Court,,NON,Dale Sandstrom,43
Traill,Precinct 2001,Public Service Commissioner,,DEM,Cheryl Bergian,36
Traill,Precinct 2001,Public Service Commissioner,,REP,Tony Clark,9
Traill,Precinct 2001,Secretary of State,,DEM,Kristin Hedger,36
Traill,Precinct 2001,Secretary of State,,REP,Alvin A (Al) Jaeger,9
Traill,Precinct 2001,Tax Commissioner,,DEM,Brent Edison,36
Traill,Precinct 2001,Tax Commissioner,,REP,Cory Fong,9
Traill,Precinct 2001,U.S. House,1,DEM,Earl Pomeroy,39
Traill,Precinct 2001,U.S. House,1,REP,Matt Mechtel,7
Traill,Precinct 2001,U.S. Senate,,DEM,Kent Conrad,38
Traill,Precinct 2001,U.S. Senate,,REP,Dwight Grotberg,7
Traill,Precinct 2002,Agriculture Commissioner,,DEM,Roger Johnson,34
Traill,Precinct 2002,Agriculture Commissioner,,REP,Doug Goehring,18
Traill,Precinct 2002,Attorney General,,DEM,Bill Brudvik,34
Traill,Precinct 2002,Attorney General,,REP,Wayne Stenehjem,18
Traill,Precinct 2002,C 1: This constitutional measure would amend section 16 of Article XI of the North Dakota Constitution,,,No,8
Traill,Precinct 2002,C 1: This constitutional measure would amend section 16 of Article XI of the North Dakota Constitution,,,Yes,40
Traill,Precinct 2002,C 2: This constitutional measure would amend certain sections and repeal other sections of Article XII of the North Dakota Constitution,,,No,10
Traill,Precinct 2002,C 2: This constitutional measure would amend certain sections and repeal other sections of Article XII of the North Dakota Constitution,,,Yes,35
Traill,Precinct 2002,Justice of the Supreme Court,,NON,Dale Sandstrom,51
Traill,Precinct 2002,Public Service Commissioner,,DEM,Cheryl Bergian,31
Traill,Precinct 2002,Public Service Commissioner,,REP,Tony Clark,18
Traill,Precinct 2002,Secretary of State,,DEM,Kristin Hedger,30
Traill,Precinct 2002,Secretary of State,,REP,Alvin A (Al) Jaeger,19
Traill,Precinct 2002,Tax Commissioner,,DEM,Brent Edison,32
Traill,Precinct 2002,Tax Commissioner,,REP,Cory Fong,18
Traill,Precinct 2002,U.S. House,1,DEM,Earl Pomeroy,35
Traill,Precinct 2002,U.S. House,1,REP,Matt Mechtel,18
Traill,Precinct 2002,U.S. Senate,,DEM,Kent Conrad,36
Traill,Precinct 2002,U.S. Senate,,REP,Dwight Grotberg,18
Traill,Precinct 2003,Agriculture Commissioner,,DEM,Roger Johnson,13
Traill,Precinct 2003,Agriculture Commissioner,,REP,Doug Goehring,9
Traill,Precinct 2003,Attorney General,,DEM,Bill Brudvik,13
Traill,Precinct 2003,Attorney General,,REP,Wayne Stenehjem,9
Traill,Precinct 2003,C 1: This constitutional measure would amend section 16 of Article XI of the North Dakota Constitution,,,No,12
Traill,Precinct 2003,C 1: This constitutional measure would amend section 16 of Article XI of the North Dakota Constitution,,,Yes,11
Traill,Precinct 2003,C 2: This constitutional measure would amend certain sections and repeal other sections of Article XII of the North Dakota Constitution,,,No,9
Traill,Precinct 2003,C 2: This constitutional measure would amend certain sections and repeal other sections of Article XII of the North Dakota Constitution,,,Yes,11
Traill,Precinct 2003,Justice of the Supreme Court,,NON,Dale Sandstrom,19
Traill,Precinct 2003,Public Service Commissioner,,DEM,Cheryl Bergian,13
Traill,Precinct 2003,Public Service Commissioner,,REP,Tony Clark,9
Traill,Precinct 2003,Secretary of State,,DEM,Kristin Hedger,12
Traill,Precinct 2003,Secretary of State,,REP,Alvin A (Al) Jaeger,9
Traill,Precinct 2003,Tax Commissioner,,DEM,Brent Edison,13
Traill,Precinct 2003,Tax Commissioner,,REP,Cory Fong,9
Traill,Precinct 2003,U.S. House,1,DEM,Earl Pomeroy,14
Traill,Precinct 2003,U.S. House,1,REP,Matt Mechtel,9
Traill,Precinct 2003,U.S. Senate,,DEM,Kent Conrad,14
Traill,Precinct 2003,U.S. Senate,,REP,Dwight Grotberg,9
Traill,Precinct 2004,Agriculture Commissioner,,DEM,Roger Johnson,16
Traill,Precinct 2004,Agriculture Commissioner,,REP,Doug Goehring,14
Traill,Precinct 2004,Attorney General,,DEM,Bill Brudvik,15
Traill,Precinct 2004,Attorney General,,REP,Wayne Stenehjem,15
Traill,Precinct 2004,C 1: This constitutional measure would amend section 16 of Article XI of the North Dakota Constitution,,,No,10
Traill,Precinct 2004,C 1: This constitutional measure would amend section 16 of Article XI of the North Dakota Constitution,,,Yes,21
Traill,Precinct 2004,C 2: This constitutional measure would amend certain sections and repeal other sections of Article XII of the North Dakota Constitution,,,No,5
Traill,Precinct 2004,C 2: This constitutional measure would amend certain sections and repeal other sections of Article XII of the North Dakota Constitution,,,Yes,26
Traill,Precinct 2004,Justice of the Supreme Court,,NON,Dale Sandstrom,28
Traill,Precinct 2004,Public Service Commissioner,,DEM,Cheryl Bergian,15
Traill,Precinct 2004,Public Service Commissioner,,REP,Tony Clark,14
Traill,Precinct 2004,Secretary of State,,DEM,Kristin Hedger,16
Traill,Precinct 2004,Secretary of State,,REP,Alvin A (Al) Jaeger,15
Traill,Precinct 2004,Tax Commissioner,,DEM,Brent Edison,15
Traill,Precinct 2004,Tax Commissioner,,REP,Cory Fong,15
Traill,Precinct 2004,U.S. House,1,DEM,Earl Pomeroy,16
Traill,Precinct 2004,U.S. House,1,REP,Matt Mechtel,15
Traill,Precinct 2004,U.S. Senate,,DEM,Kent Conrad,16
Traill,Precinct 2004,U.S. Senate,,REP,Dwight Grotberg,14
Traill,Precinct 2005,Agriculture Commissioner,,DEM,Roger Johnson,37
Traill,Precinct 2005,Agriculture Commissioner,,REP,Doug Goehring,21
Traill,Precinct 2005,Attorney General,,DEM,Bill Brudvik,36
Traill,Precinct 2005,Attorney General,,REP,Wayne Stenehjem,20
Traill,Precinct 2005,C 1: This constitutional measure would amend section 16 of Article XI of the North Dakota Constitution,,,No,13
Traill,Precinct 2005,C 1: This constitutional measure would amend section 16 of Article XI of the North Dakota Constitution,,,Yes,43
Traill,Precinct 2005,C 2: This constitutional measure would amend certain sections and repeal other sections of Article XII of the North Dakota Constitution,,,No,12
Traill,Precinct 2005,C 2: This constitutional measure would amend certain sections and repeal other sections of Article XII of the North Dakota Constitution,,,Yes,42
Traill,Precinct 2005,Justice of the Supreme Court,,NON,Dale Sandstrom,54
Traill,Precinct 2005,Public Service Commissioner,,DEM,Cheryl Bergian,37
Traill,Precinct 2005,Public Service Commissioner,,REP,Tony Clark,20
Traill,Precinct 2005,Secretary of State,,DEM,Kristin Hedger,37
Traill,Precinct 2005,Secretary of State,,REP,Alvin A (Al) Jaeger,19
Traill,Precinct 2005,Tax Commissioner,,DEM,Brent Edison,37
Traill,Precinct 2005,Tax Commissioner,,REP,Cory Fong,21
Traill,Precinct 2005,U.S. House,1,DEM,Earl Pomeroy,36
Traill,Precinct 2005,U.S. House,1,REP,Matt Mechtel,19
Traill,Precinct 2005,U.S. Senate,,DEM,Kent Conrad,37
Traill,Precinct 2005,U.S. Senate,,REP,Dwight Grotberg,20
Traill,Precinct 2006,Agriculture Commissioner,,DEM,Roger Johnson,16
Traill,Precinct 2006,Agriculture Commissioner,,REP,Doug Goehring,5
Traill,Precinct 2006,Attorney General,,DEM,Bill Brudvik,11
Traill,Precinct 2006,Attorney General,,REP,Wayne Stenehjem,6
Traill,Precinct 2006,C 1: This constitutional measure would amend section 16 of Article XI of the North Dakota Constitution,,,No,4
Traill,Precinct 2006,C 1: This constitutional measure would amend section 16 of Article XI of the North Dakota Constitution,,,Yes,15
Traill,Precinct 2006,C 2: This constitutional measure would amend certain sections and repeal other sections of Article XII of the North Dakota Constitution,,,No,3
Traill,Precinct 2006,C 2: This constitutional measure would amend certain sections and repeal other sections of Article XII of the North Dakota Constitution,,,Yes,15
Traill,Precinct 2006,Justice of the Supreme Court,,NON,Dale Sandstrom,19
Traill,Precinct 2006,Public Service Commissioner,,DEM,Cheryl Bergian,15
Traill,Precinct 2006,Public Service Commissioner,,REP,Tony Clark,5
Traill,Precinct 2006,Secretary of State,,DEM,Kristin Hedger,14
Traill,Precinct 2006,Secretary of State,,REP,Alvin A (Al) Jaeger,6
Traill,Precinct 2006,Tax Commissioner,,DEM,Brent Edison,15
Traill,Precinct 2006,Tax Commissioner,,REP,Cory Fong,5
Traill,Precinct 2006,U.S. House,1,DEM,Earl Pomeroy,16
Traill,Precinct 2006,U.S. House,1,REP,Matt Mechtel,5
Traill,Precinct 2006,U.S. Senate,,DEM,Kent Conrad,16
Traill,Precinct 2006,U.S. Senate,,REP,Dwight Grotberg,5
Traill,Precinct 2007,Agriculture Commissioner,,DEM,Roger Johnson,94
Traill,Precinct 2007,Agriculture Commissioner,,REP,Doug Goehring,38
Traill,Precinct 2007,Attorney General,,DEM,Bill Brudvik,90
Traill,Precinct 2007,Attorney General,,REP,Wayne Stenehjem,41
Traill,Precinct 2007,C 1: This constitutional measure would amend section 16 of Article XI of the North Dakota Constitution,,,No,35
Traill,Precinct 2007,C 1: This constitutional measure would amend section 16 of Article XI of the North Dakota Constitution,,,Yes,93
Traill,Precinct 2007,C 2: This constitutional measure would amend certain sections and repeal other sections of Article XII of the North Dakota Constitution,,,No,27
Traill,Precinct 2007,C 2: This constitutional measure would amend certain sections and repeal other sections of Article XII of the North Dakota Constitution,,,Yes,101
Traill,Precinct 2007,Justice of the Supreme Court,,NON,Dale Sandstrom,114
Traill,Precinct 2007,Public Service Commissioner,,DEM,Cheryl Bergian,84
Traill,Precinct 2007,Public Service Commissioner,,REP,Tony Clark,38
Traill,Precinct 2007,Secretary of State,,DEM,Kristin Hedger,87
Traill,Precinct 2007,Secretary of State,,REP,Alvin A (Al) Jaeger,40
Traill,Precinct 2007,Tax Commissioner,,DEM,Brent Edison,86
Traill,Precinct 2007,Tax Commissioner,,REP,Cory Fong,38
Traill,Precinct 2007,U.S. House,1,DEM,Earl Pomeroy,95
Traill,Precinct 2007,U.S. House,1,REP,Matt Mechtel,38
Traill,Precinct 2007,U.S. Senate,,DEM,Kent Conrad,97
Traill,Precinct 2007,U.S. Senate,,REP,Dwight Grotberg,39
Traill,Precinct 2008,Agriculture Commissioner,,DEM,Roger Johnson,34
Traill,Precinct 2008,Agriculture Commissioner,,REP,Doug Goehring,11
Traill,Precinct 2008,Attorney General,,DEM,Bill Brudvik,29
Traill,Precinct 2008,Attorney General,,REP,Wayne Stenehjem,11
Traill,Precinct 2008,C 1: This constitutional measure would amend section 16 of Article XI of the North Dakota Constitution,,,No,14
Traill,Precinct 2008,C 1: This constitutional measure would amend section 16 of Article XI of the North Dakota Constitution,,,Yes,27
Traill,Precinct 2008,C 2: This constitutional measure would amend certain sections and repeal other sections of Article XII of the North Dakota Constitution,,,No,12
Traill,Precinct 2008,C 2: This constitutional measure would amend certain sections and repeal other sections of Article XII of the North Dakota Constitution,,,Yes,29
Traill,Precinct 2008,Justice of the Supreme Court,,NON,Dale Sandstrom,41
Traill,Precinct 2008,Public Service Commissioner,,DEM,Cheryl Bergian,30
Traill,Precinct 2008,Public Service Commissioner,,REP,Tony Clark,11
Traill,Precinct 2008,Secretary of State,,DEM,Kristin Hedger,30
Traill,Precinct 2008,Secretary of State,,REP,Alvin A (Al) Jaeger,11
Traill,Precinct 2008,Tax Commissioner,,DEM,Brent Edison,31
Traill,Precinct 2008,Tax Commissioner,,REP,Cory Fong,11
Traill,Precinct 2008,U.S. House,1,DEM,Earl Pomeroy,35
Traill,Precinct 2008,U.S. House,1,REP,Matt Mechtel,11
Traill,Precinct 2008,U.S. Senate,,DEM,Kent Conrad,35
Traill,Precinct 2008,U.S. Senate,,REP,Dwight Grotberg,11
Traill,Precinct 2009,Agriculture Commissioner,,DEM,Roger Johnson,57
Traill,Precinct 2009,Agriculture Commissioner,,REP,Doug Goehring,29
Traill,Precinct 2009,Attorney General,,DEM,Bill Brudvik,55
Traill,Precinct 2009,Attorney General,,REP,Wayne Stenehjem,31
Traill,Precinct 2009,C 1: This constitutional measure would amend section 16 of Article XI of the North Dakota Constitution,,,No,28
Traill,Precinct 2009,C 1: This constitutional measure would amend section 16 of Article XI of the North Dakota Constitution,,,Yes,57
Traill,Precinct 2009,C 2: This constitutional measure would amend certain sections and repeal other sections of Article XII of the North Dakota Constitution,,,No,21
Traill,Precinct 2009,C 2: This constitutional measure would amend certain sections and repeal other sections of Article XII of the North Dakota Constitution,,,Yes,61
Traill,Precinct 2009,Justice of the Supreme Court,,NON,Dale Sandstrom,89
Traill,Precinct 2009,Public Service Commissioner,,DEM,Cheryl Bergian,56
Traill,Precinct 2009,Public Service Commissioner,,REP,Tony Clark,31
Traill,Precinct 2009,Secretary of State,,DEM,Kristin Hedger,51
Traill,Precinct 2009,Secretary of State,,REP,Alvin A (Al) Jaeger,30
Traill,Precinct 2009,Tax Commissioner,,DEM,Brent Edison,55
Traill,Precinct 2009,Tax Commissioner,,REP,Cory Fong,30
Traill,Precinct 2009,U.S. House,1,DEM,Earl Pomeroy,59
Traill,Precinct 2009,U.S. House,1,REP,Matt Mechtel,32
Traill,Precinct 2009,U.S. Senate,,DEM,Kent Conrad,59
Traill,Precinct 2009,U.S. Senate,,REP,Dwight Grotberg,30
Traill,Precinct 2010,Agriculture Commissioner,,DEM,Roger Johnson,92
Traill,Precinct 2010,Agriculture Commissioner,,REP,Doug Goehring,67
Traill,Precinct 2010,Attorney General,,DEM,Bill Brudvik,86
Traill,Precinct 2010,Attorney General,,REP,Wayne Stenehjem,68
Traill,Precinct 2010,C 1: This constitutional measure would amend section 16 of Article XI of the North Dakota Constitution,,,No,36
Traill,Precinct 2010,C 1: This constitutional measure would amend section 16 of Article XI of the North Dakota Constitution,,,Yes,115
Traill,Precinct 2010,C 2: This constitutional measure would amend certain sections and repeal other sections of Article XII of the North Dakota Constitution,,,No,30
Traill,Precinct 2010,C 2: This constitutional measure would amend certain sections and repeal other sections of Article XII of the North Dakota Constitution,,,Yes,124
Traill,Precinct 2010,Justice of the Supreme Court,,NON,Dale Sandstrom,148
Traill,Precinct 2010,Public Service Commissioner,,DEM,Cheryl Bergian,87
Traill,Precinct 2010,Public Service Commissioner,,REP,Tony Clark,67
Traill,Precinct 2010,Secretary of State,,DEM,Kristin Hedger,87
Traill,Precinct 2010,Secretary of State,,REP,Alvin A (Al) Jaeger,67
Traill,Precinct 2010,Tax Commissioner,,DEM,Brent Edison,86
Traill,Precinct 2010,Tax Commissioner,,REP,Cory Fong,67
Traill,Precinct 2010,U.S. House,1,DEM,Earl Pomeroy,92
Traill,Precinct 2010,U.S. House,1,REP,Matt Mechtel,66
Traill,Precinct 2010,U.S. Senate,,DEM,Kent Conrad,95
Traill,Precinct 2010,U.S. Senate,,REP,Dwight Grotberg,66
Traill,Precinct 2011,Agriculture Commissioner,,DEM,Roger Johnson,73
Traill,Precinct 2011,Agriculture Commissioner,,REP,Doug Goehring,28
Traill,Precinct 2011,Attorney General,,DEM,Bill Brudvik,71
Traill,Precinct 2011,Attorney General,,REP,Wayne Stenehjem,30
Traill,Precinct 2011,C 1: This constitutional measure would amend section 16 of Article XI of the North Dakota Constitution,,,No,25
Traill,Precinct 2011,C 1: This constitutional measure would amend section 16 of Article XI of the North Dakota Constitution,,,Yes,79
Traill,Precinct 2011,C 2: This constitutional measure would amend certain sections and repeal other sections of Article XII of the North Dakota Constitution,,,No,33
Traill,Precinct 2011,C 2: This constitutional measure would amend certain sections and repeal other sections of Article XII of the North Dakota Constitution,,,Yes,66
Traill,Precinct 2011,Justice of the Supreme Court,,NON,Dale Sandstrom,100
Traill,Precinct 2011,Public Service Commissioner,,DEM,Cheryl Bergian,73
Traill,Precinct 2011,Public Service Commissioner,,REP,Tony Clark,29
Traill,Precinct 2011,Secretary of State,,DEM,Kristin Hedger,74
Traill,Precinct 2011,Secretary of State,,REP,Alvin A (Al) Jaeger,29
Traill,Precinct 2011,Tax Commissioner,,DEM,Brent Edison,73
Traill,Precinct 2011,Tax Commissioner,,REP,Cory Fong,29
Traill,Precinct 2011,U.S. House,1,DEM,Earl Pomeroy,78
Traill,Precinct 2011,U.S. House,1,REP,Matt Mechtel,28
Traill,Precinct 2011,U.S. Senate,,DEM,Kent Conrad,78
Traill,Precinct 2011,U.S. Senate,,REP,Dwight Grotberg,28
Traill,Precinct 2012,Agriculture Commissioner,,DEM,Roger Johnson,157
Traill,Precinct 2012,Agriculture Commissioner,,REP,Doug Goehring,82
Traill,Precinct 2012,Attorney General,,DEM,Bill Brudvik,153
Traill,Precinct 2012,Attorney General,,REP,Wayne Stenehjem,86
Traill,Precinct 2012,C 1: This constitutional measure would amend section 16 of Article XI of the North Dakota Constitution,,,No,72
Traill,Precinct 2012,C 1: This constitutional measure would amend section 16 of Article XI of the North Dakota Constitution,,,Yes,163
Traill,Precinct 2012,C 2: This constitutional measure would amend certain sections and repeal other sections of Article XII of the North Dakota Constitution,,,No,52
Traill,Precinct 2012,C 2: This constitutional measure would amend certain sections and repeal other sections of Article XII of the North Dakota Constitution,,,Yes,173
Traill,Precinct 2012,Justice of the Supreme Court,,NON,Dale Sandstrom,227
Traill,Precinct 2012,Public Service Commissioner,,DEM,Cheryl Bergian,153
Traill,Precinct 2012,Public Service Commissioner,,REP,Tony Clark,79
Traill,Precinct 2012,Secretary of State,,DEM,Kristin Hedger,152
Traill,Precinct 2012,Secretary of State,,REP,Alvin A (Al) Jaeger,84
Traill,Precinct 2012,Tax Commissioner,,DEM,Brent Edison,152
Traill,Precinct 2012,Tax Commissioner,,REP,Cory Fong,79
Traill,Precinct 2012,U.S. House,1,DEM,Earl Pomeroy,159
Traill,Precinct 2012,U.S. House,1,REP,Matt Mechtel,81
Traill,Precinct 2012,U.S. Senate,,DEM,Kent Conrad,162
Traill,Precinct 2012,U.S. Senate,,REP,Dwight Grotberg,81
Traill,Precinct 2013,Agriculture Commissioner,,DEM,Roger Johnson,71
Traill,Precinct 2013,Agriculture Commissioner,,REP,Doug Goehring,37
Traill,Precinct 2013,Attorney General,,DEM,Bill Brudvik,66
Traill,Precinct 2013,Attorney General,,REP,Wayne Stenehjem,41
Traill,Precinct 2013,C 1: This constitutional measure would amend section 16 of Article XI of the North Dakota Constitution,,,No,16
Traill,Precinct 2013,C 1: This constitutional measure would amend section 16 of Article XI of the North Dakota Constitution,,,Yes,85
Traill,Precinct 2013,C 2: This constitutional measure would amend certain sections and repeal other sections of Article XII of the North Dakota Constitution,,,No,19
Traill,Precinct 2013,C 2: This constitutional measure would amend certain sections and repeal other sections of Article XII of the North Dakota Constitution,,,Yes,77
Traill,Precinct 2013,Justice of the Supreme Court,,NON,Dale Sandstrom,100
Traill,Precinct 2013,Public Service Commissioner,,DEM,Cheryl Bergian,68
Traill,Precinct 2013,Public Service Commissioner,,REP,Tony Clark,37
Traill,Precinct 2013,Secretary of State,,DEM,Kristin Hedger,66
Traill,Precinct 2013,Secretary of State,,REP,Alvin A (Al) Jaeger,38
Traill,Precinct 2013,Tax Commissioner,,DEM,Brent Edison,67
Traill,Precinct 2013,Tax Commissioner,,REP,Cory Fong,38
Traill,Precinct 2013,U.S. House,1,DEM,Earl Pomeroy,71
Traill,Precinct 2013,U.S. House,1,REP,Matt Mechtel,38
Traill,Precinct 2013,U.S. Senate,,DEM,Kent Conrad,72
Traill,Precinct 2013,U.S. Senate,,REP,Dwight Grotberg,37
Walsh,Precinct 1601,Agriculture Commissioner,,DEM,Roger Johnson,34
Walsh,Precinct 1601,Agriculture Commissioner,,REP,Doug Goehring,16
Walsh,Precinct 1601,Attorney General,,DEM,Bill Brudvik,29
Walsh,Precinct 1601,Attorney General,,REP,Wayne Stenehjem,20
Walsh,Precinct 1601,C 1: This constitutional measure would amend section 16 of Article XI of the North Dakota Constitution,,,No,22
Walsh,Precinct 1601,C 1: This constitutional measure would amend section 16 of Article XI of the North Dakota Constitution,,,Yes,32
Walsh,Precinct 1601,C 2: This constitutional measure would amend certain sections and repeal other sections of Article XII of the North Dakota Constitution,,,No,20
Walsh,Precinct 1601,C 2: This constitutional measure would amend certain sections and repeal other sections of Article XII of the North Dakota Constitution,,,Yes,32
Walsh,Precinct 1601,Justice of the Supreme Court,,NON,Dale Sandstrom,49
Walsh,Precinct 1601,Public Service Commissioner,,DEM,Cheryl Bergian,32
Walsh,Precinct 1601,Public Service Commissioner,,REP,Tony Clark,20
Walsh,Precinct 1601,Secretary of State,,DEM,Kristin Hedger,32
Walsh,Precinct 1601,Secretary of State,,REP,Alvin A (Al) Jaeger,20
Walsh,Precinct 1601,Tax Commissioner,,DEM,Brent Edison,32
Walsh,Precinct 1601,Tax Commissioner,,REP,Cory Fong,20
Walsh,Precinct 1601,U.S. House,1,DEM,Earl Pomeroy,36
Walsh,Precinct 1601,U.S. House,1,REP,Matt Mechtel,18
Walsh,Precinct 1601,U.S. Senate,,DEM,Kent Conrad,36
Walsh,Precinct 1601,U.S. Senate,,REP,Dwight Grotberg,18
Walsh,Precinct 1602,Agriculture Commissioner,,DEM,Roger Johnson,54
Walsh,Precinct 1602,Agriculture Commissioner,,REP,Doug Goehring,42
Walsh,Precinct 1602,Attorney General,,DEM,Bill Brudvik,50
Walsh,Precinct 1602,Attorney General,,REP,Wayne Stenehjem,44
Walsh,Precinct 1602,C 1: This constitutional measure would amend section 16 of Article XI of the North Dakota Constitution,,,No,20
Walsh,Precinct 1602,C 1: This constitutional measure would amend section 16 of Article XI of the North Dakota Constitution,,,Yes,74
Walsh,Precinct 1602,C 2: This constitutional measure would amend certain sections and repeal other sections of Article XII of the North Dakota Constitution,,,No,24
Walsh,Precinct 1602,C 2: This constitutional measure would amend certain sections and repeal other sections of Article XII of the North Dakota Constitution,,,Yes,70
Walsh,Precinct 1602,Justice of the Supreme Court,,NON,Dale Sandstrom,83
Walsh,Precinct 1602,Public Service Commissioner,,DEM,Cheryl Bergian,51
Walsh,Precinct 1602,Public Service Commissioner,,REP,Tony Clark,40
Walsh,Precinct 1602,Secretary of State,,DEM,Kristin Hedger,53
Walsh,Precinct 1602,Secretary of State,,REP,Alvin A (Al) Jaeger,42
Walsh,Precinct 1602,Tax Commissioner,,DEM,Brent Edison,52
Walsh,Precinct 1602,Tax Commissioner,,REP,Cory Fong,40
Walsh,Precinct 1602,U.S. House,1,DEM,Earl Pomeroy,57
Walsh,Precinct 1602,U.S. House,1,REP,Matt Mechtel,38
Walsh,Precinct 1602,U.S. Senate,,DEM,Kent Conrad,59
Walsh,Precinct 1602,U.S. Senate,,REP,Dwight Grotberg,41
Walsh,Precinct 1603,Agriculture Commissioner,,DEM,Roger Johnson,46
Walsh,Precinct 1603,Agriculture Commissioner,,REP,Doug Goehring,51
Walsh,Precinct 1603,Attorney General,,DEM,Bill Brudvik,46
Walsh,Precinct 1603,Attorney General,,REP,Wayne Stenehjem,53
Walsh,Precinct 1603,C 1: This constitutional measure would amend section 16 of Article XI of the North Dakota Constitution,,,No,21
Walsh,Precinct 1603,C 1: This constitutional measure would amend section 16 of Article XI of the North Dakota Constitution,,,Yes,75
Walsh,Precinct 1603,C 2: This constitutional measure would amend certain sections and repeal other sections of Article XII of the North Dakota Constitution,,,No,21
Walsh,Precinct 1603,C 2: This constitutional measure would amend certain sections and repeal other sections of Article XII of the North Dakota Constitution,,,Yes,74
Walsh,Precinct 1603,Justice of the Supreme Court,,NON,Dale Sandstrom,89
Walsh,Precinct 1603,Public Service Commissioner,,DEM,Cheryl Bergian,42
Walsh,Precinct 1603,Public Service Commissioner,,REP,Tony Clark,48
Walsh,Precinct 1603,Secretary of State,,DEM,Kristin Hedger,42
Walsh,Precinct 1603,Secretary of State,,REP,Alvin A (Al) Jaeger,49
Walsh,Precinct 1603,Tax Commissioner,,DEM,Brent Edison,43
Walsh,Precinct 1603,Tax Commissioner,,REP,Cory Fong,47
Walsh,Precinct 1603,U.S. House,1,DEM,Earl Pomeroy,47
Walsh,Precinct 1603,U.S. House,1,REP,Matt Mechtel,49
Walsh,Precinct 1603,U.S. Senate,,DEM,Kent Conrad,47
Walsh,Precinct 1603,U.S. Senate,,REP,Dwight Grotberg,48
Walsh,Precinct 1604,Agriculture Commissioner,,DEM,Roger Johnson,41
Walsh,Precinct 1604,Agriculture Commissioner,,REP,Doug Goehring,39
Walsh,Precinct 1604,Attorney General,,DEM,Bill Brudvik,35
Walsh,Precinct 1604,Attorney General,,REP,Wayne Stenehjem,41
Walsh,Precinct 1604,C 1: This constitutional measure would amend section 16 of Article XI of the North Dakota Constitution,,,No,23
Walsh,Precinct 1604,C 1: This constitutional measure would amend section 16 of Article XI of the North Dakota Constitution,,,Yes,59
Walsh,Precinct 1604,C 2: This constitutional measure would amend certain sections and repeal other sections of Article XII of the North Dakota Constitution,,,No,16
Walsh,Precinct 1604,C 2: This constitutional measure would amend certain sections and repeal other sections of Article XII of the North Dakota Constitution,,,Yes,67
Walsh,Precinct 1604,Justice of the Supreme Court,,NON,Dale Sandstrom,73
Walsh,Precinct 1604,Public Service Commissioner,,DEM,Cheryl Bergian,36
Walsh,Precinct 1604,Public Service Commissioner,,REP,Tony Clark,39
Walsh,Precinct 1604,Secretary of State,,DEM,Kristin Hedger,38
Walsh,Precinct 1604,Secretary of State,,REP,Alvin A (Al) Jaeger,39
Walsh,Precinct 1604,Tax Commissioner,,DEM,Brent Edison,35
Walsh,Precinct 1604,Tax Commissioner,,REP,Cory Fong,39
Walsh,Precinct 1604,U.S. House,1,DEM,Earl Pomeroy,45
Walsh,Precinct 1604,U.S. House,1,REP,Matt Mechtel,39
Walsh,Precinct 1604,U.S. Senate,,DEM,Kent Conrad,47
Walsh,Precinct 1604,U.S. Senate,,REP,Dwight Grotberg,40
Walsh,Precinct 1605,Agriculture Commissioner,,DEM,Roger Johnson,30
Walsh,Precinct 1605,Agriculture Commissioner,,REP,Doug Goehring,7
Walsh,Precinct 1605,Attorney General,,DEM,Bill Brudvik,27
Walsh,Precinct 1605,Attorney General,,REP,Wayne Stenehjem,8
Walsh,Precinct 1605,C 1: This constitutional measure would amend section 16 of Article XI of the North Dakota Constitution,,,No,7
Walsh,Precinct 1605,C 1: This constitutional measure would amend section 16 of Article XI of the North Dakota Constitution,,,Yes,29
Walsh,Precinct 1605,C 2: This constitutional measure would amend certain sections and repeal other sections of Article XII of the North Dakota Constitution,,,No,7
Walsh,Precinct 1605,C 2: This constitutional measure would amend certain sections and repeal other sections of Article XII of the North Dakota Constitution,,,Yes,27
Walsh,Precinct 1605,Justice of the Supreme Court,,NON,Dale Sandstrom,32
Walsh,Precinct 1605,Public Service Commissioner,,DEM,Cheryl Bergian,28
Walsh,Precinct 1605,Public Service Commissioner,,REP,Tony Clark,7
Walsh,Precinct 1605,Secretary of State,,DEM,Kristin Hedger,28
Walsh,Precinct 1605,Secretary of State,,REP,Alvin A (Al) Jaeger,8
Walsh,Precinct 1605,Tax Commissioner,,DEM,Brent Edison,29
Walsh,Precinct 1605,Tax Commissioner,,REP,Cory Fong,7
Walsh,Precinct 1605,U.S. House,1,DEM,Earl Pomeroy,31
Walsh,Precinct 1605,U.S. House,1,REP,Matt Mechtel,7
Walsh,Precinct 1605,U.S. Senate,,DEM,Kent Conrad,34
Walsh,Precinct 1605,U.S. Senate,,REP,Dwight Grotberg,7
Walsh,Precinct 1606,Agriculture Commissioner,,DEM,Roger Johnson,27
Walsh,Precinct 1606,Agriculture Commissioner,,REP,Doug Goehring,19
Walsh,Precinct 1606,Attorney General,,DEM,Bill Brudvik,27
Walsh,Precinct 1606,Attorney General,,REP,Wayne Stenehjem,20
Walsh,Precinct 1606,C 1: This constitutional measure would amend section 16 of Article XI of the North Dakota Constitution,,,No,16
Walsh,Precinct 1606,C 1: This constitutional measure would amend section 16 of Article XI of the North Dakota Constitution,,,Yes,27
Walsh,Precinct 1606,C 2: This constitutional measure would amend certain sections and repeal other sections of Article XII of the North Dakota Constitution,,,No,14
Walsh,Precinct 1606,C 2: This constitutional measure would amend certain sections and repeal other sections of Article XII of the North Dakota Constitution,,,Yes,28
Walsh,Precinct 1606,Justice of the Supreme Court,,NON,Dale Sandstrom,38
Walsh,Precinct 1606,Public Service Commissioner,,DEM,Cheryl Bergian,27
Walsh,Precinct 1606,Public Service Commissioner,,REP,Tony Clark,18
Walsh,Precinct 1606,Secretary of State,,DEM,Kristin Hedger,27
Walsh,Precinct 1606,Secretary of State,,REP,Alvin A (Al) Jaeger,19
Walsh,Precinct 1606,Tax Commissioner,,DEM,Brent Edison,27
Walsh,Precinct 1606,Tax Commissioner,,REP,Cory Fong,19
Walsh,Precinct 1606,U.S. House,1,DEM,Earl Pomeroy,30
Walsh,Precinct 1606,U.S. House,1,REP,Matt Mechtel,18
Walsh,Precinct 1606,U.S. Senate,,DEM,Kent Conrad,30
Walsh,Precinct 1606,U.S. Senate,,REP,Dwight Grotberg,19
Walsh,Precinct 1607,Agriculture Commissioner,,DEM,Roger Johnson,35
Walsh,Precinct 1607,Agriculture Commissioner,,REP,Doug Goehring,36
Walsh,Precinct 1607,Attorney General,,DEM,Bill Brudvik,27
Walsh,Precinct 1607,Attorney General,,REP,Wayne Stenehjem,35
Walsh,Precinct 1607,C 1: This constitutional measure would amend section 16 of Article XI of the North Dakota Constitution,,,No,17
Walsh,Precinct 1607,C 1: This constitutional measure would amend section 16 of Article XI of the North Dakota Constitution,,,Yes,56
Walsh,Precinct 1607,C 2: This constitutional measure would amend certain sections and repeal other sections of Article XII of the North Dakota Constitution,,,No,22
Walsh,Precinct 1607,C 2: This constitutional measure would amend certain sections and repeal other sections of Article XII of the North Dakota Constitution,,,Yes,47
Walsh,Precinct 1607,Justice of the Supreme Court,,NON,Dale Sandstrom,58
Walsh,Precinct 1607,Public Service Commissioner,,DEM,Cheryl Bergian,31
Walsh,Precinct 1607,Public Service Commissioner,,REP,Tony Clark,33
Walsh,Precinct 1607,Secretary of State,,DEM,Kristin Hedger,30
Walsh,Precinct 1607,Secretary of State,,REP,Alvin A (Al) Jaeger,34
Walsh,Precinct 1607,Tax Commissioner,,DEM,Brent Edison,29
Walsh,Precinct 1607,Tax Commissioner,,REP,Cory Fong,33
Walsh,Precinct 1607,U.S. House,1,DEM,Earl Pomeroy,37
Walsh,Precinct 1607,U.S. House,1,REP,Matt Mechtel,32
Walsh,Precinct 1607,U.S. Senate,,DEM,Kent Conrad,38
Walsh,Precinct 1607,U.S. Senate,,REP,Dwight Grotberg,34
Walsh,Precinct 1608,Agriculture Commissioner,,DEM,Roger Johnson,48
Walsh,Precinct 1608,Agriculture Commissioner,,REP,Doug Goehring,31
Walsh,Precinct 1608,Attorney General,,DEM,Bill Brudvik,38
Walsh,Precinct 1608,Attorney General,,REP,Wayne Stenehjem,33
Walsh,Precinct 1608,C 1: This constitutional measure would amend section 16 of Article XI of the North Dakota Constitution,,,No,28
Walsh,Precinct 1608,C 1: This constitutional measure would amend section 16 of Article XI of the North Dakota Constitution,,,Yes,50
Walsh,Precinct 1608,C 2: This constitutional measure would amend certain sections and repeal other sections of Article XII of the North Dakota Constitution,,,No,22
Walsh,Precinct 1608,C 2: This constitutional measure would amend certain sections and repeal other sections of Article XII of the North Dakota Constitution,,,Yes,53
Walsh,Precinct 1608,Justice of the Supreme Court,,NON,Dale Sandstrom,76
Walsh,Precinct 1608,Public Service Commissioner,,DEM,Cheryl Bergian,42
Walsh,Precinct 1608,Public Service Commissioner,,REP,Tony Clark,30
Walsh,Precinct 1608,Secretary of State,,DEM,Kristin Hedger,41
Walsh,Precinct 1608,Secretary of State,,REP,Alvin A (Al) Jaeger,33
Walsh,Precinct 1608,Tax Commissioner,,DEM,Brent Edison,45
Walsh,Precinct 1608,Tax Commissioner,,REP,Cory Fong,31
Walsh,Precinct 1608,U.S. House,1,DEM,Earl Pomeroy,50
Walsh,Precinct 1608,U.S. House,1,REP,Matt Mechtel,32
Walsh,Precinct 1608,U.S. Senate,,DEM,Kent Conrad,51
Walsh,Precinct 1608,U.S. Senate,,REP,Dwight Grotberg,31
Walsh,Precinct 1609,Agriculture Commissioner,,DEM,Roger Johnson,58
Walsh,Precinct 1609,Agriculture Commissioner,,REP,Doug Goehring,10
Walsh,Precinct 1609,Attorney General,,DEM,Bill Brudvik,44
Walsh,Precinct 1609,Attorney General,,REP,Wayne Stenehjem,12
Walsh,Precinct 1609,C 1: This constitutional measure would amend section 16 of Article XI of the North Dakota Constitution,,,No,17
Walsh,Precinct 1609,C 1: This constitutional measure would amend section 16 of Article XI of the North Dakota Constitution,,,Yes,42
Walsh,Precinct 1609,C 2: This constitutional measure would amend certain sections and repeal other sections of Article XII of the North Dakota Constitution,,,No,25
Walsh,Precinct 1609,C 2: This constitutional measure would amend certain sections and repeal other sections of Article XII of the North Dakota Constitution,,,Yes,37
Walsh,Precinct 1609,Justice of the Supreme Court,,NON,Dale Sandstrom,59
Walsh,Precinct 1609,Public Service Commissioner,,DEM,Cheryl Bergian,49
Walsh,Precinct 1609,Public Service Commissioner,,REP,Tony Clark,10
Walsh,Precinct 1609,Secretary of State,,DEM,Kristin Hedger,50
Walsh,Precinct 1609,Secretary of State,,REP,Alvin A (Al) Jaeger,10
Walsh,Precinct 1609,Tax Commissioner,,DEM,Brent Edison,50
Walsh,Precinct 1609,Tax Commissioner,,REP,Cory Fong,11
Walsh,Precinct 1609,U.S. House,1,DEM,Earl Pomeroy,62
Walsh,Precinct 1609,U.S. House,1,REP,Matt Mechtel,11
Walsh,Precinct 1609,U.S. Senate,,DEM,Kent Conrad,61
Walsh,Precinct 1609,U.S. Senate,,REP,Dwight Grotberg,11
Walsh,Precinct 1610,Agriculture Commissioner,,DEM,Roger Johnson,73
Walsh,Precinct 1610,Agriculture Commissioner,,REP,Doug Goehring,32
Walsh,Precinct 1610,Attorney General,,DEM,Bill Brudvik,70
Walsh,Precinct 1610,Attorney General,,REP,Wayne Stenehjem,34
Walsh,Precinct 1610,C 1: This constitutional measure would amend section 16 of Article XI of the North Dakota Constitution,,,No,24
Walsh,Precinct 1610,C 1: This constitutional measure would amend section 16 of Article XI of the North Dakota Constitution,,,Yes,84
Walsh,Precinct 1610,C 2: This constitutional measure would amend certain sections and repeal other sections of Article XII of the North Dakota Constitution,,,No,29
Walsh,Precinct 1610,C 2: This constitutional measure would amend certain sections and repeal other sections of Article XII of the North Dakota Constitution,,,Yes,77
Walsh,Precinct 1610,Justice of the Supreme Court,,NON,Dale Sandstrom,97
Walsh,Precinct 1610,Public Service Commissioner,,DEM,Cheryl Bergian,70
Walsh,Precinct 1610,Public Service Commissioner,,REP,Tony Clark,32
Walsh,Precinct 1610,Secretary of State,,DEM,Kristin Hedger,68
Walsh,Precinct 1610,Secretary of State,,REP,Alvin A (Al) Jaeger,32
Walsh,Precinct 1610,Tax Commissioner,,DEM,Brent Edison,70
Walsh,Precinct 1610,Tax Commissioner,,REP,Cory Fong,31
Walsh,Precinct 1610,U.S. House,1,DEM,Earl Pomeroy,76
Walsh,Precinct 1610,U.S. House,1,REP,Matt Mechtel,31
Walsh,Precinct 1610,U.S. Senate,,DEM,Kent Conrad,77
Walsh,Precinct 1610,U.S. Senate,,REP,Dwight Grotberg,30
Walsh,Precinct 1611,Agriculture Commissioner,,DEM,Roger Johnson,57
Walsh,Precinct 1611,Agriculture Commissioner,,REP,Doug Goehring,43
Walsh,Precinct 1611,Attorney General,,DEM,Bill Brudvik,55
Walsh,Precinct 1611,Attorney General,,REP,Wayne Stenehjem,45
Walsh,Precinct 1611,C 1: This constitutional measure would amend section 16 of Article XI of the North Dakota Constitution,,,No,29
Walsh,Precinct 1611,C 1: This constitutional measure would amend section 16 of Article XI of the North Dakota Constitution,,,Yes,69
Walsh,Precinct 1611,C 2: This constitutional measure would amend certain sections and repeal other sections of Article XII of the North Dakota Constitution,,,No,26
Walsh,Precinct 1611,C 2: This constitutional measure would amend certain sections and repeal other sections of Article XII of the North Dakota Constitution,,,Yes,68
Walsh,Precinct 1611,Justice of the Supreme Court,,NON,Dale Sandstrom,95
Walsh,Precinct 1611,Public Service Commissioner,,DEM,Cheryl Bergian,57
Walsh,Precinct 1611,Public Service Commissioner,,REP,Tony Clark,42
Walsh,Precinct 1611,Secretary of State,,DEM,Kristin Hedger,57
Walsh,Precinct 1611,Secretary of State,,REP,Alvin A (Al) Jaeger,44
Walsh,Precinct 1611,Tax Commissioner,,DEM,Brent Edison,56
Walsh,Precinct 1611,Tax Commissioner,,REP,Cory Fong,41
Walsh,Precinct 1611,U.S. House,1,DEM,Earl Pomeroy,60
Walsh,Precinct 1611,U.S. House,1,REP,Matt Mechtel,41
Walsh,Precinct 1611,U.S. Senate,,DEM,Kent Conrad,60
Walsh,Precinct 1611,U.S. Senate,,REP,Dwight Grotberg,43
Walsh,Precinct 1612,Agriculture Commissioner,,DEM,Roger Johnson,92
Walsh,Precinct 1612,Agriculture Commissioner,,REP,Doug Goehring,73
Walsh,Precinct 1612,Attorney General,,DEM,Bill Brudvik,90
Walsh,Precinct 1612,Attorney General,,REP,Wayne Stenehjem,81
Walsh,Precinct 1612,C 1: This constitutional measure would amend section 16 of Article XI of the North Dakota Constitution,,,No,33
Walsh,Precinct 1612,C 1: This constitutional measure would amend section 16 of Article XI of the North Dakota Constitution,,,Yes,137
Walsh,Precinct 1612,C 2: This constitutional measure would amend certain sections and repeal other sections of Article XII of the North Dakota Constitution,,,No,31
Walsh,Precinct 1612,C 2: This constitutional measure would amend certain sections and repeal other sections of Article XII of the North Dakota Constitution,,,Yes,133
Walsh,Precinct 1612,Justice of the Supreme Court,,NON,Dale Sandstrom,173
Walsh,Precinct 1612,Public Service Commissioner,,DEM,Cheryl Bergian,88
Walsh,Precinct 1612,Public Service Commissioner,,REP,Tony Clark,76
Walsh,Precinct 1612,Secretary of State,,DEM,Kristin Hedger,91
Walsh,Precinct 1612,Secretary of State,,REP,Alvin A (Al) Jaeger,75
Walsh,Precinct 1612,Tax Commissioner,,DEM,Brent Edison,90
Walsh,Precinct 1612,Tax Commissioner,,REP,Cory Fong,70
Walsh,Precinct 1612,U.S. House,1,DEM,Earl Pomeroy,101
Walsh,Precinct 1612,U.S. House,1,REP,Matt Mechtel,74
Walsh,Precinct 1612,U.S. Senate,,DEM,Kent Conrad,102
Walsh,Precinct 1612,U.S. Senate,,REP,Dwight Grotberg,73
Walsh,Precinct 1613,Agriculture Commissioner,,DEM,Roger Johnson,58
Walsh,Precinct 1613,Agriculture Commissioner,,REP,Doug Goehring,30
Walsh,Precinct 1613,Attorney General,,DEM,Bill Brudvik,50
Walsh,Precinct 1613,Attorney General,,REP,Wayne Stenehjem,31
Walsh,Precinct 1613,C 1: This constitutional measure would amend section 16 of Article XI of the North Dakota Constitution,,,No,31
Walsh,Precinct 1613,C 1: This constitutional measure would amend section 16 of Article XI of the North Dakota Constitution,,,Yes,68
Walsh,Precinct 1613,C 2: This constitutional measure would amend certain sections and repeal other sections of Article XII of the North Dakota Constitution,,,No,29
Walsh,Precinct 1613,C 2: This constitutional measure would amend certain sections and repeal other sections of Article XII of the North Dakota Constitution,,,Yes,66
Walsh,Precinct 1613,Justice of the Supreme Court,,NON,Dale Sandstrom,86
Walsh,Precinct 1613,Public Service Commissioner,,DEM,Cheryl Bergian,50
Walsh,Precinct 1613,Public Service Commissioner,,REP,Tony Clark,28
Walsh,Precinct 1613,Secretary of State,,DEM,Kristin Hedger,51
Walsh,Precinct 1613,Secretary of State,,REP,Alvin A (Al) Jaeger,32
Walsh,Precinct 1613,Tax Commissioner,,DEM,Brent Edison,51
Walsh,Precinct 1613,Tax Commissioner,,REP,Cory Fong,29
Walsh,Precinct 1613,U.S. House,1,DEM,Earl Pomeroy,60
Walsh,Precinct 1613,U.S. House,1,REP,Matt Mechtel,28
Walsh,Precinct 1613,U.S. Senate,,DEM,Kent Conrad,61
Walsh,Precinct 1613,U.S. Senate,,REP,Dwight Grotberg,29
Walsh,Precinct 1614,Agriculture Commissioner,,DEM,Roger Johnson,127
Walsh,Precinct 1614,Agriculture Commissioner,,REP,Doug Goehring,89
Walsh,Precinct 1614,Attorney General,,DEM,Bill Brudvik,114
Walsh,Precinct 1614,Attorney General,,REP,Wayne Stenehjem,94
Walsh,Precinct 1614,C 1: This constitutional measure would amend section 16 of Article XI of the North Dakota Constitution,,,No,41
Walsh,Precinct 1614,C 1: This constitutional measure would amend section 16 of Article XI of the North Dakota Constitution,,,Yes,192
Walsh,Precinct 1614,C 2: This constitutional measure would amend certain sections and repeal other sections of Article XII of the North Dakota Constitution,,,No,39
Walsh,Precinct 1614,C 2: This constitutional measure would amend certain sections and repeal other sections of Article XII of the North Dakota Constitution,,,Yes,192
Walsh,Precinct 1614,Justice of the Supreme Court,,NON,Dale Sandstrom,227
Walsh,Precinct 1614,Public Service Commissioner,,DEM,Cheryl Bergian,120
Walsh,Precinct 1614,Public Service Commissioner,,REP,Tony Clark,93
Walsh,Precinct 1614,Secretary of State,,DEM,Kristin Hedger,120
Walsh,Precinct 1614,Secretary of State,,REP,Alvin A (Al) Jaeger,91
Walsh,Precinct 1614,Tax Commissioner,,DEM,Brent Edison,122
Walsh,Precinct 1614,Tax Commissioner,,REP,Cory Fong,90
Walsh,Precinct 1614,U.S. House,1,DEM,Earl Pomeroy,133
Walsh,Precinct 1614,U.S. House,1,REP,Matt Mechtel,89
Walsh,Precinct 1614,U.S. Senate,,DEM,Kent Conrad,138
Walsh,Precinct 1614,U.S. Senate,,REP,Dwight Grotberg,90
Walsh,Precinct 1615,Agriculture Commissioner,,DEM,Roger Johnson,76
Walsh,Precinct 1615,Agriculture Commissioner,,REP,Doug Goehring,26
Walsh,Precinct 1615,Attorney General,,DEM,Bill Brudvik,61
Walsh,Precinct 1615,Attorney General,,REP,Wayne Stenehjem,27
Walsh,Precinct 1615,C 1: This constitutional measure would amend section 16 of Article XI of the North Dakota Constitution,,,No,21
Walsh,Precinct 1615,C 1: This constitutional measure would amend section 16 of Article XI of the North Dakota Constitution,,,Yes,80
Walsh,Precinct 1615,C 2: This constitutional measure would amend certain sections and repeal other sections of Article XII of the North Dakota Constitution,,,No,27
Walsh,Precinct 1615,C 2: This constitutional measure would amend certain sections and repeal other sections of Article XII of the North Dakota Constitution,,,Yes,71
Walsh,Precinct 1615,Justice of the Supreme Court,,NON,Dale Sandstrom,98
Walsh,Precinct 1615,Public Service Commissioner,,DEM,Cheryl Bergian,72
Walsh,Precinct 1615,Public Service Commissioner,,REP,Tony Clark,25
Walsh,Precinct 1615,Secretary of State,,DEM,Kristin Hedger,67
Walsh,Precinct 1615,Secretary of State,,REP,Alvin A (Al) Jaeger,26
Walsh,Precinct 1615,Tax Commissioner,,DEM,Brent Edison,69
Walsh,Precinct 1615,Tax Commissioner,,REP,Cory Fong,24
Walsh,Precinct 1615,U.S. House,1,DEM,Earl Pomeroy,82
Walsh,Precinct 1615,U.S. House,1,REP,Matt Mechtel,26
Walsh,Precinct 1615,U.S. Senate,,DEM,Kent Conrad,82
Walsh,Precinct 1615,U.S. Senate,,REP,Dwight Grotberg,25
Walsh,Precinct 1616,Agriculture Commissioner,,DEM,Roger Johnson,57
Walsh,Precinct 1616,Agriculture Commissioner,,REP,Doug Goehring,30
Walsh,Precinct 1616,Attorney General,,DEM,Bill Brudvik,52
Walsh,Precinct 1616,Attorney General,,REP,Wayne Stenehjem,31
Walsh,Precinct 1616,C 1: This constitutional measure would amend section 16 of Article XI of the North Dakota Constitution,,,No,21
Walsh,Precinct 1616,C 1: This constitutional measure would amend section 16 of Article XI of the North Dakota Constitution,,,Yes,63
Walsh,Precinct 1616,C 2: This constitutional measure would amend certain sections and repeal other sections of Article XII of the North Dakota Constitution,,,No,18
Walsh,Precinct 1616,C 2: This constitutional measure would amend certain sections and repeal other sections of Article XII of the North Dakota Constitution,,,Yes,65
Walsh,Precinct 1616,Justice of the Supreme Court,,NON,Dale Sandstrom,81
Walsh,Precinct 1616,Public Service Commissioner,,DEM,Cheryl Bergian,50
Walsh,Precinct 1616,Public Service Commissioner,,REP,Tony Clark,30
Walsh,Precinct 1616,Secretary of State,,DEM,Kristin Hedger,54
Walsh,Precinct 1616,Secretary of State,,REP,Alvin A (Al) Jaeger,30
Walsh,Precinct 1616,Tax Commissioner,,DEM,Brent Edison,52
Walsh,Precinct 1616,Tax Commissioner,,REP,Cory Fong,30
Walsh,Precinct 1616,U.S. House,1,DEM,Earl Pomeroy,59
Walsh,Precinct 1616,U.S. House,1,REP,Matt Mechtel,30
Walsh,Precinct 1616,U.S. Senate,,DEM,Kent Conrad,59
Walsh,Precinct 1616,U.S. Senate,,REP,Dwight Grotberg,30
Walsh,Precinct 1617,Agriculture Commissioner,,DEM,Roger Johnson,49
Walsh,Precinct 1617,Agriculture Commissioner,,REP,Doug Goehring,33
Walsh,Precinct 1617,Attorney General,,DEM,Bill Brudvik,45
Walsh,Precinct 1617,Attorney General,,REP,Wayne Stenehjem,33
Walsh,Precinct 1617,C 1: This constitutional measure would amend section 16 of Article XI of the North Dakota Constitution,,,No,22
Walsh,Precinct 1617,C 1: This constitutional measure would amend section 16 of Article XI of the North Dakota Constitution,,,Yes,63
Walsh,Precinct 1617,C 2: This constitutional measure would amend certain sections and repeal other sections of Article XII of the North Dakota Constitution,,,No,20
Walsh,Precinct 1617,C 2: This constitutional measure would amend certain sections and repeal other sections of Article XII of the North Dakota Constitution,,,Yes,63
Walsh,Precinct 1617,Justice of the Supreme Court,,NON,Dale Sandstrom,81
Walsh,Precinct 1617,Public Service Commissioner,,DEM,Cheryl Bergian,46
Walsh,Precinct 1617,Public Service Commissioner,,REP,Tony Clark,33
Walsh,Precinct 1617,Secretary of State,,DEM,Kristin Hedger,46
Walsh,Precinct 1617,Secretary of State,,REP,Alvin A (Al) Jaeger,32
Walsh,Precinct 1617,Tax Commissioner,,DEM,Brent Edison,44
Walsh,Precinct 1617,Tax Commissioner,,REP,Cory Fong,33
Walsh,Precinct 1617,U.S. House,1,DEM,Earl Pomeroy,53
Walsh,Precinct 1617,U.S. House,1,REP,Matt Mechtel,33
Walsh,Precinct 1617,U.S. Senate,,DEM,Kent Conrad,53
Walsh,Precinct 1617,U.S. Senate,,REP,Dwight Grotberg,33
Walsh,Precinct 1618,Agriculture Commissioner,,DEM,Roger Johnson,54
Walsh,Precinct 1618,Agriculture Commissioner,,REP,Doug Goehring,25
Walsh,Precinct 1618,Attorney General,,DEM,Bill Brudvik,49
Walsh,Precinct 1618,Attorney General,,REP,Wayne Stenehjem,26
Walsh,Precinct 1618,C 1: This constitutional measure would amend section 16 of Article XI of the North Dakota Constitution,,,No,22
Walsh,Precinct 1618,C 1: This constitutional measure would amend section 16 of Article XI of the North Dakota Constitution,,,Yes,50
Walsh,Precinct 1618,C 2: This constitutional measure would amend certain sections and repeal other sections of Article XII of the North Dakota Constitution,,,No,13
Walsh,Precinct 1618,C 2: This constitutional measure would amend certain sections and repeal other sections of Article XII of the North Dakota Constitution,,,Yes,59
Walsh,Precinct 1618,Justice of the Supreme Court,,NON,Dale Sandstrom,72
Walsh,Precinct 1618,Public Service Commissioner,,DEM,Cheryl Bergian,49
Walsh,Precinct 1618,Public Service Commissioner,,REP,Tony Clark,25
Walsh,Precinct 1618,Secretary of State,,DEM,Kristin Hedger,48
Walsh,Precinct 1618,Secretary of State,,REP,Alvin A (Al) Jaeger,25
Walsh,Precinct 1618,Tax Commissioner,,DEM,Brent Edison,50
Walsh,Precinct 1618,Tax Commissioner,,REP,Cory Fong,25
Walsh,Precinct 1618,U.S. House,1,DEM,Earl Pomeroy,60
Walsh,Precinct 1618,U.S. House,1,REP,Matt Mechtel,25
Walsh,Precinct 1618,U.S. Senate,,DEM,Kent Conrad,61
Walsh,Precinct 1618,U.S. Senate,,REP,Dwight Grotberg,25
Ward,Precinct 0308,Agriculture Commissioner,,DEM,Roger Johnson,74
Ward,Precinct 0308,Agriculture Commissioner,,REP,Doug Goehring,57
Ward,Precinct 0308,Attorney General,,DEM,Bill Brudvik,69
Ward,Precinct 0308,Attorney General,,REP,Wayne Stenehjem,59
Ward,Precinct 0308,C 1: This constitutional measure would amend section 16 of Article XI of the North Dakota Constitution,,,No,27
Ward,Precinct 0308,C 1: This constitutional measure would amend section 16 of Article XI of the North Dakota Constitution,,,Yes,109
Ward,Precinct 0308,C 2: This constitutional measure would amend certain sections and repeal other sections of Article XII of the North Dakota Constitution,,,No,39
Ward,Precinct 0308,C 2: This constitutional measure would amend certain sections and repeal other sections of Article XII of the North Dakota Constitution,,,Yes,94
Ward,Precinct 0308,Justice of the Supreme Court,,NON,Dale Sandstrom,130
Ward,Precinct 0308,Public Service Commissioner,,DEM,Cheryl Bergian,70
Ward,Precinct 0308,Public Service Commissioner,,REP,Tony Clark,57
Ward,Precinct 0308,Secretary of State,,DEM,Kristin Hedger,73
Ward,Precinct 0308,Secretary of State,,REP,Alvin A (Al) Jaeger,58
Ward,Precinct 0308,State House Legislative,3,DEM,Kari Lee Conrad,63
Ward,Precinct 0308,State House Legislative,3,DEM,Lisa Wolf,61
Ward,Precinct 0308,State House Legislative,3,REP,Andrew G Maragos,50
Ward,Precinct 0308,State House Legislative,3,REP,Mary Nester,54
Ward,Precinct 0308,State Senate Legislative District 3,,DEM,Robert (Bob) Horne,74
Ward,Precinct 0308,State Senate Legislative District 3,,REP,Randy A Schobinger,59
Ward,Precinct 0308,Tax Commissioner,,DEM,Brent Edison,74
Ward,Precinct 0308,Tax Commissioner,,REP,Cory Fong,58
Ward,Precinct 0308,U.S. House,1,DEM,Earl Pomeroy,77
Ward,Precinct 0308,U.S. House,1,REP,Matt Mechtel,57
Ward,Precinct 0308,U.S. Senate,,DEM,Kent Conrad,78
Ward,Precinct 0308,U.S. Senate,,REP,Dwight Grotberg,58
Ward,Precinct 0314,Agriculture Commissioner,,DEM,Roger Johnson,35
Ward,Precinct 0314,Agriculture Commissioner,,REP,Doug Goehring,27
Ward,Precinct 0314,Attorney General,,DEM,Bill Brudvik,31
Ward,Precinct 0314,Attorney General,,REP,Wayne Stenehjem,27
Ward,Precinct 0314,C 1: This constitutional measure would amend section 16 of Article XI of the North Dakota Constitution,,,No,10
Ward,Precinct 0314,C 1: This constitutional measure would amend section 16 of Article XI of the North Dakota Constitution,,,Yes,55
Ward,Precinct 0314,C 2: This constitutional measure would amend certain sections and repeal other sections of Article XII of the North Dakota Constitution,,,No,10
Ward,Precinct 0314,C 2: This constitutional measure would amend certain sections and repeal other sections of Article XII of the North Dakota Constitution,,,Yes,55
Ward,Precinct 0314,Justice of the Supreme Court,,NON,Dale Sandstrom,65
Ward,Precinct 0314,Public Service Commissioner,,DEM,Cheryl Bergian,32
Ward,Precinct 0314,Public Service Commissioner,,REP,Tony Clark,27
Ward,Precinct 0314,Secretary of State,,DEM,Kristin Hedger,33
Ward,Precinct 0314,Secretary of State,,REP,Alvin A (Al) Jaeger,27
Ward,Precinct 0314,State House Legislative,3,DEM,Kari Lee Conrad,35
Ward,Precinct 0314,State House Legislative,3,DEM,Lisa Wolf,30
Ward,Precinct 0314,State House Legislative,3,REP,Andrew G Maragos,27
Ward,Precinct 0314,State House Legislative,3,REP,Mary Nester,26
Ward,Precinct 0314,State Senate Legislative District 3,,DEM,Robert (Bob) Horne,32
Ward,Precinct 0314,State Senate Legislative District 3,,REP,Randy A Schobinger,27
Ward,Precinct 0314,Tax Commissioner,,DEM,Brent Edison,34
Ward,Precinct 0314,Tax Commissioner,,REP,Cory Fong,27
Ward,Precinct 0314,U.S. House,1,DEM,Earl Pomeroy,37
Ward,Precinct 0314,U.S. House,1,REP,Matt Mechtel,27
Ward,Precinct 0314,U.S. Senate,,DEM,Kent Conrad,37
Ward,Precinct 0314,U.S. Senate,,REP,Dwight Grotberg,27
Ward,Precinct 0315,Agriculture Commissioner,,DEM,Roger Johnson,70
Ward,Precinct 0315,Agriculture Commissioner,,REP,Doug Goehring,68
Ward,Precinct 0315,Attorney General,,DEM,Bill Brudvik,65
Ward,Precinct 0315,Attorney General,,REP,Wayne Stenehjem,69
Ward,Precinct 0315,C 1: This constitutional measure would amend section 16 of Article XI of the North Dakota Constitution,,,No,30
Ward,Precinct 0315,C 1: This constitutional measure would amend section 16 of Article XI of the North Dakota Constitution,,,Yes,107
Ward,Precinct 0315,C 2: This constitutional measure would amend certain sections and repeal other sections of Article XII of the North Dakota Constitution,,,No,44
Ward,Precinct 0315,C 2: This constitutional measure would amend certain sections and repeal other sections of Article XII of the North Dakota Constitution,,,Yes,90
Ward,Precinct 0315,Justice of the Supreme Court,,NON,Dale Sandstrom,128
Ward,Precinct 0315,Public Service Commissioner,,DEM,Cheryl Bergian,68
Ward,Precinct 0315,Public Service Commissioner,,REP,Tony Clark,69
Ward,Precinct 0315,Secretary of State,,DEM,Kristin Hedger,67
Ward,Precinct 0315,Secretary of State,,REP,Alvin A (Al) Jaeger,69
Ward,Precinct 0315,State House Legislative,3,DEM,Kari Lee Conrad,65
Ward,Precinct 0315,State House Legislative,3,DEM,Lisa Wolf,59
Ward,Precinct 0315,State House Legislative,3,REP,Andrew G Maragos,64
Ward,Precinct 0315,State House Legislative,3,REP,Mary Nester,55
Ward,Precinct 0315,State Senate Legislative District 3,,DEM,Robert (Bob) Horne,68
Ward,Precinct 0315,State Senate Legislative District 3,,REP,Randy A Schobinger,68
Ward,Precinct 0315,Tax Commissioner,,DEM,Brent Edison,67
Ward,Precinct 0315,Tax Commissioner,,REP,Cory Fong,68
Ward,Precinct 0315,U.S. House,1,DEM,Earl Pomeroy,68
Ward,Precinct 0315,U.S. House,1,REP,Matt Mechtel,66
Ward,Precinct 0315,U.S. Senate,,DEM,Kent Conrad,72
Ward,Precinct 0315,U.S. Senate,,REP,Dwight Grotberg,67
Ward,Precinct 0316,Agriculture Commissioner,,DEM,Roger Johnson,74
Ward,Precinct 0316,Agriculture Commissioner,,REP,Doug Goehring,49
Ward,Precinct 0316,Attorney General,,DEM,Bill Brudvik,68
Ward,Precinct 0316,Attorney General,,REP,Wayne Stenehjem,52
Ward,Precinct 0316,C 1: This constitutional measure would amend section 16 of Article XI of the North Dakota Constitution,,,No,28
Ward,Precinct 0316,C 1: This constitutional measure would amend section 16 of Article XI of the North Dakota Constitution,,,Yes,104
Ward,Precinct 0316,C 2: This constitutional measure would amend certain sections and repeal other sections of Article XII of the North Dakota Constitution,,,No,37
Ward,Precinct 0316,C 2: This constitutional measure would amend certain sections and repeal other sections of Article XII of the North Dakota Constitution,,,Yes,96
Ward,Precinct 0316,Justice of the Supreme Court,,NON,Dale Sandstrom,117
Ward,Precinct 0316,Public Service Commissioner,,DEM,Cheryl Bergian,71
Ward,Precinct 0316,Public Service Commissioner,,REP,Tony Clark,52
Ward,Precinct 0316,Secretary of State,,DEM,Kristin Hedger,70
Ward,Precinct 0316,Secretary of State,,REP,Alvin A (Al) Jaeger,52
Ward,Precinct 0316,State House Legislative,3,DEM,Kari Lee Conrad,62
Ward,Precinct 0316,State House Legislative,3,DEM,Lisa Wolf,58
Ward,Precinct 0316,State House Legislative,3,REP,Andrew G Maragos,46
Ward,Precinct 0316,State House Legislative,3,REP,Mary Nester,43
Ward,Precinct 0316,State Senate Legislative District 3,,DEM,Robert (Bob) Horne,70
Ward,Precinct 0316,State Senate Legislative District 3,,REP,Randy A Schobinger,54
Ward,Precinct 0316,Tax Commissioner,,DEM,Brent Edison,69
Ward,Precinct 0316,Tax Commissioner,,REP,Cory Fong,52
Ward,Precinct 0316,U.S. House,1,DEM,Earl Pomeroy,75
Ward,Precinct 0316,U.S. House,1,REP,Matt Mechtel,51
Ward,Precinct 0316,U.S. Senate,,DEM,Kent Conrad,76
Ward,Precinct 0316,U.S. Senate,,REP,Dwight Grotberg,49
Ward,Precinct 0317,Agriculture Commissioner,,DEM,Roger Johnson,139
Ward,Precinct 0317,Agriculture Commissioner,,REP,Doug Goehring,83
Ward,Precinct 0317,Attorney General,,DEM,Bill Brudvik,131
Ward,Precinct 0317,Attorney General,,REP,Wayne Stenehjem,85
Ward,Precinct 0317,C 1: This constitutional measure would amend section 16 of Article XI of the North Dakota Constitution,,,No,42
Ward,Precinct 0317,C 1: This constitutional measure would amend section 16 of Article XI of the North Dakota Constitution,,,Yes,188
Ward,Precinct 0317,C 2: This constitutional measure would amend certain sections and repeal other sections of Article XII of the North Dakota Constitution,,,No,52
Ward,Precinct 0317,C 2: This constitutional measure would amend certain sections and repeal other sections of Article XII of the North Dakota Constitution,,,Yes,172
Ward,Precinct 0317,Justice of the Supreme Court,,NON,Dale Sandstrom,196
Ward,Precinct 0317,Public Service Commissioner,,DEM,Cheryl Bergian,132
Ward,Precinct 0317,Public Service Commissioner,,REP,Tony Clark,84
Ward,Precinct 0317,Secretary of State,,DEM,Kristin Hedger,132
Ward,Precinct 0317,Secretary of State,,REP,Alvin A (Al) Jaeger,83
Ward,Precinct 0317,State House Legislative,3,DEM,Kari Lee Conrad,123
Ward,Precinct 0317,State House Legislative,3,DEM,Lisa Wolf,115
Ward,Precinct 0317,State House Legislative,3,REP,Andrew G Maragos,79
Ward,Precinct 0317,State House Legislative,3,REP,Mary Nester,69
Ward,Precinct 0317,State Senate Legislative District 3,,DEM,Robert (Bob) Horne,140
Ward,Precinct 0317,State Senate Legislative District 3,,REP,Randy A Schobinger,80
Ward,Precinct 0317,Tax Commissioner,,DEM,Brent Edison,134
Ward,Precinct 0317,Tax Commissioner,,REP,Cory Fong,82
Ward,Precinct 0317,U.S. House,1,DEM,Earl Pomeroy,144
Ward,Precinct 0317,U.S. House,1,REP,Matt Mechtel,79
Ward,Precinct 0317,U.S. Senate,,DEM,Kent Conrad,145
Ward,Precinct 0317,U.S. Senate,,REP,Dwight Grotberg,80
Ward,Precinct 0318,Agriculture Commissioner,,DEM,Roger Johnson,110
Ward,Precinct 0318,Agriculture Commissioner,,REP,Doug Goehring,63
Ward,Precinct 0318,Attorney General,,DEM,Bill Brudvik,103
Ward,Precinct 0318,Attorney General,,REP,Wayne Stenehjem,61
Ward,Precinct 0318,C 1: This constitutional measure would amend section 16 of Article XI of the North Dakota Constitution,,,No,38
Ward,Precinct 0318,C 1: This constitutional measure would amend section 16 of Article XI of the North Dakota Constitution,,,Yes,142
Ward,Precinct 0318,C 2: This constitutional measure would amend certain sections and repeal other sections of Article XII of the North Dakota Constitution,,,No,50
Ward,Precinct 0318,C 2: This constitutional measure would amend certain sections and repeal other sections of Article XII of the North Dakota Constitution,,,Yes,126
Ward,Precinct 0318,Justice of the Supreme Court,,NON,Dale Sandstrom,160
Ward,Precinct 0318,Public Service Commissioner,,DEM,Cheryl Bergian,106
Ward,Precinct 0318,Public Service Commissioner,,REP,Tony Clark,62
Ward,Precinct 0318,Secretary of State,,DEM,Kristin Hedger,104
Ward,Precinct 0318,Secretary of State,,REP,Alvin A (Al) Jaeger,60
Ward,Precinct 0318,State House Legislative,3,DEM,Kari Lee Conrad,101
Ward,Precinct 0318,State House Legislative,3,DEM,Lisa Wolf,85
Ward,Precinct 0318,State House Legislative,3,REP,Andrew G Maragos,53
Ward,Precinct 0318,State House Legislative,3,REP,Mary Nester,59
Ward,Precinct 0318,State Senate Legislative District 3,,DEM,Robert (Bob) Horne,108
Ward,Precinct 0318,State Senate Legislative District 3,,REP,Randy A Schobinger,65
Ward,Precinct 0318,Tax Commissioner,,DEM,Brent Edison,108
Ward,Precinct 0318,Tax Commissioner,,REP,Cory Fong,60
Ward,Precinct 0318,U.S. House,1,DEM,Earl Pomeroy,115
Ward,Precinct 0318,U.S. House,1,REP,Matt Mechtel,61
Ward,Precinct 0318,U.S. Senate,,DEM,Kent Conrad,115
Ward,Precinct 0318,U.S. Senate,,REP,Dwight Grotberg,62
Ward,Precinct 0319,Agriculture Commissioner,,DEM,Roger Johnson,92
Ward,Precinct 0319,Agriculture Commissioner,,REP,Doug Goehring,80
Ward,Precinct 0319,Attorney General,,DEM,Bill Brudvik,85
Ward,Precinct 0319,Attorney General,,REP,Wayne Stenehjem,85
Ward,Precinct 0319,C 1: This constitutional measure would amend section 16 of Article XI of the North Dakota Constitution,,,No,32
Ward,Precinct 0319,C 1: This constitutional measure would amend section 16 of Article XI of the North Dakota Constitution,,,Yes,153
Ward,Precinct 0319,C 2: This constitutional measure would amend certain sections and repeal other sections of Article XII of the North Dakota Constitution,,,No,35
Ward,Precinct 0319,C 2: This constitutional measure would amend certain sections and repeal other sections of Article XII of the North Dakota Constitution,,,Yes,151
Ward,Precinct 0319,Justice of the Supreme Court,,NON,Dale Sandstrom,159
Ward,Precinct 0319,Public Service Commissioner,,DEM,Cheryl Bergian,88
Ward,Precinct 0319,Public Service Commissioner,,REP,Tony Clark,82
Ward,Precinct 0319,Secretary of State,,DEM,Kristin Hedger,86
Ward,Precinct 0319,Secretary of State,,REP,Alvin A (Al) Jaeger,84
Ward,Precinct 0319,State House Legislative,3,DEM,Kari Lee Conrad,83
Ward,Precinct 0319,State House Legislative,3,DEM,Lisa Wolf,73
Ward,Precinct 0319,State House Legislative,3,REP,Andrew G Maragos,77
Ward,Precinct 0319,State House Legislative,3,REP,Mary Nester,69
Ward,Precinct 0319,State Senate Legislative District 3,,DEM,Robert (Bob) Horne,96
Ward,Precinct 0319,State Senate Legislative District 3,,REP,Randy A Schobinger,84
Ward,Precinct 0319,Tax Commissioner,,DEM,Brent Edison,88
Ward,Precinct 0319,Tax Commissioner,,REP,Cory Fong,84
Ward,Precinct 0319,U.S. House,1,DEM,Earl Pomeroy,95
Ward,Precinct 0319,U.S. House,1,REP,Matt Mechtel,81
Ward,Precinct 0319,U.S. Senate,,DEM,Kent Conrad,96
Ward,Precinct 0319,U.S. Senate,,REP,Dwight Grotberg,83
Ward,Precinct 0407,Agriculture Commissioner,,DEM,Roger Johnson,48
Ward,Precinct 0407,Agriculture Commissioner,,REP,Doug Goehring,30
Ward,Precinct 0407,Attorney General,,DEM,Bill Brudvik,44
Ward,Precinct 0407,Attorney General,,REP,Wayne Stenehjem,29
Ward,Precinct 0407,C 1: This constitutional measure would amend section 16 of Article XI of the North Dakota Constitution,,,No,18
Ward,Precinct 0407,C 1: This constitutional measure would amend section 16 of Article XI of the North Dakota Constitution,,,Yes,54
Ward,Precinct 0407,C 2: This constitutional measure would amend certain sections and repeal other sections of Article XII of the North Dakota Constitution,,,No,20
Ward,Precinct 0407,C 2: This constitutional measure would amend certain sections and repeal other sections of Article XII of the North Dakota Constitution,,,Yes,51
Ward,Precinct 0407,Justice of the Supreme Court,,NON,Dale Sandstrom,66
Ward,Precinct 0407,Public Service Commissioner,,DEM,Cheryl Bergian,42
Ward,Precinct 0407,Public Service Commissioner,,REP,Tony Clark,30
Ward,Precinct 0407,Secretary of State,,DEM,Kristin Hedger,44
Ward,Precinct 0407,Secretary of State,,REP,Alvin A (Al) Jaeger,30
Ward,Precinct 0407,Tax Commissioner,,DEM,Brent Edison,44
Ward,Precinct 0407,Tax Commissioner,,REP,Cory Fong,30
Ward,Precinct 0407,U.S. House,1,DEM,Earl Pomeroy,49
Ward,Precinct 0407,U.S. House,1,REP,Matt Mechtel,30
Ward,Precinct 0407,U.S. Senate,,DEM,Kent Conrad,49
Ward,Precinct 0407,U.S. Senate,,REP,Dwight Grotberg,30
Ward,Precinct 0411,Agriculture Commissioner,,DEM,Roger Johnson,74
Ward,Precinct 0411,Agriculture Commissioner,,REP,Doug Goehring,11
Ward,Precinct 0411,Attorney General,,DEM,Bill Brudvik,66
Ward,Precinct 0411,Attorney General,,REP,Wayne Stenehjem,13
Ward,Precinct 0411,C 1: This constitutional measure would amend section 16 of Article XI of the North Dakota Constitution,,,No,23
Ward,Precinct 0411,C 1: This constitutional measure would amend section 16 of Article XI of the North Dakota Constitution,,,Yes,65
Ward,Precinct 0411,C 2: This constitutional measure would amend certain sections and repeal other sections of Article XII of the North Dakota Constitution,,,No,26
Ward,Precinct 0411,C 2: This constitutional measure would amend certain sections and repeal other sections of Article XII of the North Dakota Constitution,,,Yes,63
Ward,Precinct 0411,Justice of the Supreme Court,,NON,Dale Sandstrom,76
Ward,Precinct 0411,Public Service Commissioner,,DEM,Cheryl Bergian,66
Ward,Precinct 0411,Public Service Commissioner,,REP,Tony Clark,8
Ward,Precinct 0411,Secretary of State,,DEM,Kristin Hedger,70
Ward,Precinct 0411,Secretary of State,,REP,Alvin A (Al) Jaeger,9
Ward,Precinct 0411,Tax Commissioner,,DEM,Brent Edison,66
Ward,Precinct 0411,Tax Commissioner,,REP,Cory Fong,9
Ward,Precinct 0411,U.S. House,1,DEM,Earl Pomeroy,77
Ward,Precinct 0411,U.S. House,1,REP,Matt Mechtel,10
Ward,Precinct 0411,U.S. Senate,,DEM,Kent Conrad,78
Ward,Precinct 0411,U.S. Senate,,REP,Dwight Grotberg,12
Ward,Precinct 0412,Agriculture Commissioner,,DEM,Roger Johnson,28
Ward,Precinct 0412,Agriculture Commissioner,,REP,Doug Goehring,34
Ward,Precinct 0412,Attorney General,,DEM,Bill Brudvik,25
Ward,Precinct 0412,Attorney General,,REP,Wayne Stenehjem,35
Ward,Precinct 0412,C 1: This constitutional measure would amend section 16 of Article XI of the North Dakota Constitution,,,No,12
Ward,Precinct 0412,C 1: This constitutional measure would amend section 16 of Article XI of the North Dakota Constitution,,,Yes,59
Ward,Precinct 0412,C 2: This constitutional measure would amend certain sections and repeal other sections of Article XII of the North Dakota Constitution,,,No,17
Ward,Precinct 0412,C 2: This constitutional measure would amend certain sections and repeal other sections of Article XII of the North Dakota Constitution,,,Yes,50
Ward,Precinct 0412,Justice of the Supreme Court,,NON,Dale Sandstrom,69
Ward,Precinct 0412,Public Service Commissioner,,DEM,Cheryl Bergian,27
Ward,Precinct 0412,Public Service Commissioner,,REP,Tony Clark,33
Ward,Precinct 0412,Secretary of State,,DEM,Kristin Hedger,26
Ward,Precinct 0412,Secretary of State,,REP,Alvin A (Al) Jaeger,35
Ward,Precinct 0412,Tax Commissioner,,DEM,Brent Edison,28
Ward,Precinct 0412,Tax Commissioner,,REP,Cory Fong,34
Ward,Precinct 0412,U.S. House,1,DEM,Earl Pomeroy,29
Ward,Precinct 0412,U.S. House,1,REP,Matt Mechtel,35
Ward,Precinct 0412,U.S. Senate,,DEM,Kent Conrad,30
Ward,Precinct 0412,U.S. Senate,,REP,Dwight Grotberg,35
Ward,Precinct 0413,Agriculture Commissioner,,DEM,Roger Johnson,37
Ward,Precinct 0413,Agriculture Commissioner,,REP,Doug Goehring,26
Ward,Precinct 0413,Attorney General,,DEM,Bill Brudvik,37
Ward,Precinct 0413,Attorney General,,REP,Wayne Stenehjem,29
Ward,Precinct 0413,C 1: This constitutional measure would amend section 16 of Article XI of the North Dakota Constitution,,,No,19
Ward,Precinct 0413,C 1: This constitutional measure would amend section 16 of Article XI of the North Dakota Constitution,,,Yes,48
Ward,Precinct 0413,C 2: This constitutional measure would amend certain sections and repeal other sections of Article XII of the North Dakota Constitution,,,No,27
Ward,Precinct 0413,C 2: This constitutional measure would amend certain sections and repeal other sections of Article XII of the North Dakota Constitution,,,Yes,39
Ward,Precinct 0413,Justice of the Supreme Court,,NON,Dale Sandstrom,54
Ward,Precinct 0413,Public Service Commissioner,,DEM,Cheryl Bergian,36
Ward,Precinct 0413,Public Service Commissioner,,REP,Tony Clark,28
Ward,Precinct 0413,Secretary of State,,DEM,Kristin Hedger,37
Ward,Precinct 0413,Secretary of State,,REP,Alvin A (Al) Jaeger,27
Ward,Precinct 0413,Tax Commissioner,,DEM,Brent Edison,37
Ward,Precinct 0413,Tax Commissioner,,REP,Cory Fong,27
Ward,Precinct 0413,U.S. House,1,DEM,Earl Pomeroy,38
Ward,Precinct 0413,U.S. House,1,REP,Matt Mechtel,26
Ward,Precinct 0413,U.S. Senate,,DEM,Kent Conrad,39
Ward,Precinct 0413,U.S. Senate,,REP,Dwight Grotberg,27
Ward,Precinct 0524,Agriculture Commissioner,,DEM,Roger Johnson,161
Ward,Precinct 0524,Agriculture Commissioner,,REP,Doug Goehring,159
Ward,Precinct 0524,Attorney General,,DEM,Bill Brudvik,143
Ward,Precinct 0524,Attorney General,,REP,Wayne Stenehjem,163
Ward,Precinct 0524,C 1: This constitutional measure would amend section 16 of Article XI of the North Dakota Constitution,,,No,44
Ward,Precinct 0524,C 1: This constitutional measure would amend section 16 of Article XI of the North Dakota Constitution,,,Yes,277
Ward,Precinct 0524,C 2: This constitutional measure would amend certain sections and repeal other sections of Article XII of the North Dakota Constitution,,,No,53
Ward,Precinct 0524,C 2: This constitutional measure would amend certain sections and repeal other sections of Article XII of the North Dakota Constitution,,,Yes,261
Ward,Precinct 0524,Justice of the Supreme Court,,NON,Dale Sandstrom,297
Ward,Precinct 0524,Public Service Commissioner,,DEM,Cheryl Bergian,145
Ward,Precinct 0524,Public Service Commissioner,,REP,Tony Clark,162
Ward,Precinct 0524,Secretary of State,,DEM,Kristin Hedger,147
Ward,Precinct 0524,Secretary of State,,REP,Alvin A (Al) Jaeger,162
Ward,Precinct 0524,State House Legislative,5,DEM,"Elwood ""Woody"" Thorpe",141
Ward,Precinct 0524,State House Legislative,5,DEM,Louis Pinkerton,146
Ward,Precinct 0524,State House Legislative,5,REP,Mike Timm,152
Ward,Precinct 0524,State House Legislative,5,REP,Roger Slotsve,138
Ward,Precinct 0524,State Senate Legislative District 5,,DEM,Tom Seymour,159
Ward,Precinct 0524,State Senate Legislative District 5,,REP,Blake Krabseth,155
Ward,Precinct 0524,Tax Commissioner,,DEM,Brent Edison,149
Ward,Precinct 0524,Tax Commissioner,,REP,Cory Fong,160
Ward,Precinct 0524,U.S. House,1,DEM,Earl Pomeroy,161
Ward,Precinct 0524,U.S. House,1,REP,Matt Mechtel,152
Ward,Precinct 0524,U.S. Senate,,DEM,Kent Conrad,166
Ward,Precinct 0524,U.S. Senate,,REP,Dwight Grotberg,154
Ward,Precinct 0527,Agriculture Commissioner,,DEM,Roger Johnson,76
Ward,Precinct 0527,Agriculture Commissioner,,REP,Doug Goehring,43
Ward,Precinct 0527,Attorney General,,DEM,Bill Brudvik,71
Ward,Precinct 0527,Attorney General,,REP,Wayne Stenehjem,44
Ward,Precinct 0527,C 1: This constitutional measure would amend section 16 of Article XI of the North Dakota Constitution,,,No,24
Ward,Precinct 0527,C 1: This constitutional measure would amend section 16 of Article XI of the North Dakota Constitution,,,Yes,114
Ward,Precinct 0527,C 2: This constitutional measure would amend certain sections and repeal other sections of Article XII of the North Dakota Constitution,,,No,44
Ward,Precinct 0527,C 2: This constitutional measure would amend certain sections and repeal other sections of Article XII of the North Dakota Constitution,,,Yes,88
Ward,Precinct 0527,Justice of the Supreme Court,,NON,Dale Sandstrom,111
Ward,Precinct 0527,Public Service Commissioner,,DEM,Cheryl Bergian,73
Ward,Precinct 0527,Public Service Commissioner,,REP,Tony Clark,43
Ward,Precinct 0527,Secretary of State,,DEM,Kristin Hedger,72
Ward,Precinct 0527,Secretary of State,,REP,Alvin A (Al) Jaeger,44
Ward,Precinct 0527,State House Legislative,5,DEM,"Elwood ""Woody"" Thorpe",69
Ward,Precinct 0527,State House Legislative,5,DEM,Louis Pinkerton,70
Ward,Precinct 0527,State House Legislative,5,REP,Mike Timm,40
Ward,Precinct 0527,State House Legislative,5,REP,Roger Slotsve,39
Ward,Precinct 0527,State Senate Legislative District 5,,DEM,Tom Seymour,81
Ward,Precinct 0527,State Senate Legislative District 5,,REP,Blake Krabseth,43
Ward,Precinct 0527,Tax Commissioner,,DEM,Brent Edison,72
Ward,Precinct 0527,Tax Commissioner,,REP,Cory Fong,44
Ward,Precinct 0527,U.S. House,1,DEM,Earl Pomeroy,84
Ward,Precinct 0527,U.S. House,1,REP,Matt Mechtel,42
Ward,Precinct 0527,U.S. Senate,,DEM,Kent Conrad,85
Ward,Precinct 0527,U.S. Senate,,REP,Dwight Grotberg,42
Ward,Precinct 0528,Agriculture Commissioner,,DEM,Roger Johnson,158
Ward,Precinct 0528,Agriculture Commissioner,,REP,Doug Goehring,127
Ward,Precinct 0528,Attorney General,,DEM,Bill Brudvik,139
Ward,Precinct 0528,Attorney General,,REP,Wayne Stenehjem,132
Ward,Precinct 0528,C 1: This constitutional measure would amend section 16 of Article XI of the North Dakota Constitution,,,No,59
Ward,Precinct 0528,C 1: This constitutional measure would amend section 16 of Article XI of the North Dakota Constitution,,,Yes,241
Ward,Precinct 0528,C 2: This constitutional measure would amend certain sections and repeal other sections of Article XII of the North Dakota Constitution,,,No,65
Ward,Precinct 0528,C 2: This constitutional measure would amend certain sections and repeal other sections of Article XII of the North Dakota Constitution,,,Yes,225
Ward,Precinct 0528,Justice of the Supreme Court,,NON,Dale Sandstrom,255
Ward,Precinct 0528,Public Service Commissioner,,DEM,Cheryl Bergian,139
Ward,Precinct 0528,Public Service Commissioner,,REP,Tony Clark,127
Ward,Precinct 0528,Secretary of State,,DEM,Kristin Hedger,146
Ward,Precinct 0528,Secretary of State,,REP,Alvin A (Al) Jaeger,130
Ward,Precinct 0528,State House Legislative,5,DEM,"Elwood ""Woody"" Thorpe",146
Ward,Precinct 0528,State House Legislative,5,DEM,Louis Pinkerton,146
Ward,Precinct 0528,State House Legislative,5,REP,Mike Timm,126
Ward,Precinct 0528,State House Legislative,5,REP,Roger Slotsve,115
Ward,Precinct 0528,State Senate Legislative District 5,,DEM,Tom Seymour,162
Ward,Precinct 0528,State Senate Legislative District 5,,REP,Blake Krabseth,122
Ward,Precinct 0528,Tax Commissioner,,DEM,Brent Edison,147
Ward,Precinct 0528,Tax Commissioner,,REP,Cory Fong,128
Ward,Precinct 0528,U.S. House,1,DEM,Earl Pomeroy,168
Ward,Precinct 0528,U.S. House,1,REP,Matt Mechtel,117
Ward,Precinct 0528,U.S. Senate,,DEM,Kent Conrad,169
Ward,Precinct 0528,U.S. Senate,,REP,Dwight Grotberg,119
Ward,Precinct 0529,Agriculture Commissioner,,DEM,Roger Johnson,228
Ward,Precinct 0529,Agriculture Commissioner,,REP,Doug Goehring,222
Ward,Precinct 0529,Attorney General,,DEM,Bill Brudvik,199
Ward,Precinct 0529,Attorney General,,REP,Wayne Stenehjem,235
Ward,Precinct 0529,C 1: This constitutional measure would amend section 16 of Article XI of the North Dakota Constitution,,,No,71
Ward,Precinct 0529,C 1: This constitutional measure would amend section 16 of Article XI of the North Dakota Constitution,,,Yes,413
Ward,Precinct 0529,C 2: This constitutional measure would amend certain sections and repeal other sections of Article XII of the North Dakota Constitution,,,No,93
Ward,Precinct 0529,C 2: This constitutional measure would amend certain sections and repeal other sections of Article XII of the North Dakota Constitution,,,Yes,377
Ward,Precinct 0529,Justice of the Supreme Court,,NON,Dale Sandstrom,426
Ward,Precinct 0529,Public Service Commissioner,,DEM,Cheryl Bergian,204
Ward,Precinct 0529,Public Service Commissioner,,REP,Tony Clark,221
Ward,Precinct 0529,Secretary of State,,DEM,Kristin Hedger,205
Ward,Precinct 0529,Secretary of State,,REP,Alvin A (Al) Jaeger,232
Ward,Precinct 0529,State House Legislative,5,DEM,"Elwood ""Woody"" Thorpe",212
Ward,Precinct 0529,State House Legislative,5,DEM,Louis Pinkerton,208
Ward,Precinct 0529,State House Legislative,5,REP,Mike Timm,219
Ward,Precinct 0529,State House Legislative,5,REP,Roger Slotsve,205
Ward,Precinct 0529,State Senate Legislative District 5,,DEM,Tom Seymour,238
Ward,Precinct 0529,State Senate Legislative District 5,,REP,Blake Krabseth,214
Ward,Precinct 0529,Tax Commissioner,,DEM,Brent Edison,209
Ward,Precinct 0529,Tax Commissioner,,REP,Cory Fong,222
Ward,Precinct 0529,U.S. House,1,DEM,Earl Pomeroy,247
Ward,Precinct 0529,U.S. House,1,REP,Matt Mechtel,223
Ward,Precinct 0529,U.S. Senate,,DEM,Kent Conrad,251
Ward,Precinct 0529,U.S. Senate,,REP,Dwight Grotberg,225
Ward,Precinct 0530,Agriculture Commissioner,,DEM,Roger Johnson,83
Ward,Precinct 0530,Agriculture Commissioner,,REP,Doug Goehring,61
Ward,Precinct 0530,Attorney General,,DEM,Bill Brudvik,67
Ward,Precinct 0530,Attorney General,,REP,Wayne Stenehjem,62
Ward,Precinct 0530,C 1: This constitutional measure would amend section 16 of Article XI of the North Dakota Constitution,,,No,37
Ward,Precinct 0530,C 1: This constitutional measure would amend section 16 of Article XI of the North Dakota Constitution,,,Yes,114
Ward,Precinct 0530,C 2: This constitutional measure would amend certain sections and repeal other sections of Article XII of the North Dakota Constitution,,,No,55
Ward,Precinct 0530,C 2: This constitutional measure would amend certain sections and repeal other sections of Article XII of the North Dakota Constitution,,,Yes,93
Ward,Precinct 0530,Justice of the Supreme Court,,NON,Dale Sandstrom,123
Ward,Precinct 0530,Public Service Commissioner,,DEM,Cheryl Bergian,70
Ward,Precinct 0530,Public Service Commissioner,,REP,Tony Clark,59
Ward,Precinct 0530,Secretary of State,,DEM,Kristin Hedger,69
Ward,Precinct 0530,Secretary of State,,REP,Alvin A (Al) Jaeger,61
Ward,Precinct 0530,State House Legislative,5,DEM,"Elwood ""Woody"" Thorpe",72
Ward,Precinct 0530,State House Legislative,5,DEM,Louis Pinkerton,71
Ward,Precinct 0530,State House Legislative,5,REP,Mike Timm,53
Ward,Precinct 0530,State House Legislative,5,REP,Roger Slotsve,57
Ward,Precinct 0530,State Senate Legislative District 5,,DEM,Tom Seymour,78
Ward,Precinct 0530,State Senate Legislative District 5,,REP,Blake Krabseth,60
Ward,Precinct 0530,Tax Commissioner,,DEM,Brent Edison,70
Ward,Precinct 0530,Tax Commissioner,,REP,Cory Fong,59
Ward,Precinct 0530,U.S. House,1,DEM,Earl Pomeroy,85
Ward,Precinct 0530,U.S. House,1,REP,Matt Mechtel,61
Ward,Precinct 0530,U.S. Senate,,DEM,Kent Conrad,86
Ward,Precinct 0530,U.S. Senate,,REP,Dwight Grotberg,60
Ward,Precinct 0531,Agriculture Commissioner,,DEM,Roger Johnson,88
Ward,Precinct 0531,Agriculture Commissioner,,REP,Doug Goehring,63
Ward,Precinct 0531,Attorney General,,DEM,Bill Brudvik,78
Ward,Precinct 0531,Attorney General,,REP,Wayne Stenehjem,62
Ward,Precinct 0531,C 1: This constitutional measure would amend section 16 of Article XI of the North Dakota Constitution,,,No,21
Ward,Precinct 0531,C 1: This constitutional measure would amend section 16 of Article XI of the North Dakota Constitution,,,Yes,135
Ward,Precinct 0531,C 2: This constitutional measure would amend certain sections and repeal other sections of Article XII of the North Dakota Constitution,,,No,30
Ward,Precinct 0531,C 2: This constitutional measure would amend certain sections and repeal other sections of Article XII of the North Dakota Constitution,,,Yes,123
Ward,Precinct 0531,Justice of the Supreme Court,,NON,Dale Sandstrom,130
Ward,Precinct 0531,Public Service Commissioner,,DEM,Cheryl Bergian,81
Ward,Precinct 0531,Public Service Commissioner,,REP,Tony Clark,62
Ward,Precinct 0531,Secretary of State,,DEM,Kristin Hedger,82
Ward,Precinct 0531,Secretary of State,,REP,Alvin A (Al) Jaeger,63
Ward,Precinct 0531,State House Legislative,5,DEM,"Elwood ""Woody"" Thorpe",79
Ward,Precinct 0531,State House Legislative,5,DEM,Louis Pinkerton,69
Ward,Precinct 0531,State House Legislative,5,REP,Mike Timm,57
Ward,Precinct 0531,State House Legislative,5,REP,Roger Slotsve,58
Ward,Precinct 0531,State Senate Legislative District 5,,DEM,Tom Seymour,85
Ward,Precinct 0531,State Senate Legislative District 5,,REP,Blake Krabseth,60
Ward,Precinct 0531,Tax Commissioner,,DEM,Brent Edison,83
Ward,Precinct 0531,Tax Commissioner,,REP,Cory Fong,61
Ward,Precinct 0531,U.S. House,1,DEM,Earl Pomeroy,89
Ward,Precinct 0531,U.S. House,1,REP,Matt Mechtel,60
Ward,Precinct 0531,U.S. Senate,,DEM,Kent Conrad,92
Ward,Precinct 0531,U.S. Senate,,REP,Dwight Grotberg,61
Ward,Precinct 0602,Agriculture Commissioner,,DEM,Roger Johnson,102
Ward,Precinct 0602,Agriculture Commissioner,,REP,Doug Goehring,66
Ward,Precinct 0602,Attorney General,,DEM,Bill Brudvik,84
Ward,Precinct 0602,Attorney General,,REP,Wayne Stenehjem,75
Ward,Precinct 0602,C 1: This constitutional measure would amend section 16 of Article XI of the North Dakota Constitution,,,No,43
Ward,Precinct 0602,C 1: This constitutional measure would amend section 16 of Article XI of the North Dakota Constitution,,,Yes,134
Ward,Precinct 0602,C 2: This constitutional measure would amend certain sections and repeal other sections of Article XII of the North Dakota Constitution,,,No,75
Ward,Precinct 0602,C 2: This constitutional measure would amend certain sections and repeal other sections of Article XII of the North Dakota Constitution,,,Yes,99
Ward,Precinct 0602,Justice of the Supreme Court,,NON,Dale Sandstrom,150
Ward,Precinct 0602,Public Service Commissioner,,DEM,Cheryl Bergian,87
Ward,Precinct 0602,Public Service Commissioner,,REP,Tony Clark,76
Ward,Precinct 0602,Secretary of State,,DEM,Kristin Hedger,87
Ward,Precinct 0602,Secretary of State,,REP,Alvin A (Al) Jaeger,75
Ward,Precinct 0602,Tax Commissioner,,DEM,Brent Edison,91
Ward,Precinct 0602,Tax Commissioner,,REP,Cory Fong,69
Ward,Precinct 0602,U.S. House,1,DEM,Earl Pomeroy,101
Ward,Precinct 0602,U.S. House,1,REP,Matt Mechtel,73
Ward,Precinct 0602,U.S. Senate,,DEM,Kent Conrad,106
Ward,Precinct 0602,U.S. Senate,,REP,Dwight Grotberg,77
Ward,Precinct 0604,Agriculture Commissioner,,DEM,Roger Johnson,32
Ward,Precinct 0604,Agriculture Commissioner,,REP,Doug Goehring,41
Ward,Precinct 0604,Attorney General,,DEM,Bill Brudvik,26
Ward,Precinct 0604,Attorney General,,REP,Wayne Stenehjem,43
Ward,Precinct 0604,C 1: This constitutional measure would amend section 16 of Article XI of the North Dakota Constitution,,,No,12
Ward,Precinct 0604,C 1: This constitutional measure would amend section 16 of Article XI of the North Dakota Constitution,,,Yes,51
Ward,Precinct 0604,C 2: This constitutional measure would amend certain sections and repeal other sections of Article XII of the North Dakota Constitution,,,No,16
Ward,Precinct 0604,C 2: This constitutional measure would amend certain sections and repeal other sections of Article XII of the North Dakota Constitution,,,Yes,49
Ward,Precinct 0604,Justice of the Supreme Court,,NON,Dale Sandstrom,63
Ward,Precinct 0604,Public Service Commissioner,,DEM,Cheryl Bergian,27
Ward,Precinct 0604,Public Service Commissioner,,REP,Tony Clark,40
Ward,Precinct 0604,Secretary of State,,DEM,Kristin Hedger,25
Ward,Precinct 0604,Secretary of State,,REP,Alvin A (Al) Jaeger,42
Ward,Precinct 0604,Tax Commissioner,,DEM,Brent Edison,26
Ward,Precinct 0604,Tax Commissioner,,REP,Cory Fong,41
Ward,Precinct 0604,U.S. House,1,DEM,Earl Pomeroy,32
Ward,Precinct 0604,U.S. House,1,REP,Matt Mechtel,42
Ward,Precinct 0604,U.S. Senate,,DEM,Kent Conrad,32
Ward,Precinct 0604,U.S. Senate,,REP,Dwight Grotberg,42
Ward,Precinct 0606,Agriculture Commissioner,,DEM,Roger Johnson,62
Ward,Precinct 0606,Agriculture Commissioner,,REP,Doug Goehring,53
Ward,Precinct 0606,Attorney General,,DEM,Bill Brudvik,53
Ward,Precinct 0606,Attorney General,,REP,Wayne Stenehjem,55
Ward,Precinct 0606,C 1: This constitutional measure would amend section 16 of Article XI of the North Dakota Constitution,,,No,24
Ward,Precinct 0606,C 1: This constitutional measure would amend section 16 of Article XI of the North Dakota Constitution,,,Yes,87
Ward,Precinct 0606,C 2: This constitutional measure would amend certain sections and repeal other sections of Article XII of the North Dakota Constitution,,,No,27
Ward,Precinct 0606,C 2: This constitutional measure would amend certain sections and repeal other sections of Article XII of the North Dakota Constitution,,,Yes,79
Ward,Precinct 0606,Justice of the Supreme Court,,NON,Dale Sandstrom,112
Ward,Precinct 0606,Public Service Commissioner,,DEM,Cheryl Bergian,52
Ward,Precinct 0606,Public Service Commissioner,,REP,Tony Clark,53
Ward,Precinct 0606,Secretary of State,,DEM,Kristin Hedger,56
Ward,Precinct 0606,Secretary of State,,REP,Alvin A (Al) Jaeger,55
Ward,Precinct 0606,Tax Commissioner,,DEM,Brent Edison,56
Ward,Precinct 0606,Tax Commissioner,,REP,Cory Fong,52
Ward,Precinct 0606,U.S. House,1,DEM,Earl Pomeroy,65
Ward,Precinct 0606,U.S. House,1,REP,Matt Mechtel,51
Ward,Precinct 0606,U.S. Senate,,DEM,Kent Conrad,64
Ward,Precinct 0606,U.S. Senate,,REP,Dwight Grotberg,52
Ward,Precinct 3801,Agriculture Commissioner,,DEM,Roger Johnson,22
Ward,Precinct 3801,Agriculture Commissioner,,REP,Doug Goehring,20
Ward,Precinct 3801,Attorney General,,DEM,Bill Brudvik,20
Ward,Precinct 3801,Attorney General,,REP,Wayne Stenehjem,20
Ward,Precinct 3801,C 1: This constitutional measure would amend section 16 of Article XI of the North Dakota Constitution,,,No,13
Ward,Precinct 3801,C 1: This constitutional measure would amend section 16 of Article XI of the North Dakota Constitution,,,Yes,30
Ward,Precinct 3801,C 2: This constitutional measure would amend certain sections and repeal other sections of Article XII of the North Dakota Constitution,,,No,15
Ward,Precinct 3801,C 2: This constitutional measure would amend certain sections and repeal other sections of Article XII of the North Dakota Constitution,,,Yes,27
Ward,Precinct 3801,Justice of the Supreme Court,,NON,Dale Sandstrom,39
Ward,Precinct 3801,Public Service Commissioner,,DEM,Cheryl Bergian,21
Ward,Precinct 3801,Public Service Commissioner,,REP,Tony Clark,19
Ward,Precinct 3801,Secretary of State,,DEM,Kristin Hedger,20
Ward,Precinct 3801,Secretary of State,,REP,Alvin A (Al) Jaeger,20
Ward,Precinct 3801,Tax Commissioner,,DEM,Brent Edison,21
Ward,Precinct 3801,Tax Commissioner,,REP,Cory Fong,19
Ward,Precinct 3801,U.S. House,1,DEM,Earl Pomeroy,24
Ward,Precinct 3801,U.S. House,1,REP,Matt Mechtel,19
Ward,Precinct 3801,U.S. Senate,,DEM,Kent Conrad,23
Ward,Precinct 3801,U.S. Senate,,REP,Dwight Grotberg,19
Ward,Precinct 3803,Agriculture Commissioner,,DEM,Roger Johnson,107
Ward,Precinct 3803,Agriculture Commissioner,,REP,Doug Goehring,65
Ward,Precinct 3803,Attorney General,,DEM,Bill Brudvik,99
Ward,Precinct 3803,Attorney General,,REP,Wayne Stenehjem,69
Ward,Precinct 3803,C 1: This constitutional measure would amend section 16 of Article XI of the North Dakota Constitution,,,No,47
Ward,Precinct 3803,C 1: This constitutional measure would amend section 16 of Article XI of the North Dakota Constitution,,,Yes,127
Ward,Precinct 3803,C 2: This constitutional measure would amend certain sections and repeal other sections of Article XII of the North Dakota Constitution,,,No,57
Ward,Precinct 3803,C 2: This constitutional measure would amend certain sections and repeal other sections of Article XII of the North Dakota Constitution,,,Yes,110
Ward,Precinct 3803,Justice of the Supreme Court,,NON,Dale Sandstrom,147
Ward,Precinct 3803,Public Service Commissioner,,DEM,Cheryl Bergian,100
Ward,Precinct 3803,Public Service Commissioner,,REP,Tony Clark,63
Ward,Precinct 3803,Secretary of State,,DEM,Kristin Hedger,103
Ward,Precinct 3803,Secretary of State,,REP,Alvin A (Al) Jaeger,66
Ward,Precinct 3803,Tax Commissioner,,DEM,Brent Edison,100
Ward,Precinct 3803,Tax Commissioner,,REP,Cory Fong,66
Ward,Precinct 3803,U.S. House,1,DEM,Earl Pomeroy,109
Ward,Precinct 3803,U.S. House,1,REP,Matt Mechtel,64
Ward,Precinct 3803,U.S. Senate,,DEM,Kent Conrad,110
Ward,Precinct 3803,U.S. Senate,,REP,Dwight Grotberg,64
Ward,Precinct 3805,Agriculture Commissioner,,DEM,Roger Johnson,39
Ward,Precinct 3805,Agriculture Commissioner,,REP,Doug Goehring,44
Ward,Precinct 3805,Attorney General,,DEM,Bill Brudvik,32
Ward,Precinct 3805,Attorney General,,REP,Wayne Stenehjem,45
Ward,Precinct 3805,C 1: This constitutional measure would amend section 16 of Article XI of the North Dakota Constitution,,,No,18
Ward,Precinct 3805,C 1: This constitutional measure would amend section 16 of Article XI of the North Dakota Constitution,,,Yes,81
Ward,Precinct 3805,C 2: This constitutional measure would amend certain sections and repeal other sections of Article XII of the North Dakota Constitution,,,No,14
Ward,Precinct 3805,C 2: This constitutional measure would amend certain sections and repeal other sections of Article XII of the North Dakota Constitution,,,Yes,85
Ward,Precinct 3805,Justice of the Supreme Court,,NON,Dale Sandstrom,82
Ward,Precinct 3805,Public Service Commissioner,,DEM,Cheryl Bergian,36
Ward,Precinct 3805,Public Service Commissioner,,REP,Tony Clark,43
Ward,Precinct 3805,Secretary of State,,DEM,Kristin Hedger,34
Ward,Precinct 3805,Secretary of State,,REP,Alvin A (Al) Jaeger,45
Ward,Precinct 3805,Tax Commissioner,,DEM,Brent Edison,35
Ward,Precinct 3805,Tax Commissioner,,REP,Cory Fong,43
Ward,Precinct 3805,U.S. House,1,DEM,Earl Pomeroy,44
Ward,Precinct 3805,U.S. House,1,REP,Matt Mechtel,42
Ward,Precinct 3805,U.S. Senate,,DEM,Kent Conrad,47
Ward,Precinct 3805,U.S. Senate,,REP,Dwight Grotberg,42
Ward,Precinct 3809,Agriculture Commissioner,,DEM,Roger Johnson,7
Ward,Precinct 3809,Agriculture Commissioner,,REP,Doug Goehring,7
Ward,Precinct 3809,Attorney General,,DEM,Bill Brudvik,5
Ward,Precinct 3809,Attorney General,,REP,Wayne Stenehjem,8
Ward,Precinct 3809,C 1: This constitutional measure would amend section 16 of Article XI of the North Dakota Constitution,,,No,5
Ward,Precinct 3809,C 1: This constitutional measure would amend section 16 of Article XI of the North Dakota Constitution,,,Yes,10
Ward,Precinct 3809,C 2: This constitutional measure would amend certain sections and repeal other sections of Article XII of the North Dakota Constitution,,,No,4
Ward,Precinct 3809,C 2: This constitutional measure would amend certain sections and repeal other sections of Article XII of the North Dakota Constitution,,,Yes,11
Ward,Precinct 3809,Justice of the Supreme Court,,NON,Dale Sandstrom,14
Ward,Precinct 3809,Public Service Commissioner,,DEM,Cheryl Bergian,7
Ward,Precinct 3809,Public Service Commissioner,,REP,Tony Clark,7
Ward,Precinct 3809,Secretary of State,,DEM,Kristin Hedger,6
Ward,Precinct 3809,Secretary of State,,REP,Alvin A (Al) Jaeger,8
Ward,Precinct 3809,Tax Commissioner,,DEM,Brent Edison,6
Ward,Precinct 3809,Tax Commissioner,,REP,Cory Fong,8
Ward,Precinct 3809,U.S. House,1,DEM,Earl Pomeroy,7
Ward,Precinct 3809,U.S. House,1,REP,Matt Mechtel,7
Ward,Precinct 3809,U.S. Senate,,DEM,Kent Conrad,7
Ward,Precinct 3809,U.S. Senate,,REP,Dwight Grotberg,7
Ward,Precinct 3823,Agriculture Commissioner,,DEM,Roger Johnson,227
Ward,Precinct 3823,Agriculture Commissioner,,REP,Doug Goehring,198
Ward,Precinct 3823,Attorney General,,DEM,Bill Brudvik,212
Ward,Precinct 3823,Attorney General,,REP,Wayne Stenehjem,205
Ward,Precinct 3823,C 1: This constitutional measure would amend section 16 of Article XI of the North Dakota Constitution,,,No,73
Ward,Precinct 3823,C 1: This constitutional measure would amend section 16 of Article XI of the North Dakota Constitution,,,Yes,402
Ward,Precinct 3823,C 2: This constitutional measure would amend certain sections and repeal other sections of Article XII of the North Dakota Constitution,,,No,106
Ward,Precinct 3823,C 2: This constitutional measure would amend certain sections and repeal other sections of Article XII of the North Dakota Constitution,,,Yes,360
Ward,Precinct 3823,Justice of the Supreme Court,,NON,Dale Sandstrom,393
Ward,Precinct 3823,Public Service Commissioner,,DEM,Cheryl Bergian,213
Ward,Precinct 3823,Public Service Commissioner,,REP,Tony Clark,196
Ward,Precinct 3823,Secretary of State,,DEM,Kristin Hedger,215
Ward,Precinct 3823,Secretary of State,,REP,Alvin A (Al) Jaeger,200
Ward,Precinct 3823,Tax Commissioner,,DEM,Brent Edison,213
Ward,Precinct 3823,Tax Commissioner,,REP,Cory Fong,195
Ward,Precinct 3823,U.S. House,1,DEM,Earl Pomeroy,243
Ward,Precinct 3823,U.S. House,1,REP,Matt Mechtel,190
Ward,Precinct 3823,U.S. Senate,,DEM,Kent Conrad,247
Ward,Precinct 3823,U.S. Senate,,REP,Dwight Grotberg,189
Ward,Precinct 3826,Agriculture Commissioner,,DEM,Roger Johnson,160
Ward,Precinct 3826,Agriculture Commissioner,,REP,Doug Goehring,101
Ward,Precinct 3826,Attorney General,,DEM,Bill Brudvik,147
Ward,Precinct 3826,Attorney General,,REP,Wayne Stenehjem,109
Ward,Precinct 3826,C 1: This constitutional measure would amend section 16 of Article XI of the North Dakota Constitution,,,No,45
Ward,Precinct 3826,C 1: This constitutional measure would amend section 16 of Article XI of the North Dakota Constitution,,,Yes,220
Ward,Precinct 3826,C 2: This constitutional measure would amend certain sections and repeal other sections of Article XII of the North Dakota Constitution,,,No,56
Ward,Precinct 3826,C 2: This constitutional measure would amend certain sections and repeal other sections of Article XII of the North Dakota Constitution,,,Yes,203
Ward,Precinct 3826,Justice of the Supreme Court,,NON,Dale Sandstrom,241
Ward,Precinct 3826,Public Service Commissioner,,DEM,Cheryl Bergian,151
Ward,Precinct 3826,Public Service Commissioner,,REP,Tony Clark,104
Ward,Precinct 3826,Secretary of State,,DEM,Kristin Hedger,148
Ward,Precinct 3826,Secretary of State,,REP,Alvin A (Al) Jaeger,104
Ward,Precinct 3826,Tax Commissioner,,DEM,Brent Edison,154
Ward,Precinct 3826,Tax Commissioner,,REP,Cory Fong,101
Ward,Precinct 3826,U.S. House,1,DEM,Earl Pomeroy,162
Ward,Precinct 3826,U.S. House,1,REP,Matt Mechtel,99
Ward,Precinct 3826,U.S. Senate,,DEM,Kent Conrad,166
Ward,Precinct 3826,U.S. Senate,,REP,Dwight Grotberg,101
Ward,Precinct 3832,Agriculture Commissioner,,DEM,Roger Johnson,65
Ward,Precinct 3832,Agriculture Commissioner,,REP,Doug Goehring,40
Ward,Precinct 3832,Attorney General,,DEM,Bill Brudvik,54
Ward,Precinct 3832,Attorney General,,REP,Wayne Stenehjem,42
Ward,Precinct 3832,C 1: This constitutional measure would amend section 16 of Article XI of the North Dakota Constitution,,,No,14
Ward,Precinct 3832,C 1: This constitutional measure would amend section 16 of Article XI of the North Dakota Constitution,,,Yes,87
Ward,Precinct 3832,C 2: This constitutional measure would amend certain sections and repeal other sections of Article XII of the North Dakota Constitution,,,No,23
Ward,Precinct 3832,C 2: This constitutional measure would amend certain sections and repeal other sections of Article XII of the North Dakota Constitution,,,Yes,77
Ward,Precinct 3832,Justice of the Supreme Court,,NON,Dale Sandstrom,91
Ward,Precinct 3832,Public Service Commissioner,,DEM,Cheryl Bergian,54
Ward,Precinct 3832,Public Service Commissioner,,REP,Tony Clark,40
Ward,Precinct 3832,Secretary of State,,DEM,Kristin Hedger,56
Ward,Precinct 3832,Secretary of State,,REP,Alvin A (Al) Jaeger,41
Ward,Precinct 3832,Tax Commissioner,,DEM,Brent Edison,58
Ward,Precinct 3832,Tax Commissioner,,REP,Cory Fong,39
Ward,Precinct 3832,U.S. House,1,DEM,Earl Pomeroy,67
Ward,Precinct 3832,U.S. House,1,REP,Matt Mechtel,40
Ward,Precinct 3832,U.S. Senate,,DEM,Kent Conrad,67
Ward,Precinct 3832,U.S. Senate,,REP,Dwight Grotberg,40
Ward,Precinct 4010,Agriculture Commissioner,,DEM,Roger Johnson,17
Ward,Precinct 4010,Agriculture Commissioner,,REP,Doug Goehring,10
Ward,Precinct 4010,Attorney General,,DEM,Bill Brudvik,16
Ward,Precinct 4010,Attorney General,,REP,Wayne Stenehjem,9
Ward,Precinct 4010,C 1: This constitutional measure would amend section 16 of Article XI of the North Dakota Constitution,,,No,3
Ward,Precinct 4010,C 1: This constitutional measure would amend section 16 of Article XI of the North Dakota Constitution,,,Yes,21
Ward,Precinct 4010,C 2: This constitutional measure would amend certain sections and repeal other sections of Article XII of the North Dakota Constitution,,,No,6
Ward,Precinct 4010,C 2: This constitutional measure would amend certain sections and repeal other sections of Article XII of the North Dakota Constitution,,,Yes,17
Ward,Precinct 4010,Justice of the Supreme Court,,NON,Dale Sandstrom,22
Ward,Precinct 4010,Public Service Commissioner,,DEM,Cheryl Bergian,16
Ward,Precinct 4010,Public Service Commissioner,,REP,Tony Clark,10
Ward,Precinct 4010,Secretary of State,,DEM,Kristin Hedger,17
Ward,Precinct 4010,Secretary of State,,REP,Alvin A (Al) Jaeger,10
Ward,Precinct 4010,Tax Commissioner,,DEM,Brent Edison,16
Ward,Precinct 4010,Tax Commissioner,,REP,Cory Fong,10
Ward,Precinct 4010,U.S. House,1,DEM,Earl Pomeroy,17
Ward,Precinct 4010,U.S. House,1,REP,Matt Mechtel,10
Ward,Precinct 4010,U.S. Senate,,DEM,Kent Conrad,17
Ward,Precinct 4010,U.S. Senate,,REP,Dwight Grotberg,10
Ward,Precinct 4020,Agriculture Commissioner,,DEM,Roger Johnson,60
Ward,Precinct 4020,Agriculture Commissioner,,REP,Doug Goehring,41
Ward,Precinct 4020,Attorney General,,DEM,Bill Brudvik,52
Ward,Precinct 4020,Attorney General,,REP,Wayne Stenehjem,42
Ward,Precinct 4020,C 1: This constitutional measure would amend section 16 of Article XI of the North Dakota Constitution,,,No,27
Ward,Precinct 4020,C 1: This constitutional measure would amend section 16 of Article XI of the North Dakota Constitution,,,Yes,83
Ward,Precinct 4020,C 2: This constitutional measure would amend certain sections and repeal other sections of Article XII of the North Dakota Constitution,,,No,32
Ward,Precinct 4020,C 2: This constitutional measure would amend certain sections and repeal other sections of Article XII of the North Dakota Constitution,,,Yes,77
Ward,Precinct 4020,Justice of the Supreme Court,,NON,Dale Sandstrom,88
Ward,Precinct 4020,Public Service Commissioner,,DEM,Cheryl Bergian,53
Ward,Precinct 4020,Public Service Commissioner,,REP,Tony Clark,41
Ward,Precinct 4020,Secretary of State,,DEM,Kristin Hedger,53
Ward,Precinct 4020,Secretary of State,,REP,Alvin A (Al) Jaeger,41
Ward,Precinct 4020,Tax Commissioner,,DEM,Brent Edison,54
Ward,Precinct 4020,Tax Commissioner,,REP,Cory Fong,39
Ward,Precinct 4020,U.S. House,1,DEM,Earl Pomeroy,59
Ward,Precinct 4020,U.S. House,1,REP,Matt Mechtel,40
Ward,Precinct 4020,U.S. Senate,,DEM,Kent Conrad,61
Ward,Precinct 4020,U.S. Senate,,REP,Dwight Grotberg,40
Ward,Precinct 4021,Agriculture Commissioner,,DEM,Roger Johnson,156
Ward,Precinct 4021,Agriculture Commissioner,,REP,Doug Goehring,95
Ward,Precinct 4021,Attorney General,,DEM,Bill Brudvik,144
Ward,Precinct 4021,Attorney General,,REP,Wayne Stenehjem,97
Ward,Precinct 4021,C 1: This constitutional measure would amend section 16 of Article XI of the North Dakota Constitution,,,No,48
Ward,Precinct 4021,C 1: This constitutional measure would amend section 16 of Article XI of the North Dakota Constitution,,,Yes,216
Ward,Precinct 4021,C 2: This constitutional measure would amend certain sections and repeal other sections of Article XII of the North Dakota Constitution,,,No,69
Ward,Precinct 4021,C 2: This constitutional measure would amend certain sections and repeal other sections of Article XII of the North Dakota Constitution,,,Yes,188
Ward,Precinct 4021,Justice of the Supreme Court,,NON,Dale Sandstrom,240
Ward,Precinct 4021,Public Service Commissioner,,DEM,Cheryl Bergian,147
Ward,Precinct 4021,Public Service Commissioner,,REP,Tony Clark,95
Ward,Precinct 4021,Secretary of State,,DEM,Kristin Hedger,144
Ward,Precinct 4021,Secretary of State,,REP,Alvin A (Al) Jaeger,97
Ward,Precinct 4021,Tax Commissioner,,DEM,Brent Edison,147
Ward,Precinct 4021,Tax Commissioner,,REP,Cory Fong,93
Ward,Precinct 4021,U.S. House,1,DEM,Earl Pomeroy,165
Ward,Precinct 4021,U.S. House,1,REP,Matt Mechtel,94
Ward,Precinct 4021,U.S. Senate,,DEM,Kent Conrad,167
Ward,Precinct 4021,U.S. Senate,,REP,Dwight Grotberg,95
Ward,Precinct 4022,Agriculture Commissioner,,DEM,Roger Johnson,153
Ward,Precinct 4022,Agriculture Commissioner,,REP,Doug Goehring,108
Ward,Precinct 4022,Attorney General,,DEM,Bill Brudvik,145
Ward,Precinct 4022,Attorney General,,REP,Wayne Stenehjem,110
Ward,Precinct 4022,C 1: This constitutional measure would amend section 16 of Article XI of the North Dakota Constitution,,,No,42
Ward,Precinct 4022,C 1: This constitutional measure would amend section 16 of Article XI of the North Dakota Constitution,,,Yes,222
Ward,Precinct 4022,C 2: This constitutional measure would amend certain sections and repeal other sections of Article XII of the North Dakota Constitution,,,No,43
Ward,Precinct 4022,C 2: This constitutional measure would amend certain sections and repeal other sections of Article XII of the North Dakota Constitution,,,Yes,217
Ward,Precinct 4022,Justice of the Supreme Court,,NON,Dale Sandstrom,231
Ward,Precinct 4022,Public Service Commissioner,,DEM,Cheryl Bergian,143
Ward,Precinct 4022,Public Service Commissioner,,REP,Tony Clark,107
Ward,Precinct 4022,Secretary of State,,DEM,Kristin Hedger,147
Ward,Precinct 4022,Secretary of State,,REP,Alvin A (Al) Jaeger,110
Ward,Precinct 4022,Tax Commissioner,,DEM,Brent Edison,145
Ward,Precinct 4022,Tax Commissioner,,REP,Cory Fong,106
Ward,Precinct 4022,U.S. House,1,DEM,Earl Pomeroy,158
Ward,Precinct 4022,U.S. House,1,REP,Matt Mechtel,102
Ward,Precinct 4022,U.S. Senate,,DEM,Kent Conrad,161
Ward,Precinct 4022,U.S. Senate,,REP,Dwight Grotberg,102
Ward,Precinct 4025,Agriculture Commissioner,,DEM,Roger Johnson,73
Ward,Precinct 4025,Agriculture Commissioner,,REP,Doug Goehring,41
Ward,Precinct 4025,Attorney General,,DEM,Bill Brudvik,63
Ward,Precinct 4025,Attorney General,,REP,Wayne Stenehjem,41
Ward,Precinct 4025,C 1: This constitutional measure would amend section 16 of Article XI of the North Dakota Constitution,,,No,24
Ward,Precinct 4025,C 1: This constitutional measure would amend section 16 of Article XI of the North Dakota Constitution,,,Yes,91
Ward,Precinct 4025,C 2: This constitutional measure would amend certain sections and repeal other sections of Article XII of the North Dakota Constitution,,,No,30
Ward,Precinct 4025,C 2: This constitutional measure would amend certain sections and repeal other sections of Article XII of the North Dakota Constitution,,,Yes,86
Ward,Precinct 4025,Justice of the Supreme Court,,NON,Dale Sandstrom,95
Ward,Precinct 4025,Public Service Commissioner,,DEM,Cheryl Bergian,67
Ward,Precinct 4025,Public Service Commissioner,,REP,Tony Clark,42
Ward,Precinct 4025,Secretary of State,,DEM,Kristin Hedger,66
Ward,Precinct 4025,Secretary of State,,REP,Alvin A (Al) Jaeger,43
Ward,Precinct 4025,Tax Commissioner,,DEM,Brent Edison,70
Ward,Precinct 4025,Tax Commissioner,,REP,Cory Fong,41
Ward,Precinct 4025,U.S. House,1,DEM,Earl Pomeroy,73
Ward,Precinct 4025,U.S. House,1,REP,Matt Mechtel,41
Ward,Precinct 4025,U.S. Senate,,DEM,Kent Conrad,74
Ward,Precinct 4025,U.S. Senate,,REP,Dwight Grotberg,40
Wells,Precinct 1401,Agriculture Commissioner,,DEM,Roger Johnson,35
Wells,Precinct 1401,Agriculture Commissioner,,REP,Doug Goehring,42
Wells,Precinct 1401,Attorney General,,DEM,Bill Brudvik,37
Wells,Precinct 1401,Attorney General,,REP,Wayne Stenehjem,44
Wells,Precinct 1401,C 1: This constitutional measure would amend section 16 of Article XI of the North Dakota Constitution,,,No,31
Wells,Precinct 1401,C 1: This constitutional measure would amend section 16 of Article XI of the North Dakota Constitution,,,Yes,49
Wells,Precinct 1401,C 2: This constitutional measure would amend certain sections and repeal other sections of Article XII of the North Dakota Constitution,,,No,35
Wells,Precinct 1401,C 2: This constitutional measure would amend certain sections and repeal other sections of Article XII of the North Dakota Constitution,,,Yes,43
Wells,Precinct 1401,Justice of the Supreme Court,,NON,Dale Sandstrom,79
Wells,Precinct 1401,Public Service Commissioner,,DEM,Cheryl Bergian,35
Wells,Precinct 1401,Public Service Commissioner,,REP,Tony Clark,42
Wells,Precinct 1401,Secretary of State,,DEM,Kristin Hedger,37
Wells,Precinct 1401,Secretary of State,,REP,Alvin A (Al) Jaeger,44
Wells,Precinct 1401,Tax Commissioner,,DEM,Brent Edison,36
Wells,Precinct 1401,Tax Commissioner,,REP,Cory Fong,42
Wells,Precinct 1401,U.S. House,1,DEM,Earl Pomeroy,40
Wells,Precinct 1401,U.S. House,1,REP,Matt Mechtel,42
Wells,Precinct 1401,U.S. Senate,,DEM,Kent Conrad,40
Wells,Precinct 1401,U.S. Senate,,REP,Dwight Grotberg,42
Wells,Precinct 1402,Agriculture Commissioner,,DEM,Roger Johnson,50
Wells,Precinct 1402,Agriculture Commissioner,,REP,Doug Goehring,27
Wells,Precinct 1402,Attorney General,,DEM,Bill Brudvik,45
Wells,Precinct 1402,Attorney General,,REP,Wayne Stenehjem,26
Wells,Precinct 1402,C 1: This constitutional measure would amend section 16 of Article XI of the North Dakota Constitution,,,No,27
Wells,Precinct 1402,C 1: This constitutional measure would amend section 16 of Article XI of the North Dakota Constitution,,,Yes,48
Wells,Precinct 1402,C 2: This constitutional measure would amend certain sections and repeal other sections of Article XII of the North Dakota Constitution,,,No,26
Wells,Precinct 1402,C 2: This constitutional measure would amend certain sections and repeal other sections of Article XII of the North Dakota Constitution,,,Yes,46
Wells,Precinct 1402,Justice of the Supreme Court,,NON,Dale Sandstrom,70
Wells,Precinct 1402,Public Service Commissioner,,DEM,Cheryl Bergian,47
Wells,Precinct 1402,Public Service Commissioner,,REP,Tony Clark,26
Wells,Precinct 1402,Secretary of State,,DEM,Kristin Hedger,45
Wells,Precinct 1402,Secretary of State,,REP,Alvin A (Al) Jaeger,25
Wells,Precinct 1402,Tax Commissioner,,DEM,Brent Edison,47
Wells,Precinct 1402,Tax Commissioner,,REP,Cory Fong,27
Wells,Precinct 1402,U.S. House,1,DEM,Earl Pomeroy,53
Wells,Precinct 1402,U.S. House,1,REP,Matt Mechtel,26
Wells,Precinct 1402,U.S. Senate,,DEM,Kent Conrad,54
Wells,Precinct 1402,U.S. Senate,,REP,Dwight Grotberg,26
Wells,Precinct 1403,Agriculture Commissioner,,DEM,Roger Johnson,46
Wells,Precinct 1403,Agriculture Commissioner,,REP,Doug Goehring,53
Wells,Precinct 1403,Attorney General,,DEM,Bill Brudvik,46
Wells,Precinct 1403,Attorney General,,REP,Wayne Stenehjem,58
Wells,Precinct 1403,C 1: This constitutional measure would amend section 16 of Article XI of the North Dakota Constitution,,,No,35
Wells,Precinct 1403,C 1: This constitutional measure would amend section 16 of Article XI of the North Dakota Constitution,,,Yes,56
Wells,Precinct 1403,C 2: This constitutional measure would amend certain sections and repeal other sections of Article XII of the North Dakota Constitution,,,No,44
Wells,Precinct 1403,C 2: This constitutional measure would amend certain sections and repeal other sections of Article XII of the North Dakota Constitution,,,Yes,55
Wells,Precinct 1403,Justice of the Supreme Court,,NON,Dale Sandstrom,89
Wells,Precinct 1403,Public Service Commissioner,,DEM,Cheryl Bergian,46
Wells,Precinct 1403,Public Service Commissioner,,REP,Tony Clark,53
Wells,Precinct 1403,Secretary of State,,DEM,Kristin Hedger,46
Wells,Precinct 1403,Secretary of State,,REP,Alvin A (Al) Jaeger,56
Wells,Precinct 1403,Tax Commissioner,,DEM,Brent Edison,47
Wells,Precinct 1403,Tax Commissioner,,REP,Cory Fong,55
Wells,Precinct 1403,U.S. House,1,DEM,Earl Pomeroy,50
Wells,Precinct 1403,U.S. House,1,REP,Matt Mechtel,52
Wells,Precinct 1403,U.S. Senate,,DEM,Kent Conrad,52
Wells,Precinct 1403,U.S. Senate,,REP,Dwight Grotberg,52
Wells,Precinct 1404,Agriculture Commissioner,,DEM,Roger Johnson,65
Wells,Precinct 1404,Agriculture Commissioner,,REP,Doug Goehring,24
Wells,Precinct 1404,Attorney General,,DEM,Bill Brudvik,59
Wells,Precinct 1404,Attorney General,,REP,Wayne Stenehjem,25
Wells,Precinct 1404,C 1: This constitutional measure would amend section 16 of Article XI of the North Dakota Constitution,,,No,31
Wells,Precinct 1404,C 1: This constitutional measure would amend section 16 of Article XI of the North Dakota Constitution,,,Yes,54
Wells,Precinct 1404,C 2: This constitutional measure would amend certain sections and repeal other sections of Article XII of the North Dakota Constitution,,,No,37
Wells,Precinct 1404,C 2: This constitutional measure would amend certain sections and repeal other sections of Article XII of the North Dakota Constitution,,,Yes,48
Wells,Precinct 1404,Justice of the Supreme Court,,NON,Dale Sandstrom,73
Wells,Precinct 1404,Public Service Commissioner,,DEM,Cheryl Bergian,59
Wells,Precinct 1404,Public Service Commissioner,,REP,Tony Clark,24
Wells,Precinct 1404,Secretary of State,,DEM,Kristin Hedger,58
Wells,Precinct 1404,Secretary of State,,REP,Alvin A (Al) Jaeger,24
Wells,Precinct 1404,Tax Commissioner,,DEM,Brent Edison,62
Wells,Precinct 1404,Tax Commissioner,,REP,Cory Fong,24
Wells,Precinct 1404,U.S. House,1,DEM,Earl Pomeroy,69
Wells,Precinct 1404,U.S. House,1,REP,Matt Mechtel,23
Wells,Precinct 1404,U.S. Senate,,DEM,Kent Conrad,73
Wells,Precinct 1404,U.S. Senate,,REP,Dwight Grotberg,24
Wells,Precinct 1405,Agriculture Commissioner,,DEM,Roger Johnson,155
Wells,Precinct 1405,Agriculture Commissioner,,REP,Doug Goehring,116
Wells,Precinct 1405,Attorney General,,DEM,Bill Brudvik,149
Wells,Precinct 1405,Attorney General,,REP,Wayne Stenehjem,118
Wells,Precinct 1405,C 1: This constitutional measure would amend section 16 of Article XI of the North Dakota Constitution,,,No,68
Wells,Precinct 1405,C 1: This constitutional measure would amend section 16 of Article XI of the North Dakota Constitution,,,Yes,203
Wells,Precinct 1405,C 2: This constitutional measure would amend certain sections and repeal other sections of Article XII of the North Dakota Constitution,,,No,81
Wells,Precinct 1405,C 2: This constitutional measure would amend certain sections and repeal other sections of Article XII of the North Dakota Constitution,,,Yes,177
Wells,Precinct 1405,Justice of the Supreme Court,,NON,Dale Sandstrom,253
Wells,Precinct 1405,Public Service Commissioner,,DEM,Cheryl Bergian,152
Wells,Precinct 1405,Public Service Commissioner,,REP,Tony Clark,115
Wells,Precinct 1405,Secretary of State,,DEM,Kristin Hedger,152
Wells,Precinct 1405,Secretary of State,,REP,Alvin A (Al) Jaeger,116
Wells,Precinct 1405,Tax Commissioner,,DEM,Brent Edison,153
Wells,Precinct 1405,Tax Commissioner,,REP,Cory Fong,115
Wells,Precinct 1405,U.S. House,1,DEM,Earl Pomeroy,161
Wells,Precinct 1405,U.S. House,1,REP,Matt Mechtel,116
Wells,Precinct 1405,U.S. Senate,,DEM,Kent Conrad,165
Wells,Precinct 1405,U.S. Senate,,REP,Dwight Grotberg,116
Wells,Precinct 1406,Agriculture Commissioner,,DEM,Roger Johnson,61
Wells,Precinct 1406,Agriculture Commissioner,,REP,Doug Goehring,62
Wells,Precinct 1406,Attorney General,,DEM,Bill Brudvik,57
Wells,Precinct 1406,Attorney General,,REP,Wayne Stenehjem,64
Wells,Precinct 1406,C 1: This constitutional measure would amend section 16 of Article XI of the North Dakota Constitution,,,No,29
Wells,Precinct 1406,C 1: This constitutional measure would amend section 16 of Article XI of the North Dakota Constitution,,,Yes,90
Wells,Precinct 1406,C 2: This constitutional measure would amend certain sections and repeal other sections of Article XII of the North Dakota Constitution,,,No,37
Wells,Precinct 1406,C 2: This constitutional measure would amend certain sections and repeal other sections of Article XII of the North Dakota Constitution,,,Yes,76
Wells,Precinct 1406,Justice of the Supreme Court,,NON,Dale Sandstrom,105
Wells,Precinct 1406,Public Service Commissioner,,DEM,Cheryl Bergian,59
Wells,Precinct 1406,Public Service Commissioner,,REP,Tony Clark,62
Wells,Precinct 1406,Secretary of State,,DEM,Kristin Hedger,59
Wells,Precinct 1406,Secretary of State,,REP,Alvin A (Al) Jaeger,62
Wells,Precinct 1406,Tax Commissioner,,DEM,Brent Edison,59
Wells,Precinct 1406,Tax Commissioner,,REP,Cory Fong,61
Wells,Precinct 1406,U.S. House,1,DEM,Earl Pomeroy,64
Wells,Precinct 1406,U.S. House,1,REP,Matt Mechtel,60
Wells,Precinct 1406,U.S. Senate,,DEM,Kent Conrad,64
Wells,Precinct 1406,U.S. Senate,,REP,Dwight Grotberg,61
Williams,Precinct 0159,Agriculture Commissioner,,DEM,Roger Johnson,218
Williams,Precinct 0159,Agriculture Commissioner,,REP,Doug Goehring,316
Williams,Precinct 0159,Attorney General,,DEM,Bill Brudvik,187
Williams,Precinct 0159,Attorney General,,REP,Wayne Stenehjem,332
Williams,Precinct 0159,C 1: This constitutional measure would amend section 16 of Article XI of the North Dakota Constitution,,,No,99
Williams,Precinct 0159,C 1: This constitutional measure would amend section 16 of Article XI of the North Dakota Constitution,,,Yes,459
Williams,Precinct 0159,C 2: This constitutional measure would amend certain sections and repeal other sections of Article XII of the North Dakota Constitution,,,No,114
Williams,Precinct 0159,C 2: This constitutional measure would amend certain sections and repeal other sections of Article XII of the North Dakota Constitution,,,Yes,426
Williams,Precinct 0159,Justice of the Supreme Court,,NON,Dale Sandstrom,491
Williams,Precinct 0159,Public Service Commissioner,,DEM,Cheryl Bergian,194
Williams,Precinct 0159,Public Service Commissioner,,REP,Tony Clark,314
Williams,Precinct 0159,Secretary of State,,DEM,Kristin Hedger,193
Williams,Precinct 0159,Secretary of State,,REP,Alvin A (Al) Jaeger,330
Williams,Precinct 0159,State House Legislative,1,DEM,Dan Gerhardt,204
Williams,Precinct 0159,State House Legislative,1,REP,Gary Sukut,305
Williams,Precinct 0159,State House Legislative,1,REP,Mike Norland,126
Williams,Precinct 0159,State House Legislative,1,REP,Patrick Hatlestad,263
Williams,Precinct 0159,State Senate Legislative District 1,,DEM,Jim Yockim,201
Williams,Precinct 0159,State Senate Legislative District 1,,REP,Stanley Lyson,334
Williams,Precinct 0159,Tax Commissioner,,DEM,Brent Edison,200
Williams,Precinct 0159,Tax Commissioner,,REP,Cory Fong,312
Williams,Precinct 0159,U.S. House,1,DEM,Earl Pomeroy,228
Williams,Precinct 0159,U.S. House,1,REP,Matt Mechtel,286
Williams,Precinct 0159,U.S. Senate,,DEM,Kent Conrad,231
Williams,Precinct 0159,U.S. Senate,,REP,Dwight Grotberg,288
Williams,Precinct 0160,Agriculture Commissioner,,DEM,Roger Johnson,95
Williams,Precinct 0160,Agriculture Commissioner,,REP,Doug Goehring,93
Williams,Precinct 0160,Attorney General,,DEM,Bill Brudvik,88
Williams,Precinct 0160,Attorney General,,REP,Wayne Stenehjem,99
Williams,Precinct 0160,C 1: This constitutional measure would amend section 16 of Article XI of the North Dakota Constitution,,,No,45
Williams,Precinct 0160,C 1: This constitutional measure would amend section 16 of Article XI of the North Dakota Constitution,,,Yes,168
Williams,Precinct 0160,C 2: This constitutional measure would amend certain sections and repeal other sections of Article XII of the North Dakota Constitution,,,No,46
Williams,Precinct 0160,C 2: This constitutional measure would amend certain sections and repeal other sections of Article XII of the North Dakota Constitution,,,Yes,160
Williams,Precinct 0160,Justice of the Supreme Court,,NON,Dale Sandstrom,175
Williams,Precinct 0160,Public Service Commissioner,,DEM,Cheryl Bergian,90
Williams,Precinct 0160,Public Service Commissioner,,REP,Tony Clark,90
Williams,Precinct 0160,Secretary of State,,DEM,Kristin Hedger,91
Williams,Precinct 0160,Secretary of State,,REP,Alvin A (Al) Jaeger,89
Williams,Precinct 0160,State House Legislative,1,DEM,Dan Gerhardt,96
Williams,Precinct 0160,State House Legislative,1,REP,Gary Sukut,78
Williams,Precinct 0160,State House Legislative,1,REP,Mike Norland,53
Williams,Precinct 0160,State House Legislative,1,REP,Patrick Hatlestad,70
Williams,Precinct 0160,State Senate Legislative District 1,,DEM,Jim Yockim,96
Williams,Precinct 0160,State Senate Legislative District 1,,REP,Stanley Lyson,92
Williams,Precinct 0160,Tax Commissioner,,DEM,Brent Edison,93
Williams,Precinct 0160,Tax Commissioner,,REP,Cory Fong,86
Williams,Precinct 0160,U.S. House,1,DEM,Earl Pomeroy,100
Williams,Precinct 0160,U.S. House,1,REP,Matt Mechtel,83
Williams,Precinct 0160,U.S. Senate,,DEM,Kent Conrad,101
Williams,Precinct 0160,U.S. Senate,,REP,Dwight Grotberg,79
Williams,Precinct 0173,Agriculture Commissioner,,DEM,Roger Johnson,97
Williams,Precinct 0173,Agriculture Commissioner,,REP,Doug Goehring,314
Williams,Precinct 0173,Attorney General,,DEM,Bill Brudvik,91
Williams,Precinct 0173,Attorney General,,REP,Wayne Stenehjem,348
Williams,Precinct 0173,C 1: This constitutional measure would amend section 16 of Article XI of the North Dakota Constitution,,,No,63
Williams,Precinct 0173,C 1: This constitutional measure would amend section 16 of Article XI of the North Dakota Constitution,,,Yes,405
Williams,Precinct 0173,C 2: This constitutional measure would amend certain sections and repeal other sections of Article XII of the North Dakota Constitution,,,No,82
Williams,Precinct 0173,C 2: This constitutional measure would amend certain sections and repeal other sections of Article XII of the North Dakota Constitution,,,Yes,380
Williams,Precinct 0173,Justice of the Supreme Court,,NON,Dale Sandstrom,396
Williams,Precinct 0173,Public Service Commissioner,,DEM,Cheryl Bergian,90
Williams,Precinct 0173,Public Service Commissioner,,REP,Tony Clark,313
Williams,Precinct 0173,Secretary of State,,DEM,Kristin Hedger,93
Williams,Precinct 0173,Secretary of State,,REP,Alvin A (Al) Jaeger,330
Williams,Precinct 0173,State House Legislative,1,DEM,Dan Gerhardt,97
Williams,Precinct 0173,State House Legislative,1,REP,Gary Sukut,315
Williams,Precinct 0173,State House Legislative,1,REP,Mike Norland,102
Williams,Precinct 0173,State House Legislative,1,REP,Patrick Hatlestad,278
Williams,Precinct 0173,State Senate Legislative District 1,,DEM,Jim Yockim,94
Williams,Precinct 0173,State Senate Legislative District 1,,REP,Stanley Lyson,338
Williams,Precinct 0173,Tax Commissioner,,DEM,Brent Edison,94
Williams,Precinct 0173,Tax Commissioner,,REP,Cory Fong,312
Williams,Precinct 0173,U.S. House,1,DEM,Earl Pomeroy,106
Williams,Precinct 0173,U.S. House,1,REP,Matt Mechtel,284
Williams,Precinct 0173,U.S. Senate,,DEM,Kent Conrad,107
Williams,Precinct 0173,U.S. Senate,,REP,Dwight Grotberg,292
Williams,Precinct 0174,Agriculture Commissioner,,DEM,Roger Johnson,134
Williams,Precinct 0174,Agriculture Commissioner,,REP,Doug Goehring,239
Williams,Precinct 0174,Attorney General,,DEM,Bill Brudvik,119
Williams,Precinct 0174,Attorney General,,REP,Wayne Stenehjem,263
Williams,Precinct 0174,C 1: This constitutional measure would amend section 16 of Article XI of the North Dakota Constitution,,,No,84
Williams,Precinct 0174,C 1: This constitutional measure would amend section 16 of Article XI of the North Dakota Constitution,,,Yes,301
Williams,Precinct 0174,C 2: This constitutional measure would amend certain sections and repeal other sections of Article XII of the North Dakota Constitution,,,No,91
Williams,Precinct 0174,C 2: This constitutional measure would amend certain sections and repeal other sections of Article XII of the North Dakota Constitution,,,Yes,287
Williams,Precinct 0174,Justice of the Supreme Court,,NON,Dale Sandstrom,348
Williams,Precinct 0174,Public Service Commissioner,,DEM,Cheryl Bergian,121
Williams,Precinct 0174,Public Service Commissioner,,REP,Tony Clark,243
Williams,Precinct 0174,Secretary of State,,DEM,Kristin Hedger,121
Williams,Precinct 0174,Secretary of State,,REP,Alvin A (Al) Jaeger,253
Williams,Precinct 0174,State House Legislative,1,DEM,Dan Gerhardt,133
Williams,Precinct 0174,State House Legislative,1,REP,Gary Sukut,208
Williams,Precinct 0174,State House Legislative,1,REP,Mike Norland,99
Williams,Precinct 0174,State House Legislative,1,REP,Patrick Hatlestad,223
Williams,Precinct 0174,State Senate Legislative District 1,,DEM,Jim Yockim,134
Williams,Precinct 0174,State Senate Legislative District 1,,REP,Stanley Lyson,264
Williams,Precinct 0174,Tax Commissioner,,DEM,Brent Edison,126
Williams,Precinct 0174,Tax Commissioner,,REP,Cory Fong,243
Williams,Precinct 0174,U.S. House,1,DEM,Earl Pomeroy,143
Williams,Precinct 0174,U.S. House,1,REP,Matt Mechtel,221
Williams,Precinct 0174,U.S. Senate,,DEM,Kent Conrad,144
Williams,Precinct 0174,U.S. Senate,,REP,Dwight Grotberg,226
Williams,Precinct 0176,Agriculture Commissioner,,DEM,Roger Johnson,86
Williams,Precinct 0176,Agriculture Commissioner,,REP,Doug Goehring,140
Williams,Precinct 0176,Attorney General,,DEM,Bill Brudvik,79
Williams,Precinct 0176,Attorney General,,REP,Wayne Stenehjem,151
Williams,Precinct 0176,C 1: This constitutional measure would amend section 16 of Article XI of the North Dakota Constitution,,,No,70
Williams,Precinct 0176,C 1: This constitutional measure would amend section 16 of Article XI of the North Dakota Constitution,,,Yes,193
Williams,Precinct 0176,C 2: This constitutional measure would amend certain sections and repeal other sections of Article XII of the North Dakota Constitution,,,No,61
Williams,Precinct 0176,C 2: This constitutional measure would amend certain sections and repeal other sections of Article XII of the North Dakota Constitution,,,Yes,195
Williams,Precinct 0176,Justice of the Supreme Court,,NON,Dale Sandstrom,221
Williams,Precinct 0176,Public Service Commissioner,,DEM,Cheryl Bergian,82
Williams,Precinct 0176,Public Service Commissioner,,REP,Tony Clark,136
Williams,Precinct 0176,Secretary of State,,DEM,Kristin Hedger,83
Williams,Precinct 0176,Secretary of State,,REP,Alvin A (Al) Jaeger,141
Williams,Precinct 0176,State House Legislative,1,DEM,Dan Gerhardt,81
Williams,Precinct 0176,State House Legislative,1,REP,Gary Sukut,127
Williams,Precinct 0176,State House Legislative,1,REP,Mike Norland,71
Williams,Precinct 0176,State House Legislative,1,REP,Patrick Hatlestad,114
Williams,Precinct 0176,State Senate Legislative District 1,,DEM,Jim Yockim,87
Williams,Precinct 0176,State Senate Legislative District 1,,REP,Stanley Lyson,146
Williams,Precinct 0176,Tax Commissioner,,DEM,Brent Edison,84
Williams,Precinct 0176,Tax Commissioner,,REP,Cory Fong,137
Williams,Precinct 0176,U.S. House,1,DEM,Earl Pomeroy,88
Williams,Precinct 0176,U.S. House,1,REP,Matt Mechtel,127
Williams,Precinct 0176,U.S. Senate,,DEM,Kent Conrad,91
Williams,Precinct 0176,U.S. Senate,,REP,Dwight Grotberg,127
Williams,Precinct 0243,Agriculture Commissioner,,DEM,Roger Johnson,48
Williams,Precinct 0243,Agriculture Commissioner,,REP,Doug Goehring,58
Williams,Precinct 0243,Attorney General,,DEM,Bill Brudvik,43
Williams,Precinct 0243,Attorney General,,REP,Wayne Stenehjem,61
Williams,Precinct 0243,C 1: This constitutional measure would amend section 16 of Article XI of the North Dakota Constitution,,,No,26
Williams,Precinct 0243,C 1: This constitutional measure would amend section 16 of Article XI of the North Dakota Constitution,,,Yes,84
Williams,Precinct 0243,C 2: This constitutional measure would amend certain sections and repeal other sections of Article XII of the North Dakota Constitution,,,No,32
Williams,Precinct 0243,C 2: This constitutional measure would amend certain sections and repeal other sections of Article XII of the North Dakota Constitution,,,Yes,80
Williams,Precinct 0243,Justice of the Supreme Court,,NON,Dale Sandstrom,96
Williams,Precinct 0243,Public Service Commissioner,,DEM,Cheryl Bergian,44
Williams,Precinct 0243,Public Service Commissioner,,REP,Tony Clark,60
Williams,Precinct 0243,Secretary of State,,DEM,Kristin Hedger,44
Williams,Precinct 0243,Secretary of State,,REP,Alvin A (Al) Jaeger,60
Williams,Precinct 0243,Tax Commissioner,,DEM,Brent Edison,44
Williams,Precinct 0243,Tax Commissioner,,REP,Cory Fong,60
Williams,Precinct 0243,U.S. House,1,DEM,Earl Pomeroy,49
Williams,Precinct 0243,U.S. House,1,REP,Matt Mechtel,59
Williams,Precinct 0243,U.S. Senate,,DEM,Kent Conrad,49
Williams,Precinct 0243,U.S. Senate,,REP,Dwight Grotberg,61
Williams,Precinct 0245,Agriculture Commissioner,,DEM,Roger Johnson,19
Williams,Precinct 0245,Agriculture Commissioner,,REP,Doug Goehring,11
Williams,Precinct 0245,Attorney General,,DEM,Bill Brudvik,19
Williams,Precinct 0245,Attorney General,,REP,Wayne Stenehjem,12
Williams,Precinct 0245,C 1: This constitutional measure would amend section 16 of Article XI of the North Dakota Constitution,,,No,6
Williams,Precinct 0245,C 1: This constitutional measure would amend section 16 of Article XI of the North Dakota Constitution,,,Yes,24
Williams,Precinct 0245,C 2: This constitutional measure would amend certain sections and repeal other sections of Article XII of the North Dakota Constitution,,,No,10
Williams,Precinct 0245,C 2: This constitutional measure would amend certain sections and repeal other sections of Article XII of the North Dakota Constitution,,,Yes,21
Williams,Precinct 0245,Justice of the Supreme Court,,NON,Dale Sandstrom,24
Williams,Precinct 0245,Public Service Commissioner,,DEM,Cheryl Bergian,19
Williams,Precinct 0245,Public Service Commissioner,,REP,Tony Clark,11
Williams,Precinct 0245,Secretary of State,,DEM,Kristin Hedger,18
Williams,Precinct 0245,Secretary of State,,REP,Alvin A (Al) Jaeger,11
Williams,Precinct 0245,Tax Commissioner,,DEM,Brent Edison,19
Williams,Precinct 0245,Tax Commissioner,,REP,Cory Fong,10
Williams,Precinct 0245,U.S. House,1,DEM,Earl Pomeroy,19
Williams,Precinct 0245,U.S. House,1,REP,Matt Mechtel,11
Williams,Precinct 0245,U.S. Senate,,DEM,Kent Conrad,20
Williams,Precinct 0245,U.S. Senate,,REP,Dwight Grotberg,12
Williams,Precinct 0248,Agriculture Commissioner,,DEM,Roger Johnson,37
Williams,Precinct 0248,Agriculture Commissioner,,REP,Doug Goehring,37
Williams,Precinct 0248,Attorney General,,DEM,Bill Brudvik,33
Williams,Precinct 0248,Attorney General,,REP,Wayne Stenehjem,39
Williams,Precinct 0248,C 1: This constitutional measure would amend section 16 of Article XI of the North Dakota Constitution,,,No,21
Williams,Precinct 0248,C 1: This constitutional measure would amend section 16 of Article XI of the North Dakota Constitution,,,Yes,56
Williams,Precinct 0248,C 2: This constitutional measure would amend certain sections and repeal other sections of Article XII of the North Dakota Constitution,,,No,27
Williams,Precinct 0248,C 2: This constitutional measure would amend certain sections and repeal other sections of Article XII of the North Dakota Constitution,,,Yes,49
Williams,Precinct 0248,Justice of the Supreme Court,,NON,Dale Sandstrom,69
Williams,Precinct 0248,Public Service Commissioner,,DEM,Cheryl Bergian,34
Williams,Precinct 0248,Public Service Commissioner,,REP,Tony Clark,37
Williams,Precinct 0248,Secretary of State,,DEM,Kristin Hedger,35
Williams,Precinct 0248,Secretary of State,,REP,Alvin A (Al) Jaeger,37
Williams,Precinct 0248,Tax Commissioner,,DEM,Brent Edison,35
Williams,Precinct 0248,Tax Commissioner,,REP,Cory Fong,37
Williams,Precinct 0248,U.S. House,1,DEM,Earl Pomeroy,37
Williams,Precinct 0248,U.S. House,1,REP,Matt Mechtel,37
Williams,Precinct 0248,U.S. Senate,,DEM,Kent Conrad,39
Williams,Precinct 0248,U.S. Senate,,REP,Dwight Grotberg,39
Williams,Precinct 0253,Agriculture Commissioner,,DEM,Roger Johnson,15
Williams,Precinct 0253,Agriculture Commissioner,,REP,Doug Goehring,11
Williams,Precinct 0253,Attorney General,,DEM,Bill Brudvik,12
Williams,Precinct 0253,Attorney General,,REP,Wayne Stenehjem,10
Williams,Precinct 0253,C 1: This constitutional measure would amend section 16 of Article XI of the North Dakota Constitution,,,No,7
Williams,Precinct 0253,C 1: This constitutional measure would amend section 16 of Article XI of the North Dakota Constitution,,,Yes,21
Williams,Precinct 0253,C 2: This constitutional measure would amend certain sections and repeal other sections of Article XII of the North Dakota Constitution,,,No,15
Williams,Precinct 0253,C 2: This constitutional measure would amend certain sections and repeal other sections of Article XII of the North Dakota Constitution,,,Yes,14
Williams,Precinct 0253,Justice of the Supreme Court,,NON,Dale Sandstrom,22
Williams,Precinct 0253,Public Service Commissioner,,DEM,Cheryl Bergian,14
Williams,Precinct 0253,Public Service Commissioner,,REP,Tony Clark,11
Williams,Precinct 0253,Secretary of State,,DEM,Kristin Hedger,12
Williams,Precinct 0253,Secretary of State,,REP,Alvin A (Al) Jaeger,10
Williams,Precinct 0253,Tax Commissioner,,DEM,Brent Edison,14
Williams,Precinct 0253,Tax Commissioner,,REP,Cory Fong,10
Williams,Precinct 0253,U.S. House,1,DEM,Earl Pomeroy,17
Williams,Precinct 0253,U.S. House,1,REP,Matt Mechtel,10
Williams,Precinct 0253,U.S. Senate,,DEM,Kent Conrad,16
Williams,Precinct 0253,U.S. Senate,,REP,Dwight Grotberg,10
Williams,Precinct 0255,Agriculture Commissioner,,DEM,Roger Johnson,35
Williams,Precinct 0255,Agriculture Commissioner,,REP,Doug Goehring,15
Williams,Precinct 0255,Attorney General,,DEM,Bill Brudvik,30
Williams,Precinct 0255,Attorney General,,REP,Wayne Stenehjem,15
Williams,Precinct 0255,C 1: This constitutional measure would amend section 16 of Article XI of the North Dakota Constitution,,,No,17
Williams,Precinct 0255,C 1: This constitutional measure would amend section 16 of Article XI of the North Dakota Constitution,,,Yes,31
Williams,Precinct 0255,C 2: This constitutional measure would amend certain sections and repeal other sections of Article XII of the North Dakota Constitution,,,No,17
Williams,Precinct 0255,C 2: This constitutional measure would amend certain sections and repeal other sections of Article XII of the North Dakota Constitution,,,Yes,30
Williams,Precinct 0255,Justice of the Supreme Court,,NON,Dale Sandstrom,45
Williams,Precinct 0255,Public Service Commissioner,,DEM,Cheryl Bergian,32
Williams,Precinct 0255,Public Service Commissioner,,REP,Tony Clark,15
Williams,Precinct 0255,Secretary of State,,DEM,Kristin Hedger,32
Williams,Precinct 0255,Secretary of State,,REP,Alvin A (Al) Jaeger,15
Williams,Precinct 0255,Tax Commissioner,,DEM,Brent Edison,31
Williams,Precinct 0255,Tax Commissioner,,REP,Cory Fong,14
Williams,Precinct 0255,U.S. House,1,DEM,Earl Pomeroy,35
Williams,Precinct 0255,U.S. House,1,REP,Matt Mechtel,14
Williams,Precinct 0255,U.S. Senate,,DEM,Kent Conrad,36
Williams,Precinct 0255,U.S. Senate,,REP,Dwight Grotberg,15
Williams,Precinct 0262,Agriculture Commissioner,,DEM,Roger Johnson,18
Williams,Precinct 0262,Agriculture Commissioner,,REP,Doug Goehring,10
Williams,Precinct 0262,Attorney General,,DEM,Bill Brudvik,17
Williams,Precinct 0262,Attorney General,,REP,Wayne Stenehjem,10
Williams,Precinct 0262,C 1: This constitutional measure would amend section 16 of Article XI of the North Dakota Constitution,,,No,8
Williams,Precinct 0262,C 1: This constitutional measure would amend section 16 of Article XI of the North Dakota Constitution,,,Yes,20
Williams,Precinct 0262,C 2: This constitutional measure would amend certain sections and repeal other sections of Article XII of the North Dakota Constitution,,,No,16
Williams,Precinct 0262,C 2: This constitutional measure would amend certain sections and repeal other sections of Article XII of the North Dakota Constitution,,,Yes,14
Williams,Precinct 0262,Justice of the Supreme Court,,NON,Dale Sandstrom,26
Williams,Precinct 0262,Public Service Commissioner,,DEM,Cheryl Bergian,17
Williams,Precinct 0262,Public Service Commissioner,,REP,Tony Clark,10
Williams,Precinct 0262,Secretary of State,,DEM,Kristin Hedger,18
Williams,Precinct 0262,Secretary of State,,REP,Alvin A (Al) Jaeger,10
Williams,Precinct 0262,Tax Commissioner,,DEM,Brent Edison,18
Williams,Precinct 0262,Tax Commissioner,,REP,Cory Fong,9
Williams,Precinct 0262,U.S. House,1,DEM,Earl Pomeroy,19
Williams,Precinct 0262,U.S. House,1,REP,Matt Mechtel,10
Williams,Precinct 0262,U.S. Senate,,DEM,Kent Conrad,19
Williams,Precinct 0262,U.S. Senate,,REP,Dwight Grotberg,10
Williams,Precinct 0263,Agriculture Commissioner,,DEM,Roger Johnson,73
Williams,Precinct 0263,Agriculture Commissioner,,REP,Doug Goehring,20
Williams,Precinct 0263,Attorney General,,DEM,Bill Brudvik,70
Williams,Precinct 0263,Attorney General,,REP,Wayne Stenehjem,20
Williams,Precinct 0263,C 1: This constitutional measure would amend section 16 of Article XI of the North Dakota Constitution,,,No,17
Williams,Precinct 0263,C 1: This constitutional measure would amend section 16 of Article XI of the North Dakota Constitution,,,Yes,78
Williams,Precinct 0263,C 2: This constitutional measure would amend certain sections and repeal other sections of Article XII of the North Dakota Constitution,,,No,30
Williams,Precinct 0263,C 2: This constitutional measure would amend certain sections and repeal other sections of Article XII of the North Dakota Constitution,,,Yes,62
Williams,Precinct 0263,Justice of the Supreme Court,,NON,Dale Sandstrom,84
Williams,Precinct 0263,Public Service Commissioner,,DEM,Cheryl Bergian,68
Williams,Precinct 0263,Public Service Commissioner,,REP,Tony Clark,20
Williams,Precinct 0263,Secretary of State,,DEM,Kristin Hedger,70
Williams,Precinct 0263,Secretary of State,,REP,Alvin A (Al) Jaeger,20
Williams,Precinct 0263,Tax Commissioner,,DEM,Brent Edison,71
Williams,Precinct 0263,Tax Commissioner,,REP,Cory Fong,20
Williams,Precinct 0263,U.S. House,1,DEM,Earl Pomeroy,74
Williams,Precinct 0263,U.S. House,1,REP,Matt Mechtel,20
Williams,Precinct 0263,U.S. Senate,,DEM,Kent Conrad,76
Williams,Precinct 0263,U.S. Senate,,REP,Dwight Grotberg,20
Williams,Precinct 0264,Agriculture Commissioner,,DEM,Roger Johnson,54
Williams,Precinct 0264,Agriculture Commissioner,,REP,Doug Goehring,37
Williams,Precinct 0264,Attorney General,,DEM,Bill Brudvik,49
Williams,Precinct 0264,Attorney General,,REP,Wayne Stenehjem,39
Williams,Precinct 0264,C 1: This constitutional measure would amend section 16 of Article XI of the North Dakota Constitution,,,No,18
Williams,Precinct 0264,C 1: This constitutional measure would amend section 16 of Article XI of the North Dakota Constitution,,,Yes,71
Williams,Precinct 0264,C 2: This constitutional measure would amend certain sections and repeal other sections of Article XII of the North Dakota Constitution,,,No,28
Williams,Precinct 0264,C 2: This constitutional measure would amend certain sections and repeal other sections of Article XII of the North Dakota Constitution,,,Yes,56
Williams,Precinct 0264,Justice of the Supreme Court,,NON,Dale Sandstrom,78
Williams,Precinct 0264,Public Service Commissioner,,DEM,Cheryl Bergian,52
Williams,Precinct 0264,Public Service Commissioner,,REP,Tony Clark,37
Williams,Precinct 0264,Secretary of State,,DEM,Kristin Hedger,51
Williams,Precinct 0264,Secretary of State,,REP,Alvin A (Al) Jaeger,38
Williams,Precinct 0264,Tax Commissioner,,DEM,Brent Edison,51
Williams,Precinct 0264,Tax Commissioner,,REP,Cory Fong,37
Williams,Precinct 0264,U.S. House,1,DEM,Earl Pomeroy,59
Williams,Precinct 0264,U.S. House,1,REP,Matt Mechtel,36
Williams,Precinct 0264,U.S. Senate,,DEM,Kent Conrad,60
Williams,Precinct 0264,U.S. Senate,,REP,Dwight Grotberg,37
Williams,Precinct 0265,Agriculture Commissioner,,DEM,Roger Johnson,40
Williams,Precinct 0265,Agriculture Commissioner,,REP,Doug Goehring,12
Williams,Precinct 0265,Attorney General,,DEM,Bill Brudvik,37
Williams,Precinct 0265,Attorney General,,REP,Wayne Stenehjem,15
Williams,Precinct 0265,C 1: This constitutional measure would amend section 16 of Article XI of the North Dakota Constitution,,,No,14
Williams,Precinct 0265,C 1: This constitutional measure would amend section 16 of Article XI of the North Dakota Constitution,,,Yes,33
Williams,Precinct 0265,C 2: This constitutional measure would amend certain sections and repeal other sections of Article XII of the North Dakota Constitution,,,No,16
Williams,Precinct 0265,C 2: This constitutional measure would amend certain sections and repeal other sections of Article XII of the North Dakota Constitution,,,Yes,32
Williams,Precinct 0265,Justice of the Supreme Court,,NON,Dale Sandstrom,39
Williams,Precinct 0265,Public Service Commissioner,,DEM,Cheryl Bergian,38
Williams,Precinct 0265,Public Service Commissioner,,REP,Tony Clark,12
Williams,Precinct 0265,Secretary of State,,DEM,Kristin Hedger,37
Williams,Precinct 0265,Secretary of State,,REP,Alvin A (Al) Jaeger,15
Williams,Precinct 0265,Tax Commissioner,,DEM,Brent Edison,38
Williams,Precinct 0265,Tax Commissioner,,REP,Cory Fong,13
Williams,Precinct 0265,U.S. House,1,DEM,Earl Pomeroy,38
Williams,Precinct 0265,U.S. House,1,REP,Matt Mechtel,13
Williams,Precinct 0265,U.S. Senate,,DEM,Kent Conrad,39
Williams,Precinct 0265,U.S. Senate,,REP,Dwight Grotberg,13
Williams,Precinct 0267,Agriculture Commissioner,,DEM,Roger Johnson,51
Williams,Precinct 0267,Agriculture Commissioner,,REP,Doug Goehring,19
Williams,Precinct 0267,Attorney General,,DEM,Bill Brudvik,46
Williams,Precinct 0267,Attorney General,,REP,Wayne Stenehjem,21
Williams,Precinct 0267,C 1: This constitutional measure would amend section 16 of Article XI of the North Dakota Constitution,,,No,21
Williams,Precinct 0267,C 1: This constitutional measure would amend section 16 of Article XI of the North Dakota Constitution,,,Yes,52
Williams,Precinct 0267,C 2: This constitutional measure would amend certain sections and repeal other sections of Article XII of the North Dakota Constitution,,,No,19
Williams,Precinct 0267,C 2: This constitutional measure would amend certain sections and repeal other sections of Article XII of the North Dakota Constitution,,,Yes,53
Williams,Precinct 0267,Justice of the Supreme Court,,NON,Dale Sandstrom,58
Williams,Precinct 0267,Public Service Commissioner,,DEM,Cheryl Bergian,47
Williams,Precinct 0267,Public Service Commissioner,,REP,Tony Clark,19
Williams,Precinct 0267,Secretary of State,,DEM,Kristin Hedger,47
Williams,Precinct 0267,Secretary of State,,REP,Alvin A (Al) Jaeger,20
Williams,Precinct 0267,Tax Commissioner,,DEM,Brent Edison,48
Williams,Precinct 0267,Tax Commissioner,,REP,Cory Fong,20
Williams,Precinct 0267,U.S. House,1,DEM,Earl Pomeroy,52
Williams,Precinct 0267,U.S. House,1,REP,Matt Mechtel,19
Williams,Precinct 0267,U.S. Senate,,DEM,Kent Conrad,53
Williams,Precinct 0267,U.S. Senate,,REP,Dwight Grotberg,19
