county,office,district,party,candidate,votes
Adams,Agriculture Commissioner,,DEM,Ryan Taylor,143
Adams,Agriculture Commissioner,,DEM,write-in,0
Adams,Agriculture Commissioner,,REP,Doug Goehring,363
Adams,Agriculture Commissioner,,REP,write-in,0
Adams,Attorney General,,DEM,Kiara Kraus-Parr,133
Adams,Attorney General,,DEM,write-in,0
Adams,Attorney General,,REP,Wayne Stenehjem,367
Adams,Attorney General,,REP,write-in,0
Adams,Constitutional Measure No. 1 Relating to the adjustment of deadlines for initiated measure petitions,,,No,200
Adams,Constitutional Measure No. 1 Relating to the adjustment of deadlines for initiated measure petitions,,,Yes,271
Adams,Council Member Hettinger,,NON,Curt Drolc,259
Adams,Council Member Hettinger,,NON,Darin Seamands,282
Adams,Council Member Hettinger,,NON,write-in,7
Adams,County Auditor/Treasurer Adams,,NON,Patricia (Pat) J Carroll,514
Adams,County Auditor/Treasurer Adams,,NON,write-in,6
Adams,County Commissioner at Large Adams,,NON,Chuck Christman,502
Adams,County Commissioner at Large Adams,,NON,write-in,12
Adams,County Official Newspaper Adams,,NON,Adams County Record,491
Adams,County Recorder Adams,,NON,Ginger Dangerud,525
Adams,County Recorder Adams,,NON,write-in,1
Adams,County Sheriff Adams,,NON,"Rachelle ""Rockie"" Schumacher",143
Adams,County Sheriff Adams,,NON,Travis Collins,390
Adams,County Sheriff Adams,,NON,write-in,1
Adams,County State's Attorney Adams,,NON,Aaron Roseland,456
Adams,County State's Attorney Adams,,NON,write-in,13
Adams,Justice of the Supreme Court,,NON,Gerald W VandeWalle,478
Adams,Justice of the Supreme Court,,NON,write-in,0
Adams,Mayor Hettinger,,NON,Richard Wyman,299
Adams,Mayor Hettinger,,NON,write-in,8
Adams,Park Board Member Hettinger Park,,NON,Benjamin Geaumont,140
Adams,Park Board Member Hettinger Park,,NON,Chris Parnow,208
Adams,Park Board Member Hettinger Park,,NON,Delores Galbreath,174
Adams,Park Board Member Hettinger Park,,NON,Kathy Jahner,258
Adams,Park Board Member Hettinger Park,,NON,Theo Schalesky,99
Adams,Park Board Member Hettinger Park,,NON,write-in,3
Adams,Public Service Commissioner,,DEM,Todd Reisenauer,136
Adams,Public Service Commissioner,,DEM,write-in,0
Adams,Public Service Commissioner,,REP,Brian P Kalk,357
Adams,Public Service Commissioner,,REP,write-in,0
Adams,Public Service Commissioner Unexpired 2-Year Term,,DEM,Tyler Axness,132
Adams,Public Service Commissioner Unexpired 2-Year Term,,DEM,write-in,0
Adams,Public Service Commissioner Unexpired 2-Year Term,,REP,Julie Fedorchak,354
Adams,Public Service Commissioner Unexpired 2-Year Term,,REP,write-in,0
Adams,School Board Member-City Position Hettinger School,,NON,write-in,157
Adams,School Board Member-Rural Position Hettinger School,,NON,Mike Johnson,407
Adams,School Board Member-Rural Position Hettinger School,,NON,write-in,16
Adams,Secretary of State,,DEM,April Fairfield,135
Adams,Secretary of State,,DEM,write-in,0
Adams,Secretary of State,,LIB,Roland Riemers,6
Adams,Secretary of State,,LIB,write-in,0
Adams,Secretary of State,,REP,Alvin A (Al) Jaeger,364
Adams,Secretary of State,,REP,write-in,0
Adams,State House,39,DEM,Greg Tank,116
Adams,State House,39,DEM,Maddison Voigt,118
Adams,State House,39,DEM,write-in,0
Adams,State House,39,REP,Denton B Zubke,286
Adams,State House,39,REP,Keith Kempenich,341
Adams,State House,39,REP,write-in,0
Adams,State Senate,39,DEM,Stephanie L Pretzer,140
Adams,State Senate,39,DEM,write-in,0
Adams,State Senate,39,REP,Bill L Bowman,352
Adams,State Senate,39,REP,write-in,2
Adams,Tax Commissioner,,DEM,Jason Astrup,136
Adams,Tax Commissioner,,DEM,write-in,0
Adams,Tax Commissioner,,LIB,Anthony Mangnall,6
Adams,Tax Commissioner,,LIB,write-in,0
Adams,Tax Commissioner,,REP,Ryan Rauschenberger,347
Adams,Tax Commissioner,,REP,write-in,0
Adams,U.S. House,1,DEM,George Sinner,143
Adams,U.S. House,1,DEM,write-in,0
Adams,U.S. House,1,LIB,"Robert J ""Jack"" Seaman",6
Adams,U.S. House,1,LIB,write-in,0
Adams,U.S. House,1,REP,Kevin Cramer,371
Adams,U.S. House,1,REP,write-in,2
Barnes,Agriculture Commissioner,,DEM,Ryan Taylor,714
Barnes,Agriculture Commissioner,,DEM,write-in,0
Barnes,Agriculture Commissioner,,REP,Doug Goehring,862
Barnes,Agriculture Commissioner,,REP,write-in,1
Barnes,Attorney General,,DEM,Kiara Kraus-Parr,666
Barnes,Attorney General,,DEM,write-in,1
Barnes,Attorney General,,REP,Wayne Stenehjem,878
Barnes,Attorney General,,REP,write-in,0
Barnes,Commissioner Valley City,,NON,Duane (Dewey) Magnuson,867
Barnes,Commissioner Valley City,,NON,Gary D Schlagel,620
Barnes,Commissioner Valley City,,NON,Matt Pedersen,780
Barnes,Commissioner Valley City,,NON,write-in,26
Barnes,Constitutional Measure No. 1 Relating to the adjustment of deadlines for initiated measure petitions,,,No,706
Barnes,Constitutional Measure No. 1 Relating to the adjustment of deadlines for initiated measure petitions,,,Yes,867
Barnes,County Auditor Barnes,,NON,Beth M Didier,1521
Barnes,County Auditor Barnes,,NON,write-in,6
Barnes,County Commissioner Barnes - District 2,,NON,James (Mike) Metcalf,164
Barnes,County Commissioner Barnes - District 2,,NON,Phil Leitner,134
Barnes,County Commissioner Barnes - District 2,,NON,Shawn Olauson,65
Barnes,County Commissioner Barnes - District 2,,NON,write-in,0
Barnes,County Commissioner Barnes - District 3,,NON,Bill Carlblom,154
Barnes,County Commissioner Barnes - District 3,,NON,Ryan Mathias,125
Barnes,County Commissioner Barnes - District 3,,NON,write-in,1
Barnes,County Commissioner Barnes - District 4,,NON,Rodger Berntson,282
Barnes,County Commissioner Barnes - District 4,,NON,write-in,13
Barnes,County Official Newspaper Barnes,,NON,The Litchville Bulletin,346
Barnes,County Official Newspaper Barnes,,NON,The Valley City Times-Record,1309
Barnes,County Recorder Barnes,,NON,Jody Pfaff,1514
Barnes,County Recorder Barnes,,NON,write-in,1
Barnes,County Sheriff Barnes,,NON,Randy McClaflin,1514
Barnes,County Sheriff Barnes,,NON,write-in,38
Barnes,County State's Attorney Barnes,,NON,Carl L Martineck,1463
Barnes,County State's Attorney Barnes,,NON,write-in,6
Barnes,County Treasurer Barnes,,NON,Vicki L Zinck,1530
Barnes,County Treasurer Barnes,,NON,write-in,14
Barnes,Judge of the District Court No. 4 Unexpired 2-Year Term Southeast,,NON,James D Hovey,1408
Barnes,Judge of the District Court No. 4 Unexpired 2-Year Term Southeast,,NON,write-in,2
Barnes,Justice of the Supreme Court,,NON,Gerald W VandeWalle,1414
Barnes,Justice of the Supreme Court,,NON,write-in,4
Barnes,Mayor Valley City,,NON,Jeffrey L Edwards,582
Barnes,Mayor Valley City,,NON,Robert J Werkhoven,722
Barnes,Mayor Valley City,,NON,write-in,6
Barnes,Park Board Member Valley City Park,,NON,Michael Lentz,982
Barnes,Park Board Member Valley City Park,,NON,Susan Kringlie,1020
Barnes,Park Board Member Valley City Park,,NON,William (Buff) Murray,919
Barnes,Park Board Member Valley City Park,,NON,write-in,16
Barnes,Public Service Commissioner,,DEM,Todd Reisenauer,681
Barnes,Public Service Commissioner,,DEM,write-in,0
Barnes,Public Service Commissioner,,REP,Brian P Kalk,866
Barnes,Public Service Commissioner,,REP,write-in,0
Barnes,Public Service Commissioner Unexpired 2-Year Term,,DEM,Tyler Axness,677
Barnes,Public Service Commissioner Unexpired 2-Year Term,,DEM,write-in,0
Barnes,Public Service Commissioner Unexpired 2-Year Term,,REP,Julie Fedorchak,847
Barnes,Public Service Commissioner Unexpired 2-Year Term,,REP,write-in,0
Barnes,Secretary of State,,DEM,April Fairfield,689
Barnes,Secretary of State,,DEM,write-in,0
Barnes,Secretary of State,,LIB,Roland Riemers,28
Barnes,Secretary of State,,LIB,write-in,0
Barnes,Secretary of State,,REP,Alvin A (Al) Jaeger,871
Barnes,Secretary of State,,REP,write-in,2
Barnes,Tax Commissioner,,DEM,Jason Astrup,678
Barnes,Tax Commissioner,,DEM,write-in,2
Barnes,Tax Commissioner,,LIB,Anthony Mangnall,28
Barnes,Tax Commissioner,,LIB,write-in,0
Barnes,Tax Commissioner,,REP,Ryan Rauschenberger,838
Barnes,Tax Commissioner,,REP,write-in,3
Barnes,U.S. House,1,DEM,George Sinner,727
Barnes,U.S. House,1,DEM,write-in,1
Barnes,U.S. House,1,LIB,"Robert J ""Jack"" Seaman",29
Barnes,U.S. House,1,LIB,write-in,0
Barnes,U.S. House,1,REP,Kevin Cramer,883
Barnes,U.S. House,1,REP,write-in,2
Benson,Agriculture Commissioner,,DEM,Ryan Taylor,457
Benson,Agriculture Commissioner,,DEM,write-in,2
Benson,Agriculture Commissioner,,REP,Doug Goehring,336
Benson,Agriculture Commissioner,,REP,write-in,1
Benson,Attorney General,,DEM,Kiara Kraus-Parr,407
Benson,Attorney General,,DEM,write-in,3
Benson,Attorney General,,REP,Wayne Stenehjem,340
Benson,Attorney General,,REP,write-in,0
Benson,Constitutional Measure No. 1 Relating to the adjustment of deadlines for initiated measure petitions,,,No,366
Benson,Constitutional Measure No. 1 Relating to the adjustment of deadlines for initiated measure petitions,,,Yes,449
Benson,County Auditor/Treasurer Benson,,NON,Bonnie (Howard) Erickson,811
Benson,County Auditor/Treasurer Benson,,NON,write-in,9
Benson,County Clerk of District Court Benson,,NON,Lana K Johnson,783
Benson,County Clerk of District Court Benson,,NON,write-in,10
Benson,County Commissioner Benson - District 1,,NON,Lowell Haagenson,746
Benson,County Commissioner Benson - District 1,,NON,write-in,27
Benson,County Commissioner Benson - District 3,,NON,Doris M Griffin,429
Benson,County Commissioner Benson - District 3,,NON,Jason Knatterud,404
Benson,County Commissioner Benson - District 3,,NON,write-in,3
Benson,County Commissioner Benson - District 5,,NON,Michael N Steffan,738
Benson,County Commissioner Benson - District 5,,NON,write-in,15
Benson,County Official Newspaper Benson,,NON,Benson County Farmers Press,787
Benson,County Recorder Benson,,NON,Rhoda Pfeifer,796
Benson,County Recorder Benson,,NON,write-in,2
Benson,County Sheriff Benson,,NON,Leon L LaRoque Sr.,188
Benson,County Sheriff Benson,,NON,Linda Doornbos,102
Benson,County Sheriff Benson,,NON,Steven J Rohrer,617
Benson,County Sheriff Benson,,NON,write-in,0
Benson,County State's Attorney Benson,,NON,James P Wang,733
Benson,County State's Attorney Benson,,NON,write-in,34
Benson,"Director, Garrison Diversion Conservancy Benson",,NON,David B Johnson,742
Benson,"Director, Garrison Diversion Conservancy Benson",,NON,write-in,13
Benson,Increase in Existing Emergency Services Communiciation (9-1-1) Fee Benson,,,No,286
Benson,Increase in Existing Emergency Services Communiciation (9-1-1) Fee Benson,,,Yes,583
Benson,Judge of the District Court No. 3 Northeast,,NON,Michael G Sturdevant,731
Benson,Judge of the District Court No. 3 Northeast,,NON,write-in,1
Benson,Judge of the District Court No. 4 Northeast,,NON,Donovan Foughty,781
Benson,Judge of the District Court No. 4 Northeast,,NON,write-in,5
Benson,Justice of the Supreme Court,,NON,Gerald W VandeWalle,742
Benson,Justice of the Supreme Court,,NON,write-in,1
Benson,Public Service Commissioner,,DEM,Todd Reisenauer,416
Benson,Public Service Commissioner,,DEM,write-in,2
Benson,Public Service Commissioner,,REP,Brian P Kalk,334
Benson,Public Service Commissioner,,REP,write-in,0
Benson,Public Service Commissioner Unexpired 2-Year Term,,DEM,Tyler Axness,431
Benson,Public Service Commissioner Unexpired 2-Year Term,,DEM,write-in,2
Benson,Public Service Commissioner Unexpired 2-Year Term,,REP,Julie Fedorchak,330
Benson,Public Service Commissioner Unexpired 2-Year Term,,REP,write-in,0
Benson,Secretary of State,,DEM,April Fairfield,415
Benson,Secretary of State,,DEM,write-in,3
Benson,Secretary of State,,LIB,Roland Riemers,13
Benson,Secretary of State,,LIB,write-in,0
Benson,Secretary of State,,REP,Alvin A (Al) Jaeger,334
Benson,Secretary of State,,REP,write-in,0
Benson,State House,23,DEM,Austin Langley,145
Benson,State House,23,DEM,Ben Vig,133
Benson,State House,23,DEM,write-in,0
Benson,State House,23,REP,Bill Devlin,105
Benson,State House,23,REP,Don Vigesaa,99
Benson,State House,23,REP,write-in,0
Benson,State Senate,23,DEM,Joan M Heckaman,187
Benson,State Senate,23,DEM,write-in,0
Benson,State Senate,23,REP,John Jacobson,118
Benson,State Senate,23,REP,write-in,0
Benson,Tax Commissioner,,DEM,Jason Astrup,421
Benson,Tax Commissioner,,DEM,write-in,2
Benson,Tax Commissioner,,LIB,Anthony Mangnall,12
Benson,Tax Commissioner,,LIB,write-in,0
Benson,Tax Commissioner,,REP,Ryan Rauschenberger,330
Benson,Tax Commissioner,,REP,write-in,0
Benson,U.S. House,1,DEM,George Sinner,441
Benson,U.S. House,1,DEM,write-in,3
Benson,U.S. House,1,LIB,"Robert J ""Jack"" Seaman",13
Benson,U.S. House,1,LIB,write-in,0
Benson,U.S. House,1,REP,Kevin Cramer,341
Benson,U.S. House,1,REP,write-in,2
Billings,Agriculture Commissioner,,DEM,Ryan Taylor,28
Billings,Agriculture Commissioner,,DEM,write-in,0
Billings,Agriculture Commissioner,,REP,Doug Goehring,148
Billings,Agriculture Commissioner,,REP,write-in,1
Billings,Attorney General,,DEM,Kiara Kraus-Parr,23
Billings,Attorney General,,DEM,write-in,0
Billings,Attorney General,,REP,Wayne Stenehjem,146
Billings,Attorney General,,REP,write-in,1
Billings,COUNTY MEASURE 1 Billings,,,No,101
Billings,COUNTY MEASURE 1 Billings,,,Yes,79
Billings,Constitutional Measure No. 1 Relating to the adjustment of deadlines for initiated measure petitions,,,No,93
Billings,Constitutional Measure No. 1 Relating to the adjustment of deadlines for initiated measure petitions,,,Yes,80
Billings,County Auditor/Treasurer Billings,,NON,Marcia Lamb,159
Billings,County Auditor/Treasurer Billings,,NON,write-in,3
Billings,County Commissioner District 2 Billings - District 2,,NON,Mike Kasian,124
Billings,County Commissioner District 2 Billings - District 2,,NON,write-in,45
Billings,County Official Newspaper Billings,,NON,Billings County Pioneer,166
Billings,County Recorder/Clerk of District Court Billings,,NON,Donna Adams,145
Billings,County Recorder/Clerk of District Court Billings,,NON,write-in,19
Billings,County Sheriff Billings,,NON,Dave Jurgens,134
Billings,County Sheriff Billings,,NON,write-in,25
Billings,Justice of the Supreme Court,,NON,Gerald W VandeWalle,159
Billings,Justice of the Supreme Court,,NON,write-in,0
Billings,Public Service Commissioner,,DEM,Todd Reisenauer,25
Billings,Public Service Commissioner,,DEM,write-in,0
Billings,Public Service Commissioner,,REP,Brian P Kalk,145
Billings,Public Service Commissioner,,REP,write-in,0
Billings,Public Service Commissioner Unexpired 2-Year Term,,DEM,Tyler Axness,25
Billings,Public Service Commissioner Unexpired 2-Year Term,,DEM,write-in,0
Billings,Public Service Commissioner Unexpired 2-Year Term,,REP,Julie Fedorchak,145
Billings,Public Service Commissioner Unexpired 2-Year Term,,REP,write-in,0
Billings,Secretary of State,,DEM,April Fairfield,23
Billings,Secretary of State,,DEM,write-in,0
Billings,Secretary of State,,LIB,Roland Riemers,2
Billings,Secretary of State,,LIB,write-in,0
Billings,Secretary of State,,REP,Alvin A (Al) Jaeger,146
Billings,Secretary of State,,REP,write-in,0
Billings,State House,39,DEM,Greg Tank,17
Billings,State House,39,DEM,Maddison Voigt,22
Billings,State House,39,DEM,write-in,0
Billings,State House,39,REP,Denton B Zubke,91
Billings,State House,39,REP,Keith Kempenich,130
Billings,State House,39,REP,write-in,0
Billings,State Senate,39,DEM,Stephanie L Pretzer,24
Billings,State Senate,39,DEM,write-in,0
Billings,State Senate,39,REP,Bill L Bowman,149
Billings,State Senate,39,REP,write-in,0
Billings,Tax Commissioner,,DEM,Jason Astrup,25
Billings,Tax Commissioner,,DEM,write-in,1
Billings,Tax Commissioner,,LIB,Anthony Mangnall,1
Billings,Tax Commissioner,,LIB,write-in,0
Billings,Tax Commissioner,,REP,Ryan Rauschenberger,145
Billings,Tax Commissioner,,REP,write-in,0
Billings,U.S. House,1,DEM,George Sinner,26
Billings,U.S. House,1,DEM,write-in,0
Billings,U.S. House,1,LIB,"Robert J ""Jack"" Seaman",2
Billings,U.S. House,1,LIB,write-in,0
Billings,U.S. House,1,REP,Kevin Cramer,150
Billings,U.S. House,1,REP,write-in,1
Bottineau,Agriculture Commissioner,,DEM,Ryan Taylor,292
Bottineau,Agriculture Commissioner,,DEM,write-in,0
Bottineau,Agriculture Commissioner,,REP,Doug Goehring,587
Bottineau,Agriculture Commissioner,,REP,write-in,0
Bottineau,Attorney General,,DEM,Kiara Kraus-Parr,262
Bottineau,Attorney General,,DEM,write-in,0
Bottineau,Attorney General,,REP,Wayne Stenehjem,604
Bottineau,Attorney General,,REP,write-in,0
Bottineau,Bottineau,,,No,11
Bottineau,Bottineau,,,Yes,275
Bottineau,Constitutional Measure No. 1 Relating to the adjustment of deadlines for initiated measure petitions,,,No,389
Bottineau,Constitutional Measure No. 1 Relating to the adjustment of deadlines for initiated measure petitions,,,Yes,505
Bottineau,Council Member Bottineau,,NON,Diane Lorenz,234
Bottineau,Council Member Bottineau,,NON,Gary Mortensen,253
Bottineau,Council Member Bottineau,,NON,Matt Seykora,246
Bottineau,Council Member Bottineau,,NON,write-in,43
Bottineau,County Auditor Bottineau,,NON,Lisa M Herbel,902
Bottineau,County Auditor Bottineau,,NON,write-in,2
Bottineau,County Commissioner Bottineau - District 1,,NON,LeRoy Rude,191
Bottineau,County Commissioner Bottineau - District 1,,NON,write-in,9
Bottineau,County Commissioner Bottineau - District 3,,NON,Daniel Marquardt,152
Bottineau,County Commissioner Bottineau - District 3,,NON,write-in,1
Bottineau,County Commissioner Bottineau - District 5,,NON,Todd Streich,206
Bottineau,County Commissioner Bottineau - District 5,,NON,write-in,2
Bottineau,County Official Newspaper Bottineau,,NON,Bottineau Courant,810
Bottineau,County Recorder Bottineau,,NON,Bobbi Milbrath,897
Bottineau,County Recorder Bottineau,,NON,write-in,2
Bottineau,County Sheriff Bottineau,,NON,Steven C Watson,873
Bottineau,County Sheriff Bottineau,,NON,write-in,31
Bottineau,County State's Attorney Bottineau,,NON,A. Swain Benson Sr.,885
Bottineau,County State's Attorney Bottineau,,NON,write-in,8
Bottineau,County Treasurer Bottineau,,NON,Ann Monson,920
Bottineau,County Treasurer Bottineau,,NON,write-in,1
Bottineau,Judge of the District Court No. 3 Northeast,,NON,Michael G Sturdevant,887
Bottineau,Judge of the District Court No. 3 Northeast,,NON,write-in,6
Bottineau,Judge of the District Court No. 4 Northeast,,NON,Donovan Foughty,835
Bottineau,Judge of the District Court No. 4 Northeast,,NON,write-in,1
Bottineau,Justice of the Supreme Court,,NON,Gerald W VandeWalle,880
Bottineau,Justice of the Supreme Court,,NON,write-in,4
Bottineau,Mayor Bottineau,,NON,Ben Aufforth,250
Bottineau,Mayor Bottineau,,NON,write-in,17
Bottineau,Park Board Commissioner Bottineau Park,,NON,Matt Glasner,256
Bottineau,Park Board Commissioner Bottineau Park,,NON,Mike Aasen,236
Bottineau,Park Board Commissioner Bottineau Park,,NON,write-in,35
Bottineau,Public Service Commissioner,,DEM,Todd Reisenauer,269
Bottineau,Public Service Commissioner,,DEM,write-in,0
Bottineau,Public Service Commissioner,,REP,Brian P Kalk,592
Bottineau,Public Service Commissioner,,REP,write-in,0
Bottineau,Public Service Commissioner Unexpired 2-Year Term,,DEM,Tyler Axness,273
Bottineau,Public Service Commissioner Unexpired 2-Year Term,,DEM,write-in,0
Bottineau,Public Service Commissioner Unexpired 2-Year Term,,REP,Julie Fedorchak,576
Bottineau,Public Service Commissioner Unexpired 2-Year Term,,REP,write-in,0
Bottineau,Secretary of State,,DEM,April Fairfield,272
Bottineau,Secretary of State,,DEM,write-in,0
Bottineau,Secretary of State,,LIB,Roland Riemers,8
Bottineau,Secretary of State,,LIB,write-in,1
Bottineau,Secretary of State,,REP,Alvin A (Al) Jaeger,588
Bottineau,Secretary of State,,REP,write-in,0
Bottineau,Tax Commissioner,,DEM,Jason Astrup,270
Bottineau,Tax Commissioner,,DEM,write-in,0
Bottineau,Tax Commissioner,,LIB,Anthony Mangnall,8
Bottineau,Tax Commissioner,,LIB,write-in,1
Bottineau,Tax Commissioner,,REP,Ryan Rauschenberger,578
Bottineau,Tax Commissioner,,REP,write-in,0
Bottineau,U.S. House,1,DEM,George Sinner,288
Bottineau,U.S. House,1,DEM,write-in,0
Bottineau,U.S. House,1,LIB,"Robert J ""Jack"" Seaman",8
Bottineau,U.S. House,1,LIB,write-in,1
Bottineau,U.S. House,1,REP,Kevin Cramer,592
Bottineau,U.S. House,1,REP,write-in,0
Bowman,Agriculture Commissioner,,DEM,Ryan Taylor,166
Bowman,Agriculture Commissioner,,DEM,write-in,0
Bowman,Agriculture Commissioner,,REP,Doug Goehring,390
Bowman,Agriculture Commissioner,,REP,write-in,0
Bowman,Attorney General,,DEM,Kiara Kraus-Parr,158
Bowman,Attorney General,,DEM,write-in,0
Bowman,Attorney General,,REP,Wayne Stenehjem,395
Bowman,Attorney General,,REP,write-in,0
Bowman,Bowman School,,,No,34
Bowman,Bowman School,,,Yes,457
Bowman,Commissioner Bowman,,NON,Darrell West,173
Bowman,Commissioner Bowman,,NON,Darren Limesand,250
Bowman,Commissioner Bowman,,NON,Grace Rea,142
Bowman,Commissioner Bowman,,NON,Judson Seaman,115
Bowman,Commissioner Bowman,,NON,write-in,3
Bowman,Constitutional Measure No. 1 Relating to the adjustment of deadlines for initiated measure petitions,,,No,253
Bowman,Constitutional Measure No. 1 Relating to the adjustment of deadlines for initiated measure petitions,,,Yes,290
Bowman,County Auditor Bowman,,NON,"Sandra ""Sandi"" Tivis",583
Bowman,County Auditor Bowman,,NON,write-in,1
Bowman,County Commissioner at Large Bowman,,NON,Kenneth Steiner,509
Bowman,County Commissioner at Large Bowman,,NON,Lynn Brackel,515
Bowman,County Commissioner at Large Bowman,,NON,write-in,16
Bowman,County Official Newspaper Bowman,,NON,Bowman County Pioneer,556
Bowman,County Recorder/Clerk of District Court Bowman,,NON,Jan Werre,574
Bowman,County Recorder/Clerk of District Court Bowman,,NON,write-in,3
Bowman,County Sheriff Bowman,,NON,Rory M Teigen,558
Bowman,County Sheriff Bowman,,NON,write-in,11
Bowman,County State's Attorney Bowman,,NON,Andrew J. Q. Weiss,463
Bowman,County State's Attorney Bowman,,NON,write-in,7
Bowman,County Treasurer Bowman,,NON,"Christine ""Cooky"" Septon",574
Bowman,County Treasurer Bowman,,NON,write-in,1
Bowman,"Director, Southwest Water Authority Bowman",,NON,Rick Seifert,540
Bowman,"Director, Southwest Water Authority Bowman",,NON,write-in,3
Bowman,Justice of the Supreme Court,,NON,Gerald W VandeWalle,506
Bowman,Justice of the Supreme Court,,NON,write-in,0
Bowman,Municipal Judge Bowman,,NON,write-in,75
Bowman,Park Board Member Bowman Park,,NON,Darwin Wilke,323
Bowman,Park Board Member Bowman Park,,NON,write-in,29
Bowman,Public Service Commissioner,,DEM,Todd Reisenauer,156
Bowman,Public Service Commissioner,,DEM,write-in,0
Bowman,Public Service Commissioner,,REP,Brian P Kalk,381
Bowman,Public Service Commissioner,,REP,write-in,1
Bowman,Public Service Commissioner Unexpired 2-Year Term,,DEM,Tyler Axness,153
Bowman,Public Service Commissioner Unexpired 2-Year Term,,DEM,write-in,0
Bowman,Public Service Commissioner Unexpired 2-Year Term,,REP,Julie Fedorchak,379
Bowman,Public Service Commissioner Unexpired 2-Year Term,,REP,write-in,0
Bowman,School Board Member Bowman Area School District Bowman School,,NON,Kevin Bucholz,421
Bowman,School Board Member Bowman Area School District Bowman School,,NON,Tara C Lambourn,420
Bowman,School Board Member Bowman Area School District Bowman School,,NON,write-in,11
Bowman,School Board Member Rhame Area School District Bowman School,,NON,Stacy McGee,443
Bowman,School Board Member Rhame Area School District Bowman School,,NON,write-in,7
Bowman,School Board Member at Large Bowman School,,NON,Dan Peterson,413
Bowman,School Board Member at Large Bowman School,,NON,write-in,5
Bowman,Secretary of State,,DEM,April Fairfield,160
Bowman,Secretary of State,,DEM,write-in,0
Bowman,Secretary of State,,LIB,Roland Riemers,7
Bowman,Secretary of State,,LIB,write-in,0
Bowman,Secretary of State,,REP,Alvin A (Al) Jaeger,392
Bowman,Secretary of State,,REP,write-in,0
Bowman,State House,39,DEM,Greg Tank,135
Bowman,State House,39,DEM,Maddison Voigt,156
Bowman,State House,39,DEM,write-in,1
Bowman,State House,39,REP,Denton B Zubke,325
Bowman,State House,39,REP,Keith Kempenich,374
Bowman,State House,39,REP,write-in,1
Bowman,State Senate,39,DEM,Stephanie L Pretzer,174
Bowman,State Senate,39,DEM,write-in,0
Bowman,State Senate,39,REP,Bill L Bowman,391
Bowman,State Senate,39,REP,write-in,3
Bowman,Tax Commissioner,,DEM,Jason Astrup,156
Bowman,Tax Commissioner,,DEM,write-in,0
Bowman,Tax Commissioner,,LIB,Anthony Mangnall,7
Bowman,Tax Commissioner,,LIB,write-in,0
Bowman,Tax Commissioner,,REP,Ryan Rauschenberger,379
Bowman,Tax Commissioner,,REP,write-in,1
Bowman,U.S. House,1,DEM,George Sinner,167
Bowman,U.S. House,1,DEM,write-in,0
Bowman,U.S. House,1,LIB,"Robert J ""Jack"" Seaman",7
Bowman,U.S. House,1,LIB,write-in,0
Bowman,U.S. House,1,REP,Kevin Cramer,397
Bowman,U.S. House,1,REP,write-in,1
Burke,Agriculture Commissioner,,DEM,Ryan Taylor,119
Burke,Agriculture Commissioner,,DEM,write-in,0
Burke,Agriculture Commissioner,,REP,Doug Goehring,383
Burke,Agriculture Commissioner,,REP,write-in,0
Burke,Attorney General,,DEM,Kiara Kraus-Parr,111
Burke,Attorney General,,DEM,write-in,0
Burke,Attorney General,,REP,Wayne Stenehjem,382
Burke,Attorney General,,REP,write-in,1
Burke,Constitutional Measure No. 1 Relating to the adjustment of deadlines for initiated measure petitions,,,No,204
Burke,Constitutional Measure No. 1 Relating to the adjustment of deadlines for initiated measure petitions,,,Yes,301
Burke,County Auditor Burke,,NON,Jeanine S Jensen,529
Burke,County Auditor Burke,,NON,write-in,7
Burke,County Commissioner Burke - District 2,,NON,Terry Nelson,161
Burke,County Commissioner Burke - District 2,,NON,write-in,13
Burke,County Official Newspaper Burke,,NON,Burke County Tribune,534
Burke,County Recorder/Clerk of District Court Burke,,NON,Bonnie Bohnsack,499
Burke,County Recorder/Clerk of District Court Burke,,NON,write-in,18
Burke,County Sheriff Burke,,NON,Jeremy Grohs,107
Burke,County Sheriff Burke,,NON,Michael P Cude,189
Burke,County Sheriff Burke,,NON,Shawn G Brien,246
Burke,County Sheriff Burke,,NON,write-in,5
Burke,County State's Attorney Burke,,NON,Amber J Fiesel,524
Burke,County State's Attorney Burke,,NON,write-in,4
Burke,County Treasurer Burke,,NON,Shelly Tetrault,386
Burke,County Treasurer Burke,,NON,write-in,135
Burke,Judge of the District Court No. 1 North Central,,NON,Doug Mattson,490
Burke,Judge of the District Court No. 1 North Central,,NON,write-in,0
Burke,Justice of the Supreme Court,,NON,Gerald W VandeWalle,491
Burke,Justice of the Supreme Court,,NON,write-in,2
Burke,Public Service Commissioner,,DEM,Todd Reisenauer,111
Burke,Public Service Commissioner,,DEM,write-in,0
Burke,Public Service Commissioner,,REP,Brian P Kalk,371
Burke,Public Service Commissioner,,REP,write-in,1
Burke,Public Service Commissioner Unexpired 2-Year Term,,DEM,Tyler Axness,111
Burke,Public Service Commissioner Unexpired 2-Year Term,,DEM,write-in,0
Burke,Public Service Commissioner Unexpired 2-Year Term,,REP,Julie Fedorchak,375
Burke,Public Service Commissioner Unexpired 2-Year Term,,REP,write-in,0
Burke,Secretary of State,,DEM,April Fairfield,113
Burke,Secretary of State,,DEM,write-in,0
Burke,Secretary of State,,LIB,Roland Riemers,10
Burke,Secretary of State,,LIB,write-in,0
Burke,Secretary of State,,REP,Alvin A (Al) Jaeger,379
Burke,Secretary of State,,REP,write-in,0
Burke,Tax Commissioner,,DEM,Jason Astrup,112
Burke,Tax Commissioner,,DEM,write-in,0
Burke,Tax Commissioner,,LIB,Anthony Mangnall,10
Burke,Tax Commissioner,,LIB,write-in,0
Burke,Tax Commissioner,,REP,Ryan Rauschenberger,378
Burke,Tax Commissioner,,REP,write-in,1
Burke,U.S. House,1,DEM,George Sinner,115
Burke,U.S. House,1,DEM,write-in,0
Burke,U.S. House,1,LIB,"Robert J ""Jack"" Seaman",10
Burke,U.S. House,1,LIB,write-in,0
Burke,U.S. House,1,REP,Kevin Cramer,385
Burke,U.S. House,1,REP,write-in,1
Burleigh,Agriculture Commissioner,,DEM,Ryan Taylor,2830
Burleigh,Agriculture Commissioner,,DEM,write-in,2
Burleigh,Agriculture Commissioner,,REP,Doug Goehring,5160
Burleigh,Agriculture Commissioner,,REP,write-in,10
Burleigh,Attorney General,,DEM,Kiara Kraus-Parr,2564
Burleigh,Attorney General,,DEM,write-in,1
Burleigh,Attorney General,,REP,Wayne Stenehjem,5314
Burleigh,Attorney General,,REP,write-in,10
Burleigh,Burleigh County Home Rule Charter Burleigh,,,No,3686
Burleigh,Burleigh County Home Rule Charter Burleigh,,,Yes,5173
Burleigh,Commission President City of Bismarck,,NON,Mike Seminary,5175
Burleigh,Commission President City of Bismarck,,NON,write-in,320
Burleigh,Commission President City of Wilton,,NON,write-in,19
Burleigh,Commissioner City of Bismarck,,NON,Doug Philp,511
Burleigh,Commissioner City of Bismarck,,NON,Duane Pool,930
Burleigh,Commissioner City of Bismarck,,NON,Josh Askvig,3362
Burleigh,Commissioner City of Bismarck,,NON,Kimberly A Badenhop,876
Burleigh,Commissioner City of Bismarck,,NON,Michael Motschenbacher,1920
Burleigh,Commissioner City of Bismarck,,NON,Myka Miller,493
Burleigh,Commissioner City of Bismarck,,NON,Nancy Guy,3120
Burleigh,Commissioner City of Bismarck,,NON,Steve Marquardt,1852
Burleigh,Commissioner City of Bismarck,,NON,write-in,10
Burleigh,Commissioner City of Wilton,,NON,Joel Middaugh,14
Burleigh,Commissioner City of Wilton,,NON,John R Clausen,18
Burleigh,Commissioner City of Wilton,,NON,write-in,12
Burleigh,Constitutional Measure No. 1 Relating to the adjustment of deadlines for initiated measure petitions,,,No,4497
Burleigh,Constitutional Measure No. 1 Relating to the adjustment of deadlines for initiated measure petitions,,,Yes,4169
Burleigh,Council Member City of Lincoln,,NON,Jonathan (Jon) Hale,92
Burleigh,Council Member City of Lincoln,,NON,Karen Daly,113
Burleigh,Council Member City of Lincoln,,NON,Toni K Zainhofsky,139
Burleigh,Council Member City of Lincoln,,NON,William G Giuliani,102
Burleigh,Council Member City of Lincoln,,NON,write-in,15
Burleigh,Council Member City of Regan,,NON,John Schneider,4
Burleigh,Council Member City of Regan,,NON,Thomas Feist,6
Burleigh,Council Member City of Regan,,NON,write-in,0
Burleigh,Council Member City of Wing,,NON,Shannon Wilson-Smathers,18
Burleigh,Council Member City of Wing,,NON,write-in,19
Burleigh,Council Member Unexpired 2-Year Term City of Lincoln,,NON,Brandi Jude,36
Burleigh,Council Member Unexpired 2-Year Term City of Lincoln,,NON,Daniel J Raywalt,17
Burleigh,Council Member Unexpired 2-Year Term City of Lincoln,,NON,Ervin Walter Fischer,122
Burleigh,Council Member Unexpired 2-Year Term City of Lincoln,,NON,Shane Paulson,64
Burleigh,Council Member Unexpired 2-Year Term City of Lincoln,,NON,write-in,0
Burleigh,County Auditor/Treasurer Burleigh,,NON,Kevin J Glatt,7184
Burleigh,County Auditor/Treasurer Burleigh,,NON,write-in,36
Burleigh,County Commissioner Burleigh,,NON,Brad Feldman,3102
Burleigh,County Commissioner Burleigh,,NON,Doug Schonert,4390
Burleigh,County Commissioner Burleigh,,NON,Jerry Saude,1904
Burleigh,County Commissioner Burleigh,,NON,Jim Peluso,5094
Burleigh,County Commissioner Burleigh,,NON,Kathleen Jones,4022
Burleigh,County Commissioner Burleigh,,NON,LaRoy Baird,2396
Burleigh,County Commissioner Burleigh,,NON,write-in,51
Burleigh,County Official Newspaper Burleigh,,NON,The Bismarck Tribune,6799
Burleigh,County Recorder Burleigh,,NON,Debbie Kroshus,6968
Burleigh,County Recorder Burleigh,,NON,write-in,13
Burleigh,County Sheriff Burleigh,,NON,Patrick D Heinert,7216
Burleigh,County Sheriff Burleigh,,NON,write-in,46
Burleigh,County State's Attorney Burleigh,,NON,Richard J Riha,6949
Burleigh,County State's Attorney Burleigh,,NON,write-in,47
Burleigh,Judge of the District Court No. 1 South Central,,NON,David E Reich,7032
Burleigh,Judge of the District Court No. 1 South Central,,NON,write-in,34
Burleigh,Judge of the District Court No. 6 South Central,,NON,Gail Hagerty,7127
Burleigh,Judge of the District Court No. 6 South Central,,NON,write-in,72
Burleigh,Judge of the District Court No. 7 South Central,,NON,Thomas J Schneider,6973
Burleigh,Judge of the District Court No. 7 South Central,,NON,write-in,35
Burleigh,Justice of the Supreme Court,,NON,Gerald W VandeWalle,7324
Burleigh,Justice of the Supreme Court,,NON,write-in,40
Burleigh,Mayor City of Wing,,NON,write-in,16
Burleigh,Park Board Member City of Bismarck,,NON,Harley Engelman,3001
Burleigh,Park Board Member City of Bismarck,,NON,Jason T Starck,3630
Burleigh,Park Board Member City of Bismarck,,NON,Julie Jeske,4743
Burleigh,Park Board Member City of Bismarck,,NON,Mike Schwartz,4590
Burleigh,Park Board Member City of Bismarck,,NON,write-in,26
Burleigh,Park Board Member City of Lincoln,,NON,write-in,63
Burleigh,Park Board Member City of Wilton,,NON,Nicole M Schurhamer,24
Burleigh,Park Board Member City of Wilton,,NON,write-in,21
Burleigh,Public Service Commissioner,,DEM,Todd Reisenauer,2632
Burleigh,Public Service Commissioner,,DEM,write-in,2
Burleigh,Public Service Commissioner,,REP,Brian P Kalk,5161
Burleigh,Public Service Commissioner,,REP,write-in,7
Burleigh,Public Service Commissioner Unexpired 2-Year Term,,DEM,Tyler Axness,2629
Burleigh,Public Service Commissioner Unexpired 2-Year Term,,DEM,write-in,3
Burleigh,Public Service Commissioner Unexpired 2-Year Term,,REP,Julie Fedorchak,5123
Burleigh,Public Service Commissioner Unexpired 2-Year Term,,REP,write-in,10
Burleigh,Sales & Use Tax Administrator City of Wilton,,NON,Bernard L Schafer,16
Burleigh,Sales & Use Tax Administrator City of Wilton,,NON,James E Porter,24
Burleigh,Sales & Use Tax Administrator City of Wilton,,NON,write-in,5
Burleigh,School Board Member Bismarck Public School Dist. 1,,NON,Karalee Harper,2388
Burleigh,School Board Member Bismarck Public School Dist. 1,,NON,Karl Lembke,4813
Burleigh,School Board Member Bismarck Public School Dist. 1,,NON,Matthew Sagsveen,4314
Burleigh,School Board Member Bismarck Public School Dist. 1,,NON,Michael A Holly,2937
Burleigh,School Board Member Bismarck Public School Dist. 1,,NON,Rissa Williams,1691
Burleigh,School Board Member Bismarck Public School Dist. 1,,NON,Scott Halvorson,4182
Burleigh,School Board Member Bismarck Public School Dist. 1,,NON,write-in,78
Burleigh,School District Measure 1 Bismarck Public School Dist. 1,,,No,1515
Burleigh,School District Measure 1 Bismarck Public School Dist. 1,,,Yes,6908
Burleigh,Secretary of State,,DEM,April Fairfield,2663
Burleigh,Secretary of State,,DEM,write-in,1
Burleigh,Secretary of State,,LIB,Roland Riemers,129
Burleigh,Secretary of State,,LIB,write-in,3
Burleigh,Secretary of State,,REP,Alvin A (Al) Jaeger,5168
Burleigh,Secretary of State,,REP,write-in,11
Burleigh,State House,35,DEM,Darrell Miller,671
Burleigh,State House,35,DEM,Tracy Potter,735
Burleigh,State House,35,DEM,write-in,0
Burleigh,State House,35,REP,Bob Martinson,1008
Burleigh,State House,35,REP,Karen Karls,931
Burleigh,State House,35,REP,write-in,5
Burleigh,State House,47,DEM,write-in,38
Burleigh,State House,47,REP,George Keiser,1304
Burleigh,State House,47,REP,Lawrence R (Larry) Klemin,1233
Burleigh,State House,47,REP,write-in,8
Burleigh,State House,7,DEM,write-in,32
Burleigh,State House,7,REP,Jason D Dockter,796
Burleigh,State House,7,REP,Rick Becker,767
Burleigh,State House,7,REP,write-in,3
Burleigh,State Senate,35,DEM,Erin Oban,825
Burleigh,State Senate,35,DEM,write-in,1
Burleigh,State Senate,35,REP,Margaret Sitte,980
Burleigh,State Senate,35,REP,write-in,9
Burleigh,State Senate,47,DEM,Bradley Bergstad,552
Burleigh,State Senate,47,DEM,write-in,0
Burleigh,State Senate,47,REP,Ralph Kilzer,1387
Burleigh,State Senate,47,REP,write-in,3
Burleigh,State Senate,7,DEM,write-in,39
Burleigh,State Senate,7,REP,Nicole Poolman,889
Burleigh,State Senate,7,REP,write-in,2
Burleigh,Tax Commissioner,,DEM,Jason Astrup,2610
Burleigh,Tax Commissioner,,DEM,write-in,4
Burleigh,Tax Commissioner,,LIB,Anthony Mangnall,131
Burleigh,Tax Commissioner,,LIB,write-in,2
Burleigh,Tax Commissioner,,REP,Ryan Rauschenberger,5111
Burleigh,Tax Commissioner,,REP,write-in,8
Burleigh,U.S. House,1,DEM,George Sinner,2830
Burleigh,U.S. House,1,DEM,write-in,5
Burleigh,U.S. House,1,LIB,"Robert J ""Jack"" Seaman",139
Burleigh,U.S. House,1,LIB,write-in,0
Burleigh,U.S. House,1,REP,Kevin Cramer,5253
Burleigh,U.S. House,1,REP,write-in,20
Cass,Agriculture Commissioner,,DEM,Ryan Taylor,6923
Cass,Agriculture Commissioner,,DEM,write-in,6
Cass,Agriculture Commissioner,,REP,Doug Goehring,7997
Cass,Agriculture Commissioner,,REP,write-in,12
Cass,Alice,,,No,5
Cass,Alice,,,Yes,6
Cass,Amenia,,,No,2
Cass,Amenia,,,Yes,8
Cass,Attorney General,,DEM,Kiara Kraus-Parr,6561
Cass,Attorney General,,DEM,write-in,11
Cass,Attorney General,,REP,Wayne Stenehjem,8177
Cass,Attorney General,,REP,write-in,17
Cass,Commissioner Fargo,,NON,Dave Piepkorn,5293
Cass,Commissioner Fargo,,NON,John Strand,3211
Cass,Commissioner Fargo,,NON,Mara C Brust,2761
Cass,Commissioner Fargo,,NON,Scott Wagner,2540
Cass,Commissioner Fargo,,NON,Timothy J Mahoney,7428
Cass,Commissioner Fargo,,NON,Tony Gehrig,2073
Cass,Commissioner Fargo,,NON,Vern Bennett,2423
Cass,Commissioner Fargo,,NON,write-in,15
Cass,Commissioner West Fargo,,NON,Bradley Olson,772
Cass,Commissioner West Fargo,,NON,Duane Hanson,972
Cass,Commissioner West Fargo,,NON,Mark Wentz,1017
Cass,Commissioner West Fargo,,NON,write-in,4
Cass,Constitutional Measure No. 1 Relating to the adjustment of deadlines for initiated measure petitions,,,No,7262
Cass,Constitutional Measure No. 1 Relating to the adjustment of deadlines for initiated measure petitions,,,Yes,8472
Cass,Council Member Alice,,NON,Ron Mulder,10
Cass,Council Member Alice,,NON,Tim Schmidt,11
Cass,Council Member Alice,,NON,write-in,1
Cass,Council Member Amenia,,NON,Denise Muscha,10
Cass,Council Member Amenia,,NON,write-in,5
Cass,Council Member Argusville,,NON,David Michael Becker,66
Cass,Council Member Argusville,,NON,Wayne M Hagemeister,68
Cass,Council Member Argusville,,NON,write-in,2
Cass,Council Member Arthur,,NON,Greg Nelson,43
Cass,Council Member Arthur,,NON,William Engelke,43
Cass,Council Member Arthur,,NON,write-in,1
Cass,Council Member Ayr,,NON,Ann Jarvis,1
Cass,Council Member Ayr,,NON,Gerald Wheeler,2
Cass,Council Member Ayr,,NON,write-in,0
Cass,Council Member Briarwood,,NON,Cheri Schoenfish,14
Cass,Council Member Briarwood,,NON,Derrick (Sam) Groff,13
Cass,Council Member Briarwood,,NON,write-in,0
Cass,Council Member Buffalo,,NON,write-in,39
Cass,Council Member Casselton,,NON,Charles Francis,160
Cass,Council Member Casselton,,NON,Fred Wangler,189
Cass,Council Member Casselton,,NON,Kent Buss,200
Cass,Council Member Casselton,,NON,write-in,4
Cass,Council Member Davenport,,NON,David Faller,48
Cass,Council Member Davenport,,NON,Matthew Palluck,44
Cass,Council Member Davenport,,NON,write-in,19
Cass,Council Member Frontier,,NON,Jessica Metcalf,25
Cass,Council Member Frontier,,NON,Wade Borth,23
Cass,Council Member Frontier,,NON,write-in,6
Cass,Council Member Gardner,,NON,write-in,15
Cass,Council Member Grandin,,NON,Amanda Wolf,15
Cass,Council Member Grandin,,NON,Debra Sorsen,7
Cass,Council Member Grandin,,NON,Scott Hanson,9
Cass,Council Member Grandin,,NON,write-in,5
Cass,Council Member Harwood,,NON,Dick Sundberg,61
Cass,Council Member Harwood,,NON,Edwin Ployhart,59
Cass,Council Member Harwood,,NON,write-in,12
Cass,Council Member Horace,,NON,Craig Hakanson,97
Cass,Council Member Horace,,NON,John Koerselman,151
Cass,Council Member Horace,,NON,Sharon May,173
Cass,Council Member Horace,,NON,write-in,0
Cass,Council Member Hunter,,NON,Carol Siegert,36
Cass,Council Member Hunter,,NON,Justin Teegarden,34
Cass,Council Member Hunter,,NON,Russell Stabler,17
Cass,Council Member Hunter,,NON,write-in,3
Cass,Council Member Kindred,,NON,Adam Spelhaug,79
Cass,Council Member Kindred,,NON,David Amerman,58
Cass,Council Member Kindred,,NON,Sue Kersting,40
Cass,Council Member Kindred,,NON,write-in,1
Cass,Council Member Leonard,,NON,Mike Nudell,6
Cass,Council Member Leonard,,NON,Rita Goltz,10
Cass,Council Member Leonard,,NON,write-in,4
Cass,Council Member Mapleton,,NON,Carlita Dietz,58
Cass,Council Member Mapleton,,NON,Kevin Odegaard,70
Cass,Council Member Mapleton,,NON,Ryan C Johnson,88
Cass,Council Member Mapleton,,NON,write-in,12
Cass,Council Member North River,,NON,Kristin Ehlert,16
Cass,Council Member North River,,NON,Michael Schossow,16
Cass,Council Member North River,,NON,write-in,1
Cass,Council Member Oxbow,,NON,Chris Champ,72
Cass,Council Member Oxbow,,NON,Matthew Breker,43
Cass,Council Member Oxbow,,NON,Tami Henke,62
Cass,Council Member Oxbow,,NON,write-in,0
Cass,Council Member Page,,NON,Justin O Knott,22
Cass,Council Member Page,,NON,Matthew M Erickson,16
Cass,Council Member Page,,NON,write-in,2
Cass,Council Member Prairie Rose,,NON,Christine Laney,12
Cass,Council Member Prairie Rose,,NON,Julie Smith,8
Cass,Council Member Prairie Rose,,NON,write-in,0
Cass,Council Member Reiles Acres,,NON,Shane Amundson,61
Cass,Council Member Reiles Acres,,NON,write-in,59
Cass,Council Member Tower City,,NON,Scott Kohler,51
Cass,Council Member Tower City,,NON,write-in,43
Cass,Council Member Unexpired 2-Year Term Harwood,,NON,Jennifer Spiesz,60
Cass,Council Member Unexpired 2-Year Term Harwood,,NON,write-in,17
Cass,Council Member Unexpired 2-Year Term Page,,NON,Justin M Dahl,21
Cass,Council Member Unexpired 2-Year Term Page,,NON,write-in,0
Cass,Council Member Unexpired 2-Year Term Prairie Rose,,NON,La Verne Ringdahl,10
Cass,Council Member Unexpired 2-Year Term Prairie Rose,,NON,write-in,0
Cass,County Auditor Cass,,NON,Michael Montplaisir,13637
Cass,County Auditor Cass,,NON,write-in,38
Cass,County Commissioner Cass - District 2,,NON,Dawn Morgan,5959
Cass,County Commissioner Cass - District 2,,NON,Rick Steen,7945
Cass,County Commissioner Cass - District 2,,NON,write-in,19
Cass,County Commissioner Cass - District 4,,NON,Arland H Rasmussen,8782
Cass,County Commissioner Cass - District 4,,NON,Justin Vega,4014
Cass,County Commissioner Cass - District 4,,NON,write-in,23
Cass,County Official Newspaper Cass,,NON,Cass County Reporter,4404
Cass,County Official Newspaper Cass,,NON,The Forum of Fargo Moorhead,11845
Cass,County Recorder Cass,,NON,Jewel Spies,13199
Cass,County Recorder Cass,,NON,write-in,26
Cass,County Sheriff Cass,,NON,Paul D Laney,14722
Cass,County Sheriff Cass,,NON,write-in,150
Cass,County State's Attorney Cass,,NON,Birch P Burdick,13895
Cass,County State's Attorney Cass,,NON,write-in,111
Cass,County Treasurer Cass,,NON,Charlotte Sandvik,13452
Cass,County Treasurer Cass,,NON,write-in,28
Cass,"Director, Garrison Diversion Conservancy Cass",,NON,Roger Fenstad,13229
Cass,"Director, Garrison Diversion Conservancy Cass",,NON,write-in,46
Cass,Fargo School District #1,,,No,1744
Cass,Fargo School District #1,,,Yes,10357
Cass,Judge of the District Court No. 1 East Central,,NON,Adele Page,3495
Cass,Judge of the District Court No. 1 East Central,,NON,Connie Cleveland,3340
Cass,Judge of the District Court No. 1 East Central,,NON,Susan L Bailey,3782
Cass,Judge of the District Court No. 1 East Central,,NON,Tristan Van de Streek,4203
Cass,Judge of the District Court No. 1 East Central,,NON,write-in,17
Cass,Judge of the District Court No. 5 East Central,,NON,Frank L Racek,13341
Cass,Judge of the District Court No. 5 East Central,,NON,write-in,49
Cass,Judge of the District Court No. 7 East Central,,NON,Wade Webb,13507
Cass,Judge of the District Court No. 7 East Central,,NON,write-in,57
Cass,Justice of the Supreme Court,,NON,Gerald W VandeWalle,13395
Cass,Justice of the Supreme Court,,NON,write-in,56
Cass,Kindred,,,No,22
Cass,Kindred,,,Yes,74
Cass,Mapleton,,,No,67
Cass,Mapleton,,,Yes,63
Cass,Mayor Amenia,,NON,William Stansbery,10
Cass,Mayor Amenia,,NON,write-in,0
Cass,Mayor Argusville,,NON,write-in,58
Cass,Mayor Briarwood,,NON,John Adams,14
Cass,Mayor Briarwood,,NON,write-in,0
Cass,Mayor Buffalo,,NON,Antoinette Babcock,52
Cass,Mayor Buffalo,,NON,write-in,9
Cass,Mayor Casselton,,NON,Lee Anderson,220
Cass,Mayor Casselton,,NON,write-in,7
Cass,Mayor Davenport,,NON,Larry Palluck,32
Cass,Mayor Davenport,,NON,write-in,30
Cass,Mayor Fargo,,NON,Brad Wimmer,6020
Cass,Mayor Fargo,,NON,Dennis R Walaker,7731
Cass,Mayor Fargo,,NON,write-in,69
Cass,Mayor Frontier,,NON,Neil Krueger,26
Cass,Mayor Frontier,,NON,write-in,2
Cass,Mayor Gardner,,NON,write-in,9
Cass,Mayor Grandin,,NON,Kelly Kyllo,18
Cass,Mayor Grandin,,NON,write-in,1
Cass,Mayor Kindred,,NON,Jeff Wanner,84
Cass,Mayor Kindred,,NON,write-in,5
Cass,Mayor North River,,NON,Jim Kiser,16
Cass,Mayor North River,,NON,write-in,1
Cass,Mayor Oxbow,,NON,James Nyhof,80
Cass,Mayor Oxbow,,NON,write-in,9
Cass,Mayor Prairie Rose,,NON,Greg Holman,10
Cass,Mayor Prairie Rose,,NON,write-in,0
Cass,Mayor West Fargo,,NON,Richard Mattern,1438
Cass,Mayor West Fargo,,NON,write-in,30
Cass,Municipal Judge Casselton,,NON,Charlene Nelson,190
Cass,Municipal Judge Casselton,,NON,write-in,3
Cass,Municipal Judge Kindred,,NON,Susan Bailey,85
Cass,Municipal Judge Kindred,,NON,write-in,1
Cass,Municipal Judge West Fargo,,NON,Susan Bailey,1337
Cass,Municipal Judge West Fargo,,NON,write-in,30
Cass,Park Board Commissioner Fargo Park,,NON,Joe Deutsch,7067
Cass,Park Board Commissioner Fargo Park,,NON,Mary C Johnson,7327
Cass,Park Board Commissioner Fargo Park,,NON,Matt Magness,5772
Cass,Park Board Commissioner Fargo Park,,NON,Rick Flacksbarth,4252
Cass,Park Board Commissioner Fargo Park,,NON,Terry Waltz,4650
Cass,Park Board Commissioner Fargo Park,,NON,write-in,60
Cass,Park Board Member Argusville Park,,NON,Cheri L Wetzel,70
Cass,Park Board Member Argusville Park,,NON,Ryan Thompson,68
Cass,Park Board Member Argusville Park,,NON,write-in,14
Cass,Park Board Member Arthur Park,,NON,Ola Andersson,47
Cass,Park Board Member Arthur Park,,NON,write-in,9
Cass,Park Board Member Briarwood Park,,NON,Heather Butler,13
Cass,Park Board Member Briarwood Park,,NON,write-in,0
Cass,Park Board Member Buffalo Park,,NON,write-in,37
Cass,Park Board Member Casselton Park,,NON,Corey Cruchet,180
Cass,Park Board Member Casselton Park,,NON,Jonathan Warrey,209
Cass,Park Board Member Casselton Park,,NON,Randy Buntrock,200
Cass,Park Board Member Casselton Park,,NON,write-in,2
Cass,Park Board Member Davenport Park,,NON,Jeffrey Korol,48
Cass,Park Board Member Davenport Park,,NON,Tammy Palluck,57
Cass,Park Board Member Davenport Park,,NON,write-in,6
Cass,Park Board Member Harwood Park,,NON,Dan Newland,74
Cass,Park Board Member Harwood Park,,NON,Jennifer Johnson,69
Cass,Park Board Member Harwood Park,,NON,write-in,4
Cass,Park Board Member Horace Park,,NON,James Pearson,172
Cass,Park Board Member Horace Park,,NON,Julie Dahlin,201
Cass,Park Board Member Horace Park,,NON,write-in,1
Cass,Park Board Member Hunter Park,,NON,write-in,17
Cass,Park Board Member Kindred Park,,NON,Ray (Perry) Morrison,74
Cass,Park Board Member Kindred Park,,NON,write-in,50
Cass,Park Board Member Leonard Park,,NON,Ashley Anderson,8
Cass,Park Board Member Leonard Park,,NON,Greg Wessels,10
Cass,Park Board Member Leonard Park,,NON,write-in,0
Cass,Park Board Member Mapleton Park,,NON,Amber Brodal,66
Cass,Park Board Member Mapleton Park,,NON,Donna Donley,70
Cass,Park Board Member Mapleton Park,,NON,Jerry Volk,80
Cass,Park Board Member Mapleton Park,,NON,Shanna Garcia,83
Cass,Park Board Member Mapleton Park,,NON,write-in,3
Cass,Park Board Member Oxbow Park,,NON,write-in,33
Cass,Park Board Member Tower City Park,,NON,Amy Milbrandt,47
Cass,Park Board Member Tower City Park,,NON,David Killoran,53
Cass,Park Board Member Tower City Park,,NON,Joann Wetch,51
Cass,Park Board Member Tower City Park,,NON,write-in,2
Cass,Park Board Member Unexpired 2-Year Term Davenport Park,,NON,Matthew Palluck,49
Cass,Park Board Member Unexpired 2-Year Term Davenport Park,,NON,write-in,9
Cass,Park Board Member Unexpired 2-Year Term Harwood Park,,NON,Katy Koehn,73
Cass,Park Board Member Unexpired 2-Year Term Harwood Park,,NON,write-in,3
Cass,Park Board Member Unexpired 2-Year Term Tower City Park,,NON,Kathy Walburn,8
Cass,Park Board Member Unexpired 2-Year Term Tower City Park,,NON,Scott Tichy,40
Cass,Park Board Member Unexpired 2-Year Term Tower City Park,,NON,write-in,1
Cass,Park Board Member West Fargo Park,,NON,Jeff McCracken,1167
Cass,Park Board Member West Fargo Park,,NON,Sharon Odegaard,1225
Cass,Park Board Member West Fargo Park,,NON,write-in,410
Cass,Proposed City Charter Amendment West Fargo,,,No,708
Cass,Proposed City Charter Amendment West Fargo,,,Yes,1004
Cass,Proposed Ordinance Implementing Charter Amendment West Fargo,,,No,695
Cass,Proposed Ordinance Implementing Charter Amendment West Fargo,,,Yes,1009
Cass,Public Service Commissioner,,DEM,Todd Reisenauer,6645
Cass,Public Service Commissioner,,DEM,write-in,9
Cass,Public Service Commissioner,,REP,Brian P Kalk,8009
Cass,Public Service Commissioner,,REP,write-in,3
Cass,Public Service Commissioner Unexpired 2-Year Term,,DEM,Tyler Axness,6622
Cass,Public Service Commissioner Unexpired 2-Year Term,,DEM,write-in,11
Cass,Public Service Commissioner Unexpired 2-Year Term,,REP,Julie Fedorchak,7785
Cass,Public Service Commissioner Unexpired 2-Year Term,,REP,write-in,6
Cass,School Board Member - Zone 3 & 4 Mayport CG School Dist #14,,NON,write-in,0
Cass,School Board Member - Zone 6 & 7 Mayport CG School Dist #14,,NON,Renee Torgeson,0
Cass,School Board Member - Zone 6 & 7 Mayport CG School Dist #14,,NON,write-in,0
Cass,School Board Member - Zone 8 & 9 Mayport CG School Dist #14,,NON,David Ust,0
Cass,School Board Member - Zone 8 & 9 Mayport CG School Dist #14,,NON,write-in,0
Cass,School Board Member Area #4 Northern Cass School Dist #97,,NON,Lori Steffes,223
Cass,School Board Member Area #4 Northern Cass School Dist #97,,NON,write-in,1
Cass,School Board Member Area #5 Northern Cass School Dist #97,,NON,Brad Bjerke,220
Cass,School Board Member Area #5 Northern Cass School Dist #97,,NON,write-in,2
Cass,School Board Member At Large Central Cass School #17,,NON,Brent Everson,163
Cass,School Board Member At Large Central Cass School #17,,NON,Broc T Lietz,84
Cass,School Board Member At Large Central Cass School #17,,NON,Stefanie (Koetz) Meyer,124
Cass,School Board Member At Large Central Cass School #17,,NON,write-in,2
Cass,School Board Member At Large-City Mapleton School Dist #7,,NON,J. Murray Dietz,108
Cass,School Board Member At Large-City Mapleton School Dist #7,,NON,write-in,23
Cass,School Board Member Fargo School District #1,,NON,Ahmed Kamel,2671
Cass,School Board Member Fargo School District #1,,NON,Brian Martin,4115
Cass,School Board Member Fargo School District #1,,NON,David Paulson,4324
Cass,School Board Member Fargo School District #1,,NON,Dinah Goldenberg,4426
Cass,School Board Member Fargo School District #1,,NON,Jennifer Benson,5142
Cass,School Board Member Fargo School District #1,,NON,Linda Boyd,5427
Cass,School Board Member Fargo School District #1,,NON,Marty Livingood,3260
Cass,School Board Member Fargo School District #1,,NON,Rebecca Knutson,5874
Cass,School Board Member Fargo School District #1,,NON,Scott Dahms,3769
Cass,School Board Member Fargo School District #1,,NON,Teri-Lee C James,2284
Cass,School Board Member Fargo School District #1,,NON,Tyler Jon Anderson,3143
Cass,School Board Member Fargo School District #1,,NON,write-in,138
Cass,School Board Member Rural Mapleton School Dist #7,,NON,Corey Dean Walther,123
Cass,School Board Member Rural Mapleton School Dist #7,,NON,write-in,5
Cass,School Board Member Southeast Area #4 Central Cass School #17,,NON,Ann Ueland,329
Cass,School Board Member Southeast Area #4 Central Cass School #17,,NON,write-in,3
Cass,School Board Member West Fargo School Dist #6,,NON,Allan Skramstad,1376
Cass,School Board Member West Fargo School Dist #6,,NON,Dan Schaeffer,1371
Cass,School Board Member West Fargo School Dist #6,,NON,Jon L Erickson,1546
Cass,School Board Member West Fargo School Dist #6,,NON,Kara Stack,1714
Cass,School Board Member West Fargo School Dist #6,,NON,Patricia Moulton,1278
Cass,School Board Member West Fargo School Dist #6,,NON,Shauna Vistad,1379
Cass,School Board Member West Fargo School Dist #6,,NON,write-in,38
Cass,Secretary of State,,DEM,April Fairfield,6717
Cass,Secretary of State,,DEM,write-in,5
Cass,Secretary of State,,LIB,Roland Riemers,463
Cass,Secretary of State,,LIB,write-in,2
Cass,Secretary of State,,REP,Alvin A (Al) Jaeger,8089
Cass,Secretary of State,,REP,write-in,13
Cass,State House,11,DEM,Kris Wallman,816
Cass,State House,11,DEM,Ron Guggisberg,785
Cass,State House,11,DEM,write-in,2
Cass,State House,11,REP,write-in,47
Cass,State House,13,DEM,Jaci Stofferahn,359
Cass,State House,13,DEM,Scott Brand,371
Cass,State House,13,DEM,write-in,0
Cass,State House,13,REP,Christopher Olson,460
Cass,State House,13,REP,Kim Koppelman,532
Cass,State House,13,REP,write-in,3
Cass,State House,21,DEM,Kathy Hogan,609
Cass,State House,21,DEM,Mary Schneider,625
Cass,State House,21,DEM,write-in,0
Cass,State House,21,REP,Lucas Paper,359
Cass,State House,21,REP,Robert Lauf,369
Cass,State House,21,REP,write-in,6
Cass,State House,25,DEM,Alisa Mitskog,54
Cass,State House,25,DEM,Richard W Grosz,53
Cass,State House,25,DEM,write-in,0
Cass,State House,25,REP,Bruce Eckre,71
Cass,State House,25,REP,Cindy Beck,112
Cass,State House,25,REP,Daniel Rugroden,98
Cass,State House,25,REP,write-in,0
Cass,State House,27,DEM,Jess Roscoe,381
Cass,State House,27,DEM,Logan Heinrich,377
Cass,State House,27,DEM,write-in,0
Cass,State House,27,REP,Randy G Boehning,608
Cass,State House,27,REP,Thomas Beadle,590
Cass,State House,27,REP,write-in,1
Cass,State House,41,DEM,Lillian Jones,413
Cass,State House,41,DEM,Pamela Anderson,724
Cass,State House,41,DEM,Sheila Christensen,474
Cass,State House,41,DEM,write-in,1
Cass,State House,41,REP,Al Carlson,1019
Cass,State House,41,REP,Bette Grande,901
Cass,State House,41,REP,write-in,8
Cass,State House,45,DEM,Brenda K Warren,512
Cass,State House,45,DEM,Ed Gruchalla,534
Cass,State House,45,DEM,write-in,3
Cass,State House,45,REP,Mary C Johnson,604
Cass,State House,45,REP,Tom Kading,605
Cass,State House,45,REP,write-in,1
Cass,State Senate,11,DEM,Tim Mathern,965
Cass,State Senate,11,DEM,write-in,4
Cass,State Senate,11,REP,write-in,48
Cass,State Senate,13,DEM,Landis L Larson,400
Cass,State Senate,13,DEM,write-in,2
Cass,State Senate,13,REP,Judy Lee,587
Cass,State Senate,13,REP,write-in,4
Cass,State Senate,21,DEM,Carolyn C Nelson,691
Cass,State Senate,21,DEM,write-in,2
Cass,State Senate,21,REP,Cindy Pfeiffer,415
Cass,State Senate,21,REP,write-in,4
Cass,State Senate,25,DEM,Perry Miller,61
Cass,State Senate,25,DEM,write-in,0
Cass,State Senate,25,REP,Larry Luick,158
Cass,State Senate,25,REP,write-in,0
Cass,State Senate,27,DEM,Warren Solberg,450
Cass,State Senate,27,DEM,write-in,1
Cass,State Senate,27,REP,Jon Casper,695
Cass,State Senate,27,REP,write-in,0
Cass,State Senate,41,DEM,Evelyn Quigley,897
Cass,State Senate,41,DEM,write-in,2
Cass,State Senate,41,REP,Kyle Davison,1111
Cass,State Senate,41,REP,write-in,1
Cass,State Senate,45,DEM,Mike Deutsch,591
Cass,State Senate,45,DEM,write-in,3
Cass,State Senate,45,REP,Ronald Sorvaag,697
Cass,State Senate,45,REP,write-in,0
Cass,Tax Commissioner,,DEM,Jason Astrup,6623
Cass,Tax Commissioner,,DEM,write-in,13
Cass,Tax Commissioner,,LIB,Anthony Mangnall,467
Cass,Tax Commissioner,,LIB,write-in,3
Cass,Tax Commissioner,,REP,Ryan Rauschenberger,7794
Cass,Tax Commissioner,,REP,write-in,8
Cass,U.S. House,1,DEM,George Sinner,7283
Cass,U.S. House,1,DEM,write-in,15
Cass,U.S. House,1,LIB,"Robert J ""Jack"" Seaman",501
Cass,U.S. House,1,LIB,write-in,2
Cass,U.S. House,1,REP,Kevin Cramer,8094
Cass,U.S. House,1,REP,write-in,42
Cass,West Fargo School Dist #6,,,No,418
Cass,West Fargo School Dist #6,,,Yes,2614
Cavalier,Agriculture Commissioner,,DEM,Ryan Taylor,283
Cavalier,Agriculture Commissioner,,DEM,write-in,0
Cavalier,Agriculture Commissioner,,REP,Doug Goehring,459
Cavalier,Agriculture Commissioner,,REP,write-in,5
Cavalier,Attorney General,,DEM,Kiara Kraus-Parr,247
Cavalier,Attorney General,,DEM,write-in,0
Cavalier,Attorney General,,REP,Wayne Stenehjem,471
Cavalier,Attorney General,,REP,write-in,0
Cavalier,Cavalier,,,No,402
Cavalier,Cavalier,,,Yes,508
Cavalier,Commission President Langdon,,NON,Charles Chuck Downs,322
Cavalier,Commission President Langdon,,NON,write-in,6
Cavalier,Commissioner Langdon,,NON,Cody Schlittenhard,271
Cavalier,Commissioner Langdon,,NON,Garrett Freier,208
Cavalier,Commissioner Langdon,,NON,James Rademacher,217
Cavalier,Commissioner Langdon,,NON,write-in,4
Cavalier,Constitutional Measure No. 1 Relating to the adjustment of deadlines for initiated measure petitions,,,No,422
Cavalier,Constitutional Measure No. 1 Relating to the adjustment of deadlines for initiated measure petitions,,,Yes,366
Cavalier,County Auditor Cavalier,,NON,Lisa Gellner,708
Cavalier,County Auditor Cavalier,,NON,write-in,76
Cavalier,County Commissioner at Large Cavalier,,NON,Elsie Magnus,549
Cavalier,County Commissioner at Large Cavalier,,NON,"Nicholas ""Nick"" Moser",395
Cavalier,County Commissioner at Large Cavalier,,NON,Shauna Schneider,205
Cavalier,County Commissioner at Large Cavalier,,NON,Stanley J Dick,576
Cavalier,County Commissioner at Large Cavalier,,NON,Tom M Valentine,165
Cavalier,County Commissioner at Large Cavalier,,NON,William Thom,335
Cavalier,County Commissioner at Large Cavalier,,NON,write-in,16
Cavalier,County Official Newspaper Cavalier,,NON,Cavalier County Republican,781
Cavalier,County Recorder Cavalier,,NON,Vicki J Kubat,767
Cavalier,County Recorder Cavalier,,NON,write-in,31
Cavalier,County Sheriff Cavalier,,NON,David J Zeis,800
Cavalier,County Sheriff Cavalier,,NON,write-in,11
Cavalier,County State's Attorney Cavalier,,NON,Scott Stewart,705
Cavalier,County State's Attorney Cavalier,,NON,write-in,29
Cavalier,County Treasurer Cavalier,,NON,Cynthia Stremick,802
Cavalier,County Treasurer Cavalier,,NON,write-in,2
Cavalier,Judge of the District Court No. 3 Northeast,,NON,Michael G Sturdevant,641
Cavalier,Judge of the District Court No. 3 Northeast,,NON,write-in,1
Cavalier,Judge of the District Court No. 4 Northeast,,NON,Donovan Foughty,645
Cavalier,Judge of the District Court No. 4 Northeast,,NON,write-in,1
Cavalier,Justice of the Supreme Court,,NON,Gerald W VandeWalle,645
Cavalier,Justice of the Supreme Court,,NON,write-in,1
Cavalier,Public Service Commissioner,,DEM,Todd Reisenauer,246
Cavalier,Public Service Commissioner,,DEM,write-in,0
Cavalier,Public Service Commissioner,,REP,Brian P Kalk,459
Cavalier,Public Service Commissioner,,REP,write-in,0
Cavalier,Public Service Commissioner Unexpired 2-Year Term,,DEM,Tyler Axness,248
Cavalier,Public Service Commissioner Unexpired 2-Year Term,,DEM,write-in,0
Cavalier,Public Service Commissioner Unexpired 2-Year Term,,REP,Julie Fedorchak,445
Cavalier,Public Service Commissioner Unexpired 2-Year Term,,REP,write-in,0
Cavalier,Secretary of State,,DEM,April Fairfield,254
Cavalier,Secretary of State,,DEM,write-in,0
Cavalier,Secretary of State,,LIB,Roland Riemers,16
Cavalier,Secretary of State,,LIB,write-in,0
Cavalier,Secretary of State,,REP,Alvin A (Al) Jaeger,472
Cavalier,Secretary of State,,REP,write-in,1
Cavalier,Tax Commissioner,,DEM,Jason Astrup,252
Cavalier,Tax Commissioner,,DEM,write-in,0
Cavalier,Tax Commissioner,,LIB,Anthony Mangnall,16
Cavalier,Tax Commissioner,,LIB,write-in,0
Cavalier,Tax Commissioner,,REP,Ryan Rauschenberger,447
Cavalier,Tax Commissioner,,REP,write-in,0
Cavalier,U.S. House,1,DEM,George Sinner,287
Cavalier,U.S. House,1,DEM,write-in,0
Cavalier,U.S. House,1,LIB,"Robert J ""Jack"" Seaman",18
Cavalier,U.S. House,1,LIB,write-in,0
Cavalier,U.S. House,1,REP,Kevin Cramer,480
Cavalier,U.S. House,1,REP,write-in,0
Dickey,Agriculture Commissioner,,DEM,Ryan Taylor,297
Dickey,Agriculture Commissioner,,DEM,write-in,0
Dickey,Agriculture Commissioner,,REP,Doug Goehring,523
Dickey,Agriculture Commissioner,,REP,write-in,0
Dickey,Attorney General,,DEM,Kiara Kraus-Parr,284
Dickey,Attorney General,,DEM,write-in,0
Dickey,Attorney General,,REP,Wayne Stenehjem,530
Dickey,Attorney General,,REP,write-in,0
Dickey,City Measure 1 Fullerton,,,No,3
Dickey,City Measure 1 Fullerton,,,Yes,16
Dickey,Constitutional Measure No. 1 Relating to the adjustment of deadlines for initiated measure petitions,,,No,321
Dickey,Constitutional Measure No. 1 Relating to the adjustment of deadlines for initiated measure petitions,,,Yes,483
Dickey,Council Member Ellendale,,NON,Jolene T Maunu,190
Dickey,Council Member Ellendale,,NON,Richard Reis,209
Dickey,Council Member Ellendale,,NON,Troy Schilling,214
Dickey,Council Member Ellendale,,NON,write-in,3
Dickey,Council Member Fullerton,,NON,Charles Glynn,21
Dickey,Council Member Fullerton,,NON,Steven R Peterson,15
Dickey,Council Member Fullerton,,NON,write-in,0
Dickey,Council Member Oakes,,NON,Andrew Kuipers,118
Dickey,Council Member Oakes,,NON,Art Conklin,247
Dickey,Council Member Oakes,,NON,"Nathan O""Brien",223
Dickey,Council Member Oakes,,NON,Nicholas Harris,225
Dickey,Council Member Oakes,,NON,"Regina ""Jean"" Frigen",106
Dickey,Council Member Oakes,,NON,write-in,3
Dickey,Council Member Unexpired 2-Year Term Ellendale,,NON,Eric Fuher,233
Dickey,Council Member Unexpired 2-Year Term Ellendale,,NON,write-in,0
Dickey,County Auditor Dickey,,NON,Beverly Kuska,821
Dickey,County Auditor Dickey,,NON,write-in,2
Dickey,County Commissioner Dickey - District 1,,NON,Joel Hamar,743
Dickey,County Commissioner Dickey - District 1,,NON,write-in,42
Dickey,County Commissioner Dickey - District 3,,NON,Dean B Simek,799
Dickey,County Commissioner Dickey - District 3,,NON,write-in,5
Dickey,County Commissioner Dickey - District 5,,NON,John M Hokana,788
Dickey,County Commissioner Dickey - District 5,,NON,write-in,5
Dickey,County Official Newspaper Dickey,,NON,Dickey County Leader,730
Dickey,County Recorder Dickey,,NON,"Deborah ""Deb"" Anderson",824
Dickey,County Recorder Dickey,,NON,write-in,2
Dickey,County Sheriff Dickey,,NON,Chris Estes,483
Dickey,County Sheriff Dickey,,NON,Lance Kohlmeyer,242
Dickey,County Sheriff Dickey,,NON,Scott Peterson,190
Dickey,County Sheriff Dickey,,NON,write-in,5
Dickey,County State's Attorney Dickey,,NON,Gary Neuharth,777
Dickey,County State's Attorney Dickey,,NON,write-in,14
Dickey,County Treasurer Dickey,,NON,Gail A Veland,819
Dickey,County Treasurer Dickey,,NON,write-in,6
Dickey,Judge of the District Court No. 4 Unexpired 2-Year Term Southeast,,NON,James D Hovey,746
Dickey,Judge of the District Court No. 4 Unexpired 2-Year Term Southeast,,NON,write-in,1
Dickey,Justice of the Supreme Court,,NON,Gerald W VandeWalle,749
Dickey,Justice of the Supreme Court,,NON,write-in,1
Dickey,Mayor Ellendale,,NON,Don Flaherty,106
Dickey,Mayor Ellendale,,NON,Matthew Thorpe,150
Dickey,Mayor Ellendale,,NON,write-in,1
Dickey,Mayor Oakes,,NON,Monty Zimmer,297
Dickey,Mayor Oakes,,NON,write-in,3
Dickey,Park Board Member Ellendale Park,,NON,write-in,53
Dickey,Park Board Member Fullerton Park,,NON,Blake R Peterson,17
Dickey,Park Board Member Fullerton Park,,NON,Christine K Peterson,16
Dickey,Park Board Member Fullerton Park,,NON,James V Glynn,18
Dickey,Park Board Member Fullerton Park,,NON,write-in,0
Dickey,Park Board Member Oakes Park,,NON,Jason Paradis,285
Dickey,Park Board Member Oakes Park,,NON,write-in,134
Dickey,Park Board Member Unexpired 2-Year Term Oakes Park,,NON,write-in,44
Dickey,Public Service Commissioner,,DEM,Todd Reisenauer,290
Dickey,Public Service Commissioner,,DEM,write-in,0
Dickey,Public Service Commissioner,,REP,Brian P Kalk,520
Dickey,Public Service Commissioner,,REP,write-in,0
Dickey,Public Service Commissioner Unexpired 2-Year Term,,DEM,Tyler Axness,285
Dickey,Public Service Commissioner Unexpired 2-Year Term,,DEM,write-in,0
Dickey,Public Service Commissioner Unexpired 2-Year Term,,REP,Julie Fedorchak,511
Dickey,Public Service Commissioner Unexpired 2-Year Term,,REP,write-in,1
Dickey,Secretary of State,,DEM,April Fairfield,291
Dickey,Secretary of State,,DEM,write-in,0
Dickey,Secretary of State,,LIB,Roland Riemers,18
Dickey,Secretary of State,,LIB,write-in,0
Dickey,Secretary of State,,REP,Alvin A (Al) Jaeger,524
Dickey,Secretary of State,,REP,write-in,0
Dickey,Tax Commissioner,,DEM,Jason Astrup,286
Dickey,Tax Commissioner,,DEM,write-in,0
Dickey,Tax Commissioner,,LIB,Anthony Mangnall,17
Dickey,Tax Commissioner,,LIB,write-in,0
Dickey,Tax Commissioner,,REP,Ryan Rauschenberger,518
Dickey,Tax Commissioner,,REP,write-in,0
Dickey,U.S. House,1,DEM,George Sinner,299
Dickey,U.S. House,1,DEM,write-in,1
Dickey,U.S. House,1,LIB,"Robert J ""Jack"" Seaman",17
Dickey,U.S. House,1,LIB,write-in,0
Dickey,U.S. House,1,REP,Kevin Cramer,527
Dickey,U.S. House,1,REP,write-in,1
Divide,Agriculture Commissioner,,DEM,Ryan Taylor,159
Divide,Agriculture Commissioner,,DEM,write-in,0
Divide,Agriculture Commissioner,,REP,Doug Goehring,303
Divide,Agriculture Commissioner,,REP,write-in,0
Divide,Attorney General,,DEM,Kiara Kraus-Parr,145
Divide,Attorney General,,DEM,write-in,0
Divide,Attorney General,,REP,Wayne Stenehjem,315
Divide,Attorney General,,REP,write-in,0
Divide,Constitutional Measure No. 1 Relating to the adjustment of deadlines for initiated measure petitions,,,No,165
Divide,Constitutional Measure No. 1 Relating to the adjustment of deadlines for initiated measure petitions,,,Yes,269
Divide,Council Member Crosby,,NON,Austin Dimmick,86
Divide,Council Member Crosby,,NON,Brad Sparks,54
Divide,Council Member Crosby,,NON,Brian Lund,238
Divide,Council Member Crosby,,NON,Bryan Haugenoe,268
Divide,Council Member Crosby,,NON,Doug Anderson,224
Divide,Council Member Crosby,,NON,Kenny Thomas,104
Divide,Council Member Crosby,,NON,Tracy Lownsberry,81
Divide,Council Member Crosby,,NON,write-in,2
Divide,County Auditor Divide,,NON,Gayle Jastrzebski,465
Divide,County Auditor Divide,,NON,write-in,3
Divide,County Commissioner At Large By Divide - District 1,,NON,Gerald Brady,479
Divide,County Commissioner At Large By Divide - District 1,,NON,write-in,3
Divide,County Commissioner At Large By Divide - District 3,,NON,Tim Selle,451
Divide,County Commissioner At Large By Divide - District 3,,NON,write-in,15
Divide,County Official Newspaper Divide,,NON,The Journal,359
Divide,County Recorder Divide,,NON,"Christina ""Chrissy"" Running",478
Divide,County Recorder Divide,,NON,write-in,2
Divide,County Sheriff Divide,,NON,Brent Gunderson,202
Divide,County Sheriff Divide,,NON,Lauren Throntveit,304
Divide,County Sheriff Divide,,NON,write-in,2
Divide,County State's Attorney Divide,,NON,write-in,26
Divide,County Treasurer Divide,,NON,Sheila Haugland,471
Divide,County Treasurer Divide,,NON,write-in,1
Divide,Judge of the District Court No. 2 Northwest,,NON,David W Nelson,453
Divide,Judge of the District Court No. 2 Northwest,,NON,write-in,0
Divide,Justice of the Supreme Court,,NON,Gerald W VandeWalle,465
Divide,Justice of the Supreme Court,,NON,write-in,0
Divide,Mayor Crosby,,NON,Bert Anderson,266
Divide,Mayor Crosby,,NON,Kaye Lynn Anderson,24
Divide,Mayor Crosby,,NON,Leslie Bakken,74
Divide,Mayor Crosby,,NON,write-in,2
Divide,Park Board Member Crosby Park,,NON,Don Anderson,314
Divide,Park Board Member Crosby Park,,NON,John Andrist,243
Divide,Park Board Member Crosby Park,,NON,write-in,12
Divide,Public Service Commissioner,,DEM,Todd Reisenauer,146
Divide,Public Service Commissioner,,DEM,write-in,1
Divide,Public Service Commissioner,,REP,Brian P Kalk,294
Divide,Public Service Commissioner,,REP,write-in,0
Divide,Public Service Commissioner Unexpired 2-Year Term,,DEM,Tyler Axness,148
Divide,Public Service Commissioner Unexpired 2-Year Term,,DEM,write-in,0
Divide,Public Service Commissioner Unexpired 2-Year Term,,REP,Julie Fedorchak,291
Divide,Public Service Commissioner Unexpired 2-Year Term,,REP,write-in,0
Divide,Secretary of State,,DEM,April Fairfield,151
Divide,Secretary of State,,DEM,write-in,0
Divide,Secretary of State,,LIB,Roland Riemers,14
Divide,Secretary of State,,LIB,write-in,0
Divide,Secretary of State,,REP,Alvin A (Al) Jaeger,301
Divide,Secretary of State,,REP,write-in,1
Divide,Tax Commissioner,,DEM,Jason Astrup,148
Divide,Tax Commissioner,,DEM,write-in,0
Divide,Tax Commissioner,,LIB,Anthony Mangnall,16
Divide,Tax Commissioner,,LIB,write-in,0
Divide,Tax Commissioner,,REP,Ryan Rauschenberger,290
Divide,Tax Commissioner,,REP,write-in,0
Divide,U.S. House,1,DEM,George Sinner,160
Divide,U.S. House,1,DEM,write-in,0
Divide,U.S. House,1,LIB,"Robert J ""Jack"" Seaman",14
Divide,U.S. House,1,LIB,write-in,0
Divide,U.S. House,1,REP,Kevin Cramer,308
Divide,U.S. House,1,REP,write-in,0
Dunn,Agriculture Commissioner,,DEM,Ryan Taylor,260
Dunn,Agriculture Commissioner,,DEM,write-in,4
Dunn,Agriculture Commissioner,,REP,Doug Goehring,547
Dunn,Agriculture Commissioner,,REP,write-in,0
Dunn,Attorney General,,DEM,Kiara Kraus-Parr,237
Dunn,Attorney General,,DEM,write-in,2
Dunn,Attorney General,,REP,Wayne Stenehjem,559
Dunn,Attorney General,,REP,write-in,3
Dunn,Commissioner Halliday,,NON,Blair J Selle,61
Dunn,Commissioner Halliday,,NON,Linda Gietzen,36
Dunn,Commissioner Halliday,,NON,Nicholas Thueson,44
Dunn,Commissioner Halliday,,NON,write-in,2
Dunn,Commissioner Killdeer,,NON,Anita Mjolhus,121
Dunn,Commissioner Killdeer,,NON,Kevin Candrian,152
Dunn,Commissioner Killdeer,,NON,Matthew Hegstad,112
Dunn,Commissioner Killdeer,,NON,write-in,5
Dunn,Constitutional Measure No. 1 Relating to the adjustment of deadlines for initiated measure petitions,,,No,394
Dunn,Constitutional Measure No. 1 Relating to the adjustment of deadlines for initiated measure petitions,,,Yes,398
Dunn,Council Member Dodge,,NON,Eugene Duttenhefer,20
Dunn,Council Member Dodge,,NON,Fred D Gervers,15
Dunn,Council Member Dodge,,NON,write-in,0
Dunn,Council Member Dunn Center,,NON,Shasta L. Patterson,56
Dunn,Council Member Dunn Center,,NON,Steve Pudroski,29
Dunn,Council Member Dunn Center,,NON,write-in,17
Dunn,County Auditor/Treasurer Dunn,,NON,Tracey Dolezal,828
Dunn,County Auditor/Treasurer Dunn,,NON,write-in,14
Dunn,County Commissioner at Large Dunn,,NON,Craig Pelton,590
Dunn,County Commissioner at Large Dunn,,NON,Daryl H Dukart,505
Dunn,County Commissioner at Large Dunn,,NON,Glenn Eckelberg,434
Dunn,County Commissioner at Large Dunn,,NON,Scott Donna,478
Dunn,County Commissioner at Large Dunn,,NON,Timothy R. Steffan,388
Dunn,County Commissioner at Large Dunn,,NON,write-in,80
Dunn,County Official Newspaper Dunn,,NON,Dunn County Herald,781
Dunn,County Recorder/Clerk of District Court Dunn,,NON,Lisa Ann Guenther,811
Dunn,County Recorder/Clerk of District Court Dunn,,NON,write-in,12
Dunn,County Sheriff Dunn,,NON,Clayton L. Coker,384
Dunn,County Sheriff Dunn,,NON,Glenn Gietzen,109
Dunn,County Sheriff Dunn,,NON,Kenneth (Kenny) LaRocque,417
Dunn,County Sheriff Dunn,,NON,write-in,4
Dunn,County State's Attorney Dunn,,NON,Pat J. Merriam,595
Dunn,County State's Attorney Dunn,,NON,write-in,209
Dunn,Justice of the Supreme Court,,NON,Gerald W VandeWalle,732
Dunn,Justice of the Supreme Court,,NON,write-in,8
Dunn,Mayor Dodge,,NON,Leonard Streifel,22
Dunn,Mayor Dodge,,NON,write-in,0
Dunn,Mayor Killdeer,,NON,Chuck Muscha,134
Dunn,Mayor Killdeer,,NON,Dan Dolechek,85
Dunn,Mayor Killdeer,,NON,write-in,2
Dunn,Municipal Judge Dodge,,NON,David L Walth,21
Dunn,Municipal Judge Dodge,,NON,write-in,0
Dunn,Municipal Judge Dunn Center,,NON,David Walth,59
Dunn,Municipal Judge Dunn Center,,NON,write-in,0
Dunn,Park Board Commissioner Halliday Park,,NON,Darrel Gegelmann,52
Dunn,Park Board Commissioner Halliday Park,,NON,Joclyn Thueson,50
Dunn,Park Board Commissioner Halliday Park,,NON,Tiffany Phillips,37
Dunn,Park Board Commissioner Halliday Park,,NON,write-in,0
Dunn,Park Board Member Dodge Park,,NON,Brian C. Larson,21
Dunn,Park Board Member Dodge Park,,NON,Jarrett Jones,18
Dunn,Park Board Member Dodge Park,,NON,write-in,0
Dunn,Park Board Member Killdeer Park,,NON,write-in,135
Dunn,Public Service Commissioner,,DEM,Todd Reisenauer,242
Dunn,Public Service Commissioner,,DEM,write-in,1
Dunn,Public Service Commissioner,,REP,Brian P Kalk,546
Dunn,Public Service Commissioner,,REP,write-in,0
Dunn,Public Service Commissioner Unexpired 2-Year Term,,DEM,Tyler Axness,239
Dunn,Public Service Commissioner Unexpired 2-Year Term,,DEM,write-in,2
Dunn,Public Service Commissioner Unexpired 2-Year Term,,REP,Julie Fedorchak,542
Dunn,Public Service Commissioner Unexpired 2-Year Term,,REP,write-in,0
Dunn,School Board Member Beulah School,,NON,Arnel Blood,9
Dunn,School Board Member Beulah School,,NON,Dan Ziman,23
Dunn,School Board Member Beulah School,,NON,Dwight Hatzenbuhler,15
Dunn,School Board Member Beulah School,,NON,Jen Steffan,25
Dunn,School Board Member Beulah School,,NON,Shauna Pierce,10
Dunn,School Board Member Beulah School,,NON,Thad Zahn,13
Dunn,School Board Member Beulah School,,NON,write-in,0
Dunn,School Board Member Dickinson School,,NON,Jason Hanson,21
Dunn,School Board Member Dickinson School,,NON,Sarah Ricks,20
Dunn,School Board Member Dickinson School,,NON,Tanya Rude,17
Dunn,School Board Member Dickinson School,,NON,write-in,0
Dunn,School Board Member Halliday School,,NON,Clayton Neurohr,83
Dunn,School Board Member Halliday School,,NON,Colin E. McGregor,64
Dunn,School Board Member Halliday School,,NON,Jennifer Kuntz,109
Dunn,School Board Member Halliday School,,NON,write-in,1
Dunn,School Board Member Killdeer School,,NON,Carolyn Benz,448
Dunn,School Board Member Killdeer School,,NON,JoAnn Lindemann,212
Dunn,School Board Member Killdeer School,,NON,Melissa M. Benz,298
Dunn,School Board Member Killdeer School,,NON,write-in,25
Dunn,School Board Member Rural At Large Richardton/Taylor School,,NON,Judy Hoff,14
Dunn,School Board Member Rural At Large Richardton/Taylor School,,NON,write-in,4
Dunn,School Board Member South Heart School,,NON,Jesse Olson,7
Dunn,School Board Member South Heart School,,NON,Jessica Nasset,10
Dunn,School Board Member South Heart School,,NON,Leon Keator,1
Dunn,School Board Member South Heart School,,NON,Mary Hodell,1
Dunn,School Board Member South Heart School,,NON,Shannon Binstock,7
Dunn,School Board Member South Heart School,,NON,Troy Hoff,7
Dunn,School Board Member South Heart School,,NON,write-in,0
Dunn,Secretary of State,,DEM,April Fairfield,240
Dunn,Secretary of State,,DEM,write-in,2
Dunn,Secretary of State,,LIB,Roland Riemers,11
Dunn,Secretary of State,,LIB,write-in,0
Dunn,Secretary of State,,REP,Alvin A (Al) Jaeger,559
Dunn,Secretary of State,,REP,write-in,0
Dunn,State House,39,DEM,Greg Tank,43
Dunn,State House,39,DEM,Maddison Voigt,58
Dunn,State House,39,DEM,write-in,0
Dunn,State House,39,REP,Denton B Zubke,204
Dunn,State House,39,REP,Keith Kempenich,195
Dunn,State House,39,REP,write-in,0
Dunn,State Senate,39,DEM,Stephanie L Pretzer,63
Dunn,State Senate,39,DEM,write-in,0
Dunn,State Senate,39,REP,Bill L Bowman,235
Dunn,State Senate,39,REP,write-in,0
Dunn,Tax Commissioner,,DEM,Jason Astrup,239
Dunn,Tax Commissioner,,DEM,write-in,1
Dunn,Tax Commissioner,,LIB,Anthony Mangnall,11
Dunn,Tax Commissioner,,LIB,write-in,0
Dunn,Tax Commissioner,,REP,Ryan Rauschenberger,541
Dunn,Tax Commissioner,,REP,write-in,2
Dunn,U.S. House,1,DEM,George Sinner,251
Dunn,U.S. House,1,DEM,write-in,1
Dunn,U.S. House,1,LIB,"Robert J ""Jack"" Seaman",11
Dunn,U.S. House,1,LIB,write-in,0
Dunn,U.S. House,1,REP,Kevin Cramer,567
Dunn,U.S. House,1,REP,write-in,0
Eddy,9-1-1 Fee Eddy,,,No,309
Eddy,9-1-1 Fee Eddy,,,Yes,374
Eddy,Agriculture Commissioner,,DEM,Ryan Taylor,362
Eddy,Agriculture Commissioner,,DEM,write-in,0
Eddy,Agriculture Commissioner,,REP,Doug Goehring,254
Eddy,Agriculture Commissioner,,REP,write-in,2
Eddy,Attorney General,,DEM,Kiara Kraus-Parr,340
Eddy,Attorney General,,DEM,write-in,0
Eddy,Attorney General,,REP,Wayne Stenehjem,252
Eddy,Attorney General,,REP,write-in,0
Eddy,Commissioner New Rockford,,NON,DeVon M Allmaras,285
Eddy,Commissioner New Rockford,,NON,Preston Meier,165
Eddy,Commissioner New Rockford,,NON,Robert Randel,193
Eddy,Commissioner New Rockford,,NON,Scott O Severs,151
Eddy,Commissioner New Rockford,,NON,write-in,1
Eddy,Constitutional Measure No. 1 Relating to the adjustment of deadlines for initiated measure petitions,,,No,300
Eddy,Constitutional Measure No. 1 Relating to the adjustment of deadlines for initiated measure petitions,,,Yes,348
Eddy,County Auditor Eddy,,NON,Patty Williams,632
Eddy,County Auditor Eddy,,NON,write-in,11
Eddy,County Commissioner Eddy - Districts At-Large,,NON,Jeff Pfau,536
Eddy,County Commissioner Eddy - Districts At-Large,,NON,Neal Rud,616
Eddy,County Commissioner Eddy - Districts At-Large,,NON,write-in,29
Eddy,County Official Newspaper Eddy,,NON,New Rockford Transcript,609
Eddy,County Recorder/Clerk of District Court Eddy,,NON,Patty J Hilbert,660
Eddy,County Recorder/Clerk of District Court Eddy,,NON,write-in,0
Eddy,County Sheriff Eddy,,NON,Brandon Maygra,137
Eddy,County Sheriff Eddy,,NON,"Cyril ""C.J."" Kalinowski",21
Eddy,County Sheriff Eddy,,NON,Darryl M Bulzomi,9
Eddy,County Sheriff Eddy,,NON,Paul A Lies,421
Eddy,County Sheriff Eddy,,NON,write-in,132
Eddy,County State's Attorney Eddy,,NON,Travis S Peterson,619
Eddy,County State's Attorney Eddy,,NON,write-in,7
Eddy,County Treasurer Eddy,,NON,Deonne Maygra,143
Eddy,County Treasurer Eddy,,NON,Kathryn (Kathy) Anderson,561
Eddy,County Treasurer Eddy,,NON,write-in,0
Eddy,Judge of the District Court No. 4 Unexpired 2-Year Term Southeast,,NON,James D Hovey,654
Eddy,Judge of the District Court No. 4 Unexpired 2-Year Term Southeast,,NON,write-in,0
Eddy,Justice of the Supreme Court,,NON,Gerald W VandeWalle,606
Eddy,Justice of the Supreme Court,,NON,write-in,0
Eddy,Park Board Commissioner New Rockford Park,,NON,Jim Ehni,347
Eddy,Park Board Commissioner New Rockford Park,,NON,Jodi L Hirchert,308
Eddy,Park Board Commissioner New Rockford Park,,NON,Joseph A Greiner,266
Eddy,Park Board Commissioner New Rockford Park,,NON,Nancy Ritzke,183
Eddy,Park Board Commissioner New Rockford Park,,NON,write-in,12
Eddy,Public Service Commissioner,,DEM,Todd Reisenauer,343
Eddy,Public Service Commissioner,,DEM,write-in,1
Eddy,Public Service Commissioner,,REP,Brian P Kalk,250
Eddy,Public Service Commissioner,,REP,write-in,0
Eddy,Public Service Commissioner Unexpired 2-Year Term,,DEM,Tyler Axness,339
Eddy,Public Service Commissioner Unexpired 2-Year Term,,DEM,write-in,1
Eddy,Public Service Commissioner Unexpired 2-Year Term,,REP,Julie Fedorchak,248
Eddy,Public Service Commissioner Unexpired 2-Year Term,,REP,write-in,0
Eddy,Secretary of State,,DEM,April Fairfield,350
Eddy,Secretary of State,,DEM,write-in,0
Eddy,Secretary of State,,LIB,Roland Riemers,14
Eddy,Secretary of State,,LIB,write-in,0
Eddy,Secretary of State,,REP,Alvin A (Al) Jaeger,253
Eddy,Secretary of State,,REP,write-in,0
Eddy,State House,23,DEM,Austin Langley,338
Eddy,State House,23,DEM,Ben Vig,311
Eddy,State House,23,DEM,write-in,1
Eddy,State House,23,REP,Bill Devlin,223
Eddy,State House,23,REP,Don Vigesaa,243
Eddy,State House,23,REP,write-in,0
Eddy,State Senate,23,DEM,Joan M Heckaman,383
Eddy,State Senate,23,DEM,write-in,0
Eddy,State Senate,23,REP,John Jacobson,248
Eddy,State Senate,23,REP,write-in,0
Eddy,Tax Commissioner,,DEM,Jason Astrup,343
Eddy,Tax Commissioner,,DEM,write-in,0
Eddy,Tax Commissioner,,LIB,Anthony Mangnall,14
Eddy,Tax Commissioner,,LIB,write-in,0
Eddy,Tax Commissioner,,REP,Ryan Rauschenberger,246
Eddy,Tax Commissioner,,REP,write-in,0
Eddy,U.S. House,1,DEM,George Sinner,360
Eddy,U.S. House,1,DEM,write-in,0
Eddy,U.S. House,1,LIB,"Robert J ""Jack"" Seaman",16
Eddy,U.S. House,1,LIB,write-in,0
Eddy,U.S. House,1,REP,Kevin Cramer,259
Eddy,U.S. House,1,REP,write-in,0
Emmons,Agriculture Commissioner,,DEM,Ryan Taylor,148
Emmons,Agriculture Commissioner,,DEM,write-in,0
Emmons,Agriculture Commissioner,,REP,Doug Goehring,560
Emmons,Agriculture Commissioner,,REP,write-in,0
Emmons,Attorney General,,DEM,Kiara Kraus-Parr,143
Emmons,Attorney General,,DEM,write-in,0
Emmons,Attorney General,,REP,Wayne Stenehjem,564
Emmons,Attorney General,,REP,write-in,1
Emmons,Constitutional Measure No. 1 Relating to the adjustment of deadlines for initiated measure petitions,,,No,307
Emmons,Constitutional Measure No. 1 Relating to the adjustment of deadlines for initiated measure petitions,,,Yes,360
Emmons,County Auditor/Treasurer Emmons,,NON,Cynthia Lynn Kimble,92
Emmons,County Auditor/Treasurer Emmons,,NON,Lenore Bosch,228
Emmons,County Auditor/Treasurer Emmons,,NON,"Marlys ""Marcy"" Ohlhauser",443
Emmons,County Auditor/Treasurer Emmons,,NON,write-in,1
Emmons,County Commissioner Emmons - District 2,,NON,"Francis W ""Pork"" Lawler",85
Emmons,County Commissioner Emmons - District 2,,NON,Terry Ibach,43
Emmons,County Commissioner Emmons - District 2,,NON,Terry Lee Hochhalter,20
Emmons,County Commissioner Emmons - District 2,,NON,write-in,1
Emmons,County Commissioner Emmons - District 4,,NON,Doug Bichler,44
Emmons,County Commissioner Emmons - District 4,,NON,Ed Nieuwsma,35
Emmons,County Commissioner Emmons - District 4,,NON,Gerry Kraft,53
Emmons,County Commissioner Emmons - District 4,,NON,John K Horner,17
Emmons,County Commissioner Emmons - District 4,,NON,Leonard Weichel,86
Emmons,County Commissioner Emmons - District 4,,NON,write-in,0
Emmons,County Official Newspaper Emmons,,NON,Emmons County Record,574
Emmons,County Recorder/Clerk of District Court Emmons,,NON,Anita Ibach,689
Emmons,County Recorder/Clerk of District Court Emmons,,NON,write-in,2
Emmons,County Sheriff Emmons,,NON,Gary R Sanders,701
Emmons,County Sheriff Emmons,,NON,write-in,9
Emmons,County State's Attorney Emmons,,NON,Donavin L Grenz,591
Emmons,County State's Attorney Emmons,,NON,write-in,10
Emmons,Judge of the District Court No. 1 South Central,,NON,David E Reich,587
Emmons,Judge of the District Court No. 1 South Central,,NON,write-in,0
Emmons,Judge of the District Court No. 6 South Central,,NON,Gail Hagerty,588
Emmons,Judge of the District Court No. 6 South Central,,NON,write-in,2
Emmons,Judge of the District Court No. 7 South Central,,NON,Thomas J Schneider,585
Emmons,Judge of the District Court No. 7 South Central,,NON,write-in,0
Emmons,Justice of the Supreme Court,,NON,Gerald W VandeWalle,601
Emmons,Justice of the Supreme Court,,NON,write-in,1
Emmons,Public Service Commissioner,,DEM,Todd Reisenauer,139
Emmons,Public Service Commissioner,,DEM,write-in,0
Emmons,Public Service Commissioner,,REP,Brian P Kalk,539
Emmons,Public Service Commissioner,,REP,write-in,0
Emmons,Public Service Commissioner Unexpired 2-Year Term,,DEM,Tyler Axness,137
Emmons,Public Service Commissioner Unexpired 2-Year Term,,DEM,write-in,0
Emmons,Public Service Commissioner Unexpired 2-Year Term,,REP,Julie Fedorchak,531
Emmons,Public Service Commissioner Unexpired 2-Year Term,,REP,write-in,1
Emmons,Secretary of State,,DEM,April Fairfield,141
Emmons,Secretary of State,,DEM,write-in,0
Emmons,Secretary of State,,LIB,Roland Riemers,11
Emmons,Secretary of State,,LIB,write-in,0
Emmons,Secretary of State,,REP,Alvin A (Al) Jaeger,556
Emmons,Secretary of State,,REP,write-in,2
Emmons,Tax Commissioner,,DEM,Jason Astrup,141
Emmons,Tax Commissioner,,DEM,write-in,0
Emmons,Tax Commissioner,,LIB,Anthony Mangnall,10
Emmons,Tax Commissioner,,LIB,write-in,0
Emmons,Tax Commissioner,,REP,Ryan Rauschenberger,527
Emmons,Tax Commissioner,,REP,write-in,2
Emmons,U.S. House,1,DEM,George Sinner,152
Emmons,U.S. House,1,DEM,write-in,1
Emmons,U.S. House,1,LIB,"Robert J ""Jack"" Seaman",10
Emmons,U.S. House,1,LIB,write-in,0
Emmons,U.S. House,1,REP,Kevin Cramer,570
Emmons,U.S. House,1,REP,write-in,2
Foster,Agriculture Commissioner,,DEM,Ryan Taylor,409
Foster,Agriculture Commissioner,,DEM,write-in,1
Foster,Agriculture Commissioner,,REP,Doug Goehring,766
Foster,Agriculture Commissioner,,REP,write-in,0
Foster,Attorney General,,DEM,Kiara Kraus-Parr,372
Foster,Attorney General,,DEM,write-in,0
Foster,Attorney General,,REP,Wayne Stenehjem,789
Foster,Attorney General,,REP,write-in,2
Foster,Constitutional Measure No. 1 Relating to the adjustment of deadlines for initiated measure petitions,,,No,560
Foster,Constitutional Measure No. 1 Relating to the adjustment of deadlines for initiated measure petitions,,,Yes,630
Foster,Council Member Carrington,,NON,Al Trader,759
Foster,Council Member Carrington,,NON,write-in,3
Foster,Council Member Carrington-Ward 1,,NON,"Richard ""Dick"" Engel",317
Foster,Council Member Carrington-Ward 1,,NON,write-in,2
Foster,Council Member Carrington-Ward 2,,NON,John Schnase,95
Foster,Council Member Carrington-Ward 2,,NON,Josh Hoffman,255
Foster,Council Member Carrington-Ward 2,,NON,write-in,5
Foster,Council Member Glenfield,,NON,Holly Utke,20
Foster,Council Member Glenfield,,NON,Josh Johnson,22
Foster,Council Member Glenfield,,NON,write-in,2
Foster,Council Member Grace City,,NON,write-in,24
Foster,Council Member McHenry,,NON,LuVerne Hoyt,35
Foster,Council Member McHenry,,NON,Richard Aasand,35
Foster,Council Member McHenry,,NON,write-in,10
Foster,Council Member Unexpired 2-Year Term Carrington-Ward 1,,NON,Trygg Olson,325
Foster,Council Member Unexpired 2-Year Term Carrington-Ward 1,,NON,write-in,2
Foster,County Auditor Foster,,NON,Casey Cables,908
Foster,County Auditor Foster,,NON,Teresa L Risovi,461
Foster,County Auditor Foster,,NON,write-in,27
Foster,County Commissioner Foster,,NON,Bill Bauer,696
Foster,County Commissioner Foster,,NON,Donnie Theis,340
Foster,County Commissioner Foster,,NON,Jim Carr,686
Foster,County Commissioner Foster,,NON,Joshua Dreher,160
Foster,County Commissioner Foster,,NON,Pat Copenhaver,419
Foster,County Commissioner Foster,,NON,Paul J Straley,355
Foster,County Commissioner Foster,,NON,write-in,32
Foster,County Official Newspaper Foster,,NON,The Foster County Independent,1299
Foster,County Recorder Foster,,NON,Cheryl Fettig,191
Foster,County Recorder Foster,,NON,Lynelle Lyman Hoppe,1199
Foster,County Recorder Foster,,NON,write-in,1
Foster,County Sheriff Foster,,NON,Danielle Rosewaren,302
Foster,County Sheriff Foster,,NON,Michael W Tufte,1072
Foster,County Sheriff Foster,,NON,write-in,12
Foster,County State's Attorney Foster,,NON,Paul Murphy,968
Foster,County State's Attorney Foster,,NON,write-in,131
Foster,County Treasurer Foster,,NON,Noreen Barton,1265
Foster,County Treasurer Foster,,NON,write-in,14
Foster,Judge of the District Court No. 4 Unexpired 2-Year Term Southeast,,NON,James D Hovey,1177
Foster,Judge of the District Court No. 4 Unexpired 2-Year Term Southeast,,NON,write-in,6
Foster,Justice of the Supreme Court,,NON,Gerald W VandeWalle,1144
Foster,Justice of the Supreme Court,,NON,write-in,3
Foster,Mayor Carrington,,NON,Neil Fandrich,690
Foster,Mayor Carrington,,NON,write-in,45
Foster,Municipal Judge Carrington,,NON,Leah Trosen,687
Foster,Municipal Judge Carrington,,NON,write-in,4
Foster,Park Board Member Carrington Park,,NON,Jerome Zink,706
Foster,Park Board Member Carrington Park,,NON,Randy Hooey,649
Foster,Park Board Member Carrington Park,,NON,Randy K Leadbetter,293
Foster,Park Board Member Carrington Park,,NON,Tonia Erickson,671
Foster,Park Board Member Carrington Park,,NON,write-in,6
Foster,Park Board Member Grace City Park,,NON,write-in,14
Foster,Public Service Commissioner,,DEM,Todd Reisenauer,380
Foster,Public Service Commissioner,,DEM,write-in,0
Foster,Public Service Commissioner,,REP,Brian P Kalk,752
Foster,Public Service Commissioner,,REP,write-in,0
Foster,Public Service Commissioner Unexpired 2-Year Term,,DEM,Tyler Axness,371
Foster,Public Service Commissioner Unexpired 2-Year Term,,DEM,write-in,2
Foster,Public Service Commissioner Unexpired 2-Year Term,,REP,Julie Fedorchak,746
Foster,Public Service Commissioner Unexpired 2-Year Term,,REP,write-in,1
Foster,Secretary of State,,DEM,April Fairfield,391
Foster,Secretary of State,,DEM,write-in,1
Foster,Secretary of State,,LIB,Roland Riemers,33
Foster,Secretary of State,,LIB,write-in,0
Foster,Secretary of State,,REP,Alvin A (Al) Jaeger,782
Foster,Secretary of State,,REP,write-in,0
Foster,State House,29,DEM,Charles Linderman,393
Foster,State House,29,DEM,Lori Carlson,328
Foster,State House,29,DEM,write-in,0
Foster,State House,29,REP,Chet Pollert,769
Foster,State House,29,REP,Craig Headland,643
Foster,State House,29,REP,write-in,0
Foster,State Senate,29,DEM,Jeff Piehl,386
Foster,State Senate,29,DEM,write-in,0
Foster,State Senate,29,REP,Terry M Wanzek,785
Foster,State Senate,29,REP,write-in,1
Foster,Tax Commissioner,,DEM,Jason Astrup,375
Foster,Tax Commissioner,,DEM,write-in,0
Foster,Tax Commissioner,,LIB,Anthony Mangnall,32
Foster,Tax Commissioner,,LIB,write-in,0
Foster,Tax Commissioner,,REP,Ryan Rauschenberger,749
Foster,Tax Commissioner,,REP,write-in,0
Foster,U.S. House,1,DEM,George Sinner,418
Foster,U.S. House,1,DEM,write-in,1
Foster,U.S. House,1,LIB,"Robert J ""Jack"" Seaman",37
Foster,U.S. House,1,LIB,write-in,0
Foster,U.S. House,1,REP,Kevin Cramer,791
Foster,U.S. House,1,REP,write-in,0
Golden Valley,Agriculture Commissioner,,DEM,Ryan Taylor,57
Golden Valley,Agriculture Commissioner,,DEM,write-in,0
Golden Valley,Agriculture Commissioner,,REP,Doug Goehring,231
Golden Valley,Agriculture Commissioner,,REP,write-in,0
Golden Valley,Attorney General,,DEM,Kiara Kraus-Parr,50
Golden Valley,Attorney General,,DEM,write-in,0
Golden Valley,Attorney General,,REP,Wayne Stenehjem,235
Golden Valley,Attorney General,,REP,write-in,0
Golden Valley,Beach,,,No,44
Golden Valley,Beach,,,Yes,146
Golden Valley,City School Board Member Beach School District,,NON,write-in,87
Golden Valley,Constitutional Measure No. 1 Relating to the adjustment of deadlines for initiated measure petitions,,,No,120
Golden Valley,Constitutional Measure No. 1 Relating to the adjustment of deadlines for initiated measure petitions,,,Yes,157
Golden Valley,Council Member Beach,,NON,Dell Beach,146
Golden Valley,Council Member Beach,,NON,Henry Gerving,124
Golden Valley,Council Member Beach,,NON,Paul Lautenschlager,98
Golden Valley,Council Member Beach,,NON,Timothy J. Marman,102
Golden Valley,Council Member Beach,,NON,write-in,36
Golden Valley,County Auditor Golden Valley,,NON,Tamra Sperry,307
Golden Valley,County Auditor Golden Valley,,NON,write-in,2
Golden Valley,County Commissioner Golden Valley - District 1,,NON,John E Thompson,56
Golden Valley,County Commissioner Golden Valley - District 1,,NON,Troy Tescher,278
Golden Valley,County Commissioner Golden Valley - District 1,,NON,write-in,0
Golden Valley,County Commissioner Golden Valley - District 3,,NON,Paul J Schmitz,192
Golden Valley,County Commissioner Golden Valley - District 3,,NON,write-in,91
Golden Valley,County Official Newspaper Golden Valley,,NON,Golden Valley News,236
Golden Valley,County Recorder/Clerk of District Court Golden Valley,,NON,Patty Thompson,293
Golden Valley,County Recorder/Clerk of District Court Golden Valley,,NON,write-in,3
Golden Valley,County Sheriff Golden Valley,,NON,Scott Steele,283
Golden Valley,County Sheriff Golden Valley,,NON,write-in,5
Golden Valley,County Treasurer Golden Valley,,NON,Gene Skoglund,310
Golden Valley,County Treasurer Golden Valley,,NON,write-in,1
Golden Valley,"Director, Southwest Water Authority Golden Valley",,NON,write-in,123
Golden Valley,Justice of the Supreme Court,,NON,Gerald W VandeWalle,247
Golden Valley,Justice of the Supreme Court,,NON,write-in,1
Golden Valley,Mayor Beach,,NON,Walter Losinski,139
Golden Valley,Mayor Beach,,NON,write-in,18
Golden Valley,Park Board Member Beach City Park,,NON,Jonathan Dahl,169
Golden Valley,Park Board Member Beach City Park,,NON,Robin Jandt,155
Golden Valley,Park Board Member Beach City Park,,NON,write-in,5
Golden Valley,Public Service Commissioner,,DEM,Todd Reisenauer,49
Golden Valley,Public Service Commissioner,,DEM,write-in,0
Golden Valley,Public Service Commissioner,,REP,Brian P Kalk,217
Golden Valley,Public Service Commissioner,,REP,write-in,0
Golden Valley,Public Service Commissioner Unexpired 2-Year Term,,DEM,Tyler Axness,51
Golden Valley,Public Service Commissioner Unexpired 2-Year Term,,DEM,write-in,0
Golden Valley,Public Service Commissioner Unexpired 2-Year Term,,REP,Julie Fedorchak,220
Golden Valley,Public Service Commissioner Unexpired 2-Year Term,,REP,write-in,0
Golden Valley,Rural School Board Member Beach School District,,NON,write-in,129
Golden Valley,School Board Member Lone Tree School District,,NON,Jennifer Steiner,16
Golden Valley,School Board Member Lone Tree School District,,NON,Paul J Schmitz,23
Golden Valley,School Board Member Lone Tree School District,,NON,Susan Sarsland,34
Golden Valley,School Board Member Lone Tree School District,,NON,write-in,0
Golden Valley,School Measure Beach School District,,,No,30
Golden Valley,School Measure Beach School District,,,Yes,251
Golden Valley,Secretary of State,,DEM,April Fairfield,54
Golden Valley,Secretary of State,,DEM,write-in,0
Golden Valley,Secretary of State,,LIB,Roland Riemers,3
Golden Valley,Secretary of State,,LIB,write-in,0
Golden Valley,Secretary of State,,REP,Alvin A (Al) Jaeger,235
Golden Valley,Secretary of State,,REP,write-in,0
Golden Valley,State House,39,DEM,Greg Tank,36
Golden Valley,State House,39,DEM,Maddison Voigt,42
Golden Valley,State House,39,DEM,write-in,0
Golden Valley,State House,39,REP,Denton B Zubke,167
Golden Valley,State House,39,REP,Keith Kempenich,212
Golden Valley,State House,39,REP,write-in,0
Golden Valley,State Senate,39,DEM,Stephanie L Pretzer,53
Golden Valley,State Senate,39,DEM,write-in,0
Golden Valley,State Senate,39,REP,Bill L Bowman,241
Golden Valley,State Senate,39,REP,write-in,0
Golden Valley,Tax Commissioner,,DEM,Jason Astrup,51
Golden Valley,Tax Commissioner,,DEM,write-in,0
Golden Valley,Tax Commissioner,,LIB,Anthony Mangnall,3
Golden Valley,Tax Commissioner,,LIB,write-in,0
Golden Valley,Tax Commissioner,,REP,Ryan Rauschenberger,217
Golden Valley,Tax Commissioner,,REP,write-in,1
Golden Valley,U.S. House,1,DEM,George Sinner,56
Golden Valley,U.S. House,1,DEM,write-in,0
Golden Valley,U.S. House,1,LIB,"Robert J ""Jack"" Seaman",3
Golden Valley,U.S. House,1,LIB,write-in,0
Golden Valley,U.S. House,1,REP,Kevin Cramer,240
Golden Valley,U.S. House,1,REP,write-in,0
Grand Forks,Agriculture Commissioner,,DEM,Ryan Taylor,1665
Grand Forks,Agriculture Commissioner,,DEM,write-in,0
Grand Forks,Agriculture Commissioner,,REP,Doug Goehring,2183
Grand Forks,Agriculture Commissioner,,REP,write-in,2
Grand Forks,Attorney General,,DEM,Kiara Kraus-Parr,1578
Grand Forks,Attorney General,,DEM,write-in,2
Grand Forks,Attorney General,,REP,Wayne Stenehjem,2273
Grand Forks,Attorney General,,REP,write-in,0
Grand Forks,Constitutional Measure No. 1 Relating to the adjustment of deadlines for initiated measure petitions,,,No,1924
Grand Forks,Constitutional Measure No. 1 Relating to the adjustment of deadlines for initiated measure petitions,,,Yes,2032
Grand Forks,Council Member Emerado,,NON,Terrence Kramer,28
Grand Forks,Council Member Emerado,,NON,write-in,26
Grand Forks,Council Member Gilby,,NON,Emily Goodoien,15
Grand Forks,Council Member Gilby,,NON,Jo Lynn Dickson,14
Grand Forks,Council Member Gilby,,NON,write-in,0
Grand Forks,Council Member Grand Forks Ward 2,,NON,Crystal Schneider,231
Grand Forks,Council Member Grand Forks Ward 2,,NON,Jode Gibbs,157
Grand Forks,Council Member Grand Forks Ward 2,,NON,write-in,1
Grand Forks,Council Member Grand Forks Ward 4,,NON,Jeannie Schultz Mock,405
Grand Forks,Council Member Grand Forks Ward 4,,NON,Nels Christianson,339
Grand Forks,Council Member Grand Forks Ward 4,,NON,write-in,1
Grand Forks,Council Member Grand Forks Ward 6,,NON,Dana Sande,335
Grand Forks,Council Member Grand Forks Ward 6,,NON,write-in,7
Grand Forks,Council Member Inkster,,NON,Rick Hamrick,3
Grand Forks,Council Member Inkster,,NON,write-in,0
Grand Forks,Council Member Larimore Ward 1,,NON,Dave Garton,63
Grand Forks,Council Member Larimore Ward 1,,NON,write-in,1
Grand Forks,Council Member Larimore Ward 2,,NON,William Schroeder,57
Grand Forks,Council Member Larimore Ward 2,,NON,write-in,2
Grand Forks,Council Member Larimore Ward 3,,NON,Andrew Thompson,28
Grand Forks,Council Member Larimore Ward 3,,NON,Sarah Steffen,45
Grand Forks,Council Member Larimore Ward 3,,NON,write-in,0
Grand Forks,Council Member Manvel,,NON,Chad R. Hoverson,14
Grand Forks,Council Member Manvel,,NON,Dale Braaten,27
Grand Forks,Council Member Manvel,,NON,Michael Lund,39
Grand Forks,Council Member Manvel,,NON,write-in,1
Grand Forks,Council Member Niagara,,NON,Tim Halstenson,7
Grand Forks,Council Member Niagara,,NON,write-in,6
Grand Forks,Council Member Northwood Ward 1,,NON,Roxanne Jonas,13
Grand Forks,Council Member Northwood Ward 1,,NON,write-in,39
Grand Forks,Council Member Northwood Ward 2,,NON,write-in,29
Grand Forks,Council Member Northwood Ward 3,,NON,Brad Brenden,65
Grand Forks,Council Member Northwood Ward 3,,NON,Dennis Anderson,33
Grand Forks,Council Member Northwood Ward 3,,NON,write-in,4
Grand Forks,Council Member Reynolds,,NON,David Scholand,5
Grand Forks,Council Member Reynolds,,NON,Dorian Beck,7
Grand Forks,Council Member Reynolds,,NON,Robert Sirek,2
Grand Forks,Council Member Reynolds,,NON,write-in,0
Grand Forks,Council Member Thompson,,NON,Desmond Sporbert,65
Grand Forks,Council Member Thompson,,NON,Mary Bergstrom,51
Grand Forks,Council Member Thompson,,NON,Wayne Wilson,63
Grand Forks,Council Member Thompson,,NON,write-in,3
Grand Forks,Council Member Unexpired 2-Year Term Larimore Ward 3,,NON,write-in,23
Grand Forks,County Commissioner Grand Forks,,NON,Anne Lee,1600
Grand Forks,County Commissioner Grand Forks,,NON,Dale Trosen,1840
Grand Forks,County Commissioner Grand Forks,,NON,Diane K. Knauf,2375
Grand Forks,County Commissioner Grand Forks,,NON,Gary K. Malm,2094
Grand Forks,County Commissioner Grand Forks,,NON,Tom Falck,1823
Grand Forks,County Commissioner Grand Forks,,NON,write-in,27
Grand Forks,County Official Newspaper Grand Forks,,NON,Grand Forks Herald,3546
Grand Forks,County Sheriff Grand Forks,,NON,Bob Rost,3717
Grand Forks,County Sheriff Grand Forks,,NON,write-in,30
Grand Forks,County State's Attorney Grand Forks,,NON,Peter D. Welte,3617
Grand Forks,County State's Attorney Grand Forks,,NON,write-in,8
Grand Forks,Grand Forks School Dist,,,No,591
Grand Forks,Grand Forks School Dist,,,Yes,2671
Grand Forks,Judge of the District Court No. 4 Northeast Central,,NON,Lawrence E Jahnke,3653
Grand Forks,Judge of the District Court No. 4 Northeast Central,,NON,write-in,14
Grand Forks,Judge of the District Court No. 5 Northeast Central,,NON,Debbie G Kleven,3676
Grand Forks,Judge of the District Court No. 5 Northeast Central,,NON,write-in,13
Grand Forks,Justice of the Supreme Court,,NON,Gerald W VandeWalle,3492
Grand Forks,Justice of the Supreme Court,,NON,write-in,7
Grand Forks,Mayor Emerado,,NON,Dan Henneman,26
Grand Forks,Mayor Emerado,,NON,write-in,6
Grand Forks,Mayor Larimore,,NON,Ray Fegter,175
Grand Forks,Mayor Larimore,,NON,write-in,35
Grand Forks,Mayor Niagara,,NON,Laurel Nabben,5
Grand Forks,Mayor Niagara,,NON,write-in,0
Grand Forks,Mayor Northwood,,NON,Art Johnson,146
Grand Forks,Mayor Northwood,,NON,write-in,51
Grand Forks,Mayor Reynolds,,NON,Lloyd Kennedy,7
Grand Forks,Mayor Reynolds,,NON,write-in,0
Grand Forks,Municipal Judge Emerado,,NON,Alvin Boucher,19
Grand Forks,Municipal Judge Emerado,,NON,Larry Richards,16
Grand Forks,Municipal Judge Emerado,,NON,write-in,0
Grand Forks,Municipal Judge Grand Forks,,NON,Alvin (Al) O. Boucher,2672
Grand Forks,Municipal Judge Grand Forks,,NON,write-in,9
Grand Forks,Municipal Judge Larimore,,NON,Alvin Boucher,97
Grand Forks,Municipal Judge Larimore,,NON,Larry Richards,96
Grand Forks,Municipal Judge Larimore,,NON,write-in,0
Grand Forks,Municipal Judge Thompson,,NON,write-in,43
Grand Forks,Park Board Commissioner Manvel Park,,NON,Mark Gerszewski,37
Grand Forks,Park Board Commissioner Manvel Park,,NON,write-in,3
Grand Forks,Park Board Commissioner Northwood Park,,NON,Jacey Brenden,129
Grand Forks,Park Board Commissioner Northwood Park,,NON,write-in,258
Grand Forks,Park Board Commissioner Thompson Park,,NON,Mickey Munson,86
Grand Forks,Park Board Commissioner Thompson Park,,NON,write-in,9
Grand Forks,Park Board Member Emerado Park,,NON,write-in,23
Grand Forks,Park Board Member Grand Forks Park,,NON,Greg LaDouceur,2176
Grand Forks,Park Board Member Grand Forks Park,,NON,Molly J. Soeby,1918
Grand Forks,Park Board Member Grand Forks Park,,NON,Tim Skarperud,2202
Grand Forks,Park Board Member Grand Forks Park,,NON,Tom Spicer,1495
Grand Forks,Park Board Member Grand Forks Park,,NON,write-in,27
Grand Forks,Park Board Member Larimore Park,,NON,Dean Elfman,182
Grand Forks,Park Board Member Larimore Park,,NON,James S. Polling,123
Grand Forks,Park Board Member Larimore Park,,NON,write-in,78
Grand Forks,Park Board Member Manvel Park,,NON,Ronnie Slominski,40
Grand Forks,Park Board Member Manvel Park,,NON,write-in,9
Grand Forks,Park Board Member Reynolds Park,,NON,write-in,8
Grand Forks,Park Board Member Unexpired 2-Year Term Emerado Park,,NON,Kay Keehr,28
Grand Forks,Park Board Member Unexpired 2-Year Term Emerado Park,,NON,write-in,5
Grand Forks,Public Service Commissioner,,DEM,Todd Reisenauer,1585
Grand Forks,Public Service Commissioner,,DEM,write-in,2
Grand Forks,Public Service Commissioner,,REP,Brian P Kalk,2170
Grand Forks,Public Service Commissioner,,REP,write-in,0
Grand Forks,Public Service Commissioner Unexpired 2-Year Term,,DEM,Tyler Axness,1578
Grand Forks,Public Service Commissioner Unexpired 2-Year Term,,DEM,write-in,0
Grand Forks,Public Service Commissioner Unexpired 2-Year Term,,REP,Julie Fedorchak,2139
Grand Forks,Public Service Commissioner Unexpired 2-Year Term,,REP,write-in,2
Grand Forks,School Board Member Grand Forks School Dist,,NON,Benjamin Hoffman,557
Grand Forks,School Board Member Grand Forks School Dist,,NON,Christina Loh,544
Grand Forks,School Board Member Grand Forks School Dist,,NON,Cory Solem,852
Grand Forks,School Board Member Grand Forks School Dist,,NON,Cynthia H. Shabb,992
Grand Forks,School Board Member Grand Forks School Dist,,NON,Dane J. Ferguson,1132
Grand Forks,School Board Member Grand Forks School Dist,,NON,David George,298
Grand Forks,School Board Member Grand Forks School Dist,,NON,Douglas C. Carpenter,1250
Grand Forks,School Board Member Grand Forks School Dist,,NON,Eric Burin,1418
Grand Forks,School Board Member Grand Forks School Dist,,NON,Joshua D. Anderson,664
Grand Forks,School Board Member Grand Forks School Dist,,NON,Kevin Kuntz,858
Grand Forks,School Board Member Grand Forks School Dist,,NON,Matthew J. Spivey,1010
Grand Forks,School Board Member Grand Forks School Dist,,NON,Meggen Sande,1502
Grand Forks,School Board Member Grand Forks School Dist,,NON,Michelle Rydz,485
Grand Forks,School Board Member Grand Forks School Dist,,NON,Mike St. Onge,966
Grand Forks,School Board Member Grand Forks School Dist,,NON,Rebecca Grandstrand,1243
Grand Forks,School Board Member Grand Forks School Dist,,NON,write-in,26
Grand Forks,School Board Member Unexpired 2-Year Term Grand Forks School Dist,,NON,Bill Palmiscno,1719
Grand Forks,School Board Member Unexpired 2-Year Term Grand Forks School Dist,,NON,Hyrum Patterson,200
Grand Forks,School Board Member Unexpired 2-Year Term Grand Forks School Dist,,NON,Joshua L. Brown,973
Grand Forks,School Board Member Unexpired 2-Year Term Grand Forks School Dist,,NON,Justin Berry,834
Grand Forks,School Board Member Unexpired 2-Year Term Grand Forks School Dist,,NON,Tim Lamb,951
Grand Forks,School Board Member Unexpired 2-Year Term Grand Forks School Dist,,NON,Ward K. Johnson,1046
Grand Forks,School Board Member Unexpired 2-Year Term Grand Forks School Dist,,NON,write-in,12
Grand Forks,Secretary of State,,DEM,April Fairfield,1581
Grand Forks,Secretary of State,,DEM,write-in,2
Grand Forks,Secretary of State,,LIB,Roland Riemers,60
Grand Forks,Secretary of State,,LIB,write-in,3
Grand Forks,Secretary of State,,REP,Alvin A (Al) Jaeger,2209
Grand Forks,Secretary of State,,REP,write-in,3
Grand Forks,State House,17,DEM,Edward D Grossbauer,503
Grand Forks,State House,17,DEM,write-in,86
Grand Forks,State House,17,REP,Mark S Owens,634
Grand Forks,State House,17,REP,Mark Sanford,768
Grand Forks,State House,17,REP,write-in,3
Grand Forks,State House,19,DEM,Carol Gierszewski,123
Grand Forks,State House,19,DEM,write-in,0
Grand Forks,State House,19,REP,Gary Paur,391
Grand Forks,State House,19,REP,H. Steve Burke,152
Grand Forks,State House,19,REP,Wayne A Trottier,395
Grand Forks,State House,19,REP,write-in,1
Grand Forks,State House,43,DEM,Kyle Thorson,274
Grand Forks,State House,43,DEM,Lois Delmore,307
Grand Forks,State House,43,DEM,write-in,0
Grand Forks,State House,43,REP,Richard S Becker,297
Grand Forks,State House,43,REP,Shelby Wood,259
Grand Forks,State House,43,REP,write-in,1
Grand Forks,State Senate,17,DEM,write-in,58
Grand Forks,State Senate,17,REP,Ray Holmberg,784
Grand Forks,State Senate,17,REP,write-in,1
Grand Forks,State Senate,19,DEM,"Robert ""Tork"" Kilichowski",123
Grand Forks,State Senate,19,DEM,write-in,0
Grand Forks,State Senate,19,REP,Tom Campbell,487
Grand Forks,State Senate,19,REP,write-in,0
Grand Forks,State Senate,43,DEM,JoNell Bakke,325
Grand Forks,State Senate,43,DEM,write-in,1
Grand Forks,State Senate,43,REP,Lonnie Laffen,331
Grand Forks,State Senate,43,REP,write-in,0
Grand Forks,Tax Commissioner,,DEM,Jason Astrup,1570
Grand Forks,Tax Commissioner,,DEM,write-in,1
Grand Forks,Tax Commissioner,,LIB,Anthony Mangnall,67
Grand Forks,Tax Commissioner,,LIB,write-in,0
Grand Forks,Tax Commissioner,,REP,Ryan Rauschenberger,2146
Grand Forks,Tax Commissioner,,REP,write-in,1
Grand Forks,U.S. House,1,DEM,George Sinner,1703
Grand Forks,U.S. House,1,DEM,write-in,4
Grand Forks,U.S. House,1,LIB,"Robert J ""Jack"" Seaman",72
Grand Forks,U.S. House,1,LIB,write-in,1
Grand Forks,U.S. House,1,REP,Kevin Cramer,2212
Grand Forks,U.S. House,1,REP,write-in,7
Grant,Agriculture Commissioner,,DEM,Ryan Taylor,224
Grant,Agriculture Commissioner,,DEM,write-in,0
Grant,Agriculture Commissioner,,REP,Doug Goehring,592
Grant,Agriculture Commissioner,,REP,write-in,1
Grant,Attorney General,,DEM,Kiara Kraus-Parr,178
Grant,Attorney General,,DEM,write-in,0
Grant,Attorney General,,REP,Wayne Stenehjem,593
Grant,Attorney General,,REP,write-in,1
Grant,Constitutional Measure No. 1 Relating to the adjustment of deadlines for initiated measure petitions,,,No,455
Grant,Constitutional Measure No. 1 Relating to the adjustment of deadlines for initiated measure petitions,,,Yes,426
Grant,County Auditor/Treasurer Grant,,NON,Kelly Bachmeier,781
Grant,County Auditor/Treasurer Grant,,NON,write-in,55
Grant,County Commissioner at Large Grant,,NON,Alton Zenker,400
Grant,County Commissioner at Large Grant,,NON,Bill Koch,210
Grant,County Commissioner at Large Grant,,NON,Ervin L Ternes,195
Grant,County Commissioner at Large Grant,,NON,Trenton Weekes,109
Grant,County Commissioner at Large Grant,,NON,write-in,4
Grant,County Official Newspaper Grant,,NON,Grant County News,811
Grant,County Recorder/Clerk of District Court Grant,,NON,Joyce Stern,835
Grant,County Recorder/Clerk of District Court Grant,,NON,write-in,19
Grant,County Sheriff Grant,,NON,Daniel M Devitt,74
Grant,County Sheriff Grant,,NON,John Foss,837
Grant,County Sheriff Grant,,NON,write-in,13
Grant,County State's Attorney Grant,,NON,write-in,78
Grant,Grant,,,No,1066
Grant,Grant,,,Yes,824
Grant,Judge of the District Court No. 1 South Central,,NON,David E Reich,757
Grant,Judge of the District Court No. 1 South Central,,NON,write-in,1
Grant,Judge of the District Court No. 6 South Central,,NON,Gail Hagerty,764
Grant,Judge of the District Court No. 6 South Central,,NON,write-in,0
Grant,Judge of the District Court No. 7 South Central,,NON,Thomas J Schneider,772
Grant,Judge of the District Court No. 7 South Central,,NON,write-in,1
Grant,Justice of the Supreme Court,,NON,Gerald W VandeWalle,759
Grant,Justice of the Supreme Court,,NON,write-in,2
Grant,Public Service Commissioner,,DEM,Todd Reisenauer,187
Grant,Public Service Commissioner,,DEM,write-in,0
Grant,Public Service Commissioner,,REP,Brian P Kalk,582
Grant,Public Service Commissioner,,REP,write-in,0
Grant,Public Service Commissioner Unexpired 2-Year Term,,DEM,Tyler Axness,183
Grant,Public Service Commissioner Unexpired 2-Year Term,,DEM,write-in,0
Grant,Public Service Commissioner Unexpired 2-Year Term,,REP,Julie Fedorchak,576
Grant,Public Service Commissioner Unexpired 2-Year Term,,REP,write-in,0
Grant,Secretary of State,,DEM,April Fairfield,189
Grant,Secretary of State,,DEM,write-in,0
Grant,Secretary of State,,LIB,Roland Riemers,14
Grant,Secretary of State,,LIB,write-in,0
Grant,Secretary of State,,REP,Alvin A (Al) Jaeger,587
Grant,Secretary of State,,REP,write-in,0
Grant,State House,31,DEM,LaDonna Allard,159
Grant,State House,31,DEM,Mike Faith,170
Grant,State House,31,DEM,write-in,0
Grant,State House,31,REP,James E Schmidt,500
Grant,State House,31,REP,Karen Rohr,518
Grant,State House,31,REP,write-in,0
Grant,State Senate,31,DEM,Kristen Vesledahl,189
Grant,State Senate,31,DEM,write-in,2
Grant,State Senate,31,REP,Donald Schaible,591
Grant,State Senate,31,REP,write-in,0
Grant,Tax Commissioner,,DEM,Jason Astrup,186
Grant,Tax Commissioner,,DEM,write-in,0
Grant,Tax Commissioner,,LIB,Anthony Mangnall,13
Grant,Tax Commissioner,,LIB,write-in,0
Grant,Tax Commissioner,,REP,Ryan Rauschenberger,579
Grant,Tax Commissioner,,REP,write-in,0
Grant,U.S. House,1,DEM,George Sinner,212
Grant,U.S. House,1,DEM,write-in,0
Grant,U.S. House,1,LIB,"Robert J ""Jack"" Seaman",14
Grant,U.S. House,1,LIB,write-in,0
Grant,U.S. House,1,REP,Kevin Cramer,599
Grant,U.S. House,1,REP,write-in,1
Griggs,Agriculture Commissioner,,DEM,Ryan Taylor,300
Griggs,Agriculture Commissioner,,DEM,write-in,0
Griggs,Agriculture Commissioner,,REP,Doug Goehring,484
Griggs,Agriculture Commissioner,,REP,write-in,2
Griggs,Attorney General,,DEM,Kiara Kraus-Parr,278
Griggs,Attorney General,,DEM,write-in,0
Griggs,Attorney General,,REP,Wayne Stenehjem,488
Griggs,Attorney General,,REP,write-in,0
Griggs,Constitutional Measure No. 1 Relating to the adjustment of deadlines for initiated measure petitions,,,No,382
Griggs,Constitutional Measure No. 1 Relating to the adjustment of deadlines for initiated measure petitions,,,Yes,443
Griggs,Council Member Binford,,NON,James Frederick Geisler,45
Griggs,Council Member Binford,,NON,write-in,34
Griggs,Council Member Cooperstown,,NON,Bryan Ressler,322
Griggs,Council Member Cooperstown,,NON,Welton Cochrane,226
Griggs,Council Member Cooperstown,,NON,write-in,31
Griggs,Council Member Hannaford,,NON,Roger Rondestvedt,38
Griggs,Council Member Hannaford,,NON,write-in,9
Griggs,Council Member Unexpired 2-Year Term Cooperstown,,NON,Lee Watne,333
Griggs,Council Member Unexpired 2-Year Term Cooperstown,,NON,write-in,5
Griggs,County Auditor Griggs,,NON,Cynthia M Anton,769
Griggs,County Auditor Griggs,,NON,write-in,29
Griggs,County Commissioner Griggs - District 1,,NON,John Wakefield,122
Griggs,County Commissioner Griggs - District 1,,NON,LeRoy Eggermont,84
Griggs,County Commissioner Griggs - District 1,,NON,write-in,0
Griggs,County Commissioner Griggs - District 3,,NON,Ron Dahl,100
Griggs,County Commissioner Griggs - District 3,,NON,write-in,49
Griggs,County Commissioner Griggs - District 5,,NON,Dale Pedersen,131
Griggs,County Commissioner Griggs - District 5,,NON,write-in,16
Griggs,County Measure 1 Griggs,,,No,159
Griggs,County Measure 1 Griggs,,,Yes,728
Griggs,County Measure 2 Griggs,,,No,523
Griggs,County Measure 2 Griggs,,,Yes,376
Griggs,County Official Newspaper Griggs,,NON,Griggs County Courier,770
Griggs,County Recorder/Clerk of District Court Griggs,,NON,Kelly Vincent,843
Griggs,County Recorder/Clerk of District Court Griggs,,NON,write-in,7
Griggs,County Sheriff Griggs,,NON,Gary L. Varberg,370
Griggs,County Sheriff Griggs,,NON,James Frederick Geisler,62
Griggs,County Sheriff Griggs,,NON,Robert S Hook,463
Griggs,County Sheriff Griggs,,NON,write-in,3
Griggs,County State's Attorney Griggs,,NON,Jayme Tenneson,488
Griggs,County State's Attorney Griggs,,NON,Marina Spahr,415
Griggs,County State's Attorney Griggs,,NON,write-in,1
Griggs,County Treasurer Griggs,,NON,Connie E Eslinger,840
Griggs,County Treasurer Griggs,,NON,write-in,8
Griggs,Judge of the District Court No. 4 Unexpired 2-Year Term Southeast,,NON,James D Hovey,761
Griggs,Judge of the District Court No. 4 Unexpired 2-Year Term Southeast,,NON,write-in,1
Griggs,Justice of the Supreme Court,,NON,Gerald W VandeWalle,754
Griggs,Justice of the Supreme Court,,NON,write-in,1
Griggs,Mayor Cooperstown,,NON,Gerald Akers,29
Griggs,Mayor Cooperstown,,NON,Paul Paintner,302
Griggs,Mayor Cooperstown,,NON,write-in,34
Griggs,Park Board Commissioner Binford Park,,NON,write-in,51
Griggs,Park Board Member Cooperstown Park,,NON,Amber Monson,297
Griggs,Park Board Member Cooperstown Park,,NON,Amy Gravseth,302
Griggs,Park Board Member Cooperstown Park,,NON,write-in,5
Griggs,Park Board Member Hannaford Park,,NON,Becky Iverson,38
Griggs,Park Board Member Hannaford Park,,NON,Dave Hook,44
Griggs,Park Board Member Hannaford Park,,NON,write-in,0
Griggs,Park Board Member Unexpired 2-Year Term Cooperstown Park,,NON,write-in,35
Griggs,Public Service Commissioner,,DEM,Todd Reisenauer,284
Griggs,Public Service Commissioner,,DEM,write-in,0
Griggs,Public Service Commissioner,,REP,Brian P Kalk,475
Griggs,Public Service Commissioner,,REP,write-in,0
Griggs,Public Service Commissioner Unexpired 2-Year Term,,DEM,Tyler Axness,281
Griggs,Public Service Commissioner Unexpired 2-Year Term,,DEM,write-in,0
Griggs,Public Service Commissioner Unexpired 2-Year Term,,REP,Julie Fedorchak,476
Griggs,Public Service Commissioner Unexpired 2-Year Term,,REP,write-in,0
Griggs,Secretary of State,,DEM,April Fairfield,287
Griggs,Secretary of State,,DEM,write-in,0
Griggs,Secretary of State,,LIB,Roland Riemers,11
Griggs,Secretary of State,,LIB,write-in,0
Griggs,Secretary of State,,REP,Alvin A (Al) Jaeger,477
Griggs,Secretary of State,,REP,write-in,0
Griggs,State House,23,DEM,Austin Langley,221
Griggs,State House,23,DEM,Ben Vig,262
Griggs,State House,23,DEM,write-in,0
Griggs,State House,23,REP,Bill Devlin,445
Griggs,State House,23,REP,Don Vigesaa,512
Griggs,State House,23,REP,write-in,1
Griggs,State Senate,23,DEM,Joan M Heckaman,298
Griggs,State Senate,23,DEM,write-in,1
Griggs,State Senate,23,REP,John Jacobson,471
Griggs,State Senate,23,REP,write-in,0
Griggs,Tax Commissioner,,DEM,Jason Astrup,279
Griggs,Tax Commissioner,,DEM,write-in,0
Griggs,Tax Commissioner,,LIB,Anthony Mangnall,11
Griggs,Tax Commissioner,,LIB,write-in,0
Griggs,Tax Commissioner,,REP,Ryan Rauschenberger,475
Griggs,Tax Commissioner,,REP,write-in,0
Griggs,U.S. House,1,DEM,George Sinner,301
Griggs,U.S. House,1,DEM,write-in,1
Griggs,U.S. House,1,LIB,"Robert J ""Jack"" Seaman",11
Griggs,U.S. House,1,LIB,write-in,0
Griggs,U.S. House,1,REP,Kevin Cramer,487
Griggs,U.S. House,1,REP,write-in,0
Hettinger,Agriculture Commissioner,,DEM,Ryan Taylor,159
Hettinger,Agriculture Commissioner,,DEM,write-in,0
Hettinger,Agriculture Commissioner,,REP,Doug Goehring,467
Hettinger,Agriculture Commissioner,,REP,write-in,4
Hettinger,Attorney General,,DEM,Kiara Kraus-Parr,144
Hettinger,Attorney General,,DEM,write-in,0
Hettinger,Attorney General,,REP,Wayne Stenehjem,474
Hettinger,Attorney General,,REP,write-in,2
Hettinger,Constitutional Measure No. 1 Relating to the adjustment of deadlines for initiated measure petitions,,,No,320
Hettinger,Constitutional Measure No. 1 Relating to the adjustment of deadlines for initiated measure petitions,,,Yes,300
Hettinger,County Auditor Hettinger,,NON,Jeri G Schmidt,601
Hettinger,County Auditor Hettinger,,NON,write-in,6
Hettinger,County Commissioner District #2 Hettinger - District 2,,NON,Robert Larson,559
Hettinger,County Commissioner District #2 Hettinger - District 2,,NON,write-in,15
Hettinger,County Official Newspaper Hettinger,,NON,The Herald,566
Hettinger,County Recorder/Clerk of District Court Hettinger,,NON,Sylvia Gion,604
Hettinger,County Recorder/Clerk of District Court Hettinger,,NON,write-in,4
Hettinger,County Sheriff Hettinger,,NON,Sarah D Warner,496
Hettinger,County Sheriff Hettinger,,NON,write-in,91
Hettinger,County State's Attorney Hettinger,,NON,James D Gion,562
Hettinger,County State's Attorney Hettinger,,NON,write-in,11
Hettinger,"Director, Southwest Water Authority Hettinger",,NON,Raymond K Bieber,579
Hettinger,"Director, Southwest Water Authority Hettinger",,NON,write-in,12
Hettinger,Justice of the Supreme Court,,NON,Gerald W VandeWalle,549
Hettinger,Justice of the Supreme Court,,NON,write-in,2
Hettinger,Public Service Commissioner,,DEM,Todd Reisenauer,146
Hettinger,Public Service Commissioner,,DEM,write-in,1
Hettinger,Public Service Commissioner,,REP,Brian P Kalk,457
Hettinger,Public Service Commissioner,,REP,write-in,2
Hettinger,Public Service Commissioner Unexpired 2-Year Term,,DEM,Tyler Axness,149
Hettinger,Public Service Commissioner Unexpired 2-Year Term,,DEM,write-in,0
Hettinger,Public Service Commissioner Unexpired 2-Year Term,,REP,Julie Fedorchak,456
Hettinger,Public Service Commissioner Unexpired 2-Year Term,,REP,write-in,2
Hettinger,Secretary of State,,DEM,April Fairfield,150
Hettinger,Secretary of State,,DEM,write-in,0
Hettinger,Secretary of State,,LIB,Roland Riemers,5
Hettinger,Secretary of State,,LIB,write-in,0
Hettinger,Secretary of State,,REP,Alvin A (Al) Jaeger,469
Hettinger,Secretary of State,,REP,write-in,2
Hettinger,State House,31,DEM,LaDonna Allard,54
Hettinger,State House,31,DEM,Mike Faith,63
Hettinger,State House,31,DEM,write-in,0
Hettinger,State House,31,REP,James E Schmidt,233
Hettinger,State House,31,REP,Karen Rohr,269
Hettinger,State House,31,REP,write-in,5
Hettinger,State Senate,31,DEM,Kristen Vesledahl,69
Hettinger,State Senate,31,DEM,write-in,0
Hettinger,State Senate,31,REP,Donald Schaible,327
Hettinger,State Senate,31,REP,write-in,2
Hettinger,Tax Commissioner,,DEM,Jason Astrup,149
Hettinger,Tax Commissioner,,DEM,write-in,0
Hettinger,Tax Commissioner,,LIB,Anthony Mangnall,5
Hettinger,Tax Commissioner,,LIB,write-in,0
Hettinger,Tax Commissioner,,REP,Ryan Rauschenberger,454
Hettinger,Tax Commissioner,,REP,write-in,2
Hettinger,U.S. House,1,DEM,George Sinner,161
Hettinger,U.S. House,1,DEM,write-in,0
Hettinger,U.S. House,1,LIB,"Robert J ""Jack"" Seaman",5
Hettinger,U.S. House,1,LIB,write-in,0
Hettinger,U.S. House,1,REP,Kevin Cramer,487
Hettinger,U.S. House,1,REP,write-in,4
Kidder,Agriculture Commissioner,,DEM,Ryan Taylor,189
Kidder,Agriculture Commissioner,,DEM,write-in,0
Kidder,Agriculture Commissioner,,REP,Doug Goehring,377
Kidder,Agriculture Commissioner,,REP,write-in,1
Kidder,Attorney General,,DEM,Kiara Kraus-Parr,167
Kidder,Attorney General,,DEM,write-in,0
Kidder,Attorney General,,REP,Wayne Stenehjem,370
Kidder,Attorney General,,REP,write-in,0
Kidder,Constitutional Measure No. 1 Relating to the adjustment of deadlines for initiated measure petitions,,,No,276
Kidder,Constitutional Measure No. 1 Relating to the adjustment of deadlines for initiated measure petitions,,,Yes,270
Kidder,Council Member Dawson,,NON,Kenneth Albrecht Sr,8
Kidder,Council Member Dawson,,NON,Neil Fanta,9
Kidder,Council Member Dawson,,NON,write-in,2
Kidder,Council Member Pettibone,,NON,write-in,13
Kidder,Council Member Robinson,,NON,write-in,6
Kidder,Council Member Steele,,NON,David Goetz,178
Kidder,Council Member Steele,,NON,Joshua Wayne Rode,172
Kidder,Council Member Steele,,NON,Randy Ell,80
Kidder,Council Member Steele,,NON,Robert Anderson,86
Kidder,Council Member Steele,,NON,Wanda Mae Hill,79
Kidder,Council Member Steele,,NON,write-in,36
Kidder,Council Member Tappen,,NON,write-in,39
Kidder,Council Member Tuttle,,NON,write-in,38
Kidder,Council Member Unexpired 2-Year Term Robinson,,NON,write-in,7
Kidder,Council Member Unexpired 2-Year Term Steele,,NON,write-in,50
Kidder,Council Member Unexpired 2-Year Term Tuttle,,NON,write-in,18
Kidder,County Auditor Kidder,,NON,Jean Schoenhard,580
Kidder,County Auditor Kidder,,NON,write-in,2
Kidder,County Commissioner at Large Kidder,,NON,Daniel S Moch,310
Kidder,County Commissioner at Large Kidder,,NON,Eddie Biegler,500
Kidder,County Commissioner at Large Kidder,,NON,Randy Ell,193
Kidder,County Commissioner at Large Kidder,,NON,write-in,75
Kidder,County Official Newspaper Kidder,,NON,Steele Ozone & Kidder County Press,539
Kidder,County Recorder Kidder,,NON,Barbara J Steinke,592
Kidder,County Recorder Kidder,,NON,write-in,0
Kidder,County Sheriff Kidder,,NON,Brant Weisenburger,527
Kidder,County Sheriff Kidder,,NON,write-in,15
Kidder,County State's Attorney Kidder,,NON,Eric Hetland,529
Kidder,County State's Attorney Kidder,,NON,write-in,5
Kidder,County Treasurer Kidder,,NON,Vickie Murray,590
Kidder,County Treasurer Kidder,,NON,write-in,5
Kidder,Judge of the District Court No. 4 Unexpired 2-Year Term Southeast,,NON,James D Hovey,503
Kidder,Judge of the District Court No. 4 Unexpired 2-Year Term Southeast,,NON,write-in,1
Kidder,Justice of the Supreme Court,,NON,Gerald W VandeWalle,515
Kidder,Justice of the Supreme Court,,NON,write-in,1
Kidder,Mayor Steele,,NON,Edward S Miller,171
Kidder,Mayor Steele,,NON,Murray O Strom,70
Kidder,Mayor Steele,,NON,write-in,1
Kidder,Mayor Tappen,,NON,Brice Barnick,21
Kidder,Mayor Tappen,,NON,write-in,5
Kidder,Mayor Tuttle,,NON,write-in,18
Kidder,Mayor Unexpired 2-Year Term Robinson,,NON,write-in,7
Kidder,Park Board Member Steele Park,,NON,Daniel Welder,180
Kidder,Park Board Member Steele Park,,NON,David Silbernagel,188
Kidder,Park Board Member Steele Park,,NON,write-in,39
Kidder,Public Service Commissioner,,DEM,Todd Reisenauer,169
Kidder,Public Service Commissioner,,DEM,write-in,0
Kidder,Public Service Commissioner,,REP,Brian P Kalk,364
Kidder,Public Service Commissioner,,REP,write-in,0
Kidder,Public Service Commissioner Unexpired 2-Year Term,,DEM,Tyler Axness,166
Kidder,Public Service Commissioner Unexpired 2-Year Term,,DEM,write-in,0
Kidder,Public Service Commissioner Unexpired 2-Year Term,,REP,Julie Fedorchak,359
Kidder,Public Service Commissioner Unexpired 2-Year Term,,REP,write-in,0
Kidder,Secretary of State,,DEM,April Fairfield,169
Kidder,Secretary of State,,DEM,write-in,0
Kidder,Secretary of State,,LIB,Roland Riemers,11
Kidder,Secretary of State,,LIB,write-in,0
Kidder,Secretary of State,,REP,Alvin A (Al) Jaeger,374
Kidder,Secretary of State,,REP,write-in,1
Kidder,Tax Commissioner,,DEM,Jason Astrup,167
Kidder,Tax Commissioner,,DEM,write-in,0
Kidder,Tax Commissioner,,LIB,Anthony Mangnall,11
Kidder,Tax Commissioner,,LIB,write-in,0
Kidder,Tax Commissioner,,REP,Ryan Rauschenberger,361
Kidder,Tax Commissioner,,REP,write-in,0
Kidder,U.S. House,1,DEM,George Sinner,185
Kidder,U.S. House,1,DEM,write-in,0
Kidder,U.S. House,1,LIB,"Robert J ""Jack"" Seaman",11
Kidder,U.S. House,1,LIB,write-in,0
Kidder,U.S. House,1,REP,Kevin Cramer,376
Kidder,U.S. House,1,REP,write-in,0
LaMoure,Agriculture Commissioner,,DEM,Ryan Taylor,445
LaMoure,Agriculture Commissioner,,DEM,write-in,0
LaMoure,Agriculture Commissioner,,REP,Doug Goehring,693
LaMoure,Agriculture Commissioner,,REP,write-in,5
LaMoure,Attorney General,,DEM,Kiara Kraus-Parr,417
LaMoure,Attorney General,,DEM,write-in,1
LaMoure,Attorney General,,REP,Wayne Stenehjem,696
LaMoure,Attorney General,,REP,write-in,0
LaMoure,Constitutional Measure No. 1 Relating to the adjustment of deadlines for initiated measure petitions,,,No,563
LaMoure,Constitutional Measure No. 1 Relating to the adjustment of deadlines for initiated measure petitions,,,Yes,565
LaMoure,County Commissioner LaMoure - District 2,,NON,Bruce Klein,172
LaMoure,County Commissioner LaMoure - District 2,,NON,write-in,7
LaMoure,County Commissioner LaMoure - District 4,,NON,Davy Bellin,31
LaMoure,County Commissioner LaMoure - District 4,,NON,Germaine Erbele,31
LaMoure,County Commissioner LaMoure - District 4,,NON,Michial H Johnson,74
LaMoure,County Commissioner LaMoure - District 4,,NON,Robert (Bob) Flath,96
LaMoure,County Commissioner LaMoure - District 4,,NON,write-in,0
LaMoure,County Official Newspaper LaMoure,,NON,LaMoure Chronicle,776
LaMoure,County Official Newspaper LaMoure,,NON,The Edgeley Mail,487
LaMoure,County Recorder LaMoure,,NON,Laurie Good,1150
LaMoure,County Recorder LaMoure,,NON,write-in,9
LaMoure,County Sheriff LaMoure,,NON,Alan Ian Mattice,351
LaMoure,County Sheriff LaMoure,,NON,Lance Aeschliman,54
LaMoure,County Sheriff LaMoure,,NON,Robert Fernandes,863
LaMoure,County Sheriff LaMoure,,NON,write-in,0
LaMoure,County State's Attorney LaMoure,,NON,Kimberly J. Radermacher,539
LaMoure,County State's Attorney LaMoure,,NON,Tonya Duffy,716
LaMoure,County State's Attorney LaMoure,,NON,write-in,2
LaMoure,County Treasurer LaMoure,,NON,Cindy Worrel,1177
LaMoure,County Treasurer LaMoure,,NON,write-in,14
LaMoure,Judge of the District Court No. 4 Unexpired 2-Year Term Southeast,,NON,James D Hovey,1074
LaMoure,Judge of the District Court No. 4 Unexpired 2-Year Term Southeast,,NON,write-in,1
LaMoure,Justice of the Supreme Court,,NON,Gerald W VandeWalle,1084
LaMoure,Justice of the Supreme Court,,NON,write-in,2
LaMoure,Public Service Commissioner,,DEM,Todd Reisenauer,421
LaMoure,Public Service Commissioner,,DEM,write-in,0
LaMoure,Public Service Commissioner,,REP,Brian P Kalk,680
LaMoure,Public Service Commissioner,,REP,write-in,0
LaMoure,Public Service Commissioner Unexpired 2-Year Term,,DEM,Tyler Axness,420
LaMoure,Public Service Commissioner Unexpired 2-Year Term,,DEM,write-in,0
LaMoure,Public Service Commissioner Unexpired 2-Year Term,,REP,Julie Fedorchak,672
LaMoure,Public Service Commissioner Unexpired 2-Year Term,,REP,write-in,0
LaMoure,Secretary of State,,DEM,April Fairfield,432
LaMoure,Secretary of State,,DEM,write-in,0
LaMoure,Secretary of State,,LIB,Roland Riemers,16
LaMoure,Secretary of State,,LIB,write-in,0
LaMoure,Secretary of State,,REP,Alvin A (Al) Jaeger,695
LaMoure,Secretary of State,,REP,write-in,0
LaMoure,State House,29,DEM,Charles Linderman,270
LaMoure,State House,29,DEM,Lori Carlson,282
LaMoure,State House,29,DEM,write-in,0
LaMoure,State House,29,REP,Chet Pollert,346
LaMoure,State House,29,REP,Craig Headland,368
LaMoure,State House,29,REP,write-in,1
LaMoure,State Senate,29,DEM,Jeff Piehl,327
LaMoure,State Senate,29,DEM,write-in,1
LaMoure,State Senate,29,REP,Terry M Wanzek,407
LaMoure,State Senate,29,REP,write-in,0
LaMoure,Tax Commissioner,,DEM,Jason Astrup,424
LaMoure,Tax Commissioner,,DEM,write-in,0
LaMoure,Tax Commissioner,,LIB,Anthony Mangnall,16
LaMoure,Tax Commissioner,,LIB,write-in,0
LaMoure,Tax Commissioner,,REP,Ryan Rauschenberger,673
LaMoure,Tax Commissioner,,REP,write-in,0
LaMoure,U.S. House,1,DEM,George Sinner,452
LaMoure,U.S. House,1,DEM,write-in,0
LaMoure,U.S. House,1,LIB,"Robert J ""Jack"" Seaman",19
LaMoure,U.S. House,1,LIB,write-in,0
LaMoure,U.S. House,1,REP,Kevin Cramer,697
LaMoure,U.S. House,1,REP,write-in,2
Logan,Agriculture Commissioner,,DEM,Ryan Taylor,159
Logan,Agriculture Commissioner,,DEM,write-in,0
Logan,Agriculture Commissioner,,REP,Doug Goehring,430
Logan,Agriculture Commissioner,,REP,write-in,1
Logan,Attorney General,,DEM,Kiara Kraus-Parr,129
Logan,Attorney General,,DEM,write-in,0
Logan,Attorney General,,REP,Wayne Stenehjem,437
Logan,Attorney General,,REP,write-in,0
Logan,City Council Napoleon,,NON,Carl Vender,137
Logan,City Council Napoleon,,NON,Debbie Sperle,178
Logan,City Council Napoleon,,NON,Jon Starkey,183
Logan,City Council Napoleon,,NON,Ron Kerzman,204
Logan,City Council Napoleon,,NON,write-in,20
Logan,Constitutional Measure No. 1 Relating to the adjustment of deadlines for initiated measure petitions,,,No,289
Logan,Constitutional Measure No. 1 Relating to the adjustment of deadlines for initiated measure petitions,,,Yes,324
Logan,County Auditor Logan,,NON,Brenda Fischer,626
Logan,County Auditor Logan,,NON,write-in,5
Logan,County Commissioner at Large Logan,,NON,Blanche A Schumacher,441
Logan,County Commissioner at Large Logan,,NON,Jack T Erbele,259
Logan,County Commissioner at Large Logan,,NON,write-in,4
Logan,County Official Newspaper Logan,,NON,Napoleon Homestead,597
Logan,County Recorder Logan,,NON,Dawne Marquart,537
Logan,County Recorder Logan,,NON,write-in,65
Logan,County Sheriff Logan,,NON,Andrew Bartholomaus,532
Logan,County Sheriff Logan,,NON,Brian L Jangula,169
Logan,County Sheriff Logan,,NON,write-in,0
Logan,County State's Attorney Logan,,NON,Isaac Zimmerman,647
Logan,County State's Attorney Logan,,NON,write-in,0
Logan,County Treasurer Logan,,NON,Cynthia L Doll,611
Logan,County Treasurer Logan,,NON,write-in,9
Logan,Judge of the District Court No. 4 Unexpired 2-Year Term Southeast,,NON,James D Hovey,524
Logan,Judge of the District Court No. 4 Unexpired 2-Year Term Southeast,,NON,write-in,0
Logan,Justice of the Supreme Court,,NON,Gerald W VandeWalle,535
Logan,Justice of the Supreme Court,,NON,write-in,0
Logan,Park Board Member Napoleon Park,,NON,Kevin Wolf,239
Logan,Park Board Member Napoleon Park,,NON,Mary Schwartzenberger,202
Logan,Park Board Member Napoleon Park,,NON,write-in,6
Logan,Public Service Commissioner,,DEM,Todd Reisenauer,134
Logan,Public Service Commissioner,,DEM,write-in,0
Logan,Public Service Commissioner,,REP,Brian P Kalk,413
Logan,Public Service Commissioner,,REP,write-in,0
Logan,Public Service Commissioner Unexpired 2-Year Term,,DEM,Tyler Axness,131
Logan,Public Service Commissioner Unexpired 2-Year Term,,DEM,write-in,0
Logan,Public Service Commissioner Unexpired 2-Year Term,,REP,Julie Fedorchak,408
Logan,Public Service Commissioner Unexpired 2-Year Term,,REP,write-in,0
Logan,Secretary of State,,DEM,April Fairfield,144
Logan,Secretary of State,,DEM,write-in,0
Logan,Secretary of State,,LIB,Roland Riemers,7
Logan,Secretary of State,,LIB,write-in,0
Logan,Secretary of State,,REP,Alvin A (Al) Jaeger,423
Logan,Secretary of State,,REP,write-in,0
Logan,Senior Citizen's Mill Levy Logan,,,No,230
Logan,Senior Citizen's Mill Levy Logan,,,Yes,436
Logan,Tax Commissioner,,DEM,Jason Astrup,132
Logan,Tax Commissioner,,DEM,write-in,0
Logan,Tax Commissioner,,LIB,Anthony Mangnall,7
Logan,Tax Commissioner,,LIB,write-in,0
Logan,Tax Commissioner,,REP,Ryan Rauschenberger,414
Logan,Tax Commissioner,,REP,write-in,1
Logan,U.S. House,1,DEM,George Sinner,155
Logan,U.S. House,1,DEM,write-in,0
Logan,U.S. House,1,LIB,"Robert J ""Jack"" Seaman",7
Logan,U.S. House,1,LIB,write-in,0
Logan,U.S. House,1,REP,Kevin Cramer,443
Logan,U.S. House,1,REP,write-in,1
McHenry,Agriculture Commissioner,,DEM,Ryan Taylor,568
McHenry,Agriculture Commissioner,,DEM,write-in,0
McHenry,Agriculture Commissioner,,REP,Doug Goehring,759
McHenry,Agriculture Commissioner,,REP,write-in,1
McHenry,Attorney General,,DEM,Kiara Kraus-Parr,485
McHenry,Attorney General,,DEM,write-in,1
McHenry,Attorney General,,REP,Wayne Stenehjem,772
McHenry,Attorney General,,REP,write-in,0
McHenry,Commission President Towner,,NON,Todd Thompson,158
McHenry,Commission President Towner,,NON,write-in,11
McHenry,Commission President Velva,,NON,Scott Blotter,230
McHenry,Commission President Velva,,NON,write-in,29
McHenry,Commissioner Towner,,NON,Kimberly Berdahl,126
McHenry,Commissioner Towner,,NON,Lloyd Gardner,156
McHenry,Commissioner Towner,,NON,write-in,5
McHenry,Commissioner Unexpired 2-Year Term Towner,,NON,Benjamin Wollenzien,170
McHenry,Commissioner Unexpired 2-Year Term Towner,,NON,write-in,3
McHenry,Commissioner Unexpired 2-Year Term Velva,,NON,write-in,87
McHenry,Commissioner Velva,,NON,write-in,164
McHenry,Constitutional Measure No. 1 Relating to the adjustment of deadlines for initiated measure petitions,,,No,659
McHenry,Constitutional Measure No. 1 Relating to the adjustment of deadlines for initiated measure petitions,,,Yes,663
McHenry,County Auditor McHenry,,NON,Darlene Carpenter,1329
McHenry,County Auditor McHenry,,NON,write-in,8
McHenry,County Clerk of District Court McHenry,,NON,Lorraine Myers,1325
McHenry,County Clerk of District Court McHenry,,NON,write-in,5
McHenry,County Commissioner McHenry - District 1,,NON,Harry Bergstad,300
McHenry,County Commissioner McHenry - District 1,,NON,write-in,6
McHenry,County Commissioner McHenry - District 3,,NON,David O Medalen,212
McHenry,County Commissioner McHenry - District 3,,NON,write-in,5
McHenry,County Commissioner McHenry - District 5,,NON,Darrell Haman,44
McHenry,County Commissioner McHenry - District 5,,NON,Duane Drader,43
McHenry,County Commissioner McHenry - District 5,,NON,Larry Haman,167
McHenry,County Commissioner McHenry - District 5,,NON,Vern Kongslie,105
McHenry,County Commissioner McHenry - District 5,,NON,write-in,0
McHenry,County Official Newspaper McHenry,,NON,Mouse River Journal,991
McHenry,County Official Newspaper McHenry,,NON,Velva Area Voice,454
McHenry,County Recorder McHenry,,NON,Bonnie Livedalen,1327
McHenry,County Recorder McHenry,,NON,write-in,1
McHenry,County Sheriff McHenry,,NON,Trey C Skager,1278
McHenry,County Sheriff McHenry,,NON,write-in,20
McHenry,County State's Attorney McHenry,,NON,Cassey A Breyer,1235
McHenry,County State's Attorney McHenry,,NON,write-in,8
McHenry,County Treasurer McHenry,,NON,Linda Fairbrother,1341
McHenry,County Treasurer McHenry,,NON,write-in,3
McHenry,"Director, Garrison Diversion Conservancy McHenry",,NON,Cliff Hanretty,1204
McHenry,"Director, Garrison Diversion Conservancy McHenry",,NON,write-in,32
McHenry,Judge of the District Court No. 3 Northeast,,NON,Michael G Sturdevant,1226
McHenry,Judge of the District Court No. 3 Northeast,,NON,write-in,7
McHenry,Judge of the District Court No. 4 Northeast,,NON,Donovan Foughty,1208
McHenry,Judge of the District Court No. 4 Northeast,,NON,write-in,6
McHenry,Justice of the Supreme Court,,NON,Gerald W VandeWalle,1219
McHenry,Justice of the Supreme Court,,NON,write-in,4
McHenry,Park Board Member Unexpired 2-Year Term Velva Park,,NON,Fred Price,241
McHenry,Park Board Member Unexpired 2-Year Term Velva Park,,NON,write-in,9
McHenry,Park Board Member Velva Park,,NON,Julie L Anderson,251
McHenry,Park Board Member Velva Park,,NON,Mike Heisler,235
McHenry,Park Board Member Velva Park,,NON,write-in,16
McHenry,Public Service Commissioner,,DEM,Todd Reisenauer,490
McHenry,Public Service Commissioner,,DEM,write-in,2
McHenry,Public Service Commissioner,,REP,Brian P Kalk,749
McHenry,Public Service Commissioner,,REP,write-in,0
McHenry,Public Service Commissioner Unexpired 2-Year Term,,DEM,Tyler Axness,493
McHenry,Public Service Commissioner Unexpired 2-Year Term,,DEM,write-in,2
McHenry,Public Service Commissioner Unexpired 2-Year Term,,REP,Julie Fedorchak,743
McHenry,Public Service Commissioner Unexpired 2-Year Term,,REP,write-in,0
McHenry,Secretary of State,,DEM,April Fairfield,495
McHenry,Secretary of State,,DEM,write-in,1
McHenry,Secretary of State,,LIB,Roland Riemers,14
McHenry,Secretary of State,,LIB,write-in,0
McHenry,Secretary of State,,REP,Alvin A (Al) Jaeger,761
McHenry,Secretary of State,,REP,write-in,1
McHenry,Tax Commissioner,,DEM,Jason Astrup,490
McHenry,Tax Commissioner,,DEM,write-in,1
McHenry,Tax Commissioner,,LIB,Anthony Mangnall,14
McHenry,Tax Commissioner,,LIB,write-in,0
McHenry,Tax Commissioner,,REP,Ryan Rauschenberger,749
McHenry,Tax Commissioner,,REP,write-in,1
McHenry,U.S. House,1,DEM,George Sinner,522
McHenry,U.S. House,1,DEM,write-in,0
McHenry,U.S. House,1,LIB,"Robert J ""Jack"" Seaman",14
McHenry,U.S. House,1,LIB,write-in,0
McHenry,U.S. House,1,REP,Kevin Cramer,762
McHenry,U.S. House,1,REP,write-in,0
McHenry,Velva,,,No,47
McHenry,Velva,,,Yes,225
McIntosh,Agriculture Commissioner,,DEM,Ryan Taylor,253
McIntosh,Agriculture Commissioner,,DEM,write-in,1
McIntosh,Agriculture Commissioner,,REP,Doug Goehring,795
McIntosh,Agriculture Commissioner,,REP,write-in,0
McIntosh,Attorney General,,DEM,Kiara Kraus-Parr,224
McIntosh,Attorney General,,DEM,write-in,1
McIntosh,Attorney General,,REP,Wayne Stenehjem,797
McIntosh,Attorney General,,REP,write-in,0
McIntosh,COUNTY HOSPITAL DISTRICT McIntosh,,,No,333
McIntosh,COUNTY HOSPITAL DISTRICT McIntosh,,,Yes,801
McIntosh,Constitutional Measure No. 1 Relating to the adjustment of deadlines for initiated measure petitions,,,No,439
McIntosh,Constitutional Measure No. 1 Relating to the adjustment of deadlines for initiated measure petitions,,,Yes,621
McIntosh,Council Member Ashley,,NON,Dillon Becker,299
McIntosh,Council Member Ashley,,NON,write-in,114
McIntosh,Council Member Wishek,,NON,Sonya Schumacher,244
McIntosh,Council Member Wishek,,NON,Whittney Huber,350
McIntosh,Council Member Wishek,,NON,write-in,139
McIntosh,County Auditor McIntosh,,NON,Gina Ketterling,1021
McIntosh,County Auditor McIntosh,,NON,write-in,7
McIntosh,County Commissioner at Large McIntosh,,NON,Bob Schumacher,295
McIntosh,County Commissioner at Large McIntosh,,NON,Chris Lepp,86
McIntosh,County Commissioner at Large McIntosh,,NON,Kristi Ebel,225
McIntosh,County Commissioner at Large McIntosh,,NON,Neil Meidinger,512
McIntosh,County Commissioner at Large McIntosh,,NON,Paul Frankfurth,54
McIntosh,County Commissioner at Large McIntosh,,NON,Steven C Delzer,530
McIntosh,County Commissioner at Large McIntosh,,NON,Tracy Heil,282
McIntosh,County Commissioner at Large McIntosh,,NON,William Jangula,195
McIntosh,County Commissioner at Large McIntosh,,NON,write-in,9
McIntosh,County Official Newspaper McIntosh,,NON,Ashley Tribune,586
McIntosh,County Official Newspaper McIntosh,,NON,Wishek Star,563
McIntosh,County Recorder/Clerk of District Court McIntosh,,NON,Carol Fey,1058
McIntosh,County Recorder/Clerk of District Court McIntosh,,NON,write-in,3
McIntosh,County Sheriff McIntosh,,NON,Andrew Tunheim,411
McIntosh,County Sheriff McIntosh,,NON,Laurie Spitzer,546
McIntosh,County Sheriff McIntosh,,NON,Neal Schnieder,218
McIntosh,County Sheriff McIntosh,,NON,write-in,4
McIntosh,County State's Attorney McIntosh,,NON,Terry Elhard,929
McIntosh,County State's Attorney McIntosh,,NON,write-in,69
McIntosh,County Treasurer McIntosh,,NON,Lanette Blumhardt,1074
McIntosh,County Treasurer McIntosh,,NON,write-in,3
McIntosh,Judge of the District Court No. 4 Unexpired 2-Year Term Southeast,,NON,James D Hovey,933
McIntosh,Judge of the District Court No. 4 Unexpired 2-Year Term Southeast,,NON,write-in,1
McIntosh,Justice of the Supreme Court,,NON,Gerald W VandeWalle,956
McIntosh,Justice of the Supreme Court,,NON,write-in,0
McIntosh,Mayor Ashley,,NON,Denny Hoffman,294
McIntosh,Mayor Ashley,,NON,write-in,8
McIntosh,Mayor Wishek,,NON,Jonna Hochhalter,71
McIntosh,Mayor Wishek,,NON,Wayne Janke,292
McIntosh,Mayor Wishek,,NON,write-in,47
McIntosh,Municipal Judge Ashley,,NON,write-in,33
McIntosh,Municipal Judge Wishek,,NON,Perry Turner,399
McIntosh,Municipal Judge Wishek,,NON,write-in,2
McIntosh,Park Board Member Ashley Park,,NON,Gina Ketterling,269
McIntosh,Park Board Member Ashley Park,,NON,Quentin Schumacher,275
McIntosh,Park Board Member Ashley Park,,NON,Shawn Haugom,254
McIntosh,Park Board Member Ashley Park,,NON,write-in,11
McIntosh,Park Board Member Wishek Park,,NON,write-in,309
McIntosh,Public Service Commissioner,,DEM,Todd Reisenauer,231
McIntosh,Public Service Commissioner,,DEM,write-in,1
McIntosh,Public Service Commissioner,,REP,Brian P Kalk,768
McIntosh,Public Service Commissioner,,REP,write-in,0
McIntosh,Public Service Commissioner Unexpired 2-Year Term,,DEM,Tyler Axness,231
McIntosh,Public Service Commissioner Unexpired 2-Year Term,,DEM,write-in,2
McIntosh,Public Service Commissioner Unexpired 2-Year Term,,REP,Julie Fedorchak,765
McIntosh,Public Service Commissioner Unexpired 2-Year Term,,REP,write-in,0
McIntosh,Secretary of State,,DEM,April Fairfield,239
McIntosh,Secretary of State,,DEM,write-in,1
McIntosh,Secretary of State,,LIB,Roland Riemers,15
McIntosh,Secretary of State,,LIB,write-in,0
McIntosh,Secretary of State,,REP,Alvin A (Al) Jaeger,792
McIntosh,Secretary of State,,REP,write-in,0
McIntosh,Tax Commissioner,,DEM,Jason Astrup,230
McIntosh,Tax Commissioner,,DEM,write-in,1
McIntosh,Tax Commissioner,,LIB,Anthony Mangnall,17
McIntosh,Tax Commissioner,,LIB,write-in,0
McIntosh,Tax Commissioner,,REP,Ryan Rauschenberger,769
McIntosh,Tax Commissioner,,REP,write-in,0
McIntosh,U.S. House,1,DEM,George Sinner,252
McIntosh,U.S. House,1,DEM,write-in,1
McIntosh,U.S. House,1,LIB,"Robert J ""Jack"" Seaman",16
McIntosh,U.S. House,1,LIB,write-in,0
McIntosh,U.S. House,1,REP,Kevin Cramer,801
McIntosh,U.S. House,1,REP,write-in,0
McKenzie,Agriculture Commissioner,,DEM,Ryan Taylor,250
McKenzie,Agriculture Commissioner,,DEM,write-in,0
McKenzie,Agriculture Commissioner,,REP,Doug Goehring,854
McKenzie,Agriculture Commissioner,,REP,write-in,1
McKenzie,Alexander School District #2 Alexander SD#2,,,No,14
McKenzie,Alexander School District #2 Alexander SD#2,,,Yes,82
McKenzie,Attorney General,,DEM,Kiara Kraus-Parr,198
McKenzie,Attorney General,,DEM,write-in,1
McKenzie,Attorney General,,REP,Wayne Stenehjem,889
McKenzie,Attorney General,,REP,write-in,3
McKenzie,Constitutional Measure No. 1 Relating to the adjustment of deadlines for initiated measure petitions,,,No,410
McKenzie,Constitutional Measure No. 1 Relating to the adjustment of deadlines for initiated measure petitions,,,Yes,709
McKenzie,Council Member Alexander,,NON,Joey Hackett,29
McKenzie,Council Member Alexander,,NON,Sheldon Wahlstrom,32
McKenzie,Council Member Alexander,,NON,write-in,5
McKenzie,Council Member Arnegard,,NON,Bryan L Bjornstad,34
McKenzie,Council Member Arnegard,,NON,Patrick Brunson,30
McKenzie,Council Member Arnegard,,NON,write-in,2
McKenzie,Council Member Unexpired 2-Year Term Arnegard,,NON,Sharon R Lane,27
McKenzie,Council Member Unexpired 2-Year Term Arnegard,,NON,Sherrie Handy-Permenter,12
McKenzie,Council Member Unexpired 2-Year Term Arnegard,,NON,write-in,0
McKenzie,Council Member Watford City,,NON,Aaron Gravos,303
McKenzie,Council Member Watford City,,NON,Philip K Riely,320
McKenzie,Council Member Watford City,,NON,Steven J Sanford,350
McKenzie,Council Member Watford City,,NON,write-in,5
McKenzie,County Auditor McKenzie,,NON,Linda Svihovec,1125
McKenzie,County Auditor McKenzie,,NON,write-in,8
McKenzie,County Commissioner McKenzie,,NON,Dan Richmond,144
McKenzie,County Commissioner McKenzie,,NON,Kathy L Skarda,635
McKenzie,County Commissioner McKenzie,,NON,Kent Pedersen,548
McKenzie,County Commissioner McKenzie,,NON,Richard (Rick) Lawlar,432
McKenzie,County Commissioner McKenzie,,NON,Vawnita (Hovet) Best,574
McKenzie,County Commissioner McKenzie,,NON,write-in,8
McKenzie,County Official Newspaper McKenzie,,NON,McKenzie County Farmer,1047
McKenzie,County Recorder McKenzie,,NON,Ann M Johnsrud,1107
McKenzie,County Recorder McKenzie,,NON,write-in,9
McKenzie,County Sheriff McKenzie,,NON,Christian (CJ) Jones,29
McKenzie,County Sheriff McKenzie,,NON,Gary A Schwartzenberger,785
McKenzie,County Sheriff McKenzie,,NON,Matthew Johansen,217
McKenzie,County Sheriff McKenzie,,NON,Troy White Owl,251
McKenzie,County Sheriff McKenzie,,NON,write-in,0
McKenzie,County State's Attorney McKenzie,,NON,Jacob T Rodenbiker,1073
McKenzie,County State's Attorney McKenzie,,NON,write-in,3
McKenzie,County Treasurer McKenzie,,NON,Cheryl Grantier,1099
McKenzie,County Treasurer McKenzie,,NON,write-in,4
McKenzie,Judge of the District Court No. 2 Northwest,,NON,David W Nelson,1006
McKenzie,Judge of the District Court No. 2 Northwest,,NON,write-in,5
McKenzie,Justice of the Supreme Court,,NON,Gerald W VandeWalle,1004
McKenzie,Justice of the Supreme Court,,NON,write-in,4
McKenzie,Mayor Arnegard,,NON,Jeffrey Kindel,37
McKenzie,Mayor Arnegard,,NON,write-in,2
McKenzie,Mayor Watford City,,NON,Brent Sanford,391
McKenzie,Mayor Watford City,,NON,write-in,2
McKenzie,McKenzie School District #1 McKenzie SD#1,,,No,59
McKenzie,McKenzie School District #1 McKenzie SD#1,,,Yes,897
McKenzie,Municipal Judge Arnegard,,NON,Sherry Lervick,35
McKenzie,Municipal Judge Arnegard,,NON,write-in,0
McKenzie,Park Board Member Alexander Park,,NON,Jonathan Tullar,31
McKenzie,Park Board Member Alexander Park,,NON,Matt Swanson,39
McKenzie,Park Board Member Alexander Park,,NON,write-in,0
McKenzie,Park Board Member Arnegard Park,,NON,Darlene Faulkner,36
McKenzie,Park Board Member Arnegard Park,,NON,write-in,2
McKenzie,Park Board Member Unexpired 2-Year Term Alexander Park,,NON,write-in,1
McKenzie,Park Board Member Unexpired 2-Year Term Arnegard Park,,NON,Joshua Moody,32
McKenzie,Park Board Member Unexpired 2-Year Term Arnegard Park,,NON,write-in,0
McKenzie,Park Board Member Unexpired 2-Year Term Watford City Park,,NON,LeAnne Voll,362
McKenzie,Park Board Member Unexpired 2-Year Term Watford City Park,,NON,write-in,3
McKenzie,Park Board Member Watford City Park,,NON,Allen M Shelley,219
McKenzie,Park Board Member Watford City Park,,NON,Justin Johnsrud,321
McKenzie,Park Board Member Watford City Park,,NON,Katherine Walters,211
McKenzie,Park Board Member Watford City Park,,NON,William Carlson,206
McKenzie,Park Board Member Watford City Park,,NON,write-in,5
McKenzie,Public Service Commissioner,,DEM,Todd Reisenauer,199
McKenzie,Public Service Commissioner,,DEM,write-in,0
McKenzie,Public Service Commissioner,,REP,Brian P Kalk,846
McKenzie,Public Service Commissioner,,REP,write-in,0
McKenzie,Public Service Commissioner Unexpired 2-Year Term,,DEM,Tyler Axness,202
McKenzie,Public Service Commissioner Unexpired 2-Year Term,,DEM,write-in,0
McKenzie,Public Service Commissioner Unexpired 2-Year Term,,REP,Julie Fedorchak,838
McKenzie,Public Service Commissioner Unexpired 2-Year Term,,REP,write-in,1
McKenzie,School Board Member - Area 1 McKenzie SD#1,,NON,Pam Ramage,809
McKenzie,School Board Member - Area 1 McKenzie SD#1,,NON,write-in,5
McKenzie,School Board Member - Area 6 Unexpired 2-Year Term McKenzie SD#1,,NON,Heather Wisness,819
McKenzie,School Board Member - Area 6 Unexpired 2-Year Term McKenzie SD#1,,NON,write-in,1
McKenzie,School Board Member - Areas 2&3 McKenzie SD#1,,NON,Gary Bruins,804
McKenzie,School Board Member - Areas 2&3 McKenzie SD#1,,NON,write-in,3
McKenzie,School Board Member - Areas 4&5 McKenzie SD#1,,NON,Beth Veeder,796
McKenzie,School Board Member - Areas 4&5 McKenzie SD#1,,NON,write-in,3
McKenzie,School Board Member Alexander SD#2,,NON,Cecile Long,9
McKenzie,School Board Member Alexander SD#2,,NON,Kurt Fixen,53
McKenzie,School Board Member Alexander SD#2,,NON,LaShell Mugg-Tjelde,55
McKenzie,School Board Member Alexander SD#2,,NON,Larry Novak,59
McKenzie,School Board Member Alexander SD#2,,NON,write-in,0
McKenzie,School Board Member Yellowstone SD#14,,NON,Britt Poulsen,53
McKenzie,School Board Member Yellowstone SD#14,,NON,Harvey Asbeck,19
McKenzie,School Board Member Yellowstone SD#14,,NON,Jeff Bieber,21
McKenzie,School Board Member Yellowstone SD#14,,NON,Tyler Tjelde,66
McKenzie,School Board Member Yellowstone SD#14,,NON,write-in,32
McKenzie,Secretary of State,,DEM,April Fairfield,203
McKenzie,Secretary of State,,DEM,write-in,1
McKenzie,Secretary of State,,LIB,Roland Riemers,19
McKenzie,Secretary of State,,LIB,write-in,0
McKenzie,Secretary of State,,REP,Alvin A (Al) Jaeger,876
McKenzie,Secretary of State,,REP,write-in,0
McKenzie,State House,39,DEM,Greg Tank,116
McKenzie,State House,39,DEM,Maddison Voigt,146
McKenzie,State House,39,DEM,write-in,1
McKenzie,State House,39,REP,Denton B Zubke,778
McKenzie,State House,39,REP,Keith Kempenich,675
McKenzie,State House,39,REP,write-in,2
McKenzie,State Senate,39,DEM,Stephanie L Pretzer,164
McKenzie,State Senate,39,DEM,write-in,1
McKenzie,State Senate,39,REP,Bill L Bowman,855
McKenzie,State Senate,39,REP,write-in,2
McKenzie,Tax Commissioner,,DEM,Jason Astrup,201
McKenzie,Tax Commissioner,,DEM,write-in,0
McKenzie,Tax Commissioner,,LIB,Anthony Mangnall,17
McKenzie,Tax Commissioner,,LIB,write-in,0
McKenzie,Tax Commissioner,,REP,Ryan Rauschenberger,848
McKenzie,Tax Commissioner,,REP,write-in,2
McKenzie,U.S. House,1,DEM,George Sinner,229
McKenzie,U.S. House,1,DEM,write-in,1
McKenzie,U.S. House,1,LIB,"Robert J ""Jack"" Seaman",18
McKenzie,U.S. House,1,LIB,write-in,0
McKenzie,U.S. House,1,REP,Kevin Cramer,887
McKenzie,U.S. House,1,REP,write-in,2
McKenzie,WATFORD CITY SALES TAX Watford City,,,No,63
McKenzie,WATFORD CITY SALES TAX Watford City,,,Yes,364
McKenzie,Yellowstone SD#14 Yellowstone SD#14,,,No,18
McKenzie,Yellowstone SD#14 Yellowstone SD#14,,,Yes,61
McLean,2014-01 Initiative to Amend the Home Charter Rule Washburn,,,No,154
McLean,2014-01 Initiative to Amend the Home Charter Rule Washburn,,,Yes,222
McLean,Agriculture Commissioner,,DEM,Ryan Taylor,761
McLean,Agriculture Commissioner,,DEM,write-in,1
McLean,Agriculture Commissioner,,REP,Doug Goehring,1540
McLean,Agriculture Commissioner,,REP,write-in,0
McLean,Attorney General,,DEM,Kiara Kraus-Parr,687
McLean,Attorney General,,DEM,write-in,2
McLean,Attorney General,,REP,Wayne Stenehjem,1570
McLean,Attorney General,,REP,write-in,0
McLean,Commission President Turtle Lake,,NON,Richard Britton,159
McLean,Commission President Turtle Lake,,NON,write-in,4
McLean,Commission President Wilton,,NON,write-in,97
McLean,Commissioner Turtle Lake,,NON,Dianne Zenker,151
McLean,Commissioner Turtle Lake,,NON,Paul Weinberger,156
McLean,Commissioner Turtle Lake,,NON,write-in,0
McLean,Commissioner Underwood,,NON,Jim Bailey,125
McLean,Commissioner Underwood,,NON,write-in,33
McLean,Commissioner Washburn,,NON,Derek Laning,216
McLean,Commissioner Washburn,,NON,Keith Jacobson,220
McLean,Commissioner Washburn,,NON,Larry Thomas,265
McLean,Commissioner Washburn,,NON,write-in,1
McLean,Commissioner Wilton,,NON,Joel Middaugh,85
McLean,Commissioner Wilton,,NON,John R Clausen,106
McLean,Commissioner Wilton,,NON,write-in,52
McLean,Constitutional Measure No. 1 Relating to the adjustment of deadlines for initiated measure petitions,,,No,1061
McLean,Constitutional Measure No. 1 Relating to the adjustment of deadlines for initiated measure petitions,,,Yes,1316
McLean,Council Member Benedict,,NON,Blaine Chilson,8
McLean,Council Member Benedict,,NON,Brian D Gullickson,15
McLean,Council Member Benedict,,NON,William M Rieniets,25
McLean,Council Member Benedict,,NON,write-in,3
McLean,Council Member Butte,,NON,Amy Nechiporenko,19
McLean,Council Member Butte,,NON,Richard Stepp,19
McLean,Council Member Butte,,NON,write-in,3
McLean,Council Member Coleharbor,,NON,write-in,39
McLean,Council Member Garrison,,NON,David Reinarts,332
McLean,Council Member Garrison,,NON,write-in,143
McLean,Council Member Max,,NON,Dick Gray,60
McLean,Council Member Max,,NON,Jon Hauf,70
McLean,Council Member Max,,NON,write-in,7
McLean,Council Member Mercer,,NON,Bryan Brewer,24
McLean,Council Member Mercer,,NON,Steve Mikkelsen,29
McLean,Council Member Mercer,,NON,write-in,14
McLean,Council Member Riverdale,,NON,Ken Skuza,49
McLean,Council Member Riverdale,,NON,Marc Schulz,57
McLean,Council Member Riverdale,,NON,write-in,97
McLean,Council Member Ruso,,NON,write-in,1
McLean,Council Member Unexpired 2-Year Term Riverdale,,NON,Craig Richardson,28
McLean,Council Member Unexpired 2-Year Term Riverdale,,NON,Nancy Elliott,46
McLean,Council Member Unexpired 2-Year Term Riverdale,,NON,write-in,35
McLean,County Auditor McLean,,NON,Leslie Dale Korgel,2230
McLean,County Auditor McLean,,NON,write-in,4
McLean,County Commissioner#DistrictName# McLean - District 1,,NON,Doug Krebsbach,1198
McLean,County Commissioner#DistrictName# McLean - District 1,,NON,Pamela Link,713
McLean,County Commissioner#DistrictName# McLean - District 1,,NON,Patrick E Carpentier,646
McLean,County Commissioner#DistrictName# McLean - District 1,,NON,write-in,3
McLean,County Commissioner#DistrictName# McLean - District 3,,NON,Steve Lee,2239
McLean,County Commissioner#DistrictName# McLean - District 3,,NON,write-in,15
McLean,County Official Newspaper McLean,,NON,McLean County Independent,1680
McLean,County Official Newspaper McLean,,NON,The Leader News,900
McLean,County Recorder McLean,,NON,Beth A Knutson,2216
McLean,County Recorder McLean,,NON,write-in,2
McLean,County Sheriff McLean,,NON,Curt Olson,853
McLean,County Sheriff McLean,,NON,J.R. Kerzmann,908
McLean,County Sheriff McLean,,NON,Richard D Johnson,309
McLean,County Sheriff McLean,,NON,Rick Schwalk,616
McLean,County Sheriff McLean,,NON,write-in,3
McLean,County State's Attorney McLean,,NON,Ladd Erickson,2110
McLean,County State's Attorney McLean,,NON,write-in,31
McLean,"Director, Garrison Diversion Conservancy McLean",,NON,Rick Anderson,2126
McLean,"Director, Garrison Diversion Conservancy McLean",,NON,write-in,18
McLean,Judge of the District Court No. 1 South Central,,NON,David E Reich,2098
McLean,Judge of the District Court No. 1 South Central,,NON,write-in,2
McLean,Judge of the District Court No. 6 South Central,,NON,Gail Hagerty,2113
McLean,Judge of the District Court No. 6 South Central,,NON,write-in,7
McLean,Judge of the District Court No. 7 South Central,,NON,Thomas J Schneider,2107
McLean,Judge of the District Court No. 7 South Central,,NON,write-in,3
McLean,Justice of the Supreme Court,,NON,Gerald W VandeWalle,2145
McLean,Justice of the Supreme Court,,NON,write-in,1
McLean,Mayor Coleharbor,,NON,write-in,22
McLean,Mayor Garrison,,NON,Shannon W Jeffers,371
McLean,Mayor Garrison,,NON,write-in,10
McLean,Mayor Max,,NON,Joel Hauf,85
McLean,Mayor Max,,NON,write-in,1
McLean,Mayor Mercer,,NON,Edward Schumann,18
McLean,Mayor Mercer,,NON,Kathern Schon,25
McLean,Mayor Mercer,,NON,write-in,0
McLean,Mayor Riverdale,,NON,write-in,85
McLean,Mayor Ruso,,NON,Bruce A Lorenz,1
McLean,Mayor Ruso,,NON,write-in,0
McLean,Municipal Judge Turtle Lake,,NON,Cathy Hill,165
McLean,Municipal Judge Turtle Lake,,NON,write-in,1
McLean,Municipal Judge Underwood,,NON,Catherine Bailey,133
McLean,Municipal Judge Underwood,,NON,write-in,1
McLean,Park Board Member Garrison Park,,NON,Jessica Seidler,291
McLean,Park Board Member Garrison Park,,NON,Laura Hellebush,329
McLean,Park Board Member Garrison Park,,NON,write-in,11
McLean,Park Board Member Max Park,,NON,Emilee Wheeler,68
McLean,Park Board Member Max Park,,NON,Karrie Boedicker,73
McLean,Park Board Member Max Park,,NON,Laura Gray,71
McLean,Park Board Member Max Park,,NON,write-in,3
McLean,Park Board Member Riverdale Park,,NON,write-in,65
McLean,Park Board Member Turtle Lake Park,,NON,Daren Kurle,133
McLean,Park Board Member Turtle Lake Park,,NON,Jerome Huelsman,152
McLean,Park Board Member Turtle Lake Park,,NON,Randy Anderson,172
McLean,Park Board Member Turtle Lake Park,,NON,write-in,5
McLean,Park Board Member Underwood Park,,NON,Debra Erhardt,130
McLean,Park Board Member Underwood Park,,NON,write-in,48
McLean,Park Board Member Unexpired 2-Year Term Riverdale Park,,NON,Brent Charging,90
McLean,Park Board Member Unexpired 2-Year Term Riverdale Park,,NON,write-in,1
McLean,Park Board Member Washburn Park,,NON,Adam Thomas,315
McLean,Park Board Member Washburn Park,,NON,Todd Schreiner,340
McLean,Park Board Member Washburn Park,,NON,write-in,2
McLean,Park Board Member Wilton Park,,NON,Nicole M Schurhamer,130
McLean,Park Board Member Wilton Park,,NON,write-in,62
McLean,Public Service Commissioner,,DEM,Todd Reisenauer,698
McLean,Public Service Commissioner,,DEM,write-in,0
McLean,Public Service Commissioner,,REP,Brian P Kalk,1521
McLean,Public Service Commissioner,,REP,write-in,0
McLean,Public Service Commissioner Unexpired 2-Year Term,,DEM,Tyler Axness,690
McLean,Public Service Commissioner Unexpired 2-Year Term,,DEM,write-in,1
McLean,Public Service Commissioner Unexpired 2-Year Term,,REP,Julie Fedorchak,1527
McLean,Public Service Commissioner Unexpired 2-Year Term,,REP,write-in,0
McLean,Sales & Use Tax Administrator Wilton,,NON,Bernard L Schafer,83
McLean,Sales & Use Tax Administrator Wilton,,NON,James E Porter,121
McLean,Sales & Use Tax Administrator Wilton,,NON,write-in,24
McLean,Secretary of State,,DEM,April Fairfield,702
McLean,Secretary of State,,DEM,write-in,1
McLean,Secretary of State,,LIB,Roland Riemers,38
McLean,Secretary of State,,LIB,write-in,0
McLean,Secretary of State,,REP,Alvin A (Al) Jaeger,1565
McLean,Secretary of State,,REP,write-in,1
McLean,Tax Commissioner,,DEM,Jason Astrup,685
McLean,Tax Commissioner,,DEM,write-in,1
McLean,Tax Commissioner,,LIB,Anthony Mangnall,38
McLean,Tax Commissioner,,LIB,write-in,0
McLean,Tax Commissioner,,REP,Ryan Rauschenberger,1527
McLean,Tax Commissioner,,REP,write-in,2
McLean,U.S. House,1,DEM,George Sinner,745
McLean,U.S. House,1,DEM,write-in,1
McLean,U.S. House,1,LIB,"Robert J ""Jack"" Seaman",38
McLean,U.S. House,1,LIB,write-in,0
McLean,U.S. House,1,REP,Kevin Cramer,1577
McLean,U.S. House,1,REP,write-in,2
Mercer,Agriculture Commissioner,,DEM,Ryan Taylor,466
Mercer,Agriculture Commissioner,,DEM,write-in,2
Mercer,Agriculture Commissioner,,REP,Doug Goehring,1491
Mercer,Agriculture Commissioner,,REP,write-in,4
Mercer,Attorney General,,DEM,Kiara Kraus-Parr,434
Mercer,Attorney General,,DEM,write-in,1
Mercer,Attorney General,,REP,Wayne Stenehjem,1527
Mercer,Attorney General,,REP,write-in,0
Mercer,Beulah,,,No,398
Mercer,Beulah,,,Yes,436
Mercer,Commission President Hazen,,NON,Jerry Obenauer Jr,559
Mercer,Commission President Hazen,,NON,write-in,22
Mercer,Commissioner Hazen,,NON,Allen Klein,152
Mercer,Commissioner Hazen,,NON,Jason Haack,374
Mercer,Commissioner Hazen,,NON,Nancy Wolf,427
Mercer,Commissioner Hazen,,NON,Robert Jacobson,244
Mercer,Commissioner Hazen,,NON,write-in,3
Mercer,Constitutional Measure No. 1 Relating to the adjustment of deadlines for initiated measure petitions,,,No,917
Mercer,Constitutional Measure No. 1 Relating to the adjustment of deadlines for initiated measure petitions,,,Yes,1205
Mercer,Council Member Beulah Ward 1,,NON,Travis Frey,191
Mercer,Council Member Beulah Ward 1,,NON,write-in,0
Mercer,Council Member Beulah Ward 2,,NON,Ben T Lenzen,157
Mercer,Council Member Beulah Ward 2,,NON,write-in,9
Mercer,Council Member Beulah Ward 3,,NON,Kathy Kelsch,209
Mercer,Council Member Beulah Ward 3,,NON,write-in,1
Mercer,Council Member Beulah Ward 4,,NON,Brant Keller,113
Mercer,Council Member Beulah Ward 4,,NON,write-in,3
Mercer,Council Member Golden Valley,,NON,Shannon McKay,48
Mercer,Council Member Golden Valley,,NON,write-in,26
Mercer,Council Member Pick City,,NON,Arvid Anderson,45
Mercer,Council Member Pick City,,NON,write-in,25
Mercer,Council Member Stanton,,NON,Jason Hill,105
Mercer,Council Member Stanton,,NON,Thomas Sayler,101
Mercer,Council Member Stanton,,NON,write-in,3
Mercer,Council Member Zap,,NON,Rhonda Pfenning,37
Mercer,Council Member Zap,,NON,Tamara Gilling,23
Mercer,Council Member Zap,,NON,write-in,17
Mercer,County Auditor Mercer,,NON,Shana L. Brost,1975
Mercer,County Auditor Mercer,,NON,write-in,2
Mercer,County Commissioner at Large Mercer,,NON,Frank H Bitterman,800
Mercer,County Commissioner at Large Mercer,,NON,Gary Murray,1502
Mercer,County Commissioner at Large Mercer,,NON,Kerby Entze,895
Mercer,County Commissioner at Large Mercer,,NON,Wayne Entze,1250
Mercer,County Commissioner at Large Mercer,,NON,Wes Gunsch,1733
Mercer,County Commissioner at Large Mercer,,NON,write-in,21
Mercer,County Official Newspaper Mercer,,NON,Beulah Beacon,1183
Mercer,County Official Newspaper Mercer,,NON,Hazen Star,1109
Mercer,County Recorder Mercer,,NON,Brenda L Cook,2022
Mercer,County Recorder Mercer,,NON,write-in,1
Mercer,County Sheriff Mercer,,NON,Dean Danzeisen,1987
Mercer,County Sheriff Mercer,,NON,write-in,27
Mercer,County State's Attorney Mercer,,NON,Jessica J. Binder,1951
Mercer,County State's Attorney Mercer,,NON,write-in,25
Mercer,County Treasurer Mercer,,NON,Darbie Berger,2002
Mercer,County Treasurer Mercer,,NON,write-in,9
Mercer,"Director, Southwest Water Authority Mercer",,NON,Marie R Johnson,1899
Mercer,"Director, Southwest Water Authority Mercer",,NON,write-in,11
Mercer,Judge of the District Court No. 1 South Central,,NON,David E Reich,1857
Mercer,Judge of the District Court No. 1 South Central,,NON,write-in,2
Mercer,Judge of the District Court No. 6 South Central,,NON,Gail Hagerty,1869
Mercer,Judge of the District Court No. 6 South Central,,NON,write-in,2
Mercer,Judge of the District Court No. 7 South Central,,NON,Thomas J Schneider,1836
Mercer,Judge of the District Court No. 7 South Central,,NON,write-in,1
Mercer,Justice of the Supreme Court,,NON,Gerald W VandeWalle,1866
Mercer,Justice of the Supreme Court,,NON,write-in,3
Mercer,Mayor Beulah,,NON,Darrell R Bjerke,664
Mercer,Mayor Beulah,,NON,write-in,43
Mercer,Mayor Golden Valley,,NON,Deen Brecht,35
Mercer,Mayor Golden Valley,,NON,Frank H Bitterman,24
Mercer,Mayor Golden Valley,,NON,write-in,0
Mercer,Mayor Pick City,,NON,James Dean Sailer,24
Mercer,Mayor Pick City,,NON,Lloyd Seilinger,25
Mercer,Mayor Pick City,,NON,write-in,1
Mercer,Mayor Zap,,NON,Pat Brecht,4
Mercer,Mayor Zap,,NON,Shannon Benjamin,4
Mercer,Mayor Zap,,NON,write-in,34
Mercer,Mercer,,,No,1095
Mercer,Mercer,,,Yes,1155
Mercer,Municipal Judge Hazen,,NON,Myron Stern,596
Mercer,Municipal Judge Hazen,,NON,write-in,2
Mercer,Municipal Judge Pick City,,NON,David Walth,43
Mercer,Municipal Judge Pick City,,NON,write-in,0
Mercer,Municipal Judge Stanton,,NON,John Moeykens,108
Mercer,Municipal Judge Stanton,,NON,write-in,1
Mercer,Park Board Commissioner Beulah Park,,NON,James D Nelson,609
Mercer,Park Board Commissioner Beulah Park,,NON,Robert Volk,604
Mercer,Park Board Commissioner Beulah Park,,NON,write-in,12
Mercer,Park Board Commissioner Hazen Park,,NON,Gary Emter,532
Mercer,Park Board Commissioner Hazen Park,,NON,Tim Johnson,553
Mercer,Park Board Commissioner Hazen Park,,NON,write-in,68
Mercer,Park Board Member Stanton Park,,NON,Curtis Gartner,112
Mercer,Park Board Member Stanton Park,,NON,Hurbert Sailer,112
Mercer,Park Board Member Stanton Park,,NON,Lester Dockter,110
Mercer,Park Board Member Stanton Park,,NON,write-in,3
Mercer,Park Board Member Zap Park,,NON,Amie Winters,40
Mercer,Park Board Member Zap Park,,NON,Gail Barden,36
Mercer,Park Board Member Zap Park,,NON,write-in,3
Mercer,Public Service Commissioner,,DEM,Todd Reisenauer,443
Mercer,Public Service Commissioner,,DEM,write-in,1
Mercer,Public Service Commissioner,,REP,Brian P Kalk,1485
Mercer,Public Service Commissioner,,REP,write-in,1
Mercer,Public Service Commissioner Unexpired 2-Year Term,,DEM,Tyler Axness,445
Mercer,Public Service Commissioner Unexpired 2-Year Term,,DEM,write-in,0
Mercer,Public Service Commissioner Unexpired 2-Year Term,,REP,Julie Fedorchak,1466
Mercer,Public Service Commissioner Unexpired 2-Year Term,,REP,write-in,0
Mercer,School Board Member Beulah School,,NON,Arnel Blood,284
Mercer,School Board Member Beulah School,,NON,Dan Ziman,618
Mercer,School Board Member Beulah School,,NON,Dwight Hatzenbuhler,622
Mercer,School Board Member Beulah School,,NON,Jen Steffan,680
Mercer,School Board Member Beulah School,,NON,Shauna Pierce,352
Mercer,School Board Member Beulah School,,NON,Thad Zahn,455
Mercer,School Board Member Beulah School,,NON,write-in,5
Mercer,School Board Member Hazen #3 School Dist,,NON,Sonya Hansana,701
Mercer,School Board Member Hazen #3 School Dist,,NON,Stephanie Huber,662
Mercer,School Board Member Hazen #3 School Dist,,NON,write-in,6
Mercer,School Board Member Unexpired 2-Year Term Center/Stanton School District,,NON,Richard Schmidt,143
Mercer,School Board Member Unexpired 2-Year Term Center/Stanton School District,,NON,write-in,2
Mercer,Secretary of State,,DEM,April Fairfield,442
Mercer,Secretary of State,,DEM,write-in,1
Mercer,Secretary of State,,LIB,Roland Riemers,14
Mercer,Secretary of State,,LIB,write-in,0
Mercer,Secretary of State,,REP,Alvin A (Al) Jaeger,1527
Mercer,Secretary of State,,REP,write-in,1
Mercer,State House,33,DEM,write-in,34
Mercer,State House,33,REP,Gary Kreidt,1181
Mercer,State House,33,REP,Jay R Seibel,1541
Mercer,State House,33,REP,write-in,4
Mercer,State Senate,33,DEM,write-in,31
Mercer,State Senate,33,REP,Jessica Unruh,1518
Mercer,State Senate,33,REP,write-in,8
Mercer,Tax Commissioner,,DEM,Jason Astrup,439
Mercer,Tax Commissioner,,DEM,write-in,1
Mercer,Tax Commissioner,,LIB,Anthony Mangnall,13
Mercer,Tax Commissioner,,LIB,write-in,0
Mercer,Tax Commissioner,,REP,Ryan Rauschenberger,1467
Mercer,Tax Commissioner,,REP,write-in,1
Mercer,U.S. House,1,DEM,George Sinner,470
Mercer,U.S. House,1,DEM,write-in,1
Mercer,U.S. House,1,LIB,"Robert J ""Jack"" Seaman",14
Mercer,U.S. House,1,LIB,write-in,0
Mercer,U.S. House,1,REP,Kevin Cramer,1529
Mercer,U.S. House,1,REP,write-in,2
Morton,.5% Sales and Use Tax Morton,,,No,1120
Morton,.5% Sales and Use Tax Morton,,,Yes,1164
Morton,Agriculture Commissioner,,DEM,Ryan Taylor,699
Morton,Agriculture Commissioner,,DEM,write-in,0
Morton,Agriculture Commissioner,,REP,Doug Goehring,1388
Morton,Agriculture Commissioner,,REP,write-in,6
Morton,Attorney General,,DEM,Kiara Kraus-Parr,648
Morton,Attorney General,,DEM,write-in,0
Morton,Attorney General,,REP,Wayne Stenehjem,1410
Morton,Attorney General,,REP,write-in,2
Morton,Commission President Flasher,,NON,Donna Banning,9
Morton,Commission President Flasher,,NON,write-in,75
Morton,Commissioner Flasher,,NON,Shelly Meyhoff,82
Morton,Commissioner Flasher,,NON,Teree Hanson,4
Morton,Commissioner Flasher,,NON,write-in,80
Morton,Commissioner Mandan,,NON,Dennis Rohr,1130
Morton,Commissioner Mandan,,NON,Shauna Laber,1016
Morton,Commissioner Mandan,,NON,write-in,12
Morton,Commissioner Unexpired 2-Year Term Flasher,,NON,Joanie Rossow,83
Morton,Commissioner Unexpired 2-Year Term Flasher,,NON,Roy Brooks,5
Morton,Commissioner Unexpired 2-Year Term Flasher,,NON,write-in,80
Morton,Constitutional Measure No. 1 Relating to the adjustment of deadlines for initiated measure petitions,,,No,1104
Morton,Constitutional Measure No. 1 Relating to the adjustment of deadlines for initiated measure petitions,,,Yes,1066
Morton,Council Member Almont,,NON,write-in,14
Morton,Council Member Glen Ullin,,NON,Audrey Duppong,63
Morton,Council Member Glen Ullin,,NON,Cody Schuelke,61
Morton,Council Member Glen Ullin,,NON,Douglas Martwick,62
Morton,Council Member Glen Ullin,,NON,Jim Chesley,28
Morton,Council Member Glen Ullin,,NON,Tracey L Harris,16
Morton,Council Member Glen Ullin,,NON,write-in,1
Morton,Council Member Hebron,,NON,Chester Brandt,71
Morton,Council Member Hebron,,NON,write-in,86
Morton,Council Member New Salem,,NON,Aglae Young,90
Morton,Council Member New Salem,,NON,Delores Klusmann,119
Morton,Council Member New Salem,,NON,Delton Kautzman,118
Morton,Council Member New Salem,,NON,write-in,35
Morton,Council Member Unexpired 2-Year Term Glen Ullin,,NON,Gary Glasser,77
Morton,Council Member Unexpired 2-Year Term Glen Ullin,,NON,write-in,3
Morton,County Auditor Morton,,NON,Dawn R Rhone,1888
Morton,County Auditor Morton,,NON,write-in,2
Morton,County Commissioner at Large Morton,,NON,Andrew (Andy) Zachmeier,1417
Morton,County Commissioner at Large Morton,,NON,"Elwood ""Woody"" Barth",1041
Morton,County Commissioner at Large Morton,,NON,James Boehm,1426
Morton,County Commissioner at Large Morton,,NON,write-in,9
Morton,County Official Newspaper Morton,,NON,The Morton County & Mandan News,1770
Morton,County Recorder Morton,,NON,Carrole Schaner,1867
Morton,County Recorder Morton,,NON,write-in,1
Morton,County Sheriff Morton,,NON,Dave Shipman,937
Morton,County Sheriff Morton,,NON,Kyle Kirchmeier,1237
Morton,County Sheriff Morton,,NON,write-in,4
Morton,County State's Attorney Morton,,NON,Allen Michael Koppy,1835
Morton,County State's Attorney Morton,,NON,write-in,14
Morton,County Treasurer Morton,,NON,Vicki Lippert,1923
Morton,County Treasurer Morton,,NON,write-in,0
Morton,"Director, Southwest Water Authority Mandan",,NON,Bob Leingang,1146
Morton,"Director, Southwest Water Authority Mandan",,NON,write-in,5
Morton,"Director, Southwest Water Authority Morton",,NON,George Saxowsky,1744
Morton,"Director, Southwest Water Authority Morton",,NON,write-in,3
Morton,Home Rule Charter Morton,,,No,725
Morton,Home Rule Charter Morton,,,Yes,1340
Morton,Judge of the District Court No. 1 South Central,,NON,David E Reich,1802
Morton,Judge of the District Court No. 1 South Central,,NON,write-in,3
Morton,Judge of the District Court No. 6 South Central,,NON,Gail Hagerty,1814
Morton,Judge of the District Court No. 6 South Central,,NON,write-in,10
Morton,Judge of the District Court No. 7 South Central,,NON,Thomas J Schneider,1877
Morton,Judge of the District Court No. 7 South Central,,NON,write-in,4
Morton,Justice of the Supreme Court,,NON,Gerald W VandeWalle,1839
Morton,Justice of the Supreme Court,,NON,write-in,4
Morton,Mayor Hebron,,NON,write-in,46
Morton,Mayor New Salem,,NON,Lynette Fitterer,125
Morton,Mayor New Salem,,NON,write-in,13
Morton,Municipal Judge Flasher,,NON,John Schafer,70
Morton,Municipal Judge Flasher,,NON,write-in,6
Morton,Municipal Judge Hebron,,NON,Myron Stern,61
Morton,Municipal Judge Hebron,,NON,write-in,7
Morton,Park Board Commissioner Mandan Park,,NON,Ann Keller,879
Morton,Park Board Commissioner Mandan Park,,NON,Chad Hatzenbuhler,865
Morton,Park Board Commissioner Mandan Park,,NON,Jason Arenz,918
Morton,Park Board Commissioner Mandan Park,,NON,Miles Mehlhoff,839
Morton,Park Board Commissioner Mandan Park,,NON,write-in,4
Morton,Park Board Member Flasher Park,,NON,write-in,63
Morton,Park Board Member Glen Ullin Park,,NON,Kyle Christensen,82
Morton,Park Board Member Glen Ullin Park,,NON,write-in,12
Morton,Park Board Member Hebron Park,,NON,Stephanie Hochhalter,57
Morton,Park Board Member Hebron Park,,NON,write-in,48
Morton,Park Board Member New Salem Park,,NON,Bridget Wetch,114
Morton,Park Board Member New Salem Park,,NON,Wayne Emil,55
Morton,Park Board Member New Salem Park,,NON,write-in,77
Morton,Park Board Member Unexpired 2-Year Term Flasher Park,,NON,write-in,31
Morton,Park Board Member Unexpired 2-Year Term Glen Ullin Park,,NON,write-in,29
Morton,Public Service Commissioner,,DEM,Todd Reisenauer,659
Morton,Public Service Commissioner,,DEM,write-in,0
Morton,Public Service Commissioner,,REP,Brian P Kalk,1358
Morton,Public Service Commissioner,,REP,write-in,0
Morton,Public Service Commissioner Unexpired 2-Year Term,,DEM,Tyler Axness,651
Morton,Public Service Commissioner Unexpired 2-Year Term,,DEM,write-in,1
Morton,Public Service Commissioner Unexpired 2-Year Term,,REP,Julie Fedorchak,1345
Morton,Public Service Commissioner Unexpired 2-Year Term,,REP,write-in,0
Morton,School Board Member At Large Mandan School District,,NON,Bob Klemisch,1288
Morton,School Board Member At Large Mandan School District,,NON,"Jay M Volk, Ph.D.",1216
Morton,School Board Member At Large Mandan School District,,NON,Marnie Butcher Piehl,1165
Morton,School Board Member At Large Mandan School District,,NON,write-in,5
Morton,School Board Member at Large Rural Unexpired 1-Year Term Mandan School District,,NON,Sheldon Wolf,1265
Morton,School Board Member at Large Rural Unexpired 1-Year Term Mandan School District,,NON,write-in,2
Morton,Secretary of State,,DEM,April Fairfield,667
Morton,Secretary of State,,DEM,write-in,0
Morton,Secretary of State,,LIB,Roland Riemers,28
Morton,Secretary of State,,LIB,write-in,0
Morton,Secretary of State,,REP,Alvin A (Al) Jaeger,1386
Morton,Secretary of State,,REP,write-in,2
Morton,State House,31,DEM,LaDonna Allard,195
Morton,State House,31,DEM,Mike Faith,189
Morton,State House,31,DEM,write-in,0
Morton,State House,31,REP,James E Schmidt,315
Morton,State House,31,REP,Karen Rohr,312
Morton,State House,31,REP,write-in,1
Morton,State House,33,DEM,write-in,4
Morton,State House,33,REP,Gary Kreidt,248
Morton,State House,33,REP,Jay R Seibel,186
Morton,State House,33,REP,write-in,1
Morton,State Senate,31,DEM,Kristen Vesledahl,218
Morton,State Senate,31,DEM,write-in,0
Morton,State Senate,31,REP,Donald Schaible,348
Morton,State Senate,31,REP,write-in,3
Morton,State Senate,33,DEM,write-in,3
Morton,State Senate,33,REP,Jessica Unruh,255
Morton,State Senate,33,REP,write-in,2
Morton,Tax Commissioner,,DEM,Jason Astrup,650
Morton,Tax Commissioner,,DEM,write-in,3
Morton,Tax Commissioner,,LIB,Anthony Mangnall,28
Morton,Tax Commissioner,,LIB,write-in,0
Morton,Tax Commissioner,,REP,Ryan Rauschenberger,1341
Morton,Tax Commissioner,,REP,write-in,4
Morton,U.S. House,1,DEM,George Sinner,694
Morton,U.S. House,1,DEM,write-in,1
Morton,U.S. House,1,LIB,"Robert J ""Jack"" Seaman",28
Morton,U.S. House,1,LIB,write-in,0
Morton,U.S. House,1,REP,Kevin Cramer,1413
Morton,U.S. House,1,REP,write-in,2
Mountrail,Agriculture Commissioner,,DEM,Ryan Taylor,236
Mountrail,Agriculture Commissioner,,DEM,write-in,0
Mountrail,Agriculture Commissioner,,REP,Doug Goehring,391
Mountrail,Agriculture Commissioner,,REP,write-in,0
Mountrail,Attorney General,,DEM,Kiara Kraus-Parr,211
Mountrail,Attorney General,,DEM,write-in,1
Mountrail,Attorney General,,REP,Wayne Stenehjem,403
Mountrail,Attorney General,,REP,write-in,0
Mountrail,Constitutional Measure No. 1 Relating to the adjustment of deadlines for initiated measure petitions,,,No,283
Mountrail,Constitutional Measure No. 1 Relating to the adjustment of deadlines for initiated measure petitions,,,Yes,369
Mountrail,Council Member New Town,,NON,Dean Niemitalo,41
Mountrail,Council Member New Town,,NON,Thomas Nash,52
Mountrail,Council Member New Town,,NON,William Oliver,20
Mountrail,Council Member New Town,,NON,write-in,4
Mountrail,Council Member Parshall,,NON,Robert Morenski,62
Mountrail,Council Member Parshall,,NON,Shane Hart,63
Mountrail,Council Member Parshall,,NON,write-in,1
Mountrail,Council Member Stanley,,NON,Dennis Lindahl,74
Mountrail,Council Member Stanley,,NON,Robert Nohr,234
Mountrail,Council Member Stanley,,NON,Timothy Helmer,213
Mountrail,Council Member Stanley,,NON,Zachary Gaaskjolen,203
Mountrail,Council Member Stanley,,NON,write-in,4
Mountrail,County Auditor Mountrail,,NON,Stephanie A Pappa,642
Mountrail,County Auditor Mountrail,,NON,write-in,4
Mountrail,County Commissioner Mountrail - District 2,,NON,Arlo Borud,524
Mountrail,County Commissioner Mountrail - District 2,,NON,write-in,11
Mountrail,County Commissioner Mountrail - District 3,,NON,Trudy Ruland,614
Mountrail,County Commissioner Mountrail - District 3,,NON,write-in,4
Mountrail,County Commissioner Mountrail - District 4,,NON,Colleen A Reese,606
Mountrail,County Commissioner Mountrail - District 4,,NON,write-in,6
Mountrail,County Official Newspaper Mountrail,,NON,Mountrail County Promoter Inc,582
Mountrail,County Official Newspaper Mountrail,,NON,New Town News,127
Mountrail,County Recorder Mountrail,,NON,Melissa A Vachal,642
Mountrail,County Recorder Mountrail,,NON,write-in,2
Mountrail,County Sheriff Mountrail,,NON,Cody E Smith,236
Mountrail,County Sheriff Mountrail,,NON,Kenneth G Halvorson,468
Mountrail,County Sheriff Mountrail,,NON,write-in,2
Mountrail,County State's Attorney Mountrail,,NON,Wade G Enget,628
Mountrail,County State's Attorney Mountrail,,NON,write-in,9
Mountrail,County Treasurer Mountrail,,NON,Shena Wold,632
Mountrail,County Treasurer Mountrail,,NON,write-in,2
Mountrail,Judge of the District Court No. 1 North Central,,NON,Doug Mattson,497
Mountrail,Judge of the District Court No. 1 North Central,,NON,write-in,4
Mountrail,Justice of the Supreme Court,,NON,Gerald W VandeWalle,476
Mountrail,Justice of the Supreme Court,,NON,write-in,3
Mountrail,Mayor New Town,,NON,Daniel Uran,69
Mountrail,Mayor New Town,,NON,write-in,1
Mountrail,Mayor Parshall,,NON,Kyle Christianson,61
Mountrail,Mayor Parshall,,NON,write-in,6
Mountrail,Mayor Stanley,,NON,"Gary ""Fritz"" Weisenberger",239
Mountrail,Mayor Stanley,,NON,write-in,6
Mountrail,Municipal Judge Stanley,,NON,Dale Kilen,242
Mountrail,Municipal Judge Stanley,,NON,write-in,2
Mountrail,NEW TOWN CITY MEASURE NO. 1 New Town,,,No,5
Mountrail,NEW TOWN CITY MEASURE NO. 1 New Town,,,Yes,63
Mountrail,Park Board Member New Town Park,,NON,write-in,30
Mountrail,Park Board Member Parshall Park,,NON,Robert Blatherwick Jr.,70
Mountrail,Park Board Member Parshall Park,,NON,write-in,10
Mountrail,Park Board Member Stanley Park,,NON,Beth Gjellstad,206
Mountrail,Park Board Member Stanley Park,,NON,"James ""Jim"" Dazell",213
Mountrail,Park Board Member Stanley Park,,NON,Jeff Ebsch,92
Mountrail,Park Board Member Stanley Park,,NON,Justin Wenger,183
Mountrail,Park Board Member Stanley Park,,NON,write-in,3
Mountrail,Public Service Commissioner,,DEM,Todd Reisenauer,210
Mountrail,Public Service Commissioner,,DEM,write-in,0
Mountrail,Public Service Commissioner,,REP,Brian P Kalk,387
Mountrail,Public Service Commissioner,,REP,write-in,0
Mountrail,Public Service Commissioner Unexpired 2-Year Term,,DEM,Tyler Axness,212
Mountrail,Public Service Commissioner Unexpired 2-Year Term,,DEM,write-in,0
Mountrail,Public Service Commissioner Unexpired 2-Year Term,,REP,Julie Fedorchak,383
Mountrail,Public Service Commissioner Unexpired 2-Year Term,,REP,write-in,0
Mountrail,SPECIAL COUNTY MEASURE NO. 1 Mountrail,,,No,130
Mountrail,SPECIAL COUNTY MEASURE NO. 1 Mountrail,,,Yes,568
Mountrail,STANLEY CITY MEASURE NO. 1 Stanley,,,No,52
Mountrail,STANLEY CITY MEASURE NO. 1 Stanley,,,Yes,208
Mountrail,STANLEY CITY MEASURE NO. 2 Stanley,,,No,9
Mountrail,STANLEY CITY MEASURE NO. 2 Stanley,,,Yes,260
Mountrail,STANLEY RURAL AMBULANCE SERVICE DISTRICT Stanley,,,No,42
Mountrail,STANLEY RURAL AMBULANCE SERVICE DISTRICT Stanley,,,Yes,221
Mountrail,Secretary of State,,DEM,April Fairfield,213
Mountrail,Secretary of State,,DEM,write-in,0
Mountrail,Secretary of State,,LIB,Roland Riemers,18
Mountrail,Secretary of State,,LIB,write-in,0
Mountrail,Secretary of State,,REP,Alvin A (Al) Jaeger,396
Mountrail,Secretary of State,,REP,write-in,0
Mountrail,Tax Commissioner,,DEM,Jason Astrup,206
Mountrail,Tax Commissioner,,DEM,write-in,0
Mountrail,Tax Commissioner,,LIB,Anthony Mangnall,18
Mountrail,Tax Commissioner,,LIB,write-in,0
Mountrail,Tax Commissioner,,REP,Ryan Rauschenberger,387
Mountrail,Tax Commissioner,,REP,write-in,0
Mountrail,U.S. House,1,DEM,George Sinner,229
Mountrail,U.S. House,1,DEM,write-in,0
Mountrail,U.S. House,1,LIB,"Robert J ""Jack"" Seaman",18
Mountrail,U.S. House,1,LIB,write-in,0
Mountrail,U.S. House,1,REP,Kevin Cramer,395
Mountrail,U.S. House,1,REP,write-in,1
Nelson,Agriculture Commissioner,,DEM,Ryan Taylor,430
Nelson,Agriculture Commissioner,,DEM,write-in,0
Nelson,Agriculture Commissioner,,REP,Doug Goehring,423
Nelson,Agriculture Commissioner,,REP,write-in,3
Nelson,Attorney General,,DEM,Kiara Kraus-Parr,391
Nelson,Attorney General,,DEM,write-in,0
Nelson,Attorney General,,REP,Wayne Stenehjem,434
Nelson,Attorney General,,REP,write-in,1
Nelson,Constitutional Measure No. 1 Relating to the adjustment of deadlines for initiated measure petitions,,,No,424
Nelson,Constitutional Measure No. 1 Relating to the adjustment of deadlines for initiated measure petitions,,,Yes,486
Nelson,Council Member Aneta,,NON,Allyn Smaaland,41
Nelson,Council Member Aneta,,NON,Doug Hedstrom,12
Nelson,Council Member Aneta,,NON,Jaima Curry,18
Nelson,Council Member Aneta,,NON,Lon Zellmer,52
Nelson,Council Member Aneta,,NON,write-in,0
Nelson,Council Member Lakota,,NON,Jeffrey Russo,171
Nelson,Council Member Lakota,,NON,Rob Ouradnik,190
Nelson,Council Member Lakota,,NON,write-in,61
Nelson,Council Member McVille,,NON,Douglas Trostad,61
Nelson,Council Member McVille,,NON,Justin Nerison,52
Nelson,Council Member McVille,,NON,Neil Reiten,106
Nelson,Council Member McVille,,NON,write-in,12
Nelson,Council Member Michigan,,NON,Diane Schock,64
Nelson,Council Member Michigan,,NON,Gordon Maresh,41
Nelson,Council Member Michigan,,NON,Josh Forde,78
Nelson,Council Member Michigan,,NON,Rodney Fisk,54
Nelson,Council Member Michigan,,NON,write-in,0
Nelson,Council Member Pekin,,NON,Duane Avdem,24
Nelson,Council Member Pekin,,NON,Gary Beier,23
Nelson,Council Member Pekin,,NON,write-in,3
Nelson,Council Member Petersburg,,NON,Brian Johnson,37
Nelson,Council Member Petersburg,,NON,Kevin Sundre,35
Nelson,Council Member Petersburg,,NON,write-in,5
Nelson,Council Member Tolna,,NON,Bret Poehls,41
Nelson,Council Member Tolna,,NON,Matt Maresh,46
Nelson,Council Member Tolna,,NON,write-in,1
Nelson,County Auditor Nelson,,NON,"W. J. ""Jack"" Davidson",877
Nelson,County Auditor Nelson,,NON,write-in,6
Nelson,County Commissioner Nelson - District 1,,NON,Dan Marquart,825
Nelson,County Commissioner Nelson - District 1,,NON,write-in,21
Nelson,County Commissioner Nelson - District 3,,NON,Donald Fougner,840
Nelson,County Commissioner Nelson - District 3,,NON,write-in,7
Nelson,County Commissioner Nelson - District 5,,NON,Maynard L Loibl,824
Nelson,County Commissioner Nelson - District 5,,NON,write-in,24
Nelson,County Official Newspaper Nelson,,NON,Lakota American,745
Nelson,County Recorder/Clerk of District Court Nelson,,NON,JoAnna Lonski,840
Nelson,County Recorder/Clerk of District Court Nelson,,NON,write-in,30
Nelson,County Sheriff Nelson,,NON,Eric Braathen,331
Nelson,County Sheriff Nelson,,NON,Keith A Olson,507
Nelson,County Sheriff Nelson,,NON,Wayne J Maixner,181
Nelson,County Sheriff Nelson,,NON,write-in,1
Nelson,County State's Attorney Nelson,,NON,Jayme Tenneson,856
Nelson,County State's Attorney Nelson,,NON,write-in,3
Nelson,County Treasurer Nelson,,NON,Bernadette Matejcek,902
Nelson,County Treasurer Nelson,,NON,write-in,2
Nelson,Judge of the District Court No. 4 Northeast Central,,NON,Lawrence E Jahnke,859
Nelson,Judge of the District Court No. 4 Northeast Central,,NON,write-in,1
Nelson,Judge of the District Court No. 5 Northeast Central,,NON,Debbie G Kleven,882
Nelson,Judge of the District Court No. 5 Northeast Central,,NON,write-in,2
Nelson,Justice of the Supreme Court,,NON,Gerald W VandeWalle,824
Nelson,Justice of the Supreme Court,,NON,write-in,4
Nelson,Mayor McVille,,NON,Douglas Stein,67
Nelson,Mayor McVille,,NON,Jason Beglau,18
Nelson,Mayor McVille,,NON,Paul Aaser,45
Nelson,Mayor McVille,,NON,write-in,1
Nelson,Mayor Michigan,,NON,Lauri Rysavy,96
Nelson,Mayor Michigan,,NON,write-in,16
Nelson,Mayor Pekin,,NON,Steve Girodat,17
Nelson,Mayor Pekin,,NON,write-in,6
Nelson,Nelson,,,No,492
Nelson,Nelson,,,Yes,496
Nelson,Park Board Member Aneta Park,,NON,Cheryl Whitman,57
Nelson,Park Board Member Aneta Park,,NON,Dawn Edwards,51
Nelson,Park Board Member Aneta Park,,NON,write-in,1
Nelson,Park Board Member Lakota Park,,NON,write-in,43
Nelson,Park Board Member McVille Park,,NON,Allen J Stutrud,116
Nelson,Park Board Member McVille Park,,NON,Wayne Ressler,110
Nelson,Park Board Member McVille Park,,NON,write-in,2
Nelson,Park Board Member Michigan Park,,NON,"Amy O""Brien",96
Nelson,Park Board Member Michigan Park,,NON,Carrie Anderson,61
Nelson,Park Board Member Michigan Park,,NON,Keith Woods,89
Nelson,Park Board Member Michigan Park,,NON,Michelle Linstad,96
Nelson,Park Board Member Michigan Park,,NON,write-in,1
Nelson,Park Board Member Petersburg Park,,NON,Deb Karas,40
Nelson,Park Board Member Petersburg Park,,NON,write-in,14
Nelson,Park Board Member Tolna Park,,NON,Judy Lane,42
Nelson,Park Board Member Tolna Park,,NON,write-in,10
Nelson,Park Board Member Unexpired 2-Year Term Lakota Park,,NON,Cassandra Sundeen,206
Nelson,Park Board Member Unexpired 2-Year Term Lakota Park,,NON,Erin Fossen,202
Nelson,Park Board Member Unexpired 2-Year Term Lakota Park,,NON,write-in,0
Nelson,Park Board Member Unexpired 2-Year Term Tolna Park,,NON,write-in,11
Nelson,Public Service Commissioner,,DEM,Todd Reisenauer,391
Nelson,Public Service Commissioner,,DEM,write-in,0
Nelson,Public Service Commissioner,,REP,Brian P Kalk,423
Nelson,Public Service Commissioner,,REP,write-in,0
Nelson,Public Service Commissioner Unexpired 2-Year Term,,DEM,Tyler Axness,389
Nelson,Public Service Commissioner Unexpired 2-Year Term,,DEM,write-in,0
Nelson,Public Service Commissioner Unexpired 2-Year Term,,REP,Julie Fedorchak,422
Nelson,Public Service Commissioner Unexpired 2-Year Term,,REP,write-in,1
Nelson,Secretary of State,,DEM,April Fairfield,396
Nelson,Secretary of State,,DEM,write-in,0
Nelson,Secretary of State,,LIB,Roland Riemers,13
Nelson,Secretary of State,,LIB,write-in,0
Nelson,Secretary of State,,REP,Alvin A (Al) Jaeger,431
Nelson,Secretary of State,,REP,write-in,1
Nelson,State House,23,DEM,Austin Langley,302
Nelson,State House,23,DEM,Ben Vig,394
Nelson,State House,23,DEM,write-in,0
Nelson,State House,23,REP,Bill Devlin,401
Nelson,State House,23,REP,Don Vigesaa,416
Nelson,State House,23,REP,write-in,0
Nelson,State Senate,23,DEM,Joan M Heckaman,426
Nelson,State Senate,23,DEM,write-in,0
Nelson,State Senate,23,REP,John Jacobson,420
Nelson,State Senate,23,REP,write-in,0
Nelson,Tax Commissioner,,DEM,Jason Astrup,390
Nelson,Tax Commissioner,,DEM,write-in,1
Nelson,Tax Commissioner,,LIB,Anthony Mangnall,11
Nelson,Tax Commissioner,,LIB,write-in,0
Nelson,Tax Commissioner,,REP,Ryan Rauschenberger,423
Nelson,Tax Commissioner,,REP,write-in,0
Nelson,Tolna Park Board Measure No. 1 Tolna Park,,,No,4
Nelson,Tolna Park Board Measure No. 1 Tolna Park,,,Yes,48
Nelson,U.S. House,1,DEM,George Sinner,433
Nelson,U.S. House,1,DEM,write-in,0
Nelson,U.S. House,1,LIB,"Robert J ""Jack"" Seaman",11
Nelson,U.S. House,1,LIB,write-in,0
Nelson,U.S. House,1,REP,Kevin Cramer,434
Nelson,U.S. House,1,REP,write-in,1
Oliver,Agriculture Commissioner,,DEM,Ryan Taylor,50
Oliver,Agriculture Commissioner,,DEM,write-in,0
Oliver,Agriculture Commissioner,,REP,Doug Goehring,182
Oliver,Agriculture Commissioner,,REP,write-in,0
Oliver,Attorney General,,DEM,Kiara Kraus-Parr,42
Oliver,Attorney General,,DEM,write-in,0
Oliver,Attorney General,,REP,Wayne Stenehjem,177
Oliver,Attorney General,,REP,write-in,2
Oliver,Constitutional Measure No. 1 Relating to the adjustment of deadlines for initiated measure petitions,,,No,98
Oliver,Constitutional Measure No. 1 Relating to the adjustment of deadlines for initiated measure petitions,,,Yes,120
Oliver,Council Member Center,,NON,Dallas Morast,98
Oliver,Council Member Center,,NON,Jerimiah J D Hanson,105
Oliver,Council Member Center,,NON,write-in,3
Oliver,County Auditor Oliver,,NON,Judith Hintz,206
Oliver,County Auditor Oliver,,NON,write-in,12
Oliver,County Commissioner at Large Oliver - District 2,,NON,Raymond M Schmidt,114
Oliver,County Commissioner at Large Oliver - District 2,,NON,write-in,97
Oliver,County Official Newspaper Oliver,,NON,Center Republican,226
Oliver,County Recorder Oliver,,NON,Kim Wilkens,216
Oliver,County Recorder Oliver,,NON,write-in,1
Oliver,County Sheriff Oliver,,NON,David Hilliard,208
Oliver,County Sheriff Oliver,,NON,write-in,8
Oliver,County State's Attorney Oliver,,NON,John Mahoney,209
Oliver,County State's Attorney Oliver,,NON,write-in,3
Oliver,County Treasurer Oliver,,NON,Laura Huber,218
Oliver,County Treasurer Oliver,,NON,write-in,5
Oliver,Judge of the District Court No. 1 South Central,,NON,David E Reich,203
Oliver,Judge of the District Court No. 1 South Central,,NON,write-in,0
Oliver,Judge of the District Court No. 6 South Central,,NON,Gail Hagerty,204
Oliver,Judge of the District Court No. 6 South Central,,NON,write-in,0
Oliver,Judge of the District Court No. 7 South Central,,NON,Thomas J Schneider,208
Oliver,Judge of the District Court No. 7 South Central,,NON,write-in,0
Oliver,Justice of the Supreme Court,,NON,Gerald W VandeWalle,206
Oliver,Justice of the Supreme Court,,NON,write-in,0
Oliver,Park Board Member Center Park,,NON,Andrea Loundsbury,102
Oliver,Park Board Member Center Park,,NON,write-in,68
Oliver,Public Service Commissioner,,DEM,Todd Reisenauer,46
Oliver,Public Service Commissioner,,DEM,write-in,0
Oliver,Public Service Commissioner,,REP,Brian P Kalk,172
Oliver,Public Service Commissioner,,REP,write-in,0
Oliver,Public Service Commissioner Unexpired 2-Year Term,,DEM,Tyler Axness,45
Oliver,Public Service Commissioner Unexpired 2-Year Term,,DEM,write-in,0
Oliver,Public Service Commissioner Unexpired 2-Year Term,,REP,Julie Fedorchak,173
Oliver,Public Service Commissioner Unexpired 2-Year Term,,REP,write-in,0
Oliver,School Board Member Unexpired 2-Year Term Center/Stanton School District,,NON,Richard Schmidt,175
Oliver,School Board Member Unexpired 2-Year Term Center/Stanton School District,,NON,write-in,8
Oliver,Secretary of State,,DEM,April Fairfield,46
Oliver,Secretary of State,,DEM,write-in,0
Oliver,Secretary of State,,LIB,Roland Riemers,1
Oliver,Secretary of State,,LIB,write-in,0
Oliver,Secretary of State,,REP,Alvin A (Al) Jaeger,183
Oliver,Secretary of State,,REP,write-in,0
Oliver,State House,33,DEM,write-in,1
Oliver,State House,33,REP,Gary Kreidt,159
Oliver,State House,33,REP,Jay R Seibel,154
Oliver,State House,33,REP,write-in,0
Oliver,State Senate,33,DEM,write-in,1
Oliver,State Senate,33,REP,Jessica Unruh,178
Oliver,State Senate,33,REP,write-in,0
Oliver,Tax Commissioner,,DEM,Jason Astrup,45
Oliver,Tax Commissioner,,DEM,write-in,1
Oliver,Tax Commissioner,,LIB,Anthony Mangnall,1
Oliver,Tax Commissioner,,LIB,write-in,0
Oliver,Tax Commissioner,,REP,Ryan Rauschenberger,170
Oliver,Tax Commissioner,,REP,write-in,0
Oliver,U.S. House,1,DEM,George Sinner,49
Oliver,U.S. House,1,DEM,write-in,0
Oliver,U.S. House,1,LIB,"Robert J ""Jack"" Seaman",1
Oliver,U.S. House,1,LIB,write-in,0
Oliver,U.S. House,1,REP,Kevin Cramer,177
Oliver,U.S. House,1,REP,write-in,0
Pembina,Agriculture Commissioner,,DEM,Ryan Taylor,507
Pembina,Agriculture Commissioner,,DEM,write-in,1
Pembina,Agriculture Commissioner,,REP,Doug Goehring,793
Pembina,Agriculture Commissioner,,REP,write-in,2
Pembina,Attorney General,,DEM,Kiara Kraus-Parr,481
Pembina,Attorney General,,DEM,write-in,0
Pembina,Attorney General,,REP,Wayne Stenehjem,811
Pembina,Attorney General,,REP,write-in,1
Pembina,City Measure 01 Walhalla,,,No,6
Pembina,City Measure 01 Walhalla,,,Yes,189
Pembina,Constitutional Measure No. 1 Relating to the adjustment of deadlines for initiated measure petitions,,,No,670
Pembina,Constitutional Measure No. 1 Relating to the adjustment of deadlines for initiated measure petitions,,,Yes,709
Pembina,Council Member Bathgate,,NON,Dennis A Lindsay,13
Pembina,Council Member Bathgate,,NON,write-in,8
Pembina,Council Member Canton,,NON,Cindy J Parsons,2
Pembina,Council Member Canton,,NON,Glenn Lawonn,2
Pembina,Council Member Canton,,NON,write-in,0
Pembina,Council Member Cavalier Ward 1,,NON,Craig Vaughn,253
Pembina,Council Member Cavalier Ward 1,,NON,write-in,8
Pembina,Council Member Cavalier Ward 2,,NON,Kelly Cluchie,251
Pembina,Council Member Cavalier Ward 2,,NON,write-in,11
Pembina,Council Member Cavalier Ward 3,,NON,Mark Doyle,247
Pembina,Council Member Cavalier Ward 3,,NON,write-in,13
Pembina,Council Member Crystal,,NON,Loren J Salwei,39
Pembina,Council Member Crystal,,NON,Shelly Hunter,27
Pembina,Council Member Crystal,,NON,write-in,15
Pembina,Council Member Drayton,,NON,Jordan Grundstrom,146
Pembina,Council Member Drayton,,NON,Mark Prigge,119
Pembina,Council Member Drayton,,NON,Michael J Larson,120
Pembina,Council Member Drayton,,NON,write-in,41
Pembina,Council Member Hamilton,,NON,write-in,8
Pembina,Council Member Mountain,,NON,Kathlyn Heuchert,9
Pembina,Council Member Mountain,,NON,Keith Gudmundson,9
Pembina,Council Member Mountain,,NON,write-in,0
Pembina,Council Member Neche,,NON,Sarah Winkler,35
Pembina,Council Member Neche,,NON,Stuart Symington,33
Pembina,Council Member Neche,,NON,write-in,4
Pembina,Council Member Pembina,,NON,Allen D Huttunen,90
Pembina,Council Member Pembina,,NON,Corie Koropatnicki,66
Pembina,Council Member Pembina,,NON,Gary Helland,44
Pembina,Council Member Pembina,,NON,Holly M Phillips,51
Pembina,Council Member Pembina,,NON,Joan Studeny,59
Pembina,Council Member Pembina,,NON,Joel Burke,56
Pembina,Council Member Pembina,,NON,Ronald Fritz,59
Pembina,Council Member Pembina,,NON,write-in,1
Pembina,Council Member St Thomas,,NON,Amy Vollrath,65
Pembina,Council Member St Thomas,,NON,write-in,37
Pembina,Council Member Walhalla,,NON,Erin Brusseau,159
Pembina,Council Member Walhalla,,NON,LaRae Horgan,152
Pembina,Council Member Walhalla,,NON,Myrna Styles,131
Pembina,Council Member Walhalla,,NON,write-in,64
Pembina,County Auditor/Treasurer Pembina,,NON,Linda Schlittenhard,1330
Pembina,County Auditor/Treasurer Pembina,,NON,write-in,13
Pembina,County Commissioner Pembina - District 1,,NON,Hetty Walker,238
Pembina,County Commissioner Pembina - District 1,,NON,write-in,13
Pembina,County Commissioner Pembina - District 3,,NON,Hugh J Ralston,245
Pembina,County Commissioner Pembina - District 3,,NON,write-in,6
Pembina,County Commissioner Pembina - District 5,,NON,Katherine A Lunde,127
Pembina,County Commissioner Pembina - District 5,,NON,Nick J Rutherford,184
Pembina,County Commissioner Pembina - District 5,,NON,write-in,1
Pembina,County Official Newspaper Pembina,,NON,The Cavalier Chronicle,1287
Pembina,County Recorder/Clerk of District Court Pembina,,NON,Kay Newell Braget,1369
Pembina,County Recorder/Clerk of District Court Pembina,,NON,write-in,9
Pembina,County Sheriff Pembina,,NON,Brian Erovick,757
Pembina,County Sheriff Pembina,,NON,Terry Meidinger,769
Pembina,County Sheriff Pembina,,NON,write-in,4
Pembina,County State's Attorney Pembina,,NON,Stephenie Davis,1260
Pembina,County State's Attorney Pembina,,NON,write-in,34
Pembina,Judge of the District Court No. 3 Northeast,,NON,Michael G Sturdevant,1229
Pembina,Judge of the District Court No. 3 Northeast,,NON,write-in,1
Pembina,Judge of the District Court No. 4 Northeast,,NON,Donovan Foughty,1235
Pembina,Judge of the District Court No. 4 Northeast,,NON,write-in,1
Pembina,Justice of the Supreme Court,,NON,Gerald W VandeWalle,1251
Pembina,Justice of the Supreme Court,,NON,write-in,4
Pembina,Mayor Cavalier,,NON,Kenneth C Briese,238
Pembina,Mayor Cavalier,,NON,write-in,31
Pembina,Mayor Crystal,,NON,Jacob Ganssle,22
Pembina,Mayor Crystal,,NON,write-in,23
Pembina,Mayor Drayton,,NON,Ardis Olson,148
Pembina,Mayor Drayton,,NON,write-in,8
Pembina,Mayor Mountain,,NON,Tim J. Moore,7
Pembina,Mayor Mountain,,NON,write-in,0
Pembina,Mayor Neche,,NON,Lee Beattie,33
Pembina,Mayor Neche,,NON,write-in,2
Pembina,Mayor Pembina,,NON,Kyle Dorion,98
Pembina,Mayor Pembina,,NON,write-in,41
Pembina,Mayor St Thomas,,NON,write-in,54
Pembina,Mayor Walhalla,,NON,Christopher D Jackson,155
Pembina,Mayor Walhalla,,NON,write-in,26
Pembina,Municipal Judge Cavalier,,NON,write-in,39
Pembina,Municipal Judge Drayton,,NON,Richard W. Johnson,81
Pembina,Municipal Judge Drayton,,NON,write-in,71
Pembina,Municipal Judge Walhalla,,NON,James Benjaminson,178
Pembina,Municipal Judge Walhalla,,NON,write-in,9
Pembina,Neche City Measure Neche,,,No,4
Pembina,Neche City Measure Neche,,,Yes,38
Pembina,Park Board Member Cavalier Park,,NON,write-in,115
Pembina,Park Board Member Crystal Park,,NON,Shelly Hunter,40
Pembina,Park Board Member Crystal Park,,NON,write-in,13
Pembina,Park Board Member Drayton Park,,NON,Corey Grochowski,147
Pembina,Park Board Member Drayton Park,,NON,write-in,146
Pembina,Park Board Member Neche Park,,NON,write-in,39
Pembina,Park Board Member St Thomas Park,,NON,write-in,44
Pembina,Park Board Member Walhalla Park,,NON,write-in,96
Pembina,Pembina,,,No,783
Pembina,Pembina,,,Yes,712
Pembina,Public Service Commissioner,,DEM,Todd Reisenauer,488
Pembina,Public Service Commissioner,,DEM,write-in,0
Pembina,Public Service Commissioner,,REP,Brian P Kalk,791
Pembina,Public Service Commissioner,,REP,write-in,0
Pembina,Public Service Commissioner Unexpired 2-Year Term,,DEM,Tyler Axness,489
Pembina,Public Service Commissioner Unexpired 2-Year Term,,DEM,write-in,0
Pembina,Public Service Commissioner Unexpired 2-Year Term,,REP,Julie Fedorchak,776
Pembina,Public Service Commissioner Unexpired 2-Year Term,,REP,write-in,0
Pembina,Secretary of State,,DEM,April Fairfield,494
Pembina,Secretary of State,,DEM,write-in,0
Pembina,Secretary of State,,LIB,Roland Riemers,28
Pembina,Secretary of State,,LIB,write-in,0
Pembina,Secretary of State,,REP,Alvin A (Al) Jaeger,803
Pembina,Secretary of State,,REP,write-in,0
Pembina,Tax Commissioner,,DEM,Jason Astrup,488
Pembina,Tax Commissioner,,DEM,write-in,0
Pembina,Tax Commissioner,,LIB,Anthony Mangnall,28
Pembina,Tax Commissioner,,LIB,write-in,0
Pembina,Tax Commissioner,,REP,Ryan Rauschenberger,784
Pembina,Tax Commissioner,,REP,write-in,2
Pembina,U.S. House,1,DEM,George Sinner,529
Pembina,U.S. House,1,DEM,write-in,1
Pembina,U.S. House,1,LIB,"Robert J ""Jack"" Seaman",31
Pembina,U.S. House,1,LIB,write-in,0
Pembina,U.S. House,1,REP,Kevin Cramer,795
Pembina,U.S. House,1,REP,write-in,3
Pierce,Agriculture Commissioner,,DEM,Ryan Taylor,415
Pierce,Agriculture Commissioner,,DEM,write-in,0
Pierce,Agriculture Commissioner,,REP,Doug Goehring,578
Pierce,Agriculture Commissioner,,REP,write-in,0
Pierce,Attorney General,,DEM,Kiara Kraus-Parr,343
Pierce,Attorney General,,DEM,write-in,0
Pierce,Attorney General,,REP,Wayne Stenehjem,584
Pierce,Attorney General,,REP,write-in,0
Pierce,Constitutional Measure No. 1 Relating to the adjustment of deadlines for initiated measure petitions,,,No,359
Pierce,Constitutional Measure No. 1 Relating to the adjustment of deadlines for initiated measure petitions,,,Yes,619
Pierce,Council Member Rugby Ward 1,,NON,Neil Lotvedt,111
Pierce,Council Member Rugby Ward 1,,NON,write-in,9
Pierce,Council Member Rugby Ward 2,,NON,write-in,129
Pierce,Council Member Rugby Ward 3,,NON,Arden Warner,80
Pierce,Council Member Rugby Ward 3,,NON,Joel Berg,102
Pierce,Council Member Rugby Ward 3,,NON,write-in,0
Pierce,Council Member Rugby Ward 4,,NON,Chuck Longie,58
Pierce,Council Member Rugby Ward 4,,NON,Craig Zachmeier,133
Pierce,Council Member Rugby Ward 4,,NON,Douglas Hauck,70
Pierce,Council Member Rugby Ward 4,,NON,write-in,0
Pierce,County Commissioner Pierce - District 1,,NON,Joe Bohl,62
Pierce,County Commissioner Pierce - District 1,,NON,Mike Brossart,109
Pierce,County Commissioner Pierce - District 1,,NON,write-in,0
Pierce,County Commissioner Pierce - District 3,,NON,Rick Larson,179
Pierce,County Commissioner Pierce - District 3,,NON,write-in,7
Pierce,County Commissioner Pierce - District 5,,NON,David Migler,86
Pierce,County Commissioner Pierce - District 5,,NON,Joe G Volk,90
Pierce,County Commissioner Pierce - District 5,,NON,write-in,0
Pierce,County Official Newspaper Pierce,,NON,The Pierce County Tribune,897
Pierce,County Recorder Pierce,,NON,Lori Miron,971
Pierce,County Recorder Pierce,,NON,write-in,3
Pierce,County Sheriff Pierce,,NON,Josh D Siegler,584
Pierce,County Sheriff Pierce,,NON,Luis V Coca Jr,180
Pierce,County Sheriff Pierce,,NON,Matthew Lunde,348
Pierce,County Sheriff Pierce,,NON,write-in,0
Pierce,County State's Attorney Pierce,,NON,Galen J. Mack,927
Pierce,County State's Attorney Pierce,,NON,write-in,15
Pierce,"Director, Garrison Diversion Conservancy Pierce",,NON,Dave Anderson,945
Pierce,"Director, Garrison Diversion Conservancy Pierce",,NON,write-in,4
Pierce,Judge of the District Court No. 3 Northeast,,NON,Michael G Sturdevant,866
Pierce,Judge of the District Court No. 3 Northeast,,NON,write-in,1
Pierce,Judge of the District Court No. 4 Northeast,,NON,Donovan Foughty,859
Pierce,Judge of the District Court No. 4 Northeast,,NON,write-in,2
Pierce,Justice of the Supreme Court,,NON,Gerald W VandeWalle,877
Pierce,Justice of the Supreme Court,,NON,write-in,3
Pierce,Mayor Rugby,,NON,Arland Geiszler,673
Pierce,Mayor Rugby,,NON,write-in,18
Pierce,Municipal Judge Rugby,,NON,write-in,129
Pierce,Park Board Member Rugby Park,,NON,Rick Larson,503
Pierce,Park Board Member Rugby Park,,NON,Rick Srur,516
Pierce,Park Board Member Rugby Park,,NON,Tim Chapman,551
Pierce,Park Board Member Rugby Park,,NON,write-in,24
Pierce,Pierce,,,No,344
Pierce,Pierce,,,Yes,753
Pierce,Public Service Commissioner,,DEM,Todd Reisenauer,345
Pierce,Public Service Commissioner,,DEM,write-in,0
Pierce,Public Service Commissioner,,REP,Brian P Kalk,562
Pierce,Public Service Commissioner,,REP,write-in,1
Pierce,Public Service Commissioner Unexpired 2-Year Term,,DEM,Tyler Axness,354
Pierce,Public Service Commissioner Unexpired 2-Year Term,,DEM,write-in,0
Pierce,Public Service Commissioner Unexpired 2-Year Term,,REP,Julie Fedorchak,553
Pierce,Public Service Commissioner Unexpired 2-Year Term,,REP,write-in,0
Pierce,Secretary of State,,DEM,April Fairfield,348
Pierce,Secretary of State,,DEM,write-in,0
Pierce,Secretary of State,,LIB,Roland Riemers,12
Pierce,Secretary of State,,LIB,write-in,0
Pierce,Secretary of State,,REP,Alvin A (Al) Jaeger,583
Pierce,Secretary of State,,REP,write-in,0
Pierce,Tax Commissioner,,DEM,Jason Astrup,346
Pierce,Tax Commissioner,,DEM,write-in,0
Pierce,Tax Commissioner,,LIB,Anthony Mangnall,12
Pierce,Tax Commissioner,,LIB,write-in,0
Pierce,Tax Commissioner,,REP,Ryan Rauschenberger,555
Pierce,Tax Commissioner,,REP,write-in,0
Pierce,U.S. House,1,DEM,George Sinner,382
Pierce,U.S. House,1,DEM,write-in,0
Pierce,U.S. House,1,LIB,"Robert J ""Jack"" Seaman",12
Pierce,U.S. House,1,LIB,write-in,0
Pierce,U.S. House,1,REP,Kevin Cramer,582
Pierce,U.S. House,1,REP,write-in,1
Ramsey,Agriculture Commissioner,,DEM,Ryan Taylor,523
Ramsey,Agriculture Commissioner,,DEM,write-in,0
Ramsey,Agriculture Commissioner,,REP,Doug Goehring,801
Ramsey,Agriculture Commissioner,,REP,write-in,4
Ramsey,Attorney General,,DEM,Kiara Kraus-Parr,470
Ramsey,Attorney General,,DEM,write-in,2
Ramsey,Attorney General,,REP,Wayne Stenehjem,824
Ramsey,Attorney General,,REP,write-in,1
Ramsey,Commission President Devils Lake,,NON,Richard S Johnson,698
Ramsey,Commission President Devils Lake,,NON,write-in,15
Ramsey,Commissioner Devils Lake,,NON,Craig Stromme,691
Ramsey,Commissioner Devils Lake,,NON,Rick Morse,652
Ramsey,Commissioner Devils Lake,,NON,write-in,16
Ramsey,Constitutional Measure No. 1 Relating to the adjustment of deadlines for initiated measure petitions,,,No,659
Ramsey,Constitutional Measure No. 1 Relating to the adjustment of deadlines for initiated measure petitions,,,Yes,783
Ramsey,County Auditor Ramsey,,NON,Elizabeth V Fischer,1406
Ramsey,County Auditor Ramsey,,NON,write-in,0
Ramsey,County Commissioner at Large Ramsey,,NON,Adam Leiphon,895
Ramsey,County Commissioner at Large Ramsey,,NON,Ed Brown,667
Ramsey,County Commissioner at Large Ramsey,,NON,Jay Klemetsrud,575
Ramsey,County Commissioner at Large Ramsey,,NON,Scott Diseth,789
Ramsey,County Commissioner at Large Ramsey,,NON,write-in,7
Ramsey,County Measure 1 Ramsey,,,No,745
Ramsey,County Measure 1 Ramsey,,,Yes,793
Ramsey,County Official Newspaper Ramsey,,NON,The Devils Lake Journal,1366
Ramsey,County Recorder Ramsey,,NON,Katie Nadeau,1350
Ramsey,County Recorder Ramsey,,NON,write-in,2
Ramsey,County Sheriff Ramsey,,NON,Steven K Nelson,1366
Ramsey,County Sheriff Ramsey,,NON,write-in,15
Ramsey,County State's Attorney Ramsey,,NON,Lonnie W Olson,1385
Ramsey,County State's Attorney Ramsey,,NON,write-in,16
Ramsey,County Treasurer Ramsey,,NON,Lisa Diseth,1406
Ramsey,County Treasurer Ramsey,,NON,write-in,5
Ramsey,"Director, Garrison Diversion Conservancy Ramsey",,NON,John V Peyerl,1336
Ramsey,"Director, Garrison Diversion Conservancy Ramsey",,NON,write-in,3
Ramsey,Judge of the District Court No. 3 Northeast,,NON,Michael G Sturdevant,1192
Ramsey,Judge of the District Court No. 3 Northeast,,NON,write-in,2
Ramsey,Judge of the District Court No. 4 Northeast,,NON,Donovan Foughty,1367
Ramsey,Judge of the District Court No. 4 Northeast,,NON,write-in,12
Ramsey,Justice of the Supreme Court,,NON,Gerald W VandeWalle,1231
Ramsey,Justice of the Supreme Court,,NON,write-in,3
Ramsey,Park Board Commissioner Devils Lake Park,,NON,Jamie Beck,655
Ramsey,Park Board Commissioner Devils Lake Park,,NON,Kale Stromme,720
Ramsey,Park Board Commissioner Devils Lake Park,,NON,Mike Dunn,658
Ramsey,Park Board Commissioner Devils Lake Park,,NON,write-in,10
Ramsey,Public Service Commissioner,,DEM,Todd Reisenauer,477
Ramsey,Public Service Commissioner,,DEM,write-in,0
Ramsey,Public Service Commissioner,,REP,Brian P Kalk,794
Ramsey,Public Service Commissioner,,REP,write-in,0
Ramsey,Public Service Commissioner Unexpired 2-Year Term,,DEM,Tyler Axness,479
Ramsey,Public Service Commissioner Unexpired 2-Year Term,,DEM,write-in,0
Ramsey,Public Service Commissioner Unexpired 2-Year Term,,REP,Julie Fedorchak,786
Ramsey,Public Service Commissioner Unexpired 2-Year Term,,REP,write-in,0
Ramsey,Secretary of State,,DEM,April Fairfield,474
Ramsey,Secretary of State,,DEM,write-in,1
Ramsey,Secretary of State,,LIB,Roland Riemers,12
Ramsey,Secretary of State,,LIB,write-in,0
Ramsey,Secretary of State,,REP,Alvin A (Al) Jaeger,808
Ramsey,Secretary of State,,REP,write-in,0
Ramsey,State House,15,DEM,write-in,44
Ramsey,State House,15,REP,Curt Hofstad,775
Ramsey,State House,15,REP,Dennis Johnson,798
Ramsey,State House,15,REP,write-in,8
Ramsey,State Senate,15,DEM,write-in,38
Ramsey,State Senate,15,REP,Dave Oehlke,825
Ramsey,State Senate,15,REP,write-in,5
Ramsey,Tax Commissioner,,DEM,Jason Astrup,477
Ramsey,Tax Commissioner,,DEM,write-in,0
Ramsey,Tax Commissioner,,LIB,Anthony Mangnall,10
Ramsey,Tax Commissioner,,LIB,write-in,0
Ramsey,Tax Commissioner,,REP,Ryan Rauschenberger,780
Ramsey,Tax Commissioner,,REP,write-in,0
Ramsey,U.S. House,1,DEM,George Sinner,515
Ramsey,U.S. House,1,DEM,write-in,1
Ramsey,U.S. House,1,LIB,"Robert J ""Jack"" Seaman",13
Ramsey,U.S. House,1,LIB,write-in,0
Ramsey,U.S. House,1,REP,Kevin Cramer,826
Ramsey,U.S. House,1,REP,write-in,2
Ransom,Agriculture Commissioner,,DEM,Ryan Taylor,476
Ransom,Agriculture Commissioner,,DEM,write-in,0
Ransom,Agriculture Commissioner,,REP,Doug Goehring,402
Ransom,Agriculture Commissioner,,REP,write-in,0
Ransom,Attorney General,,DEM,Kiara Kraus-Parr,442
Ransom,Attorney General,,DEM,write-in,0
Ransom,Attorney General,,REP,Wayne Stenehjem,413
Ransom,Attorney General,,REP,write-in,0
Ransom,Constitutional Measure No. 1 Relating to the adjustment of deadlines for initiated measure petitions,,,No,432
Ransom,Constitutional Measure No. 1 Relating to the adjustment of deadlines for initiated measure petitions,,,Yes,473
Ransom,Council Member Enderlin,,NON,Dean Torbenson,132
Ransom,Council Member Enderlin,,NON,Duane Skramstad,119
Ransom,Council Member Enderlin,,NON,Timothy Michaelson,129
Ransom,Council Member Enderlin,,NON,write-in,3
Ransom,Council Member Lisbon,,NON,Jeremy Waliser,264
Ransom,Council Member Lisbon,,NON,Julie Cole,318
Ransom,Council Member Lisbon,,NON,"Robert ""Bob"" Smith",318
Ransom,Council Member Lisbon,,NON,Walt Johnson,300
Ransom,Council Member Lisbon,,NON,write-in,11
Ransom,County Auditor Ransom,,NON,Kristi Johnson,902
Ransom,County Auditor Ransom,,NON,write-in,2
Ransom,County Commissioner at Large Ransom,,NON,Chris J Sandvig,353
Ransom,County Commissioner at Large Ransom,,NON,Neil B Olerud,678
Ransom,County Commissioner at Large Ransom,,NON,Norm Hansen,801
Ransom,County Commissioner at Large Ransom,,NON,write-in,3
Ransom,County Official Newspaper Ransom,,NON,Ransom County Gazette,762
Ransom,County Recorder Ransom,,NON,Susan J Froemke,941
Ransom,County Recorder Ransom,,NON,write-in,1
Ransom,County Sheriff Ransom,,NON,Darren J Benneweis,923
Ransom,County Sheriff Ransom,,NON,write-in,5
Ransom,County State's Attorney Ransom,,NON,Fallon Kelly,603
Ransom,County State's Attorney Ransom,,NON,Lyle Thomason,365
Ransom,County State's Attorney Ransom,,NON,write-in,3
Ransom,County Treasurer Ransom,,NON,Norine Erickson,924
Ransom,County Treasurer Ransom,,NON,write-in,0
Ransom,Enderlin,,,No,42
Ransom,Enderlin,,,Yes,94
Ransom,Judge of the District Court No. 4 Unexpired 2-Year Term Southeast,,NON,James D Hovey,818
Ransom,Judge of the District Court No. 4 Unexpired 2-Year Term Southeast,,NON,write-in,2
Ransom,Justice of the Supreme Court,,NON,Gerald W VandeWalle,829
Ransom,Justice of the Supreme Court,,NON,write-in,2
Ransom,Mayor Enderlin,,NON,Deon Maasjo,120
Ransom,Mayor Enderlin,,NON,write-in,11
Ransom,Mayor Lisbon,,NON,Jerry Gemar,110
Ransom,Mayor Lisbon,,NON,Tim Meyer,323
Ransom,Mayor Lisbon,,NON,write-in,8
Ransom,Park Board Member Enderlin Park,,NON,Cyndee Chesley,118
Ransom,Park Board Member Enderlin Park,,NON,Janet Midthun,124
Ransom,Park Board Member Enderlin Park,,NON,write-in,5
Ransom,Park Board Member Lisbon Park,,NON,write-in,64
Ransom,Public Service Commissioner,,DEM,Todd Reisenauer,447
Ransom,Public Service Commissioner,,DEM,write-in,0
Ransom,Public Service Commissioner,,REP,Brian P Kalk,401
Ransom,Public Service Commissioner,,REP,write-in,1
Ransom,Public Service Commissioner Unexpired 2-Year Term,,DEM,Tyler Axness,449
Ransom,Public Service Commissioner Unexpired 2-Year Term,,DEM,write-in,0
Ransom,Public Service Commissioner Unexpired 2-Year Term,,REP,Julie Fedorchak,401
Ransom,Public Service Commissioner Unexpired 2-Year Term,,REP,write-in,0
Ransom,Ransom,,,No,327
Ransom,Ransom,,,Yes,609
Ransom,Secretary of State,,DEM,April Fairfield,453
Ransom,Secretary of State,,DEM,write-in,1
Ransom,Secretary of State,,LIB,Roland Riemers,15
Ransom,Secretary of State,,LIB,write-in,0
Ransom,Secretary of State,,REP,Alvin A (Al) Jaeger,413
Ransom,Secretary of State,,REP,write-in,0
Ransom,Tax Commissioner,,DEM,Jason Astrup,446
Ransom,Tax Commissioner,,DEM,write-in,0
Ransom,Tax Commissioner,,LIB,Anthony Mangnall,15
Ransom,Tax Commissioner,,LIB,write-in,0
Ransom,Tax Commissioner,,REP,Ryan Rauschenberger,399
Ransom,Tax Commissioner,,REP,write-in,0
Ransom,U.S. House,1,DEM,George Sinner,475
Ransom,U.S. House,1,DEM,write-in,1
Ransom,U.S. House,1,LIB,"Robert J ""Jack"" Seaman",15
Ransom,U.S. House,1,LIB,write-in,0
Ransom,U.S. House,1,REP,Kevin Cramer,406
Ransom,U.S. House,1,REP,write-in,1
Renville,Agriculture Commissioner,,DEM,Ryan Taylor,131
Renville,Agriculture Commissioner,,DEM,write-in,0
Renville,Agriculture Commissioner,,REP,Doug Goehring,293
Renville,Agriculture Commissioner,,REP,write-in,0
Renville,Attorney General,,DEM,Kiara Kraus-Parr,116
Renville,Attorney General,,DEM,write-in,0
Renville,Attorney General,,REP,Wayne Stenehjem,295
Renville,Attorney General,,REP,write-in,0
Renville,Constitutional Measure No. 1 Relating to the adjustment of deadlines for initiated measure petitions,,,No,181
Renville,Constitutional Measure No. 1 Relating to the adjustment of deadlines for initiated measure petitions,,,Yes,247
Renville,Council Member Glenburn,,NON,David Ashley,48
Renville,Council Member Glenburn,,NON,write-in,21
Renville,Council Member Mohall,,NON,LaVonne L Erickson,126
Renville,Council Member Mohall,,NON,Robyn Larson,127
Renville,Council Member Mohall,,NON,write-in,45
Renville,Council Member Sherwood,,NON,Jody Ziliak,49
Renville,Council Member Sherwood,,NON,write-in,26
Renville,Council Member Tolley,,NON,write-in,10
Renville,Council Member Unexpired 2-Year Term Mohall,,NON,write-in,42
Renville,County Auditor Renville,,NON,LeAnn M (Fisher) Pollman,462
Renville,County Auditor Renville,,NON,write-in,2
Renville,County Commissioner Renville - District 1,,NON,Richard Cameron,129
Renville,County Commissioner Renville - District 1,,NON,write-in,26
Renville,County Commissioner Renville - District 3,,NON,Arnold Langehaug,122
Renville,County Commissioner Renville - District 3,,NON,write-in,9
Renville,County Official Newspaper Renville,,NON,Renville County Farmer,436
Renville,County Recorder Renville,,NON,Dawn L Larson,202
Renville,County Recorder Renville,,NON,Jerene A (Jeri) Bender,274
Renville,County Recorder Renville,,NON,write-in,0
Renville,County Sheriff Renville,,NON,Barry Vannatta,202
Renville,County Sheriff Renville,,NON,Michael Hatfield,264
Renville,County Sheriff Renville,,NON,write-in,0
Renville,County State's Attorney Renville,,NON,Marvin K Madsen,441
Renville,County State's Attorney Renville,,NON,write-in,2
Renville,"Director, Garrison Diversion Conservancy Renville",,NON,Mark Cook,449
Renville,"Director, Garrison Diversion Conservancy Renville",,NON,write-in,2
Renville,Judge of the District Court No. 3 Northeast,,NON,Michael G Sturdevant,429
Renville,Judge of the District Court No. 3 Northeast,,NON,write-in,1
Renville,Judge of the District Court No. 4 Northeast,,NON,Donovan Foughty,413
Renville,Judge of the District Court No. 4 Northeast,,NON,write-in,1
Renville,Justice of the Supreme Court,,NON,Gerald W VandeWalle,423
Renville,Justice of the Supreme Court,,NON,write-in,2
Renville,Mayor Sherwood,,NON,Garrett Volk,46
Renville,Mayor Sherwood,,NON,write-in,3
Renville,Mayor Tolley,,NON,write-in,13
Renville,Municipal Judge Sherwood,,NON,John Daeley,50
Renville,Municipal Judge Sherwood,,NON,write-in,0
Renville,Park Board Member Glenburn Park,,NON,write-in,20
Renville,Park Board Member Mohall Park,,NON,Jessica J Fitzsimmons,144
Renville,Park Board Member Mohall Park,,NON,Kaitlin Sisk,129
Renville,Park Board Member Mohall Park,,NON,write-in,47
Renville,Park Board Member Sherwood Park,,NON,write-in,51
Renville,Public Service Commissioner,,DEM,Todd Reisenauer,119
Renville,Public Service Commissioner,,DEM,write-in,0
Renville,Public Service Commissioner,,REP,Brian P Kalk,286
Renville,Public Service Commissioner,,REP,write-in,0
Renville,Public Service Commissioner Unexpired 2-Year Term,,DEM,Tyler Axness,119
Renville,Public Service Commissioner Unexpired 2-Year Term,,DEM,write-in,0
Renville,Public Service Commissioner Unexpired 2-Year Term,,REP,Julie Fedorchak,279
Renville,Public Service Commissioner Unexpired 2-Year Term,,REP,write-in,0
Renville,Secretary of State,,DEM,April Fairfield,118
Renville,Secretary of State,,DEM,write-in,0
Renville,Secretary of State,,LIB,Roland Riemers,9
Renville,Secretary of State,,LIB,write-in,0
Renville,Secretary of State,,REP,Alvin A (Al) Jaeger,295
Renville,Secretary of State,,REP,write-in,0
Renville,Tax Commissioner,,DEM,Jason Astrup,120
Renville,Tax Commissioner,,DEM,write-in,0
Renville,Tax Commissioner,,LIB,Anthony Mangnall,9
Renville,Tax Commissioner,,LIB,write-in,0
Renville,Tax Commissioner,,REP,Ryan Rauschenberger,292
Renville,Tax Commissioner,,REP,write-in,1
Renville,U.S. House,1,DEM,George Sinner,126
Renville,U.S. House,1,DEM,write-in,1
Renville,U.S. House,1,LIB,"Robert J ""Jack"" Seaman",9
Renville,U.S. House,1,LIB,write-in,0
Renville,U.S. House,1,REP,Kevin Cramer,301
Renville,U.S. House,1,REP,write-in,0
Richland,Agriculture Commissioner,,DEM,Ryan Taylor,783
Richland,Agriculture Commissioner,,DEM,write-in,0
Richland,Agriculture Commissioner,,REP,Doug Goehring,1014
Richland,Agriculture Commissioner,,REP,write-in,3
Richland,Attorney General,,DEM,Kiara Kraus-Parr,740
Richland,Attorney General,,DEM,write-in,1
Richland,Attorney General,,REP,Wayne Stenehjem,1041
Richland,Attorney General,,REP,write-in,3
Richland,Constitutional Measure No. 1 Relating to the adjustment of deadlines for initiated measure petitions,,,No,811
Richland,Constitutional Measure No. 1 Relating to the adjustment of deadlines for initiated measure petitions,,,Yes,1038
Richland,Council Member Abercrombie,,NON,Allan Berg,26
Richland,Council Member Abercrombie,,NON,Loretta Hendrickson,24
Richland,Council Member Abercrombie,,NON,Shawn Paczkowski,16
Richland,Council Member Abercrombie,,NON,Vance Wagner,19
Richland,Council Member Abercrombie,,NON,write-in,1
Richland,Council Member Barney,,NON,write-in,12
Richland,Council Member Christine,,NON,John Armbrust,16
Richland,Council Member Christine,,NON,Richard Baukol,16
Richland,Council Member Christine,,NON,write-in,0
Richland,Council Member Colfax,,NON,Jody Lingen,31
Richland,Council Member Colfax,,NON,Tom Wulfekuhle,29
Richland,Council Member Colfax,,NON,write-in,8
Richland,Council Member Dwight,,NON,Melvin Braun,3
Richland,Council Member Dwight,,NON,Sue Davids,3
Richland,Council Member Dwight,,NON,write-in,0
Richland,Council Member Fairmount,,NON,Chuck Campbell,57
Richland,Council Member Fairmount,,NON,Julie Piechowski,34
Richland,Council Member Fairmount,,NON,write-in,21
Richland,Council Member Great Bend,,NON,Dennis Drewlow,17
Richland,Council Member Great Bend,,NON,write-in,12
Richland,Council Member Hankinson,,NON,Alan Wieser,224
Richland,Council Member Hankinson,,NON,Dwight Boucher,179
Richland,Council Member Hankinson,,NON,Gregory J Paulson,88
Richland,Council Member Hankinson,,NON,James Mikkelsen,88
Richland,Council Member Hankinson,,NON,Mary Bommersbach,245
Richland,Council Member Hankinson,,NON,write-in,8
Richland,Council Member Lidgerwood,,NON,James Resler,119
Richland,Council Member Lidgerwood,,NON,write-in,151
Richland,Council Member Mantador,,NON,write-in,8
Richland,Council Member Mooreton,,NON,Jason Kjar,18
Richland,Council Member Mooreton,,NON,Lyle Ellingson,20
Richland,Council Member Mooreton,,NON,write-in,1
Richland,Council Member Unexpired 2-Year Term Barney,,NON,Bruce Hedtke,3
Richland,Council Member Unexpired 2-Year Term Barney,,NON,Jean Akers,8
Richland,Council Member Unexpired 2-Year Term Barney,,NON,Kevin Youngquist,5
Richland,Council Member Unexpired 2-Year Term Barney,,NON,write-in,0
Richland,Council Member Unexpired 2-Year Term Lidgerwood,,NON,Dale Krause,163
Richland,Council Member Unexpired 2-Year Term Lidgerwood,,NON,write-in,9
Richland,Council Member Unexpired 2-Year Term Wyndmere,,NON,Betty Schultz,29
Richland,Council Member Unexpired 2-Year Term Wyndmere,,NON,Tim Hetland,93
Richland,Council Member Unexpired 2-Year Term Wyndmere,,NON,write-in,39
Richland,Council Member Wahpeton,,NON,Lane A Wateland,652
Richland,Council Member Wahpeton,,NON,Martin J Schmidt,727
Richland,Council Member Wahpeton,,NON,write-in,16
Richland,Council Member Wahpeton Ward 1,,NON,Steve Dale,188
Richland,Council Member Wahpeton Ward 1,,NON,write-in,1
Richland,Council Member Wahpeton Ward 3,,NON,Brett Lambrecht,124
Richland,Council Member Wahpeton Ward 3,,NON,Tiana J Bohn,55
Richland,Council Member Wahpeton Ward 3,,NON,write-in,0
Richland,Council Member Walcott,,NON,Derek Rhodenbaugh,16
Richland,Council Member Walcott,,NON,Greg Oestreich,18
Richland,Council Member Walcott,,NON,write-in,0
Richland,Council Member Wyndmere,,NON,Tim Bell,89
Richland,Council Member Wyndmere,,NON,write-in,60
Richland,County Commissioner at Large Richland,,NON,Jason G Heitkamp,865
Richland,County Commissioner at Large Richland,,NON,Nathan Berseth,1387
Richland,County Commissioner at Large Richland,,NON,Rodney Romereim,777
Richland,County Commissioner at Large Richland,,NON,"Rowland ""Rollie"" Ehlert",883
Richland,County Commissioner at Large Richland,,NON,Sid Berg,1046
Richland,County Commissioner at Large Richland,,NON,write-in,20
Richland,County Official Newspaper Richland,,NON,Daily News,1754
Richland,County Sheriff Richland,,NON,Larry Leshovsky,1816
Richland,County Sheriff Richland,,NON,write-in,25
Richland,County State's Attorney Richland,,NON,Ronald W. McBeth,1712
Richland,County State's Attorney Richland,,NON,write-in,17
Richland,"Director, Garrison Diversion Conservancy Richland",,NON,Kelly Klosterman,1791
Richland,"Director, Garrison Diversion Conservancy Richland",,NON,write-in,2
Richland,Judge of the District Court No. 4 Unexpired 2-Year Term Southeast,,NON,James D Hovey,1600
Richland,Judge of the District Court No. 4 Unexpired 2-Year Term Southeast,,NON,write-in,6
Richland,Justice of the Supreme Court,,NON,Gerald W VandeWalle,1643
Richland,Justice of the Supreme Court,,NON,write-in,5
Richland,Mayor Barney,,NON,Pam Meyer,12
Richland,Mayor Barney,,NON,write-in,2
Richland,Mayor Hankinson,,NON,"Joseph O""Meara",29
Richland,Mayor Hankinson,,NON,write-in,256
Richland,Mayor Lidgerwood,,NON,Christopher Zenobi,13
Richland,Mayor Lidgerwood,,NON,Steven Oddo,48
Richland,Mayor Lidgerwood,,NON,write-in,124
Richland,Mayor Unexpired 2-Year Term Mantador,,NON,write-in,4
Richland,Mayor Wahpeton,,NON,Meryl T Hansey,656
Richland,Mayor Wahpeton,,NON,Renelle Bertsch,242
Richland,Mayor Wahpeton,,NON,write-in,18
Richland,Mayor Wyndmere,,NON,Nathan Brandt,79
Richland,Mayor Wyndmere,,NON,write-in,11
Richland,Municipal Judge Lidgerwood,,NON,Ronald Kill,79
Richland,Municipal Judge Lidgerwood,,NON,write-in,81
Richland,Park Board Member Abercrombie Park,,NON,write-in,24
Richland,Park Board Member Barney Park,,NON,Anna Rudolph,12
Richland,Park Board Member Barney Park,,NON,Neil Petik,16
Richland,Park Board Member Barney Park,,NON,write-in,2
Richland,Park Board Member Christine Park,,NON,write-in,10
Richland,Park Board Member Colfax Park,,NON,David Miller,34
Richland,Park Board Member Colfax Park,,NON,Mary Boehm,30
Richland,Park Board Member Colfax Park,,NON,write-in,2
Richland,Park Board Member Dwight Park,,NON,DeAnna Helgeson,3
Richland,Park Board Member Dwight Park,,NON,Michelle Griffin,3
Richland,Park Board Member Dwight Park,,NON,Rhonda Meyer,2
Richland,Park Board Member Dwight Park,,NON,write-in,0
Richland,Park Board Member Fairmount Park,,NON,Brenda Adolf,46
Richland,Park Board Member Fairmount Park,,NON,Jason Davis,53
Richland,Park Board Member Fairmount Park,,NON,write-in,15
Richland,Park Board Member Great Bend Park,,NON,Darlene Ziegelman,17
Richland,Park Board Member Great Bend Park,,NON,Todd Hubrig,18
Richland,Park Board Member Great Bend Park,,NON,write-in,2
Richland,Park Board Member Hankinson Park,,NON,Harlan Bladow,245
Richland,Park Board Member Hankinson Park,,NON,Jill Post,236
Richland,Park Board Member Hankinson Park,,NON,Ryan Wallock,227
Richland,Park Board Member Hankinson Park,,NON,write-in,16
Richland,Park Board Member Lidgerwood Park,,NON,Travis Dolezal,176
Richland,Park Board Member Lidgerwood Park,,NON,write-in,111
Richland,Park Board Member Mantador Park,,NON,write-in,8
Richland,Park Board Member Mooreton Park,,NON,write-in,25
Richland,Park Board Member Unexpired 2-Year Term Christine Park,,NON,write-in,3
Richland,Park Board Member Unexpired 2-Year Term Dwight Park,,NON,Wade Griffin,3
Richland,Park Board Member Unexpired 2-Year Term Dwight Park,,NON,write-in,0
Richland,Park Board Member Unexpired 2-Year Term Fairmount Park,,NON,write-in,17
Richland,Park Board Member Unexpired 2-Year Term Hankinson Park,,NON,write-in,52
Richland,Park Board Member Unexpired 2-Year Term Lidgerwood Park,,NON,Carie Illies,167
Richland,Park Board Member Unexpired 2-Year Term Lidgerwood Park,,NON,write-in,5
Richland,Park Board Member Unexpired 2-Year Term Mooreton Park,,NON,write-in,8
Richland,Park Board Member Wahpeton Park,,NON,Debra Tobias,746
Richland,Park Board Member Wahpeton Park,,NON,Steve Craig,665
Richland,Park Board Member Wahpeton Park,,NON,write-in,62
Richland,Park Board Member Walcott Park,,NON,Brian Bennes,4
Richland,Park Board Member Walcott Park,,NON,Tasha Heglie,13
Richland,Park Board Member Walcott Park,,NON,write-in,0
Richland,Park Board Member Wyndmere Park,,NON,write-in,73
Richland,Public Service Commissioner,,DEM,Todd Reisenauer,748
Richland,Public Service Commissioner,,DEM,write-in,1
Richland,Public Service Commissioner,,REP,Brian P Kalk,1006
Richland,Public Service Commissioner,,REP,write-in,4
Richland,Public Service Commissioner Unexpired 2-Year Term,,DEM,Tyler Axness,743
Richland,Public Service Commissioner Unexpired 2-Year Term,,DEM,write-in,1
Richland,Public Service Commissioner Unexpired 2-Year Term,,REP,Julie Fedorchak,988
Richland,Public Service Commissioner Unexpired 2-Year Term,,REP,write-in,1
Richland,Secretary of State,,DEM,April Fairfield,757
Richland,Secretary of State,,DEM,write-in,0
Richland,Secretary of State,,LIB,Roland Riemers,37
Richland,Secretary of State,,LIB,write-in,1
Richland,Secretary of State,,REP,Alvin A (Al) Jaeger,1020
Richland,Secretary of State,,REP,write-in,2
Richland,State House,25,DEM,Alisa Mitskog,529
Richland,State House,25,DEM,Richard W Grosz,449
Richland,State House,25,DEM,write-in,1
Richland,State House,25,REP,Bruce Eckre,476
Richland,State House,25,REP,Cindy Beck,710
Richland,State House,25,REP,Daniel Rugroden,380
Richland,State House,25,REP,write-in,3
Richland,State Senate,25,DEM,Perry Miller,610
Richland,State Senate,25,DEM,write-in,0
Richland,State Senate,25,REP,Larry Luick,841
Richland,State Senate,25,REP,write-in,6
Richland,Tax Commissioner,,DEM,Jason Astrup,750
Richland,Tax Commissioner,,DEM,write-in,1
Richland,Tax Commissioner,,LIB,Anthony Mangnall,37
Richland,Tax Commissioner,,LIB,write-in,2
Richland,Tax Commissioner,,REP,Ryan Rauschenberger,992
Richland,Tax Commissioner,,REP,write-in,1
Richland,U.S. House,1,DEM,George Sinner,823
Richland,U.S. House,1,DEM,write-in,0
Richland,U.S. House,1,LIB,"Robert J ""Jack"" Seaman",38
Richland,U.S. House,1,LIB,write-in,2
Richland,U.S. House,1,REP,Kevin Cramer,1033
Richland,U.S. House,1,REP,write-in,5
Rolette,Agriculture Commissioner,,DEM,Ryan Taylor,433
Rolette,Agriculture Commissioner,,DEM,write-in,0
Rolette,Agriculture Commissioner,,REP,Doug Goehring,229
Rolette,Agriculture Commissioner,,REP,write-in,0
Rolette,Attorney General,,DEM,Kiara Kraus-Parr,386
Rolette,Attorney General,,DEM,write-in,0
Rolette,Attorney General,,REP,Wayne Stenehjem,230
Rolette,Attorney General,,REP,write-in,0
Rolette,Constitutional Measure No. 1 Relating to the adjustment of deadlines for initiated measure petitions,,,No,268
Rolette,Constitutional Measure No. 1 Relating to the adjustment of deadlines for initiated measure petitions,,,Yes,366
Rolette,Council Member Dunseith,,NON,Christopher Strong,42
Rolette,Council Member Dunseith,,NON,George Gottbreht,65
Rolette,Council Member Dunseith,,NON,Harold Bruce,40
Rolette,Council Member Dunseith,,NON,Larry D. Hunt Jr.,27
Rolette,Council Member Dunseith,,NON,Loren Baumgartner,26
Rolette,Council Member Dunseith,,NON,Lyle Azure,17
Rolette,Council Member Dunseith,,NON,write-in,0
Rolette,Council Member Mylo,,NON,write-in,8
Rolette,Council Member Rolette,,NON,Deborah Anklam,60
Rolette,Council Member Rolette,,NON,Nathan Casavant,69
Rolette,Council Member Rolette,,NON,write-in,0
Rolette,Council Member Rolla,,NON,Christopher Albertson,142
Rolette,Council Member Rolla,,NON,Jeremy Regan,64
Rolette,Council Member Rolla,,NON,Jerry D Sparrow,102
Rolette,Council Member Rolla,,NON,LeAnn Vollmer,106
Rolette,Council Member Rolla,,NON,write-in,28
Rolette,Council Member St John,,NON,Robert Fahrnkopf,56
Rolette,Council Member St John,,NON,write-in,25
Rolette,Council Member Unexpired 2-Year Term Rolla,,NON,Patrick James Hemmy,115
Rolette,Council Member Unexpired 2-Year Term Rolla,,NON,Rebecca Sue Albert,120
Rolette,Council Member Unexpired 2-Year Term Rolla,,NON,write-in,38
Rolette,Council Member Unexpired 2-Year Term St John,,NON,write-in,29
Rolette,County Auditor Rolette,,NON,Valerie McCloud,692
Rolette,County Auditor Rolette,,NON,write-in,5
Rolette,County Commissioner at Large Rolette,,NON,Bob Leonard Sr,464
Rolette,County Commissioner at Large Rolette,,NON,Bruce Morin,268
Rolette,County Commissioner at Large Rolette,,NON,Eldon R Moors Sr,547
Rolette,County Commissioner at Large Rolette,,NON,write-in,2
Rolette,County Official Newspaper Rolette,,NON,Turtle Mountain Star,636
Rolette,County Recorder Rolette,,NON,Sarah M Bruce,671
Rolette,County Recorder Rolette,,NON,write-in,2
Rolette,County Sheriff Rolette,,NON,Ervin L. Charette,139
Rolette,County Sheriff Rolette,,NON,George J Miller,27
Rolette,County Sheriff Rolette,,NON,Gerald A. Medrud,541
Rolette,County Sheriff Rolette,,NON,Joseph Kaufman,112
Rolette,County Sheriff Rolette,,NON,write-in,1
Rolette,County State's Attorney Rolette,,NON,Ryan J. Thompson,651
Rolette,County State's Attorney Rolette,,NON,write-in,1
Rolette,County Treasurer Rolette,,NON,Kandace Page-Desjarlais,649
Rolette,County Treasurer Rolette,,NON,write-in,0
Rolette,Judge of the District Court No. 3 Northeast,,NON,Michael G Sturdevant,596
Rolette,Judge of the District Court No. 3 Northeast,,NON,write-in,0
Rolette,Judge of the District Court No. 4 Northeast,,NON,Donovan Foughty,577
Rolette,Judge of the District Court No. 4 Northeast,,NON,write-in,1
Rolette,Justice of the Supreme Court,,NON,Gerald W VandeWalle,605
Rolette,Justice of the Supreme Court,,NON,write-in,2
Rolette,Mayor Dunseith,,NON,Jesse Marion,102
Rolette,Mayor Dunseith,,NON,write-in,3
Rolette,Mayor Rolette,,NON,Blaine Scott,71
Rolette,Mayor Rolette,,NON,write-in,1
Rolette,Mayor Rolla,,NON,Scott Mitchell,158
Rolette,Mayor Rolla,,NON,write-in,2
Rolette,Mayor St John,,NON,write-in,45
Rolette,Mayor Unexpired 2-Year Term Mylo,,NON,write-in,3
Rolette,Municipal Judge Dunseith,,NON,Andrew Johnson,103
Rolette,Municipal Judge Dunseith,,NON,write-in,0
Rolette,Municipal Judge Rolla,,NON,Andrew Johnson,157
Rolette,Municipal Judge Rolla,,NON,write-in,1
Rolette,Municipal Judge St John,,NON,Tracy (Yokley) Davis,45
Rolette,Municipal Judge St John,,NON,write-in,6
Rolette,Park Board Member Dunseith,,NON,Brett Poitra,78
Rolette,Park Board Member Dunseith,,NON,David Fugere,112
Rolette,Park Board Member Dunseith,,NON,write-in,0
Rolette,Park Board Member Rolette,,NON,Jason Brorby,51
Rolette,Park Board Member Rolette,,NON,Kimberly Mora,60
Rolette,Park Board Member Rolette,,NON,Sherri Scott,58
Rolette,Park Board Member Rolette,,NON,write-in,1
Rolette,Park Board Member Rolla,,NON,write-in,151
Rolette,Park Board Member Unexpired 2-Year Term Rolla,,NON,write-in,20
Rolette,Public Service Commissioner,,DEM,Todd Reisenauer,382
Rolette,Public Service Commissioner,,DEM,write-in,1
Rolette,Public Service Commissioner,,REP,Brian P Kalk,228
Rolette,Public Service Commissioner,,REP,write-in,0
Rolette,Public Service Commissioner Unexpired 2-Year Term,,DEM,Tyler Axness,387
Rolette,Public Service Commissioner Unexpired 2-Year Term,,DEM,write-in,0
Rolette,Public Service Commissioner Unexpired 2-Year Term,,REP,Julie Fedorchak,217
Rolette,Public Service Commissioner Unexpired 2-Year Term,,REP,write-in,0
Rolette,Secretary of State,,DEM,April Fairfield,396
Rolette,Secretary of State,,DEM,write-in,0
Rolette,Secretary of State,,LIB,Roland Riemers,15
Rolette,Secretary of State,,LIB,write-in,0
Rolette,Secretary of State,,REP,Alvin A (Al) Jaeger,227
Rolette,Secretary of State,,REP,write-in,0
Rolette,State House,9,DEM,Marvin E Nelson,274
Rolette,State House,9,DEM,Tracy Boe,402
Rolette,State House,9,DEM,write-in,1
Rolette,State House,9,REP,write-in,19
Rolette,State Senate,9,DEM,Richard Marcellais,434
Rolette,State Senate,9,DEM,write-in,6
Rolette,State Senate,9,REP,write-in,22
Rolette,Tax Commissioner,,DEM,Jason Astrup,388
Rolette,Tax Commissioner,,DEM,write-in,0
Rolette,Tax Commissioner,,LIB,Anthony Mangnall,15
Rolette,Tax Commissioner,,LIB,write-in,0
Rolette,Tax Commissioner,,REP,Ryan Rauschenberger,213
Rolette,Tax Commissioner,,REP,write-in,0
Rolette,U.S. House,1,DEM,George Sinner,445
Rolette,U.S. House,1,DEM,write-in,0
Rolette,U.S. House,1,LIB,"Robert J ""Jack"" Seaman",15
Rolette,U.S. House,1,LIB,write-in,0
Rolette,U.S. House,1,REP,Kevin Cramer,244
Rolette,U.S. House,1,REP,write-in,0
Sargent,Agriculture Commissioner,,DEM,Ryan Taylor,446
Sargent,Agriculture Commissioner,,DEM,write-in,1
Sargent,Agriculture Commissioner,,REP,Doug Goehring,378
Sargent,Agriculture Commissioner,,REP,write-in,0
Sargent,Attorney General,,DEM,Kiara Kraus-Parr,424
Sargent,Attorney General,,DEM,write-in,1
Sargent,Attorney General,,REP,Wayne Stenehjem,383
Sargent,Attorney General,,REP,write-in,0
Sargent,Constitutional Measure No. 1 Relating to the adjustment of deadlines for initiated measure petitions,,,No,396
Sargent,Constitutional Measure No. 1 Relating to the adjustment of deadlines for initiated measure petitions,,,Yes,423
Sargent,Council Member Cayuga,,NON,Wayne Kratcha,10
Sargent,Council Member Cayuga,,NON,write-in,0
Sargent,Council Member Cogswell,,NON,Robert Skroch,22
Sargent,Council Member Cogswell,,NON,write-in,12
Sargent,Council Member Forman,,NON,Mary Bishoff,119
Sargent,Council Member Forman,,NON,write-in,51
Sargent,Council Member Gwinner,,NON,Christopher Ferderer,83
Sargent,Council Member Gwinner,,NON,Elroy Odegard,74
Sargent,Council Member Gwinner,,NON,Karla Ulven,69
Sargent,Council Member Gwinner,,NON,write-in,4
Sargent,Council Member Havana,,NON,Becky Parrow,22
Sargent,Council Member Havana,,NON,Shelly (Boice) Arneson,17
Sargent,Council Member Havana,,NON,write-in,7
Sargent,Council Member Milnor,,NON,Jay McCleery,60
Sargent,Council Member Milnor,,NON,Nannette Severson,84
Sargent,Council Member Milnor,,NON,Richard Bryant,124
Sargent,Council Member Milnor,,NON,Terry Dusek,125
Sargent,Council Member Milnor,,NON,write-in,11
Sargent,Council Member Rutland,,NON,Carolyn Christensen,24
Sargent,Council Member Rutland,,NON,James K Peterson,11
Sargent,Council Member Rutland,,NON,Michael Mahrer,41
Sargent,Council Member Rutland,,NON,Rodney Erickson,44
Sargent,Council Member Rutland,,NON,write-in,2
Sargent,Council Member Unexpired 2-Year Term Milnor,,NON,write-in,42
Sargent,County Auditor Sargent,,NON,Pam Maloney,845
Sargent,County Auditor Sargent,,NON,write-in,0
Sargent,County Commissioner at Large Sargent,,NON,David L Jacobson,471
Sargent,County Commissioner at Large Sargent,,NON,Mike Walstead,528
Sargent,County Commissioner at Large Sargent,,NON,Richard Ruch,402
Sargent,County Commissioner at Large Sargent,,NON,Sherry Hosford,673
Sargent,County Commissioner at Large Sargent,,NON,Steven Wyum,441
Sargent,County Commissioner at Large Sargent,,NON,write-in,23
Sargent,County Official Newspaper Sargent,,NON,The Sargent County Teller,739
Sargent,County Sheriff Sargent,,NON,Travis A Paeper,790
Sargent,County Sheriff Sargent,,NON,write-in,19
Sargent,County State's Attorney Sargent,,NON,Lyle R Bopp,746
Sargent,County State's Attorney Sargent,,NON,write-in,36
Sargent,County Treasurer/Recorder/Clerk of District Court Sargent,,NON,Gina Hillestad,826
Sargent,County Treasurer/Recorder/Clerk of District Court Sargent,,NON,write-in,7
Sargent,Judge of the District Court No. 4 Unexpired 2-Year Term Southeast,,NON,James D Hovey,714
Sargent,Judge of the District Court No. 4 Unexpired 2-Year Term Southeast,,NON,write-in,4
Sargent,Justice of the Supreme Court,,NON,Gerald W VandeWalle,730
Sargent,Justice of the Supreme Court,,NON,write-in,3
Sargent,Mayor Cogswell,,NON,write-in,19
Sargent,Mayor Forman,,NON,write-in,86
Sargent,Mayor Havana,,NON,write-in,20
Sargent,Mayor Milnor,,NON,"Harrison ""Hap"" McCleery",101
Sargent,Mayor Milnor,,NON,write-in,16
Sargent,Park Board Member Forman Park,,NON,write-in,56
Sargent,Park Board Member Gwinner Park,,NON,Stephanie Stroh,114
Sargent,Park Board Member Gwinner Park,,NON,write-in,39
Sargent,Park Board Member Milnor Park,,NON,write-in,103
Sargent,Park Board Member Rutland Park,,NON,Hal Nelson,63
Sargent,Park Board Member Rutland Park,,NON,write-in,18
Sargent,Park Board Member Unexpired 2-Year Term Rutland Park,,NON,write-in,13
Sargent,Public Service Commissioner,,DEM,Todd Reisenauer,420
Sargent,Public Service Commissioner,,DEM,write-in,1
Sargent,Public Service Commissioner,,REP,Brian P Kalk,367
Sargent,Public Service Commissioner,,REP,write-in,1
Sargent,Public Service Commissioner Unexpired 2-Year Term,,DEM,Tyler Axness,419
Sargent,Public Service Commissioner Unexpired 2-Year Term,,DEM,write-in,1
Sargent,Public Service Commissioner Unexpired 2-Year Term,,REP,Julie Fedorchak,364
Sargent,Public Service Commissioner Unexpired 2-Year Term,,REP,write-in,0
Sargent,Secretary of State,,DEM,April Fairfield,428
Sargent,Secretary of State,,DEM,write-in,1
Sargent,Secretary of State,,LIB,Roland Riemers,10
Sargent,Secretary of State,,LIB,write-in,0
Sargent,Secretary of State,,REP,Alvin A (Al) Jaeger,377
Sargent,Secretary of State,,REP,write-in,0
Sargent,Tax Commissioner,,DEM,Jason Astrup,420
Sargent,Tax Commissioner,,DEM,write-in,1
Sargent,Tax Commissioner,,LIB,Anthony Mangnall,10
Sargent,Tax Commissioner,,LIB,write-in,0
Sargent,Tax Commissioner,,REP,Ryan Rauschenberger,365
Sargent,Tax Commissioner,,REP,write-in,0
Sargent,U.S. House,1,DEM,George Sinner,450
Sargent,U.S. House,1,DEM,write-in,1
Sargent,U.S. House,1,LIB,"Robert J ""Jack"" Seaman",11
Sargent,U.S. House,1,LIB,write-in,0
Sargent,U.S. House,1,REP,Kevin Cramer,378
Sargent,U.S. House,1,REP,write-in,2
Sheridan,Agriculture Commissioner,,DEM,Ryan Taylor,119
Sheridan,Agriculture Commissioner,,DEM,write-in,0
Sheridan,Agriculture Commissioner,,REP,Doug Goehring,322
Sheridan,Agriculture Commissioner,,REP,write-in,0
Sheridan,Alderperson Martin,,NON,write-in,32
Sheridan,Attorney General,,DEM,Kiara Kraus-Parr,103
Sheridan,Attorney General,,DEM,write-in,0
Sheridan,Attorney General,,REP,Wayne Stenehjem,327
Sheridan,Attorney General,,REP,write-in,0
Sheridan,City Measure 1 Martin,,,No,1
Sheridan,City Measure 1 Martin,,,Yes,22
Sheridan,Constitutional Measure No. 1 Relating to the adjustment of deadlines for initiated measure petitions,,,No,215
Sheridan,Constitutional Measure No. 1 Relating to the adjustment of deadlines for initiated measure petitions,,,Yes,218
Sheridan,Council Member Goodrich,,NON,Arden Mindt,32
Sheridan,Council Member Goodrich,,NON,Brian Engle,33
Sheridan,Council Member Goodrich,,NON,Karen Feickert,32
Sheridan,Council Member Goodrich,,NON,write-in,0
Sheridan,Council Member McClusky Ward 1,,NON,Kurt Mortenson,94
Sheridan,Council Member McClusky Ward 1,,NON,Nathan Rhoads,72
Sheridan,Council Member McClusky Ward 1,,NON,write-in,0
Sheridan,Council Member McClusky Ward 2,,NON,David V Martwick,104
Sheridan,Council Member McClusky Ward 2,,NON,Russell Hoffer,66
Sheridan,Council Member McClusky Ward 2,,NON,write-in,0
Sheridan,County Auditor Sheridan,,NON,Shirley A Murray,431
Sheridan,County Auditor Sheridan,,NON,write-in,8
Sheridan,County Commissioner Sheridan - District 1,,NON,Richard Bentz,191
Sheridan,County Commissioner Sheridan - District 1,,NON,Steven Eisenbeisz,289
Sheridan,County Commissioner Sheridan - District 1,,NON,write-in,1
Sheridan,County Commissioner Sheridan - District 3,,NON,Howard F Erdmann,378
Sheridan,County Commissioner Sheridan - District 3,,NON,write-in,37
Sheridan,County Official Newspaper Sheridan,,NON,McClusky Gazette,437
Sheridan,County Recorder Sheridan,,NON,Kathleen C Mindt,451
Sheridan,County Recorder Sheridan,,NON,write-in,4
Sheridan,County Sheriff Sheridan,,NON,Trent Naser,443
Sheridan,County Sheriff Sheridan,,NON,write-in,8
Sheridan,County State's Attorney Sheridan,,NON,Ladd Erickson,423
Sheridan,County State's Attorney Sheridan,,NON,write-in,0
Sheridan,County Treasurer Sheridan,,NON,Rita Bertsch,370
Sheridan,County Treasurer Sheridan,,NON,write-in,44
Sheridan,Judge of the District Court No. 1 South Central,,NON,David E Reich,408
Sheridan,Judge of the District Court No. 1 South Central,,NON,write-in,0
Sheridan,Judge of the District Court No. 6 South Central,,NON,Gail Hagerty,404
Sheridan,Judge of the District Court No. 6 South Central,,NON,write-in,0
Sheridan,Judge of the District Court No. 7 South Central,,NON,Thomas J Schneider,406
Sheridan,Judge of the District Court No. 7 South Central,,NON,write-in,0
Sheridan,Justice of the Supreme Court,,NON,Gerald W VandeWalle,409
Sheridan,Justice of the Supreme Court,,NON,write-in,0
Sheridan,Mayor Goodrich,,NON,Michael H Gesellchen,32
Sheridan,Mayor Goodrich,,NON,write-in,1
Sheridan,Mayor McClusky,,NON,Connie Jerome,78
Sheridan,Mayor McClusky,,NON,Roberta Hunt,87
Sheridan,Mayor McClusky,,NON,write-in,2
Sheridan,Measure 1 McClusky School #19,,,No,18
Sheridan,Measure 1 McClusky School #19,,,Yes,252
Sheridan,Park Board Commissioner Goodrich Park,,NON,Jan Demke,34
Sheridan,Park Board Commissioner Goodrich Park,,NON,Marge Konschak,33
Sheridan,Park Board Commissioner Goodrich Park,,NON,Patricia Mindt,34
Sheridan,Park Board Commissioner Goodrich Park,,NON,Sue Frueh,33
Sheridan,Park Board Commissioner Goodrich Park,,NON,write-in,0
Sheridan,Park Board Commissioner McClusky Park,,NON,Jeremy Lauer,143
Sheridan,Park Board Commissioner McClusky Park,,NON,Rhonda Meckle,99
Sheridan,Park Board Commissioner McClusky Park,,NON,write-in,3
Sheridan,Public Service Commissioner,,DEM,Todd Reisenauer,104
Sheridan,Public Service Commissioner,,DEM,write-in,0
Sheridan,Public Service Commissioner,,REP,Brian P Kalk,325
Sheridan,Public Service Commissioner,,REP,write-in,0
Sheridan,Public Service Commissioner Unexpired 2-Year Term,,DEM,Tyler Axness,106
Sheridan,Public Service Commissioner Unexpired 2-Year Term,,DEM,write-in,0
Sheridan,Public Service Commissioner Unexpired 2-Year Term,,REP,Julie Fedorchak,321
Sheridan,Public Service Commissioner Unexpired 2-Year Term,,REP,write-in,0
Sheridan,School Board Member at Large Goodrich School #16,,NON,Deneen Richter,70
Sheridan,School Board Member at Large Goodrich School #16,,NON,Misty Galvin,63
Sheridan,School Board Member at Large Goodrich School #16,,NON,Scott Knutson,48
Sheridan,School Board Member at Large Goodrich School #16,,NON,write-in,3
Sheridan,School Board Member at Large McClusky School #19,,NON,Phyllis Dieterle,209
Sheridan,School Board Member at Large McClusky School #19,,NON,Roberta Hunt,227
Sheridan,School Board Member at Large McClusky School #19,,NON,write-in,75
Sheridan,Secretary of State,,DEM,April Fairfield,105
Sheridan,Secretary of State,,DEM,write-in,0
Sheridan,Secretary of State,,LIB,Roland Riemers,7
Sheridan,Secretary of State,,LIB,write-in,0
Sheridan,Secretary of State,,REP,Alvin A (Al) Jaeger,325
Sheridan,Secretary of State,,REP,write-in,0
Sheridan,Tax Commissioner,,DEM,Jason Astrup,103
Sheridan,Tax Commissioner,,DEM,write-in,0
Sheridan,Tax Commissioner,,LIB,Anthony Mangnall,7
Sheridan,Tax Commissioner,,LIB,write-in,0
Sheridan,Tax Commissioner,,REP,Ryan Rauschenberger,323
Sheridan,Tax Commissioner,,REP,write-in,0
Sheridan,U.S. House,1,DEM,George Sinner,115
Sheridan,U.S. House,1,DEM,write-in,0
Sheridan,U.S. House,1,LIB,"Robert J ""Jack"" Seaman",7
Sheridan,U.S. House,1,LIB,write-in,0
Sheridan,U.S. House,1,REP,Kevin Cramer,327
Sheridan,U.S. House,1,REP,write-in,1
Sioux,Agriculture Commissioner,,DEM,Ryan Taylor,182
Sioux,Agriculture Commissioner,,DEM,write-in,0
Sioux,Agriculture Commissioner,,REP,Doug Goehring,99
Sioux,Agriculture Commissioner,,REP,write-in,0
Sioux,Attorney General,,DEM,Kiara Kraus-Parr,168
Sioux,Attorney General,,DEM,write-in,0
Sioux,Attorney General,,REP,Wayne Stenehjem,96
Sioux,Attorney General,,REP,write-in,0
Sioux,Constitutional Measure No. 1 Relating to the adjustment of deadlines for initiated measure petitions,,,No,141
Sioux,Constitutional Measure No. 1 Relating to the adjustment of deadlines for initiated measure petitions,,,Yes,201
Sioux,Council Member Fort Yates,,NON,Miles D Allard,20
Sioux,Council Member Fort Yates,,NON,write-in,5
Sioux,Council Member Selfridge,,NON,Arthur Sieglock,7
Sioux,Council Member Selfridge,,NON,Delano (Sandy) LeCompte Jr,26
Sioux,Council Member Selfridge,,NON,write-in,26
Sioux,Council Member Solen,,NON,Cheryl Marie Hettich,13
Sioux,Council Member Solen,,NON,write-in,44
Sioux,County Auditor Sioux,,NON,Barbara J Hettich,282
Sioux,County Auditor Sioux,,NON,write-in,31
Sioux,County Commissioner Sioux - District 1,,NON,Glen Bahm,93
Sioux,County Commissioner Sioux - District 1,,NON,write-in,1
Sioux,County Commissioner Sioux - District 3,,NON,Dave Volk,45
Sioux,County Commissioner Sioux - District 3,,NON,Dusty Kraft,53
Sioux,County Commissioner Sioux - District 3,,NON,Henry G Harrison,33
Sioux,County Commissioner Sioux - District 3,,NON,Ken Snider,104
Sioux,County Commissioner Sioux - District 3,,NON,Stan Hertel,7
Sioux,County Commissioner Sioux - District 3,,NON,write-in,16
Sioux,County Official Newspaper Sioux,,NON,Carson Press,284
Sioux,County Sheriff Sioux,,NON,Frank Landeis,356
Sioux,County Sheriff Sioux,,NON,write-in,5
Sioux,County State's Attorney Sioux,,NON,John J Gosbee,266
Sioux,County State's Attorney Sioux,,NON,write-in,5
Sioux,County Treasurer/Recorder/Clerk of District Court Sioux,,NON,Vernetta K Iron Eyes,331
Sioux,County Treasurer/Recorder/Clerk of District Court Sioux,,NON,write-in,3
Sioux,Judge of the District Court No. 1 South Central,,NON,David E Reich,289
Sioux,Judge of the District Court No. 1 South Central,,NON,write-in,1
Sioux,Judge of the District Court No. 6 South Central,,NON,Gail Hagerty,303
Sioux,Judge of the District Court No. 6 South Central,,NON,write-in,1
Sioux,Judge of the District Court No. 7 South Central,,NON,Thomas J Schneider,297
Sioux,Judge of the District Court No. 7 South Central,,NON,write-in,1
Sioux,Justice of the Supreme Court,,NON,Gerald W VandeWalle,299
Sioux,Justice of the Supreme Court,,NON,write-in,1
Sioux,Mayor Fort Yates,,NON,Larry Silbernagel,18
Sioux,Mayor Fort Yates,,NON,write-in,1
Sioux,Public Service Commissioner,,DEM,Todd Reisenauer,167
Sioux,Public Service Commissioner,,DEM,write-in,0
Sioux,Public Service Commissioner,,REP,Brian P Kalk,92
Sioux,Public Service Commissioner,,REP,write-in,0
Sioux,Public Service Commissioner Unexpired 2-Year Term,,DEM,Tyler Axness,164
Sioux,Public Service Commissioner Unexpired 2-Year Term,,DEM,write-in,0
Sioux,Public Service Commissioner Unexpired 2-Year Term,,REP,Julie Fedorchak,92
Sioux,Public Service Commissioner Unexpired 2-Year Term,,REP,write-in,0
Sioux,School Board Member Fort Yates School,,NON,Brandon Mauai,65
Sioux,School Board Member Fort Yates School,,NON,Candace Eagle,24
Sioux,School Board Member Fort Yates School,,NON,Carol Kidder,21
Sioux,School Board Member Fort Yates School,,NON,Denise Ducheneaux,32
Sioux,School Board Member Fort Yates School,,NON,Florentine Thin Elk,2
Sioux,School Board Member Fort Yates School,,NON,Johanna Swenson,2
Sioux,School Board Member Fort Yates School,,NON,Lawrence Montclair,48
Sioux,School Board Member Fort Yates School,,NON,Loretta Bad Heart Bull,44
Sioux,School Board Member Fort Yates School,,NON,"Melanie ""Jo Baker"" Bailey",20
Sioux,School Board Member Fort Yates School,,NON,Michael Lawrence,14
Sioux,School Board Member Fort Yates School,,NON,Randal White Sr.,27
Sioux,School Board Member Fort Yates School,,NON,Randez Bailey,27
Sioux,School Board Member Fort Yates School,,NON,Steve Sitting Bear,33
Sioux,School Board Member Fort Yates School,,NON,write-in,4
Sioux,Secretary of State,,DEM,April Fairfield,170
Sioux,Secretary of State,,DEM,write-in,0
Sioux,Secretary of State,,LIB,Roland Riemers,6
Sioux,Secretary of State,,LIB,write-in,0
Sioux,Secretary of State,,REP,Alvin A (Al) Jaeger,94
Sioux,Secretary of State,,REP,write-in,0
Sioux,State House,31,DEM,LaDonna Allard,99
Sioux,State House,31,DEM,Mike Faith,170
Sioux,State House,31,DEM,write-in,0
Sioux,State House,31,REP,James E Schmidt,80
Sioux,State House,31,REP,Karen Rohr,63
Sioux,State House,31,REP,write-in,0
Sioux,State Senate,31,DEM,Kristen Vesledahl,171
Sioux,State Senate,31,DEM,write-in,0
Sioux,State Senate,31,REP,Donald Schaible,93
Sioux,State Senate,31,REP,write-in,0
Sioux,Tax Commissioner,,DEM,Jason Astrup,166
Sioux,Tax Commissioner,,DEM,write-in,0
Sioux,Tax Commissioner,,LIB,Anthony Mangnall,6
Sioux,Tax Commissioner,,LIB,write-in,0
Sioux,Tax Commissioner,,REP,Ryan Rauschenberger,94
Sioux,Tax Commissioner,,REP,write-in,0
Sioux,U.S. House,1,DEM,George Sinner,187
Sioux,U.S. House,1,DEM,write-in,0
Sioux,U.S. House,1,LIB,"Robert J ""Jack"" Seaman",6
Sioux,U.S. House,1,LIB,write-in,0
Sioux,U.S. House,1,REP,Kevin Cramer,99
Sioux,U.S. House,1,REP,write-in,0
Slope,Agriculture Commissioner,,DEM,Ryan Taylor,22
Slope,Agriculture Commissioner,,DEM,write-in,0
Slope,Agriculture Commissioner,,REP,Doug Goehring,90
Slope,Agriculture Commissioner,,REP,write-in,0
Slope,Attorney General,,DEM,Kiara Kraus-Parr,21
Slope,Attorney General,,DEM,write-in,0
Slope,Attorney General,,REP,Wayne Stenehjem,93
Slope,Attorney General,,REP,write-in,0
Slope,Bowman School,,,No,0
Slope,Bowman School,,,Yes,6
Slope,Commission President Marmarth,,NON,Hailey Dschaak,23
Slope,Commission President Marmarth,,NON,write-in,5
Slope,Commissioner Marmarth,,NON,write-in,47
Slope,Constitutional Measure No. 1 Relating to the adjustment of deadlines for initiated measure petitions,,,No,50
Slope,Constitutional Measure No. 1 Relating to the adjustment of deadlines for initiated measure petitions,,,Yes,60
Slope,County Auditor Slope,,NON,Lorrie Buzalsky,98
Slope,County Auditor Slope,,NON,write-in,4
Slope,County Commissioner Slope - District 1,,NON,Michael Teske,105
Slope,County Commissioner Slope - District 1,,NON,write-in,0
Slope,County Commissioner Slope - District 3,,NON,Mike H Sonsalla,109
Slope,County Commissioner Slope - District 3,,NON,write-in,2
Slope,County Official Newspaper Slope,,NON,The Herald,101
Slope,County Recorder/Clerk of District Court Slope,,NON,"Marguerite ""Muggsy"" Schatz",110
Slope,County Recorder/Clerk of District Court Slope,,NON,write-in,1
Slope,County Sheriff Slope,,NON,Pat Lorge,109
Slope,County Sheriff Slope,,NON,write-in,5
Slope,County State's Attorney Slope,,NON,James D. Gion,108
Slope,County State's Attorney Slope,,NON,write-in,0
Slope,County Treasurer Slope,,NON,Colleen Germann,113
Slope,County Treasurer Slope,,NON,write-in,1
Slope,Justice of the Supreme Court,,NON,Gerald W VandeWalle,102
Slope,Justice of the Supreme Court,,NON,write-in,0
Slope,Public Service Commissioner,,DEM,Todd Reisenauer,22
Slope,Public Service Commissioner,,DEM,write-in,0
Slope,Public Service Commissioner,,REP,Brian P Kalk,89
Slope,Public Service Commissioner,,REP,write-in,0
Slope,Public Service Commissioner Unexpired 2-Year Term,,DEM,Tyler Axness,22
Slope,Public Service Commissioner Unexpired 2-Year Term,,DEM,write-in,0
Slope,Public Service Commissioner Unexpired 2-Year Term,,REP,Julie Fedorchak,86
Slope,Public Service Commissioner Unexpired 2-Year Term,,REP,write-in,0
Slope,School Board Member Bowman Area School District Bowman School,,NON,Kevin Bucholz,6
Slope,School Board Member Bowman Area School District Bowman School,,NON,Tara C Lambourn,5
Slope,School Board Member Bowman Area School District Bowman School,,NON,write-in,0
Slope,School Board Member Rhame Area School District Bowman School,,NON,Stacy McGee,6
Slope,School Board Member Rhame Area School District Bowman School,,NON,write-in,0
Slope,School Board Member at Large Bowman School,,NON,Dan Peterson,6
Slope,School Board Member at Large Bowman School,,NON,write-in,0
Slope,Secretary of State,,DEM,April Fairfield,22
Slope,Secretary of State,,DEM,write-in,0
Slope,Secretary of State,,LIB,Roland Riemers,3
Slope,Secretary of State,,LIB,write-in,0
Slope,Secretary of State,,REP,Alvin A (Al) Jaeger,86
Slope,Secretary of State,,REP,write-in,0
Slope,State House,39,DEM,Greg Tank,19
Slope,State House,39,DEM,Maddison Voigt,20
Slope,State House,39,DEM,write-in,0
Slope,State House,39,REP,Denton B Zubke,64
Slope,State House,39,REP,Keith Kempenich,76
Slope,State House,39,REP,write-in,0
Slope,State Senate,39,DEM,Stephanie L Pretzer,22
Slope,State Senate,39,DEM,write-in,0
Slope,State Senate,39,REP,Bill L Bowman,93
Slope,State Senate,39,REP,write-in,0
Slope,Tax Commissioner,,DEM,Jason Astrup,22
Slope,Tax Commissioner,,DEM,write-in,0
Slope,Tax Commissioner,,LIB,Anthony Mangnall,3
Slope,Tax Commissioner,,LIB,write-in,0
Slope,Tax Commissioner,,REP,Ryan Rauschenberger,89
Slope,Tax Commissioner,,REP,write-in,0
Slope,U.S. House,1,DEM,George Sinner,24
Slope,U.S. House,1,DEM,write-in,0
Slope,U.S. House,1,LIB,"Robert J ""Jack"" Seaman",3
Slope,U.S. House,1,LIB,write-in,0
Slope,U.S. House,1,REP,Kevin Cramer,93
Slope,U.S. House,1,REP,write-in,0
Stark,Agriculture Commissioner,,DEM,Ryan Taylor,525
Stark,Agriculture Commissioner,,DEM,write-in,0
Stark,Agriculture Commissioner,,REP,Doug Goehring,1523
Stark,Agriculture Commissioner,,REP,write-in,3
Stark,Attorney General,,DEM,Kiara Kraus-Parr,457
Stark,Attorney General,,DEM,write-in,0
Stark,Attorney General,,REP,Wayne Stenehjem,1566
Stark,Attorney General,,REP,write-in,0
Stark,Commissioner Dickinson,,NON,Klayton Oltmanns,976
Stark,Commissioner Dickinson,,NON,Scott Decker,1132
Stark,Commissioner Dickinson,,NON,Shirley K Dukart,608
Stark,Commissioner Dickinson,,NON,write-in,6
Stark,Commissioner Richardton,,NON,Daniel Pladson,38
Stark,Commissioner Richardton,,NON,Joshua Reisenauer,49
Stark,Commissioner Richardton,,NON,Koleen Hoff,84
Stark,Commissioner Richardton,,NON,write-in,1
Stark,Constitutional Measure No. 1 Relating to the adjustment of deadlines for initiated measure petitions,,,No,1146
Stark,Constitutional Measure No. 1 Relating to the adjustment of deadlines for initiated measure petitions,,,Yes,936
Stark,Council Member Belfield,,NON,Jeff Iverson,84
Stark,Council Member Belfield,,NON,write-in,37
Stark,Council Member Gladstone,,NON,Arles Hecker,11
Stark,Council Member Gladstone,,NON,Darrell Sadowsky,38
Stark,Council Member Gladstone,,NON,Gene Kruger,38
Stark,Council Member Gladstone,,NON,Timothy Dunnagan,12
Stark,Council Member Gladstone,,NON,write-in,8
Stark,Council Member South Heart,,NON,write-in,88
Stark,Council Member Taylor,,NON,Daryl Jurgens,23
Stark,Council Member Taylor,,NON,Ray Fettig,25
Stark,Council Member Taylor,,NON,write-in,4
Stark,Council Member Unexpired 2-Year Term South Heart,,NON,write-in,43
Stark,County Auditor/Treasurer Stark,,NON,Kay Haag,1298
Stark,County Auditor/Treasurer Stark,,NON,Lynn Betlaf,731
Stark,County Auditor/Treasurer Stark,,NON,write-in,2
Stark,County Commissioner#DistrictName# Stark - District 2,,NON,Ken Zander,1910
Stark,County Commissioner#DistrictName# Stark - District 2,,NON,write-in,8
Stark,County Commissioner#DistrictName# Stark - District 4,,NON,Russ Hoff,1891
Stark,County Commissioner#DistrictName# Stark - District 4,,NON,write-in,14
Stark,County Measure 1 Stark,,,No,1180
Stark,County Measure 1 Stark,,,Yes,1004
Stark,County Official Newspaper Stark,,NON,The Dickinson Press,1837
Stark,County Recorder Stark,,NON,Kathy Schwab,1540
Stark,County Recorder Stark,,NON,Kirk A Ross,468
Stark,County Recorder Stark,,NON,write-in,1
Stark,County Sheriff Stark,,NON,Clarence A Tuhy,881
Stark,County Sheriff Stark,,NON,Terry L Oestreich,1384
Stark,County Sheriff Stark,,NON,write-in,5
Stark,County State's Attorney Stark,,NON,Tom Henning,1819
Stark,County State's Attorney Stark,,NON,write-in,40
Stark,"Director, Southwest Water Authority Dickinson",,NON,Larry Bares,1297
Stark,"Director, Southwest Water Authority Dickinson",,NON,write-in,3
Stark,"Director, Southwest Water Authority Stark",,NON,Steven Schneider,1879
Stark,"Director, Southwest Water Authority Stark",,NON,write-in,8
Stark,Justice of the Supreme Court,,NON,Gerald W VandeWalle,1875
Stark,Justice of the Supreme Court,,NON,write-in,6
Stark,Mayor Belfield,,NON,Leo C Schneider,65
Stark,Mayor Belfield,,NON,write-in,21
Stark,Mayor Gladstone,,NON,Kurt Martin,43
Stark,Mayor Gladstone,,NON,write-in,13
Stark,Municipal Judge Dickinson,,NON,Robert A Keogh,1265
Stark,Municipal Judge Dickinson,,NON,write-in,8
Stark,Park Board Commissioner Dickinson Park,,NON,Scott Karsky,1184
Stark,Park Board Commissioner Dickinson Park,,NON,Scott Kovash,1147
Stark,Park Board Commissioner Dickinson Park,,NON,Tim Daniel,1137
Stark,Park Board Commissioner Dickinson Park,,NON,write-in,7
Stark,Park Board Commissioner Richardton Park,,NON,write-in,36
Stark,Park Board Member Belfield Park,,NON,write-in,43
Stark,Park Board Member Gladstone Park,,NON,Daryl Kadrmas,43
Stark,Park Board Member Gladstone Park,,NON,Erin McGahuey,13
Stark,Park Board Member Gladstone Park,,NON,Francine Hecker,13
Stark,Park Board Member Gladstone Park,,NON,Joseph Miller,35
Stark,Park Board Member Gladstone Park,,NON,Robert Oyloe,35
Stark,Park Board Member Gladstone Park,,NON,write-in,25
Stark,Park Board Member Taylor Park,,NON,Courtney D Sanchez,27
Stark,Park Board Member Taylor Park,,NON,Kenneth D Christianson,27
Stark,Park Board Member Taylor Park,,NON,Nikita Michael,27
Stark,Park Board Member Taylor Park,,NON,write-in,0
Stark,Park Board Member Unexpired 3-Year Term South Heart Park,,NON,Kristen Jung,44
Stark,Park Board Member Unexpired 3-Year Term South Heart Park,,NON,Shelly Jacobson,57
Stark,Park Board Member Unexpired 3-Year Term South Heart Park,,NON,write-in,5
Stark,Public Service Commissioner,,DEM,Todd Reisenauer,480
Stark,Public Service Commissioner,,DEM,write-in,0
Stark,Public Service Commissioner,,REP,Brian P Kalk,1516
Stark,Public Service Commissioner,,REP,write-in,1
Stark,Public Service Commissioner Unexpired 2-Year Term,,DEM,Tyler Axness,470
Stark,Public Service Commissioner Unexpired 2-Year Term,,DEM,write-in,1
Stark,Public Service Commissioner Unexpired 2-Year Term,,REP,Julie Fedorchak,1502
Stark,Public Service Commissioner Unexpired 2-Year Term,,REP,write-in,0
Stark,School Board Member Belfield School,,NON,write-in,33
Stark,School Board Member Dickinson School,,NON,Jason Hanson,1291
Stark,School Board Member Dickinson School,,NON,Sarah Ricks,1196
Stark,School Board Member Dickinson School,,NON,Tanya Rude,1175
Stark,School Board Member Dickinson School,,NON,write-in,25
Stark,School Board Member Rural At Large Belfield School,,NON,write-in,41
Stark,School Board Member Rural At Large Richardton/Taylor School,,NON,Judy Hoff,143
Stark,School Board Member Rural At Large Richardton/Taylor School,,NON,write-in,61
Stark,School Board Member South Heart School,,NON,Jesse Olson,85
Stark,School Board Member South Heart School,,NON,Jessica Nasset,68
Stark,School Board Member South Heart School,,NON,Leon Keator,36
Stark,School Board Member South Heart School,,NON,Mary Hodell,26
Stark,School Board Member South Heart School,,NON,Shannon Binstock,31
Stark,School Board Member South Heart School,,NON,Troy Hoff,30
Stark,School Board Member South Heart School,,NON,write-in,1
Stark,Secretary of State,,DEM,April Fairfield,484
Stark,Secretary of State,,DEM,write-in,0
Stark,Secretary of State,,LIB,Roland Riemers,25
Stark,Secretary of State,,LIB,write-in,0
Stark,Secretary of State,,REP,Alvin A (Al) Jaeger,1543
Stark,Secretary of State,,REP,write-in,1
Stark,State House,37,DEM,Karen N Nelson,246
Stark,State House,37,DEM,Mandy Kubik,242
Stark,State House,37,DEM,write-in,0
Stark,State House,37,REP,Mike Lefor,806
Stark,State House,37,REP,Vicky Steiner,813
Stark,State House,37,REP,write-in,2
Stark,State Senate,37,DEM,Keith Fernsler,265
Stark,State Senate,37,DEM,write-in,0
Stark,State Senate,37,REP,Rich Wardner,913
Stark,State Senate,37,REP,write-in,0
Stark,Tax Commissioner,,DEM,Jason Astrup,474
Stark,Tax Commissioner,,DEM,write-in,0
Stark,Tax Commissioner,,LIB,Anthony Mangnall,25
Stark,Tax Commissioner,,LIB,write-in,0
Stark,Tax Commissioner,,REP,Ryan Rauschenberger,1494
Stark,Tax Commissioner,,REP,write-in,2
Stark,U.S. House,1,DEM,George Sinner,514
Stark,U.S. House,1,DEM,write-in,0
Stark,U.S. House,1,LIB,"Robert J ""Jack"" Seaman",25
Stark,U.S. House,1,LIB,write-in,0
Stark,U.S. House,1,REP,Kevin Cramer,1567
Stark,U.S. House,1,REP,write-in,3
Steele,Agriculture Commissioner,,DEM,Ryan Taylor,253
Steele,Agriculture Commissioner,,DEM,write-in,0
Steele,Agriculture Commissioner,,REP,Doug Goehring,302
Steele,Agriculture Commissioner,,REP,write-in,1
Steele,Attorney General,,DEM,Kiara Kraus-Parr,233
Steele,Attorney General,,DEM,write-in,0
Steele,Attorney General,,REP,Wayne Stenehjem,322
Steele,Attorney General,,REP,write-in,0
Steele,Constitutional Measure No. 1 Relating to the adjustment of deadlines for initiated measure petitions,,,No,241
Steele,Constitutional Measure No. 1 Relating to the adjustment of deadlines for initiated measure petitions,,,Yes,340
Steele,Council Member Finley,,NON,Merle Ferry,165
Steele,Council Member Finley,,NON,Tori Archer,165
Steele,Council Member Finley,,NON,write-in,2
Steele,County Auditor Steele,,NON,Elisha M. Washburn,250
Steele,County Auditor Steele,,NON,Emily Wigen,376
Steele,County Auditor Steele,,NON,write-in,7
Steele,County Commissioner Steele - District 1,,NON,Brian Tuite,111
Steele,County Commissioner Steele - District 1,,NON,Dennis Lindstrom,47
Steele,County Commissioner Steele - District 1,,NON,write-in,1
Steele,County Commissioner Steele - District 3,,NON,Jay Showers,34
Steele,County Commissioner Steele - District 3,,NON,Ted S Johnson,76
Steele,County Commissioner Steele - District 3,,NON,write-in,0
Steele,County Commissioner Steele - District 5,,NON,Jane Amundson,35
Steele,County Commissioner Steele - District 5,,NON,Russell L. Walcker,112
Steele,County Commissioner Steele - District 5,,NON,write-in,0
Steele,County Official Newspaper Steele,,NON,Steele County Press,589
Steele,County Sheriff Steele,,NON,Wayne Beckman,547
Steele,County Sheriff Steele,,NON,write-in,53
Steele,County Treasurer Steele,,NON,Kari Dekker Crawford,586
Steele,County Treasurer Steele,,NON,write-in,5
Steele,Judge of the District Court No. 1 East Central,,NON,Adele Page,125
Steele,Judge of the District Court No. 1 East Central,,NON,Connie Cleveland,99
Steele,Judge of the District Court No. 1 East Central,,NON,Susan L Bailey,245
Steele,Judge of the District Court No. 1 East Central,,NON,Tristan Van de Streek,48
Steele,Judge of the District Court No. 1 East Central,,NON,write-in,0
Steele,Judge of the District Court No. 5 East Central,,NON,Frank L Racek,541
Steele,Judge of the District Court No. 5 East Central,,NON,write-in,0
Steele,Judge of the District Court No. 7 East Central,,NON,Wade Webb,540
Steele,Judge of the District Court No. 7 East Central,,NON,write-in,1
Steele,Justice of the Supreme Court,,NON,Gerald W VandeWalle,546
Steele,Justice of the Supreme Court,,NON,write-in,0
Steele,Mayor Finley,,NON,Larry Amundson,173
Steele,Mayor Finley,,NON,write-in,2
Steele,Park Board Commissioner Finley Park,,NON,Chad Aberle,150
Steele,Park Board Commissioner Finley Park,,NON,Jacob Klosner,159
Steele,Park Board Commissioner Finley Park,,NON,write-in,56
Steele,Public Service Commissioner,,DEM,Todd Reisenauer,232
Steele,Public Service Commissioner,,DEM,write-in,0
Steele,Public Service Commissioner,,REP,Brian P Kalk,310
Steele,Public Service Commissioner,,REP,write-in,0
Steele,Public Service Commissioner Unexpired 2-Year Term,,DEM,Tyler Axness,231
Steele,Public Service Commissioner Unexpired 2-Year Term,,DEM,write-in,0
Steele,Public Service Commissioner Unexpired 2-Year Term,,REP,Julie Fedorchak,299
Steele,Public Service Commissioner Unexpired 2-Year Term,,REP,write-in,0
Steele,Secretary of State,,DEM,April Fairfield,236
Steele,Secretary of State,,DEM,write-in,0
Steele,Secretary of State,,LIB,Roland Riemers,5
Steele,Secretary of State,,LIB,write-in,0
Steele,Secretary of State,,REP,Alvin A (Al) Jaeger,311
Steele,Secretary of State,,REP,write-in,0
Steele,State House,23,DEM,Austin Langley,191
Steele,State House,23,DEM,Ben Vig,226
Steele,State House,23,DEM,write-in,3
Steele,State House,23,REP,Bill Devlin,307
Steele,State House,23,REP,Don Vigesaa,305
Steele,State House,23,REP,write-in,0
Steele,State Senate,23,DEM,Joan M Heckaman,253
Steele,State Senate,23,DEM,write-in,0
Steele,State Senate,23,REP,John Jacobson,307
Steele,State Senate,23,REP,write-in,0
Steele,Steele,,,No,96
Steele,Steele,,,Yes,533
Steele,Tax Commissioner,,DEM,Jason Astrup,234
Steele,Tax Commissioner,,DEM,write-in,0
Steele,Tax Commissioner,,LIB,Anthony Mangnall,5
Steele,Tax Commissioner,,LIB,write-in,0
Steele,Tax Commissioner,,REP,Ryan Rauschenberger,309
Steele,Tax Commissioner,,REP,write-in,1
Steele,U.S. House,1,DEM,George Sinner,255
Steele,U.S. House,1,DEM,write-in,2
Steele,U.S. House,1,LIB,"Robert J ""Jack"" Seaman",6
Steele,U.S. House,1,LIB,write-in,0
Steele,U.S. House,1,REP,Kevin Cramer,312
Steele,U.S. House,1,REP,write-in,0
Stutsman,Agriculture Commissioner,,DEM,Ryan Taylor,983
Stutsman,Agriculture Commissioner,,DEM,write-in,0
Stutsman,Agriculture Commissioner,,REP,Doug Goehring,1441
Stutsman,Agriculture Commissioner,,REP,write-in,0
Stutsman,Attorney General,,DEM,Kiara Kraus-Parr,922
Stutsman,Attorney General,,DEM,write-in,0
Stutsman,Attorney General,,REP,Wayne Stenehjem,1477
Stutsman,Attorney General,,REP,write-in,3
Stutsman,Constitutional Measure No. 1 Relating to the adjustment of deadlines for initiated measure petitions,,,No,1305
Stutsman,Constitutional Measure No. 1 Relating to the adjustment of deadlines for initiated measure petitions,,,Yes,1226
Stutsman,Council Member Jamestown,,NON,Dwaine Heinrich,776
Stutsman,Council Member Jamestown,,NON,Ramone Gumke,1487
Stutsman,Council Member Jamestown,,NON,write-in,7
Stutsman,County Commissioner Stutsman,,NON,Craig Neys,1930
Stutsman,County Commissioner Stutsman,,NON,Dale Marks,1987
Stutsman,County Commissioner Stutsman,,NON,Dennis (Denny) Ova,1969
Stutsman,County Commissioner Stutsman,,NON,Nellie Degen,1082
Stutsman,County Commissioner Stutsman,,NON,write-in,13
Stutsman,County Official Newspaper Stutsman,,NON,The Jamestown Sun,2249
Stutsman,County Sheriff Stutsman,,NON,Chad Kaiser,2516
Stutsman,County Sheriff Stutsman,,NON,write-in,6
Stutsman,County State's Attorney Stutsman,,NON,Fritz Fremgen,2197
Stutsman,County State's Attorney Stutsman,,NON,write-in,41
Stutsman,"Director, Garrison Diversion Conservancy Stutsman",,NON,Geneva Kaiser,2157
Stutsman,"Director, Garrison Diversion Conservancy Stutsman",,NON,write-in,8
Stutsman,Jamestown School Dist #1,,,No,352
Stutsman,Jamestown School Dist #1,,,Yes,2039
Stutsman,Judge of the District Court No. 4 Unexpired 2-Year Term Southeast,,NON,James D Hovey,2088
Stutsman,Judge of the District Court No. 4 Unexpired 2-Year Term Southeast,,NON,write-in,6
Stutsman,Justice of the Supreme Court,,NON,Gerald W VandeWalle,2144
Stutsman,Justice of the Supreme Court,,NON,write-in,7
Stutsman,Mayor Jamestown,,NON,Katie Andersen,1370
Stutsman,Mayor Jamestown,,NON,Pamela K Phillips,924
Stutsman,Mayor Jamestown,,NON,write-in,34
Stutsman,Municipal Judge Jamestown,,NON,Timothy J Ottmar,1865
Stutsman,Municipal Judge Jamestown,,NON,write-in,16
Stutsman,Park Board Member Jamestown Park,,NON,Kevin Miller,1137
Stutsman,Park Board Member Jamestown Park,,NON,Larry Knoblich,1559
Stutsman,Park Board Member Jamestown Park,,NON,Mike Landscoot,1689
Stutsman,Park Board Member Jamestown Park,,NON,Richard Ryan,1167
Stutsman,Park Board Member Jamestown Park,,NON,write-in,11
Stutsman,Public Service Commissioner,,DEM,Todd Reisenauer,940
Stutsman,Public Service Commissioner,,DEM,write-in,1
Stutsman,Public Service Commissioner,,REP,Brian P Kalk,1432
Stutsman,Public Service Commissioner,,REP,write-in,0
Stutsman,Public Service Commissioner Unexpired 2-Year Term,,DEM,Tyler Axness,934
Stutsman,Public Service Commissioner Unexpired 2-Year Term,,DEM,write-in,0
Stutsman,Public Service Commissioner Unexpired 2-Year Term,,REP,Julie Fedorchak,1400
Stutsman,Public Service Commissioner Unexpired 2-Year Term,,REP,write-in,0
Stutsman,School Board Member Jamestown School Dist #1,,NON,Bob Toso,1480
Stutsman,School Board Member Jamestown School Dist #1,,NON,Greg Allen,1875
Stutsman,School Board Member Jamestown School Dist #1,,NON,Heidi Heim Larson,1833
Stutsman,School Board Member Jamestown School Dist #1,,NON,Mindi Schmitz,1622
Stutsman,School Board Member Jamestown School Dist #1,,NON,write-in,840
Stutsman,Secretary of State,,DEM,April Fairfield,1006
Stutsman,Secretary of State,,DEM,write-in,0
Stutsman,Secretary of State,,LIB,Roland Riemers,61
Stutsman,Secretary of State,,LIB,write-in,1
Stutsman,Secretary of State,,REP,Alvin A (Al) Jaeger,1452
Stutsman,Secretary of State,,REP,write-in,1
Stutsman,State House,29,DEM,Charles Linderman,194
Stutsman,State House,29,DEM,Lori Carlson,214
Stutsman,State House,29,DEM,write-in,0
Stutsman,State House,29,REP,Chet Pollert,367
Stutsman,State House,29,REP,Craig Headland,361
Stutsman,State House,29,REP,write-in,1
Stutsman,State Senate,29,DEM,Jeff Piehl,229
Stutsman,State Senate,29,DEM,write-in,0
Stutsman,State Senate,29,REP,Terry M Wanzek,413
Stutsman,State Senate,29,REP,write-in,0
Stutsman,Tax Commissioner,,DEM,Jason Astrup,951
Stutsman,Tax Commissioner,,DEM,write-in,0
Stutsman,Tax Commissioner,,LIB,Anthony Mangnall,60
Stutsman,Tax Commissioner,,LIB,write-in,1
Stutsman,Tax Commissioner,,REP,Ryan Rauschenberger,1412
Stutsman,Tax Commissioner,,REP,write-in,1
Stutsman,U.S. House,1,DEM,George Sinner,1027
Stutsman,U.S. House,1,DEM,write-in,1
Stutsman,U.S. House,1,LIB,"Robert J ""Jack"" Seaman",58
Stutsman,U.S. House,1,LIB,write-in,1
Stutsman,U.S. House,1,REP,Kevin Cramer,1450
Stutsman,U.S. House,1,REP,write-in,3
Towner,Agriculture Commissioner,,DEM,Ryan Taylor,201
Towner,Agriculture Commissioner,,DEM,write-in,0
Towner,Agriculture Commissioner,,REP,Doug Goehring,277
Towner,Agriculture Commissioner,,REP,write-in,0
Towner,Attorney General,,DEM,Kiara Kraus-Parr,180
Towner,Attorney General,,DEM,write-in,0
Towner,Attorney General,,REP,Wayne Stenehjem,284
Towner,Attorney General,,REP,write-in,0
Towner,Constitutional Measure No. 1 Relating to the adjustment of deadlines for initiated measure petitions,,,No,246
Towner,Constitutional Measure No. 1 Relating to the adjustment of deadlines for initiated measure petitions,,,Yes,258
Towner,Council Member Cando,,NON,Dana D. Timms,83
Towner,Council Member Cando,,NON,Gary Shock,266
Towner,Council Member Cando,,NON,Paige Sullivan,84
Towner,Council Member Cando,,NON,Rollie Bjornstad,194
Towner,Council Member Cando,,NON,Troy Senger,249
Towner,Council Member Cando,,NON,write-in,9
Towner,Council Member Unexpired 2-Year Term Cando,,NON,Chad Staus,251
Towner,Council Member Unexpired 2-Year Term Cando,,NON,Reed Westlind,276
Towner,Council Member Unexpired 2-Year Term Cando,,NON,write-in,8
Towner,County Commissioner Towner - District 2,,NON,Doug Berg,479
Towner,County Commissioner Towner - District 2,,NON,write-in,4
Towner,County Commissioner Towner - District 4,,NON,David Lagein,492
Towner,County Commissioner Towner - District 4,,NON,write-in,3
Towner,County Official Newspaper Towner,,NON,Towner County Record Herald,463
Towner,County Recorder/Clerk of District Court Towner,,NON,Jolene D Hoffert,506
Towner,County Recorder/Clerk of District Court Towner,,NON,write-in,2
Towner,County Sheriff Towner,,NON,Andrew Hillier,242
Towner,County Sheriff Towner,,NON,Dustin Kuchar,290
Towner,County Sheriff Towner,,NON,write-in,3
Towner,County State's Attorney Towner,,NON,Tom Nikolaisen Jr,482
Towner,County State's Attorney Towner,,NON,write-in,6
Towner,Judge of the District Court No. 3 Northeast,,NON,Michael G Sturdevant,432
Towner,Judge of the District Court No. 3 Northeast,,NON,write-in,0
Towner,Judge of the District Court No. 4 Northeast,,NON,Donovan Foughty,472
Towner,Judge of the District Court No. 4 Northeast,,NON,write-in,4
Towner,Justice of the Supreme Court,,NON,Gerald W VandeWalle,436
Towner,Justice of the Supreme Court,,NON,write-in,2
Towner,Mayor Cando,,NON,Mark Brehm,282
Towner,Mayor Cando,,NON,Sherea D Orrill,17
Towner,Mayor Cando,,NON,write-in,14
Towner,Municipal Judge Cando,,NON,Robert D Timms,240
Towner,Municipal Judge Cando,,NON,write-in,13
Towner,Park Board Member Cando Park,,NON,Jennifer Heisler,285
Towner,Park Board Member Cando Park,,NON,Lee B. Johnson,231
Towner,Park Board Member Cando Park,,NON,write-in,30
Towner,Public Service Commissioner,,DEM,Todd Reisenauer,178
Towner,Public Service Commissioner,,DEM,write-in,0
Towner,Public Service Commissioner,,REP,Brian P Kalk,265
Towner,Public Service Commissioner,,REP,write-in,1
Towner,Public Service Commissioner Unexpired 2-Year Term,,DEM,Tyler Axness,181
Towner,Public Service Commissioner Unexpired 2-Year Term,,DEM,write-in,0
Towner,Public Service Commissioner Unexpired 2-Year Term,,REP,Julie Fedorchak,260
Towner,Public Service Commissioner Unexpired 2-Year Term,,REP,write-in,1
Towner,Secretary of State,,DEM,April Fairfield,183
Towner,Secretary of State,,DEM,write-in,0
Towner,Secretary of State,,LIB,Roland Riemers,5
Towner,Secretary of State,,LIB,write-in,0
Towner,Secretary of State,,REP,Alvin A (Al) Jaeger,278
Towner,Secretary of State,,REP,write-in,0
Towner,State House,15,DEM,write-in,6
Towner,State House,15,REP,Curt Hofstad,253
Towner,State House,15,REP,Dennis Johnson,249
Towner,State House,15,REP,write-in,0
Towner,State Senate,15,DEM,write-in,9
Towner,State Senate,15,REP,Dave Oehlke,277
Towner,State Senate,15,REP,write-in,0
Towner,Tax Commissioner,,DEM,Jason Astrup,179
Towner,Tax Commissioner,,DEM,write-in,0
Towner,Tax Commissioner,,LIB,Anthony Mangnall,5
Towner,Tax Commissioner,,LIB,write-in,0
Towner,Tax Commissioner,,REP,Ryan Rauschenberger,261
Towner,Tax Commissioner,,REP,write-in,1
Towner,Towner,,,No,255
Towner,Towner,,,Yes,284
Towner,U.S. House,1,DEM,George Sinner,204
Towner,U.S. House,1,DEM,write-in,0
Towner,U.S. House,1,LIB,"Robert J ""Jack"" Seaman",5
Towner,U.S. House,1,LIB,write-in,0
Towner,U.S. House,1,REP,Kevin Cramer,285
Towner,U.S. House,1,REP,write-in,0
Traill,Agriculture Commissioner,,DEM,Ryan Taylor,566
Traill,Agriculture Commissioner,,DEM,write-in,1
Traill,Agriculture Commissioner,,REP,Doug Goehring,605
Traill,Agriculture Commissioner,,REP,write-in,2
Traill,Attorney General,,DEM,Kiara Kraus-Parr,541
Traill,Attorney General,,DEM,write-in,0
Traill,Attorney General,,REP,Wayne Stenehjem,612
Traill,Attorney General,,REP,write-in,0
Traill,Commission President Hillsboro,,NON,Mark Forseth,278
Traill,Commission President Hillsboro,,NON,write-in,3
Traill,Commissioner Hillsboro,,NON,Curt Kaufman,237
Traill,Commissioner Hillsboro,,NON,David R Sather,259
Traill,Commissioner Hillsboro,,NON,write-in,11
Traill,Constitutional Measure No. 1 Relating to the adjustment of deadlines for initiated measure petitions,,,No,535
Traill,Constitutional Measure No. 1 Relating to the adjustment of deadlines for initiated measure petitions,,,Yes,626
Traill,Council Member Buxton,,NON,write-in,42
Traill,Council Member Clifford,,NON,write-in,8
Traill,Council Member Galesburg,,NON,write-in,38
Traill,Council Member Hatton,,NON,Annette Glennon,46
Traill,Council Member Hatton,,NON,Bernie Johnson,74
Traill,Council Member Hatton,,NON,Curtis Huus,85
Traill,Council Member Hatton,,NON,J David Vold,92
Traill,Council Member Hatton,,NON,write-in,3
Traill,Council Member Mayville,,NON,James R Hodges,76
Traill,Council Member Mayville,,NON,"Larry O""Brien",159
Traill,Council Member Mayville,,NON,Ray Petersen,191
Traill,Council Member Mayville,,NON,Robert D Jorgensen,139
Traill,Council Member Mayville,,NON,write-in,48
Traill,Council Member Portland,,NON,JoAnna Nielson,88
Traill,Council Member Portland,,NON,write-in,21
Traill,Council Member Reynolds,,NON,David Scholand,25
Traill,Council Member Reynolds,,NON,Dorian Beck,28
Traill,Council Member Reynolds,,NON,Robert Sirek,7
Traill,Council Member Reynolds,,NON,write-in,0
Traill,County Auditor Traill,,NON,Rebecca M Braaten,1202
Traill,County Auditor Traill,,NON,write-in,2
Traill,County Clerk of District Court Traill,,NON,Paulette Bowersox,1189
Traill,County Clerk of District Court Traill,,NON,write-in,0
Traill,County Commissioner Traill - District 1,,NON,Kyle L Stern,88
Traill,County Commissioner Traill - District 1,,NON,Mike Crocker,123
Traill,County Commissioner Traill - District 1,,NON,Thomas Eblen,91
Traill,County Commissioner Traill - District 1,,NON,write-in,0
Traill,County Commissioner Traill - District 3,,NON,Gail Mooney,83
Traill,County Commissioner Traill - District 3,,NON,Kendall Nesvig,198
Traill,County Commissioner Traill - District 3,,NON,write-in,0
Traill,County Commissioner Traill - District 5,,NON,Leslie (Les) Amb,218
Traill,County Commissioner Traill - District 5,,NON,write-in,6
Traill,County Official Newspaper Traill,,NON,Hillsboro Banner,580
Traill,County Official Newspaper Traill,,NON,Traill County Tribune,715
Traill,County Recorder Traill,,NON,Marlene Eblen,1180
Traill,County Recorder Traill,,NON,write-in,0
Traill,County Sheriff Traill,,NON,Steve Hunt,1232
Traill,County Sheriff Traill,,NON,write-in,3
Traill,County State's Attorney Traill,,NON,Stuart A Larson,1056
Traill,County State's Attorney Traill,,NON,write-in,44
Traill,County Treasurer Traill,,NON,Connie M Weber,1196
Traill,County Treasurer Traill,,NON,write-in,1
Traill,"Director, Garrison Diversion Conservancy Traill",,NON,Bill Krivarchka,1158
Traill,"Director, Garrison Diversion Conservancy Traill",,NON,write-in,2
Traill,Hatton,,,No,37
Traill,Hatton,,,Yes,66
Traill,Judge of the District Court No. 1 East Central,,NON,Adele Page,204
Traill,Judge of the District Court No. 1 East Central,,NON,Connie Cleveland,303
Traill,Judge of the District Court No. 1 East Central,,NON,Susan L Bailey,397
Traill,Judge of the District Court No. 1 East Central,,NON,Tristan Van de Streek,168
Traill,Judge of the District Court No. 1 East Central,,NON,write-in,1
Traill,Judge of the District Court No. 5 East Central,,NON,Frank L Racek,1105
Traill,Judge of the District Court No. 5 East Central,,NON,write-in,1
Traill,Judge of the District Court No. 7 East Central,,NON,Wade Webb,1120
Traill,Judge of the District Court No. 7 East Central,,NON,write-in,0
Traill,Justice of the Supreme Court,,NON,Gerald W VandeWalle,1115
Traill,Justice of the Supreme Court,,NON,write-in,1
Traill,Mayor Clifford,,NON,Shelia Anderson,5
Traill,Mayor Clifford,,NON,write-in,0
Traill,Mayor Galesburg,,NON,write-in,20
Traill,Mayor Hatton,,NON,Douglas R Meier,94
Traill,Mayor Hatton,,NON,write-in,7
Traill,Mayor Mayville,,NON,Donald A Moen,193
Traill,Mayor Mayville,,NON,write-in,10
Traill,Mayor Reynolds,,NON,Lloyd Kennedy,24
Traill,Mayor Reynolds,,NON,write-in,4
Traill,Municipal Judge Mayville,,NON,Thomas R Moe,207
Traill,Municipal Judge Mayville,,NON,write-in,1
Traill,Park Board Member Buxton Park,,NON,write-in,49
Traill,Park Board Member Galesburg Park,,NON,write-in,19
Traill,Park Board Member Hatton Park,,NON,Barbara A Huus,97
Traill,Park Board Member Hatton Park,,NON,Dawn Heskin,97
Traill,Park Board Member Hatton Park,,NON,Kayla Smith,95
Traill,Park Board Member Hatton Park,,NON,write-in,0
Traill,Park Board Member Hillsboro Park,,NON,Darren A Wright,279
Traill,Park Board Member Hillsboro Park,,NON,Ray Weber,248
Traill,Park Board Member Hillsboro Park,,NON,Tim C E Kelley,255
Traill,Park Board Member Hillsboro Park,,NON,write-in,8
Traill,Park Board Member Mayville Park,,NON,David Torgeson,204
Traill,Park Board Member Mayville Park,,NON,Eric Nygaard,191
Traill,Park Board Member Mayville Park,,NON,write-in,2
Traill,Park Board Member Portland Park,,NON,Bart Aamold,60
Traill,Park Board Member Portland Park,,NON,Merle Strand,75
Traill,Park Board Member Portland Park,,NON,Sherman Thykeson,50
Traill,Park Board Member Portland Park,,NON,write-in,0
Traill,Park Board Member Reynolds Park,,NON,write-in,10
Traill,Park Board Member Unexpired 2-Year Term Hillsboro Park,,NON,Cody B Harstad,277
Traill,Park Board Member Unexpired 2-Year Term Hillsboro Park,,NON,write-in,1
Traill,Public Service Commissioner,,DEM,Todd Reisenauer,542
Traill,Public Service Commissioner,,DEM,write-in,0
Traill,Public Service Commissioner,,REP,Brian P Kalk,607
Traill,Public Service Commissioner,,REP,write-in,0
Traill,Public Service Commissioner Unexpired 2-Year Term,,DEM,Tyler Axness,540
Traill,Public Service Commissioner Unexpired 2-Year Term,,DEM,write-in,0
Traill,Public Service Commissioner Unexpired 2-Year Term,,REP,Julie Fedorchak,596
Traill,Public Service Commissioner Unexpired 2-Year Term,,REP,write-in,2
Traill,School Board Member - Area 2 Hillsboro School,,NON,Richard Diehl,404
Traill,School Board Member - Area 2 Hillsboro School,,NON,write-in,3
Traill,School Board Member - Area 4 Northern Cass School,,NON,Lori Steffes,16
Traill,School Board Member - Area 4 Northern Cass School,,NON,write-in,0
Traill,School Board Member - Area 5 Northern Cass School,,NON,Brad Bjerke,15
Traill,School Board Member - Area 5 Northern Cass School,,NON,write-in,0
Traill,School Board Member - Hillsboro City Hillsboro School,,NON,Paul Kozojed,275
Traill,School Board Member - Hillsboro City Hillsboro School,,NON,Shawn Skager,159
Traill,School Board Member - Hillsboro City Hillsboro School,,NON,write-in,0
Traill,School Board Member - Zone 3 & 4 Mayport CG School Dist #14,,NON,write-in,48
Traill,School Board Member - Zone 6 & 7 Mayport CG School Dist #14,,NON,Renee Torgeson,462
Traill,School Board Member - Zone 6 & 7 Mayport CG School Dist #14,,NON,write-in,2
Traill,School Board Member - Zone 8 & 9 Mayport CG School Dist #14,,NON,David Ust,437
Traill,School Board Member - Zone 8 & 9 Mayport CG School Dist #14,,NON,write-in,4
Traill,Secretary of State,,DEM,April Fairfield,546
Traill,Secretary of State,,DEM,write-in,1
Traill,Secretary of State,,LIB,Roland Riemers,11
Traill,Secretary of State,,LIB,write-in,0
Traill,Secretary of State,,REP,Alvin A (Al) Jaeger,605
Traill,Secretary of State,,REP,write-in,0
Traill,Tax Commissioner,,DEM,Jason Astrup,533
Traill,Tax Commissioner,,DEM,write-in,0
Traill,Tax Commissioner,,LIB,Anthony Mangnall,12
Traill,Tax Commissioner,,LIB,write-in,0
Traill,Tax Commissioner,,REP,Ryan Rauschenberger,597
Traill,Tax Commissioner,,REP,write-in,1
Traill,U.S. House,1,DEM,George Sinner,575
Traill,U.S. House,1,DEM,write-in,0
Traill,U.S. House,1,LIB,"Robert J ""Jack"" Seaman",12
Traill,U.S. House,1,LIB,write-in,0
Traill,U.S. House,1,REP,Kevin Cramer,605
Traill,U.S. House,1,REP,write-in,3
Walsh,Agriculture Commissioner,,DEM,Ryan Taylor,643
Walsh,Agriculture Commissioner,,DEM,write-in,1
Walsh,Agriculture Commissioner,,REP,Doug Goehring,1143
Walsh,Agriculture Commissioner,,REP,write-in,1
Walsh,Amend Ordinance 3.a Park River,,,No,159
Walsh,Amend Ordinance 3.a Park River,,,Yes,265
Walsh,Attorney General,,DEM,Kiara Kraus-Parr,593
Walsh,Attorney General,,DEM,write-in,0
Walsh,Attorney General,,REP,Wayne Stenehjem,1172
Walsh,Attorney General,,REP,write-in,0
Walsh,Constitutional Measure No. 1 Relating to the adjustment of deadlines for initiated measure petitions,,,No,898
Walsh,Constitutional Measure No. 1 Relating to the adjustment of deadlines for initiated measure petitions,,,Yes,1079
Walsh,Council Member Adams,,NON,James Drevecky,25
Walsh,Council Member Adams,,NON,Mark Bata,13
Walsh,Council Member Adams,,NON,write-in,10
Walsh,Council Member Ardoch,,NON,write-in,0
Walsh,Council Member Conway,,NON,write-in,7
Walsh,Council Member Edinburg,,NON,Thomas J Hall,65
Walsh,Council Member Edinburg,,NON,write-in,14
Walsh,Council Member Fordville,,NON,Michael Gemmill,43
Walsh,Council Member Fordville,,NON,"Roberta ""Robin"" Carlson",39
Walsh,Council Member Fordville,,NON,write-in,4
Walsh,Council Member Forest River,,NON,Dale Korynta,19
Walsh,Council Member Forest River,,NON,Lee Ferguson,16
Walsh,Council Member Forest River,,NON,write-in,1
Walsh,Council Member Grafton,,NON,Brian Sieben,445
Walsh,Council Member Grafton,,NON,Chris A Lipsh,481
Walsh,Council Member Grafton,,NON,David Fellman,434
Walsh,Council Member Grafton,,NON,Mary Stark,476
Walsh,Council Member Grafton,,NON,Tim McDonald,416
Walsh,Council Member Grafton,,NON,Travis Ostlie,265
Walsh,Council Member Grafton,,NON,write-in,6
Walsh,Council Member Hoople,,NON,Ronald Hultin,32
Walsh,Council Member Hoople,,NON,Scott Salwei,28
Walsh,Council Member Hoople,,NON,write-in,0
Walsh,Council Member Lankin,,NON,John R Shirek,29
Walsh,Council Member Lankin,,NON,Sean M Hjelle,22
Walsh,Council Member Lankin,,NON,write-in,0
Walsh,Council Member Minto,,NON,Allen Gerszewski,71
Walsh,Council Member Minto,,NON,Larry Jamieson,92
Walsh,Council Member Minto,,NON,write-in,17
Walsh,Council Member Park River Ward 1,,NON,Dwight Byron,141
Walsh,Council Member Park River Ward 1,,NON,write-in,4
Walsh,Council Member Park River Ward 2,,NON,Arvid Knutson,124
Walsh,Council Member Park River Ward 2,,NON,write-in,2
Walsh,Council Member Park River Ward 3,,NON,Karl Blake,97
Walsh,Council Member Park River Ward 3,,NON,write-in,2
Walsh,Council Member Pisek,,NON,David Dahlgren,16
Walsh,Council Member Pisek,,NON,write-in,0
Walsh,County Commissioner Walsh,,NON,Allen Ruzicka,1167
Walsh,County Commissioner Walsh,,NON,Ernie Barta,1341
Walsh,County Commissioner Walsh,,NON,Lawrence Burianek,1361
Walsh,County Commissioner Walsh,,NON,Loren Moe,733
Walsh,County Commissioner Walsh,,NON,Luther Meberg,1360
Walsh,County Commissioner Walsh,,NON,write-in,24
Walsh,County Official Newspaper Walsh,,NON,The Walsh County Record,1994
Walsh,County Recorder Walsh,,NON,Diane M Link,1952
Walsh,County Recorder Walsh,,NON,write-in,3
Walsh,County Sheriff Walsh,,NON,Ron Jurgens,1434
Walsh,County Sheriff Walsh,,NON,Ronald E Nord,826
Walsh,County Sheriff Walsh,,NON,write-in,16
Walsh,County State's Attorney Walsh,,NON,Barbara L Whelan,1922
Walsh,County State's Attorney Walsh,,NON,write-in,22
Walsh,County Treasurer Walsh,,NON,Carole DeMars,744
Walsh,County Treasurer Walsh,,NON,Jill Trenda,1516
Walsh,County Treasurer Walsh,,NON,write-in,0
Walsh,Judge of the District Court No. 3 Northeast,,NON,Michael G Sturdevant,1763
Walsh,Judge of the District Court No. 3 Northeast,,NON,write-in,3
Walsh,Judge of the District Court No. 4 Northeast,,NON,Donovan Foughty,1759
Walsh,Judge of the District Court No. 4 Northeast,,NON,write-in,2
Walsh,Justice of the Supreme Court,,NON,Gerald W VandeWalle,1790
Walsh,Justice of the Supreme Court,,NON,write-in,1
Walsh,Mayor Ardoch,,NON,write-in,0
Walsh,Mayor Edinburg,,NON,Robert Halldorson,56
Walsh,Mayor Edinburg,,NON,write-in,8
Walsh,Mayor Fairdale,,NON,Wayne Aune,17
Walsh,Mayor Fairdale,,NON,write-in,4
Walsh,Mayor Forest River,,NON,Ivan Muir,17
Walsh,Mayor Forest River,,NON,write-in,1
Walsh,Mayor Grafton,,NON,Chris West,649
Walsh,Mayor Grafton,,NON,write-in,15
Walsh,Mayor Hoople,,NON,Rodger Hall,35
Walsh,Mayor Hoople,,NON,write-in,0
Walsh,Mayor Park River,,NON,Dan Stenvold,367
Walsh,Mayor Park River,,NON,write-in,14
Walsh,Mayor Pisek,,NON,Donald Greicar,16
Walsh,Mayor Pisek,,NON,write-in,1
Walsh,Park Board Member Adams Park,,NON,write-in,20
Walsh,Park Board Member Edinburg Park,,NON,David Monson,64
Walsh,Park Board Member Edinburg Park,,NON,write-in,32
Walsh,Park Board Member Fordville Park,,NON,Alissa Foerster,34
Walsh,Park Board Member Fordville Park,,NON,Joshua Rudnik,33
Walsh,Park Board Member Fordville Park,,NON,write-in,18
Walsh,Park Board Member Forest River Park,,NON,Jared Muir,15
Walsh,Park Board Member Forest River Park,,NON,write-in,1
Walsh,Park Board Member Grafton Park,,NON,Bradley J Burianek,475
Walsh,Park Board Member Grafton Park,,NON,Cory Burns,544
Walsh,Park Board Member Grafton Park,,NON,Doug Johnson,358
Walsh,Park Board Member Grafton Park,,NON,Scott Hills,522
Walsh,Park Board Member Grafton Park,,NON,write-in,9
Walsh,Park Board Member Hoople Park,,NON,write-in,22
Walsh,Park Board Member Lankin Park,,NON,write-in,10
Walsh,Park Board Member Minto Park,,NON,write-in,107
Walsh,Park Board Member Park River Park,,NON,Andrew Lindell,378
Walsh,Park Board Member Park River Park,,NON,write-in,42
Walsh,Public Service Commissioner,,DEM,Todd Reisenauer,582
Walsh,Public Service Commissioner,,DEM,write-in,0
Walsh,Public Service Commissioner,,REP,Brian P Kalk,1138
Walsh,Public Service Commissioner,,REP,write-in,0
Walsh,Public Service Commissioner Unexpired 2-Year Term,,DEM,Tyler Axness,584
Walsh,Public Service Commissioner Unexpired 2-Year Term,,DEM,write-in,0
Walsh,Public Service Commissioner Unexpired 2-Year Term,,REP,Julie Fedorchak,1079
Walsh,Public Service Commissioner Unexpired 2-Year Term,,REP,write-in,5
Walsh,Secretary of State,,DEM,April Fairfield,599
Walsh,Secretary of State,,DEM,write-in,0
Walsh,Secretary of State,,LIB,Roland Riemers,22
Walsh,Secretary of State,,LIB,write-in,0
Walsh,Secretary of State,,REP,Alvin A (Al) Jaeger,1136
Walsh,Secretary of State,,REP,write-in,0
Walsh,State House,19,DEM,Carol Gierszewski,336
Walsh,State House,19,DEM,write-in,3
Walsh,State House,19,REP,Gary Paur,551
Walsh,State House,19,REP,H. Steve Burke,248
Walsh,State House,19,REP,Wayne A Trottier,585
Walsh,State House,19,REP,write-in,1
Walsh,State Senate,19,DEM,"Robert ""Tork"" Kilichowski",348
Walsh,State Senate,19,DEM,write-in,0
Walsh,State Senate,19,REP,Tom Campbell,767
Walsh,State Senate,19,REP,write-in,6
Walsh,Tax Commissioner,,DEM,Jason Astrup,598
Walsh,Tax Commissioner,,DEM,write-in,0
Walsh,Tax Commissioner,,LIB,Anthony Mangnall,22
Walsh,Tax Commissioner,,LIB,write-in,0
Walsh,Tax Commissioner,,REP,Ryan Rauschenberger,1101
Walsh,Tax Commissioner,,REP,write-in,2
Walsh,U.S. House,1,DEM,George Sinner,667
Walsh,U.S. House,1,DEM,write-in,0
Walsh,U.S. House,1,LIB,"Robert J ""Jack"" Seaman",24
Walsh,U.S. House,1,LIB,write-in,0
Walsh,U.S. House,1,REP,Kevin Cramer,1173
Walsh,U.S. House,1,REP,write-in,4
Ward,Agriculture Commissioner,,DEM,Ryan Taylor,1072
Ward,Agriculture Commissioner,,DEM,write-in,1
Ward,Agriculture Commissioner,,REP,Doug Goehring,2318
Ward,Agriculture Commissioner,,REP,write-in,4
Ward,Attorney General,,DEM,Kiara Kraus-Parr,985
Ward,Attorney General,,DEM,write-in,1
Ward,Attorney General,,REP,Wayne Stenehjem,2362
Ward,Attorney General,,REP,write-in,3
Ward,City Measure 1 Minot,,,No,264
Ward,City Measure 1 Minot,,,Yes,2255
Ward,Constitutional Measure No. 1 Relating to the adjustment of deadlines for initiated measure petitions,,,No,1437
Ward,Constitutional Measure No. 1 Relating to the adjustment of deadlines for initiated measure petitions,,,Yes,1944
Ward,Council Member Minot Ward 1,,NON,David Lehner,154
Ward,Council Member Minot Ward 1,,NON,Robert Timm,127
Ward,Council Member Minot Ward 1,,NON,write-in,2
Ward,Council Member Minot Ward 2,,NON,Benjamin Berg,186
Ward,Council Member Minot Ward 2,,NON,write-in,7
Ward,Council Member Minot Ward 3,,NON,Dean Frantsvog,292
Ward,Council Member Minot Ward 3,,NON,write-in,12
Ward,Council Member Minot Ward 4,,NON,Milton Miller,357
Ward,Council Member Minot Ward 4,,NON,write-in,13
Ward,Council Member Minot Ward 5,,NON,Miranda Schuler,170
Ward,Council Member Minot Ward 5,,NON,Scott Knudsvig,150
Ward,Council Member Minot Ward 5,,NON,write-in,0
Ward,Council Member Minot Ward 6,,NON,Dave Pankow,461
Ward,Council Member Minot Ward 6,,NON,write-in,5
Ward,Council Member Minot Ward 7,,NON,Lisa Olson,261
Ward,Council Member Minot Ward 7,,NON,write-in,7
Ward,County Commissioner Ward,,NON,John Fjeldahl,2290
Ward,County Commissioner Ward,,NON,Kari Lee Conrad,1786
Ward,County Commissioner Ward,,NON,Larry Louser,2154
Ward,County Commissioner Ward,,NON,write-in,26
Ward,County Official Newspaper Ward,,NON,Minot Daily News,3047
Ward,County Sheriff Ward,,NON,Steve P Kukowski,3221
Ward,County Sheriff Ward,,NON,write-in,49
Ward,County State's Attorney Ward,,NON,Rozanna (Roza) C Larson,2955
Ward,County State's Attorney Ward,,NON,write-in,33
Ward,"Director, Garrison Diversion Conservancy Ward",,NON,Alan Walter,3195
Ward,"Director, Garrison Diversion Conservancy Ward",,NON,write-in,37
Ward,Judge of the District Court No. 1 North Central,,NON,Doug Mattson,3123
Ward,Judge of the District Court No. 1 North Central,,NON,write-in,24
Ward,Justice of the Supreme Court,,NON,Gerald W VandeWalle,3017
Ward,Justice of the Supreme Court,,NON,write-in,13
Ward,Mayor Minot,,NON,Chuck Barney,1327
Ward,Mayor Minot,,NON,write-in,1033
Ward,Municipal Judge Minot,,NON,Mark Rasmuson,2121
Ward,Municipal Judge Minot,,NON,write-in,34
Ward,Park Board Member Minot Park Board,,NON,Charles Emery,1443
Ward,Park Board Member Minot Park Board,,NON,Connie Feist,1871
Ward,Park Board Member Minot Park Board,,NON,Nancy Beck,1737
Ward,Park Board Member Minot Park Board,,NON,Richard Sabol,1290
Ward,Park Board Member Minot Park Board,,NON,write-in,44
Ward,Public Service Commissioner,,DEM,Todd Reisenauer,1003
Ward,Public Service Commissioner,,DEM,write-in,1
Ward,Public Service Commissioner,,REP,Brian P Kalk,2290
Ward,Public Service Commissioner,,REP,write-in,2
Ward,Public Service Commissioner Unexpired 2-Year Term,,DEM,Tyler Axness,1005
Ward,Public Service Commissioner Unexpired 2-Year Term,,DEM,write-in,0
Ward,Public Service Commissioner Unexpired 2-Year Term,,REP,Julie Fedorchak,2266
Ward,Public Service Commissioner Unexpired 2-Year Term,,REP,write-in,5
Ward,School Board Member Minot School District,,NON,Chris Baker,745
Ward,School Board Member Minot School District,,NON,Lachelle Smith,657
Ward,School Board Member Minot School District,,NON,Laura Mihalick,1609
Ward,School Board Member Minot School District,,NON,Steven D Velk,1553
Ward,School Board Member Minot School District,,NON,write-in,16
Ward,Secretary of State,,DEM,April Fairfield,1011
Ward,Secretary of State,,DEM,write-in,0
Ward,Secretary of State,,LIB,Roland Riemers,57
Ward,Secretary of State,,LIB,write-in,0
Ward,Secretary of State,,REP,Alvin A (Al) Jaeger,2334
Ward,Secretary of State,,REP,write-in,5
Ward,State House,3,DEM,Cindy Wilhelm,219
Ward,State House,3,DEM,Lee A Snyder,220
Ward,State House,3,DEM,write-in,0
Ward,State House,3,REP,Andrew Maragos,444
Ward,State House,3,REP,Roscoe Streyle,408
Ward,State House,3,REP,write-in,4
Ward,State House,5,DEM,Heidi Elise Rintoul,221
Ward,State House,5,DEM,Judy Vendsel,226
Ward,State House,5,DEM,write-in,0
Ward,State House,5,REP,Roger Brabandt,580
Ward,State House,5,REP,Scott Louser,625
Ward,State House,5,REP,write-in,7
Ward,State Senate,3,DEM,Lisa Wolf,262
Ward,State Senate,3,DEM,write-in,1
Ward,State Senate,3,REP,Oley Larsen,485
Ward,State Senate,3,REP,write-in,3
Ward,State Senate,5,DEM,Bill Klimpel,259
Ward,State Senate,5,DEM,write-in,0
Ward,State Senate,5,REP,Randy Burckhard,695
Ward,State Senate,5,REP,write-in,5
Ward,Tax Commissioner,,DEM,Jason Astrup,994
Ward,Tax Commissioner,,DEM,write-in,0
Ward,Tax Commissioner,,LIB,Anthony Mangnall,57
Ward,Tax Commissioner,,LIB,write-in,0
Ward,Tax Commissioner,,REP,Ryan Rauschenberger,2285
Ward,Tax Commissioner,,REP,write-in,5
Ward,U.S. House,1,DEM,George Sinner,1068
Ward,U.S. House,1,DEM,write-in,4
Ward,U.S. House,1,LIB,"Robert J ""Jack"" Seaman",61
Ward,U.S. House,1,LIB,write-in,0
Ward,U.S. House,1,REP,Kevin Cramer,2364
Ward,U.S. House,1,REP,write-in,11
Wells,Agriculture Commissioner,,DEM,Ryan Taylor,283
Wells,Agriculture Commissioner,,DEM,write-in,1
Wells,Agriculture Commissioner,,REP,Doug Goehring,692
Wells,Agriculture Commissioner,,REP,write-in,0
Wells,Attorney General,,DEM,Kiara Kraus-Parr,255
Wells,Attorney General,,DEM,write-in,0
Wells,Attorney General,,REP,Wayne Stenehjem,700
Wells,Attorney General,,REP,write-in,0
Wells,City Measure 1 Harvey,,,No,189
Wells,City Measure 1 Harvey,,,Yes,279
Wells,Constitutional Measure No. 1 Relating to the adjustment of deadlines for initiated measure petitions,,,No,421
Wells,Constitutional Measure No. 1 Relating to the adjustment of deadlines for initiated measure petitions,,,Yes,549
Wells,Council Member Fessenden,,NON,Jeffrey E Johnson,149
Wells,Council Member Fessenden,,NON,Jodi Helm,136
Wells,Council Member Fessenden,,NON,write-in,40
Wells,Council Member Harvey,,NON,Ann Marie Adams,323
Wells,Council Member Harvey,,NON,Linda Knudtson,375
Wells,Council Member Harvey,,NON,Michael (Mick) Thompson,262
Wells,Council Member Harvey,,NON,Milo Baltrusch,298
Wells,Council Member Harvey,,NON,write-in,6
Wells,County Auditor Wells,,NON,Janell Rudel,986
Wells,County Auditor Wells,,NON,write-in,5
Wells,County Commissioner District 2 Wells - District 2,,NON,Mychal L Neumiller,403
Wells,County Commissioner District 2 Wells - District 2,,NON,Randi Suckut,639
Wells,County Commissioner District 2 Wells - District 2,,NON,write-in,0
Wells,County Commissioner District 4 Wells - District 4,,NON,Dennis T Dockter,939
Wells,County Commissioner District 4 Wells - District 4,,NON,write-in,1
Wells,County Official Newspaper Wells,,NON,The Herald-Press,916
Wells,County Recorder Wells,,NON,Carrie K Krause,971
Wells,County Recorder Wells,,NON,write-in,1
Wells,County Sheriff Wells,,NON,Jeff Roehrich,405
Wells,County Sheriff Wells,,NON,Johnny Z Lawson,683
Wells,County Sheriff Wells,,NON,write-in,18
Wells,County State's Attorney Wells,,NON,Kathleen K Murray,889
Wells,County State's Attorney Wells,,NON,write-in,24
Wells,County Treasurer Wells,,NON,Joyce R Larson,1000
Wells,County Treasurer Wells,,NON,write-in,0
Wells,"Director, Garrison Diversion Conservancy Wells",,NON,Bill Ongstad,964
Wells,"Director, Garrison Diversion Conservancy Wells",,NON,write-in,3
Wells,Judge of the District Court No. 4 Unexpired 2-Year Term Southeast,,NON,James D Hovey,904
Wells,Judge of the District Court No. 4 Unexpired 2-Year Term Southeast,,NON,write-in,6
Wells,Justice of the Supreme Court,,NON,Gerald W VandeWalle,891
Wells,Justice of the Supreme Court,,NON,write-in,1
Wells,Mayor Fessenden,,NON,write-in,148
Wells,Municipal Judge Harvey,,NON,Dean Klier,421
Wells,Municipal Judge Harvey,,NON,write-in,3
Wells,Park Board Member Fessenden Park,,NON,write-in,99
Wells,Park Board Member Harvey Park,,NON,Bruce Snyder,275
Wells,Park Board Member Harvey Park,,NON,Heather Everson,259
Wells,Park Board Member Harvey Park,,NON,Roger Loerch,364
Wells,Park Board Member Harvey Park,,NON,Sara Balfour,340
Wells,Park Board Member Harvey Park,,NON,write-in,3
Wells,Public Service Commissioner,,DEM,Todd Reisenauer,259
Wells,Public Service Commissioner,,DEM,write-in,0
Wells,Public Service Commissioner,,REP,Brian P Kalk,666
Wells,Public Service Commissioner,,REP,write-in,0
Wells,Public Service Commissioner Unexpired 2-Year Term,,DEM,Tyler Axness,256
Wells,Public Service Commissioner Unexpired 2-Year Term,,DEM,write-in,0
Wells,Public Service Commissioner Unexpired 2-Year Term,,REP,Julie Fedorchak,656
Wells,Public Service Commissioner Unexpired 2-Year Term,,REP,write-in,0
Wells,Secretary of State,,DEM,April Fairfield,262
Wells,Secretary of State,,DEM,write-in,0
Wells,Secretary of State,,LIB,Roland Riemers,8
Wells,Secretary of State,,LIB,write-in,0
Wells,Secretary of State,,REP,Alvin A (Al) Jaeger,691
Wells,Secretary of State,,REP,write-in,0
Wells,Tax Commissioner,,DEM,Jason Astrup,254
Wells,Tax Commissioner,,DEM,write-in,0
Wells,Tax Commissioner,,LIB,Anthony Mangnall,8
Wells,Tax Commissioner,,LIB,write-in,0
Wells,Tax Commissioner,,REP,Ryan Rauschenberger,664
Wells,Tax Commissioner,,REP,write-in,1
Wells,U.S. House,1,DEM,George Sinner,281
Wells,U.S. House,1,DEM,write-in,1
Wells,U.S. House,1,LIB,"Robert J ""Jack"" Seaman",9
Wells,U.S. House,1,LIB,write-in,0
Wells,U.S. House,1,REP,Kevin Cramer,707
Wells,U.S. House,1,REP,write-in,2
Williams,Agriculture Commissioner,,DEM,Ryan Taylor,628
Williams,Agriculture Commissioner,,DEM,write-in,0
Williams,Agriculture Commissioner,,REP,Doug Goehring,3057
Williams,Agriculture Commissioner,,REP,write-in,6
Williams,Alderperson Grenora,,NON,Angela Melgaard,35
Williams,Alderperson Grenora,,NON,Jesse Madsen,33
Williams,Alderperson Grenora,,NON,Roger Gunlikson,45
Williams,Alderperson Grenora,,NON,write-in,0
Williams,Attorney General,,DEM,Kiara Kraus-Parr,595
Williams,Attorney General,,DEM,write-in,0
Williams,Attorney General,,REP,Wayne Stenehjem,3164
Williams,Attorney General,,REP,write-in,5
Williams,Commission President Ray,,NON,Kenneth Munson,49
Williams,Commission President Ray,,NON,write-in,8
Williams,Commission President Williston,,NON,Howard Klug,2944
Williams,Commission President Williston,,NON,Jim Purkey,188
Williams,Commission President Williston,,NON,Marcus Jundt,740
Williams,Commission President Williston,,NON,write-in,23
Williams,Commissioner Ray,,NON,Michael Bergstrom,54
Williams,Commissioner Ray,,NON,write-in,5
Williams,Commissioner Tioga,,NON,Drake McClelland,49
Williams,Commissioner Tioga,,NON,John Grubb,52
Williams,Commissioner Tioga,,NON,Wade Goldade,43
Williams,Commissioner Tioga,,NON,write-in,1
Williams,Commissioner Williston,,NON,Chris Brostuen,2396
Williams,Commissioner Williston,,NON,Guy Schiessl,913
Williams,Commissioner Williston,,NON,Jeffrey Olson,922
Williams,Commissioner Williston,,NON,Tate Cymbaluk,2497
Williams,Commissioner Williston,,NON,write-in,23
Williams,Constitutional Measure No. 1 Relating to the adjustment of deadlines for initiated measure petitions,,,No,1477
Williams,Constitutional Measure No. 1 Relating to the adjustment of deadlines for initiated measure petitions,,,Yes,2443
Williams,County Auditor Williams,,NON,Beth M Innis,3862
Williams,County Auditor Williams,,NON,write-in,13
Williams,County Commissioner Williams - District 1,,NON,Greg Mahloch,144
Williams,County Commissioner Williams - District 1,,NON,Jon Kreil,128
Williams,County Commissioner Williams - District 1,,NON,Martin Hanson,302
Williams,County Commissioner Williams - District 1,,NON,write-in,4
Williams,County Commissioner Williams - District 3,,NON,Wayne A Aberle,950
Williams,County Commissioner Williams - District 3,,NON,write-in,8
Williams,County Commissioner Williams - District 5,,NON,Barry Ramberg,276
Williams,County Commissioner Williams - District 5,,NON,write-in,35
Williams,County Official Newspaper Williams,,NON,Williston Herald,3463
Williams,County Sheriff Williams,,NON,Scott Busching,3879
Williams,County Sheriff Williams,,NON,write-in,25
Williams,County State's Attorney Williams,,NON,Marlyce Wilder,3663
Williams,County State's Attorney Williams,,NON,write-in,36
Williams,County Treasurer/Recorder Williams,,NON,Kari Rognlien-Evenson,3774
Williams,County Treasurer/Recorder Williams,,NON,write-in,8
Williams,Judge of the District Court No. 2 Northwest,,NON,David W Nelson,3671
Williams,Judge of the District Court No. 2 Northwest,,NON,write-in,34
Williams,Justice of the Supreme Court,,NON,Gerald W VandeWalle,3570
Williams,Justice of the Supreme Court,,NON,write-in,13
Williams,Mayor Grenora,,NON,Brett Wilkins,56
Williams,Mayor Grenora,,NON,write-in,5
Williams,Municipal Judge Grenora,,NON,Michael Weyrauch,51
Williams,Municipal Judge Grenora,,NON,write-in,3
Williams,Municipal Judge Williston,,NON,Janet Zander,3139
Williams,Municipal Judge Williston,,NON,write-in,17
Williams,Park Board Commissioner Tioga Park,,NON,Marcy Spooner,65
Williams,Park Board Commissioner Tioga Park,,NON,Melissa Johnson,72
Williams,Park Board Commissioner Tioga Park,,NON,write-in,0
Williams,Park Board Commissioner Williston Park,,NON,Chris Swarthout,1568
Williams,Park Board Commissioner Williston Park,,NON,Gregory Cottrell,760
Williams,Park Board Commissioner Williston Park,,NON,Jeffery Larson,1677
Williams,Park Board Commissioner Williston Park,,NON,Joel Wilt,770
Williams,Park Board Commissioner Williston Park,,NON,Ken Callahan,1321
Williams,Park Board Commissioner Williston Park,,NON,Michael Owens,1517
Williams,Park Board Commissioner Williston Park,,NON,Zachary Fleck,1675
Williams,Park Board Commissioner Williston Park,,NON,write-in,39
Williams,Park Board Member Grenora Park,,NON,April Madsen,31
Williams,Park Board Member Grenora Park,,NON,Craig Hauber,44
Williams,Park Board Member Grenora Park,,NON,Greg Garaas,55
Williams,Park Board Member Grenora Park,,NON,Joni Peterson,39
Williams,Park Board Member Grenora Park,,NON,Nathan Andorff,43
Williams,Park Board Member Grenora Park,,NON,write-in,3
Williams,Park Board Member Ray Park,,NON,Ben Schafer,36
Williams,Park Board Member Ray Park,,NON,Corey Larson,52
Williams,Park Board Member Ray Park,,NON,Darrell Watterson,25
Williams,Park Board Member Ray Park,,NON,Leandra Reinholdt,18
Williams,Park Board Member Ray Park,,NON,Nathan Schell,37
Williams,Park Board Member Ray Park,,NON,write-in,0
Williams,Public Service Commissioner,,DEM,Todd Reisenauer,596
Williams,Public Service Commissioner,,DEM,write-in,1
Williams,Public Service Commissioner,,REP,Brian P Kalk,2992
Williams,Public Service Commissioner,,REP,write-in,4
Williams,Public Service Commissioner Unexpired 2-Year Term,,DEM,Tyler Axness,599
Williams,Public Service Commissioner Unexpired 2-Year Term,,DEM,write-in,1
Williams,Public Service Commissioner Unexpired 2-Year Term,,REP,Julie Fedorchak,2964
Williams,Public Service Commissioner Unexpired 2-Year Term,,REP,write-in,6
Williams,Rural Fire Protection District Representative Grenora,,NON,Kari Pittenger,55
Williams,Rural Fire Protection District Representative Grenora,,NON,write-in,1
Williams,School Board Member Williston School District,,NON,Brett Vibeto,1570
Williams,School Board Member Williston School District,,NON,Brion Norby,1748
Williams,School Board Member Williston School District,,NON,Dawn Fisk,330
Williams,School Board Member Williston School District,,NON,Debbie Olson,782
Williams,School Board Member Williston School District,,NON,Jeff Miller,397
Williams,School Board Member Williston School District,,NON,Jeremy Cox,681
Williams,School Board Member Williston School District,,NON,Kimberly Semenko,1817
Williams,School Board Member Williston School District,,NON,"Ronica O""Dwyer",384
Williams,School Board Member Williston School District,,NON,Russell Larson,706
Williams,School Board Member Williston School District,,NON,Susan Brokaw,1217
Williams,School Board Member Williston School District,,NON,write-in,20
Williams,Secretary of State,,DEM,April Fairfield,606
Williams,Secretary of State,,DEM,write-in,0
Williams,Secretary of State,,LIB,Roland Riemers,51
Williams,Secretary of State,,LIB,write-in,0
Williams,Secretary of State,,REP,Alvin A (Al) Jaeger,3097
Williams,Secretary of State,,REP,write-in,6
Williams,State House,1,DEM,Joseph E Adducci,461
Williams,State House,1,DEM,write-in,10
Williams,State House,1,REP,Gary Sukut,1721
Williams,State House,1,REP,Patrick Hatlestad,1587
Williams,State House,1,REP,T.J. Corcoran,1458
Williams,State House,1,REP,write-in,18
Williams,State Senate,1,DEM,Barbara Vondell,445
Williams,State Senate,1,DEM,write-in,0
Williams,State Senate,1,REP,Brad Bekkedahl,2679
Williams,State Senate,1,REP,write-in,5
Williams,Tax Commissioner,,DEM,Jason Astrup,598
Williams,Tax Commissioner,,DEM,write-in,1
Williams,Tax Commissioner,,LIB,Anthony Mangnall,51
Williams,Tax Commissioner,,LIB,write-in,0
Williams,Tax Commissioner,,REP,Ryan Rauschenberger,2976
Williams,Tax Commissioner,,REP,write-in,7
Williams,U.S. House,1,DEM,George Sinner,645
Williams,U.S. House,1,DEM,write-in,1
Williams,U.S. House,1,LIB,"Robert J ""Jack"" Seaman",50
Williams,U.S. House,1,LIB,write-in,0
Williams,U.S. House,1,REP,Kevin Cramer,3157
Williams,U.S. House,1,REP,write-in,11
Williams,Williams,,,No,1437
Williams,Williams,,,Yes,2815
Williams,Williston School District,,,No,919
Williams,Williston School District,,,Yes,2838
