county,office,district,party,candidate,votes
Adams,Agriculture Commissioner,,,write-in,0
Adams,Agriculture Commissioner,,DEM,Ryan Taylor,397
Adams,Agriculture Commissioner,,REP,Doug Goehring,646
Adams,Attorney General,,,write-in,1
Adams,Attorney General,,DEM,Kiara Kraus-Parr,205
Adams,Attorney General,,REP,Wayne Stenehjem,836
Adams,Constitutional Measure No. 1 Relating to the inalienable rights to life of every human being at every stage of development.,,,No,710
Adams,Constitutional Measure No. 1 Relating to the inalienable rights to life of every human being at every stage of development.,,,Yes,345
Adams,Constitutional Measure No. 2 Relating to the prohibition of the imposition of mortgage taxes or any sales or transfer taxes on the mortgage or transfer of real property.,,,No,277
Adams,Constitutional Measure No. 2 Relating to the prohibition of the imposition of mortgage taxes or any sales or transfer taxes on the mortgage or transfer of real property.,,,Yes,761
Adams,Constitutional Measure No. 3 Relating to repealing the existing Board of Higher Education and to creating a three member commission of higher education appointed by the Governor.,,,No,756
Adams,Constitutional Measure No. 3 Relating to repealing the existing Board of Higher Education and to creating a three member commission of higher education appointed by the Governor.,,,Yes,255
Adams,Constitutional Measure No. 4 Relating to the fiscal impact of measures to initiate constitutional amendments and to the placing of initiated measures on the ballot,,,No,522
Adams,Constitutional Measure No. 4 Relating to the fiscal impact of measures to initiate constitutional amendments and to the placing of initiated measures on the ballot,,,Yes,477
Adams,County Auditor/Treasurer Adams,,,Patricia (Pat) J Carroll,971
Adams,County Auditor/Treasurer Adams,,,write-in,6
Adams,County Commissioner at Large Adams,,,Chuck Christman,929
Adams,County Commissioner at Large Adams,,,write-in,21
Adams,County Official Newspaper Adams,,,Adams County Record,937
Adams,County Recorder Adams,,,Ginger Dangerud,986
Adams,County Recorder Adams,,,write-in,2
Adams,County Sheriff Adams,,,"Rachelle ""Rockie"" Schumacher",296
Adams,County Sheriff Adams,,,Travis Collins,727
Adams,County Sheriff Adams,,,write-in,3
Adams,County State's Attorney Adams,,,Aaron Roseland,865
Adams,County State's Attorney Adams,,,write-in,26
Adams,"Initiated Constitutional Measure No. 5 Constitutional Petition Related to a Clean Water, Wildlife, and Parks Trust and a Clean Water, Wildlife, and Parks Fund",,,No,892
Adams,"Initiated Constitutional Measure No. 5 Constitutional Petition Related to a Clean Water, Wildlife, and Parks Trust and a Clean Water, Wildlife, and Parks Fund",,,Yes,155
Adams,Initiated Statutory Measure No. 6 Relating to Parental Rights and Responsibilities,,,No,639
Adams,Initiated Statutory Measure No. 6 Relating to Parental Rights and Responsibilities,,,Yes,367
Adams,Initiated Statutory Measure No. 7 Relating to the Operation of a Pharmacy,,,No,712
Adams,Initiated Statutory Measure No. 7 Relating to the Operation of a Pharmacy,,,Yes,338
Adams,Initiated Statutory Measure No. 8 Statutory Petition Related to School Classes Beginning After Labor Day,,,No,568
Adams,Initiated Statutory Measure No. 8 Statutory Petition Related to School Classes Beginning After Labor Day,,,Yes,460
Adams,Justice of the Supreme Court,,,Gerald W VandeWalle,908
Adams,Justice of the Supreme Court,,,write-in,4
Adams,Public Service Commissioner,,,write-in,0
Adams,Public Service Commissioner,,DEM,Todd Reisenauer,328
Adams,Public Service Commissioner,,REP,Brian P Kalk,696
Adams,Public Service Commissioner Unexpired 2-Year Term,,,write-in,0
Adams,Public Service Commissioner Unexpired 2-Year Term,,DEM,Tyler Axness,229
Adams,Public Service Commissioner Unexpired 2-Year Term,,REP,Julie Fedorchak,785
Adams,Secretary of State,,,write-in,0
Adams,Secretary of State,,DEM,April Fairfield,254
Adams,Secretary of State,,LIB,Roland Riemers,44
Adams,Secretary of State,,REP,Alvin A (Al) Jaeger,741
Adams,State House,39,,write-in,1
Adams,State House,39,DEM,Greg Tank,272
Adams,State House,39,DEM,Maddison Voigt,253
Adams,State House,39,REP,Denton B Zubke,583
Adams,State House,39,REP,Keith Kempenich,706
Adams,State Senate,39,,write-in,3
Adams,State Senate,39,DEM,Stephanie L Pretzer,364
Adams,State Senate,39,REP,Bill L Bowman,675
Adams,"Supervisor, Soil Conservation District Soil Conservation",,,Kathy L Vliem,938
Adams,"Supervisor, Soil Conservation District Soil Conservation",,,write-in,9
Adams,Tax Commissioner,,,write-in,0
Adams,Tax Commissioner,,DEM,Jason Astrup,262
Adams,Tax Commissioner,,LIB,Anthony Mangnall,71
Adams,Tax Commissioner,,REP,Ryan Rauschenberger,680
Adams,U.S. House,1,,write-in,1
Adams,U.S. House,1,DEM,George Sinner,304
Adams,U.S. House,1,LIB,"Robert J ""Jack"" Seaman",51
Adams,U.S. House,1,REP,Kevin Cramer,693
Barnes,9-1-1 Fee Barnes,,,No,2578
Barnes,9-1-1 Fee Barnes,,,Yes,1650
Barnes,Agriculture Commissioner,,,write-in,7
Barnes,Agriculture Commissioner,,DEM,Ryan Taylor,2056
Barnes,Agriculture Commissioner,,REP,Doug Goehring,2205
Barnes,Attorney General,,,write-in,6
Barnes,Attorney General,,DEM,Kiara Kraus-Parr,1269
Barnes,Attorney General,,REP,Wayne Stenehjem,2982
Barnes,Constitutional Measure No. 1 Relating to the inalienable rights to life of every human being at every stage of development.,,,No,2917
Barnes,Constitutional Measure No. 1 Relating to the inalienable rights to life of every human being at every stage of development.,,,Yes,1432
Barnes,Constitutional Measure No. 2 Relating to the prohibition of the imposition of mortgage taxes or any sales or transfer taxes on the mortgage or transfer of real property.,,,No,1254
Barnes,Constitutional Measure No. 2 Relating to the prohibition of the imposition of mortgage taxes or any sales or transfer taxes on the mortgage or transfer of real property.,,,Yes,3043
Barnes,Constitutional Measure No. 3 Relating to repealing the existing Board of Higher Education and to creating a three member commission of higher education appointed by the Governor.,,,No,3469
Barnes,Constitutional Measure No. 3 Relating to repealing the existing Board of Higher Education and to creating a three member commission of higher education appointed by the Governor.,,,Yes,753
Barnes,Constitutional Measure No. 4 Relating to the fiscal impact of measures to initiate constitutional amendments and to the placing of initiated measures on the ballot,,,No,2724
Barnes,Constitutional Measure No. 4 Relating to the fiscal impact of measures to initiate constitutional amendments and to the placing of initiated measures on the ballot,,,Yes,1427
Barnes,County Auditor Barnes,,,Beth M Didier,3764
Barnes,County Auditor Barnes,,,write-in,18
Barnes,County Commissioner Barnes - District 2,,,James (Mike) Metcalf,424
Barnes,County Commissioner Barnes - District 2,,,Phil Leitner,349
Barnes,County Commissioner Barnes - District 2,,,write-in,0
Barnes,County Commissioner Barnes - District 3,,,Bill Carlblom,463
Barnes,County Commissioner Barnes - District 3,,,Ryan Mathias,317
Barnes,County Commissioner Barnes - District 3,,,write-in,1
Barnes,County Commissioner Barnes - District 4,,,Rodger Berntson,636
Barnes,County Commissioner Barnes - District 4,,,write-in,19
Barnes,County Official Newspaper Barnes,,,The Litchville Bulletin,838
Barnes,County Official Newspaper Barnes,,,The Valley City Times-Record,3350
Barnes,County Recorder Barnes,,,Jody Pfaff,3744
Barnes,County Recorder Barnes,,,write-in,8
Barnes,County Sheriff Barnes,,,Randy McClaflin,3772
Barnes,County Sheriff Barnes,,,write-in,79
Barnes,County State's Attorney Barnes,,,Carl L Martineck,3666
Barnes,County State's Attorney Barnes,,,write-in,13
Barnes,County Treasurer Barnes,,,Vicki L Zinck,3713
Barnes,County Treasurer Barnes,,,write-in,35
Barnes,"Initiated Constitutional Measure No. 5 Constitutional Petition Related to a Clean Water, Wildlife, and Parks Trust and a Clean Water, Wildlife, and Parks Fund",,,No,3366
Barnes,"Initiated Constitutional Measure No. 5 Constitutional Petition Related to a Clean Water, Wildlife, and Parks Trust and a Clean Water, Wildlife, and Parks Fund",,,Yes,966
Barnes,Initiated Statutory Measure No. 6 Relating to Parental Rights and Responsibilities,,,No,3011
Barnes,Initiated Statutory Measure No. 6 Relating to Parental Rights and Responsibilities,,,Yes,1255
Barnes,Initiated Statutory Measure No. 7 Relating to the Operation of a Pharmacy,,,No,2746
Barnes,Initiated Statutory Measure No. 7 Relating to the Operation of a Pharmacy,,,Yes,1573
Barnes,Initiated Statutory Measure No. 8 Statutory Petition Related to School Classes Beginning After Labor Day,,,No,2830
Barnes,Initiated Statutory Measure No. 8 Statutory Petition Related to School Classes Beginning After Labor Day,,,Yes,1380
Barnes,Judge of the District Court No. 4 Unexpired 2-Year Term Southeast,,,James D Hovey,3573
Barnes,Judge of the District Court No. 4 Unexpired 2-Year Term Southeast,,,write-in,13
Barnes,Justice of the Supreme Court,,,Gerald W VandeWalle,3609
Barnes,Justice of the Supreme Court,,,write-in,17
Barnes,Public Service Commissioner,,,write-in,6
Barnes,Public Service Commissioner,,DEM,Todd Reisenauer,1574
Barnes,Public Service Commissioner,,REP,Brian P Kalk,2606
Barnes,Public Service Commissioner Unexpired 2-Year Term,,,write-in,6
Barnes,Public Service Commissioner Unexpired 2-Year Term,,DEM,Tyler Axness,1550
Barnes,Public Service Commissioner Unexpired 2-Year Term,,REP,Julie Fedorchak,2585
Barnes,Retail Business Exemptions Barnes,,,No,2475
Barnes,Retail Business Exemptions Barnes,,,Yes,1694
Barnes,Secretary of State,,,write-in,2
Barnes,Secretary of State,,DEM,April Fairfield,1707
Barnes,Secretary of State,,LIB,Roland Riemers,222
Barnes,Secretary of State,,REP,Alvin A (Al) Jaeger,2322
Barnes,"Supervisor, Soil Conservation District Soil Conservation District",,,Charlene Stenson,3638
Barnes,"Supervisor, Soil Conservation District Soil Conservation District",,,write-in,16
Barnes,Tax Commissioner,,,write-in,3
Barnes,Tax Commissioner,,DEM,Jason Astrup,1921
Barnes,Tax Commissioner,,LIB,Anthony Mangnall,239
Barnes,Tax Commissioner,,REP,Ryan Rauschenberger,2019
Barnes,U.S. House,1,,write-in,4
Barnes,U.S. House,1,DEM,George Sinner,1952
Barnes,U.S. House,1,LIB,"Robert J ""Jack"" Seaman",236
Barnes,U.S. House,1,REP,Kevin Cramer,2116
Barnes,VC Retail Business Exemptions Valley City,,,No,1153
Barnes,VC Retail Business Exemptions Valley City,,,Yes,1140
Barnes,VC Tax for Perm Flood Prot Valley City,,,No,809
Barnes,VC Tax for Perm Flood Prot Valley City,,,Yes,1511
Barnes,VC Tax for Wellness Ctr Valley City,,,No,1151
Barnes,VC Tax for Wellness Ctr Valley City,,,Yes,1196
Benson,Agriculture Commissioner,,,write-in,0
Benson,Agriculture Commissioner,,DEM,Ryan Taylor,863
Benson,Agriculture Commissioner,,REP,Doug Goehring,595
Benson,Attorney General,,,write-in,2
Benson,Attorney General,,DEM,Kiara Kraus-Parr,511
Benson,Attorney General,,REP,Wayne Stenehjem,915
Benson,Constitutional Measure No. 1 Relating to the inalienable rights to life of every human being at every stage of development.,,,No,886
Benson,Constitutional Measure No. 1 Relating to the inalienable rights to life of every human being at every stage of development.,,,Yes,558
Benson,Constitutional Measure No. 2 Relating to the prohibition of the imposition of mortgage taxes or any sales or transfer taxes on the mortgage or transfer of real property.,,,No,405
Benson,Constitutional Measure No. 2 Relating to the prohibition of the imposition of mortgage taxes or any sales or transfer taxes on the mortgage or transfer of real property.,,,Yes,1037
Benson,Constitutional Measure No. 3 Relating to repealing the existing Board of Higher Education and to creating a three member commission of higher education appointed by the Governor.,,,No,1013
Benson,Constitutional Measure No. 3 Relating to repealing the existing Board of Higher Education and to creating a three member commission of higher education appointed by the Governor.,,,Yes,394
Benson,Constitutional Measure No. 4 Relating to the fiscal impact of measures to initiate constitutional amendments and to the placing of initiated measures on the ballot,,,No,804
Benson,Constitutional Measure No. 4 Relating to the fiscal impact of measures to initiate constitutional amendments and to the placing of initiated measures on the ballot,,,Yes,587
Benson,County Auditor/Treasurer Benson,,,Bonnie (Howard) Erickson,1282
Benson,County Auditor/Treasurer Benson,,,write-in,21
Benson,County Clerk of District Court Benson,,,Lana K Johnson,1277
Benson,County Clerk of District Court Benson,,,write-in,10
Benson,County Commissioner Benson - District 1,,,Lowell Haagenson,1187
Benson,County Commissioner Benson - District 1,,,write-in,37
Benson,County Commissioner Benson - District 3,,,Doris M Griffin,709
Benson,County Commissioner Benson - District 3,,,Jason Knatterud,624
Benson,County Commissioner Benson - District 3,,,write-in,7
Benson,County Commissioner Benson - District 5,,,Michael N Steffan,1170
Benson,County Commissioner Benson - District 5,,,write-in,23
Benson,County Official Newspaper Benson,,,Benson County Farmers Press,1256
Benson,County Recorder Benson,,,Rhoda Pfeifer,1266
Benson,County Recorder Benson,,,write-in,6
Benson,County Sheriff Benson,,,Leon L LaRoque Sr.,405
Benson,County Sheriff Benson,,,Steven J Rohrer,1023
Benson,County Sheriff Benson,,,write-in,2
Benson,County State's Attorney Benson,,,James P Wang,1157
Benson,County State's Attorney Benson,,,write-in,54
Benson,"Director, Garrison Diversion Conservancy Benson",,,David B Johnson,1178
Benson,"Director, Garrison Diversion Conservancy Benson",,,write-in,15
Benson,"Initiated Constitutional Measure No. 5 Constitutional Petition Related to a Clean Water, Wildlife, and Parks Trust and a Clean Water, Wildlife, and Parks Fund",,,No,1189
Benson,"Initiated Constitutional Measure No. 5 Constitutional Petition Related to a Clean Water, Wildlife, and Parks Trust and a Clean Water, Wildlife, and Parks Fund",,,Yes,265
Benson,Initiated Statutory Measure No. 6 Relating to Parental Rights and Responsibilities,,,No,902
Benson,Initiated Statutory Measure No. 6 Relating to Parental Rights and Responsibilities,,,Yes,506
Benson,Initiated Statutory Measure No. 7 Relating to the Operation of a Pharmacy,,,No,949
Benson,Initiated Statutory Measure No. 7 Relating to the Operation of a Pharmacy,,,Yes,496
Benson,Initiated Statutory Measure No. 8 Statutory Petition Related to School Classes Beginning After Labor Day,,,No,823
Benson,Initiated Statutory Measure No. 8 Statutory Petition Related to School Classes Beginning After Labor Day,,,Yes,604
Benson,Judge of the District Court No. 3 Northeast,,,Michael G Sturdevant,1152
Benson,Judge of the District Court No. 3 Northeast,,,write-in,10
Benson,Judge of the District Court No. 4 Northeast,,,Donovan Foughty,1230
Benson,Judge of the District Court No. 4 Northeast,,,write-in,8
Benson,Justice of the Supreme Court,,,Gerald W VandeWalle,1169
Benson,Justice of the Supreme Court,,,write-in,9
Benson,Public Service Commissioner,,,write-in,0
Benson,Public Service Commissioner,,DEM,Todd Reisenauer,664
Benson,Public Service Commissioner,,REP,Brian P Kalk,735
Benson,Public Service Commissioner Unexpired 2-Year Term,,,write-in,0
Benson,Public Service Commissioner Unexpired 2-Year Term,,DEM,Tyler Axness,819
Benson,Public Service Commissioner Unexpired 2-Year Term,,REP,Julie Fedorchak,618
Benson,Secretary of State,,,write-in,0
Benson,Secretary of State,,DEM,April Fairfield,621
Benson,Secretary of State,,LIB,Roland Riemers,56
Benson,Secretary of State,,REP,Alvin A (Al) Jaeger,749
Benson,State House,23,,write-in,1
Benson,State House,23,DEM,Austin Langley,298
Benson,State House,23,DEM,Ben Vig,293
Benson,State House,23,REP,Bill Devlin,207
Benson,State House,23,REP,Don Vigesaa,202
Benson,State Senate,23,,write-in,2
Benson,State Senate,23,DEM,Joan M Heckaman,391
Benson,State Senate,23,REP,John Jacobson,181
Benson,"Supervisor, Soil Conservation District North Central Soil",,,write-in,137
Benson,"Supervisor, Soil Conservation District Unexpired 2-Year Term North Central Soil",,,Ron Selzler,1163
Benson,"Supervisor, Soil Conservation District Unexpired 2-Year Term North Central Soil",,,write-in,15
Benson,Tax Commissioner,,,write-in,1
Benson,Tax Commissioner,,DEM,Jason Astrup,691
Benson,Tax Commissioner,,LIB,Anthony Mangnall,54
Benson,Tax Commissioner,,REP,Ryan Rauschenberger,647
Benson,U.S. House,1,,write-in,0
Benson,U.S. House,1,DEM,George Sinner,728
Benson,U.S. House,1,LIB,"Robert J ""Jack"" Seaman",55
Benson,U.S. House,1,REP,Kevin Cramer,671
Billings,Agriculture Commissioner,,,write-in,0
Billings,Agriculture Commissioner,,DEM,Ryan Taylor,145
Billings,Agriculture Commissioner,,REP,Doug Goehring,379
Billings,Attorney General,,,write-in,0
Billings,Attorney General,,DEM,Kiara Kraus-Parr,60
Billings,Attorney General,,REP,Wayne Stenehjem,467
Billings,Constitutional Measure No. 1 Relating to the inalienable rights to life of every human being at every stage of development.,,,No,261
Billings,Constitutional Measure No. 1 Relating to the inalienable rights to life of every human being at every stage of development.,,,Yes,268
Billings,Constitutional Measure No. 2 Relating to the prohibition of the imposition of mortgage taxes or any sales or transfer taxes on the mortgage or transfer of real property.,,,No,82
Billings,Constitutional Measure No. 2 Relating to the prohibition of the imposition of mortgage taxes or any sales or transfer taxes on the mortgage or transfer of real property.,,,Yes,445
Billings,Constitutional Measure No. 3 Relating to repealing the existing Board of Higher Education and to creating a three member commission of higher education appointed by the Governor.,,,No,375
Billings,Constitutional Measure No. 3 Relating to repealing the existing Board of Higher Education and to creating a three member commission of higher education appointed by the Governor.,,,Yes,140
Billings,Constitutional Measure No. 4 Relating to the fiscal impact of measures to initiate constitutional amendments and to the placing of initiated measures on the ballot,,,No,242
Billings,Constitutional Measure No. 4 Relating to the fiscal impact of measures to initiate constitutional amendments and to the placing of initiated measures on the ballot,,,Yes,270
Billings,County Auditor/Treasurer Billings,,,Marcia Lamb,488
Billings,County Auditor/Treasurer Billings,,,write-in,3
Billings,County Commissioner District 2 Billings - District 2,,,John Kessel,247
Billings,County Commissioner District 2 Billings - District 2,,,Mike Kasian,274
Billings,County Commissioner District 2 Billings - District 2,,,write-in,0
Billings,County Official Newspaper Billings,,,Billings County Pioneer,479
Billings,County Recorder/Clerk of District Court Billings,,,Connie Hartman,222
Billings,County Recorder/Clerk of District Court Billings,,,Donna Adams,302
Billings,County Recorder/Clerk of District Court Billings,,,write-in,1
Billings,County Sheriff Billings,,,Dave Jurgens,241
Billings,County Sheriff Billings,,,Pat Rummel,283
Billings,County Sheriff Billings,,,write-in,4
Billings,"Initiated Constitutional Measure No. 5 Constitutional Petition Related to a Clean Water, Wildlife, and Parks Trust and a Clean Water, Wildlife, and Parks Fund",,,No,490
Billings,"Initiated Constitutional Measure No. 5 Constitutional Petition Related to a Clean Water, Wildlife, and Parks Trust and a Clean Water, Wildlife, and Parks Fund",,,Yes,43
Billings,Initiated Statutory Measure No. 6 Relating to Parental Rights and Responsibilities,,,No,303
Billings,Initiated Statutory Measure No. 6 Relating to Parental Rights and Responsibilities,,,Yes,211
Billings,Initiated Statutory Measure No. 7 Relating to the Operation of a Pharmacy,,,No,332
Billings,Initiated Statutory Measure No. 7 Relating to the Operation of a Pharmacy,,,Yes,194
Billings,Initiated Statutory Measure No. 8 Statutory Petition Related to School Classes Beginning After Labor Day,,,No,284
Billings,Initiated Statutory Measure No. 8 Statutory Petition Related to School Classes Beginning After Labor Day,,,Yes,235
Billings,Justice of the Supreme Court,,,Gerald W VandeWalle,435
Billings,Justice of the Supreme Court,,,write-in,1
Billings,Public Service Commissioner,,,write-in,0
Billings,Public Service Commissioner,,DEM,Todd Reisenauer,106
Billings,Public Service Commissioner,,REP,Brian P Kalk,405
Billings,Public Service Commissioner Unexpired 2-Year Term,,,write-in,0
Billings,Public Service Commissioner Unexpired 2-Year Term,,DEM,Tyler Axness,73
Billings,Public Service Commissioner Unexpired 2-Year Term,,REP,Julie Fedorchak,444
Billings,Secretary of State,,,write-in,0
Billings,Secretary of State,,DEM,April Fairfield,82
Billings,Secretary of State,,LIB,Roland Riemers,27
Billings,Secretary of State,,REP,Alvin A (Al) Jaeger,416
Billings,State House,39,,write-in,0
Billings,State House,39,DEM,Greg Tank,88
Billings,State House,39,DEM,Maddison Voigt,88
Billings,State House,39,REP,Denton B Zubke,346
Billings,State House,39,REP,Keith Kempenich,392
Billings,State Senate,39,,write-in,1
Billings,State Senate,39,DEM,Stephanie L Pretzer,100
Billings,State Senate,39,REP,Bill L Bowman,424
Billings,"Supervisor, Soil Conservation District Golden Valley",,,Paul J Schmitz,20
Billings,"Supervisor, Soil Conservation District Golden Valley",,,write-in,1
Billings,"Supervisor, Soil Conservation District Western",,,Roger Klym,466
Billings,"Supervisor, Soil Conservation District Western",,,write-in,0
Billings,Tax Commissioner,,,write-in,0
Billings,Tax Commissioner,,DEM,Jason Astrup,89
Billings,Tax Commissioner,,LIB,Anthony Mangnall,38
Billings,Tax Commissioner,,REP,Ryan Rauschenberger,384
Billings,U.S. House,1,,write-in,0
Billings,U.S. House,1,DEM,George Sinner,100
Billings,U.S. House,1,LIB,"Robert J ""Jack"" Seaman",25
Billings,U.S. House,1,REP,Kevin Cramer,403
Bottineau,9-1-1 Fee Increase Bottineau,,,No,1083
Bottineau,9-1-1 Fee Increase Bottineau,,,Yes,1681
Bottineau,Agriculture Commissioner,,,write-in,5
Bottineau,Agriculture Commissioner,,DEM,Ryan Taylor,1141
Bottineau,Agriculture Commissioner,,REP,Doug Goehring,1650
Bottineau,Attorney General,,,write-in,7
Bottineau,Attorney General,,DEM,Kiara Kraus-Parr,540
Bottineau,Attorney General,,REP,Wayne Stenehjem,2235
Bottineau,Constitutional Measure No. 1 Relating to the inalienable rights to life of every human being at every stage of development.,,,No,1902
Bottineau,Constitutional Measure No. 1 Relating to the inalienable rights to life of every human being at every stage of development.,,,Yes,920
Bottineau,Constitutional Measure No. 2 Relating to the prohibition of the imposition of mortgage taxes or any sales or transfer taxes on the mortgage or transfer of real property.,,,No,670
Bottineau,Constitutional Measure No. 2 Relating to the prohibition of the imposition of mortgage taxes or any sales or transfer taxes on the mortgage or transfer of real property.,,,Yes,2146
Bottineau,Constitutional Measure No. 3 Relating to repealing the existing Board of Higher Education and to creating a three member commission of higher education appointed by the Governor.,,,No,2167
Bottineau,Constitutional Measure No. 3 Relating to repealing the existing Board of Higher Education and to creating a three member commission of higher education appointed by the Governor.,,,Yes,603
Bottineau,Constitutional Measure No. 4 Relating to the fiscal impact of measures to initiate constitutional amendments and to the placing of initiated measures on the ballot,,,No,1515
Bottineau,Constitutional Measure No. 4 Relating to the fiscal impact of measures to initiate constitutional amendments and to the placing of initiated measures on the ballot,,,Yes,1213
Bottineau,County Auditor Bottineau,,,Lisa M Herbel,2532
Bottineau,County Auditor Bottineau,,,write-in,20
Bottineau,County Commissioner Bottineau - District 1,,,LeRoy Rude,475
Bottineau,County Commissioner Bottineau - District 1,,,write-in,15
Bottineau,County Commissioner Bottineau - District 3,,,Daniel Marquardt,444
Bottineau,County Commissioner Bottineau - District 3,,,write-in,0
Bottineau,County Commissioner Bottineau - District 5,,,Todd Streich,496
Bottineau,County Commissioner Bottineau - District 5,,,write-in,8
Bottineau,County Official Newspaper Bottineau,,,Bottineau Courant,2426
Bottineau,County Recorder Bottineau,,,Bobbi Milbrath,2537
Bottineau,County Recorder Bottineau,,,write-in,7
Bottineau,County Sheriff Bottineau,,,Steven C Watson,2392
Bottineau,County Sheriff Bottineau,,,write-in,92
Bottineau,County State's Attorney Bottineau,,,A. Swain Benson Sr.,2497
Bottineau,County State's Attorney Bottineau,,,write-in,19
Bottineau,County Treasurer Bottineau,,,Ann Monson,2524
Bottineau,County Treasurer Bottineau,,,write-in,8
Bottineau,"Initiated Constitutional Measure No. 5 Constitutional Petition Related to a Clean Water, Wildlife, and Parks Trust and a Clean Water, Wildlife, and Parks Fund",,,No,2489
Bottineau,"Initiated Constitutional Measure No. 5 Constitutional Petition Related to a Clean Water, Wildlife, and Parks Trust and a Clean Water, Wildlife, and Parks Fund",,,Yes,346
Bottineau,Initiated Statutory Measure No. 6 Relating to Parental Rights and Responsibilities,,,No,1877
Bottineau,Initiated Statutory Measure No. 6 Relating to Parental Rights and Responsibilities,,,Yes,877
Bottineau,Initiated Statutory Measure No. 7 Relating to the Operation of a Pharmacy,,,No,1729
Bottineau,Initiated Statutory Measure No. 7 Relating to the Operation of a Pharmacy,,,Yes,1092
Bottineau,Initiated Statutory Measure No. 8 Statutory Petition Related to School Classes Beginning After Labor Day,,,No,1443
Bottineau,Initiated Statutory Measure No. 8 Statutory Petition Related to School Classes Beginning After Labor Day,,,Yes,1351
Bottineau,Judge of the District Court No. 3 Northeast,,,Michael G Sturdevant,2489
Bottineau,Judge of the District Court No. 3 Northeast,,,write-in,13
Bottineau,Judge of the District Court No. 4 Northeast,,,Donovan Foughty,2378
Bottineau,Judge of the District Court No. 4 Northeast,,,write-in,3
Bottineau,Justice of the Supreme Court,,,Gerald W VandeWalle,2480
Bottineau,Justice of the Supreme Court,,,write-in,5
Bottineau,Property Tax Exemptions Bottineau,,,No,487
Bottineau,Property Tax Exemptions Bottineau,,,Yes,336
Bottineau,Public Service Commissioner,,,write-in,5
Bottineau,Public Service Commissioner,,DEM,Todd Reisenauer,610
Bottineau,Public Service Commissioner,,REP,Brian P Kalk,2174
Bottineau,Public Service Commissioner Unexpired 2-Year Term,,,write-in,5
Bottineau,Public Service Commissioner Unexpired 2-Year Term,,DEM,Tyler Axness,787
Bottineau,Public Service Commissioner Unexpired 2-Year Term,,REP,Julie Fedorchak,1951
Bottineau,Secretary of State,,,write-in,4
Bottineau,Secretary of State,,DEM,April Fairfield,706
Bottineau,Secretary of State,,LIB,Roland Riemers,125
Bottineau,Secretary of State,,REP,Alvin A (Al) Jaeger,1941
Bottineau,"Supervisor, Soil Conservation District Mouse River Soil",,,Elaine Carlson,691
Bottineau,"Supervisor, Soil Conservation District Mouse River Soil",,,write-in,2
Bottineau,"Supervisor, Soil Conservation District Turtle Mountain Soil",,,Martin Kitzman,1704
Bottineau,"Supervisor, Soil Conservation District Turtle Mountain Soil",,,write-in,4
Bottineau,Tax Commissioner,,,write-in,5
Bottineau,Tax Commissioner,,DEM,Jason Astrup,798
Bottineau,Tax Commissioner,,LIB,Anthony Mangnall,127
Bottineau,Tax Commissioner,,REP,Ryan Rauschenberger,1793
Bottineau,U.S. House,1,,write-in,6
Bottineau,U.S. House,1,DEM,George Sinner,955
Bottineau,U.S. House,1,LIB,"Robert J ""Jack"" Seaman",131
Bottineau,U.S. House,1,REP,Kevin Cramer,1719
Bowman,1% Sales Tax Increase Relating to Parks and Recreation Bowman,,,No,452
Bowman,1% Sales Tax Increase Relating to Parks and Recreation Bowman,,,Yes,245
Bowman,Agriculture Commissioner,,,write-in,1
Bowman,Agriculture Commissioner,,DEM,Ryan Taylor,539
Bowman,Agriculture Commissioner,,REP,Doug Goehring,915
Bowman,Attorney General,,,write-in,2
Bowman,Attorney General,,DEM,Kiara Kraus-Parr,234
Bowman,Attorney General,,REP,Wayne Stenehjem,1208
Bowman,Constitutional Measure No. 1 Relating to the inalienable rights to life of every human being at every stage of development.,,,No,981
Bowman,Constitutional Measure No. 1 Relating to the inalienable rights to life of every human being at every stage of development.,,,Yes,490
Bowman,Constitutional Measure No. 2 Relating to the prohibition of the imposition of mortgage taxes or any sales or transfer taxes on the mortgage or transfer of real property.,,,No,327
Bowman,Constitutional Measure No. 2 Relating to the prohibition of the imposition of mortgage taxes or any sales or transfer taxes on the mortgage or transfer of real property.,,,Yes,1124
Bowman,Constitutional Measure No. 3 Relating to repealing the existing Board of Higher Education and to creating a three member commission of higher education appointed by the Governor.,,,No,1084
Bowman,Constitutional Measure No. 3 Relating to repealing the existing Board of Higher Education and to creating a three member commission of higher education appointed by the Governor.,,,Yes,331
Bowman,Constitutional Measure No. 4 Relating to the fiscal impact of measures to initiate constitutional amendments and to the placing of initiated measures on the ballot,,,No,786
Bowman,Constitutional Measure No. 4 Relating to the fiscal impact of measures to initiate constitutional amendments and to the placing of initiated measures on the ballot,,,Yes,615
Bowman,County Auditor Bowman,,,"Sandra ""Sandi"" Tivis",1392
Bowman,County Auditor Bowman,,,write-in,8
Bowman,County Commissioner at Large Bowman,,,Kenneth Steiner,1189
Bowman,County Commissioner at Large Bowman,,,Lynn Brackel,1228
Bowman,County Commissioner at Large Bowman,,,write-in,45
Bowman,County Official Newspaper Bowman,,,Bowman County Pioneer,1276
Bowman,County Recorder/Clerk of District Court Bowman,,,Jan Werre,1369
Bowman,County Recorder/Clerk of District Court Bowman,,,write-in,7
Bowman,County Sheriff Bowman,,,Rory M Teigen,1224
Bowman,County Sheriff Bowman,,,write-in,179
Bowman,County State's Attorney Bowman,,,write-in,192
Bowman,County Treasurer Bowman,,,"Christine ""Cooky"" Septon",1383
Bowman,County Treasurer Bowman,,,write-in,4
Bowman,"Initiated Constitutional Measure No. 5 Constitutional Petition Related to a Clean Water, Wildlife, and Parks Trust and a Clean Water, Wildlife, and Parks Fund",,,No,1356
Bowman,"Initiated Constitutional Measure No. 5 Constitutional Petition Related to a Clean Water, Wildlife, and Parks Trust and a Clean Water, Wildlife, and Parks Fund",,,Yes,113
Bowman,Initiated Statutory Measure No. 6 Relating to Parental Rights and Responsibilities,,,No,996
Bowman,Initiated Statutory Measure No. 6 Relating to Parental Rights and Responsibilities,,,Yes,427
Bowman,Initiated Statutory Measure No. 7 Relating to the Operation of a Pharmacy,,,No,877
Bowman,Initiated Statutory Measure No. 7 Relating to the Operation of a Pharmacy,,,Yes,582
Bowman,Initiated Statutory Measure No. 8 Statutory Petition Related to School Classes Beginning After Labor Day,,,No,752
Bowman,Initiated Statutory Measure No. 8 Statutory Petition Related to School Classes Beginning After Labor Day,,,Yes,671
Bowman,Justice of the Supreme Court,,,Gerald W VandeWalle,1240
Bowman,Justice of the Supreme Court,,,write-in,9
Bowman,Public Service Commissioner,,,write-in,2
Bowman,Public Service Commissioner,,DEM,Todd Reisenauer,372
Bowman,Public Service Commissioner,,REP,Brian P Kalk,1036
Bowman,Public Service Commissioner Unexpired 2-Year Term,,,write-in,3
Bowman,Public Service Commissioner Unexpired 2-Year Term,,DEM,Tyler Axness,290
Bowman,Public Service Commissioner Unexpired 2-Year Term,,REP,Julie Fedorchak,1106
Bowman,Secretary of State,,,write-in,2
Bowman,Secretary of State,,DEM,April Fairfield,299
Bowman,Secretary of State,,LIB,Roland Riemers,79
Bowman,Secretary of State,,REP,Alvin A (Al) Jaeger,1064
Bowman,State House,39,,write-in,4
Bowman,State House,39,DEM,Greg Tank,300
Bowman,State House,39,DEM,Maddison Voigt,373
Bowman,State House,39,REP,Denton B Zubke,847
Bowman,State House,39,REP,Keith Kempenich,1066
Bowman,State Senate,39,,write-in,5
Bowman,State Senate,39,DEM,Stephanie L Pretzer,479
Bowman,State Senate,39,REP,Bill L Bowman,976
Bowman,"Supervisor, Soil Conservation District Bowman/Slope Soil",,,Trevor Steeke,656
Bowman,"Supervisor, Soil Conservation District Bowman/Slope Soil",,,Vernon Lee Brown,677
Bowman,"Supervisor, Soil Conservation District Bowman/Slope Soil",,,write-in,7
Bowman,Tax Commissioner,,,write-in,1
Bowman,Tax Commissioner,,DEM,Jason Astrup,323
Bowman,Tax Commissioner,,LIB,Anthony Mangnall,96
Bowman,Tax Commissioner,,REP,Ryan Rauschenberger,986
Bowman,U.S. House,1,,write-in,2
Bowman,U.S. House,1,DEM,George Sinner,400
Bowman,U.S. House,1,LIB,"Robert J ""Jack"" Seaman",82
Bowman,U.S. House,1,REP,Kevin Cramer,980
Burke,Agriculture Commissioner,,,write-in,1
Burke,Agriculture Commissioner,,DEM,Ryan Taylor,310
Burke,Agriculture Commissioner,,REP,Doug Goehring,588
Burke,Attorney General,,,write-in,2
Burke,Attorney General,,DEM,Kiara Kraus-Parr,115
Burke,Attorney General,,REP,Wayne Stenehjem,775
Burke,COUNTY MEASURE NO.1 Burke,,,No,553
Burke,COUNTY MEASURE NO.1 Burke,,,Yes,339
Burke,Constitutional Measure No. 1 Relating to the inalienable rights to life of every human being at every stage of development.,,,No,604
Burke,Constitutional Measure No. 1 Relating to the inalienable rights to life of every human being at every stage of development.,,,Yes,291
Burke,Constitutional Measure No. 2 Relating to the prohibition of the imposition of mortgage taxes or any sales or transfer taxes on the mortgage or transfer of real property.,,,No,266
Burke,Constitutional Measure No. 2 Relating to the prohibition of the imposition of mortgage taxes or any sales or transfer taxes on the mortgage or transfer of real property.,,,Yes,634
Burke,Constitutional Measure No. 3 Relating to repealing the existing Board of Higher Education and to creating a three member commission of higher education appointed by the Governor.,,,No,699
Burke,Constitutional Measure No. 3 Relating to repealing the existing Board of Higher Education and to creating a three member commission of higher education appointed by the Governor.,,,Yes,176
Burke,Constitutional Measure No. 4 Relating to the fiscal impact of measures to initiate constitutional amendments and to the placing of initiated measures on the ballot,,,No,423
Burke,Constitutional Measure No. 4 Relating to the fiscal impact of measures to initiate constitutional amendments and to the placing of initiated measures on the ballot,,,Yes,436
Burke,County Auditor Burke,,,Jeanine S Jensen,806
Burke,County Auditor Burke,,,write-in,7
Burke,County Commissioner Burke - District 2,,,Debbie Kuryn,176
Burke,County Commissioner Burke - District 2,,,Terry Nelson,113
Burke,County Commissioner Burke - District 2,,,write-in,0
Burke,County Official Newspaper Burke,,,Burke County Tribune,836
Burke,County Recorder/Clerk of District Court Burke,,,Bonnie Bohnsack,794
Burke,County Recorder/Clerk of District Court Burke,,,write-in,11
Burke,County Sheriff Burke,,,Jeremy Grohs,635
Burke,County Sheriff Burke,,,Michael P Cude,154
Burke,County Sheriff Burke,,,write-in,39
Burke,County State's Attorney Burke,,,Amber J Fiesel,781
Burke,County State's Attorney Burke,,,write-in,12
Burke,County Treasurer Burke,,,Sheila Burns,509
Burke,County Treasurer Burke,,,Shelly Tetrault,327
Burke,County Treasurer Burke,,,write-in,5
Burke,"Initiated Constitutional Measure No. 5 Constitutional Petition Related to a Clean Water, Wildlife, and Parks Trust and a Clean Water, Wildlife, and Parks Fund",,,No,810
Burke,"Initiated Constitutional Measure No. 5 Constitutional Petition Related to a Clean Water, Wildlife, and Parks Trust and a Clean Water, Wildlife, and Parks Fund",,,Yes,91
Burke,Initiated Statutory Measure No. 6 Relating to Parental Rights and Responsibilities,,,No,536
Burke,Initiated Statutory Measure No. 6 Relating to Parental Rights and Responsibilities,,,Yes,338
Burke,Initiated Statutory Measure No. 7 Relating to the Operation of a Pharmacy,,,No,624
Burke,Initiated Statutory Measure No. 7 Relating to the Operation of a Pharmacy,,,Yes,267
Burke,Initiated Statutory Measure No. 8 Statutory Petition Related to School Classes Beginning After Labor Day,,,No,540
Burke,Initiated Statutory Measure No. 8 Statutory Petition Related to School Classes Beginning After Labor Day,,,Yes,333
Burke,Judge of the District Court No. 1 North Central,,,Doug Mattson,773
Burke,Judge of the District Court No. 1 North Central,,,write-in,4
Burke,Justice of the Supreme Court,,,Gerald W VandeWalle,774
Burke,Justice of the Supreme Court,,,write-in,4
Burke,Public Service Commissioner,,,write-in,1
Burke,Public Service Commissioner,,DEM,Todd Reisenauer,205
Burke,Public Service Commissioner,,REP,Brian P Kalk,658
Burke,Public Service Commissioner Unexpired 2-Year Term,,,write-in,1
Burke,Public Service Commissioner Unexpired 2-Year Term,,DEM,Tyler Axness,189
Burke,Public Service Commissioner Unexpired 2-Year Term,,REP,Julie Fedorchak,674
Burke,Secretary of State,,,write-in,1
Burke,Secretary of State,,DEM,April Fairfield,168
Burke,Secretary of State,,LIB,Roland Riemers,44
Burke,Secretary of State,,REP,Alvin A (Al) Jaeger,669
Burke,"Supervisor, Soil Conservation District Soil Conservation",,,Thomas F Burau,782
Burke,"Supervisor, Soil Conservation District Soil Conservation",,,write-in,9
Burke,Tax Commissioner,,,write-in,2
Burke,Tax Commissioner,,DEM,Jason Astrup,190
Burke,Tax Commissioner,,LIB,Anthony Mangnall,49
Burke,Tax Commissioner,,REP,Ryan Rauschenberger,625
Burke,U.S. House,1,,write-in,1
Burke,U.S. House,1,DEM,George Sinner,227
Burke,U.S. House,1,LIB,"Robert J ""Jack"" Seaman",40
Burke,U.S. House,1,REP,Kevin Cramer,627
Burleigh,Agriculture Commissioner,,,write-in,67
Burleigh,Agriculture Commissioner,,DEM,Ryan Taylor,13673
Burleigh,Agriculture Commissioner,,REP,Doug Goehring,21529
Burleigh,Attorney General,,,write-in,63
Burleigh,Attorney General,,DEM,Kiara Kraus-Parr,7444
Burleigh,Attorney General,,REP,Wayne Stenehjem,27886
Burleigh,Commissioner Unexpired Term City of Bismarck,,,Richard Bohrer,7957
Burleigh,Commissioner Unexpired Term City of Bismarck,,,Steve Marquardt,13203
Burleigh,Commissioner Unexpired Term City of Bismarck,,,write-in,126
Burleigh,Constitutional Measure No. 1 Relating to the inalienable rights to life of every human being at every stage of development.,,,No,22976
Burleigh,Constitutional Measure No. 1 Relating to the inalienable rights to life of every human being at every stage of development.,,,Yes,13285
Burleigh,Constitutional Measure No. 2 Relating to the prohibition of the imposition of mortgage taxes or any sales or transfer taxes on the mortgage or transfer of real property.,,,No,7131
Burleigh,Constitutional Measure No. 2 Relating to the prohibition of the imposition of mortgage taxes or any sales or transfer taxes on the mortgage or transfer of real property.,,,Yes,28767
Burleigh,Constitutional Measure No. 3 Relating to repealing the existing Board of Higher Education and to creating a three member commission of higher education appointed by the Governor.,,,No,24020
Burleigh,Constitutional Measure No. 3 Relating to repealing the existing Board of Higher Education and to creating a three member commission of higher education appointed by the Governor.,,,Yes,10981
Burleigh,Constitutional Measure No. 4 Relating to the fiscal impact of measures to initiate constitutional amendments and to the placing of initiated measures on the ballot,,,No,18261
Burleigh,Constitutional Measure No. 4 Relating to the fiscal impact of measures to initiate constitutional amendments and to the placing of initiated measures on the ballot,,,Yes,16297
Burleigh,County Auditor/Treasurer Burleigh,,,Kevin J Glatt,28455
Burleigh,County Auditor/Treasurer Burleigh,,,write-in,176
Burleigh,County Commissioner Burleigh,,,Brad Feldman,13969
Burleigh,County Commissioner Burleigh,,,Doug Schonert,15808
Burleigh,County Commissioner Burleigh,,,Jerry Saude,6517
Burleigh,County Commissioner Burleigh,,,Jim Peluso,18327
Burleigh,County Commissioner Burleigh,,,Kathleen Jones,14987
Burleigh,County Commissioner Burleigh,,,LaRoy Baird,10460
Burleigh,County Commissioner Burleigh,,,write-in,343
Burleigh,County Official Newspaper Burleigh,,,The Bismarck Tribune,27231
Burleigh,County Recorder Burleigh,,,Debbie Kroshus,27763
Burleigh,County Recorder Burleigh,,,write-in,101
Burleigh,County Sheriff Burleigh,,,Patrick D Heinert,28567
Burleigh,County Sheriff Burleigh,,,write-in,228
Burleigh,County State's Attorney Burleigh,,,Richard J Riha,27682
Burleigh,County State's Attorney Burleigh,,,write-in,191
Burleigh,"Initiated Constitutional Measure No. 5 Constitutional Petition Related to a Clean Water, Wildlife, and Parks Trust and a Clean Water, Wildlife, and Parks Fund",,,No,29566
Burleigh,"Initiated Constitutional Measure No. 5 Constitutional Petition Related to a Clean Water, Wildlife, and Parks Trust and a Clean Water, Wildlife, and Parks Fund",,,Yes,6643
Burleigh,Initiated Statutory Measure No. 6 Relating to Parental Rights and Responsibilities,,,No,21842
Burleigh,Initiated Statutory Measure No. 6 Relating to Parental Rights and Responsibilities,,,Yes,13419
Burleigh,Initiated Statutory Measure No. 7 Relating to the Operation of a Pharmacy,,,No,18729
Burleigh,Initiated Statutory Measure No. 7 Relating to the Operation of a Pharmacy,,,Yes,17439
Burleigh,Initiated Statutory Measure No. 8 Statutory Petition Related to School Classes Beginning After Labor Day,,,No,20002
Burleigh,Initiated Statutory Measure No. 8 Statutory Petition Related to School Classes Beginning After Labor Day,,,Yes,15424
Burleigh,Judge of the District Court No. 1 South Central,,,David E Reich,28037
Burleigh,Judge of the District Court No. 1 South Central,,,write-in,201
Burleigh,Judge of the District Court No. 6 South Central,,,Gail Hagerty,28130
Burleigh,Judge of the District Court No. 6 South Central,,,write-in,357
Burleigh,Judge of the District Court No. 7 South Central,,,Thomas J Schneider,28001
Burleigh,Judge of the District Court No. 7 South Central,,,write-in,168
Burleigh,Justice of the Supreme Court,,,Gerald W VandeWalle,28544
Burleigh,Justice of the Supreme Court,,,write-in,227
Burleigh,Public Service Commissioner,,,write-in,70
Burleigh,Public Service Commissioner,,DEM,Todd Reisenauer,10668
Burleigh,Public Service Commissioner,,REP,Brian P Kalk,23483
Burleigh,Public Service Commissioner Unexpired 2-Year Term,,,write-in,72
Burleigh,Public Service Commissioner Unexpired 2-Year Term,,DEM,Tyler Axness,9558
Burleigh,Public Service Commissioner Unexpired 2-Year Term,,REP,Julie Fedorchak,24551
Burleigh,Secretary of State,,,write-in,51
Burleigh,Secretary of State,,DEM,April Fairfield,10337
Burleigh,Secretary of State,,LIB,Roland Riemers,1997
Burleigh,Secretary of State,,REP,Alvin A (Al) Jaeger,22661
Burleigh,State House,35,,write-in,29
Burleigh,State House,35,DEM,Darrell Miller,1978
Burleigh,State House,35,DEM,Tracy Potter,2888
Burleigh,State House,35,REP,Bob Martinson,3616
Burleigh,State House,35,REP,Karen Karls,3166
Burleigh,State House,47,,write-in,125
Burleigh,State House,47,REP,George Keiser,5090
Burleigh,State House,47,REP,Lawrence R (Larry) Klemin,4685
Burleigh,State House,7,,write-in,125
Burleigh,State House,7,REP,Jason D Dockter,4624
Burleigh,State House,7,REP,Rick Becker,4569
Burleigh,State Senate,35,,write-in,22
Burleigh,State Senate,35,DEM,Erin Oban,3658
Burleigh,State Senate,35,REP,Margaret Sitte,2781
Burleigh,State Senate,47,,write-in,22
Burleigh,State Senate,47,DEM,Bradley Bergstad,2334
Burleigh,State Senate,47,REP,Ralph Kilzer,4788
Burleigh,State Senate,7,,write-in,116
Burleigh,State Senate,7,REP,Nicole Poolman,5653
Burleigh,"Supervisor, Soil Conservation District Burleigh County",,,David Bauer,27374
Burleigh,"Supervisor, Soil Conservation District Burleigh County",,,write-in,112
Burleigh,Tax Commissioner,,,write-in,71
Burleigh,Tax Commissioner,,DEM,Jason Astrup,11130
Burleigh,Tax Commissioner,,LIB,Anthony Mangnall,2238
Burleigh,Tax Commissioner,,REP,Ryan Rauschenberger,20899
Burleigh,U.S. House,1,,write-in,68
Burleigh,U.S. House,1,DEM,George Sinner,11995
Burleigh,U.S. House,1,LIB,"Robert J ""Jack"" Seaman",2023
Burleigh,U.S. House,1,REP,Kevin Cramer,21675
Cass,Agriculture Commissioner,,,write-in,90
Cass,Agriculture Commissioner,,DEM,Ryan Taylor,24479
Cass,Agriculture Commissioner,,REP,Doug Goehring,26911
Cass,Attorney General,,,write-in,93
Cass,Attorney General,,DEM,Kiara Kraus-Parr,16771
Cass,Attorney General,,REP,Wayne Stenehjem,34940
Cass,Constitutional Measure No. 1 Relating to the inalienable rights to life of every human being at every stage of development.,,,No,38477
Cass,Constitutional Measure No. 1 Relating to the inalienable rights to life of every human being at every stage of development.,,,Yes,15464
Cass,Constitutional Measure No. 2 Relating to the prohibition of the imposition of mortgage taxes or any sales or transfer taxes on the mortgage or transfer of real property.,,,No,14724
Cass,Constitutional Measure No. 2 Relating to the prohibition of the imposition of mortgage taxes or any sales or transfer taxes on the mortgage or transfer of real property.,,,Yes,38369
Cass,Constitutional Measure No. 3 Relating to repealing the existing Board of Higher Education and to creating a three member commission of higher education appointed by the Governor.,,,No,40001
Cass,Constitutional Measure No. 3 Relating to repealing the existing Board of Higher Education and to creating a three member commission of higher education appointed by the Governor.,,,Yes,12152
Cass,Constitutional Measure No. 4 Relating to the fiscal impact of measures to initiate constitutional amendments and to the placing of initiated measures on the ballot,,,No,31216
Cass,Constitutional Measure No. 4 Relating to the fiscal impact of measures to initiate constitutional amendments and to the placing of initiated measures on the ballot,,,Yes,20332
Cass,County Auditor Cass,,,Michael Montplaisir,40479
Cass,County Auditor Cass,,,write-in,292
Cass,County Commissioner Cass - District 2,,,Dawn Morgan,19166
Cass,County Commissioner Cass - District 2,,,Rick Steen,22125
Cass,County Commissioner Cass - District 2,,,write-in,228
Cass,County Commissioner Cass - District 4,,,Arland H Rasmussen,25080
Cass,County Commissioner Cass - District 4,,,Justin Vega,14630
Cass,County Commissioner Cass - District 4,,,write-in,234
Cass,County Official Newspaper Cass,,,Cass County Reporter,13243
Cass,County Official Newspaper Cass,,,The Forum of Fargo Moorhead,35510
Cass,County Recorder Cass,,,Jewel Spies,39740
Cass,County Recorder Cass,,,write-in,212
Cass,County Sheriff Cass,,,Paul D Laney,42030
Cass,County Sheriff Cass,,,write-in,632
Cass,County State's Attorney Cass,,,Birch P Burdick,40896
Cass,County State's Attorney Cass,,,write-in,448
Cass,County Treasurer Cass,,,Charlotte Sandvik,40111
Cass,County Treasurer Cass,,,write-in,211
Cass,Countywide 9-1-1 Fee Cass,,,No,20242
Cass,Countywide 9-1-1 Fee Cass,,,Yes,31771
Cass,"Director, Garrison Diversion Conservancy Cass",,,Roger Fenstad,39162
Cass,"Director, Garrison Diversion Conservancy Cass",,,write-in,269
Cass,Fire Department Levy Mapleton,,,No,176
Cass,Fire Department Levy Mapleton,,,Yes,153
Cass,"Initiated Constitutional Measure No. 5 Constitutional Petition Related to a Clean Water, Wildlife, and Parks Trust and a Clean Water, Wildlife, and Parks Fund",,,No,38044
Cass,"Initiated Constitutional Measure No. 5 Constitutional Petition Related to a Clean Water, Wildlife, and Parks Trust and a Clean Water, Wildlife, and Parks Fund",,,Yes,15555
Cass,Initiated Statutory Measure No. 6 Relating to Parental Rights and Responsibilities,,,No,33837
Cass,Initiated Statutory Measure No. 6 Relating to Parental Rights and Responsibilities,,,Yes,19059
Cass,Initiated Statutory Measure No. 7 Relating to the Operation of a Pharmacy,,,No,31263
Cass,Initiated Statutory Measure No. 7 Relating to the Operation of a Pharmacy,,,Yes,22095
Cass,Initiated Statutory Measure No. 8 Statutory Petition Related to School Classes Beginning After Labor Day,,,No,28268
Cass,Initiated Statutory Measure No. 8 Statutory Petition Related to School Classes Beginning After Labor Day,,,Yes,24430
Cass,Judge of the District Court No. 1 East Central,,,Susan L Bailey,25299
Cass,Judge of the District Court No. 1 East Central,,,Tristan Van de Streek,18250
Cass,Judge of the District Court No. 1 East Central,,,write-in,249
Cass,Judge of the District Court No. 5 East Central,,,Frank L Racek,39968
Cass,Judge of the District Court No. 5 East Central,,,write-in,379
Cass,Judge of the District Court No. 7 East Central,,,Wade Webb,40165
Cass,Judge of the District Court No. 7 East Central,,,write-in,358
Cass,Justice of the Supreme Court,,,Gerald W VandeWalle,40334
Cass,Justice of the Supreme Court,,,write-in,503
Cass,Public Service Commissioner,,,write-in,91
Cass,Public Service Commissioner,,DEM,Todd Reisenauer,19979
Cass,Public Service Commissioner,,REP,Brian P Kalk,30340
Cass,Public Service Commissioner Unexpired 2-Year Term,,,write-in,101
Cass,Public Service Commissioner Unexpired 2-Year Term,,DEM,Tyler Axness,20584
Cass,Public Service Commissioner Unexpired 2-Year Term,,REP,Julie Fedorchak,29348
Cass,Secretary of State,,,write-in,61
Cass,Secretary of State,,DEM,April Fairfield,19484
Cass,Secretary of State,,LIB,Roland Riemers,3087
Cass,Secretary of State,,REP,Alvin A (Al) Jaeger,28870
Cass,State House,11,,write-in,155
Cass,State House,11,DEM,Kris Wallman,2928
Cass,State House,11,DEM,Ron Guggisberg,2713
Cass,State House,13,,write-in,11
Cass,State House,13,DEM,Jaci Stofferahn,1687
Cass,State House,13,DEM,Scott Brand,2089
Cass,State House,13,REP,Christopher Olson,2443
Cass,State House,13,REP,Kim Koppelman,3034
Cass,State House,21,,write-in,6
Cass,State House,21,DEM,Kathy Hogan,1891
Cass,State House,21,DEM,Mary Schneider,2010
Cass,State House,21,REP,Lucas Paper,1422
Cass,State House,21,REP,Robert Lauf,1456
Cass,State House,25,,write-in,8
Cass,State House,25,DEM,Alisa Mitskog,231
Cass,State House,25,DEM,Richard W Grosz,177
Cass,State House,25,REP,Bruce Eckre,364
Cass,State House,25,REP,Cindy Beck,468
Cass,State House,27,,write-in,21
Cass,State House,27,DEM,Jess Roscoe,1901
Cass,State House,27,DEM,Logan Heinrich,1757
Cass,State House,27,REP,Randy G Boehning,2756
Cass,State House,27,REP,Thomas Beadle,2552
Cass,State House,41,,write-in,11
Cass,State House,41,DEM,Pamela Anderson,2639
Cass,State House,41,DEM,Sheila Christensen,2113
Cass,State House,41,REP,Al Carlson,2590
Cass,State House,41,REP,Bette Grande,2347
Cass,State House,45,,write-in,20
Cass,State House,45,DEM,Brenda K Warren,1706
Cass,State House,45,DEM,Ed Gruchalla,1998
Cass,State House,45,REP,Mary C Johnson,2240
Cass,State House,45,REP,Tom Kading,2258
Cass,State Senate,11,,write-in,139
Cass,State Senate,11,DEM,Tim Mathern,3768
Cass,State Senate,13,,write-in,14
Cass,State Senate,13,DEM,Landis L Larson,1708
Cass,State Senate,13,REP,Judy Lee,3638
Cass,State Senate,21,,write-in,6
Cass,State Senate,21,DEM,Carolyn C Nelson,2130
Cass,State Senate,21,REP,Cindy Pfeiffer,1551
Cass,State Senate,25,,write-in,0
Cass,State Senate,25,DEM,Perry Miller,243
Cass,State Senate,25,REP,Larry Luick,448
Cass,State Senate,27,,write-in,17
Cass,State Senate,27,DEM,Warren Solberg,2071
Cass,State Senate,27,REP,Jon Casper,2985
Cass,State Senate,41,,write-in,9
Cass,State Senate,41,DEM,Evelyn Quigley,2497
Cass,State Senate,41,REP,Kyle Davison,2900
Cass,State Senate,45,,write-in,14
Cass,State Senate,45,DEM,Mike Deutsch,1964
Cass,State Senate,45,REP,Ronald Sorvaag,2543
Cass,"Supervisor, Soil Conservation District Soil Conservation District",,,Brad Kellerman,39193
Cass,"Supervisor, Soil Conservation District Soil Conservation District",,,write-in,249
Cass,Tax Commissioner,,,write-in,75
Cass,Tax Commissioner,,DEM,Jason Astrup,22251
Cass,Tax Commissioner,,LIB,Anthony Mangnall,3713
Cass,Tax Commissioner,,REP,Ryan Rauschenberger,24563
Cass,U.S. House,1,,write-in,78
Cass,U.S. House,1,DEM,George Sinner,23717
Cass,U.S. House,1,LIB,"Robert J ""Jack"" Seaman",4269
Cass,U.S. House,1,REP,Kevin Cramer,24833
Cavalier,Agriculture Commissioner,,,write-in,1
Cavalier,Agriculture Commissioner,,DEM,Ryan Taylor,744
Cavalier,Agriculture Commissioner,,REP,Doug Goehring,1018
Cavalier,Attorney General,,,write-in,1
Cavalier,Attorney General,,DEM,Kiara Kraus-Parr,385
Cavalier,Attorney General,,REP,Wayne Stenehjem,1342
Cavalier,Constitutional Measure No. 1 Relating to the inalienable rights to life of every human being at every stage of development.,,,No,1046
Cavalier,Constitutional Measure No. 1 Relating to the inalienable rights to life of every human being at every stage of development.,,,Yes,756
Cavalier,Constitutional Measure No. 2 Relating to the prohibition of the imposition of mortgage taxes or any sales or transfer taxes on the mortgage or transfer of real property.,,,No,487
Cavalier,Constitutional Measure No. 2 Relating to the prohibition of the imposition of mortgage taxes or any sales or transfer taxes on the mortgage or transfer of real property.,,,Yes,1297
Cavalier,Constitutional Measure No. 3 Relating to repealing the existing Board of Higher Education and to creating a three member commission of higher education appointed by the Governor.,,,No,1320
Cavalier,Constitutional Measure No. 3 Relating to repealing the existing Board of Higher Education and to creating a three member commission of higher education appointed by the Governor.,,,Yes,403
Cavalier,Constitutional Measure No. 4 Relating to the fiscal impact of measures to initiate constitutional amendments and to the placing of initiated measures on the ballot,,,No,968
Cavalier,Constitutional Measure No. 4 Relating to the fiscal impact of measures to initiate constitutional amendments and to the placing of initiated measures on the ballot,,,Yes,707
Cavalier,County Auditor Cavalier,,,Lisa Gellner,1095
Cavalier,County Auditor Cavalier,,,Stephanie (Benoit) Nelson,664
Cavalier,County Auditor Cavalier,,,write-in,0
Cavalier,County Commissioner at Large Cavalier,,,Elsie Magnus,1046
Cavalier,County Commissioner at Large Cavalier,,,"Nicholas ""Nick"" Moser",936
Cavalier,County Commissioner at Large Cavalier,,,Shauna Schneider,406
Cavalier,County Commissioner at Large Cavalier,,,Stanley J Dick,1153
Cavalier,County Commissioner at Large Cavalier,,,Tom M Valentine,209
Cavalier,County Commissioner at Large Cavalier,,,"William ""Willy"" Thom",562
Cavalier,County Commissioner at Large Cavalier,,,write-in,14
Cavalier,County Official Newspaper Cavalier,,,Cavalier County Republican,1484
Cavalier,County Recorder Cavalier,,,Vicki J Kubat,1543
Cavalier,County Recorder Cavalier,,,write-in,7
Cavalier,County Sheriff Cavalier,,,David J Zeis,1546
Cavalier,County Sheriff Cavalier,,,write-in,21
Cavalier,County State's Attorney Cavalier,,,Scott Stewart,1422
Cavalier,County State's Attorney Cavalier,,,write-in,34
Cavalier,County Treasurer Cavalier,,,Cynthia Stremick,1536
Cavalier,County Treasurer Cavalier,,,write-in,5
Cavalier,"Initiated Constitutional Measure No. 5 Constitutional Petition Related to a Clean Water, Wildlife, and Parks Trust and a Clean Water, Wildlife, and Parks Fund",,,No,1592
Cavalier,"Initiated Constitutional Measure No. 5 Constitutional Petition Related to a Clean Water, Wildlife, and Parks Trust and a Clean Water, Wildlife, and Parks Fund",,,Yes,216
Cavalier,Initiated Statutory Measure No. 6 Relating to Parental Rights and Responsibilities,,,No,1163
Cavalier,Initiated Statutory Measure No. 6 Relating to Parental Rights and Responsibilities,,,Yes,580
Cavalier,Initiated Statutory Measure No. 7 Relating to the Operation of a Pharmacy,,,No,1498
Cavalier,Initiated Statutory Measure No. 7 Relating to the Operation of a Pharmacy,,,Yes,317
Cavalier,Initiated Statutory Measure No. 8 Statutory Petition Related to School Classes Beginning After Labor Day,,,No,1056
Cavalier,Initiated Statutory Measure No. 8 Statutory Petition Related to School Classes Beginning After Labor Day,,,Yes,694
Cavalier,Judge of the District Court No. 3 Northeast,,,Michael G Sturdevant,1273
Cavalier,Judge of the District Court No. 3 Northeast,,,write-in,5
Cavalier,Judge of the District Court No. 4 Northeast,,,Donovan Foughty,1290
Cavalier,Judge of the District Court No. 4 Northeast,,,write-in,4
Cavalier,Justice of the Supreme Court,,,Gerald W VandeWalle,1278
Cavalier,Justice of the Supreme Court,,,write-in,6
Cavalier,Public Service Commissioner,,,write-in,1
Cavalier,Public Service Commissioner,,DEM,Todd Reisenauer,567
Cavalier,Public Service Commissioner,,REP,Brian P Kalk,1096
Cavalier,Public Service Commissioner Unexpired 2-Year Term,,,write-in,2
Cavalier,Public Service Commissioner Unexpired 2-Year Term,,DEM,Tyler Axness,590
Cavalier,Public Service Commissioner Unexpired 2-Year Term,,REP,Julie Fedorchak,1082
Cavalier,Secretary of State,,,write-in,1
Cavalier,Secretary of State,,DEM,April Fairfield,523
Cavalier,Secretary of State,,LIB,Roland Riemers,59
Cavalier,Secretary of State,,REP,Alvin A (Al) Jaeger,1127
Cavalier,"Supervisor, Soil Conservation District Soil Conservation",,,Kevin Dawley,1532
Cavalier,"Supervisor, Soil Conservation District Soil Conservation",,,write-in,3
Cavalier,Tax Commissioner,,,write-in,0
Cavalier,Tax Commissioner,,DEM,Jason Astrup,642
Cavalier,Tax Commissioner,,LIB,Anthony Mangnall,72
Cavalier,Tax Commissioner,,REP,Ryan Rauschenberger,950
Cavalier,U.S. House,1,,write-in,1
Cavalier,U.S. House,1,DEM,George Sinner,744
Cavalier,U.S. House,1,LIB,"Robert J ""Jack"" Seaman",54
Cavalier,U.S. House,1,REP,Kevin Cramer,979
Dickey,Agriculture Commissioner,,,write-in,4
Dickey,Agriculture Commissioner,,DEM,Ryan Taylor,837
Dickey,Agriculture Commissioner,,REP,Doug Goehring,1195
Dickey,Attorney General,,,write-in,3
Dickey,Attorney General,,DEM,Kiara Kraus-Parr,520
Dickey,Attorney General,,REP,Wayne Stenehjem,1505
Dickey,Constitutional Measure No. 1 Relating to the inalienable rights to life of every human being at every stage of development.,,,No,1243
Dickey,Constitutional Measure No. 1 Relating to the inalienable rights to life of every human being at every stage of development.,,,Yes,837
Dickey,Constitutional Measure No. 2 Relating to the prohibition of the imposition of mortgage taxes or any sales or transfer taxes on the mortgage or transfer of real property.,,,No,626
Dickey,Constitutional Measure No. 2 Relating to the prohibition of the imposition of mortgage taxes or any sales or transfer taxes on the mortgage or transfer of real property.,,,Yes,1427
Dickey,Constitutional Measure No. 3 Relating to repealing the existing Board of Higher Education and to creating a three member commission of higher education appointed by the Governor.,,,No,1640
Dickey,Constitutional Measure No. 3 Relating to repealing the existing Board of Higher Education and to creating a three member commission of higher education appointed by the Governor.,,,Yes,364
Dickey,Constitutional Measure No. 4 Relating to the fiscal impact of measures to initiate constitutional amendments and to the placing of initiated measures on the ballot,,,No,1230
Dickey,Constitutional Measure No. 4 Relating to the fiscal impact of measures to initiate constitutional amendments and to the placing of initiated measures on the ballot,,,Yes,752
Dickey,County Auditor Dickey,,,Beverly Kuska,1904
Dickey,County Auditor Dickey,,,write-in,4
Dickey,County Commissioner Dickey - District 1,,,Joel Hamar,1637
Dickey,County Commissioner Dickey - District 1,,,write-in,219
Dickey,County Commissioner Dickey - District 3,,,Dean B Simek,1821
Dickey,County Commissioner Dickey - District 3,,,write-in,20
Dickey,County Commissioner Dickey - District 5,,,John M Hokana,1823
Dickey,County Commissioner Dickey - District 5,,,write-in,19
Dickey,County Official Newspaper Dickey,,,Dickey County Leader,1839
Dickey,County Recorder Dickey,,,"Deborah ""Deb"" Anderson",1894
Dickey,County Recorder Dickey,,,write-in,3
Dickey,County Sheriff Dickey,,,Chris Estes,1278
Dickey,County Sheriff Dickey,,,Lance Kohlmeyer,675
Dickey,County Sheriff Dickey,,,write-in,71
Dickey,County State's Attorney Dickey,,,Gary Neuharth,1784
Dickey,County State's Attorney Dickey,,,write-in,31
Dickey,County Treasurer Dickey,,,Gail A Veland,1886
Dickey,County Treasurer Dickey,,,write-in,8
Dickey,"Initiated Constitutional Measure No. 5 Constitutional Petition Related to a Clean Water, Wildlife, and Parks Trust and a Clean Water, Wildlife, and Parks Fund",,,No,1787
Dickey,"Initiated Constitutional Measure No. 5 Constitutional Petition Related to a Clean Water, Wildlife, and Parks Trust and a Clean Water, Wildlife, and Parks Fund",,,Yes,300
Dickey,Initiated Statutory Measure No. 6 Relating to Parental Rights and Responsibilities,,,No,1385
Dickey,Initiated Statutory Measure No. 6 Relating to Parental Rights and Responsibilities,,,Yes,626
Dickey,Initiated Statutory Measure No. 7 Relating to the Operation of a Pharmacy,,,No,1645
Dickey,Initiated Statutory Measure No. 7 Relating to the Operation of a Pharmacy,,,Yes,431
Dickey,Initiated Statutory Measure No. 8 Statutory Petition Related to School Classes Beginning After Labor Day,,,No,1387
Dickey,Initiated Statutory Measure No. 8 Statutory Petition Related to School Classes Beginning After Labor Day,,,Yes,633
Dickey,Judge of the District Court No. 4 Unexpired 2-Year Term Southeast,,,James D Hovey,1742
Dickey,Judge of the District Court No. 4 Unexpired 2-Year Term Southeast,,,write-in,6
Dickey,Justice of the Supreme Court,,,Gerald W VandeWalle,1744
Dickey,Justice of the Supreme Court,,,write-in,6
Dickey,Public Service Commissioner,,,write-in,3
Dickey,Public Service Commissioner,,DEM,Todd Reisenauer,713
Dickey,Public Service Commissioner,,REP,Brian P Kalk,1274
Dickey,Public Service Commissioner Unexpired 2-Year Term,,,write-in,5
Dickey,Public Service Commissioner Unexpired 2-Year Term,,DEM,Tyler Axness,627
Dickey,Public Service Commissioner Unexpired 2-Year Term,,REP,Julie Fedorchak,1343
Dickey,Secretary of State,,,write-in,4
Dickey,Secretary of State,,DEM,April Fairfield,639
Dickey,Secretary of State,,LIB,Roland Riemers,93
Dickey,Secretary of State,,REP,Alvin A (Al) Jaeger,1283
Dickey,"Supervisor, Soil Conservation District James River",,,Keith Kronberg,1877
Dickey,"Supervisor, Soil Conservation District James River",,,write-in,6
Dickey,Tax Commissioner,,,write-in,2
Dickey,Tax Commissioner,,DEM,Jason Astrup,687
Dickey,Tax Commissioner,,LIB,Anthony Mangnall,123
Dickey,Tax Commissioner,,REP,Ryan Rauschenberger,1162
Dickey,U.S. House,1,,write-in,2
Dickey,U.S. House,1,DEM,George Sinner,782
Dickey,U.S. House,1,LIB,"Robert J ""Jack"" Seaman",92
Dickey,U.S. House,1,REP,Kevin Cramer,1185
Divide,Agriculture Commissioner,,,write-in,0
Divide,Agriculture Commissioner,,DEM,Ryan Taylor,457
Divide,Agriculture Commissioner,,REP,Doug Goehring,567
Divide,Attorney General,,,write-in,1
Divide,Attorney General,,DEM,Kiara Kraus-Parr,214
Divide,Attorney General,,REP,Wayne Stenehjem,816
Divide,Constitutional Measure No. 1 Relating to the inalienable rights to life of every human being at every stage of development.,,,No,813
Divide,Constitutional Measure No. 1 Relating to the inalienable rights to life of every human being at every stage of development.,,,Yes,220
Divide,Constitutional Measure No. 2 Relating to the prohibition of the imposition of mortgage taxes or any sales or transfer taxes on the mortgage or transfer of real property.,,,No,378
Divide,Constitutional Measure No. 2 Relating to the prohibition of the imposition of mortgage taxes or any sales or transfer taxes on the mortgage or transfer of real property.,,,Yes,640
Divide,Constitutional Measure No. 3 Relating to repealing the existing Board of Higher Education and to creating a three member commission of higher education appointed by the Governor.,,,No,826
Divide,Constitutional Measure No. 3 Relating to repealing the existing Board of Higher Education and to creating a three member commission of higher education appointed by the Governor.,,,Yes,179
Divide,Constitutional Measure No. 4 Relating to the fiscal impact of measures to initiate constitutional amendments and to the placing of initiated measures on the ballot,,,No,569
Divide,Constitutional Measure No. 4 Relating to the fiscal impact of measures to initiate constitutional amendments and to the placing of initiated measures on the ballot,,,Yes,421
Divide,County Auditor Divide,,,Gayle Jastrzebski,959
Divide,County Auditor Divide,,,write-in,6
Divide,County Commissioner At Large By Divide - District 1,,,Gerald Brady,961
Divide,County Commissioner At Large By Divide - District 1,,,write-in,10
Divide,County Commissioner At Large By Divide - District 3,,,Tim Selle,935
Divide,County Commissioner At Large By Divide - District 3,,,write-in,7
Divide,County Official Newspaper Divide,,,The Journal,892
Divide,County Recorder Divide,,,"Christina ""Chrissy"" Running",967
Divide,County Recorder Divide,,,write-in,5
Divide,County Sheriff Divide,,,Brent Gunderson,331
Divide,County Sheriff Divide,,,Lauren Throntveit,699
Divide,County Sheriff Divide,,,write-in,0
Divide,County State's Attorney Divide,,,write-in,300
Divide,County Treasurer Divide,,,Sheila Haugland,956
Divide,County Treasurer Divide,,,write-in,0
Divide,"Initiated Constitutional Measure No. 5 Constitutional Petition Related to a Clean Water, Wildlife, and Parks Trust and a Clean Water, Wildlife, and Parks Fund",,,No,965
Divide,"Initiated Constitutional Measure No. 5 Constitutional Petition Related to a Clean Water, Wildlife, and Parks Trust and a Clean Water, Wildlife, and Parks Fund",,,Yes,80
Divide,Initiated Statutory Measure No. 6 Relating to Parental Rights and Responsibilities,,,No,680
Divide,Initiated Statutory Measure No. 6 Relating to Parental Rights and Responsibilities,,,Yes,316
Divide,Initiated Statutory Measure No. 7 Relating to the Operation of a Pharmacy,,,No,674
Divide,Initiated Statutory Measure No. 7 Relating to the Operation of a Pharmacy,,,Yes,349
Divide,Initiated Statutory Measure No. 8 Statutory Petition Related to School Classes Beginning After Labor Day,,,No,616
Divide,Initiated Statutory Measure No. 8 Statutory Petition Related to School Classes Beginning After Labor Day,,,Yes,391
Divide,Judge of the District Court No. 2 Northwest,,,David W Nelson,938
Divide,Judge of the District Court No. 2 Northwest,,,write-in,2
Divide,Justice of the Supreme Court,,,Gerald W VandeWalle,959
Divide,Justice of the Supreme Court,,,write-in,0
Divide,Public Service Commissioner,,,write-in,1
Divide,Public Service Commissioner,,DEM,Todd Reisenauer,368
Divide,Public Service Commissioner,,REP,Brian P Kalk,620
Divide,Public Service Commissioner Unexpired 2-Year Term,,,write-in,0
Divide,Public Service Commissioner Unexpired 2-Year Term,,DEM,Tyler Axness,332
Divide,Public Service Commissioner Unexpired 2-Year Term,,REP,Julie Fedorchak,657
Divide,Secretary of State,,,write-in,0
Divide,Secretary of State,,DEM,April Fairfield,300
Divide,Secretary of State,,LIB,Roland Riemers,42
Divide,Secretary of State,,REP,Alvin A (Al) Jaeger,674
Divide,"Supervisor, Soil Conservation District Soil Conservation",,,Harlan Johnson,931
Divide,"Supervisor, Soil Conservation District Soil Conservation",,,write-in,6
Divide,Tax Commissioner,,,write-in,0
Divide,Tax Commissioner,,DEM,Jason Astrup,349
Divide,Tax Commissioner,,LIB,Anthony Mangnall,65
Divide,Tax Commissioner,,REP,Ryan Rauschenberger,564
Divide,U.S. House,1,,write-in,2
Divide,U.S. House,1,DEM,George Sinner,363
Divide,U.S. House,1,LIB,"Robert J ""Jack"" Seaman",53
Divide,U.S. House,1,REP,Kevin Cramer,615
Dunn,Agriculture Commissioner,,,write-in,2
Dunn,Agriculture Commissioner,,DEM,Ryan Taylor,614
Dunn,Agriculture Commissioner,,REP,Doug Goehring,1071
Dunn,Attorney General,,,write-in,1
Dunn,Attorney General,,DEM,Kiara Kraus-Parr,306
Dunn,Attorney General,,REP,Wayne Stenehjem,1357
Dunn,Constitutional Measure No. 1 Relating to the inalienable rights to life of every human being at every stage of development.,,,No,937
Dunn,Constitutional Measure No. 1 Relating to the inalienable rights to life of every human being at every stage of development.,,,Yes,753
Dunn,Constitutional Measure No. 2 Relating to the prohibition of the imposition of mortgage taxes or any sales or transfer taxes on the mortgage or transfer of real property.,,,No,392
Dunn,Constitutional Measure No. 2 Relating to the prohibition of the imposition of mortgage taxes or any sales or transfer taxes on the mortgage or transfer of real property.,,,Yes,1281
Dunn,Constitutional Measure No. 3 Relating to repealing the existing Board of Higher Education and to creating a three member commission of higher education appointed by the Governor.,,,No,1286
Dunn,Constitutional Measure No. 3 Relating to repealing the existing Board of Higher Education and to creating a three member commission of higher education appointed by the Governor.,,,Yes,352
Dunn,Constitutional Measure No. 4 Relating to the fiscal impact of measures to initiate constitutional amendments and to the placing of initiated measures on the ballot,,,No,916
Dunn,Constitutional Measure No. 4 Relating to the fiscal impact of measures to initiate constitutional amendments and to the placing of initiated measures on the ballot,,,Yes,707
Dunn,County Auditor/Treasurer Dunn,,,Tracey Dolezal,1528
Dunn,County Auditor/Treasurer Dunn,,,write-in,11
Dunn,County Commissioner at Large Dunn,,,Cliff Ferebee,666
Dunn,County Commissioner at Large Dunn,,,Craig Pelton,915
Dunn,County Commissioner at Large Dunn,,,Daryl H Dukart,920
Dunn,County Commissioner at Large Dunn,,,Donna Scott,792
Dunn,County Commissioner at Large Dunn,,,Glenn Eckelberg,622
Dunn,County Commissioner at Large Dunn,,,Timothy R. Steffan,698
Dunn,County Commissioner at Large Dunn,,,write-in,13
Dunn,County Official Newspaper Dunn,,,Dunn County Herald,1406
Dunn,County Recorder/Clerk of District Court Dunn,,,Lisa Ann Guenther,1478
Dunn,County Recorder/Clerk of District Court Dunn,,,write-in,4
Dunn,County Sheriff Dunn,,,Clayton L. Coker,924
Dunn,County Sheriff Dunn,,,Kenneth (Kenny) LaRocque,687
Dunn,County Sheriff Dunn,,,write-in,16
Dunn,County State's Attorney Dunn,,,Pat J. Merriman,1160
Dunn,County State's Attorney Dunn,,,write-in,231
Dunn,"Initiated Constitutional Measure No. 5 Constitutional Petition Related to a Clean Water, Wildlife, and Parks Trust and a Clean Water, Wildlife, and Parks Fund",,,No,1544
Dunn,"Initiated Constitutional Measure No. 5 Constitutional Petition Related to a Clean Water, Wildlife, and Parks Trust and a Clean Water, Wildlife, and Parks Fund",,,Yes,158
Dunn,Initiated Statutory Measure No. 6 Relating to Parental Rights and Responsibilities,,,No,972
Dunn,Initiated Statutory Measure No. 6 Relating to Parental Rights and Responsibilities,,,Yes,661
Dunn,Initiated Statutory Measure No. 7 Relating to the Operation of a Pharmacy,,,No,1133
Dunn,Initiated Statutory Measure No. 7 Relating to the Operation of a Pharmacy,,,Yes,555
Dunn,Initiated Statutory Measure No. 8 Statutory Petition Related to School Classes Beginning After Labor Day,,,No,979
Dunn,Initiated Statutory Measure No. 8 Statutory Petition Related to School Classes Beginning After Labor Day,,,Yes,663
Dunn,Justice of the Supreme Court,,,Gerald W VandeWalle,1310
Dunn,Justice of the Supreme Court,,,write-in,10
Dunn,Killdeer City Sales Tax Killdeer,,,No,169
Dunn,Killdeer City Sales Tax Killdeer,,,Yes,170
Dunn,Public Service Commissioner,,,write-in,2
Dunn,Public Service Commissioner,,DEM,Todd Reisenauer,472
Dunn,Public Service Commissioner,,REP,Brian P Kalk,1147
Dunn,Public Service Commissioner Unexpired 2-Year Term,,,write-in,1
Dunn,Public Service Commissioner Unexpired 2-Year Term,,DEM,Tyler Axness,366
Dunn,Public Service Commissioner Unexpired 2-Year Term,,REP,Julie Fedorchak,1248
Dunn,Secretary of State,,,write-in,2
Dunn,Secretary of State,,DEM,April Fairfield,367
Dunn,Secretary of State,,LIB,Roland Riemers,83
Dunn,Secretary of State,,REP,Alvin A (Al) Jaeger,1214
Dunn,State House,39,,write-in,0
Dunn,State House,39,DEM,Greg Tank,93
Dunn,State House,39,DEM,Maddison Voigt,172
Dunn,State House,39,REP,Denton B Zubke,372
Dunn,State House,39,REP,Keith Kempenich,343
Dunn,State Senate,39,,write-in,0
Dunn,State Senate,39,DEM,Stephanie L Pretzer,134
Dunn,State Senate,39,REP,Bill L Bowman,404
Dunn,"Supervisor, Soil Conservation District Soil Conservation",,,Lenci Sickler,1371
Dunn,"Supervisor, Soil Conservation District Soil Conservation",,,write-in,14
Dunn,Tax Commissioner,,,write-in,1
Dunn,Tax Commissioner,,DEM,Jason Astrup,404
Dunn,Tax Commissioner,,LIB,Anthony Mangnall,83
Dunn,Tax Commissioner,,REP,Ryan Rauschenberger,1129
Dunn,U.S. House,1,,write-in,3
Dunn,U.S. House,1,DEM,George Sinner,454
Dunn,U.S. House,1,LIB,"Robert J ""Jack"" Seaman",95
Dunn,U.S. House,1,REP,Kevin Cramer,1132
Eddy,Agriculture Commissioner,,,write-in,0
Eddy,Agriculture Commissioner,,DEM,Ryan Taylor,582
Eddy,Agriculture Commissioner,,REP,Doug Goehring,494
Eddy,Attorney General,,,write-in,0
Eddy,Attorney General,,DEM,Kiara Kraus-Parr,346
Eddy,Attorney General,,REP,Wayne Stenehjem,721
Eddy,Constitutional Measure No. 1 Relating to the inalienable rights to life of every human being at every stage of development.,,,No,709
Eddy,Constitutional Measure No. 1 Relating to the inalienable rights to life of every human being at every stage of development.,,,Yes,377
Eddy,Constitutional Measure No. 2 Relating to the prohibition of the imposition of mortgage taxes or any sales or transfer taxes on the mortgage or transfer of real property.,,,No,324
Eddy,Constitutional Measure No. 2 Relating to the prohibition of the imposition of mortgage taxes or any sales or transfer taxes on the mortgage or transfer of real property.,,,Yes,759
Eddy,Constitutional Measure No. 3 Relating to repealing the existing Board of Higher Education and to creating a three member commission of higher education appointed by the Governor.,,,No,859
Eddy,Constitutional Measure No. 3 Relating to repealing the existing Board of Higher Education and to creating a three member commission of higher education appointed by the Governor.,,,Yes,209
Eddy,Constitutional Measure No. 4 Relating to the fiscal impact of measures to initiate constitutional amendments and to the placing of initiated measures on the ballot,,,No,690
Eddy,Constitutional Measure No. 4 Relating to the fiscal impact of measures to initiate constitutional amendments and to the placing of initiated measures on the ballot,,,Yes,370
Eddy,County Auditor Eddy,,,Patty Williams,983
Eddy,County Auditor Eddy,,,write-in,9
Eddy,County Commissioner Eddy - Districts At-Large,,,Jeff Pfau,776
Eddy,County Commissioner Eddy - Districts At-Large,,,Neal Rud,876
Eddy,County Commissioner Eddy - Districts At-Large,,,write-in,67
Eddy,County Official Newspaper Eddy,,,New Rockford Transcript,945
Eddy,County Recorder/Clerk of District Court Eddy,,,Patty J Hilbert,994
Eddy,County Recorder/Clerk of District Court Eddy,,,write-in,5
Eddy,County Sheriff Eddy,,,Brandon Maygra,388
Eddy,County Sheriff Eddy,,,Paul A Lies,692
Eddy,County Sheriff Eddy,,,write-in,9
Eddy,County State's Attorney Eddy,,,Travis S Peterson,927
Eddy,County State's Attorney Eddy,,,write-in,16
Eddy,County Treasurer Eddy,,,Deonne Maygra,212
Eddy,County Treasurer Eddy,,,Kathryn (Kathy) Anderson,844
Eddy,County Treasurer Eddy,,,write-in,2
Eddy,Grant Property Tax Exemptions New Rockford,,,No,305
Eddy,Grant Property Tax Exemptions New Rockford,,,Yes,283
Eddy,"Initiated Constitutional Measure No. 5 Constitutional Petition Related to a Clean Water, Wildlife, and Parks Trust and a Clean Water, Wildlife, and Parks Fund",,,No,979
Eddy,"Initiated Constitutional Measure No. 5 Constitutional Petition Related to a Clean Water, Wildlife, and Parks Trust and a Clean Water, Wildlife, and Parks Fund",,,Yes,121
Eddy,Initiated Statutory Measure No. 6 Relating to Parental Rights and Responsibilities,,,No,769
Eddy,Initiated Statutory Measure No. 6 Relating to Parental Rights and Responsibilities,,,Yes,276
Eddy,Initiated Statutory Measure No. 7 Relating to the Operation of a Pharmacy,,,No,772
Eddy,Initiated Statutory Measure No. 7 Relating to the Operation of a Pharmacy,,,Yes,314
Eddy,Initiated Statutory Measure No. 8 Statutory Petition Related to School Classes Beginning After Labor Day,,,No,668
Eddy,Initiated Statutory Measure No. 8 Statutory Petition Related to School Classes Beginning After Labor Day,,,Yes,406
Eddy,Judge of the District Court No. 4 Unexpired 2-Year Term Southeast,,,James D Hovey,993
Eddy,Judge of the District Court No. 4 Unexpired 2-Year Term Southeast,,,write-in,5
Eddy,Justice of the Supreme Court,,,Gerald W VandeWalle,924
Eddy,Justice of the Supreme Court,,,write-in,4
Eddy,Public Service Commissioner,,,write-in,0
Eddy,Public Service Commissioner,,DEM,Todd Reisenauer,487
Eddy,Public Service Commissioner,,REP,Brian P Kalk,561
Eddy,Public Service Commissioner Unexpired 2-Year Term,,,write-in,0
Eddy,Public Service Commissioner Unexpired 2-Year Term,,DEM,Tyler Axness,462
Eddy,Public Service Commissioner Unexpired 2-Year Term,,REP,Julie Fedorchak,581
Eddy,Secretary of State,,,write-in,1
Eddy,Secretary of State,,DEM,April Fairfield,420
Eddy,Secretary of State,,LIB,Roland Riemers,62
Eddy,Secretary of State,,REP,Alvin A (Al) Jaeger,579
Eddy,State House,23,,write-in,2
Eddy,State House,23,DEM,Austin Langley,575
Eddy,State House,23,DEM,Ben Vig,504
Eddy,State House,23,REP,Bill Devlin,423
Eddy,State House,23,REP,Don Vigesaa,516
Eddy,State Senate,23,,write-in,0
Eddy,State Senate,23,DEM,Joan M Heckaman,747
Eddy,State Senate,23,REP,John Jacobson,341
Eddy,"Supervisor, Soil Conservation District Soil Conservation",,,write-in,105
Eddy,Tax Commissioner,,,write-in,0
Eddy,Tax Commissioner,,DEM,Jason Astrup,461
Eddy,Tax Commissioner,,LIB,Anthony Mangnall,70
Eddy,Tax Commissioner,,REP,Ryan Rauschenberger,513
Eddy,U.S. House,1,,write-in,0
Eddy,U.S. House,1,DEM,George Sinner,494
Eddy,U.S. House,1,LIB,"Robert J ""Jack"" Seaman",69
Eddy,U.S. House,1,REP,Kevin Cramer,515
Emmons,Agriculture Commissioner,,,write-in,2
Emmons,Agriculture Commissioner,,DEM,Ryan Taylor,502
Emmons,Agriculture Commissioner,,REP,Doug Goehring,1150
Emmons,Attorney General,,,write-in,2
Emmons,Attorney General,,DEM,Kiara Kraus-Parr,257
Emmons,Attorney General,,REP,Wayne Stenehjem,1372
Emmons,Constitutional Measure No. 1 Relating to the inalienable rights to life of every human being at every stage of development.,,,No,687
Emmons,Constitutional Measure No. 1 Relating to the inalienable rights to life of every human being at every stage of development.,,,Yes,963
Emmons,Constitutional Measure No. 2 Relating to the prohibition of the imposition of mortgage taxes or any sales or transfer taxes on the mortgage or transfer of real property.,,,No,306
Emmons,Constitutional Measure No. 2 Relating to the prohibition of the imposition of mortgage taxes or any sales or transfer taxes on the mortgage or transfer of real property.,,,Yes,1331
Emmons,Constitutional Measure No. 3 Relating to repealing the existing Board of Higher Education and to creating a three member commission of higher education appointed by the Governor.,,,No,1170
Emmons,Constitutional Measure No. 3 Relating to repealing the existing Board of Higher Education and to creating a three member commission of higher education appointed by the Governor.,,,Yes,428
Emmons,Constitutional Measure No. 4 Relating to the fiscal impact of measures to initiate constitutional amendments and to the placing of initiated measures on the ballot,,,No,818
Emmons,Constitutional Measure No. 4 Relating to the fiscal impact of measures to initiate constitutional amendments and to the placing of initiated measures on the ballot,,,Yes,762
Emmons,County Auditor/Treasurer Emmons,,,Lenore Bosch,540
Emmons,County Auditor/Treasurer Emmons,,,"Marlys ""Marcy"" Ohlhauser",1093
Emmons,County Auditor/Treasurer Emmons,,,write-in,3
Emmons,County Commissioner Emmons - District 2,,,"Francis W ""Pork"" Lawler",185
Emmons,County Commissioner Emmons - District 2,,,Terry Ibach,139
Emmons,County Commissioner Emmons - District 2,,,write-in,2
Emmons,County Commissioner Emmons - District 4,,,Gerry Kraft,95
Emmons,County Commissioner Emmons - District 4,,,Leonard Weichel,197
Emmons,County Commissioner Emmons - District 4,,,write-in,3
Emmons,County Official Newspaper Emmons,,,Emmons County Record,1458
Emmons,County Recorder/Clerk of District Court Emmons,,,Anita Ibach,1467
Emmons,County Recorder/Clerk of District Court Emmons,,,write-in,7
Emmons,County Sheriff Emmons,,,Gary R Sanders,1477
Emmons,County Sheriff Emmons,,,write-in,21
Emmons,County State's Attorney Emmons,,,Donavin L Grenz,1338
Emmons,County State's Attorney Emmons,,,write-in,28
Emmons,"Initiated Constitutional Measure No. 5 Constitutional Petition Related to a Clean Water, Wildlife, and Parks Trust and a Clean Water, Wildlife, and Parks Fund",,,No,1457
Emmons,"Initiated Constitutional Measure No. 5 Constitutional Petition Related to a Clean Water, Wildlife, and Parks Trust and a Clean Water, Wildlife, and Parks Fund",,,Yes,193
Emmons,Initiated Statutory Measure No. 6 Relating to Parental Rights and Responsibilities,,,No,907
Emmons,Initiated Statutory Measure No. 6 Relating to Parental Rights and Responsibilities,,,Yes,681
Emmons,Initiated Statutory Measure No. 7 Relating to the Operation of a Pharmacy,,,No,939
Emmons,Initiated Statutory Measure No. 7 Relating to the Operation of a Pharmacy,,,Yes,712
Emmons,Initiated Statutory Measure No. 8 Statutory Petition Related to School Classes Beginning After Labor Day,,,No,1090
Emmons,Initiated Statutory Measure No. 8 Statutory Petition Related to School Classes Beginning After Labor Day,,,Yes,540
Emmons,Judge of the District Court No. 1 South Central,,,David E Reich,1318
Emmons,Judge of the District Court No. 1 South Central,,,write-in,8
Emmons,Judge of the District Court No. 6 South Central,,,Gail Hagerty,1331
Emmons,Judge of the District Court No. 6 South Central,,,write-in,11
Emmons,Judge of the District Court No. 7 South Central,,,Thomas J Schneider,1336
Emmons,Judge of the District Court No. 7 South Central,,,write-in,4
Emmons,Justice of the Supreme Court,,,Gerald W VandeWalle,1328
Emmons,Justice of the Supreme Court,,,write-in,8
Emmons,Public Service Commissioner,,,write-in,1
Emmons,Public Service Commissioner,,DEM,Todd Reisenauer,387
Emmons,Public Service Commissioner,,REP,Brian P Kalk,1195
Emmons,Public Service Commissioner Unexpired 2-Year Term,,,write-in,2
Emmons,Public Service Commissioner Unexpired 2-Year Term,,DEM,Tyler Axness,314
Emmons,Public Service Commissioner Unexpired 2-Year Term,,REP,Julie Fedorchak,1274
Emmons,Secretary of State,,,write-in,1
Emmons,Secretary of State,,DEM,April Fairfield,337
Emmons,Secretary of State,,LIB,Roland Riemers,109
Emmons,Secretary of State,,REP,Alvin A (Al) Jaeger,1192
Emmons,"Supervisor, Soil Conservation District Soil Conservation",,,James Silvernagel,1413
Emmons,"Supervisor, Soil Conservation District Soil Conservation",,,write-in,6
Emmons,Tax Commissioner,,,write-in,6
Emmons,Tax Commissioner,,DEM,Jason Astrup,364
Emmons,Tax Commissioner,,LIB,Anthony Mangnall,100
Emmons,Tax Commissioner,,REP,Ryan Rauschenberger,1110
Emmons,U.S. House,1,,write-in,2
Emmons,U.S. House,1,DEM,George Sinner,407
Emmons,U.S. House,1,LIB,"Robert J ""Jack"" Seaman",74
Emmons,U.S. House,1,REP,Kevin Cramer,1160
Foster,Agriculture Commissioner,,,write-in,4
Foster,Agriculture Commissioner,,DEM,Ryan Taylor,734
Foster,Agriculture Commissioner,,REP,Doug Goehring,863
Foster,Attorney General,,,write-in,3
Foster,Attorney General,,DEM,Kiara Kraus-Parr,363
Foster,Attorney General,,REP,Wayne Stenehjem,1226
Foster,Constitutional Measure No. 1 Relating to the inalienable rights to life of every human being at every stage of development.,,,No,1084
Foster,Constitutional Measure No. 1 Relating to the inalienable rights to life of every human being at every stage of development.,,,Yes,545
Foster,Constitutional Measure No. 2 Relating to the prohibition of the imposition of mortgage taxes or any sales or transfer taxes on the mortgage or transfer of real property.,,,No,426
Foster,Constitutional Measure No. 2 Relating to the prohibition of the imposition of mortgage taxes or any sales or transfer taxes on the mortgage or transfer of real property.,,,Yes,1178
Foster,Constitutional Measure No. 3 Relating to repealing the existing Board of Higher Education and to creating a three member commission of higher education appointed by the Governor.,,,No,1244
Foster,Constitutional Measure No. 3 Relating to repealing the existing Board of Higher Education and to creating a three member commission of higher education appointed by the Governor.,,,Yes,331
Foster,Constitutional Measure No. 4 Relating to the fiscal impact of measures to initiate constitutional amendments and to the placing of initiated measures on the ballot,,,No,938
Foster,Constitutional Measure No. 4 Relating to the fiscal impact of measures to initiate constitutional amendments and to the placing of initiated measures on the ballot,,,Yes,616
Foster,County Auditor Foster,,,Casey Cables,1033
Foster,County Auditor Foster,,,Teresa L Risovi,536
Foster,County Auditor Foster,,,write-in,43
Foster,County Commissioner Foster,,,Bill Bauer,1083
Foster,County Commissioner Foster,,,Jim Carr,909
Foster,County Commissioner Foster,,,Pat Copenhaver,699
Foster,County Commissioner Foster,,,Paul J Straley,391
Foster,County Commissioner Foster,,,write-in,20
Foster,County Official Newspaper Foster,,,The Foster County Independent,1416
Foster,County Recorder Foster,,,Cheryl Fettig,268
Foster,County Recorder Foster,,,Lynelle Lyman Hoppe,1337
Foster,County Recorder Foster,,,write-in,4
Foster,County Sheriff Foster,,,Danielle Rosewaren,340
Foster,County Sheriff Foster,,,Michael W Tufte,1235
Foster,County Sheriff Foster,,,write-in,26
Foster,County State's Attorney Foster,,,Paul Murphy,1123
Foster,County State's Attorney Foster,,,write-in,291
Foster,County Treasurer Foster,,,Noreen Barton,1474
Foster,County Treasurer Foster,,,write-in,17
Foster,"Initiated Constitutional Measure No. 5 Constitutional Petition Related to a Clean Water, Wildlife, and Parks Trust and a Clean Water, Wildlife, and Parks Fund",,,No,1409
Foster,"Initiated Constitutional Measure No. 5 Constitutional Petition Related to a Clean Water, Wildlife, and Parks Trust and a Clean Water, Wildlife, and Parks Fund",,,Yes,215
Foster,Initiated Statutory Measure No. 6 Relating to Parental Rights and Responsibilities,,,No,1066
Foster,Initiated Statutory Measure No. 6 Relating to Parental Rights and Responsibilities,,,Yes,512
Foster,Initiated Statutory Measure No. 7 Relating to the Operation of a Pharmacy,,,No,1246
Foster,Initiated Statutory Measure No. 7 Relating to the Operation of a Pharmacy,,,Yes,389
Foster,Initiated Statutory Measure No. 8 Statutory Petition Related to School Classes Beginning After Labor Day,,,No,1033
Foster,Initiated Statutory Measure No. 8 Statutory Petition Related to School Classes Beginning After Labor Day,,,Yes,574
Foster,Judge of the District Court No. 4 Unexpired 2-Year Term Southeast,,,James D Hovey,1392
Foster,Judge of the District Court No. 4 Unexpired 2-Year Term Southeast,,,write-in,7
Foster,Justice of the Supreme Court,,,Gerald W VandeWalle,1329
Foster,Justice of the Supreme Court,,,write-in,5
Foster,Property Tax Exemption for new or expanding retail Carrington,,,No,474
Foster,Property Tax Exemption for new or expanding retail Carrington,,,Yes,496
Foster,Public Service Commissioner,,,write-in,0
Foster,Public Service Commissioner,,DEM,Todd Reisenauer,491
Foster,Public Service Commissioner,,REP,Brian P Kalk,1049
Foster,Public Service Commissioner Unexpired 2-Year Term,,,write-in,0
Foster,Public Service Commissioner Unexpired 2-Year Term,,DEM,Tyler Axness,479
Foster,Public Service Commissioner Unexpired 2-Year Term,,REP,Julie Fedorchak,1045
Foster,Secretary of State,,,write-in,1
Foster,Secretary of State,,DEM,April Fairfield,572
Foster,Secretary of State,,LIB,Roland Riemers,74
Foster,Secretary of State,,REP,Alvin A (Al) Jaeger,946
Foster,State House,29,,write-in,0
Foster,State House,29,DEM,Charles Linderman,601
Foster,State House,29,DEM,Lori Carlson,425
Foster,State House,29,REP,Chet Pollert,1165
Foster,State House,29,REP,Craig Headland,816
Foster,State Senate,29,,write-in,0
Foster,State Senate,29,DEM,Jeff Piehl,553
Foster,State Senate,29,REP,Terry M Wanzek,1044
Foster,"Supervisor, Soil Conservation District Soil Conservation",,,write-in,223
Foster,Tax Commissioner,,,write-in,2
Foster,Tax Commissioner,,DEM,Jason Astrup,558
Foster,Tax Commissioner,,LIB,Anthony Mangnall,87
Foster,Tax Commissioner,,REP,Ryan Rauschenberger,898
Foster,U.S. House,1,,write-in,1
Foster,U.S. House,1,DEM,George Sinner,608
Foster,U.S. House,1,LIB,"Robert J ""Jack"" Seaman",97
Foster,U.S. House,1,REP,Kevin Cramer,912
Golden Valley,Agriculture Commissioner,,,write-in,0
Golden Valley,Agriculture Commissioner,,DEM,Ryan Taylor,229
Golden Valley,Agriculture Commissioner,,REP,Doug Goehring,515
Golden Valley,Attorney General,,,write-in,0
Golden Valley,Attorney General,,DEM,Kiara Kraus-Parr,105
Golden Valley,Attorney General,,REP,Wayne Stenehjem,635
Golden Valley,Constitutional Measure No. 1 Relating to the inalienable rights to life of every human being at every stage of development.,,,No,298
Golden Valley,Constitutional Measure No. 1 Relating to the inalienable rights to life of every human being at every stage of development.,,,Yes,466
Golden Valley,Constitutional Measure No. 2 Relating to the prohibition of the imposition of mortgage taxes or any sales or transfer taxes on the mortgage or transfer of real property.,,,No,125
Golden Valley,Constitutional Measure No. 2 Relating to the prohibition of the imposition of mortgage taxes or any sales or transfer taxes on the mortgage or transfer of real property.,,,Yes,623
Golden Valley,Constitutional Measure No. 3 Relating to repealing the existing Board of Higher Education and to creating a three member commission of higher education appointed by the Governor.,,,No,540
Golden Valley,Constitutional Measure No. 3 Relating to repealing the existing Board of Higher Education and to creating a three member commission of higher education appointed by the Governor.,,,Yes,181
Golden Valley,Constitutional Measure No. 4 Relating to the fiscal impact of measures to initiate constitutional amendments and to the placing of initiated measures on the ballot,,,No,345
Golden Valley,Constitutional Measure No. 4 Relating to the fiscal impact of measures to initiate constitutional amendments and to the placing of initiated measures on the ballot,,,Yes,361
Golden Valley,County Auditor Golden Valley,,,Tamra Sperry,697
Golden Valley,County Auditor Golden Valley,,,write-in,1
Golden Valley,County Commissioner Golden Valley - District 1,,,John E Thompson,170
Golden Valley,County Commissioner Golden Valley - District 1,,,Troy Tescher,579
Golden Valley,County Commissioner Golden Valley - District 1,,,write-in,1
Golden Valley,County Commissioner Golden Valley - District 3,,,Donald Maus,483
Golden Valley,County Commissioner Golden Valley - District 3,,,Paul J Schmitz,246
Golden Valley,County Commissioner Golden Valley - District 3,,,write-in,4
Golden Valley,County Official Newspaper Golden Valley,,,Golden Valley News,599
Golden Valley,County Recorder/Clerk of District Court Golden Valley,,,Patty Thompson,672
Golden Valley,County Recorder/Clerk of District Court Golden Valley,,,write-in,4
Golden Valley,County Sheriff Golden Valley,,,Scott Steele,644
Golden Valley,County Sheriff Golden Valley,,,write-in,20
Golden Valley,County Treasurer Golden Valley,,,Gene Skoglund,696
Golden Valley,County Treasurer Golden Valley,,,write-in,1
Golden Valley,"Initiated Constitutional Measure No. 5 Constitutional Petition Related to a Clean Water, Wildlife, and Parks Trust and a Clean Water, Wildlife, and Parks Fund",,,No,691
Golden Valley,"Initiated Constitutional Measure No. 5 Constitutional Petition Related to a Clean Water, Wildlife, and Parks Trust and a Clean Water, Wildlife, and Parks Fund",,,Yes,65
Golden Valley,Initiated Statutory Measure No. 6 Relating to Parental Rights and Responsibilities,,,No,444
Golden Valley,Initiated Statutory Measure No. 6 Relating to Parental Rights and Responsibilities,,,Yes,285
Golden Valley,Initiated Statutory Measure No. 7 Relating to the Operation of a Pharmacy,,,No,514
Golden Valley,Initiated Statutory Measure No. 7 Relating to the Operation of a Pharmacy,,,Yes,239
Golden Valley,Initiated Statutory Measure No. 8 Statutory Petition Related to School Classes Beginning After Labor Day,,,No,382
Golden Valley,Initiated Statutory Measure No. 8 Statutory Petition Related to School Classes Beginning After Labor Day,,,Yes,352
Golden Valley,Justice of the Supreme Court,,,Gerald W VandeWalle,574
Golden Valley,Justice of the Supreme Court,,,write-in,3
Golden Valley,Public Service Commissioner,,,write-in,0
Golden Valley,Public Service Commissioner,,DEM,Todd Reisenauer,161
Golden Valley,Public Service Commissioner,,REP,Brian P Kalk,555
Golden Valley,Public Service Commissioner Unexpired 2-Year Term,,,write-in,0
Golden Valley,Public Service Commissioner Unexpired 2-Year Term,,DEM,Tyler Axness,116
Golden Valley,Public Service Commissioner Unexpired 2-Year Term,,REP,Julie Fedorchak,594
Golden Valley,Secretary of State,,,write-in,0
Golden Valley,Secretary of State,,DEM,April Fairfield,118
Golden Valley,Secretary of State,,LIB,Roland Riemers,35
Golden Valley,Secretary of State,,REP,Alvin A (Al) Jaeger,577
Golden Valley,State House,39,,write-in,0
Golden Valley,State House,39,DEM,Greg Tank,135
Golden Valley,State House,39,DEM,Maddison Voigt,146
Golden Valley,State House,39,REP,Denton B Zubke,421
Golden Valley,State House,39,REP,Keith Kempenich,562
Golden Valley,State Senate,39,,write-in,1
Golden Valley,State Senate,39,DEM,Stephanie L Pretzer,186
Golden Valley,State Senate,39,REP,Bill L Bowman,555
Golden Valley,"Supervisor, Soil Conservation District Golden Valley",,,Paul J Schmitz,573
Golden Valley,"Supervisor, Soil Conservation District Golden Valley",,,write-in,31
Golden Valley,Tax Commissioner,,,write-in,0
Golden Valley,Tax Commissioner,,DEM,Jason Astrup,134
Golden Valley,Tax Commissioner,,LIB,Anthony Mangnall,46
Golden Valley,Tax Commissioner,,REP,Ryan Rauschenberger,531
Golden Valley,U.S. House,1,,write-in,1
Golden Valley,U.S. House,1,DEM,George Sinner,171
Golden Valley,U.S. House,1,LIB,"Robert J ""Jack"" Seaman",38
Golden Valley,U.S. House,1,REP,Kevin Cramer,534
Grand Forks,Agriculture Commissioner,,,write-in,41
Grand Forks,Agriculture Commissioner,,DEM,Ryan Taylor,9185
Grand Forks,Agriculture Commissioner,,REP,Doug Goehring,10555
Grand Forks,Attorney General,,,write-in,47
Grand Forks,Attorney General,,DEM,Kiara Kraus-Parr,6292
Grand Forks,Attorney General,,REP,Wayne Stenehjem,13650
Grand Forks,Constitutional Measure No. 1 Relating to the inalienable rights to life of every human being at every stage of development.,,,No,14020
Grand Forks,Constitutional Measure No. 1 Relating to the inalienable rights to life of every human being at every stage of development.,,,Yes,6676
Grand Forks,Constitutional Measure No. 2 Relating to the prohibition of the imposition of mortgage taxes or any sales or transfer taxes on the mortgage or transfer of real property.,,,No,5268
Grand Forks,Constitutional Measure No. 2 Relating to the prohibition of the imposition of mortgage taxes or any sales or transfer taxes on the mortgage or transfer of real property.,,,Yes,15059
Grand Forks,Constitutional Measure No. 3 Relating to repealing the existing Board of Higher Education and to creating a three member commission of higher education appointed by the Governor.,,,No,15256
Grand Forks,Constitutional Measure No. 3 Relating to repealing the existing Board of Higher Education and to creating a three member commission of higher education appointed by the Governor.,,,Yes,4794
Grand Forks,Constitutional Measure No. 4 Relating to the fiscal impact of measures to initiate constitutional amendments and to the placing of initiated measures on the ballot,,,No,11492
Grand Forks,Constitutional Measure No. 4 Relating to the fiscal impact of measures to initiate constitutional amendments and to the placing of initiated measures on the ballot,,,Yes,8119
Grand Forks,County Commissioner Grand Forks,,,Anne Lee,7502
Grand Forks,County Commissioner Grand Forks,,,Dale Trosen,7672
Grand Forks,County Commissioner Grand Forks,,,Diane K. Knauf,9970
Grand Forks,County Commissioner Grand Forks,,,Gary K. Malm,8902
Grand Forks,County Commissioner Grand Forks,,,Tom Falck,8392
Grand Forks,County Commissioner Grand Forks,,,write-in,252
Grand Forks,County Official Newspaper Grand Forks,,,Grand Forks Herald,16130
Grand Forks,County Sheriff Grand Forks,,,Bob Rost,16581
Grand Forks,County Sheriff Grand Forks,,,write-in,260
Grand Forks,County State's Attorney Grand Forks,,,Peter D. Welte,16388
Grand Forks,County State's Attorney Grand Forks,,,write-in,116
Grand Forks,"Initiated Constitutional Measure No. 5 Constitutional Petition Related to a Clean Water, Wildlife, and Parks Trust and a Clean Water, Wildlife, and Parks Fund",,,No,14380
Grand Forks,"Initiated Constitutional Measure No. 5 Constitutional Petition Related to a Clean Water, Wildlife, and Parks Trust and a Clean Water, Wildlife, and Parks Fund",,,Yes,6154
Grand Forks,Initiated Statutory Measure No. 6 Relating to Parental Rights and Responsibilities,,,No,11817
Grand Forks,Initiated Statutory Measure No. 6 Relating to Parental Rights and Responsibilities,,,Yes,8258
Grand Forks,Initiated Statutory Measure No. 7 Relating to the Operation of a Pharmacy,,,No,11369
Grand Forks,Initiated Statutory Measure No. 7 Relating to the Operation of a Pharmacy,,,Yes,9182
Grand Forks,Initiated Statutory Measure No. 8 Statutory Petition Related to School Classes Beginning After Labor Day,,,No,10098
Grand Forks,Initiated Statutory Measure No. 8 Statutory Petition Related to School Classes Beginning After Labor Day,,,Yes,10219
Grand Forks,Judge of the District Court No. 4 Northeast Central,,,Lawrence E Jahnke,16745
Grand Forks,Judge of the District Court No. 4 Northeast Central,,,write-in,150
Grand Forks,Judge of the District Court No. 5 Northeast Central,,,Debbie G Kleven,16778
Grand Forks,Judge of the District Court No. 5 Northeast Central,,,write-in,145
Grand Forks,Justice of the Supreme Court,,,Gerald W VandeWalle,16177
Grand Forks,Justice of the Supreme Court,,,write-in,150
Grand Forks,Property Tax Exemption Northwood,,,No,141
Grand Forks,Property Tax Exemption Northwood,,,Yes,163
Grand Forks,Public Service Commissioner,,,write-in,36
Grand Forks,Public Service Commissioner,,DEM,Todd Reisenauer,7728
Grand Forks,Public Service Commissioner,,REP,Brian P Kalk,11555
Grand Forks,Public Service Commissioner Unexpired 2-Year Term,,,write-in,45
Grand Forks,Public Service Commissioner Unexpired 2-Year Term,,DEM,Tyler Axness,7413
Grand Forks,Public Service Commissioner Unexpired 2-Year Term,,REP,Julie Fedorchak,11771
Grand Forks,Secretary of State,,,write-in,33
Grand Forks,Secretary of State,,DEM,April Fairfield,7450
Grand Forks,Secretary of State,,LIB,Roland Riemers,1019
Grand Forks,Secretary of State,,REP,Alvin A (Al) Jaeger,11276
Grand Forks,State House,17,,write-in,35
Grand Forks,State House,17,DEM,Edward D Grossbauer,2080
Grand Forks,State House,17,REP,Mark S Owens,3215
Grand Forks,State House,17,REP,Mark Sanford,4109
Grand Forks,State House,19,,write-in,5
Grand Forks,State House,19,DEM,Carol Gierszewski,670
Grand Forks,State House,19,REP,Gary Paur,1334
Grand Forks,State House,19,REP,Wayne A Trottier,1409
Grand Forks,State House,43,,write-in,5
Grand Forks,State House,43,DEM,Kyle Thorson,1655
Grand Forks,State House,43,DEM,Lois Delmore,1932
Grand Forks,State House,43,REP,Richard S Becker,1809
Grand Forks,State House,43,REP,Shelby Wood,1717
Grand Forks,State Senate,17,,write-in,101
Grand Forks,State Senate,17,REP,Ray Holmberg,4869
Grand Forks,State Senate,19,,write-in,2
Grand Forks,State Senate,19,DEM,"Robert ""Tork"" Kilichowski",678
Grand Forks,State Senate,19,REP,Tom Campbell,1450
Grand Forks,State Senate,43,,write-in,8
Grand Forks,State Senate,43,DEM,JoNell Bakke,1841
Grand Forks,State Senate,43,REP,Lonnie Laffen,2102
Grand Forks,"Supervisor, Soil Conservation District Soil Conservation",,,Jeff Clementson,15688
Grand Forks,"Supervisor, Soil Conservation District Soil Conservation",,,write-in,98
Grand Forks,Tax Commissioner,,,write-in,27
Grand Forks,Tax Commissioner,,DEM,Jason Astrup,8002
Grand Forks,Tax Commissioner,,LIB,Anthony Mangnall,1103
Grand Forks,Tax Commissioner,,REP,Ryan Rauschenberger,10262
Grand Forks,U.S. House,1,,write-in,36
Grand Forks,U.S. House,1,DEM,George Sinner,8973
Grand Forks,U.S. House,1,LIB,"Robert J ""Jack"" Seaman",1133
Grand Forks,U.S. House,1,REP,Kevin Cramer,10143
Grant,Agriculture Commissioner,,,write-in,0
Grant,Agriculture Commissioner,,DEM,Ryan Taylor,427
Grant,Agriculture Commissioner,,REP,Doug Goehring,805
Grant,Attorney General,,,write-in,1
Grant,Attorney General,,DEM,Kiara Kraus-Parr,209
Grant,Attorney General,,REP,Wayne Stenehjem,1010
Grant,Constitutional Measure No. 1 Relating to the inalienable rights to life of every human being at every stage of development.,,,No,687
Grant,Constitutional Measure No. 1 Relating to the inalienable rights to life of every human being at every stage of development.,,,Yes,527
Grant,Constitutional Measure No. 2 Relating to the prohibition of the imposition of mortgage taxes or any sales or transfer taxes on the mortgage or transfer of real property.,,,No,279
Grant,Constitutional Measure No. 2 Relating to the prohibition of the imposition of mortgage taxes or any sales or transfer taxes on the mortgage or transfer of real property.,,,Yes,931
Grant,Constitutional Measure No. 3 Relating to repealing the existing Board of Higher Education and to creating a three member commission of higher education appointed by the Governor.,,,No,824
Grant,Constitutional Measure No. 3 Relating to repealing the existing Board of Higher Education and to creating a three member commission of higher education appointed by the Governor.,,,Yes,355
Grant,Constitutional Measure No. 4 Relating to the fiscal impact of measures to initiate constitutional amendments and to the placing of initiated measures on the ballot,,,No,550
Grant,Constitutional Measure No. 4 Relating to the fiscal impact of measures to initiate constitutional amendments and to the placing of initiated measures on the ballot,,,Yes,617
Grant,County Auditor/Treasurer Grant,,,Kelly Bachmeier,510
Grant,County Auditor/Treasurer Grant,,,Lynn Mutschelknaus,587
Grant,County Auditor/Treasurer Grant,,,write-in,113
Grant,County Commissioner at Large Grant,,,Alton Zenker,787
Grant,County Commissioner at Large Grant,,,Bill Koch,403
Grant,County Commissioner at Large Grant,,,write-in,4
Grant,County Official Newspaper Grant,,,Grant County News,1063
Grant,County Recorder/Clerk of District Court Grant,,,Joyce Stern,1075
Grant,County Recorder/Clerk of District Court Grant,,,write-in,17
Grant,County Sheriff Grant,,,Daniel M Devitt,70
Grant,County Sheriff Grant,,,John Foss,1134
Grant,County Sheriff Grant,,,write-in,7
Grant,County State's Attorney Grant,,,write-in,89
Grant,"Initiated Constitutional Measure No. 5 Constitutional Petition Related to a Clean Water, Wildlife, and Parks Trust and a Clean Water, Wildlife, and Parks Fund",,,No,1056
Grant,"Initiated Constitutional Measure No. 5 Constitutional Petition Related to a Clean Water, Wildlife, and Parks Trust and a Clean Water, Wildlife, and Parks Fund",,,Yes,171
Grant,Initiated Statutory Measure No. 6 Relating to Parental Rights and Responsibilities,,,No,679
Grant,Initiated Statutory Measure No. 6 Relating to Parental Rights and Responsibilities,,,Yes,501
Grant,Initiated Statutory Measure No. 7 Relating to the Operation of a Pharmacy,,,No,816
Grant,Initiated Statutory Measure No. 7 Relating to the Operation of a Pharmacy,,,Yes,412
Grant,Initiated Statutory Measure No. 8 Statutory Petition Related to School Classes Beginning After Labor Day,,,No,667
Grant,Initiated Statutory Measure No. 8 Statutory Petition Related to School Classes Beginning After Labor Day,,,Yes,530
Grant,Judge of the District Court No. 1 South Central,,,David E Reich,970
Grant,Judge of the District Court No. 1 South Central,,,write-in,3
Grant,Judge of the District Court No. 6 South Central,,,Gail Hagerty,985
Grant,Judge of the District Court No. 6 South Central,,,write-in,3
Grant,Judge of the District Court No. 7 South Central,,,Thomas J Schneider,982
Grant,Judge of the District Court No. 7 South Central,,,write-in,2
Grant,Justice of the Supreme Court,,,Gerald W VandeWalle,971
Grant,Justice of the Supreme Court,,,write-in,1
Grant,Public Service Commissioner,,,write-in,1
Grant,Public Service Commissioner,,DEM,Todd Reisenauer,301
Grant,Public Service Commissioner,,REP,Brian P Kalk,873
Grant,Public Service Commissioner Unexpired 2-Year Term,,,write-in,0
Grant,Public Service Commissioner Unexpired 2-Year Term,,DEM,Tyler Axness,252
Grant,Public Service Commissioner Unexpired 2-Year Term,,REP,Julie Fedorchak,912
Grant,Secretary of State,,,write-in,2
Grant,Secretary of State,,DEM,April Fairfield,256
Grant,Secretary of State,,LIB,Roland Riemers,51
Grant,Secretary of State,,REP,Alvin A (Al) Jaeger,898
Grant,State House,31,,write-in,0
Grant,State House,31,DEM,LaDonna Allard,237
Grant,State House,31,DEM,Mike Faith,255
Grant,State House,31,REP,James E Schmidt,837
Grant,State House,31,REP,Karen Rohr,844
Grant,State Senate,31,,write-in,1
Grant,State Senate,31,DEM,Kristen Vesledahl,258
Grant,State Senate,31,REP,Donald Schaible,946
Grant,"Supervisor, Soil Conservation District Soil Conservation District",,,Chad Skretteberg,912
Grant,"Supervisor, Soil Conservation District Soil Conservation District",,,write-in,58
Grant,Tax Commissioner,,,write-in,3
Grant,Tax Commissioner,,DEM,Jason Astrup,318
Grant,Tax Commissioner,,LIB,Anthony Mangnall,55
Grant,Tax Commissioner,,REP,Ryan Rauschenberger,802
Grant,U.S. House,1,,write-in,1
Grant,U.S. House,1,DEM,George Sinner,323
Grant,U.S. House,1,LIB,"Robert J ""Jack"" Seaman",54
Grant,U.S. House,1,REP,Kevin Cramer,853
Griggs,Agriculture Commissioner,,,write-in,1
Griggs,Agriculture Commissioner,,DEM,Ryan Taylor,557
Griggs,Agriculture Commissioner,,REP,Doug Goehring,673
Griggs,Attorney General,,,write-in,0
Griggs,Attorney General,,DEM,Kiara Kraus-Parr,308
Griggs,Attorney General,,REP,Wayne Stenehjem,920
Griggs,Constitutional Measure No. 1 Relating to the inalienable rights to life of every human being at every stage of development.,,,No,781
Griggs,Constitutional Measure No. 1 Relating to the inalienable rights to life of every human being at every stage of development.,,,Yes,465
Griggs,Constitutional Measure No. 2 Relating to the prohibition of the imposition of mortgage taxes or any sales or transfer taxes on the mortgage or transfer of real property.,,,No,366
Griggs,Constitutional Measure No. 2 Relating to the prohibition of the imposition of mortgage taxes or any sales or transfer taxes on the mortgage or transfer of real property.,,,Yes,852
Griggs,Constitutional Measure No. 3 Relating to repealing the existing Board of Higher Education and to creating a three member commission of higher education appointed by the Governor.,,,No,902
Griggs,Constitutional Measure No. 3 Relating to repealing the existing Board of Higher Education and to creating a three member commission of higher education appointed by the Governor.,,,Yes,293
Griggs,Constitutional Measure No. 4 Relating to the fiscal impact of measures to initiate constitutional amendments and to the placing of initiated measures on the ballot,,,No,713
Griggs,Constitutional Measure No. 4 Relating to the fiscal impact of measures to initiate constitutional amendments and to the placing of initiated measures on the ballot,,,Yes,474
Griggs,County Auditor Griggs,,,Samantha Quast,1077
Griggs,County Auditor Griggs,,,write-in,22
Griggs,County Commissioner Griggs - District 1,,,John Wakefield,154
Griggs,County Commissioner Griggs - District 1,,,LeRoy Eggermont,115
Griggs,County Commissioner Griggs - District 1,,,write-in,0
Griggs,County Commissioner Griggs - District 3,,,Joseph Dahlberg,107
Griggs,County Commissioner Griggs - District 3,,,Ron Dahl,122
Griggs,County Commissioner Griggs - District 3,,,write-in,0
Griggs,County Commissioner Griggs - District 5,,,Dale Pedersen,186
Griggs,County Commissioner Griggs - District 5,,,write-in,22
Griggs,County Official Newspaper Griggs,,,Griggs County Courier,1104
Griggs,County Recorder/Clerk of District Court Griggs,,,Kelly Vincent,1128
Griggs,County Recorder/Clerk of District Court Griggs,,,write-in,7
Griggs,County Sheriff Griggs,,,Gary L. Varberg,497
Griggs,County Sheriff Griggs,,,Robert S Hook,730
Griggs,County Sheriff Griggs,,,write-in,1
Griggs,County State's Attorney Griggs,,,Jayme Tenneson,667
Griggs,County State's Attorney Griggs,,,Marina Spahr,572
Griggs,County State's Attorney Griggs,,,write-in,4
Griggs,County Treasurer Griggs,,,Connie E Eslinger,1149
Griggs,County Treasurer Griggs,,,write-in,7
Griggs,"Initiated Constitutional Measure No. 5 Constitutional Petition Related to a Clean Water, Wildlife, and Parks Trust and a Clean Water, Wildlife, and Parks Fund",,,No,1032
Griggs,"Initiated Constitutional Measure No. 5 Constitutional Petition Related to a Clean Water, Wildlife, and Parks Trust and a Clean Water, Wildlife, and Parks Fund",,,Yes,214
Griggs,Initiated Statutory Measure No. 6 Relating to Parental Rights and Responsibilities,,,No,741
Griggs,Initiated Statutory Measure No. 6 Relating to Parental Rights and Responsibilities,,,Yes,459
Griggs,Initiated Statutory Measure No. 7 Relating to the Operation of a Pharmacy,,,No,892
Griggs,Initiated Statutory Measure No. 7 Relating to the Operation of a Pharmacy,,,Yes,351
Griggs,Initiated Statutory Measure No. 8 Statutory Petition Related to School Classes Beginning After Labor Day,,,No,698
Griggs,Initiated Statutory Measure No. 8 Statutory Petition Related to School Classes Beginning After Labor Day,,,Yes,521
Griggs,Judge of the District Court No. 4 Unexpired 2-Year Term Southeast,,,James D Hovey,1018
Griggs,Judge of the District Court No. 4 Unexpired 2-Year Term Southeast,,,write-in,1
Griggs,Justice of the Supreme Court,,,Gerald W VandeWalle,1023
Griggs,Justice of the Supreme Court,,,write-in,1
Griggs,Property Tax Exemptions Cooperstown,,,No,254
Griggs,Property Tax Exemptions Cooperstown,,,Yes,223
Griggs,Property Tax Exemptions Griggs,,,No,699
Griggs,Property Tax Exemptions Griggs,,,Yes,498
Griggs,Property Tax Exemptions Hannaford,,,No,31
Griggs,Property Tax Exemptions Hannaford,,,Yes,36
Griggs,Public Service Commissioner,,,write-in,0
Griggs,Public Service Commissioner,,DEM,Todd Reisenauer,414
Griggs,Public Service Commissioner,,REP,Brian P Kalk,776
Griggs,Public Service Commissioner Unexpired 2-Year Term,,,write-in,0
Griggs,Public Service Commissioner Unexpired 2-Year Term,,DEM,Tyler Axness,400
Griggs,Public Service Commissioner Unexpired 2-Year Term,,REP,Julie Fedorchak,786
Griggs,Secretary of State,,,write-in,0
Griggs,Secretary of State,,DEM,April Fairfield,429
Griggs,Secretary of State,,LIB,Roland Riemers,48
Griggs,Secretary of State,,REP,Alvin A (Al) Jaeger,742
Griggs,State House,23,,write-in,0
Griggs,State House,23,DEM,Austin Langley,277
Griggs,State House,23,DEM,Ben Vig,364
Griggs,State House,23,REP,Bill Devlin,759
Griggs,State House,23,REP,Don Vigesaa,974
Griggs,State Senate,23,,write-in,1
Griggs,State Senate,23,DEM,Joan M Heckaman,542
Griggs,State Senate,23,REP,John Jacobson,688
Griggs,"Supervisor, Soil Conservation District Soil Conservation",,,Allen Douville,1112
Griggs,"Supervisor, Soil Conservation District Soil Conservation",,,write-in,3
Griggs,Tax Commissioner,,,write-in,0
Griggs,Tax Commissioner,,DEM,Jason Astrup,475
Griggs,Tax Commissioner,,LIB,Anthony Mangnall,53
Griggs,Tax Commissioner,,REP,Ryan Rauschenberger,670
Griggs,U.S. House,1,,write-in,0
Griggs,U.S. House,1,DEM,George Sinner,531
Griggs,U.S. House,1,LIB,"Robert J ""Jack"" Seaman",51
Griggs,U.S. House,1,REP,Kevin Cramer,651
Hettinger,Agriculture Commissioner,,,write-in,0
Hettinger,Agriculture Commissioner,,DEM,Ryan Taylor,400
Hettinger,Agriculture Commissioner,,REP,Doug Goehring,781
Hettinger,Attorney General,,,write-in,1
Hettinger,Attorney General,,DEM,Kiara Kraus-Parr,171
Hettinger,Attorney General,,REP,Wayne Stenehjem,998
Hettinger,COUNTY SALES TAX Hettinger,,,No,647
Hettinger,COUNTY SALES TAX Hettinger,,,Yes,527
Hettinger,Constitutional Measure No. 1 Relating to the inalienable rights to life of every human being at every stage of development.,,,No,604
Hettinger,Constitutional Measure No. 1 Relating to the inalienable rights to life of every human being at every stage of development.,,,Yes,592
Hettinger,Constitutional Measure No. 2 Relating to the prohibition of the imposition of mortgage taxes or any sales or transfer taxes on the mortgage or transfer of real property.,,,No,276
Hettinger,Constitutional Measure No. 2 Relating to the prohibition of the imposition of mortgage taxes or any sales or transfer taxes on the mortgage or transfer of real property.,,,Yes,904
Hettinger,Constitutional Measure No. 3 Relating to repealing the existing Board of Higher Education and to creating a three member commission of higher education appointed by the Governor.,,,No,799
Hettinger,Constitutional Measure No. 3 Relating to repealing the existing Board of Higher Education and to creating a three member commission of higher education appointed by the Governor.,,,Yes,358
Hettinger,Constitutional Measure No. 4 Relating to the fiscal impact of measures to initiate constitutional amendments and to the placing of initiated measures on the ballot,,,No,610
Hettinger,Constitutional Measure No. 4 Relating to the fiscal impact of measures to initiate constitutional amendments and to the placing of initiated measures on the ballot,,,Yes,543
Hettinger,County Auditor Hettinger,,,Jeri G Schmidt,1090
Hettinger,County Auditor Hettinger,,,write-in,4
Hettinger,County Commissioner At Large Hettinger - District 2,,,Robert Larson,1016
Hettinger,County Commissioner At Large Hettinger - District 2,,,write-in,25
Hettinger,County Recorder/Clerk of District Court Hettinger,,,Sylvia Gion,1079
Hettinger,County Recorder/Clerk of District Court Hettinger,,,write-in,5
Hettinger,County Sheriff Hettinger,,,Josh Bullinger,548
Hettinger,County Sheriff Hettinger,,,Sarah D Warner,628
Hettinger,County Sheriff Hettinger,,,write-in,1
Hettinger,County State's Attorney Hettinger,,,James D Gion,1025
Hettinger,County State's Attorney Hettinger,,,write-in,20
Hettinger,"Initiated Constitutional Measure No. 5 Constitutional Petition Related to a Clean Water, Wildlife, and Parks Trust and a Clean Water, Wildlife, and Parks Fund",,,No,1094
Hettinger,"Initiated Constitutional Measure No. 5 Constitutional Petition Related to a Clean Water, Wildlife, and Parks Trust and a Clean Water, Wildlife, and Parks Fund",,,Yes,105
Hettinger,Initiated Statutory Measure No. 6 Relating to Parental Rights and Responsibilities,,,No,698
Hettinger,Initiated Statutory Measure No. 6 Relating to Parental Rights and Responsibilities,,,Yes,456
Hettinger,Initiated Statutory Measure No. 7 Relating to the Operation of a Pharmacy,,,No,785
Hettinger,Initiated Statutory Measure No. 7 Relating to the Operation of a Pharmacy,,,Yes,399
Hettinger,Initiated Statutory Measure No. 8 Statutory Petition Related to School Classes Beginning After Labor Day,,,No,629
Hettinger,Initiated Statutory Measure No. 8 Statutory Petition Related to School Classes Beginning After Labor Day,,,Yes,543
Hettinger,Justice of the Supreme Court,,,Gerald W VandeWalle,982
Hettinger,Justice of the Supreme Court,,,write-in,2
Hettinger,Public Service Commissioner,,,write-in,1
Hettinger,Public Service Commissioner,,DEM,Todd Reisenauer,318
Hettinger,Public Service Commissioner,,REP,Brian P Kalk,816
Hettinger,Public Service Commissioner Unexpired 2-Year Term,,,write-in,0
Hettinger,Public Service Commissioner Unexpired 2-Year Term,,DEM,Tyler Axness,227
Hettinger,Public Service Commissioner Unexpired 2-Year Term,,REP,Julie Fedorchak,900
Hettinger,Secretary of State,,,write-in,0
Hettinger,Secretary of State,,DEM,April Fairfield,224
Hettinger,Secretary of State,,LIB,Roland Riemers,72
Hettinger,Secretary of State,,REP,Alvin A (Al) Jaeger,869
Hettinger,State House,31,,write-in,0
Hettinger,State House,31,DEM,LaDonna Allard,92
Hettinger,State House,31,DEM,Mike Faith,110
Hettinger,State House,31,REP,James E Schmidt,451
Hettinger,State House,31,REP,Karen Rohr,517
Hettinger,State Senate,31,,write-in,2
Hettinger,State Senate,31,DEM,Kristen Vesledahl,75
Hettinger,State Senate,31,REP,Donald Schaible,605
Hettinger,"Supervisor, Soil Conservation District Slope/Hettinger Soil",,,Keith Witte,1022
Hettinger,"Supervisor, Soil Conservation District Slope/Hettinger Soil",,,write-in,8
Hettinger,Tax Commissioner,,,write-in,0
Hettinger,Tax Commissioner,,DEM,Jason Astrup,283
Hettinger,Tax Commissioner,,LIB,Anthony Mangnall,72
Hettinger,Tax Commissioner,,REP,Ryan Rauschenberger,782
Hettinger,U.S. House,1,,write-in,0
Hettinger,U.S. House,1,DEM,George Sinner,327
Hettinger,U.S. House,1,LIB,"Robert J ""Jack"" Seaman",64
Hettinger,U.S. House,1,REP,Kevin Cramer,799
Kidder,Agriculture Commissioner,,,write-in,3
Kidder,Agriculture Commissioner,,DEM,Ryan Taylor,408
Kidder,Agriculture Commissioner,,REP,Doug Goehring,750
Kidder,Attorney General,,,write-in,4
Kidder,Attorney General,,DEM,Kiara Kraus-Parr,241
Kidder,Attorney General,,REP,Wayne Stenehjem,900
Kidder,Constitutional Measure No. 1 Relating to the inalienable rights to life of every human being at every stage of development.,,,No,703
Kidder,Constitutional Measure No. 1 Relating to the inalienable rights to life of every human being at every stage of development.,,,Yes,458
Kidder,Constitutional Measure No. 2 Relating to the prohibition of the imposition of mortgage taxes or any sales or transfer taxes on the mortgage or transfer of real property.,,,No,264
Kidder,Constitutional Measure No. 2 Relating to the prohibition of the imposition of mortgage taxes or any sales or transfer taxes on the mortgage or transfer of real property.,,,Yes,893
Kidder,Constitutional Measure No. 3 Relating to repealing the existing Board of Higher Education and to creating a three member commission of higher education appointed by the Governor.,,,No,795
Kidder,Constitutional Measure No. 3 Relating to repealing the existing Board of Higher Education and to creating a three member commission of higher education appointed by the Governor.,,,Yes,318
Kidder,Constitutional Measure No. 4 Relating to the fiscal impact of measures to initiate constitutional amendments and to the placing of initiated measures on the ballot,,,No,597
Kidder,Constitutional Measure No. 4 Relating to the fiscal impact of measures to initiate constitutional amendments and to the placing of initiated measures on the ballot,,,Yes,506
Kidder,County Auditor Kidder,,,Jean Schoenhard,1050
Kidder,County Auditor Kidder,,,write-in,1
Kidder,County Commissioner at Large Kidder,,,Daniel S Moch,518
Kidder,County Commissioner at Large Kidder,,,Eddie Biegler,755
Kidder,County Commissioner at Large Kidder,,,Marlin J Kapp,557
Kidder,County Commissioner at Large Kidder,,,Randy Ell,218
Kidder,County Commissioner at Large Kidder,,,write-in,28
Kidder,County Official Newspaper Kidder,,,Steele Ozone & Kidder County Press,1047
Kidder,County Recorder Kidder,,,Barbara J Steinke,1055
Kidder,County Recorder Kidder,,,write-in,3
Kidder,County Sheriff Kidder,,,Brant Weisenburger,909
Kidder,County Sheriff Kidder,,,write-in,60
Kidder,County State's Attorney Kidder,,,Eric Hetland,960
Kidder,County State's Attorney Kidder,,,write-in,14
Kidder,County Treasurer Kidder,,,Vickie Murray,1053
Kidder,County Treasurer Kidder,,,write-in,2
Kidder,Dawson Property Tax Exemption Dawson,,,No,13
Kidder,Dawson Property Tax Exemption Dawson,,,Yes,16
Kidder,"Initiated Constitutional Measure No. 5 Constitutional Petition Related to a Clean Water, Wildlife, and Parks Trust and a Clean Water, Wildlife, and Parks Fund",,,No,1095
Kidder,"Initiated Constitutional Measure No. 5 Constitutional Petition Related to a Clean Water, Wildlife, and Parks Trust and a Clean Water, Wildlife, and Parks Fund",,,Yes,78
Kidder,Initiated Statutory Measure No. 6 Relating to Parental Rights and Responsibilities,,,No,727
Kidder,Initiated Statutory Measure No. 6 Relating to Parental Rights and Responsibilities,,,Yes,397
Kidder,Initiated Statutory Measure No. 7 Relating to the Operation of a Pharmacy,,,No,741
Kidder,Initiated Statutory Measure No. 7 Relating to the Operation of a Pharmacy,,,Yes,424
Kidder,Initiated Statutory Measure No. 8 Statutory Petition Related to School Classes Beginning After Labor Day,,,No,745
Kidder,Initiated Statutory Measure No. 8 Statutory Petition Related to School Classes Beginning After Labor Day,,,Yes,390
Kidder,Judge of the District Court No. 4 Unexpired 2-Year Term Southeast,,,James D Hovey,917
Kidder,Judge of the District Court No. 4 Unexpired 2-Year Term Southeast,,,write-in,4
Kidder,Justice of the Supreme Court,,,Gerald W VandeWalle,924
Kidder,Justice of the Supreme Court,,,write-in,7
Kidder,Kidder County property tax exemption Kidder,,,No,611
Kidder,Kidder County property tax exemption Kidder,,,Yes,513
Kidder,Public Service Commissioner,,,write-in,6
Kidder,Public Service Commissioner,,DEM,Todd Reisenauer,353
Kidder,Public Service Commissioner,,REP,Brian P Kalk,745
Kidder,Public Service Commissioner Unexpired 2-Year Term,,,write-in,5
Kidder,Public Service Commissioner Unexpired 2-Year Term,,DEM,Tyler Axness,293
Kidder,Public Service Commissioner Unexpired 2-Year Term,,REP,Julie Fedorchak,802
Kidder,Secretary of State,,,write-in,4
Kidder,Secretary of State,,DEM,April Fairfield,291
Kidder,Secretary of State,,LIB,Roland Riemers,75
Kidder,Secretary of State,,REP,Alvin A (Al) Jaeger,774
Kidder,Steele property tax exemption Steele,,,No,173
Kidder,Steele property tax exemption Steele,,,Yes,170
Kidder,"Supervisor, Soil Conservation District Soil Conservation",,,Alden Fitterer,980
Kidder,"Supervisor, Soil Conservation District Soil Conservation",,,write-in,13
Kidder,Tax Commissioner,,,write-in,4
Kidder,Tax Commissioner,,DEM,Jason Astrup,318
Kidder,Tax Commissioner,,LIB,Anthony Mangnall,90
Kidder,Tax Commissioner,,REP,Ryan Rauschenberger,694
Kidder,U.S. House,1,,write-in,4
Kidder,U.S. House,1,DEM,George Sinner,371
Kidder,U.S. House,1,LIB,"Robert J ""Jack"" Seaman",69
Kidder,U.S. House,1,REP,Kevin Cramer,711
LaMoure,Agriculture Commissioner,,,write-in,0
LaMoure,Agriculture Commissioner,,DEM,Ryan Taylor,818
LaMoure,Agriculture Commissioner,,REP,Doug Goehring,1131
LaMoure,Attorney General,,,write-in,4
LaMoure,Attorney General,,DEM,Kiara Kraus-Parr,537
LaMoure,Attorney General,,REP,Wayne Stenehjem,1380
LaMoure,Constitutional Measure No. 1 Relating to the inalienable rights to life of every human being at every stage of development.,,,No,1182
LaMoure,Constitutional Measure No. 1 Relating to the inalienable rights to life of every human being at every stage of development.,,,Yes,748
LaMoure,Constitutional Measure No. 2 Relating to the prohibition of the imposition of mortgage taxes or any sales or transfer taxes on the mortgage or transfer of real property.,,,No,510
LaMoure,Constitutional Measure No. 2 Relating to the prohibition of the imposition of mortgage taxes or any sales or transfer taxes on the mortgage or transfer of real property.,,,Yes,1414
LaMoure,Constitutional Measure No. 3 Relating to repealing the existing Board of Higher Education and to creating a three member commission of higher education appointed by the Governor.,,,No,1456
LaMoure,Constitutional Measure No. 3 Relating to repealing the existing Board of Higher Education and to creating a three member commission of higher education appointed by the Governor.,,,Yes,416
LaMoure,Constitutional Measure No. 4 Relating to the fiscal impact of measures to initiate constitutional amendments and to the placing of initiated measures on the ballot,,,No,1082
LaMoure,Constitutional Measure No. 4 Relating to the fiscal impact of measures to initiate constitutional amendments and to the placing of initiated measures on the ballot,,,Yes,754
LaMoure,County Commissioner LaMoure - District 2,,,Bruce Klein,317
LaMoure,County Commissioner LaMoure - District 2,,,write-in,7
LaMoure,County Commissioner LaMoure - District 4,,,Michial H Johnson,156
LaMoure,County Commissioner LaMoure - District 4,,,Robert (Bob) Flath,219
LaMoure,County Commissioner LaMoure - District 4,,,write-in,0
LaMoure,County Official Newspaper LaMoure,,,LaMoure Chronicle,1203
LaMoure,County Official Newspaper LaMoure,,,The Edgeley Mail,692
LaMoure,County Recorder LaMoure,,,Laurie Good,1752
LaMoure,County Recorder LaMoure,,,write-in,16
LaMoure,County Sheriff LaMoure,,,Alan Ian Mattice,591
LaMoure,County Sheriff LaMoure,,,Robert Fernandes,1341
LaMoure,County Sheriff LaMoure,,,write-in,2
LaMoure,County State's Attorney LaMoure,,,Kimberly J. Radermacher,946
LaMoure,County State's Attorney LaMoure,,,Tonya Duffy,973
LaMoure,County State's Attorney LaMoure,,,write-in,2
LaMoure,County Treasurer LaMoure,,,Cindy Worrel,1775
LaMoure,County Treasurer LaMoure,,,write-in,7
LaMoure,"Initiated Constitutional Measure No. 5 Constitutional Petition Related to a Clean Water, Wildlife, and Parks Trust and a Clean Water, Wildlife, and Parks Fund",,,No,1643
LaMoure,"Initiated Constitutional Measure No. 5 Constitutional Petition Related to a Clean Water, Wildlife, and Parks Trust and a Clean Water, Wildlife, and Parks Fund",,,Yes,301
LaMoure,Initiated Statutory Measure No. 6 Relating to Parental Rights and Responsibilities,,,No,1259
LaMoure,Initiated Statutory Measure No. 6 Relating to Parental Rights and Responsibilities,,,Yes,598
LaMoure,Initiated Statutory Measure No. 7 Relating to the Operation of a Pharmacy,,,No,1385
LaMoure,Initiated Statutory Measure No. 7 Relating to the Operation of a Pharmacy,,,Yes,548
LaMoure,Initiated Statutory Measure No. 8 Statutory Petition Related to School Classes Beginning After Labor Day,,,No,1134
LaMoure,Initiated Statutory Measure No. 8 Statutory Petition Related to School Classes Beginning After Labor Day,,,Yes,778
LaMoure,Judge of the District Court No. 4 Unexpired 2-Year Term Southeast,,,James D Hovey,1621
LaMoure,Judge of the District Court No. 4 Unexpired 2-Year Term Southeast,,,write-in,3
LaMoure,Justice of the Supreme Court,,,Gerald W VandeWalle,1640
LaMoure,Justice of the Supreme Court,,,write-in,4
LaMoure,Public Service Commissioner,,,write-in,0
LaMoure,Public Service Commissioner,,DEM,Todd Reisenauer,686
LaMoure,Public Service Commissioner,,REP,Brian P Kalk,1202
LaMoure,Public Service Commissioner Unexpired 2-Year Term,,,write-in,0
LaMoure,Public Service Commissioner Unexpired 2-Year Term,,DEM,Tyler Axness,647
LaMoure,Public Service Commissioner Unexpired 2-Year Term,,REP,Julie Fedorchak,1209
LaMoure,Secretary of State,,,write-in,1
LaMoure,Secretary of State,,DEM,April Fairfield,702
LaMoure,Secretary of State,,LIB,Roland Riemers,73
LaMoure,Secretary of State,,REP,Alvin A (Al) Jaeger,1137
LaMoure,State House,29,,write-in,5
LaMoure,State House,29,DEM,Charles Linderman,473
LaMoure,State House,29,DEM,Lori Carlson,556
LaMoure,State House,29,REP,Chet Pollert,664
LaMoure,State House,29,REP,Craig Headland,680
LaMoure,State Senate,29,,write-in,3
LaMoure,State Senate,29,DEM,Jeff Piehl,765
LaMoure,State Senate,29,REP,Terry M Wanzek,559
LaMoure,"Supervisor, Soil Conservation District Soil Conservation District",,,Aaron D Stroh,1701
LaMoure,"Supervisor, Soil Conservation District Soil Conservation District",,,write-in,5
LaMoure,Tax Commissioner,,,write-in,0
LaMoure,Tax Commissioner,,DEM,Jason Astrup,737
LaMoure,Tax Commissioner,,LIB,Anthony Mangnall,106
LaMoure,Tax Commissioner,,REP,Ryan Rauschenberger,1037
LaMoure,U.S. House,1,,write-in,4
LaMoure,U.S. House,1,DEM,George Sinner,814
LaMoure,U.S. House,1,LIB,"Robert J ""Jack"" Seaman",70
LaMoure,U.S. House,1,REP,Kevin Cramer,1054
Logan,Agriculture Commissioner,,,write-in,1
Logan,Agriculture Commissioner,,DEM,Ryan Taylor,311
Logan,Agriculture Commissioner,,REP,Doug Goehring,658
Logan,Attorney General,,,write-in,2
Logan,Attorney General,,DEM,Kiara Kraus-Parr,151
Logan,Attorney General,,REP,Wayne Stenehjem,820
Logan,Constitutional Measure No. 1 Relating to the inalienable rights to life of every human being at every stage of development.,,,No,440
Logan,Constitutional Measure No. 1 Relating to the inalienable rights to life of every human being at every stage of development.,,,Yes,530
Logan,Constitutional Measure No. 2 Relating to the prohibition of the imposition of mortgage taxes or any sales or transfer taxes on the mortgage or transfer of real property.,,,No,239
Logan,Constitutional Measure No. 2 Relating to the prohibition of the imposition of mortgage taxes or any sales or transfer taxes on the mortgage or transfer of real property.,,,Yes,724
Logan,Constitutional Measure No. 3 Relating to repealing the existing Board of Higher Education and to creating a three member commission of higher education appointed by the Governor.,,,No,755
Logan,Constitutional Measure No. 3 Relating to repealing the existing Board of Higher Education and to creating a three member commission of higher education appointed by the Governor.,,,Yes,168
Logan,Constitutional Measure No. 4 Relating to the fiscal impact of measures to initiate constitutional amendments and to the placing of initiated measures on the ballot,,,No,613
Logan,Constitutional Measure No. 4 Relating to the fiscal impact of measures to initiate constitutional amendments and to the placing of initiated measures on the ballot,,,Yes,302
Logan,County Auditor Logan,,,Brenda Fischer,867
Logan,County Auditor Logan,,,write-in,2
Logan,County Commissioner at Large Logan,,,Blanche A Schumacher,603
Logan,County Commissioner at Large Logan,,,Jack T Erbele,369
Logan,County Commissioner at Large Logan,,,write-in,2
Logan,County Official Newspaper Logan,,,Napoleon Homestead,804
Logan,County Recorder Logan,,,Dawne Marquart,788
Logan,County Recorder Logan,,,write-in,42
Logan,County Sheriff Logan,,,Andrew Bartholomaus,800
Logan,County Sheriff Logan,,,Brian L Jangula,132
Logan,County Sheriff Logan,,,write-in,3
Logan,County State's Attorney Logan,,,Isaac Zimmerman,871
Logan,County State's Attorney Logan,,,write-in,4
Logan,County Treasurer Logan,,,Cynthia L Doll,847
Logan,County Treasurer Logan,,,write-in,6
Logan,"Initiated Constitutional Measure No. 5 Constitutional Petition Related to a Clean Water, Wildlife, and Parks Trust and a Clean Water, Wildlife, and Parks Fund",,,No,855
Logan,"Initiated Constitutional Measure No. 5 Constitutional Petition Related to a Clean Water, Wildlife, and Parks Trust and a Clean Water, Wildlife, and Parks Fund",,,Yes,118
Logan,Initiated Statutory Measure No. 6 Relating to Parental Rights and Responsibilities,,,No,624
Logan,Initiated Statutory Measure No. 6 Relating to Parental Rights and Responsibilities,,,Yes,313
Logan,Initiated Statutory Measure No. 7 Relating to the Operation of a Pharmacy,,,No,669
Logan,Initiated Statutory Measure No. 7 Relating to the Operation of a Pharmacy,,,Yes,310
Logan,Initiated Statutory Measure No. 8 Statutory Petition Related to School Classes Beginning After Labor Day,,,No,652
Logan,Initiated Statutory Measure No. 8 Statutory Petition Related to School Classes Beginning After Labor Day,,,Yes,290
Logan,Judge of the District Court No. 4 Unexpired 2-Year Term Southeast,,,James D Hovey,733
Logan,Judge of the District Court No. 4 Unexpired 2-Year Term Southeast,,,write-in,2
Logan,Justice of the Supreme Court,,,Gerald W VandeWalle,750
Logan,Justice of the Supreme Court,,,write-in,2
Logan,Public Service Commissioner,,,write-in,0
Logan,Public Service Commissioner,,DEM,Todd Reisenauer,237
Logan,Public Service Commissioner,,REP,Brian P Kalk,675
Logan,Public Service Commissioner Unexpired 2-Year Term,,,write-in,0
Logan,Public Service Commissioner Unexpired 2-Year Term,,DEM,Tyler Axness,204
Logan,Public Service Commissioner Unexpired 2-Year Term,,REP,Julie Fedorchak,705
Logan,Secretary of State,,,write-in,0
Logan,Secretary of State,,DEM,April Fairfield,218
Logan,Secretary of State,,LIB,Roland Riemers,45
Logan,Secretary of State,,REP,Alvin A (Al) Jaeger,700
Logan,"Supervisor, Soil Conservation District Soil Conservation",,,write-in,81
Logan,Tax Commissioner,,,write-in,0
Logan,Tax Commissioner,,DEM,Jason Astrup,228
Logan,Tax Commissioner,,LIB,Anthony Mangnall,57
Logan,Tax Commissioner,,REP,Ryan Rauschenberger,624
Logan,U.S. House,1,,write-in,0
Logan,U.S. House,1,DEM,George Sinner,287
Logan,U.S. House,1,LIB,"Robert J ""Jack"" Seaman",43
Logan,U.S. House,1,REP,Kevin Cramer,649
McHenry,Agriculture Commissioner,,,write-in,1
McHenry,Agriculture Commissioner,,DEM,Ryan Taylor,1138
McHenry,Agriculture Commissioner,,REP,Doug Goehring,1212
McHenry,Attorney General,,,write-in,3
McHenry,Attorney General,,DEM,Kiara Kraus-Parr,546
McHenry,Attorney General,,REP,Wayne Stenehjem,1782
McHenry,Constitutional Measure No. 1 Relating to the inalienable rights to life of every human being at every stage of development.,,,No,1475
McHenry,Constitutional Measure No. 1 Relating to the inalienable rights to life of every human being at every stage of development.,,,Yes,869
McHenry,Constitutional Measure No. 2 Relating to the prohibition of the imposition of mortgage taxes or any sales or transfer taxes on the mortgage or transfer of real property.,,,No,538
McHenry,Constitutional Measure No. 2 Relating to the prohibition of the imposition of mortgage taxes or any sales or transfer taxes on the mortgage or transfer of real property.,,,Yes,1795
McHenry,Constitutional Measure No. 3 Relating to repealing the existing Board of Higher Education and to creating a three member commission of higher education appointed by the Governor.,,,No,1693
McHenry,Constitutional Measure No. 3 Relating to repealing the existing Board of Higher Education and to creating a three member commission of higher education appointed by the Governor.,,,Yes,592
McHenry,Constitutional Measure No. 4 Relating to the fiscal impact of measures to initiate constitutional amendments and to the placing of initiated measures on the ballot,,,No,1170
McHenry,Constitutional Measure No. 4 Relating to the fiscal impact of measures to initiate constitutional amendments and to the placing of initiated measures on the ballot,,,Yes,1069
McHenry,County Auditor McHenry,,,Darlene Carpenter,2039
McHenry,County Auditor McHenry,,,write-in,26
McHenry,County Clerk of District Court McHenry,,,Lorraine Myers,2041
McHenry,County Clerk of District Court McHenry,,,write-in,6
McHenry,County Commissioner McHenry - District 1,,,Harry Bergstad,439
McHenry,County Commissioner McHenry - District 1,,,write-in,17
McHenry,County Commissioner McHenry - District 3,,,David O Medalen,387
McHenry,County Commissioner McHenry - District 3,,,write-in,7
McHenry,County Commissioner McHenry - District 5,,,Larry Haman,385
McHenry,County Commissioner McHenry - District 5,,,Vern Kongslie,108
McHenry,County Commissioner McHenry - District 5,,,write-in,3
McHenry,County Official Newspaper McHenry,,,Mouse River Journal,1594
McHenry,County Official Newspaper McHenry,,,Velva Area Voice,693
McHenry,County Recorder McHenry,,,Bonnie Livedalen,2053
McHenry,County Recorder McHenry,,,write-in,8
McHenry,County Sheriff McHenry,,,Trey C Skager,2034
McHenry,County Sheriff McHenry,,,write-in,27
McHenry,County State's Attorney McHenry,,,Cassey A Breyer,1938
McHenry,County State's Attorney McHenry,,,write-in,17
McHenry,County Treasurer McHenry,,,Linda Fairbrother,2074
McHenry,County Treasurer McHenry,,,write-in,11
McHenry,"Director, Garrison Diversion Conservancy McHenry",,,Cliff Hanretty,1918
McHenry,"Director, Garrison Diversion Conservancy McHenry",,,write-in,32
McHenry,"Initiated Constitutional Measure No. 5 Constitutional Petition Related to a Clean Water, Wildlife, and Parks Trust and a Clean Water, Wildlife, and Parks Fund",,,No,2045
McHenry,"Initiated Constitutional Measure No. 5 Constitutional Petition Related to a Clean Water, Wildlife, and Parks Trust and a Clean Water, Wildlife, and Parks Fund",,,Yes,302
McHenry,Initiated Statutory Measure No. 6 Relating to Parental Rights and Responsibilities,,,No,1345
McHenry,Initiated Statutory Measure No. 6 Relating to Parental Rights and Responsibilities,,,Yes,937
McHenry,Initiated Statutory Measure No. 7 Relating to the Operation of a Pharmacy,,,No,1547
McHenry,Initiated Statutory Measure No. 7 Relating to the Operation of a Pharmacy,,,Yes,806
McHenry,Initiated Statutory Measure No. 8 Statutory Petition Related to School Classes Beginning After Labor Day,,,No,1318
McHenry,Initiated Statutory Measure No. 8 Statutory Petition Related to School Classes Beginning After Labor Day,,,Yes,992
McHenry,Judge of the District Court No. 3 Northeast,,,Michael G Sturdevant,1914
McHenry,Judge of the District Court No. 3 Northeast,,,write-in,11
McHenry,Judge of the District Court No. 4 Northeast,,,Donovan Foughty,1897
McHenry,Judge of the District Court No. 4 Northeast,,,write-in,9
McHenry,Justice of the Supreme Court,,,Gerald W VandeWalle,1919
McHenry,Justice of the Supreme Court,,,write-in,7
McHenry,Public Service Commissioner,,,write-in,2
McHenry,Public Service Commissioner,,DEM,Todd Reisenauer,800
McHenry,Public Service Commissioner,,REP,Brian P Kalk,1492
McHenry,Public Service Commissioner Unexpired 2-Year Term,,,write-in,2
McHenry,Public Service Commissioner Unexpired 2-Year Term,,DEM,Tyler Axness,760
McHenry,Public Service Commissioner Unexpired 2-Year Term,,REP,Julie Fedorchak,1529
McHenry,Secretary of State,,,write-in,1
McHenry,Secretary of State,,DEM,April Fairfield,705
McHenry,Secretary of State,,LIB,Roland Riemers,102
McHenry,Secretary of State,,REP,Alvin A (Al) Jaeger,1507
McHenry,"Supervisor, Soil Conservation District Mouse River Soil",,,Elaine Carlson,35
McHenry,"Supervisor, Soil Conservation District Mouse River Soil",,,write-in,0
McHenry,"Supervisor, Soil Conservation District North McHenry Soil",,,Denver Goodman,960
McHenry,"Supervisor, Soil Conservation District North McHenry Soil",,,write-in,3
McHenry,"Supervisor, Soil Conservation District South McHenry Soil",,,Galen Keller,1076
McHenry,"Supervisor, Soil Conservation District South McHenry Soil",,,write-in,3
McHenry,Tax Commissioner,,,write-in,4
McHenry,Tax Commissioner,,DEM,Jason Astrup,808
McHenry,Tax Commissioner,,LIB,Anthony Mangnall,123
McHenry,Tax Commissioner,,REP,Ryan Rauschenberger,1320
McHenry,U.S. House,1,,write-in,2
McHenry,U.S. House,1,DEM,George Sinner,855
McHenry,U.S. House,1,LIB,"Robert J ""Jack"" Seaman",99
McHenry,U.S. House,1,REP,Kevin Cramer,1389
McIntosh,Agriculture Commissioner,,,write-in,0
McIntosh,Agriculture Commissioner,,DEM,Ryan Taylor,455
McIntosh,Agriculture Commissioner,,REP,Doug Goehring,948
McIntosh,Attorney General,,,write-in,0
McIntosh,Attorney General,,DEM,Kiara Kraus-Parr,243
McIntosh,Attorney General,,REP,Wayne Stenehjem,1150
McIntosh,Constitutional Measure No. 1 Relating to the inalienable rights to life of every human being at every stage of development.,,,No,859
McIntosh,Constitutional Measure No. 1 Relating to the inalienable rights to life of every human being at every stage of development.,,,Yes,515
McIntosh,Constitutional Measure No. 2 Relating to the prohibition of the imposition of mortgage taxes or any sales or transfer taxes on the mortgage or transfer of real property.,,,No,340
McIntosh,Constitutional Measure No. 2 Relating to the prohibition of the imposition of mortgage taxes or any sales or transfer taxes on the mortgage or transfer of real property.,,,Yes,1035
McIntosh,Constitutional Measure No. 3 Relating to repealing the existing Board of Higher Education and to creating a three member commission of higher education appointed by the Governor.,,,No,1086
McIntosh,Constitutional Measure No. 3 Relating to repealing the existing Board of Higher Education and to creating a three member commission of higher education appointed by the Governor.,,,Yes,271
McIntosh,Constitutional Measure No. 4 Relating to the fiscal impact of measures to initiate constitutional amendments and to the placing of initiated measures on the ballot,,,No,806
McIntosh,Constitutional Measure No. 4 Relating to the fiscal impact of measures to initiate constitutional amendments and to the placing of initiated measures on the ballot,,,Yes,536
McIntosh,County Auditor McIntosh,,,Gina Ketterling,1208
McIntosh,County Auditor McIntosh,,,write-in,10
McIntosh,County Commissioner at Large McIntosh,,,Bob Schumacher,543
McIntosh,County Commissioner at Large McIntosh,,,Neil Meidinger,665
McIntosh,County Commissioner at Large McIntosh,,,Steven C Delzer,794
McIntosh,County Commissioner at Large McIntosh,,,Tracy Heil,559
McIntosh,County Commissioner at Large McIntosh,,,write-in,11
McIntosh,County Commissioner at Large Unexpired 2-Year Term McIntosh,,,Perry Turner,1272
McIntosh,County Commissioner at Large Unexpired 2-Year Term McIntosh,,,write-in,9
McIntosh,County Official Newspaper McIntosh,,,Ashley Tribune,690
McIntosh,County Official Newspaper McIntosh,,,Wishek Star,669
McIntosh,County Recorder/Clerk of District Court McIntosh,,,Carol Fey,1240
McIntosh,County Recorder/Clerk of District Court McIntosh,,,write-in,3
McIntosh,County Sheriff McIntosh,,,Andrew Tunheim,614
McIntosh,County Sheriff McIntosh,,,Laurie Spitzer,771
McIntosh,County Sheriff McIntosh,,,write-in,1
McIntosh,County State's Attorney McIntosh,,,Terry Elhard,1100
McIntosh,County State's Attorney McIntosh,,,write-in,72
McIntosh,County Treasurer McIntosh,,,Lanette Blumhardt,1258
McIntosh,County Treasurer McIntosh,,,write-in,1
McIntosh,"Initiated Constitutional Measure No. 5 Constitutional Petition Related to a Clean Water, Wildlife, and Parks Trust and a Clean Water, Wildlife, and Parks Fund",,,No,1153
McIntosh,"Initiated Constitutional Measure No. 5 Constitutional Petition Related to a Clean Water, Wildlife, and Parks Trust and a Clean Water, Wildlife, and Parks Fund",,,Yes,237
McIntosh,Initiated Statutory Measure No. 6 Relating to Parental Rights and Responsibilities,,,No,903
McIntosh,Initiated Statutory Measure No. 6 Relating to Parental Rights and Responsibilities,,,Yes,443
McIntosh,Initiated Statutory Measure No. 7 Relating to the Operation of a Pharmacy,,,No,949
McIntosh,Initiated Statutory Measure No. 7 Relating to the Operation of a Pharmacy,,,Yes,447
McIntosh,Initiated Statutory Measure No. 8 Statutory Petition Related to School Classes Beginning After Labor Day,,,No,884
McIntosh,Initiated Statutory Measure No. 8 Statutory Petition Related to School Classes Beginning After Labor Day,,,Yes,479
McIntosh,Judge of the District Court No. 4 Unexpired 2-Year Term Southeast,,,James D Hovey,1135
McIntosh,Judge of the District Court No. 4 Unexpired 2-Year Term Southeast,,,write-in,0
McIntosh,Justice of the Supreme Court,,,Gerald W VandeWalle,1157
McIntosh,Justice of the Supreme Court,,,write-in,2
McIntosh,Public Service Commissioner,,,write-in,0
McIntosh,Public Service Commissioner,,DEM,Todd Reisenauer,358
McIntosh,Public Service Commissioner,,REP,Brian P Kalk,1001
McIntosh,Public Service Commissioner Unexpired 2-Year Term,,,write-in,0
McIntosh,Public Service Commissioner Unexpired 2-Year Term,,DEM,Tyler Axness,352
McIntosh,Public Service Commissioner Unexpired 2-Year Term,,REP,Julie Fedorchak,1003
McIntosh,Secretary of State,,,write-in,0
McIntosh,Secretary of State,,DEM,April Fairfield,329
McIntosh,Secretary of State,,LIB,Roland Riemers,69
McIntosh,Secretary of State,,REP,Alvin A (Al) Jaeger,987
McIntosh,"Supervisor, Soil Conservation District Soil Conservation",,,Cordell Bettenhausen,1210
McIntosh,"Supervisor, Soil Conservation District Soil Conservation",,,write-in,1
McIntosh,Tax Commissioner,,,write-in,0
McIntosh,Tax Commissioner,,DEM,Jason Astrup,373
McIntosh,Tax Commissioner,,LIB,Anthony Mangnall,76
McIntosh,Tax Commissioner,,REP,Ryan Rauschenberger,899
McIntosh,U.S. House,1,,write-in,0
McIntosh,U.S. House,1,DEM,George Sinner,398
McIntosh,U.S. House,1,LIB,"Robert J ""Jack"" Seaman",63
McIntosh,U.S. House,1,REP,Kevin Cramer,948
McKenzie,Agriculture Commissioner,,,write-in,3
McKenzie,Agriculture Commissioner,,DEM,Ryan Taylor,946
McKenzie,Agriculture Commissioner,,REP,Doug Goehring,1580
McKenzie,Attorney General,,,write-in,3
McKenzie,Attorney General,,DEM,Kiara Kraus-Parr,440
McKenzie,Attorney General,,REP,Wayne Stenehjem,2077
McKenzie,Constitutional Measure No. 1 Relating to the inalienable rights to life of every human being at every stage of development.,,,No,1634
McKenzie,Constitutional Measure No. 1 Relating to the inalienable rights to life of every human being at every stage of development.,,,Yes,921
McKenzie,Constitutional Measure No. 2 Relating to the prohibition of the imposition of mortgage taxes or any sales or transfer taxes on the mortgage or transfer of real property.,,,No,692
McKenzie,Constitutional Measure No. 2 Relating to the prohibition of the imposition of mortgage taxes or any sales or transfer taxes on the mortgage or transfer of real property.,,,Yes,1825
McKenzie,Constitutional Measure No. 3 Relating to repealing the existing Board of Higher Education and to creating a three member commission of higher education appointed by the Governor.,,,No,1914
McKenzie,Constitutional Measure No. 3 Relating to repealing the existing Board of Higher Education and to creating a three member commission of higher education appointed by the Governor.,,,Yes,545
McKenzie,Constitutional Measure No. 4 Relating to the fiscal impact of measures to initiate constitutional amendments and to the placing of initiated measures on the ballot,,,No,1325
McKenzie,Constitutional Measure No. 4 Relating to the fiscal impact of measures to initiate constitutional amendments and to the placing of initiated measures on the ballot,,,Yes,1114
McKenzie,County Auditor McKenzie,,,Linda Svihovec,2160
McKenzie,County Auditor McKenzie,,,write-in,19
McKenzie,County Commissioner McKenzie,,,Kathy L Skarda,1319
McKenzie,County Commissioner McKenzie,,,Kent Pedersen,970
McKenzie,County Commissioner McKenzie,,,Richard (Rick) Lawlar,966
McKenzie,County Commissioner McKenzie,,,Vawnita (Hovet) Best,1164
McKenzie,County Commissioner McKenzie,,,write-in,8
McKenzie,County Official Newspaper McKenzie,,,McKenzie County Farmer,2048
McKenzie,County Recorder McKenzie,,,Ann M Johnsrud,2099
McKenzie,County Recorder McKenzie,,,write-in,51
McKenzie,County Sheriff McKenzie,,,Gary A Schwartzenberger,1868
McKenzie,County Sheriff McKenzie,,,Troy White Owl,643
McKenzie,County Sheriff McKenzie,,,write-in,3
McKenzie,County State's Attorney McKenzie,,,Jacob T Rodenbiker,2052
McKenzie,County State's Attorney McKenzie,,,write-in,13
McKenzie,County Treasurer McKenzie,,,Cheryl Grantier,2110
McKenzie,County Treasurer McKenzie,,,write-in,15
McKenzie,"Initiated Constitutional Measure No. 5 Constitutional Petition Related to a Clean Water, Wildlife, and Parks Trust and a Clean Water, Wildlife, and Parks Fund",,,No,2243
McKenzie,"Initiated Constitutional Measure No. 5 Constitutional Petition Related to a Clean Water, Wildlife, and Parks Trust and a Clean Water, Wildlife, and Parks Fund",,,Yes,313
McKenzie,Initiated Statutory Measure No. 6 Relating to Parental Rights and Responsibilities,,,No,1287
McKenzie,Initiated Statutory Measure No. 6 Relating to Parental Rights and Responsibilities,,,Yes,1190
McKenzie,Initiated Statutory Measure No. 7 Relating to the Operation of a Pharmacy,,,No,1774
McKenzie,Initiated Statutory Measure No. 7 Relating to the Operation of a Pharmacy,,,Yes,769
McKenzie,Initiated Statutory Measure No. 8 Statutory Petition Related to School Classes Beginning After Labor Day,,,No,1481
McKenzie,Initiated Statutory Measure No. 8 Statutory Petition Related to School Classes Beginning After Labor Day,,,Yes,1007
McKenzie,Judge of the District Court No. 2 Northwest,,,David W Nelson,2000
McKenzie,Judge of the District Court No. 2 Northwest,,,write-in,21
McKenzie,Justice of the Supreme Court,,,Gerald W VandeWalle,1961
McKenzie,Justice of the Supreme Court,,,write-in,14
McKenzie,Public Service Commissioner,,,write-in,3
McKenzie,Public Service Commissioner,,DEM,Todd Reisenauer,600
McKenzie,Public Service Commissioner,,REP,Brian P Kalk,1809
McKenzie,Public Service Commissioner Unexpired 2-Year Term,,,write-in,4
McKenzie,Public Service Commissioner Unexpired 2-Year Term,,DEM,Tyler Axness,532
McKenzie,Public Service Commissioner Unexpired 2-Year Term,,REP,Julie Fedorchak,1878
McKenzie,Secretary of State,,,write-in,0
McKenzie,Secretary of State,,DEM,April Fairfield,541
McKenzie,Secretary of State,,LIB,Roland Riemers,107
McKenzie,Secretary of State,,REP,Alvin A (Al) Jaeger,1827
McKenzie,State House,39,,write-in,5
McKenzie,State House,39,DEM,Greg Tank,332
McKenzie,State House,39,DEM,Maddison Voigt,389
McKenzie,State House,39,REP,Denton B Zubke,1737
McKenzie,State House,39,REP,Keith Kempenich,1576
McKenzie,State Senate,39,,write-in,3
McKenzie,State Senate,39,DEM,Stephanie L Pretzer,443
McKenzie,State Senate,39,REP,Bill L Bowman,1836
McKenzie,"Supervisor, Soil Conservation District McKenzie Soil",,,write-in,189
McKenzie,Tax Commissioner,,,write-in,1
McKenzie,Tax Commissioner,,DEM,Jason Astrup,597
McKenzie,Tax Commissioner,,LIB,Anthony Mangnall,158
McKenzie,Tax Commissioner,,REP,Ryan Rauschenberger,1664
McKenzie,U.S. House,1,,write-in,2
McKenzie,U.S. House,1,DEM,George Sinner,686
McKenzie,U.S. House,1,LIB,"Robert J ""Jack"" Seaman",115
McKenzie,U.S. House,1,REP,Kevin Cramer,1737
McLean,Agriculture Commissioner,,,write-in,3
McLean,Agriculture Commissioner,,DEM,Ryan Taylor,1787
McLean,Agriculture Commissioner,,REP,Doug Goehring,2593
McLean,Attorney General,,,write-in,2
McLean,Attorney General,,DEM,Kiara Kraus-Parr,971
McLean,Attorney General,,REP,Wayne Stenehjem,3389
McLean,Constitutional Measure No. 1 Relating to the inalienable rights to life of every human being at every stage of development.,,,No,2758
McLean,Constitutional Measure No. 1 Relating to the inalienable rights to life of every human being at every stage of development.,,,Yes,1639
McLean,Constitutional Measure No. 2 Relating to the prohibition of the imposition of mortgage taxes or any sales or transfer taxes on the mortgage or transfer of real property.,,,No,1018
McLean,Constitutional Measure No. 2 Relating to the prohibition of the imposition of mortgage taxes or any sales or transfer taxes on the mortgage or transfer of real property.,,,Yes,3353
McLean,Constitutional Measure No. 3 Relating to repealing the existing Board of Higher Education and to creating a three member commission of higher education appointed by the Governor.,,,No,3081
McLean,Constitutional Measure No. 3 Relating to repealing the existing Board of Higher Education and to creating a three member commission of higher education appointed by the Governor.,,,Yes,1211
McLean,Constitutional Measure No. 4 Relating to the fiscal impact of measures to initiate constitutional amendments and to the placing of initiated measures on the ballot,,,No,2226
McLean,Constitutional Measure No. 4 Relating to the fiscal impact of measures to initiate constitutional amendments and to the placing of initiated measures on the ballot,,,Yes,2017
McLean,County Auditor McLean,,,Leslie Dale Korgel,3693
McLean,County Auditor McLean,,,write-in,21
McLean,County Commissioner#DistrictName# McLean - District 1,,,Doug Krebsbach,2601
McLean,County Commissioner#DistrictName# McLean - District 1,,,Pamela Link,1620
McLean,County Commissioner#DistrictName# McLean - District 1,,,write-in,9
McLean,County Commissioner#DistrictName# McLean - District 3,,,Steve Lee,3725
McLean,County Commissioner#DistrictName# McLean - District 3,,,write-in,36
McLean,County Official Newspaper McLean,,,McLean County Independent,2826
McLean,County Official Newspaper McLean,,,The Leader News,1441
McLean,County Recorder McLean,,,Beth A Knutson,3630
McLean,County Recorder McLean,,,write-in,9
McLean,County Sheriff McLean,,,Curt Olson,1992
McLean,County Sheriff McLean,,,J.R. Kerzmann,2325
McLean,County Sheriff McLean,,,write-in,25
McLean,County State's Attorney McLean,,,Ladd Erickson,3486
McLean,County State's Attorney McLean,,,write-in,63
McLean,"Director, Garrison Diversion Conservancy McLean",,,Rick Anderson,3573
McLean,"Director, Garrison Diversion Conservancy McLean",,,write-in,32
McLean,"Initiated Constitutional Measure No. 5 Constitutional Petition Related to a Clean Water, Wildlife, and Parks Trust and a Clean Water, Wildlife, and Parks Fund",,,No,3690
McLean,"Initiated Constitutional Measure No. 5 Constitutional Petition Related to a Clean Water, Wildlife, and Parks Trust and a Clean Water, Wildlife, and Parks Fund",,,Yes,715
McLean,Initiated Statutory Measure No. 6 Relating to Parental Rights and Responsibilities,,,No,2385
McLean,Initiated Statutory Measure No. 6 Relating to Parental Rights and Responsibilities,,,Yes,1893
McLean,Initiated Statutory Measure No. 7 Relating to the Operation of a Pharmacy,,,No,2666
McLean,Initiated Statutory Measure No. 7 Relating to the Operation of a Pharmacy,,,Yes,1745
McLean,Initiated Statutory Measure No. 8 Statutory Petition Related to School Classes Beginning After Labor Day,,,No,2264
McLean,Initiated Statutory Measure No. 8 Statutory Petition Related to School Classes Beginning After Labor Day,,,Yes,2066
McLean,Judge of the District Court No. 1 South Central,,,David E Reich,3530
McLean,Judge of the District Court No. 1 South Central,,,write-in,18
McLean,Judge of the District Court No. 6 South Central,,,Gail Hagerty,3537
McLean,Judge of the District Court No. 6 South Central,,,write-in,19
McLean,Judge of the District Court No. 7 South Central,,,Thomas J Schneider,3548
McLean,Judge of the District Court No. 7 South Central,,,write-in,15
McLean,Justice of the Supreme Court,,,Gerald W VandeWalle,3569
McLean,Justice of the Supreme Court,,,write-in,18
McLean,Public Service Commissioner,,,write-in,2
McLean,Public Service Commissioner,,DEM,Todd Reisenauer,1495
McLean,Public Service Commissioner,,REP,Brian P Kalk,2766
McLean,Public Service Commissioner Unexpired 2-Year Term,,,write-in,3
McLean,Public Service Commissioner Unexpired 2-Year Term,,DEM,Tyler Axness,1307
McLean,Public Service Commissioner Unexpired 2-Year Term,,REP,Julie Fedorchak,2942
McLean,Secretary of State,,,write-in,3
McLean,Secretary of State,,DEM,April Fairfield,1232
McLean,Secretary of State,,LIB,Roland Riemers,222
McLean,Secretary of State,,REP,Alvin A (Al) Jaeger,2903
McLean,"Supervisor, Soil Conservation District South McLean",,,Wilton H Kuehn III,2276
McLean,"Supervisor, Soil Conservation District South McLean",,,write-in,12
McLean,"Supervisor, Soil Conservation District West McLean",,,Byron Holtan,1459
McLean,"Supervisor, Soil Conservation District West McLean",,,write-in,7
McLean,Tax Commissioner,,,write-in,5
McLean,Tax Commissioner,,DEM,Jason Astrup,1414
McLean,Tax Commissioner,,LIB,Anthony Mangnall,278
McLean,Tax Commissioner,,REP,Ryan Rauschenberger,2558
McLean,U.S. House,1,,write-in,4
McLean,U.S. House,1,DEM,George Sinner,1511
McLean,U.S. House,1,LIB,"Robert J ""Jack"" Seaman",216
McLean,U.S. House,1,REP,Kevin Cramer,2678
Mercer,Agriculture Commissioner,,,write-in,5
Mercer,Agriculture Commissioner,,DEM,Ryan Taylor,1352
Mercer,Agriculture Commissioner,,REP,Doug Goehring,2319
Mercer,Attorney General,,,write-in,2
Mercer,Attorney General,,DEM,Kiara Kraus-Parr,784
Mercer,Attorney General,,REP,Wayne Stenehjem,2900
Mercer,Constitutional Measure No. 1 Relating to the inalienable rights to life of every human being at every stage of development.,,,No,2086
Mercer,Constitutional Measure No. 1 Relating to the inalienable rights to life of every human being at every stage of development.,,,Yes,1634
Mercer,Constitutional Measure No. 2 Relating to the prohibition of the imposition of mortgage taxes or any sales or transfer taxes on the mortgage or transfer of real property.,,,No,740
Mercer,Constitutional Measure No. 2 Relating to the prohibition of the imposition of mortgage taxes or any sales or transfer taxes on the mortgage or transfer of real property.,,,Yes,2963
Mercer,Constitutional Measure No. 3 Relating to repealing the existing Board of Higher Education and to creating a three member commission of higher education appointed by the Governor.,,,No,2564
Mercer,Constitutional Measure No. 3 Relating to repealing the existing Board of Higher Education and to creating a three member commission of higher education appointed by the Governor.,,,Yes,1064
Mercer,Constitutional Measure No. 4 Relating to the fiscal impact of measures to initiate constitutional amendments and to the placing of initiated measures on the ballot,,,No,1734
Mercer,Constitutional Measure No. 4 Relating to the fiscal impact of measures to initiate constitutional amendments and to the placing of initiated measures on the ballot,,,Yes,1857
Mercer,County Auditor Mercer,,,Shana L. Brost,3113
Mercer,County Auditor Mercer,,,write-in,17
Mercer,County Commissioner at Large Mercer,,,Frank H Bitterman,1320
Mercer,County Commissioner at Large Mercer,,,Gary Murray,2272
Mercer,County Commissioner at Large Mercer,,,Kerby Entze,1387
Mercer,County Commissioner at Large Mercer,,,Wayne Entze,2068
Mercer,County Commissioner at Large Mercer,,,Wes Gunsch,2665
Mercer,County Commissioner at Large Mercer,,,write-in,123
Mercer,County Official Newspaper Mercer,,,Beulah Beacon,1779
Mercer,County Official Newspaper Mercer,,,Hazen Star,1735
Mercer,County Recorder Mercer,,,Brenda L Cook,3204
Mercer,County Recorder Mercer,,,write-in,11
Mercer,County Sheriff Mercer,,,Dean Danzeisen,3131
Mercer,County Sheriff Mercer,,,write-in,55
Mercer,County State's Attorney Mercer,,,Jessica J. Binder,3104
Mercer,County State's Attorney Mercer,,,write-in,48
Mercer,County Treasurer Mercer,,,Darbie Berger,3137
Mercer,County Treasurer Mercer,,,write-in,30
Mercer,"Initiated Constitutional Measure No. 5 Constitutional Petition Related to a Clean Water, Wildlife, and Parks Trust and a Clean Water, Wildlife, and Parks Fund",,,No,3189
Mercer,"Initiated Constitutional Measure No. 5 Constitutional Petition Related to a Clean Water, Wildlife, and Parks Trust and a Clean Water, Wildlife, and Parks Fund",,,Yes,537
Mercer,Initiated Statutory Measure No. 6 Relating to Parental Rights and Responsibilities,,,No,1891
Mercer,Initiated Statutory Measure No. 6 Relating to Parental Rights and Responsibilities,,,Yes,1748
Mercer,Initiated Statutory Measure No. 7 Relating to the Operation of a Pharmacy,,,No,2207
Mercer,Initiated Statutory Measure No. 7 Relating to the Operation of a Pharmacy,,,Yes,1508
Mercer,Initiated Statutory Measure No. 8 Statutory Petition Related to School Classes Beginning After Labor Day,,,No,1814
Mercer,Initiated Statutory Measure No. 8 Statutory Petition Related to School Classes Beginning After Labor Day,,,Yes,1856
Mercer,Judge of the District Court No. 1 South Central,,,David E Reich,3008
Mercer,Judge of the District Court No. 1 South Central,,,write-in,15
Mercer,Judge of the District Court No. 6 South Central,,,Gail Hagerty,3041
Mercer,Judge of the District Court No. 6 South Central,,,write-in,19
Mercer,Judge of the District Court No. 7 South Central,,,Thomas J Schneider,2977
Mercer,Judge of the District Court No. 7 South Central,,,write-in,12
Mercer,Justice of the Supreme Court,,,Gerald W VandeWalle,3024
Mercer,Justice of the Supreme Court,,,write-in,20
Mercer,Property Tax Exemptions Hazen,,,No,628
Mercer,Property Tax Exemptions Hazen,,,Yes,434
Mercer,Public Service Commissioner,,,write-in,2
Mercer,Public Service Commissioner,,DEM,Todd Reisenauer,1054
Mercer,Public Service Commissioner,,REP,Brian P Kalk,2547
Mercer,Public Service Commissioner Unexpired 2-Year Term,,,write-in,2
Mercer,Public Service Commissioner Unexpired 2-Year Term,,DEM,Tyler Axness,970
Mercer,Public Service Commissioner Unexpired 2-Year Term,,REP,Julie Fedorchak,2612
Mercer,Secretary of State,,,write-in,0
Mercer,Secretary of State,,DEM,April Fairfield,905
Mercer,Secretary of State,,LIB,Roland Riemers,128
Mercer,Secretary of State,,REP,Alvin A (Al) Jaeger,2652
Mercer,State House,33,,write-in,55
Mercer,State House,33,REP,Gary Kreidt,2430
Mercer,State House,33,REP,Jay R Seibel,3135
Mercer,State Senate,33,,write-in,61
Mercer,State Senate,33,REP,Jessica Unruh,3154
Mercer,"Supervisor, Soil Conservation District Soil Conservation",,,Jessica Unruh,3131
Mercer,"Supervisor, Soil Conservation District Soil Conservation",,,write-in,36
Mercer,Tax Commissioner,,,write-in,6
Mercer,Tax Commissioner,,DEM,Jason Astrup,1011
Mercer,Tax Commissioner,,LIB,Anthony Mangnall,173
Mercer,Tax Commissioner,,REP,Ryan Rauschenberger,2389
Mercer,U.S. House,1,,write-in,5
Mercer,U.S. House,1,DEM,George Sinner,1155
Mercer,U.S. House,1,LIB,"Robert J ""Jack"" Seaman",154
Mercer,U.S. House,1,REP,Kevin Cramer,2393
Morton,Agriculture Commissioner,,,write-in,27
Morton,Agriculture Commissioner,,DEM,Ryan Taylor,4393
Morton,Agriculture Commissioner,,REP,Doug Goehring,6616
Morton,Attorney General,,,write-in,27
Morton,Attorney General,,DEM,Kiara Kraus-Parr,2558
Morton,Attorney General,,REP,Wayne Stenehjem,8462
Morton,Constitutional Measure No. 1 Relating to the inalienable rights to life of every human being at every stage of development.,,,No,6768
Morton,Constitutional Measure No. 1 Relating to the inalienable rights to life of every human being at every stage of development.,,,Yes,4564
Morton,Constitutional Measure No. 2 Relating to the prohibition of the imposition of mortgage taxes or any sales or transfer taxes on the mortgage or transfer of real property.,,,No,2207
Morton,Constitutional Measure No. 2 Relating to the prohibition of the imposition of mortgage taxes or any sales or transfer taxes on the mortgage or transfer of real property.,,,Yes,9015
Morton,Constitutional Measure No. 3 Relating to repealing the existing Board of Higher Education and to creating a three member commission of higher education appointed by the Governor.,,,No,7649
Morton,Constitutional Measure No. 3 Relating to repealing the existing Board of Higher Education and to creating a three member commission of higher education appointed by the Governor.,,,Yes,3270
Morton,Constitutional Measure No. 4 Relating to the fiscal impact of measures to initiate constitutional amendments and to the placing of initiated measures on the ballot,,,No,5658
Morton,Constitutional Measure No. 4 Relating to the fiscal impact of measures to initiate constitutional amendments and to the placing of initiated measures on the ballot,,,Yes,5205
Morton,County Auditor Morton,,,Dawn R Rhone,9082
Morton,County Auditor Morton,,,write-in,47
Morton,County Commissioner at Large Morton,,,Andrew (Andy) Zachmeier,6789
Morton,County Commissioner at Large Morton,,,"Elwood ""Woody"" Barth",4879
Morton,County Commissioner at Large Morton,,,James Boehm,5945
Morton,County Commissioner at Large Morton,,,write-in,67
Morton,County Recorder Morton,,,Carrole Schaner,8943
Morton,County Recorder Morton,,,write-in,41
Morton,County Sheriff Morton,,,Dave Shipman,4976
Morton,County Sheriff Morton,,,Kyle Kirchmeier,5456
Morton,County Sheriff Morton,,,write-in,30
Morton,County State's Attorney Morton,,,Allen Michael Koppy,8850
Morton,County State's Attorney Morton,,,write-in,112
Morton,County Treasurer Morton,,,Vicki Lippert,9034
Morton,County Treasurer Morton,,,write-in,40
Morton,"Initiated Constitutional Measure No. 5 Constitutional Petition Related to a Clean Water, Wildlife, and Parks Trust and a Clean Water, Wildlife, and Parks Fund",,,No,9417
Morton,"Initiated Constitutional Measure No. 5 Constitutional Petition Related to a Clean Water, Wildlife, and Parks Trust and a Clean Water, Wildlife, and Parks Fund",,,Yes,1906
Morton,Initiated Statutory Measure No. 6 Relating to Parental Rights and Responsibilities,,,No,6508
Morton,Initiated Statutory Measure No. 6 Relating to Parental Rights and Responsibilities,,,Yes,4486
Morton,Initiated Statutory Measure No. 7 Relating to the Operation of a Pharmacy,,,No,6033
Morton,Initiated Statutory Measure No. 7 Relating to the Operation of a Pharmacy,,,Yes,5269
Morton,Initiated Statutory Measure No. 8 Statutory Petition Related to School Classes Beginning After Labor Day,,,No,6266
Morton,Initiated Statutory Measure No. 8 Statutory Petition Related to School Classes Beginning After Labor Day,,,Yes,4835
Morton,Judge of the District Court No. 1 South Central,,,David E Reich,8929
Morton,Judge of the District Court No. 1 South Central,,,write-in,55
Morton,Judge of the District Court No. 6 South Central,,,Gail Hagerty,8867
Morton,Judge of the District Court No. 6 South Central,,,write-in,127
Morton,Judge of the District Court No. 7 South Central,,,Thomas J Schneider,9095
Morton,Judge of the District Court No. 7 South Central,,,write-in,61
Morton,Justice of the Supreme Court,,,Gerald W VandeWalle,9006
Morton,Justice of the Supreme Court,,,write-in,64
Morton,Property tax exemption New Salem,,,No,143
Morton,Property tax exemption New Salem,,,Yes,215
Morton,Public Service Commissioner,,,write-in,28
Morton,Public Service Commissioner,,DEM,Todd Reisenauer,3759
Morton,Public Service Commissioner,,REP,Brian P Kalk,6937
Morton,Public Service Commissioner Unexpired 2-Year Term,,,write-in,39
Morton,Public Service Commissioner Unexpired 2-Year Term,,DEM,Tyler Axness,3214
Morton,Public Service Commissioner Unexpired 2-Year Term,,REP,Julie Fedorchak,7437
Morton,Secretary of State,,,write-in,15
Morton,Secretary of State,,DEM,April Fairfield,3211
Morton,Secretary of State,,LIB,Roland Riemers,703
Morton,Secretary of State,,REP,Alvin A (Al) Jaeger,7042
Morton,State House,31,,write-in,11
Morton,State House,31,DEM,LaDonna Allard,822
Morton,State House,31,DEM,Mike Faith,849
Morton,State House,31,REP,James E Schmidt,1832
Morton,State House,31,REP,Karen Rohr,1876
Morton,State House,33,,write-in,19
Morton,State House,33,REP,Gary Kreidt,1304
Morton,State House,33,REP,Jay R Seibel,1164
Morton,State Senate,31,,write-in,8
Morton,State Senate,31,DEM,Kristen Vesledahl,984
Morton,State Senate,31,REP,Donald Schaible,1932
Morton,State Senate,33,,write-in,15
Morton,State Senate,33,REP,Jessica Unruh,1462
Morton,"Supervisor, Soil Conservation District Soil Conservation",,,Aaron Steckler,8820
Morton,"Supervisor, Soil Conservation District Soil Conservation",,,write-in,48
Morton,Tax Commissioner,,,write-in,23
Morton,Tax Commissioner,,DEM,Jason Astrup,3471
Morton,Tax Commissioner,,LIB,Anthony Mangnall,790
Morton,Tax Commissioner,,REP,Ryan Rauschenberger,6414
Morton,U.S. House,1,,write-in,23
Morton,U.S. House,1,DEM,George Sinner,3813
Morton,U.S. House,1,LIB,"Robert J ""Jack"" Seaman",704
Morton,U.S. House,1,REP,Kevin Cramer,6626
Mountrail,Agriculture Commissioner,,,write-in,0
Mountrail,Agriculture Commissioner,,DEM,Ryan Taylor,1154
Mountrail,Agriculture Commissioner,,REP,Doug Goehring,1262
Mountrail,Attorney General,,,write-in,3
Mountrail,Attorney General,,DEM,Kiara Kraus-Parr,689
Mountrail,Attorney General,,REP,Wayne Stenehjem,1722
Mountrail,Constitutional Measure No. 1 Relating to the inalienable rights to life of every human being at every stage of development.,,,No,1572
Mountrail,Constitutional Measure No. 1 Relating to the inalienable rights to life of every human being at every stage of development.,,,Yes,844
Mountrail,Constitutional Measure No. 2 Relating to the prohibition of the imposition of mortgage taxes or any sales or transfer taxes on the mortgage or transfer of real property.,,,No,641
Mountrail,Constitutional Measure No. 2 Relating to the prohibition of the imposition of mortgage taxes or any sales or transfer taxes on the mortgage or transfer of real property.,,,Yes,1764
Mountrail,Constitutional Measure No. 3 Relating to repealing the existing Board of Higher Education and to creating a three member commission of higher education appointed by the Governor.,,,No,1883
Mountrail,Constitutional Measure No. 3 Relating to repealing the existing Board of Higher Education and to creating a three member commission of higher education appointed by the Governor.,,,Yes,491
Mountrail,Constitutional Measure No. 4 Relating to the fiscal impact of measures to initiate constitutional amendments and to the placing of initiated measures on the ballot,,,No,1353
Mountrail,Constitutional Measure No. 4 Relating to the fiscal impact of measures to initiate constitutional amendments and to the placing of initiated measures on the ballot,,,Yes,998
Mountrail,County Auditor Mountrail,,,Stephanie A Pappa,2135
Mountrail,County Auditor Mountrail,,,write-in,12
Mountrail,County Commissioner Mountrail - District 2,,,Arlo Borud,2104
Mountrail,County Commissioner Mountrail - District 2,,,write-in,25
Mountrail,County Commissioner Mountrail - District 3,,,Trudy Ruland,2055
Mountrail,County Commissioner Mountrail - District 3,,,write-in,15
Mountrail,County Commissioner Mountrail - District 4,,,Colleen A Reese,2050
Mountrail,County Commissioner Mountrail - District 4,,,write-in,22
Mountrail,County Official Newspaper Mountrail,,,Mountrail County Promoter Inc,1788
Mountrail,County Official Newspaper Mountrail,,,New Town News,618
Mountrail,County Recorder Mountrail,,,Melissa A Vachal,2096
Mountrail,County Recorder Mountrail,,,write-in,8
Mountrail,County Sheriff Mountrail,,,Cody E Smith,757
Mountrail,County Sheriff Mountrail,,,Kenneth G Halvorson,1615
Mountrail,County Sheriff Mountrail,,,write-in,10
Mountrail,County State's Attorney Mountrail,,,Wade G Enget,2081
Mountrail,County State's Attorney Mountrail,,,write-in,35
Mountrail,County Treasurer Mountrail,,,Shena Wold,2095
Mountrail,County Treasurer Mountrail,,,write-in,8
Mountrail,"Initiated Constitutional Measure No. 5 Constitutional Petition Related to a Clean Water, Wildlife, and Parks Trust and a Clean Water, Wildlife, and Parks Fund",,,No,2086
Mountrail,"Initiated Constitutional Measure No. 5 Constitutional Petition Related to a Clean Water, Wildlife, and Parks Trust and a Clean Water, Wildlife, and Parks Fund",,,Yes,347
Mountrail,Initiated Statutory Measure No. 6 Relating to Parental Rights and Responsibilities,,,No,1445
Mountrail,Initiated Statutory Measure No. 6 Relating to Parental Rights and Responsibilities,,,Yes,911
Mountrail,Initiated Statutory Measure No. 7 Relating to the Operation of a Pharmacy,,,No,1624
Mountrail,Initiated Statutory Measure No. 7 Relating to the Operation of a Pharmacy,,,Yes,792
Mountrail,Initiated Statutory Measure No. 8 Statutory Petition Related to School Classes Beginning After Labor Day,,,No,1380
Mountrail,Initiated Statutory Measure No. 8 Statutory Petition Related to School Classes Beginning After Labor Day,,,Yes,999
Mountrail,Judge of the District Court No. 1 North Central,,,Doug Mattson,2065
Mountrail,Judge of the District Court No. 1 North Central,,,write-in,9
Mountrail,Justice of the Supreme Court,,,Gerald W VandeWalle,2038
Mountrail,Justice of the Supreme Court,,,write-in,6
Mountrail,Public Service Commissioner,,,write-in,1
Mountrail,Public Service Commissioner,,DEM,Todd Reisenauer,933
Mountrail,Public Service Commissioner,,REP,Brian P Kalk,1421
Mountrail,Public Service Commissioner Unexpired 2-Year Term,,,write-in,1
Mountrail,Public Service Commissioner Unexpired 2-Year Term,,DEM,Tyler Axness,848
Mountrail,Public Service Commissioner Unexpired 2-Year Term,,REP,Julie Fedorchak,1503
Mountrail,Secretary of State,,,write-in,0
Mountrail,Secretary of State,,DEM,April Fairfield,807
Mountrail,Secretary of State,,LIB,Roland Riemers,117
Mountrail,Secretary of State,,REP,Alvin A (Al) Jaeger,1478
Mountrail,"Supervisor, Soil Conservation District Soil Conservation",,,Roger Christenson,2086
Mountrail,"Supervisor, Soil Conservation District Soil Conservation",,,write-in,9
Mountrail,Tax Commissioner,,,write-in,4
Mountrail,Tax Commissioner,,DEM,Jason Astrup,848
Mountrail,Tax Commissioner,,LIB,Anthony Mangnall,146
Mountrail,Tax Commissioner,,REP,Ryan Rauschenberger,1344
Mountrail,U.S. House,1,,write-in,0
Mountrail,U.S. House,1,DEM,George Sinner,962
Mountrail,U.S. House,1,LIB,"Robert J ""Jack"" Seaman",128
Mountrail,U.S. House,1,REP,Kevin Cramer,1334
Nelson,Agriculture Commissioner,,,write-in,0
Nelson,Agriculture Commissioner,,DEM,Ryan Taylor,720
Nelson,Agriculture Commissioner,,REP,Doug Goehring,730
Nelson,Attorney General,,,write-in,0
Nelson,Attorney General,,DEM,Kiara Kraus-Parr,422
Nelson,Attorney General,,REP,Wayne Stenehjem,1035
Nelson,Constitutional Measure No. 1 Relating to the inalienable rights to life of every human being at every stage of development.,,,No,995
Nelson,Constitutional Measure No. 1 Relating to the inalienable rights to life of every human being at every stage of development.,,,Yes,464
Nelson,Constitutional Measure No. 2 Relating to the prohibition of the imposition of mortgage taxes or any sales or transfer taxes on the mortgage or transfer of real property.,,,No,370
Nelson,Constitutional Measure No. 2 Relating to the prohibition of the imposition of mortgage taxes or any sales or transfer taxes on the mortgage or transfer of real property.,,,Yes,1084
Nelson,Constitutional Measure No. 3 Relating to repealing the existing Board of Higher Education and to creating a three member commission of higher education appointed by the Governor.,,,No,1044
Nelson,Constitutional Measure No. 3 Relating to repealing the existing Board of Higher Education and to creating a three member commission of higher education appointed by the Governor.,,,Yes,379
Nelson,Constitutional Measure No. 4 Relating to the fiscal impact of measures to initiate constitutional amendments and to the placing of initiated measures on the ballot,,,No,733
Nelson,Constitutional Measure No. 4 Relating to the fiscal impact of measures to initiate constitutional amendments and to the placing of initiated measures on the ballot,,,Yes,659
Nelson,County Auditor Nelson,,,"W. J. ""Jack"" Davidson",1269
Nelson,County Auditor Nelson,,,write-in,9
Nelson,County Commissioner Nelson - District 1,,,Dan Marquart,1212
Nelson,County Commissioner Nelson - District 1,,,write-in,22
Nelson,County Commissioner Nelson - District 3,,,Donald Fougner,1216
Nelson,County Commissioner Nelson - District 3,,,write-in,12
Nelson,County Commissioner Nelson - District 5,,,Maynard L Loibl,1185
Nelson,County Commissioner Nelson - District 5,,,write-in,28
Nelson,County Official Newspaper Nelson,,,Lakota American,1283
Nelson,County Recorder/Clerk of District Court Nelson,,,Becky Nelson,1017
Nelson,County Recorder/Clerk of District Court Nelson,,,JoAnna Lonski,403
Nelson,County Recorder/Clerk of District Court Nelson,,,write-in,1
Nelson,County Sheriff Nelson,,,Keith A Olson,1289
Nelson,County Sheriff Nelson,,,write-in,42
Nelson,County State's Attorney Nelson,,,Jayme Tenneson,1244
Nelson,County State's Attorney Nelson,,,write-in,9
Nelson,County Treasurer Nelson,,,Bernadette Matejcek,1274
Nelson,County Treasurer Nelson,,,write-in,8
Nelson,Historical Society Mill Levy Nelson,,,No,977
Nelson,Historical Society Mill Levy Nelson,,,Yes,474
Nelson,"Initiated Constitutional Measure No. 5 Constitutional Petition Related to a Clean Water, Wildlife, and Parks Trust and a Clean Water, Wildlife, and Parks Fund",,,No,1249
Nelson,"Initiated Constitutional Measure No. 5 Constitutional Petition Related to a Clean Water, Wildlife, and Parks Trust and a Clean Water, Wildlife, and Parks Fund",,,Yes,225
Nelson,Initiated Statutory Measure No. 6 Relating to Parental Rights and Responsibilities,,,No,812
Nelson,Initiated Statutory Measure No. 6 Relating to Parental Rights and Responsibilities,,,Yes,592
Nelson,Initiated Statutory Measure No. 7 Relating to the Operation of a Pharmacy,,,No,1043
Nelson,Initiated Statutory Measure No. 7 Relating to the Operation of a Pharmacy,,,Yes,425
Nelson,Initiated Statutory Measure No. 8 Statutory Petition Related to School Classes Beginning After Labor Day,,,No,733
Nelson,Initiated Statutory Measure No. 8 Statutory Petition Related to School Classes Beginning After Labor Day,,,Yes,730
Nelson,Judge of the District Court No. 4 Northeast Central,,,Lawrence E Jahnke,1262
Nelson,Judge of the District Court No. 4 Northeast Central,,,write-in,2
Nelson,Judge of the District Court No. 5 Northeast Central,,,Debbie G Kleven,1279
Nelson,Judge of the District Court No. 5 Northeast Central,,,write-in,2
Nelson,Justice of the Supreme Court,,,Gerald W VandeWalle,1231
Nelson,Justice of the Supreme Court,,,write-in,1
Nelson,Public Service Commissioner,,,write-in,0
Nelson,Public Service Commissioner,,DEM,Todd Reisenauer,594
Nelson,Public Service Commissioner,,REP,Brian P Kalk,796
Nelson,Public Service Commissioner Unexpired 2-Year Term,,,write-in,0
Nelson,Public Service Commissioner Unexpired 2-Year Term,,DEM,Tyler Axness,550
Nelson,Public Service Commissioner Unexpired 2-Year Term,,REP,Julie Fedorchak,846
Nelson,Secretary of State,,,write-in,1
Nelson,Secretary of State,,DEM,April Fairfield,549
Nelson,Secretary of State,,LIB,Roland Riemers,55
Nelson,Secretary of State,,REP,Alvin A (Al) Jaeger,827
Nelson,State House,23,,write-in,0
Nelson,State House,23,DEM,Austin Langley,517
Nelson,State House,23,DEM,Ben Vig,659
Nelson,State House,23,REP,Bill Devlin,792
Nelson,State House,23,REP,Don Vigesaa,786
Nelson,State Senate,23,,write-in,0
Nelson,State Senate,23,DEM,Joan M Heckaman,830
Nelson,State Senate,23,REP,John Jacobson,625
Nelson,"Supervisor, Soil Conservation District Soil Conservation",,,Scott Sand,1303
Nelson,"Supervisor, Soil Conservation District Soil Conservation",,,write-in,5
Nelson,Tax Commissioner,,,write-in,0
Nelson,Tax Commissioner,,DEM,Jason Astrup,633
Nelson,Tax Commissioner,,LIB,Anthony Mangnall,60
Nelson,Tax Commissioner,,REP,Ryan Rauschenberger,707
Nelson,U.S. House,1,,write-in,1
Nelson,U.S. House,1,DEM,George Sinner,729
Nelson,U.S. House,1,LIB,"Robert J ""Jack"" Seaman",66
Nelson,U.S. House,1,REP,Kevin Cramer,674
Oliver,Agriculture Commissioner,,,write-in,0
Oliver,Agriculture Commissioner,,DEM,Ryan Taylor,278
Oliver,Agriculture Commissioner,,REP,Doug Goehring,563
Oliver,Attorney General,,,write-in,1
Oliver,Attorney General,,DEM,Kiara Kraus-Parr,142
Oliver,Attorney General,,REP,Wayne Stenehjem,685
Oliver,Constitutional Measure No. 1 Relating to the inalienable rights to life of every human being at every stage of development.,,,No,481
Oliver,Constitutional Measure No. 1 Relating to the inalienable rights to life of every human being at every stage of development.,,,Yes,367
Oliver,Constitutional Measure No. 2 Relating to the prohibition of the imposition of mortgage taxes or any sales or transfer taxes on the mortgage or transfer of real property.,,,No,180
Oliver,Constitutional Measure No. 2 Relating to the prohibition of the imposition of mortgage taxes or any sales or transfer taxes on the mortgage or transfer of real property.,,,Yes,666
Oliver,Constitutional Measure No. 3 Relating to repealing the existing Board of Higher Education and to creating a three member commission of higher education appointed by the Governor.,,,No,605
Oliver,Constitutional Measure No. 3 Relating to repealing the existing Board of Higher Education and to creating a three member commission of higher education appointed by the Governor.,,,Yes,230
Oliver,Constitutional Measure No. 4 Relating to the fiscal impact of measures to initiate constitutional amendments and to the placing of initiated measures on the ballot,,,No,425
Oliver,Constitutional Measure No. 4 Relating to the fiscal impact of measures to initiate constitutional amendments and to the placing of initiated measures on the ballot,,,Yes,397
Oliver,County Auditor Oliver,,,Judith Hintz,740
Oliver,County Auditor Oliver,,,write-in,27
Oliver,County Commissioner at Large Oliver - District 2,,,Lee Husfloen,565
Oliver,County Commissioner at Large Oliver - District 2,,,Raymond M Schmidt,238
Oliver,County Commissioner at Large Oliver - District 2,,,write-in,1
Oliver,County Recorder Oliver,,,Kim Wilkens,766
Oliver,County Recorder Oliver,,,write-in,4
Oliver,County Sheriff Oliver,,,David Hilliard,757
Oliver,County Sheriff Oliver,,,write-in,14
Oliver,County State's Attorney Oliver,,,John Mahoney,717
Oliver,County State's Attorney Oliver,,,write-in,13
Oliver,County Treasurer Oliver,,,Laura Huber,773
Oliver,County Treasurer Oliver,,,write-in,1
Oliver,"Initiated Constitutional Measure No. 5 Constitutional Petition Related to a Clean Water, Wildlife, and Parks Trust and a Clean Water, Wildlife, and Parks Fund",,,No,775
Oliver,"Initiated Constitutional Measure No. 5 Constitutional Petition Related to a Clean Water, Wildlife, and Parks Trust and a Clean Water, Wildlife, and Parks Fund",,,Yes,78
Oliver,Initiated Statutory Measure No. 6 Relating to Parental Rights and Responsibilities,,,No,504
Oliver,Initiated Statutory Measure No. 6 Relating to Parental Rights and Responsibilities,,,Yes,337
Oliver,Initiated Statutory Measure No. 7 Relating to the Operation of a Pharmacy,,,No,544
Oliver,Initiated Statutory Measure No. 7 Relating to the Operation of a Pharmacy,,,Yes,307
Oliver,Initiated Statutory Measure No. 8 Statutory Petition Related to School Classes Beginning After Labor Day,,,No,556
Oliver,Initiated Statutory Measure No. 8 Statutory Petition Related to School Classes Beginning After Labor Day,,,Yes,280
Oliver,Judge of the District Court No. 1 South Central,,,David E Reich,698
Oliver,Judge of the District Court No. 1 South Central,,,write-in,0
Oliver,Judge of the District Court No. 6 South Central,,,Gail Hagerty,698
Oliver,Judge of the District Court No. 6 South Central,,,write-in,5
Oliver,Judge of the District Court No. 7 South Central,,,Thomas J Schneider,721
Oliver,Judge of the District Court No. 7 South Central,,,write-in,0
Oliver,Justice of the Supreme Court,,,Gerald W VandeWalle,701
Oliver,Justice of the Supreme Court,,,write-in,1
Oliver,Public Service Commissioner,,,write-in,0
Oliver,Public Service Commissioner,,DEM,Todd Reisenauer,236
Oliver,Public Service Commissioner,,REP,Brian P Kalk,579
Oliver,Public Service Commissioner Unexpired 2-Year Term,,,write-in,0
Oliver,Public Service Commissioner Unexpired 2-Year Term,,DEM,Tyler Axness,198
Oliver,Public Service Commissioner Unexpired 2-Year Term,,REP,Julie Fedorchak,608
Oliver,Secretary of State,,,write-in,0
Oliver,Secretary of State,,DEM,April Fairfield,183
Oliver,Secretary of State,,LIB,Roland Riemers,42
Oliver,Secretary of State,,REP,Alvin A (Al) Jaeger,605
Oliver,State House,33,,write-in,4
Oliver,State House,33,REP,Gary Kreidt,612
Oliver,State House,33,REP,Jay R Seibel,626
Oliver,State Senate,33,,write-in,4
Oliver,State Senate,33,REP,Jessica Unruh,742
Oliver,"Supervisor, Soil Conservation District Soil Conservation",,,Alan Schwalbe,786
Oliver,"Supervisor, Soil Conservation District Soil Conservation",,,write-in,0
Oliver,Tax Commissioner,,,write-in,0
Oliver,Tax Commissioner,,DEM,Jason Astrup,216
Oliver,Tax Commissioner,,LIB,Anthony Mangnall,56
Oliver,Tax Commissioner,,REP,Ryan Rauschenberger,543
Oliver,U.S. House,1,,write-in,0
Oliver,U.S. House,1,DEM,George Sinner,217
Oliver,U.S. House,1,LIB,"Robert J ""Jack"" Seaman",61
Oliver,U.S. House,1,REP,Kevin Cramer,561
Pembina,Agriculture Commissioner,,,write-in,3
Pembina,Agriculture Commissioner,,DEM,Ryan Taylor,1067
Pembina,Agriculture Commissioner,,REP,Doug Goehring,1605
Pembina,Attorney General,,,write-in,4
Pembina,Attorney General,,DEM,Kiara Kraus-Parr,604
Pembina,Attorney General,,REP,Wayne Stenehjem,2068
Pembina,Cavalier City Property Tax Exemptions Measure Cavalier,,,No,243
Pembina,Cavalier City Property Tax Exemptions Measure Cavalier,,,Yes,306
Pembina,Constitutional Measure No. 1 Relating to the inalienable rights to life of every human being at every stage of development.,,,No,1580
Pembina,Constitutional Measure No. 1 Relating to the inalienable rights to life of every human being at every stage of development.,,,Yes,1129
Pembina,Constitutional Measure No. 2 Relating to the prohibition of the imposition of mortgage taxes or any sales or transfer taxes on the mortgage or transfer of real property.,,,No,585
Pembina,Constitutional Measure No. 2 Relating to the prohibition of the imposition of mortgage taxes or any sales or transfer taxes on the mortgage or transfer of real property.,,,Yes,2116
Pembina,Constitutional Measure No. 3 Relating to repealing the existing Board of Higher Education and to creating a three member commission of higher education appointed by the Governor.,,,No,1958
Pembina,Constitutional Measure No. 3 Relating to repealing the existing Board of Higher Education and to creating a three member commission of higher education appointed by the Governor.,,,Yes,687
Pembina,Constitutional Measure No. 4 Relating to the fiscal impact of measures to initiate constitutional amendments and to the placing of initiated measures on the ballot,,,No,1352
Pembina,Constitutional Measure No. 4 Relating to the fiscal impact of measures to initiate constitutional amendments and to the placing of initiated measures on the ballot,,,Yes,1234
Pembina,County Auditor/Treasurer Pembina,,,Linda Schlittenhard,2356
Pembina,County Auditor/Treasurer Pembina,,,write-in,14
Pembina,County Commissioner Pembina - District 1,,,Hetty Walker,384
Pembina,County Commissioner Pembina - District 1,,,write-in,24
Pembina,County Commissioner Pembina - District 3,,,Hugh J Ralston,505
Pembina,County Commissioner Pembina - District 3,,,write-in,11
Pembina,County Commissioner Pembina - District 5,,,Katherine A Lunde,217
Pembina,County Commissioner Pembina - District 5,,,Nick J Rutherford,262
Pembina,County Commissioner Pembina - District 5,,,write-in,3
Pembina,County Official Newspaper Pembina,,,The Cavalier Chronicle,2347
Pembina,County Recorder/Clerk of District Court Pembina,,,Kay Newell Braget,2395
Pembina,County Recorder/Clerk of District Court Pembina,,,write-in,11
Pembina,County Sheriff Pembina,,,Brian Erovick,1309
Pembina,County Sheriff Pembina,,,Terry Meidinger,1337
Pembina,County Sheriff Pembina,,,write-in,5
Pembina,County State's Attorney Pembina,,,Stephenie Davis,2247
Pembina,County State's Attorney Pembina,,,write-in,49
Pembina,Drayton City Property Tax Exemptions Measure Drayton,,,No,91
Pembina,Drayton City Property Tax Exemptions Measure Drayton,,,Yes,158
Pembina,"Initiated Constitutional Measure No. 5 Constitutional Petition Related to a Clean Water, Wildlife, and Parks Trust and a Clean Water, Wildlife, and Parks Fund",,,No,2156
Pembina,"Initiated Constitutional Measure No. 5 Constitutional Petition Related to a Clean Water, Wildlife, and Parks Trust and a Clean Water, Wildlife, and Parks Fund",,,Yes,554
Pembina,Initiated Statutory Measure No. 6 Relating to Parental Rights and Responsibilities,,,No,1573
Pembina,Initiated Statutory Measure No. 6 Relating to Parental Rights and Responsibilities,,,Yes,1063
Pembina,Initiated Statutory Measure No. 7 Relating to the Operation of a Pharmacy,,,No,1886
Pembina,Initiated Statutory Measure No. 7 Relating to the Operation of a Pharmacy,,,Yes,822
Pembina,Initiated Statutory Measure No. 8 Statutory Petition Related to School Classes Beginning After Labor Day,,,No,1307
Pembina,Initiated Statutory Measure No. 8 Statutory Petition Related to School Classes Beginning After Labor Day,,,Yes,1370
Pembina,Judge of the District Court No. 3 Northeast,,,Michael G Sturdevant,2212
Pembina,Judge of the District Court No. 3 Northeast,,,write-in,6
Pembina,Judge of the District Court No. 4 Northeast,,,Donovan Foughty,2204
Pembina,Judge of the District Court No. 4 Northeast,,,write-in,3
Pembina,Justice of the Supreme Court,,,Gerald W VandeWalle,2227
Pembina,Justice of the Supreme Court,,,write-in,7
Pembina,Public Service Commissioner,,,write-in,1
Pembina,Public Service Commissioner,,DEM,Todd Reisenauer,850
Pembina,Public Service Commissioner,,REP,Brian P Kalk,1759
Pembina,Public Service Commissioner Unexpired 2-Year Term,,,write-in,1
Pembina,Public Service Commissioner Unexpired 2-Year Term,,DEM,Tyler Axness,827
Pembina,Public Service Commissioner Unexpired 2-Year Term,,REP,Julie Fedorchak,1795
Pembina,Secretary of State,,,write-in,1
Pembina,Secretary of State,,DEM,April Fairfield,808
Pembina,Secretary of State,,LIB,Roland Riemers,105
Pembina,Secretary of State,,REP,Alvin A (Al) Jaeger,1743
Pembina,"Supervisor, Soil Conservation District Soil Conservation",,,Andrew Moquist,2270
Pembina,"Supervisor, Soil Conservation District Soil Conservation",,,write-in,10
Pembina,Tax Commissioner,,,write-in,2
Pembina,Tax Commissioner,,DEM,Jason Astrup,961
Pembina,Tax Commissioner,,LIB,Anthony Mangnall,138
Pembina,Tax Commissioner,,REP,Ryan Rauschenberger,1477
Pembina,U.S. House,1,,write-in,1
Pembina,U.S. House,1,DEM,George Sinner,1186
Pembina,U.S. House,1,LIB,"Robert J ""Jack"" Seaman",114
Pembina,U.S. House,1,REP,Kevin Cramer,1416
Pierce,9-1-1 Fee Pierce,,,No,974
Pierce,9-1-1 Fee Pierce,,,Yes,889
Pierce,Agriculture Commissioner,,,write-in,0
Pierce,Agriculture Commissioner,,DEM,Ryan Taylor,1018
Pierce,Agriculture Commissioner,,REP,Doug Goehring,900
Pierce,Attorney General,,,write-in,0
Pierce,Attorney General,,DEM,Kiara Kraus-Parr,397
Pierce,Attorney General,,REP,Wayne Stenehjem,1473
Pierce,Constitutional Measure No. 1 Relating to the inalienable rights to life of every human being at every stage of development.,,,No,1039
Pierce,Constitutional Measure No. 1 Relating to the inalienable rights to life of every human being at every stage of development.,,,Yes,880
Pierce,Constitutional Measure No. 2 Relating to the prohibition of the imposition of mortgage taxes or any sales or transfer taxes on the mortgage or transfer of real property.,,,No,460
Pierce,Constitutional Measure No. 2 Relating to the prohibition of the imposition of mortgage taxes or any sales or transfer taxes on the mortgage or transfer of real property.,,,Yes,1454
Pierce,Constitutional Measure No. 3 Relating to repealing the existing Board of Higher Education and to creating a three member commission of higher education appointed by the Governor.,,,No,1466
Pierce,Constitutional Measure No. 3 Relating to repealing the existing Board of Higher Education and to creating a three member commission of higher education appointed by the Governor.,,,Yes,395
Pierce,Constitutional Measure No. 4 Relating to the fiscal impact of measures to initiate constitutional amendments and to the placing of initiated measures on the ballot,,,No,1160
Pierce,Constitutional Measure No. 4 Relating to the fiscal impact of measures to initiate constitutional amendments and to the placing of initiated measures on the ballot,,,Yes,678
Pierce,County Commissioner Pierce - District 1,,,Joe Bohl,142
Pierce,County Commissioner Pierce - District 1,,,Mike Brossart,154
Pierce,County Commissioner Pierce - District 1,,,write-in,1
Pierce,County Commissioner Pierce - District 3,,,Rick Larson,251
Pierce,County Commissioner Pierce - District 3,,,write-in,23
Pierce,County Commissioner Pierce - District 5,,,David Migler,227
Pierce,County Commissioner Pierce - District 5,,,Joe G Volk,200
Pierce,County Commissioner Pierce - District 5,,,write-in,1
Pierce,County Official Newspaper Pierce,,,The Pierce County Tribune,1529
Pierce,County Recorder Pierce,,,Lori Miron,1687
Pierce,County Recorder Pierce,,,write-in,1
Pierce,County Sheriff Pierce,,,Josh D Siegler,1169
Pierce,County Sheriff Pierce,,,Matthew Lunde,724
Pierce,County Sheriff Pierce,,,write-in,6
Pierce,County State's Attorney Pierce,,,Galen J. Mack,1623
Pierce,County State's Attorney Pierce,,,write-in,36
Pierce,"Director, Garrison Diversion Conservancy Pierce",,,Dave Anderson,1511
Pierce,"Director, Garrison Diversion Conservancy Pierce",,,write-in,8
Pierce,"Initiated Constitutional Measure No. 5 Constitutional Petition Related to a Clean Water, Wildlife, and Parks Trust and a Clean Water, Wildlife, and Parks Fund",,,No,1697
Pierce,"Initiated Constitutional Measure No. 5 Constitutional Petition Related to a Clean Water, Wildlife, and Parks Trust and a Clean Water, Wildlife, and Parks Fund",,,Yes,218
Pierce,Initiated Statutory Measure No. 6 Relating to Parental Rights and Responsibilities,,,No,1344
Pierce,Initiated Statutory Measure No. 6 Relating to Parental Rights and Responsibilities,,,Yes,519
Pierce,Initiated Statutory Measure No. 7 Relating to the Operation of a Pharmacy,,,No,1429
Pierce,Initiated Statutory Measure No. 7 Relating to the Operation of a Pharmacy,,,Yes,475
Pierce,Initiated Statutory Measure No. 8 Statutory Petition Related to School Classes Beginning After Labor Day,,,No,1316
Pierce,Initiated Statutory Measure No. 8 Statutory Petition Related to School Classes Beginning After Labor Day,,,Yes,554
Pierce,Judge of the District Court No. 3 Northeast,,,Michael G Sturdevant,1544
Pierce,Judge of the District Court No. 3 Northeast,,,write-in,5
Pierce,Judge of the District Court No. 4 Northeast,,,Donovan Foughty,1535
Pierce,Judge of the District Court No. 4 Northeast,,,write-in,5
Pierce,Justice of the Supreme Court,,,Gerald W VandeWalle,1570
Pierce,Justice of the Supreme Court,,,write-in,3
Pierce,Public Service Commissioner,,,write-in,2
Pierce,Public Service Commissioner,,DEM,Todd Reisenauer,596
Pierce,Public Service Commissioner,,REP,Brian P Kalk,1232
Pierce,Public Service Commissioner Unexpired 2-Year Term,,,write-in,0
Pierce,Public Service Commissioner Unexpired 2-Year Term,,DEM,Tyler Axness,592
Pierce,Public Service Commissioner Unexpired 2-Year Term,,REP,Julie Fedorchak,1237
Pierce,Secretary of State,,,write-in,0
Pierce,Secretary of State,,DEM,April Fairfield,499
Pierce,Secretary of State,,LIB,Roland Riemers,59
Pierce,Secretary of State,,REP,Alvin A (Al) Jaeger,1314
Pierce,"Supervisor, Soil Conservation District Soil Conservation",,,Curtis J. Roerick,1620
Pierce,"Supervisor, Soil Conservation District Soil Conservation",,,write-in,4
Pierce,Tax Commissioner,,,write-in,1
Pierce,Tax Commissioner,,DEM,Jason Astrup,607
Pierce,Tax Commissioner,,LIB,Anthony Mangnall,70
Pierce,Tax Commissioner,,REP,Ryan Rauschenberger,1137
Pierce,U.S. House,1,,write-in,1
Pierce,U.S. House,1,DEM,George Sinner,705
Pierce,U.S. House,1,LIB,"Robert J ""Jack"" Seaman",58
Pierce,U.S. House,1,REP,Kevin Cramer,1145
Ramsey,Agriculture Commissioner,,,write-in,9
Ramsey,Agriculture Commissioner,,DEM,Ryan Taylor,1848
Ramsey,Agriculture Commissioner,,REP,Doug Goehring,2244
Ramsey,Attorney General,,,write-in,7
Ramsey,Attorney General,,DEM,Kiara Kraus-Parr,1056
Ramsey,Attorney General,,REP,Wayne Stenehjem,3039
Ramsey,Constitutional Measure No. 1 Relating to the inalienable rights to life of every human being at every stage of development.,,,No,2590
Ramsey,Constitutional Measure No. 1 Relating to the inalienable rights to life of every human being at every stage of development.,,,Yes,1584
Ramsey,Constitutional Measure No. 2 Relating to the prohibition of the imposition of mortgage taxes or any sales or transfer taxes on the mortgage or transfer of real property.,,,No,986
Ramsey,Constitutional Measure No. 2 Relating to the prohibition of the imposition of mortgage taxes or any sales or transfer taxes on the mortgage or transfer of real property.,,,Yes,3176
Ramsey,Constitutional Measure No. 3 Relating to repealing the existing Board of Higher Education and to creating a three member commission of higher education appointed by the Governor.,,,No,2995
Ramsey,Constitutional Measure No. 3 Relating to repealing the existing Board of Higher Education and to creating a three member commission of higher education appointed by the Governor.,,,Yes,1069
Ramsey,Constitutional Measure No. 4 Relating to the fiscal impact of measures to initiate constitutional amendments and to the placing of initiated measures on the ballot,,,No,2107
Ramsey,Constitutional Measure No. 4 Relating to the fiscal impact of measures to initiate constitutional amendments and to the placing of initiated measures on the ballot,,,Yes,1847
Ramsey,County Auditor Ramsey,,,Elizabeth V Fischer,3716
Ramsey,County Auditor Ramsey,,,write-in,13
Ramsey,County Commissioner at Large Ramsey,,,Adam Leiphon,2538
Ramsey,County Commissioner at Large Ramsey,,,Ed Brown,1888
Ramsey,County Commissioner at Large Ramsey,,,Jay Klemetsrud,1425
Ramsey,County Commissioner at Large Ramsey,,,Scott Diseth,1603
Ramsey,County Commissioner at Large Ramsey,,,write-in,23
Ramsey,County Official Newspaper Ramsey,,,The Devils Lake Journal,3651
Ramsey,County Recorder Ramsey,,,Katie Nadeau,3638
Ramsey,County Recorder Ramsey,,,write-in,12
Ramsey,County Sheriff Ramsey,,,Steven K Nelson,3662
Ramsey,County Sheriff Ramsey,,,write-in,37
Ramsey,County State's Attorney Ramsey,,,Lonnie W Olson,3645
Ramsey,County State's Attorney Ramsey,,,write-in,43
Ramsey,County Treasurer Ramsey,,,Lisa Diseth,3709
Ramsey,County Treasurer Ramsey,,,write-in,14
Ramsey,"Director, Garrison Diversion Conservancy Ramsey",,,John V Peyerl,3532
Ramsey,"Director, Garrison Diversion Conservancy Ramsey",,,write-in,16
Ramsey,"Initiated Constitutional Measure No. 5 Constitutional Petition Related to a Clean Water, Wildlife, and Parks Trust and a Clean Water, Wildlife, and Parks Fund",,,No,3420
Ramsey,"Initiated Constitutional Measure No. 5 Constitutional Petition Related to a Clean Water, Wildlife, and Parks Trust and a Clean Water, Wildlife, and Parks Fund",,,Yes,784
Ramsey,Initiated Statutory Measure No. 6 Relating to Parental Rights and Responsibilities,,,No,2631
Ramsey,Initiated Statutory Measure No. 6 Relating to Parental Rights and Responsibilities,,,Yes,1447
Ramsey,Initiated Statutory Measure No. 7 Relating to the Operation of a Pharmacy,,,No,2746
Ramsey,Initiated Statutory Measure No. 7 Relating to the Operation of a Pharmacy,,,Yes,1455
Ramsey,Initiated Statutory Measure No. 8 Statutory Petition Related to School Classes Beginning After Labor Day,,,No,2309
Ramsey,Initiated Statutory Measure No. 8 Statutory Petition Related to School Classes Beginning After Labor Day,,,Yes,1799
Ramsey,Judge of the District Court No. 3 Northeast,,,Michael G Sturdevant,3320
Ramsey,Judge of the District Court No. 3 Northeast,,,write-in,17
Ramsey,Judge of the District Court No. 4 Northeast,,,Donovan Foughty,3732
Ramsey,Judge of the District Court No. 4 Northeast,,,write-in,31
Ramsey,Justice of the Supreme Court,,,Gerald W VandeWalle,3392
Ramsey,Justice of the Supreme Court,,,write-in,12
Ramsey,Public Service Commissioner,,,write-in,9
Ramsey,Public Service Commissioner,,DEM,Todd Reisenauer,1526
Ramsey,Public Service Commissioner,,REP,Brian P Kalk,2467
Ramsey,Public Service Commissioner Unexpired 2-Year Term,,,write-in,6
Ramsey,Public Service Commissioner Unexpired 2-Year Term,,DEM,Tyler Axness,1717
Ramsey,Public Service Commissioner Unexpired 2-Year Term,,REP,Julie Fedorchak,2308
Ramsey,Secretary of State,,,write-in,6
Ramsey,Secretary of State,,DEM,April Fairfield,1349
Ramsey,Secretary of State,,LIB,Roland Riemers,162
Ramsey,Secretary of State,,REP,Alvin A (Al) Jaeger,2570
Ramsey,State House,15,,write-in,73
Ramsey,State House,15,REP,Curt Hofstad,2953
Ramsey,State House,15,REP,Dennis Johnson,3116
Ramsey,State Senate,15,,write-in,51
Ramsey,State Senate,15,REP,Dave Oehlke,3516
Ramsey,"Supervisor, Soil Conservation District Soil Conservation",,,write-in,261
Ramsey,Tax Commissioner,,,write-in,6
Ramsey,Tax Commissioner,,DEM,Jason Astrup,1541
Ramsey,Tax Commissioner,,LIB,Anthony Mangnall,202
Ramsey,Tax Commissioner,,REP,Ryan Rauschenberger,2232
Ramsey,U.S. House,1,,write-in,7
Ramsey,U.S. House,1,DEM,George Sinner,1811
Ramsey,U.S. House,1,LIB,"Robert J ""Jack"" Seaman",155
Ramsey,U.S. House,1,REP,Kevin Cramer,2169
Ransom,Agriculture Commissioner,,,write-in,5
Ransom,Agriculture Commissioner,,DEM,Ryan Taylor,1181
Ransom,Agriculture Commissioner,,REP,Doug Goehring,764
Ransom,Attorney General,,,write-in,4
Ransom,Attorney General,,DEM,Kiara Kraus-Parr,699
Ransom,Attorney General,,REP,Wayne Stenehjem,1223
Ransom,Constitutional Measure No. 1 Relating to the inalienable rights to life of every human being at every stage of development.,,,No,1479
Ransom,Constitutional Measure No. 1 Relating to the inalienable rights to life of every human being at every stage of development.,,,Yes,487
Ransom,Constitutional Measure No. 2 Relating to the prohibition of the imposition of mortgage taxes or any sales or transfer taxes on the mortgage or transfer of real property.,,,No,554
Ransom,Constitutional Measure No. 2 Relating to the prohibition of the imposition of mortgage taxes or any sales or transfer taxes on the mortgage or transfer of real property.,,,Yes,1400
Ransom,Constitutional Measure No. 3 Relating to repealing the existing Board of Higher Education and to creating a three member commission of higher education appointed by the Governor.,,,No,1514
Ransom,Constitutional Measure No. 3 Relating to repealing the existing Board of Higher Education and to creating a three member commission of higher education appointed by the Governor.,,,Yes,409
Ransom,Constitutional Measure No. 4 Relating to the fiscal impact of measures to initiate constitutional amendments and to the placing of initiated measures on the ballot,,,No,1192
Ransom,Constitutional Measure No. 4 Relating to the fiscal impact of measures to initiate constitutional amendments and to the placing of initiated measures on the ballot,,,Yes,683
Ransom,County Auditor Ransom,,,Kristi Johnson,1784
Ransom,County Auditor Ransom,,,write-in,3
Ransom,County Commissioner at Large Ransom,,,Chris J Sandvig,791
Ransom,County Commissioner at Large Ransom,,,Neil B Olerud,1281
Ransom,County Commissioner at Large Ransom,,,Norm Hansen,1442
Ransom,County Commissioner at Large Ransom,,,write-in,6
Ransom,County Official Newspaper Ransom,,,Ransom County Gazette,1752
Ransom,County Recorder Ransom,,,Susan J Froemke,1844
Ransom,County Recorder Ransom,,,write-in,4
Ransom,County Sheriff Ransom,,,Darren J Benneweis,1781
Ransom,County Sheriff Ransom,,,write-in,8
Ransom,County State's Attorney Ransom,,,Fallon Kelly,1128
Ransom,County State's Attorney Ransom,,,Lyle Thomason,807
Ransom,County State's Attorney Ransom,,,write-in,8
Ransom,County Treasurer Ransom,,,Norine Erickson,1788
Ransom,County Treasurer Ransom,,,write-in,5
Ransom,"Initiated Constitutional Measure No. 5 Constitutional Petition Related to a Clean Water, Wildlife, and Parks Trust and a Clean Water, Wildlife, and Parks Fund",,,No,1592
Ransom,"Initiated Constitutional Measure No. 5 Constitutional Petition Related to a Clean Water, Wildlife, and Parks Trust and a Clean Water, Wildlife, and Parks Fund",,,Yes,376
Ransom,Initiated Statutory Measure No. 6 Relating to Parental Rights and Responsibilities,,,No,1206
Ransom,Initiated Statutory Measure No. 6 Relating to Parental Rights and Responsibilities,,,Yes,688
Ransom,Initiated Statutory Measure No. 7 Relating to the Operation of a Pharmacy,,,No,1435
Ransom,Initiated Statutory Measure No. 7 Relating to the Operation of a Pharmacy,,,Yes,521
Ransom,Initiated Statutory Measure No. 8 Statutory Petition Related to School Classes Beginning After Labor Day,,,No,1140
Ransom,Initiated Statutory Measure No. 8 Statutory Petition Related to School Classes Beginning After Labor Day,,,Yes,814
Ransom,Judge of the District Court No. 4 Unexpired 2-Year Term Southeast,,,James D Hovey,1650
Ransom,Judge of the District Court No. 4 Unexpired 2-Year Term Southeast,,,write-in,5
Ransom,Justice of the Supreme Court,,,Gerald W VandeWalle,1668
Ransom,Justice of the Supreme Court,,,write-in,7
Ransom,New or Expanding Retail Sector Business Exemption Enderlin,,,No,86
Ransom,New or Expanding Retail Sector Business Exemption Enderlin,,,Yes,202
Ransom,New or Expanding Retail Sector Business Exemptions Lisbon,,,No,353
Ransom,New or Expanding Retail Sector Business Exemptions Lisbon,,,Yes,405
Ransom,New or Expanding Retail Sector Business Exemptions Ransom,,,No,888
Ransom,New or Expanding Retail Sector Business Exemptions Ransom,,,Yes,1035
Ransom,Public Service Commissioner,,,write-in,2
Ransom,Public Service Commissioner,,DEM,Todd Reisenauer,889
Ransom,Public Service Commissioner,,REP,Brian P Kalk,1002
Ransom,Public Service Commissioner Unexpired 2-Year Term,,,write-in,3
Ransom,Public Service Commissioner Unexpired 2-Year Term,,DEM,Tyler Axness,857
Ransom,Public Service Commissioner Unexpired 2-Year Term,,REP,Julie Fedorchak,1022
Ransom,Secretary of State,,,write-in,2
Ransom,Secretary of State,,DEM,April Fairfield,856
Ransom,Secretary of State,,LIB,Roland Riemers,66
Ransom,Secretary of State,,REP,Alvin A (Al) Jaeger,992
Ransom,"Supervisor, Soil Conservation District Soil Conservation",,,Rollie Reinke,1769
Ransom,"Supervisor, Soil Conservation District Soil Conservation",,,write-in,2
Ransom,Tax Commissioner,,,write-in,3
Ransom,Tax Commissioner,,DEM,Jason Astrup,933
Ransom,Tax Commissioner,,LIB,Anthony Mangnall,106
Ransom,Tax Commissioner,,REP,Ryan Rauschenberger,842
Ransom,U.S. House,1,,write-in,4
Ransom,U.S. House,1,DEM,George Sinner,1052
Ransom,U.S. House,1,LIB,"Robert J ""Jack"" Seaman",101
Ransom,U.S. House,1,REP,Kevin Cramer,808
Renville,9-1-1 Fee Renville,,,No,359
Renville,9-1-1 Fee Renville,,,Yes,714
Renville,Agriculture Commissioner,,,write-in,0
Renville,Agriculture Commissioner,,DEM,Ryan Taylor,397
Renville,Agriculture Commissioner,,REP,Doug Goehring,667
Renville,Attorney General,,,write-in,1
Renville,Attorney General,,DEM,Kiara Kraus-Parr,181
Renville,Attorney General,,REP,Wayne Stenehjem,873
Renville,Constitutional Measure No. 1 Relating to the inalienable rights to life of every human being at every stage of development.,,,No,675
Renville,Constitutional Measure No. 1 Relating to the inalienable rights to life of every human being at every stage of development.,,,Yes,393
Renville,Constitutional Measure No. 2 Relating to the prohibition of the imposition of mortgage taxes or any sales or transfer taxes on the mortgage or transfer of real property.,,,No,258
Renville,Constitutional Measure No. 2 Relating to the prohibition of the imposition of mortgage taxes or any sales or transfer taxes on the mortgage or transfer of real property.,,,Yes,808
Renville,Constitutional Measure No. 3 Relating to repealing the existing Board of Higher Education and to creating a three member commission of higher education appointed by the Governor.,,,No,803
Renville,Constitutional Measure No. 3 Relating to repealing the existing Board of Higher Education and to creating a three member commission of higher education appointed by the Governor.,,,Yes,245
Renville,Constitutional Measure No. 4 Relating to the fiscal impact of measures to initiate constitutional amendments and to the placing of initiated measures on the ballot,,,No,555
Renville,Constitutional Measure No. 4 Relating to the fiscal impact of measures to initiate constitutional amendments and to the placing of initiated measures on the ballot,,,Yes,476
Renville,County Auditor Renville,,,LeAnn M (Fisher) Pollman,964
Renville,County Auditor Renville,,,write-in,10
Renville,County Commissioner Renville - District 1,,,Richard Cameron,167
Renville,County Commissioner Renville - District 1,,,William F Stanley Jr,177
Renville,County Commissioner Renville - District 1,,,write-in,0
Renville,County Commissioner Renville - District 3,,,Arnold Langehaug,255
Renville,County Commissioner Renville - District 3,,,write-in,28
Renville,County Official Newspaper Renville,,,Renville County Farmer,961
Renville,County Recorder Renville,,,Dawn L Larson,432
Renville,County Recorder Renville,,,Jerene A (Jeri) Bender,597
Renville,County Recorder Renville,,,write-in,0
Renville,County Sheriff Renville,,,Barry Vannatta,390
Renville,County Sheriff Renville,,,Michael Hatfield,626
Renville,County Sheriff Renville,,,write-in,13
Renville,County State's Attorney Renville,,,Marvin K Madsen,947
Renville,County State's Attorney Renville,,,write-in,7
Renville,"Director, Garrison Diversion Conservancy Renville",,,Mark Cook,970
Renville,"Director, Garrison Diversion Conservancy Renville",,,write-in,6
Renville,"Initiated Constitutional Measure No. 5 Constitutional Petition Related to a Clean Water, Wildlife, and Parks Trust and a Clean Water, Wildlife, and Parks Fund",,,No,952
Renville,"Initiated Constitutional Measure No. 5 Constitutional Petition Related to a Clean Water, Wildlife, and Parks Trust and a Clean Water, Wildlife, and Parks Fund",,,Yes,126
Renville,Initiated Statutory Measure No. 6 Relating to Parental Rights and Responsibilities,,,No,640
Renville,Initiated Statutory Measure No. 6 Relating to Parental Rights and Responsibilities,,,Yes,399
Renville,Initiated Statutory Measure No. 7 Relating to the Operation of a Pharmacy,,,No,569
Renville,Initiated Statutory Measure No. 7 Relating to the Operation of a Pharmacy,,,Yes,501
Renville,Initiated Statutory Measure No. 8 Statutory Petition Related to School Classes Beginning After Labor Day,,,No,591
Renville,Initiated Statutory Measure No. 8 Statutory Petition Related to School Classes Beginning After Labor Day,,,Yes,459
Renville,Judge of the District Court No. 3 Northeast,,,Michael G Sturdevant,935
Renville,Judge of the District Court No. 3 Northeast,,,write-in,2
Renville,Judge of the District Court No. 4 Northeast,,,Donovan Foughty,907
Renville,Judge of the District Court No. 4 Northeast,,,write-in,2
Renville,Justice of the Supreme Court,,,Gerald W VandeWalle,920
Renville,Justice of the Supreme Court,,,write-in,3
Renville,Public Service Commissioner,,,write-in,2
Renville,Public Service Commissioner,,DEM,Todd Reisenauer,288
Renville,Public Service Commissioner,,REP,Brian P Kalk,737
Renville,Public Service Commissioner Unexpired 2-Year Term,,,write-in,1
Renville,Public Service Commissioner Unexpired 2-Year Term,,DEM,Tyler Axness,300
Renville,Public Service Commissioner Unexpired 2-Year Term,,REP,Julie Fedorchak,728
Renville,Secretary of State,,,write-in,1
Renville,Secretary of State,,DEM,April Fairfield,256
Renville,Secretary of State,,LIB,Roland Riemers,39
Renville,Secretary of State,,REP,Alvin A (Al) Jaeger,749
Renville,"Supervisor, Soil Conservation District Soil Conservation",,,Brian W Johnson,973
Renville,"Supervisor, Soil Conservation District Soil Conservation",,,write-in,8
Renville,Tax Commissioner,,,write-in,0
Renville,Tax Commissioner,,DEM,Jason Astrup,293
Renville,Tax Commissioner,,LIB,Anthony Mangnall,39
Renville,Tax Commissioner,,REP,Ryan Rauschenberger,688
Renville,U.S. House,1,,write-in,1
Renville,U.S. House,1,DEM,George Sinner,333
Renville,U.S. House,1,LIB,"Robert J ""Jack"" Seaman",39
Renville,U.S. House,1,REP,Kevin Cramer,685
Richland,911 Fee Increase Richland,,,No,3270
Richland,911 Fee Increase Richland,,,Yes,2526
Richland,Agriculture Commissioner,,,write-in,2
Richland,Agriculture Commissioner,,DEM,Ryan Taylor,2646
Richland,Agriculture Commissioner,,REP,Doug Goehring,3143
Richland,Attorney General,,,write-in,2
Richland,Attorney General,,DEM,Kiara Kraus-Parr,1555
Richland,Attorney General,,REP,Wayne Stenehjem,4224
Richland,Constitutional Measure No. 1 Relating to the inalienable rights to life of every human being at every stage of development.,,,No,3861
Richland,Constitutional Measure No. 1 Relating to the inalienable rights to life of every human being at every stage of development.,,,Yes,2075
Richland,Constitutional Measure No. 2 Relating to the prohibition of the imposition of mortgage taxes or any sales or transfer taxes on the mortgage or transfer of real property.,,,No,1603
Richland,Constitutional Measure No. 2 Relating to the prohibition of the imposition of mortgage taxes or any sales or transfer taxes on the mortgage or transfer of real property.,,,Yes,4308
Richland,Constitutional Measure No. 3 Relating to repealing the existing Board of Higher Education and to creating a three member commission of higher education appointed by the Governor.,,,No,4669
Richland,Constitutional Measure No. 3 Relating to repealing the existing Board of Higher Education and to creating a three member commission of higher education appointed by the Governor.,,,Yes,1129
Richland,Constitutional Measure No. 4 Relating to the fiscal impact of measures to initiate constitutional amendments and to the placing of initiated measures on the ballot,,,No,3710
Richland,Constitutional Measure No. 4 Relating to the fiscal impact of measures to initiate constitutional amendments and to the placing of initiated measures on the ballot,,,Yes,2003
Richland,County Commissioner at Large Richland,,,Jason G Heitkamp,2131
Richland,County Commissioner at Large Richland,,,Nathan Berseth,3961
Richland,County Commissioner at Large Richland,,,Rodney Romereim,2435
Richland,County Commissioner at Large Richland,,,"Rowland ""Rollie"" Ehlert",2786
Richland,County Commissioner at Large Richland,,,Sid Berg,2797
Richland,County Commissioner at Large Richland,,,write-in,43
Richland,County Official Newspaper Richland,,,Daily News,4820
Richland,County Sheriff Richland,,,Larry Leshovsky,5005
Richland,County Sheriff Richland,,,write-in,80
Richland,County State's Attorney Richland,,,Ronald W. McBeth,4806
Richland,County State's Attorney Richland,,,write-in,45
Richland,"Director, Garrison Diversion Conservancy Richland",,,Kelly Klosterman,4864
Richland,"Director, Garrison Diversion Conservancy Richland",,,write-in,19
Richland,Fairmount City Retail Tax Exemption Fairmount,,,No,46
Richland,Fairmount City Retail Tax Exemption Fairmount,,,Yes,71
Richland,Hankinson City Retail Tax Exemption Hankinson,,,No,120
Richland,Hankinson City Retail Tax Exemption Hankinson,,,Yes,186
Richland,"Initiated Constitutional Measure No. 5 Constitutional Petition Related to a Clean Water, Wildlife, and Parks Trust and a Clean Water, Wildlife, and Parks Fund",,,No,4694
Richland,"Initiated Constitutional Measure No. 5 Constitutional Petition Related to a Clean Water, Wildlife, and Parks Trust and a Clean Water, Wildlife, and Parks Fund",,,Yes,1249
Richland,Initiated Statutory Measure No. 6 Relating to Parental Rights and Responsibilities,,,No,3933
Richland,Initiated Statutory Measure No. 6 Relating to Parental Rights and Responsibilities,,,Yes,1862
Richland,Initiated Statutory Measure No. 7 Relating to the Operation of a Pharmacy,,,No,4106
Richland,Initiated Statutory Measure No. 7 Relating to the Operation of a Pharmacy,,,Yes,1820
Richland,Initiated Statutory Measure No. 8 Statutory Petition Related to School Classes Beginning After Labor Day,,,No,3449
Richland,Initiated Statutory Measure No. 8 Statutory Petition Related to School Classes Beginning After Labor Day,,,Yes,2442
Richland,Judge of the District Court No. 4 Unexpired 2-Year Term Southeast,,,James D Hovey,4594
Richland,Judge of the District Court No. 4 Unexpired 2-Year Term Southeast,,,write-in,27
Richland,Justice of the Supreme Court,,,Gerald W VandeWalle,4610
Richland,Justice of the Supreme Court,,,write-in,30
Richland,Public Service Commissioner,,,write-in,4
Richland,Public Service Commissioner,,DEM,Todd Reisenauer,1990
Richland,Public Service Commissioner,,REP,Brian P Kalk,3639
Richland,Public Service Commissioner Unexpired 2-Year Term,,,write-in,6
Richland,Public Service Commissioner Unexpired 2-Year Term,,DEM,Tyler Axness,2123
Richland,Public Service Commissioner Unexpired 2-Year Term,,REP,Julie Fedorchak,3483
Richland,Richland County Historical Society Levy Richland,,,No,3983
Richland,Richland County Historical Society Levy Richland,,,Yes,1749
Richland,Richland County Retail Tax Exemption Richland,,,No,2742
Richland,Richland County Retail Tax Exemption Richland,,,Yes,2949
Richland,Secretary of State,,,write-in,4
Richland,Secretary of State,,DEM,April Fairfield,1973
Richland,Secretary of State,,LIB,Roland Riemers,299
Richland,Secretary of State,,REP,Alvin A (Al) Jaeger,3435
Richland,State House,25,,write-in,22
Richland,State House,25,DEM,Alisa Mitskog,2069
Richland,State House,25,DEM,Richard W Grosz,1281
Richland,State House,25,REP,Bruce Eckre,1707
Richland,State House,25,REP,Cindy Beck,2728
Richland,State Senate,25,,write-in,5
Richland,State Senate,25,DEM,Perry Miller,2193
Richland,State Senate,25,REP,Larry Luick,2145
Richland,"Supervisor, Soil Conservation District Soil Conservation",,,Carson Klosterman,4735
Richland,"Supervisor, Soil Conservation District Soil Conservation",,,write-in,30
Richland,Tax Commissioner,,,write-in,6
Richland,Tax Commissioner,,DEM,Jason Astrup,2372
Richland,Tax Commissioner,,LIB,Anthony Mangnall,343
Richland,Tax Commissioner,,REP,Ryan Rauschenberger,2898
Richland,U.S. House,1,,write-in,9
Richland,U.S. House,1,DEM,George Sinner,2530
Richland,U.S. House,1,LIB,"Robert J ""Jack"" Seaman",416
Richland,U.S. House,1,REP,Kevin Cramer,2925
Richland,Wahpeton City Retail Tax Exemption Wahpeton,,,No,987
Richland,Wahpeton City Retail Tax Exemption Wahpeton,,,Yes,1344
Rolette,911 Fee Increase Rolette,,,No,1642
Rolette,911 Fee Increase Rolette,,,Yes,1301
Rolette,Agriculture Commissioner,,,write-in,5
Rolette,Agriculture Commissioner,,DEM,Ryan Taylor,2118
Rolette,Agriculture Commissioner,,REP,Doug Goehring,866
Rolette,Attorney General,,,write-in,5
Rolette,Attorney General,,DEM,Kiara Kraus-Parr,1618
Rolette,Attorney General,,REP,Wayne Stenehjem,1331
Rolette,Constitutional Measure No. 1 Relating to the inalienable rights to life of every human being at every stage of development.,,,No,1626
Rolette,Constitutional Measure No. 1 Relating to the inalienable rights to life of every human being at every stage of development.,,,Yes,1363
Rolette,Constitutional Measure No. 2 Relating to the prohibition of the imposition of mortgage taxes or any sales or transfer taxes on the mortgage or transfer of real property.,,,No,1024
Rolette,Constitutional Measure No. 2 Relating to the prohibition of the imposition of mortgage taxes or any sales or transfer taxes on the mortgage or transfer of real property.,,,Yes,1900
Rolette,Constitutional Measure No. 3 Relating to repealing the existing Board of Higher Education and to creating a three member commission of higher education appointed by the Governor.,,,No,2036
Rolette,Constitutional Measure No. 3 Relating to repealing the existing Board of Higher Education and to creating a three member commission of higher education appointed by the Governor.,,,Yes,828
Rolette,Constitutional Measure No. 4 Relating to the fiscal impact of measures to initiate constitutional amendments and to the placing of initiated measures on the ballot,,,No,1665
Rolette,Constitutional Measure No. 4 Relating to the fiscal impact of measures to initiate constitutional amendments and to the placing of initiated measures on the ballot,,,Yes,1145
Rolette,County Auditor Rolette,,,Valerie McCloud,2617
Rolette,County Auditor Rolette,,,write-in,15
Rolette,County Commissioner at Large Rolette,,,Bob Leonard Sr,1576
Rolette,County Commissioner at Large Rolette,,,Bruce Morin,1322
Rolette,County Commissioner at Large Rolette,,,Eldon R Moors Sr,1672
Rolette,County Commissioner at Large Rolette,,,write-in,18
Rolette,County Official Newspaper Rolette,,,Turtle Mountain Star,2616
Rolette,County Recorder Rolette,,,Sarah M Bruce,2538
Rolette,County Recorder Rolette,,,write-in,10
Rolette,County Sheriff Rolette,,,Ervin L. Charette,873
Rolette,County Sheriff Rolette,,,Gerald A. Medrud,2083
Rolette,County Sheriff Rolette,,,write-in,12
Rolette,County State's Attorney Rolette,,,Ryan J. Thompson,2436
Rolette,County State's Attorney Rolette,,,write-in,10
Rolette,County Treasurer Rolette,,,Kandace Page-Desjarlais,2510
Rolette,County Treasurer Rolette,,,write-in,12
Rolette,"Initiated Constitutional Measure No. 5 Constitutional Petition Related to a Clean Water, Wildlife, and Parks Trust and a Clean Water, Wildlife, and Parks Fund",,,No,1794
Rolette,"Initiated Constitutional Measure No. 5 Constitutional Petition Related to a Clean Water, Wildlife, and Parks Trust and a Clean Water, Wildlife, and Parks Fund",,,Yes,1157
Rolette,Initiated Statutory Measure No. 6 Relating to Parental Rights and Responsibilities,,,No,1564
Rolette,Initiated Statutory Measure No. 6 Relating to Parental Rights and Responsibilities,,,Yes,1309
Rolette,Initiated Statutory Measure No. 7 Relating to the Operation of a Pharmacy,,,No,1796
Rolette,Initiated Statutory Measure No. 7 Relating to the Operation of a Pharmacy,,,Yes,1149
Rolette,Initiated Statutory Measure No. 8 Statutory Petition Related to School Classes Beginning After Labor Day,,,No,1407
Rolette,Initiated Statutory Measure No. 8 Statutory Petition Related to School Classes Beginning After Labor Day,,,Yes,1505
Rolette,Judge of the District Court No. 3 Northeast,,,Michael G Sturdevant,2322
Rolette,Judge of the District Court No. 3 Northeast,,,write-in,30
Rolette,Judge of the District Court No. 4 Northeast,,,Donovan Foughty,2340
Rolette,Judge of the District Court No. 4 Northeast,,,write-in,22
Rolette,Justice of the Supreme Court,,,Gerald W VandeWalle,2333
Rolette,Justice of the Supreme Court,,,write-in,21
Rolette,Public Service Commissioner,,,write-in,4
Rolette,Public Service Commissioner,,DEM,Todd Reisenauer,1870
Rolette,Public Service Commissioner,,REP,Brian P Kalk,1040
Rolette,Public Service Commissioner Unexpired 2-Year Term,,,write-in,4
Rolette,Public Service Commissioner Unexpired 2-Year Term,,DEM,Tyler Axness,1886
Rolette,Public Service Commissioner Unexpired 2-Year Term,,REP,Julie Fedorchak,993
Rolette,Secretary of State,,,write-in,2
Rolette,Secretary of State,,DEM,April Fairfield,1784
Rolette,Secretary of State,,LIB,Roland Riemers,151
Rolette,Secretary of State,,REP,Alvin A (Al) Jaeger,1003
Rolette,State House,9,,write-in,33
Rolette,State House,9,DEM,Marvin E Nelson,1600
Rolette,State House,9,DEM,Tracy Boe,2253
Rolette,State Senate,9,,write-in,62
Rolette,State Senate,9,DEM,Richard Marcellais,2452
Rolette,"Supervisor, Soil Conservation District Soil Conservation",,,Paul E Overby,2441
Rolette,"Supervisor, Soil Conservation District Soil Conservation",,,write-in,10
Rolette,Tax Commissioner,,,write-in,3
Rolette,Tax Commissioner,,DEM,Jason Astrup,1852
Rolette,Tax Commissioner,,LIB,Anthony Mangnall,148
Rolette,Tax Commissioner,,REP,Ryan Rauschenberger,881
Rolette,U.S. House,1,,write-in,4
Rolette,U.S. House,1,DEM,George Sinner,1967
Rolette,U.S. House,1,LIB,"Robert J ""Jack"" Seaman",119
Rolette,U.S. House,1,REP,Kevin Cramer,924
Sargent,Agriculture Commissioner,,,write-in,0
Sargent,Agriculture Commissioner,,DEM,Ryan Taylor,949
Sargent,Agriculture Commissioner,,REP,Doug Goehring,708
Sargent,Attorney General,,,write-in,1
Sargent,Attorney General,,DEM,Kiara Kraus-Parr,647
Sargent,Attorney General,,REP,Wayne Stenehjem,987
Sargent,Constitutional Measure No. 1 Relating to the inalienable rights to life of every human being at every stage of development.,,,No,1213
Sargent,Constitutional Measure No. 1 Relating to the inalienable rights to life of every human being at every stage of development.,,,Yes,450
Sargent,Constitutional Measure No. 2 Relating to the prohibition of the imposition of mortgage taxes or any sales or transfer taxes on the mortgage or transfer of real property.,,,No,463
Sargent,Constitutional Measure No. 2 Relating to the prohibition of the imposition of mortgage taxes or any sales or transfer taxes on the mortgage or transfer of real property.,,,Yes,1194
Sargent,Constitutional Measure No. 3 Relating to repealing the existing Board of Higher Education and to creating a three member commission of higher education appointed by the Governor.,,,No,1299
Sargent,Constitutional Measure No. 3 Relating to repealing the existing Board of Higher Education and to creating a three member commission of higher education appointed by the Governor.,,,Yes,332
Sargent,Constitutional Measure No. 4 Relating to the fiscal impact of measures to initiate constitutional amendments and to the placing of initiated measures on the ballot,,,No,973
Sargent,Constitutional Measure No. 4 Relating to the fiscal impact of measures to initiate constitutional amendments and to the placing of initiated measures on the ballot,,,Yes,617
Sargent,County Auditor Sargent,,,Pam Maloney,1494
Sargent,County Auditor Sargent,,,write-in,8
Sargent,County Commissioner at Large Sargent,,,David L Jacobson,867
Sargent,County Commissioner at Large Sargent,,,Mike Walstead,852
Sargent,County Commissioner at Large Sargent,,,Richard Ruch,745
Sargent,County Commissioner at Large Sargent,,,Sherry Hosford,1098
Sargent,County Commissioner at Large Sargent,,,Steven Wyum,802
Sargent,County Commissioner at Large Sargent,,,write-in,70
Sargent,County Official Newspaper Sargent,,,The Sargent County Teller,1468
Sargent,County Sheriff Sargent,,,Travis A Paeper,1370
Sargent,County Sheriff Sargent,,,write-in,61
Sargent,County State's Attorney Sargent,,,Lyle R Bopp,1373
Sargent,County State's Attorney Sargent,,,write-in,66
Sargent,County Treasurer/Recorder/Clerk of District Court Sargent,,,Gina Hillestad,1483
Sargent,County Treasurer/Recorder/Clerk of District Court Sargent,,,write-in,6
Sargent,"Initiated Constitutional Measure No. 5 Constitutional Petition Related to a Clean Water, Wildlife, and Parks Trust and a Clean Water, Wildlife, and Parks Fund",,,No,1339
Sargent,"Initiated Constitutional Measure No. 5 Constitutional Petition Related to a Clean Water, Wildlife, and Parks Trust and a Clean Water, Wildlife, and Parks Fund",,,Yes,326
Sargent,Initiated Statutory Measure No. 6 Relating to Parental Rights and Responsibilities,,,No,967
Sargent,Initiated Statutory Measure No. 6 Relating to Parental Rights and Responsibilities,,,Yes,654
Sargent,Initiated Statutory Measure No. 7 Relating to the Operation of a Pharmacy,,,No,1181
Sargent,Initiated Statutory Measure No. 7 Relating to the Operation of a Pharmacy,,,Yes,491
Sargent,Initiated Statutory Measure No. 8 Statutory Petition Related to School Classes Beginning After Labor Day,,,No,946
Sargent,Initiated Statutory Measure No. 8 Statutory Petition Related to School Classes Beginning After Labor Day,,,Yes,712
Sargent,Judge of the District Court No. 4 Unexpired 2-Year Term Southeast,,,James D Hovey,1269
Sargent,Judge of the District Court No. 4 Unexpired 2-Year Term Southeast,,,write-in,5
Sargent,Justice of the Supreme Court,,,Gerald W VandeWalle,1290
Sargent,Justice of the Supreme Court,,,write-in,8
Sargent,Property Tax Exemptions For Retail Sector Businesses Sargent,,,No,735
Sargent,Property Tax Exemptions For Retail Sector Businesses Sargent,,,Yes,910
Sargent,Public Service Commissioner,,,write-in,0
Sargent,Public Service Commissioner,,DEM,Todd Reisenauer,780
Sargent,Public Service Commissioner,,REP,Brian P Kalk,825
Sargent,Public Service Commissioner Unexpired 2-Year Term,,,write-in,1
Sargent,Public Service Commissioner Unexpired 2-Year Term,,DEM,Tyler Axness,758
Sargent,Public Service Commissioner Unexpired 2-Year Term,,REP,Julie Fedorchak,836
Sargent,Secretary of State,,,write-in,0
Sargent,Secretary of State,,DEM,April Fairfield,761
Sargent,Secretary of State,,LIB,Roland Riemers,59
Sargent,Secretary of State,,REP,Alvin A (Al) Jaeger,819
Sargent,"Supervisor, Soil Conservation District Soil Conservation",,,Duayne Baldwin,1405
Sargent,"Supervisor, Soil Conservation District Soil Conservation",,,write-in,18
Sargent,Tax Commissioner,,,write-in,1
Sargent,Tax Commissioner,,DEM,Jason Astrup,824
Sargent,Tax Commissioner,,LIB,Anthony Mangnall,81
Sargent,Tax Commissioner,,REP,Ryan Rauschenberger,713
Sargent,U.S. House,1,,write-in,1
Sargent,U.S. House,1,DEM,George Sinner,934
Sargent,U.S. House,1,LIB,"Robert J ""Jack"" Seaman",67
Sargent,U.S. House,1,REP,Kevin Cramer,655
Sheridan,Agriculture Commissioner,,,write-in,3
Sheridan,Agriculture Commissioner,,DEM,Ryan Taylor,264
Sheridan,Agriculture Commissioner,,REP,Doug Goehring,440
Sheridan,Attorney General,,,write-in,0
Sheridan,Attorney General,,DEM,Kiara Kraus-Parr,113
Sheridan,Attorney General,,REP,Wayne Stenehjem,589
Sheridan,Constitutional Measure No. 1 Relating to the inalienable rights to life of every human being at every stage of development.,,,No,419
Sheridan,Constitutional Measure No. 1 Relating to the inalienable rights to life of every human being at every stage of development.,,,Yes,288
Sheridan,Constitutional Measure No. 2 Relating to the prohibition of the imposition of mortgage taxes or any sales or transfer taxes on the mortgage or transfer of real property.,,,No,151
Sheridan,Constitutional Measure No. 2 Relating to the prohibition of the imposition of mortgage taxes or any sales or transfer taxes on the mortgage or transfer of real property.,,,Yes,555
Sheridan,Constitutional Measure No. 3 Relating to repealing the existing Board of Higher Education and to creating a three member commission of higher education appointed by the Governor.,,,No,511
Sheridan,Constitutional Measure No. 3 Relating to repealing the existing Board of Higher Education and to creating a three member commission of higher education appointed by the Governor.,,,Yes,176
Sheridan,Constitutional Measure No. 4 Relating to the fiscal impact of measures to initiate constitutional amendments and to the placing of initiated measures on the ballot,,,No,328
Sheridan,Constitutional Measure No. 4 Relating to the fiscal impact of measures to initiate constitutional amendments and to the placing of initiated measures on the ballot,,,Yes,358
Sheridan,County Auditor Sheridan,,,Shirley A Murray,621
Sheridan,County Auditor Sheridan,,,write-in,8
Sheridan,County Commissioner Sheridan - District 1,,,Richard Bentz,297
Sheridan,County Commissioner Sheridan - District 1,,,Steven Eisenbeisz,402
Sheridan,County Commissioner Sheridan - District 1,,,write-in,1
Sheridan,County Commissioner Sheridan - District 3,,,Howard F Erdmann,558
Sheridan,County Commissioner Sheridan - District 3,,,write-in,39
Sheridan,County Official Newspaper Sheridan,,,McClusky Gazette,627
Sheridan,County Recorder Sheridan,,,Kathleen C Mindt,653
Sheridan,County Recorder Sheridan,,,write-in,4
Sheridan,County Sheriff Sheridan,,,Trent Naser,645
Sheridan,County Sheriff Sheridan,,,write-in,11
Sheridan,County State's Attorney Sheridan,,,Ladd Erickson,594
Sheridan,County State's Attorney Sheridan,,,write-in,6
Sheridan,County Treasurer Sheridan,,,Rita Bertsch,597
Sheridan,County Treasurer Sheridan,,,write-in,6
Sheridan,"Initiated Constitutional Measure No. 5 Constitutional Petition Related to a Clean Water, Wildlife, and Parks Trust and a Clean Water, Wildlife, and Parks Fund",,,No,657
Sheridan,"Initiated Constitutional Measure No. 5 Constitutional Petition Related to a Clean Water, Wildlife, and Parks Trust and a Clean Water, Wildlife, and Parks Fund",,,Yes,58
Sheridan,Initiated Statutory Measure No. 6 Relating to Parental Rights and Responsibilities,,,No,449
Sheridan,Initiated Statutory Measure No. 6 Relating to Parental Rights and Responsibilities,,,Yes,238
Sheridan,Initiated Statutory Measure No. 7 Relating to the Operation of a Pharmacy,,,No,488
Sheridan,Initiated Statutory Measure No. 7 Relating to the Operation of a Pharmacy,,,Yes,225
Sheridan,Initiated Statutory Measure No. 8 Statutory Petition Related to School Classes Beginning After Labor Day,,,No,433
Sheridan,Initiated Statutory Measure No. 8 Statutory Petition Related to School Classes Beginning After Labor Day,,,Yes,255
Sheridan,Judge of the District Court No. 1 South Central,,,David E Reich,593
Sheridan,Judge of the District Court No. 1 South Central,,,write-in,2
Sheridan,Judge of the District Court No. 6 South Central,,,Gail Hagerty,590
Sheridan,Judge of the District Court No. 6 South Central,,,write-in,2
Sheridan,Judge of the District Court No. 7 South Central,,,Thomas J Schneider,593
Sheridan,Judge of the District Court No. 7 South Central,,,write-in,0
Sheridan,Justice of the Supreme Court,,,Gerald W VandeWalle,596
Sheridan,Justice of the Supreme Court,,,write-in,2
Sheridan,Public Service Commissioner,,,write-in,0
Sheridan,Public Service Commissioner,,DEM,Todd Reisenauer,194
Sheridan,Public Service Commissioner,,REP,Brian P Kalk,498
Sheridan,Public Service Commissioner Unexpired 2-Year Term,,,write-in,0
Sheridan,Public Service Commissioner Unexpired 2-Year Term,,DEM,Tyler Axness,155
Sheridan,Public Service Commissioner Unexpired 2-Year Term,,REP,Julie Fedorchak,532
Sheridan,Secretary of State,,,write-in,0
Sheridan,Secretary of State,,DEM,April Fairfield,151
Sheridan,Secretary of State,,LIB,Roland Riemers,23
Sheridan,Secretary of State,,REP,Alvin A (Al) Jaeger,528
Sheridan,"Supervisor, Soil Conservation District Sheridan Co Soil Conservation",,,write-in,97
Sheridan,Tax Commissioner,,,write-in,0
Sheridan,Tax Commissioner,,DEM,Jason Astrup,177
Sheridan,Tax Commissioner,,LIB,Anthony Mangnall,26
Sheridan,Tax Commissioner,,REP,Ryan Rauschenberger,474
Sheridan,U.S. House,1,,write-in,2
Sheridan,U.S. House,1,DEM,George Sinner,171
Sheridan,U.S. House,1,LIB,"Robert J ""Jack"" Seaman",16
Sheridan,U.S. House,1,REP,Kevin Cramer,515
Sioux,Agriculture Commissioner,,,write-in,4
Sioux,Agriculture Commissioner,,DEM,Ryan Taylor,465
Sioux,Agriculture Commissioner,,REP,Doug Goehring,197
Sioux,Attorney General,,,write-in,5
Sioux,Attorney General,,DEM,Kiara Kraus-Parr,387
Sioux,Attorney General,,REP,Wayne Stenehjem,276
Sioux,Constitutional Measure No. 1 Relating to the inalienable rights to life of every human being at every stage of development.,,,No,366
Sioux,Constitutional Measure No. 1 Relating to the inalienable rights to life of every human being at every stage of development.,,,Yes,306
Sioux,Constitutional Measure No. 2 Relating to the prohibition of the imposition of mortgage taxes or any sales or transfer taxes on the mortgage or transfer of real property.,,,No,246
Sioux,Constitutional Measure No. 2 Relating to the prohibition of the imposition of mortgage taxes or any sales or transfer taxes on the mortgage or transfer of real property.,,,Yes,414
Sioux,Constitutional Measure No. 3 Relating to repealing the existing Board of Higher Education and to creating a three member commission of higher education appointed by the Governor.,,,No,388
Sioux,Constitutional Measure No. 3 Relating to repealing the existing Board of Higher Education and to creating a three member commission of higher education appointed by the Governor.,,,Yes,253
Sioux,Constitutional Measure No. 4 Relating to the fiscal impact of measures to initiate constitutional amendments and to the placing of initiated measures on the ballot,,,No,313
Sioux,Constitutional Measure No. 4 Relating to the fiscal impact of measures to initiate constitutional amendments and to the placing of initiated measures on the ballot,,,Yes,314
Sioux,County Auditor Sioux,,,Barbara J Hettich,525
Sioux,County Auditor Sioux,,,write-in,29
Sioux,County Commissioner Sioux - District 1,,,Glen Bahm,187
Sioux,County Commissioner Sioux - District 1,,,write-in,9
Sioux,County Commissioner Sioux - District 3,,,Dusty Kraft,90
Sioux,County Commissioner Sioux - District 3,,,Ken Snider,223
Sioux,County Commissioner Sioux - District 3,,,write-in,5
Sioux,County Official Newspaper Sioux,,,Carson Press,504
Sioux,County Sheriff Sioux,,,Frank Landeis,586
Sioux,County Sheriff Sioux,,,write-in,26
Sioux,County State's Attorney Sioux,,,write-in,30
Sioux,County Treasurer/Recorder/Clerk of District Court Sioux,,,Vernetta K Iron Eyes,567
Sioux,County Treasurer/Recorder/Clerk of District Court Sioux,,,write-in,11
Sioux,"Initiated Constitutional Measure No. 5 Constitutional Petition Related to a Clean Water, Wildlife, and Parks Trust and a Clean Water, Wildlife, and Parks Fund",,,No,357
Sioux,"Initiated Constitutional Measure No. 5 Constitutional Petition Related to a Clean Water, Wildlife, and Parks Trust and a Clean Water, Wildlife, and Parks Fund",,,Yes,314
Sioux,Initiated Statutory Measure No. 6 Relating to Parental Rights and Responsibilities,,,No,315
Sioux,Initiated Statutory Measure No. 6 Relating to Parental Rights and Responsibilities,,,Yes,318
Sioux,Initiated Statutory Measure No. 7 Relating to the Operation of a Pharmacy,,,No,260
Sioux,Initiated Statutory Measure No. 7 Relating to the Operation of a Pharmacy,,,Yes,395
Sioux,Initiated Statutory Measure No. 8 Statutory Petition Related to School Classes Beginning After Labor Day,,,No,289
Sioux,Initiated Statutory Measure No. 8 Statutory Petition Related to School Classes Beginning After Labor Day,,,Yes,368
Sioux,Judge of the District Court No. 1 South Central,,,David E Reich,496
Sioux,Judge of the District Court No. 1 South Central,,,write-in,16
Sioux,Judge of the District Court No. 6 South Central,,,Gail Hagerty,512
Sioux,Judge of the District Court No. 6 South Central,,,write-in,17
Sioux,Judge of the District Court No. 7 South Central,,,Thomas J Schneider,510
Sioux,Judge of the District Court No. 7 South Central,,,write-in,10
Sioux,Justice of the Supreme Court,,,Gerald W VandeWalle,494
Sioux,Justice of the Supreme Court,,,write-in,18
Sioux,Public Service Commissioner,,,write-in,4
Sioux,Public Service Commissioner,,DEM,Todd Reisenauer,443
Sioux,Public Service Commissioner,,REP,Brian P Kalk,202
Sioux,Public Service Commissioner Unexpired 2-Year Term,,,write-in,1
Sioux,Public Service Commissioner Unexpired 2-Year Term,,DEM,Tyler Axness,434
Sioux,Public Service Commissioner Unexpired 2-Year Term,,REP,Julie Fedorchak,209
Sioux,Secretary of State,,,write-in,4
Sioux,Secretary of State,,DEM,April Fairfield,424
Sioux,Secretary of State,,LIB,Roland Riemers,21
Sioux,Secretary of State,,REP,Alvin A (Al) Jaeger,211
Sioux,State House,31,,write-in,6
Sioux,State House,31,DEM,LaDonna Allard,372
Sioux,State House,31,DEM,Mike Faith,447
Sioux,State House,31,REP,James E Schmidt,160
Sioux,State House,31,REP,Karen Rohr,159
Sioux,State Senate,31,,write-in,5
Sioux,State Senate,31,DEM,Kristen Vesledahl,447
Sioux,State Senate,31,REP,Donald Schaible,201
Sioux,"Supervisor, Soil Conservation District Soil Conservation",,,Jeremy Maher,560
Sioux,"Supervisor, Soil Conservation District Soil Conservation",,,write-in,11
Sioux,Tax Commissioner,,,write-in,4
Sioux,Tax Commissioner,,DEM,Jason Astrup,432
Sioux,Tax Commissioner,,LIB,Anthony Mangnall,28
Sioux,Tax Commissioner,,REP,Ryan Rauschenberger,188
Sioux,U.S. House,1,,write-in,4
Sioux,U.S. House,1,DEM,George Sinner,452
Sioux,U.S. House,1,LIB,"Robert J ""Jack"" Seaman",23
Sioux,U.S. House,1,REP,Kevin Cramer,193
Slope,Agriculture Commissioner,,,write-in,0
Slope,Agriculture Commissioner,,DEM,Ryan Taylor,95
Slope,Agriculture Commissioner,,REP,Doug Goehring,273
Slope,Attorney General,,,write-in,0
Slope,Attorney General,,DEM,Kiara Kraus-Parr,50
Slope,Attorney General,,REP,Wayne Stenehjem,318
Slope,Constitutional Measure No. 1 Relating to the inalienable rights to life of every human being at every stage of development.,,,No,219
Slope,Constitutional Measure No. 1 Relating to the inalienable rights to life of every human being at every stage of development.,,,Yes,154
Slope,Constitutional Measure No. 2 Relating to the prohibition of the imposition of mortgage taxes or any sales or transfer taxes on the mortgage or transfer of real property.,,,No,74
Slope,Constitutional Measure No. 2 Relating to the prohibition of the imposition of mortgage taxes or any sales or transfer taxes on the mortgage or transfer of real property.,,,Yes,296
Slope,Constitutional Measure No. 3 Relating to repealing the existing Board of Higher Education and to creating a three member commission of higher education appointed by the Governor.,,,No,278
Slope,Constitutional Measure No. 3 Relating to repealing the existing Board of Higher Education and to creating a three member commission of higher education appointed by the Governor.,,,Yes,83
Slope,Constitutional Measure No. 4 Relating to the fiscal impact of measures to initiate constitutional amendments and to the placing of initiated measures on the ballot,,,No,164
Slope,Constitutional Measure No. 4 Relating to the fiscal impact of measures to initiate constitutional amendments and to the placing of initiated measures on the ballot,,,Yes,192
Slope,County Auditor Slope,,,Lorrie Buzalsky,322
Slope,County Auditor Slope,,,write-in,8
Slope,County Commissioner Slope - District 1,,,Michael Teske,311
Slope,County Commissioner Slope - District 1,,,write-in,9
Slope,County Commissioner Slope - District 3,,,Mike H Sonsalla,323
Slope,County Commissioner Slope - District 3,,,write-in,4
Slope,County Official Newspaper Slope,,,The Herald,324
Slope,County Recorder/Clerk of District Court Slope,,,"Marguerite ""Muggsy"" Schatz",351
Slope,County Recorder/Clerk of District Court Slope,,,write-in,4
Slope,County Sheriff Slope,,,Pat Lorge,347
Slope,County Sheriff Slope,,,write-in,6
Slope,County State's Attorney Slope,,,James D. Gion,327
Slope,County State's Attorney Slope,,,write-in,1
Slope,County Treasurer Slope,,,Colleen Germann,346
Slope,County Treasurer Slope,,,write-in,2
Slope,"Initiated Constitutional Measure No. 5 Constitutional Petition Related to a Clean Water, Wildlife, and Parks Trust and a Clean Water, Wildlife, and Parks Fund",,,No,357
Slope,"Initiated Constitutional Measure No. 5 Constitutional Petition Related to a Clean Water, Wildlife, and Parks Trust and a Clean Water, Wildlife, and Parks Fund",,,Yes,18
Slope,Initiated Statutory Measure No. 6 Relating to Parental Rights and Responsibilities,,,No,249
Slope,Initiated Statutory Measure No. 6 Relating to Parental Rights and Responsibilities,,,Yes,114
Slope,Initiated Statutory Measure No. 7 Relating to the Operation of a Pharmacy,,,No,229
Slope,Initiated Statutory Measure No. 7 Relating to the Operation of a Pharmacy,,,Yes,143
Slope,Initiated Statutory Measure No. 8 Statutory Petition Related to School Classes Beginning After Labor Day,,,No,192
Slope,Initiated Statutory Measure No. 8 Statutory Petition Related to School Classes Beginning After Labor Day,,,Yes,170
Slope,Justice of the Supreme Court,,,Gerald W VandeWalle,313
Slope,Justice of the Supreme Court,,,write-in,0
Slope,Public Service Commissioner,,,write-in,1
Slope,Public Service Commissioner,,DEM,Todd Reisenauer,66
Slope,Public Service Commissioner,,REP,Brian P Kalk,290
Slope,Public Service Commissioner Unexpired 2-Year Term,,,write-in,1
Slope,Public Service Commissioner Unexpired 2-Year Term,,DEM,Tyler Axness,53
Slope,Public Service Commissioner Unexpired 2-Year Term,,REP,Julie Fedorchak,298
Slope,Secretary of State,,,write-in,1
Slope,Secretary of State,,DEM,April Fairfield,58
Slope,Secretary of State,,LIB,Roland Riemers,17
Slope,Secretary of State,,REP,Alvin A (Al) Jaeger,289
Slope,State House,39,,write-in,1
Slope,State House,39,DEM,Greg Tank,64
Slope,State House,39,DEM,Maddison Voigt,63
Slope,State House,39,REP,Denton B Zubke,231
Slope,State House,39,REP,Keith Kempenich,286
Slope,State Senate,39,,write-in,1
Slope,State Senate,39,DEM,Stephanie L Pretzer,88
Slope,State Senate,39,REP,Bill L Bowman,285
Slope,"Supervisor, Soil Conservation District Bowman/Slope Soil",,,Trevor Steeke,83
Slope,"Supervisor, Soil Conservation District Bowman/Slope Soil",,,Vernon Lee Brown,164
Slope,"Supervisor, Soil Conservation District Bowman/Slope Soil",,,write-in,1
Slope,"Supervisor, Soil Conservation District Slope/Hettinger Soil",,,Keith Witte,88
Slope,"Supervisor, Soil Conservation District Slope/Hettinger Soil",,,write-in,0
Slope,Tax Commissioner,,,write-in,0
Slope,Tax Commissioner,,DEM,Jason Astrup,70
Slope,Tax Commissioner,,LIB,Anthony Mangnall,16
Slope,Tax Commissioner,,REP,Ryan Rauschenberger,267
Slope,U.S. House,1,,write-in,0
Slope,U.S. House,1,DEM,George Sinner,76
Slope,U.S. House,1,LIB,"Robert J ""Jack"" Seaman",18
Slope,U.S. House,1,REP,Kevin Cramer,275
Stark,Agriculture Commissioner,,,write-in,14
Stark,Agriculture Commissioner,,DEM,Ryan Taylor,2898
Stark,Agriculture Commissioner,,REP,Doug Goehring,5963
Stark,Attorney General,,,write-in,16
Stark,Attorney General,,DEM,Kiara Kraus-Parr,1488
Stark,Attorney General,,REP,Wayne Stenehjem,7381
Stark,Constitutional Measure No. 1 Relating to the inalienable rights to life of every human being at every stage of development.,,,No,4370
Stark,Constitutional Measure No. 1 Relating to the inalienable rights to life of every human being at every stage of development.,,,Yes,4723
Stark,Constitutional Measure No. 2 Relating to the prohibition of the imposition of mortgage taxes or any sales or transfer taxes on the mortgage or transfer of real property.,,,No,1630
Stark,Constitutional Measure No. 2 Relating to the prohibition of the imposition of mortgage taxes or any sales or transfer taxes on the mortgage or transfer of real property.,,,Yes,7362
Stark,Constitutional Measure No. 3 Relating to repealing the existing Board of Higher Education and to creating a three member commission of higher education appointed by the Governor.,,,No,6481
Stark,Constitutional Measure No. 3 Relating to repealing the existing Board of Higher Education and to creating a three member commission of higher education appointed by the Governor.,,,Yes,2291
Stark,Constitutional Measure No. 4 Relating to the fiscal impact of measures to initiate constitutional amendments and to the placing of initiated measures on the ballot,,,No,4539
Stark,Constitutional Measure No. 4 Relating to the fiscal impact of measures to initiate constitutional amendments and to the placing of initiated measures on the ballot,,,Yes,4146
Stark,County Auditor/Treasurer Stark,,,Kay Haag,4713
Stark,County Auditor/Treasurer Stark,,,Lynn Betlaf,3122
Stark,County Auditor/Treasurer Stark,,,write-in,27
Stark,County Commissioner#DistrictName2 Stark - District 2,,,Ken Zander,7238
Stark,County Commissioner#DistrictName2 Stark - District 2,,,write-in,82
Stark,County Commissioner#DistrictName4 Stark - District 4,,,Russ Hoff,7241
Stark,County Commissioner#DistrictName4 Stark - District 4,,,write-in,87
Stark,County Measure 1 Stark,,,No,4836
Stark,County Measure 1 Stark,,,Yes,4032
Stark,County Recorder Stark,,,Kathy Schwab,5926
Stark,County Recorder Stark,,,Kirk A Ross,1859
Stark,County Recorder Stark,,,write-in,22
Stark,County Sheriff Stark,,,Clarence A Tuhy,4129
Stark,County Sheriff Stark,,,Terry L Oestreich,4612
Stark,County Sheriff Stark,,,write-in,49
Stark,County State's Attorney Stark,,,Tom Henning,7160
Stark,County State's Attorney Stark,,,write-in,139
Stark,"Initiated Constitutional Measure No. 5 Constitutional Petition Related to a Clean Water, Wildlife, and Parks Trust and a Clean Water, Wildlife, and Parks Fund",,,No,7862
Stark,"Initiated Constitutional Measure No. 5 Constitutional Petition Related to a Clean Water, Wildlife, and Parks Trust and a Clean Water, Wildlife, and Parks Fund",,,Yes,1247
Stark,Initiated Statutory Measure No. 6 Relating to Parental Rights and Responsibilities,,,No,5162
Stark,Initiated Statutory Measure No. 6 Relating to Parental Rights and Responsibilities,,,Yes,3673
Stark,Initiated Statutory Measure No. 7 Relating to the Operation of a Pharmacy,,,No,5067
Stark,Initiated Statutory Measure No. 7 Relating to the Operation of a Pharmacy,,,Yes,3968
Stark,Initiated Statutory Measure No. 8 Statutory Petition Related to School Classes Beginning After Labor Day,,,No,4544
Stark,Initiated Statutory Measure No. 8 Statutory Petition Related to School Classes Beginning After Labor Day,,,Yes,4325
Stark,Justice of the Supreme Court,,,Gerald W VandeWalle,7203
Stark,Justice of the Supreme Court,,,write-in,51
Stark,Public Service Commissioner,,,write-in,18
Stark,Public Service Commissioner,,DEM,Todd Reisenauer,2407
Stark,Public Service Commissioner,,REP,Brian P Kalk,6223
Stark,Public Service Commissioner Unexpired 2-Year Term,,,write-in,14
Stark,Public Service Commissioner Unexpired 2-Year Term,,DEM,Tyler Axness,1816
Stark,Public Service Commissioner Unexpired 2-Year Term,,REP,Julie Fedorchak,6774
Stark,Secretary of State,,,write-in,17
Stark,Secretary of State,,DEM,April Fairfield,1773
Stark,Secretary of State,,LIB,Roland Riemers,442
Stark,Secretary of State,,REP,Alvin A (Al) Jaeger,6614
Stark,State House,37,,write-in,19
Stark,State House,37,DEM,Mandy Kubik,1237
Stark,State House,37,REP,Mike Lefor,3660
Stark,State House,37,REP,Vicky Steiner,3445
Stark,State Senate,37,,write-in,59
Stark,State Senate,37,REP,Rich Wardner,4392
Stark,"Supervisor, Soil Conservation District Central Stark",,,Dean Baar,715
Stark,"Supervisor, Soil Conservation District Central Stark",,,write-in,4
Stark,"Supervisor, Soil Conservation District Western",,,Roger Klym,5979
Stark,"Supervisor, Soil Conservation District Western",,,write-in,29
Stark,Tax Commissioner,,,write-in,22
Stark,Tax Commissioner,,DEM,Jason Astrup,2100
Stark,Tax Commissioner,,LIB,Anthony Mangnall,549
Stark,Tax Commissioner,,REP,Ryan Rauschenberger,5898
Stark,U.S. House,1,,write-in,14
Stark,U.S. House,1,DEM,George Sinner,2459
Stark,U.S. House,1,LIB,"Robert J ""Jack"" Seaman",453
Stark,U.S. House,1,REP,Kevin Cramer,6078
Steele,Agriculture Commissioner,,,write-in,0
Steele,Agriculture Commissioner,,DEM,Ryan Taylor,501
Steele,Agriculture Commissioner,,REP,Doug Goehring,393
Steele,Attorney General,,,write-in,0
Steele,Attorney General,,DEM,Kiara Kraus-Parr,308
Steele,Attorney General,,REP,Wayne Stenehjem,590
Steele,Constitutional Measure No. 1 Relating to the inalienable rights to life of every human being at every stage of development.,,,No,675
Steele,Constitutional Measure No. 1 Relating to the inalienable rights to life of every human being at every stage of development.,,,Yes,231
Steele,Constitutional Measure No. 2 Relating to the prohibition of the imposition of mortgage taxes or any sales or transfer taxes on the mortgage or transfer of real property.,,,No,300
Steele,Constitutional Measure No. 2 Relating to the prohibition of the imposition of mortgage taxes or any sales or transfer taxes on the mortgage or transfer of real property.,,,Yes,599
Steele,Constitutional Measure No. 3 Relating to repealing the existing Board of Higher Education and to creating a three member commission of higher education appointed by the Governor.,,,No,679
Steele,Constitutional Measure No. 3 Relating to repealing the existing Board of Higher Education and to creating a three member commission of higher education appointed by the Governor.,,,Yes,201
Steele,Constitutional Measure No. 4 Relating to the fiscal impact of measures to initiate constitutional amendments and to the placing of initiated measures on the ballot,,,No,540
Steele,Constitutional Measure No. 4 Relating to the fiscal impact of measures to initiate constitutional amendments and to the placing of initiated measures on the ballot,,,Yes,329
Steele,County Auditor Steele,,,Elisha M. Washburn,254
Steele,County Auditor Steele,,,Emily (Halverson) Wigen,544
Steele,County Auditor Steele,,,write-in,53
Steele,County Commissioner Steele - District 1,,,Brian Tuite,117
Steele,County Commissioner Steele - District 1,,,Dennis Lindstrom,62
Steele,County Commissioner Steele - District 1,,,write-in,1
Steele,County Commissioner Steele - District 3,,,Jay Showers,52
Steele,County Commissioner Steele - District 3,,,Ted S Johnson,108
Steele,County Commissioner Steele - District 3,,,write-in,0
Steele,County Commissioner Steele - District 5,,,Jane Amundson,59
Steele,County Commissioner Steele - District 5,,,Russell L. Walcker,126
Steele,County Commissioner Steele - District 5,,,write-in,1
Steele,County Official Newspaper Steele,,,Steele County Press,800
Steele,County Sheriff Steele,,,Justin Wells,306
Steele,County Sheriff Steele,,,Wayne Beckman,583
Steele,County Sheriff Steele,,,write-in,3
Steele,County Treasurer Steele,,,Kari Dekker Crawford,757
Steele,County Treasurer Steele,,,write-in,21
Steele,"Initiated Constitutional Measure No. 5 Constitutional Petition Related to a Clean Water, Wildlife, and Parks Trust and a Clean Water, Wildlife, and Parks Fund",,,No,754
Steele,"Initiated Constitutional Measure No. 5 Constitutional Petition Related to a Clean Water, Wildlife, and Parks Trust and a Clean Water, Wildlife, and Parks Fund",,,Yes,146
Steele,Initiated Statutory Measure No. 6 Relating to Parental Rights and Responsibilities,,,No,523
Steele,Initiated Statutory Measure No. 6 Relating to Parental Rights and Responsibilities,,,Yes,354
Steele,Initiated Statutory Measure No. 7 Relating to the Operation of a Pharmacy,,,No,631
Steele,Initiated Statutory Measure No. 7 Relating to the Operation of a Pharmacy,,,Yes,269
Steele,Initiated Statutory Measure No. 8 Statutory Petition Related to School Classes Beginning After Labor Day,,,No,521
Steele,Initiated Statutory Measure No. 8 Statutory Petition Related to School Classes Beginning After Labor Day,,,Yes,370
Steele,Judge of the District Court No. 1 East Central,,,Susan L Bailey,517
Steele,Judge of the District Court No. 1 East Central,,,Tristan Van de Streek,260
Steele,Judge of the District Court No. 1 East Central,,,write-in,0
Steele,Judge of the District Court No. 5 East Central,,,Frank L Racek,732
Steele,Judge of the District Court No. 5 East Central,,,write-in,4
Steele,Judge of the District Court No. 7 East Central,,,Wade Webb,731
Steele,Judge of the District Court No. 7 East Central,,,write-in,2
Steele,Justice of the Supreme Court,,,Gerald W VandeWalle,748
Steele,Justice of the Supreme Court,,,write-in,2
Steele,Public Service Commissioner,,,write-in,1
Steele,Public Service Commissioner,,DEM,Todd Reisenauer,332
Steele,Public Service Commissioner,,REP,Brian P Kalk,542
Steele,Public Service Commissioner Unexpired 2-Year Term,,,write-in,2
Steele,Public Service Commissioner Unexpired 2-Year Term,,DEM,Tyler Axness,376
Steele,Public Service Commissioner Unexpired 2-Year Term,,REP,Julie Fedorchak,488
Steele,Secretary of State,,,write-in,1
Steele,Secretary of State,,DEM,April Fairfield,373
Steele,Secretary of State,,LIB,Roland Riemers,38
Steele,Secretary of State,,REP,Alvin A (Al) Jaeger,485
Steele,State House,23,,write-in,0
Steele,State House,23,DEM,Austin Langley,271
Steele,State House,23,DEM,Ben Vig,379
Steele,State House,23,REP,Bill Devlin,508
Steele,State House,23,REP,Don Vigesaa,538
Steele,State Senate,23,,write-in,1
Steele,State Senate,23,DEM,Joan M Heckaman,436
Steele,State Senate,23,REP,John Jacobson,465
Steele,"Supervisor, Soil Conservation District Soil Conservation",,,James Law,807
Steele,"Supervisor, Soil Conservation District Soil Conservation",,,write-in,5
Steele,Tax Commissioner,,,write-in,0
Steele,Tax Commissioner,,DEM,Jason Astrup,418
Steele,Tax Commissioner,,LIB,Anthony Mangnall,36
Steele,Tax Commissioner,,REP,Ryan Rauschenberger,429
Steele,U.S. House,1,,write-in,0
Steele,U.S. House,1,DEM,George Sinner,472
Steele,U.S. House,1,LIB,"Robert J ""Jack"" Seaman",43
Steele,U.S. House,1,REP,Kevin Cramer,386
Stutsman,Agriculture Commissioner,,,write-in,7
Stutsman,Agriculture Commissioner,,DEM,Ryan Taylor,3181
Stutsman,Agriculture Commissioner,,REP,Doug Goehring,4176
Stutsman,Attorney General,,,write-in,9
Stutsman,Attorney General,,DEM,Kiara Kraus-Parr,1979
Stutsman,Attorney General,,REP,Wayne Stenehjem,5382
Stutsman,Constitutional Measure No. 1 Relating to the inalienable rights to life of every human being at every stage of development.,,,No,5123
Stutsman,Constitutional Measure No. 1 Relating to the inalienable rights to life of every human being at every stage of development.,,,Yes,2544
Stutsman,Constitutional Measure No. 2 Relating to the prohibition of the imposition of mortgage taxes or any sales or transfer taxes on the mortgage or transfer of real property.,,,No,1889
Stutsman,Constitutional Measure No. 2 Relating to the prohibition of the imposition of mortgage taxes or any sales or transfer taxes on the mortgage or transfer of real property.,,,Yes,5625
Stutsman,Constitutional Measure No. 3 Relating to repealing the existing Board of Higher Education and to creating a three member commission of higher education appointed by the Governor.,,,No,5725
Stutsman,Constitutional Measure No. 3 Relating to repealing the existing Board of Higher Education and to creating a three member commission of higher education appointed by the Governor.,,,Yes,1493
Stutsman,Constitutional Measure No. 4 Relating to the fiscal impact of measures to initiate constitutional amendments and to the placing of initiated measures on the ballot,,,No,4221
Stutsman,Constitutional Measure No. 4 Relating to the fiscal impact of measures to initiate constitutional amendments and to the placing of initiated measures on the ballot,,,Yes,2863
Stutsman,County Commissioner Stutsman,,,Craig Neys,4764
Stutsman,County Commissioner Stutsman,,,Dale Marks,4649
Stutsman,County Commissioner Stutsman,,,Dennis (Denny) Ova,5131
Stutsman,County Commissioner Stutsman,,,Nellie Degen,3000
Stutsman,County Commissioner Stutsman,,,write-in,38
Stutsman,County Official Newspaper Stutsman,,,The Jamestown Sun,5482
Stutsman,County Sheriff Stutsman,,,Chad Kaiser,6462
Stutsman,County Sheriff Stutsman,,,write-in,51
Stutsman,County State's Attorney Stutsman,,,Fritz Fremgen,5369
Stutsman,County State's Attorney Stutsman,,,write-in,91
Stutsman,"Create sales, use and gross receipts tax for a Public Library Stutsman",,,No,4223
Stutsman,"Create sales, use and gross receipts tax for a Public Library Stutsman",,,Yes,3035
Stutsman,"Director, Garrison Diversion Conservancy Stutsman",,,Geneva Kaiser,5078
Stutsman,"Director, Garrison Diversion Conservancy Stutsman",,,write-in,26
Stutsman,"Initiated Constitutional Measure No. 5 Constitutional Petition Related to a Clean Water, Wildlife, and Parks Trust and a Clean Water, Wildlife, and Parks Fund",,,No,5780
Stutsman,"Initiated Constitutional Measure No. 5 Constitutional Petition Related to a Clean Water, Wildlife, and Parks Trust and a Clean Water, Wildlife, and Parks Fund",,,Yes,1843
Stutsman,Initiated Statutory Measure No. 6 Relating to Parental Rights and Responsibilities,,,No,4993
Stutsman,Initiated Statutory Measure No. 6 Relating to Parental Rights and Responsibilities,,,Yes,2442
Stutsman,Initiated Statutory Measure No. 7 Relating to the Operation of a Pharmacy,,,No,4060
Stutsman,Initiated Statutory Measure No. 7 Relating to the Operation of a Pharmacy,,,Yes,3552
Stutsman,Initiated Statutory Measure No. 8 Statutory Petition Related to School Classes Beginning After Labor Day,,,No,4429
Stutsman,Initiated Statutory Measure No. 8 Statutory Petition Related to School Classes Beginning After Labor Day,,,Yes,3030
Stutsman,Judge of the District Court No. 4 Unexpired 2-Year Term Southeast,,,James D Hovey,5201
Stutsman,Judge of the District Court No. 4 Unexpired 2-Year Term Southeast,,,write-in,29
Stutsman,Justice of the Supreme Court,,,Gerald W VandeWalle,5268
Stutsman,Justice of the Supreme Court,,,write-in,29
Stutsman,"Ordinance regulating the sale, detonation and use of fireworks in the City of Jamestown Jamestown",,,No,2522
Stutsman,"Ordinance regulating the sale, detonation and use of fireworks in the City of Jamestown Jamestown",,,Yes,2716
Stutsman,Public Service Commissioner,,,write-in,6
Stutsman,Public Service Commissioner,,DEM,Todd Reisenauer,2450
Stutsman,Public Service Commissioner,,REP,Brian P Kalk,4590
Stutsman,Public Service Commissioner Unexpired 2-Year Term,,,write-in,9
Stutsman,Public Service Commissioner Unexpired 2-Year Term,,DEM,Tyler Axness,2460
Stutsman,Public Service Commissioner Unexpired 2-Year Term,,REP,Julie Fedorchak,4387
Stutsman,Secretary of State,,,write-in,5
Stutsman,Secretary of State,,DEM,April Fairfield,2972
Stutsman,Secretary of State,,LIB,Roland Riemers,402
Stutsman,Secretary of State,,REP,Alvin A (Al) Jaeger,4034
Stutsman,State House,29,,write-in,0
Stutsman,State House,29,DEM,Charles Linderman,900
Stutsman,State House,29,DEM,Lori Carlson,1136
Stutsman,State House,29,REP,Chet Pollert,1688
Stutsman,State House,29,REP,Craig Headland,1718
Stutsman,State Senate,29,,write-in,1
Stutsman,State Senate,29,DEM,Jeff Piehl,981
Stutsman,State Senate,29,REP,Terry M Wanzek,1973
Stutsman,"Supervisor, Soil Conservation District Soil Conservation",,,Gloria S Jones,5116
Stutsman,"Supervisor, Soil Conservation District Soil Conservation",,,write-in,24
Stutsman,Tax Commissioner,,,write-in,6
Stutsman,Tax Commissioner,,DEM,Jason Astrup,2983
Stutsman,Tax Commissioner,,LIB,Anthony Mangnall,515
Stutsman,Tax Commissioner,,REP,Ryan Rauschenberger,3649
Stutsman,U.S. House,1,,write-in,6
Stutsman,U.S. House,1,DEM,George Sinner,3081
Stutsman,U.S. House,1,LIB,"Robert J ""Jack"" Seaman",387
Stutsman,U.S. House,1,REP,Kevin Cramer,4034
Towner,Agriculture Commissioner,,,write-in,1
Towner,Agriculture Commissioner,,DEM,Ryan Taylor,482
Towner,Agriculture Commissioner,,REP,Doug Goehring,540
Towner,Attorney General,,,write-in,0
Towner,Attorney General,,DEM,Kiara Kraus-Parr,286
Towner,Attorney General,,REP,Wayne Stenehjem,728
Towner,Constitutional Measure No. 1 Relating to the inalienable rights to life of every human being at every stage of development.,,,No,723
Towner,Constitutional Measure No. 1 Relating to the inalienable rights to life of every human being at every stage of development.,,,Yes,316
Towner,Constitutional Measure No. 2 Relating to the prohibition of the imposition of mortgage taxes or any sales or transfer taxes on the mortgage or transfer of real property.,,,No,341
Towner,Constitutional Measure No. 2 Relating to the prohibition of the imposition of mortgage taxes or any sales or transfer taxes on the mortgage or transfer of real property.,,,Yes,689
Towner,Constitutional Measure No. 3 Relating to repealing the existing Board of Higher Education and to creating a three member commission of higher education appointed by the Governor.,,,No,811
Towner,Constitutional Measure No. 3 Relating to repealing the existing Board of Higher Education and to creating a three member commission of higher education appointed by the Governor.,,,Yes,206
Towner,Constitutional Measure No. 4 Relating to the fiscal impact of measures to initiate constitutional amendments and to the placing of initiated measures on the ballot,,,No,576
Towner,Constitutional Measure No. 4 Relating to the fiscal impact of measures to initiate constitutional amendments and to the placing of initiated measures on the ballot,,,Yes,415
Towner,County Commissioner Towner - District 2,,,Doug Berg,872
Towner,County Commissioner Towner - District 2,,,write-in,17
Towner,County Commissioner Towner - District 4,,,David Lagein,889
Towner,County Commissioner Towner - District 4,,,write-in,14
Towner,County Official Newspaper Towner,,,Towner County Record Herald,845
Towner,County Recorder/Clerk of District Court Towner,,,Jolene D Hoffert,922
Towner,County Recorder/Clerk of District Court Towner,,,write-in,6
Towner,County Sheriff Towner,,,Andrew Hillier,364
Towner,County Sheriff Towner,,,Dustin Kuchar,559
Towner,County Sheriff Towner,,,write-in,48
Towner,County State's Attorney Towner,,,Tom Nikolaisen Jr,871
Towner,County State's Attorney Towner,,,write-in,23
Towner,"Initiated Constitutional Measure No. 5 Constitutional Petition Related to a Clean Water, Wildlife, and Parks Trust and a Clean Water, Wildlife, and Parks Fund",,,No,929
Towner,"Initiated Constitutional Measure No. 5 Constitutional Petition Related to a Clean Water, Wildlife, and Parks Trust and a Clean Water, Wildlife, and Parks Fund",,,Yes,118
Towner,Initiated Statutory Measure No. 6 Relating to Parental Rights and Responsibilities,,,No,673
Towner,Initiated Statutory Measure No. 6 Relating to Parental Rights and Responsibilities,,,Yes,325
Towner,Initiated Statutory Measure No. 7 Relating to the Operation of a Pharmacy,,,No,793
Towner,Initiated Statutory Measure No. 7 Relating to the Operation of a Pharmacy,,,Yes,252
Towner,Initiated Statutory Measure No. 8 Statutory Petition Related to School Classes Beginning After Labor Day,,,No,626
Towner,Initiated Statutory Measure No. 8 Statutory Petition Related to School Classes Beginning After Labor Day,,,Yes,397
Towner,Judge of the District Court No. 3 Northeast,,,Michael G Sturdevant,784
Towner,Judge of the District Court No. 3 Northeast,,,write-in,3
Towner,Judge of the District Court No. 4 Northeast,,,Donovan Foughty,851
Towner,Judge of the District Court No. 4 Northeast,,,write-in,4
Towner,Justice of the Supreme Court,,,Gerald W VandeWalle,794
Towner,Justice of the Supreme Court,,,write-in,5
Towner,Public Service Commissioner,,,write-in,0
Towner,Public Service Commissioner,,DEM,Todd Reisenauer,359
Towner,Public Service Commissioner,,REP,Brian P Kalk,613
Towner,Public Service Commissioner Unexpired 2-Year Term,,,write-in,0
Towner,Public Service Commissioner Unexpired 2-Year Term,,DEM,Tyler Axness,404
Towner,Public Service Commissioner Unexpired 2-Year Term,,REP,Julie Fedorchak,567
Towner,Secretary of State,,,write-in,0
Towner,Secretary of State,,DEM,April Fairfield,349
Towner,Secretary of State,,LIB,Roland Riemers,58
Towner,Secretary of State,,REP,Alvin A (Al) Jaeger,587
Towner,State House,15,,write-in,6
Towner,State House,15,REP,Curt Hofstad,681
Towner,State House,15,REP,Dennis Johnson,730
Towner,State Senate,15,,write-in,8
Towner,State Senate,15,REP,Dave Oehlke,811
Towner,"Supervisor, Soil Conservation District Soil Conservation District",,,Karl Solberg,857
Towner,"Supervisor, Soil Conservation District Soil Conservation District",,,write-in,8
Towner,"Supervisor, Soil Conservation District Unexpired 2-Year Term Soil Conservation District",,,write-in,82
Towner,Tax Commissioner,,,write-in,0
Towner,Tax Commissioner,,DEM,Jason Astrup,420
Towner,Tax Commissioner,,LIB,Anthony Mangnall,53
Towner,Tax Commissioner,,REP,Ryan Rauschenberger,503
Towner,U.S. House,1,,write-in,0
Towner,U.S. House,1,DEM,George Sinner,422
Towner,U.S. House,1,LIB,"Robert J ""Jack"" Seaman",56
Towner,U.S. House,1,REP,Kevin Cramer,552
Traill,Agriculture Commissioner,,,write-in,2
Traill,Agriculture Commissioner,,DEM,Ryan Taylor,1463
Traill,Agriculture Commissioner,,REP,Doug Goehring,1567
Traill,Attorney General,,,write-in,4
Traill,Attorney General,,DEM,Kiara Kraus-Parr,834
Traill,Attorney General,,REP,Wayne Stenehjem,2210
Traill,Constitutional Measure No. 1 Relating to the inalienable rights to life of every human being at every stage of development.,,,No,2143
Traill,Constitutional Measure No. 1 Relating to the inalienable rights to life of every human being at every stage of development.,,,Yes,927
Traill,Constitutional Measure No. 2 Relating to the prohibition of the imposition of mortgage taxes or any sales or transfer taxes on the mortgage or transfer of real property.,,,No,976
Traill,Constitutional Measure No. 2 Relating to the prohibition of the imposition of mortgage taxes or any sales or transfer taxes on the mortgage or transfer of real property.,,,Yes,2069
Traill,Constitutional Measure No. 3 Relating to repealing the existing Board of Higher Education and to creating a three member commission of higher education appointed by the Governor.,,,No,2396
Traill,Constitutional Measure No. 3 Relating to repealing the existing Board of Higher Education and to creating a three member commission of higher education appointed by the Governor.,,,Yes,609
Traill,Constitutional Measure No. 4 Relating to the fiscal impact of measures to initiate constitutional amendments and to the placing of initiated measures on the ballot,,,No,1839
Traill,Constitutional Measure No. 4 Relating to the fiscal impact of measures to initiate constitutional amendments and to the placing of initiated measures on the ballot,,,Yes,1123
Traill,County Auditor Traill,,,Rebecca M Braaten,2815
Traill,County Auditor Traill,,,write-in,8
Traill,County Clerk of District Court Traill,,,Paulette Bowersox,2722
Traill,County Clerk of District Court Traill,,,write-in,6
Traill,County Commissioner Traill - District 1,,,Mike Crocker,291
Traill,County Commissioner Traill - District 1,,,Thomas Eblen,327
Traill,County Commissioner Traill - District 1,,,write-in,4
Traill,County Commissioner Traill - District 3,,,Gail Mooney,228
Traill,County Commissioner Traill - District 3,,,Kendall Nesvig,392
Traill,County Commissioner Traill - District 3,,,write-in,3
Traill,County Commissioner Traill - District 5,,,Leslie (Les) Amb,565
Traill,County Commissioner Traill - District 5,,,write-in,5
Traill,County Official Newspaper Traill,,,Hillsboro Banner,1292
Traill,County Official Newspaper Traill,,,Traill County Tribune,1749
Traill,County Recorder Traill,,,Marlene Eblen,2731
Traill,County Recorder Traill,,,write-in,9
Traill,County Sheriff Traill,,,Steve Hunt,2844
Traill,County Sheriff Traill,,,write-in,18
Traill,County State's Attorney Traill,,,Stuart A Larson,2507
Traill,County State's Attorney Traill,,,write-in,139
Traill,County Treasurer Traill,,,Connie M Weber,2740
Traill,County Treasurer Traill,,,write-in,8
Traill,"Director, Garrison Diversion Conservancy Traill",,,Bill Krivarchka,2675
Traill,"Director, Garrison Diversion Conservancy Traill",,,write-in,12
Traill,Farm to Market Mill Levy Increase Traill,,,No,1240
Traill,Farm to Market Mill Levy Increase Traill,,,Yes,1739
Traill,"Initiated Constitutional Measure No. 5 Constitutional Petition Related to a Clean Water, Wildlife, and Parks Trust and a Clean Water, Wildlife, and Parks Fund",,,No,2398
Traill,"Initiated Constitutional Measure No. 5 Constitutional Petition Related to a Clean Water, Wildlife, and Parks Trust and a Clean Water, Wildlife, and Parks Fund",,,Yes,659
Traill,Initiated Statutory Measure No. 6 Relating to Parental Rights and Responsibilities,,,No,1938
Traill,Initiated Statutory Measure No. 6 Relating to Parental Rights and Responsibilities,,,Yes,1050
Traill,Initiated Statutory Measure No. 7 Relating to the Operation of a Pharmacy,,,No,2146
Traill,Initiated Statutory Measure No. 7 Relating to the Operation of a Pharmacy,,,Yes,912
Traill,Initiated Statutory Measure No. 8 Statutory Petition Related to School Classes Beginning After Labor Day,,,No,1686
Traill,Initiated Statutory Measure No. 8 Statutory Petition Related to School Classes Beginning After Labor Day,,,Yes,1356
Traill,Judge of the District Court No. 1 East Central,,,Susan L Bailey,1590
Traill,Judge of the District Court No. 1 East Central,,,Tristan Van de Streek,1102
Traill,Judge of the District Court No. 1 East Central,,,write-in,2
Traill,Judge of the District Court No. 5 East Central,,,Frank L Racek,2613
Traill,Judge of the District Court No. 5 East Central,,,write-in,8
Traill,Judge of the District Court No. 7 East Central,,,Wade Webb,2632
Traill,Judge of the District Court No. 7 East Central,,,write-in,9
Traill,Justice of the Supreme Court,,,Gerald W VandeWalle,2629
Traill,Justice of the Supreme Court,,,write-in,21
Traill,Property Tax Exemptions Hatton,,,No,73
Traill,Property Tax Exemptions Hatton,,,Yes,158
Traill,Property Tax Exemptions Hillsboro,,,No,224
Traill,Property Tax Exemptions Hillsboro,,,Yes,386
Traill,Property Tax Exemptions Mayville,,,No,234
Traill,Property Tax Exemptions Mayville,,,Yes,336
Traill,Property Tax Exemptions Traill,,,No,1325
Traill,Property Tax Exemptions Traill,,,Yes,1676
Traill,Public Service Commissioner,,,write-in,3
Traill,Public Service Commissioner,,DEM,Todd Reisenauer,1118
Traill,Public Service Commissioner,,REP,Brian P Kalk,1839
Traill,Public Service Commissioner Unexpired 2-Year Term,,,write-in,4
Traill,Public Service Commissioner Unexpired 2-Year Term,,DEM,Tyler Axness,1193
Traill,Public Service Commissioner Unexpired 2-Year Term,,REP,Julie Fedorchak,1756
Traill,Secretary of State,,,write-in,2
Traill,Secretary of State,,DEM,April Fairfield,1149
Traill,Secretary of State,,LIB,Roland Riemers,108
Traill,Secretary of State,,REP,Alvin A (Al) Jaeger,1770
Traill,"Supervisor, Soil Conservation District Soil Conservation",,,Mark Osland,2757
Traill,"Supervisor, Soil Conservation District Soil Conservation",,,write-in,5
Traill,Tax Commissioner,,,write-in,3
Traill,Tax Commissioner,,DEM,Jason Astrup,1350
Traill,Tax Commissioner,,LIB,Anthony Mangnall,140
Traill,Tax Commissioner,,REP,Ryan Rauschenberger,1474
Traill,U.S. House,1,,write-in,3
Traill,U.S. House,1,DEM,George Sinner,1481
Traill,U.S. House,1,LIB,"Robert J ""Jack"" Seaman",150
Traill,U.S. House,1,REP,Kevin Cramer,1433
Walsh,Agriculture Commissioner,,,write-in,4
Walsh,Agriculture Commissioner,,DEM,Ryan Taylor,1709
Walsh,Agriculture Commissioner,,REP,Doug Goehring,2248
Walsh,Attorney General,,,write-in,4
Walsh,Attorney General,,DEM,Kiara Kraus-Parr,993
Walsh,Attorney General,,REP,Wayne Stenehjem,2955
Walsh,Constitutional Measure No. 1 Relating to the inalienable rights to life of every human being at every stage of development.,,,No,2064
Walsh,Constitutional Measure No. 1 Relating to the inalienable rights to life of every human being at every stage of development.,,,Yes,1939
Walsh,Constitutional Measure No. 2 Relating to the prohibition of the imposition of mortgage taxes or any sales or transfer taxes on the mortgage or transfer of real property.,,,No,835
Walsh,Constitutional Measure No. 2 Relating to the prohibition of the imposition of mortgage taxes or any sales or transfer taxes on the mortgage or transfer of real property.,,,Yes,3135
Walsh,Constitutional Measure No. 3 Relating to repealing the existing Board of Higher Education and to creating a three member commission of higher education appointed by the Governor.,,,No,2613
Walsh,Constitutional Measure No. 3 Relating to repealing the existing Board of Higher Education and to creating a three member commission of higher education appointed by the Governor.,,,Yes,1231
Walsh,Constitutional Measure No. 4 Relating to the fiscal impact of measures to initiate constitutional amendments and to the placing of initiated measures on the ballot,,,No,1966
Walsh,Constitutional Measure No. 4 Relating to the fiscal impact of measures to initiate constitutional amendments and to the placing of initiated measures on the ballot,,,Yes,1780
Walsh,County Commissioner Walsh,,,Allen Ruzicka,1895
Walsh,County Commissioner Walsh,,,Ernie Barta,2383
Walsh,County Commissioner Walsh,,,Lawrence Burianek,2316
Walsh,County Commissioner Walsh,,,Loren Moe,1296
Walsh,County Commissioner Walsh,,,Luther Meberg,2085
Walsh,County Commissioner Walsh,,,write-in,54
Walsh,County Official Newspaper Walsh,,,The Walsh County Record,3313
Walsh,County Recorder Walsh,,,Diane M Link,3323
Walsh,County Recorder Walsh,,,write-in,7
Walsh,County Sheriff Walsh,,,Ron Jurgens,3422
Walsh,County Sheriff Walsh,,,write-in,90
Walsh,County State's Attorney Walsh,,,Barbara L Whelan,3352
Walsh,County State's Attorney Walsh,,,write-in,50
Walsh,County Treasurer Walsh,,,Carole DeMars,1336
Walsh,County Treasurer Walsh,,,Jill Trenda,2535
Walsh,County Treasurer Walsh,,,write-in,7
Walsh,Grafton City Sales Tax Grafton,,,No,521
Walsh,Grafton City Sales Tax Grafton,,,Yes,733
Walsh,Grafton Property Tax Exemption Grafton,,,No,526
Walsh,Grafton Property Tax Exemption Grafton,,,Yes,718
Walsh,"Initiated Constitutional Measure No. 5 Constitutional Petition Related to a Clean Water, Wildlife, and Parks Trust and a Clean Water, Wildlife, and Parks Fund",,,No,3137
Walsh,"Initiated Constitutional Measure No. 5 Constitutional Petition Related to a Clean Water, Wildlife, and Parks Trust and a Clean Water, Wildlife, and Parks Fund",,,Yes,856
Walsh,Initiated Statutory Measure No. 6 Relating to Parental Rights and Responsibilities,,,No,2258
Walsh,Initiated Statutory Measure No. 6 Relating to Parental Rights and Responsibilities,,,Yes,1656
Walsh,Initiated Statutory Measure No. 7 Relating to the Operation of a Pharmacy,,,No,2651
Walsh,Initiated Statutory Measure No. 7 Relating to the Operation of a Pharmacy,,,Yes,1333
Walsh,Initiated Statutory Measure No. 8 Statutory Petition Related to School Classes Beginning After Labor Day,,,No,2106
Walsh,Initiated Statutory Measure No. 8 Statutory Petition Related to School Classes Beginning After Labor Day,,,Yes,1836
Walsh,Judge of the District Court No. 3 Northeast,,,Michael G Sturdevant,3052
Walsh,Judge of the District Court No. 3 Northeast,,,write-in,12
Walsh,Judge of the District Court No. 4 Northeast,,,Donovan Foughty,3042
Walsh,Judge of the District Court No. 4 Northeast,,,write-in,14
Walsh,Justice of the Supreme Court,,,Gerald W VandeWalle,3067
Walsh,Justice of the Supreme Court,,,write-in,18
Walsh,Property Tax Exemptions for Retail Sector Projects Park River,,,No,186
Walsh,Property Tax Exemptions for Retail Sector Projects Park River,,,Yes,359
Walsh,Public Service Commissioner,,,write-in,4
Walsh,Public Service Commissioner,,DEM,Todd Reisenauer,1281
Walsh,Public Service Commissioner,,REP,Brian P Kalk,2536
Walsh,Public Service Commissioner Unexpired 2-Year Term,,,write-in,5
Walsh,Public Service Commissioner Unexpired 2-Year Term,,DEM,Tyler Axness,1301
Walsh,Public Service Commissioner Unexpired 2-Year Term,,REP,Julie Fedorchak,2496
Walsh,Secretary of State,,,write-in,5
Walsh,Secretary of State,,DEM,April Fairfield,1182
Walsh,Secretary of State,,LIB,Roland Riemers,178
Walsh,Secretary of State,,REP,Alvin A (Al) Jaeger,2533
Walsh,State House,19,,write-in,17
Walsh,State House,19,DEM,Carol Gierszewski,1087
Walsh,State House,19,REP,Gary Paur,1539
Walsh,State House,19,REP,Wayne A Trottier,1451
Walsh,State Senate,19,,write-in,7
Walsh,State Senate,19,DEM,"Robert ""Tork"" Kilichowski",1001
Walsh,State Senate,19,REP,Tom Campbell,1659
Walsh,"Supervisor, Soil Conservation District Soil Conservation",,,write-in,502
Walsh,Tax Commissioner,,,write-in,1
Walsh,Tax Commissioner,,DEM,Jason Astrup,1549
Walsh,Tax Commissioner,,LIB,Anthony Mangnall,192
Walsh,Tax Commissioner,,REP,Ryan Rauschenberger,2045
Walsh,U.S. House,1,,write-in,6
Walsh,U.S. House,1,DEM,George Sinner,1721
Walsh,U.S. House,1,LIB,"Robert J ""Jack"" Seaman",176
Walsh,U.S. House,1,REP,Kevin Cramer,2104
Ward,Agriculture Commissioner,,,write-in,37
Ward,Agriculture Commissioner,,DEM,Ryan Taylor,7224
Ward,Agriculture Commissioner,,REP,Doug Goehring,11476
Ward,Attorney General,,,write-in,33
Ward,Attorney General,,DEM,Kiara Kraus-Parr,4107
Ward,Attorney General,,REP,Wayne Stenehjem,14595
Ward,Constitutional Measure No. 1 Relating to the inalienable rights to life of every human being at every stage of development.,,,No,11992
Ward,Constitutional Measure No. 1 Relating to the inalienable rights to life of every human being at every stage of development.,,,Yes,7097
Ward,Constitutional Measure No. 2 Relating to the prohibition of the imposition of mortgage taxes or any sales or transfer taxes on the mortgage or transfer of real property.,,,No,3749
Ward,Constitutional Measure No. 2 Relating to the prohibition of the imposition of mortgage taxes or any sales or transfer taxes on the mortgage or transfer of real property.,,,Yes,15235
Ward,Constitutional Measure No. 3 Relating to repealing the existing Board of Higher Education and to creating a three member commission of higher education appointed by the Governor.,,,No,14312
Ward,Constitutional Measure No. 3 Relating to repealing the existing Board of Higher Education and to creating a three member commission of higher education appointed by the Governor.,,,Yes,4348
Ward,Constitutional Measure No. 4 Relating to the fiscal impact of measures to initiate constitutional amendments and to the placing of initiated measures on the ballot,,,No,9971
Ward,Constitutional Measure No. 4 Relating to the fiscal impact of measures to initiate constitutional amendments and to the placing of initiated measures on the ballot,,,Yes,8484
Ward,Council Member Unexpired 2-Year Term Minot Ward 4,,,Rick Hedberg,1685
Ward,Council Member Unexpired 2-Year Term Minot Ward 4,,,Wes (Mac) Magaster,444
Ward,Council Member Unexpired 2-Year Term Minot Ward 4,,,write-in,10
Ward,County Commissioner Ward,,,John Fjeldahl,11768
Ward,County Commissioner Ward,,,Kari Lee Conrad,9192
Ward,County Commissioner Ward,,,Larry Louser,10019
Ward,County Commissioner Ward,,,write-in,151
Ward,County Official Newspaper Ward,,,Minot Daily News,14961
Ward,County Sheriff Ward,,,Steve P Kukowski,16361
Ward,County Sheriff Ward,,,write-in,219
Ward,County State's Attorney Ward,,,Rozanna (Roza) C Larson,15422
Ward,County State's Attorney Ward,,,write-in,222
Ward,"Director, Garrison Diversion Conservancy Ward",,,Alan Walter,15289
Ward,"Director, Garrison Diversion Conservancy Ward",,,write-in,172
Ward,"Initiated Constitutional Measure No. 5 Constitutional Petition Related to a Clean Water, Wildlife, and Parks Trust and a Clean Water, Wildlife, and Parks Fund",,,No,15898
Ward,"Initiated Constitutional Measure No. 5 Constitutional Petition Related to a Clean Water, Wildlife, and Parks Trust and a Clean Water, Wildlife, and Parks Fund",,,Yes,3166
Ward,Initiated Statutory Measure No. 6 Relating to Parental Rights and Responsibilities,,,No,11451
Ward,Initiated Statutory Measure No. 6 Relating to Parental Rights and Responsibilities,,,Yes,7136
Ward,Initiated Statutory Measure No. 7 Relating to the Operation of a Pharmacy,,,No,9318
Ward,Initiated Statutory Measure No. 7 Relating to the Operation of a Pharmacy,,,Yes,9711
Ward,Initiated Statutory Measure No. 8 Statutory Petition Related to School Classes Beginning After Labor Day,,,No,10367
Ward,Initiated Statutory Measure No. 8 Statutory Petition Related to School Classes Beginning After Labor Day,,,Yes,8411
Ward,Judge of the District Court No. 1 North Central,,,Doug Mattson,15991
Ward,Judge of the District Court No. 1 North Central,,,write-in,213
Ward,Justice of the Supreme Court,,,Gerald W VandeWalle,15636
Ward,Justice of the Supreme Court,,,write-in,143
Ward,Property Tax Exemptions Burlington,,,No,175
Ward,Property Tax Exemptions Burlington,,,Yes,131
Ward,Public Service Commissioner,,,write-in,35
Ward,Public Service Commissioner,,DEM,Todd Reisenauer,5855
Ward,Public Service Commissioner,,REP,Brian P Kalk,12364
Ward,Public Service Commissioner Unexpired 2-Year Term,,,write-in,37
Ward,Public Service Commissioner Unexpired 2-Year Term,,DEM,Tyler Axness,5402
Ward,Public Service Commissioner Unexpired 2-Year Term,,REP,Julie Fedorchak,12843
Ward,Secretary of State,,,write-in,30
Ward,Secretary of State,,DEM,April Fairfield,4849
Ward,Secretary of State,,LIB,Roland Riemers,1023
Ward,Secretary of State,,REP,Alvin A (Al) Jaeger,12727
Ward,State House,3,,write-in,12
Ward,State House,3,DEM,Cindy Wilhelm,1459
Ward,State House,3,DEM,Lee A Snyder,1403
Ward,State House,3,REP,Andrew Maragos,2815
Ward,State House,3,REP,Roscoe Streyle,2465
Ward,State House,5,,write-in,24
Ward,State House,5,DEM,Heidi Elise Rintoul,1376
Ward,State House,5,DEM,Judy Vendsel,1455
Ward,State House,5,REP,Roger Brabandt,2746
Ward,State House,5,REP,Scott Louser,3249
Ward,State Senate,3,,write-in,12
Ward,State Senate,3,DEM,Lisa Wolf,1934
Ward,State Senate,3,REP,Oley Larsen,2510
Ward,State Senate,5,,write-in,14
Ward,State Senate,5,DEM,Bill Klimpel,1305
Ward,State Senate,5,REP,Randy Burckhard,3487
Ward,"Supervisor, Soil Conservation District Soil Conservation",,,Gail Yuly,15524
Ward,"Supervisor, Soil Conservation District Soil Conservation",,,write-in,92
Ward,Tax Commissioner,,,write-in,28
Ward,Tax Commissioner,,DEM,Jason Astrup,5308
Ward,Tax Commissioner,,LIB,Anthony Mangnall,1254
Ward,Tax Commissioner,,REP,Ryan Rauschenberger,11728
Ward,U.S. House,1,,write-in,34
Ward,U.S. House,1,DEM,George Sinner,5944
Ward,U.S. House,1,LIB,"Robert J ""Jack"" Seaman",1053
Ward,U.S. House,1,REP,Kevin Cramer,11862
Wells,Agriculture Commissioner,,,write-in,0
Wells,Agriculture Commissioner,,DEM,Ryan Taylor,798
Wells,Agriculture Commissioner,,REP,Doug Goehring,1311
Wells,Attorney General,,,write-in,0
Wells,Attorney General,,DEM,Kiara Kraus-Parr,416
Wells,Attorney General,,REP,Wayne Stenehjem,1678
Wells,Constitutional Measure No. 1 Relating to the inalienable rights to life of every human being at every stage of development.,,,No,1229
Wells,Constitutional Measure No. 1 Relating to the inalienable rights to life of every human being at every stage of development.,,,Yes,890
Wells,Constitutional Measure No. 2 Relating to the prohibition of the imposition of mortgage taxes or any sales or transfer taxes on the mortgage or transfer of real property.,,,No,508
Wells,Constitutional Measure No. 2 Relating to the prohibition of the imposition of mortgage taxes or any sales or transfer taxes on the mortgage or transfer of real property.,,,Yes,1615
Wells,Constitutional Measure No. 3 Relating to repealing the existing Board of Higher Education and to creating a three member commission of higher education appointed by the Governor.,,,No,1591
Wells,Constitutional Measure No. 3 Relating to repealing the existing Board of Higher Education and to creating a three member commission of higher education appointed by the Governor.,,,Yes,475
Wells,Constitutional Measure No. 4 Relating to the fiscal impact of measures to initiate constitutional amendments and to the placing of initiated measures on the ballot,,,No,1175
Wells,Constitutional Measure No. 4 Relating to the fiscal impact of measures to initiate constitutional amendments and to the placing of initiated measures on the ballot,,,Yes,872
Wells,County Auditor Wells,,,Janell Rudel,1913
Wells,County Auditor Wells,,,write-in,12
Wells,County Commissioner District 2 Wells - District 2,,,Mychal L Neumiller,761
Wells,County Commissioner District 2 Wells - District 2,,,Randi Suckut,1232
Wells,County Commissioner District 2 Wells - District 2,,,write-in,2
Wells,County Commissioner District 4 Wells - District 4,,,Dennis T Dockter,1831
Wells,County Commissioner District 4 Wells - District 4,,,write-in,4
Wells,County Official Newspaper Wells,,,The Herald-Press,1865
Wells,County Recorder Wells,,,Carrie K Krause,1898
Wells,County Recorder Wells,,,write-in,7
Wells,County Sheriff Wells,,,Jeff Roehrich,992
Wells,County Sheriff Wells,,,Johnny Z Lawson,1100
Wells,County Sheriff Wells,,,write-in,14
Wells,County State's Attorney Wells,,,Kathleen K Murray,1701
Wells,County State's Attorney Wells,,,write-in,60
Wells,County Treasurer Wells,,,Joyce R Larson,1922
Wells,County Treasurer Wells,,,write-in,3
Wells,"Director, Garrison Diversion Conservancy Wells",,,Bill Ongstad,1863
Wells,"Director, Garrison Diversion Conservancy Wells",,,write-in,6
Wells,Fessenden Tax Exemption Fessenden,,,No,108
Wells,Fessenden Tax Exemption Fessenden,,,Yes,165
Wells,Harvey Tax Exemption Harvey,,,No,435
Wells,Harvey Tax Exemption Harvey,,,Yes,378
Wells,"Initiated Constitutional Measure No. 5 Constitutional Petition Related to a Clean Water, Wildlife, and Parks Trust and a Clean Water, Wildlife, and Parks Fund",,,No,1893
Wells,"Initiated Constitutional Measure No. 5 Constitutional Petition Related to a Clean Water, Wildlife, and Parks Trust and a Clean Water, Wildlife, and Parks Fund",,,Yes,242
Wells,Initiated Statutory Measure No. 6 Relating to Parental Rights and Responsibilities,,,No,1403
Wells,Initiated Statutory Measure No. 6 Relating to Parental Rights and Responsibilities,,,Yes,655
Wells,Initiated Statutory Measure No. 7 Relating to the Operation of a Pharmacy,,,No,1586
Wells,Initiated Statutory Measure No. 7 Relating to the Operation of a Pharmacy,,,Yes,548
Wells,Initiated Statutory Measure No. 8 Statutory Petition Related to School Classes Beginning After Labor Day,,,No,1289
Wells,Initiated Statutory Measure No. 8 Statutory Petition Related to School Classes Beginning After Labor Day,,,Yes,801
Wells,Judge of the District Court No. 4 Unexpired 2-Year Term Southeast,,,James D Hovey,1771
Wells,Judge of the District Court No. 4 Unexpired 2-Year Term Southeast,,,write-in,9
Wells,Justice of the Supreme Court,,,Gerald W VandeWalle,1730
Wells,Justice of the Supreme Court,,,write-in,5
Wells,Public Service Commissioner,,,write-in,0
Wells,Public Service Commissioner,,DEM,Todd Reisenauer,624
Wells,Public Service Commissioner,,REP,Brian P Kalk,1409
Wells,Public Service Commissioner Unexpired 2-Year Term,,,write-in,1
Wells,Public Service Commissioner Unexpired 2-Year Term,,DEM,Tyler Axness,567
Wells,Public Service Commissioner Unexpired 2-Year Term,,REP,Julie Fedorchak,1461
Wells,Secretary of State,,,write-in,0
Wells,Secretary of State,,DEM,April Fairfield,500
Wells,Secretary of State,,LIB,Roland Riemers,84
Wells,Secretary of State,,REP,Alvin A (Al) Jaeger,1499
Wells,"Supervisor, Soil Conservation District Soil Conservation",,,Mick Thompson,1794
Wells,"Supervisor, Soil Conservation District Soil Conservation",,,write-in,9
Wells,Tax Commissioner,,,write-in,2
Wells,Tax Commissioner,,DEM,Jason Astrup,570
Wells,Tax Commissioner,,LIB,Anthony Mangnall,82
Wells,Tax Commissioner,,REP,Ryan Rauschenberger,1351
Wells,U.S. House,1,,write-in,1
Wells,U.S. House,1,DEM,George Sinner,686
Wells,U.S. House,1,LIB,"Robert J ""Jack"" Seaman",61
Wells,U.S. House,1,REP,Kevin Cramer,1373
Williams,Agriculture Commissioner,,,write-in,12
Williams,Agriculture Commissioner,,DEM,Ryan Taylor,2159
Williams,Agriculture Commissioner,,REP,Doug Goehring,4649
Williams,Attorney General,,,write-in,13
Williams,Attorney General,,DEM,Kiara Kraus-Parr,1188
Williams,Attorney General,,REP,Wayne Stenehjem,5660
Williams,City Charter Amendment Williston,,,No,2665
Williams,City Charter Amendment Williston,,,Yes,1531
Williams,Constitutional Measure No. 1 Relating to the inalienable rights to life of every human being at every stage of development.,,,No,4341
Williams,Constitutional Measure No. 1 Relating to the inalienable rights to life of every human being at every stage of development.,,,Yes,2665
Williams,Constitutional Measure No. 2 Relating to the prohibition of the imposition of mortgage taxes or any sales or transfer taxes on the mortgage or transfer of real property.,,,No,1718
Williams,Constitutional Measure No. 2 Relating to the prohibition of the imposition of mortgage taxes or any sales or transfer taxes on the mortgage or transfer of real property.,,,Yes,5194
Williams,Constitutional Measure No. 3 Relating to repealing the existing Board of Higher Education and to creating a three member commission of higher education appointed by the Governor.,,,No,5192
Williams,Constitutional Measure No. 3 Relating to repealing the existing Board of Higher Education and to creating a three member commission of higher education appointed by the Governor.,,,Yes,1560
Williams,Constitutional Measure No. 4 Relating to the fiscal impact of measures to initiate constitutional amendments and to the placing of initiated measures on the ballot,,,No,3499
Williams,Constitutional Measure No. 4 Relating to the fiscal impact of measures to initiate constitutional amendments and to the placing of initiated measures on the ballot,,,Yes,3169
Williams,County Auditor Williams,,,Beth M Innis,5936
Williams,County Auditor Williams,,,write-in,37
Williams,County Commissioner Williams - District 1,,,Greg Mahloch,479
Williams,County Commissioner Williams - District 1,,,Martin Hanson,599
Williams,County Commissioner Williams - District 1,,,write-in,8
Williams,County Commissioner Williams - District 3,,,Wayne A Aberle,1121
Williams,County Commissioner Williams - District 3,,,write-in,9
Williams,County Commissioner Williams - District 5,,,Barry Ramberg,1369
Williams,County Commissioner Williams - District 5,,,write-in,44
Williams,County Official Newspaper Williams,,,Williston Herald,5372
Williams,County Sheriff Williams,,,Scott Busching,5993
Williams,County Sheriff Williams,,,write-in,73
Williams,County State's Attorney Williams,,,Marlyce Wilder,5600
Williams,County State's Attorney Williams,,,write-in,116
Williams,County Treasurer/Recorder Williams,,,Kari Rognlien-Evenson,5846
Williams,County Treasurer/Recorder Williams,,,write-in,29
Williams,"Initiated Constitutional Measure No. 5 Constitutional Petition Related to a Clean Water, Wildlife, and Parks Trust and a Clean Water, Wildlife, and Parks Fund",,,No,6011
Williams,"Initiated Constitutional Measure No. 5 Constitutional Petition Related to a Clean Water, Wildlife, and Parks Trust and a Clean Water, Wildlife, and Parks Fund",,,Yes,992
Williams,Initiated Statutory Measure No. 6 Relating to Parental Rights and Responsibilities,,,No,3778
Williams,Initiated Statutory Measure No. 6 Relating to Parental Rights and Responsibilities,,,Yes,2990
Williams,Initiated Statutory Measure No. 7 Relating to the Operation of a Pharmacy,,,No,3841
Williams,Initiated Statutory Measure No. 7 Relating to the Operation of a Pharmacy,,,Yes,3113
Williams,Initiated Statutory Measure No. 8 Statutory Petition Related to School Classes Beginning After Labor Day,,,No,3976
Williams,Initiated Statutory Measure No. 8 Statutory Petition Related to School Classes Beginning After Labor Day,,,Yes,2859
Williams,Judge of the District Court No. 2 Northwest,,,David W Nelson,5615
Williams,Judge of the District Court No. 2 Northwest,,,write-in,110
Williams,Justice of the Supreme Court,,,Gerald W VandeWalle,5546
Williams,Justice of the Supreme Court,,,write-in,45
Williams,New/Expanding Businesses Exemptions Williston,,,No,2934
Williams,New/Expanding Businesses Exemptions Williston,,,Yes,1419
Williams,Public Safety 1.0% Sales/Use Tax Williams,,,No,3039
Williams,Public Safety 1.0% Sales/Use Tax Williams,,,Yes,3847
Williams,Public Service Commissioner,,,write-in,9
Williams,Public Service Commissioner,,DEM,Todd Reisenauer,1621
Williams,Public Service Commissioner,,REP,Brian P Kalk,4982
Williams,Public Service Commissioner Unexpired 2-Year Term,,,write-in,6
Williams,Public Service Commissioner Unexpired 2-Year Term,,DEM,Tyler Axness,1566
Williams,Public Service Commissioner Unexpired 2-Year Term,,REP,Julie Fedorchak,5054
Williams,Secretary of State,,,write-in,6
Williams,Secretary of State,,DEM,April Fairfield,1442
Williams,Secretary of State,,LIB,Roland Riemers,420
Williams,Secretary of State,,REP,Alvin A (Al) Jaeger,4934
Williams,State House,1,,write-in,31
Williams,State House,1,DEM,Joseph E Adducci,1440
Williams,State House,1,REP,Gary Sukut,2622
Williams,State House,1,REP,Patrick Hatlestad,2465
Williams,State Senate,1,,write-in,42
Williams,State Senate,1,REP,Brad Bekkedahl,3632
Williams,"Supervisor, Soil Conservation District Soil Conservation",,,Tammy Muller,5495
Williams,"Supervisor, Soil Conservation District Soil Conservation",,,write-in,29
Williams,"Supervisor, Soil Conservation District Unexpired 2-Year Term Soil Conservation",,,Wayne Berry,5593
Williams,"Supervisor, Soil Conservation District Unexpired 2-Year Term Soil Conservation",,,write-in,27
Williams,Tax Commissioner,,,write-in,10
Williams,Tax Commissioner,,DEM,Jason Astrup,1770
Williams,Tax Commissioner,,LIB,Anthony Mangnall,553
Williams,Tax Commissioner,,REP,Ryan Rauschenberger,4293
Williams,U.S. House,1,,write-in,9
Williams,U.S. House,1,DEM,George Sinner,1842
Williams,U.S. House,1,LIB,"Robert J ""Jack"" Seaman",452
Williams,U.S. House,1,REP,Kevin Cramer,4619
