county,office,district,party,candidate,votes
Adams,Agriculture Commissioner,,DEM,Roger Johnson,590
Adams,Agriculture Commissioner,,REP,Doug Goehring,651
Adams,Attorney General,,DEM,Bruce Schoenwald,308
Adams,Attorney General,,REP,Wayne Stenehjem,943
Adams,C 1: The definition of marriage.,,,No,228
Adams,C 1: The definition of marriage.,,,Yes,1044
Adams,Governor and Lt. Governor,,,John Hoeven & Jack Dalrymple,984
Adams,Governor and Lt. Governor,,,Joseph A Satrom & Deb Mathern,278
Adams,Governor and Lt. Governor,,,Roland Riemers & Mitchell Sanderson,20
Adams,Insurance Commissioner,,DEM,Terry Barnes,492
Adams,Insurance Commissioner,,REP,Jim Poolman,730
Adams,Justice of the Supreme Court,,,Gerald W VandeWalle,1088
Adams,President and Vice President,,,George W Bush and Dick Cheney,915
Adams,President and Vice President,,,John F Kerry and John Edwards,353
Adams,President and Vice President,,,Martin Wishnatsky and Andrew Vanyo,0
Adams,President and Vice President,,,Michael A Peroutka and Chuck Baldwin,5
Adams,President and Vice President,,,Michael Badnarik and Richard Campagna,3
Adams,President and Vice President,,,Ralph Nader and Peter Camejo,15
Adams,Public Service Commissioner,,DEM,Ron Gumeringer,332
Adams,Public Service Commissioner,,REP,Kevin Cramer,890
Adams,Secretary of State,,DEM,Douglas Melby,378
Adams,Secretary of State,,REP,Alvin A (Al) Jaeger,865
Adams,State Auditor,,DEM,Brent Edison,360
Adams,State Auditor,,REP,Robert R (Bob) Peterson,871
Adams,State Treasurer,,DEM,Dean Meyer,515
Adams,State Treasurer,,REP,Kelly Schmidt,722
Adams,Superintendent of Public Instruction,,,Keith Jacobson,450
Adams,Superintendent of Public Instruction,,,Wayne G Sanstead,759
Adams,Tax Commissioner,,DEM,Mike Every,346
Adams,Tax Commissioner,,REP,Rick Clayburgh,899
Adams,U.S. House,1,DEM,Earl Pomeroy,697
Adams,U.S. House,1,REP,Duane Sand,583
Adams,U.S. Senate,,DEM,Byron L Dorgan,804
Adams,U.S. Senate,,REP,Mike Liffrig,477
Barnes,Agriculture Commissioner,,DEM,Roger Johnson,2958
Barnes,Agriculture Commissioner,,REP,Doug Goehring,2648
Barnes,Attorney General,,DEM,Bruce Schoenwald,1596
Barnes,Attorney General,,REP,Wayne Stenehjem,4061
Barnes,C 1: The definition of marriage.,,,No,1361
Barnes,C 1: The definition of marriage.,,,Yes,4334
Barnes,Governor and Lt. Governor,,,John Hoeven & Jack Dalrymple,4121
Barnes,Governor and Lt. Governor,,,Joseph A Satrom & Deb Mathern,1597
Barnes,Governor and Lt. Governor,,,Roland Riemers & Mitchell Sanderson,66
Barnes,Insurance Commissioner,,DEM,Terry Barnes,2202
Barnes,Insurance Commissioner,,REP,Jim Poolman,3332
Barnes,Justice of the Supreme Court,,,Gerald W VandeWalle,4796
Barnes,President and Vice President,,,George W Bush and Dick Cheney,3541
Barnes,President and Vice President,,,John F Kerry and John Edwards,2186
Barnes,President and Vice President,,,Martin Wishnatsky and Andrew Vanyo,0
Barnes,President and Vice President,,,Michael A Peroutka and Chuck Baldwin,13
Barnes,President and Vice President,,,Michael Badnarik and Richard Campagna,9
Barnes,President and Vice President,,,Ralph Nader and Peter Camejo,64
Barnes,Public Service Commissioner,,DEM,Ron Gumeringer,1985
Barnes,Public Service Commissioner,,REP,Kevin Cramer,3541
Barnes,Secretary of State,,DEM,Douglas Melby,1996
Barnes,Secretary of State,,REP,Alvin A (Al) Jaeger,3563
Barnes,State Auditor,,DEM,Brent Edison,2022
Barnes,State Auditor,,REP,Robert R (Bob) Peterson,3534
Barnes,State House Legislative,20,DEM,Lee Kaldor,637
Barnes,State House Legislative,20,DEM,Ole Aarsvold,541
Barnes,State House Legislative,24,DEM,Phillip Mueller,2756
Barnes,State House Legislative,24,DEM,Ralph Metcalf,2731
Barnes,State House Legislative,24,REP,Lyle Thomason,1474
Barnes,State House Legislative,24,REP,Phil Leitner,2093
Barnes,State Senate Legislative District 20,,DEM,Elroy N Lindaas,705
Barnes,State Senate Legislative District 24,,DEM,Larry J Robinson,4046
Barnes,State Treasurer,,DEM,Dean Meyer,2540
Barnes,State Treasurer,,REP,Kelly Schmidt,3028
Barnes,Superintendent of Public Instruction,,,Keith Jacobson,1913
Barnes,Superintendent of Public Instruction,,,Wayne G Sanstead,3517
Barnes,Tax Commissioner,,DEM,Mike Every,1785
Barnes,Tax Commissioner,,REP,Rick Clayburgh,3826
Barnes,U.S. House,1,DEM,Earl Pomeroy,3743
Barnes,U.S. House,1,REP,Duane Sand,2071
Barnes,U.S. Senate,,DEM,Byron L Dorgan,4086
Barnes,U.S. Senate,,REP,Mike Liffrig,1716
Benson,Agriculture Commissioner,,DEM,Roger Johnson,1428
Benson,Agriculture Commissioner,,REP,Doug Goehring,776
Benson,Attorney General,,DEM,Bruce Schoenwald,984
Benson,Attorney General,,REP,Wayne Stenehjem,1231
Benson,C 1: The definition of marriage.,,,No,561
Benson,C 1: The definition of marriage.,,,Yes,1646
Benson,Governor and Lt. Governor,,,John Hoeven & Jack Dalrymple,1257
Benson,Governor and Lt. Governor,,,Joseph A Satrom & Deb Mathern,947
Benson,Governor and Lt. Governor,,,Roland Riemers & Mitchell Sanderson,37
Benson,Insurance Commissioner,,DEM,Terry Barnes,1178
Benson,Insurance Commissioner,,REP,Jim Poolman,990
Benson,Justice of the Supreme Court,,,Gerald W VandeWalle,1842
Benson,President and Vice President,,,George W Bush and Dick Cheney,1002
Benson,President and Vice President,,,John F Kerry and John Edwards,1196
Benson,President and Vice President,,,Martin Wishnatsky and Andrew Vanyo,0
Benson,President and Vice President,,,Michael A Peroutka and Chuck Baldwin,7
Benson,President and Vice President,,,Michael Badnarik and Richard Campagna,15
Benson,President and Vice President,,,Ralph Nader and Peter Camejo,26
Benson,Public Service Commissioner,,DEM,Ron Gumeringer,1249
Benson,Public Service Commissioner,,REP,Kevin Cramer,937
Benson,Secretary of State,,DEM,Douglas Melby,1121
Benson,Secretary of State,,REP,Alvin A (Al) Jaeger,1069
Benson,State Auditor,,DEM,Brent Edison,1148
Benson,State Auditor,,REP,Robert R (Bob) Peterson,1025
Benson,State House Legislative,23,DEM,Joan Heckaman,691
Benson,State House Legislative,23,REP,Donald W Vigesaa,233
Benson,State Treasurer,,DEM,Dean Meyer,1288
Benson,State Treasurer,,REP,Kelly Schmidt,906
Benson,Superintendent of Public Instruction,,,Keith Jacobson,843
Benson,Superintendent of Public Instruction,,,Wayne G Sanstead,1276
Benson,Tax Commissioner,,DEM,Mike Every,1184
Benson,Tax Commissioner,,REP,Rick Clayburgh,1027
Benson,U.S. House,1,DEM,Earl Pomeroy,1613
Benson,U.S. House,1,REP,Duane Sand,632
Benson,U.S. Senate,,DEM,Byron L Dorgan,1724
Benson,U.S. Senate,,REP,Mike Liffrig,531
Billings,Agriculture Commissioner,,DEM,Roger Johnson,230
Billings,Agriculture Commissioner,,REP,Doug Goehring,316
Billings,Attorney General,,DEM,Bruce Schoenwald,99
Billings,Attorney General,,REP,Wayne Stenehjem,452
Billings,C 1: The definition of marriage.,,,No,67
Billings,C 1: The definition of marriage.,,,Yes,497
Billings,Governor and Lt. Governor,,,John Hoeven & Jack Dalrymple,438
Billings,Governor and Lt. Governor,,,Joseph A Satrom & Deb Mathern,115
Billings,Governor and Lt. Governor,,,Roland Riemers & Mitchell Sanderson,7
Billings,Insurance Commissioner,,DEM,Terry Barnes,161
Billings,Insurance Commissioner,,REP,Jim Poolman,377
Billings,Justice of the Supreme Court,,,Gerald W VandeWalle,469
Billings,President and Vice President,,,George W Bush and Dick Cheney,449
Billings,President and Vice President,,,John F Kerry and John Edwards,99
Billings,President and Vice President,,,Martin Wishnatsky and Andrew Vanyo,0
Billings,President and Vice President,,,Michael A Peroutka and Chuck Baldwin,6
Billings,President and Vice President,,,Michael Badnarik and Richard Campagna,1
Billings,President and Vice President,,,Ralph Nader and Peter Camejo,9
Billings,Public Service Commissioner,,DEM,Ron Gumeringer,110
Billings,Public Service Commissioner,,REP,Kevin Cramer,423
Billings,Secretary of State,,DEM,Douglas Melby,123
Billings,Secretary of State,,REP,Alvin A (Al) Jaeger,416
Billings,State Auditor,,DEM,Brent Edison,134
Billings,State Auditor,,REP,Robert R (Bob) Peterson,407
Billings,State Treasurer,,DEM,Dean Meyer,187
Billings,State Treasurer,,REP,Kelly Schmidt,360
Billings,Superintendent of Public Instruction,,,Keith Jacobson,218
Billings,Superintendent of Public Instruction,,,Wayne G Sanstead,309
Billings,Tax Commissioner,,DEM,Mike Every,121
Billings,Tax Commissioner,,REP,Rick Clayburgh,422
Billings,U.S. House,1,DEM,Earl Pomeroy,227
Billings,U.S. House,1,REP,Duane Sand,333
Billings,U.S. Senate,,DEM,Byron L Dorgan,291
Billings,U.S. Senate,,REP,Mike Liffrig,267
Bottineau,Agriculture Commissioner,,DEM,Roger Johnson,1881
Bottineau,Agriculture Commissioner,,REP,Doug Goehring,1673
Bottineau,Attorney General,,DEM,Bruce Schoenwald,963
Bottineau,Attorney General,,REP,Wayne Stenehjem,2618
Bottineau,C 1: The definition of marriage.,,,No,777
Bottineau,C 1: The definition of marriage.,,,Yes,2770
Bottineau,Governor and Lt. Governor,,,John Hoeven & Jack Dalrymple,2819
Bottineau,Governor and Lt. Governor,,,Joseph A Satrom & Deb Mathern,787
Bottineau,Governor and Lt. Governor,,,Roland Riemers & Mitchell Sanderson,57
Bottineau,Insurance Commissioner,,DEM,Terry Barnes,1174
Bottineau,Insurance Commissioner,,REP,Jim Poolman,2315
Bottineau,Justice of the Supreme Court,,,Gerald W VandeWalle,3148
Bottineau,President and Vice President,,,George W Bush and Dick Cheney,2468
Bottineau,President and Vice President,,,John F Kerry and John Edwards,1168
Bottineau,President and Vice President,,,Martin Wishnatsky and Andrew Vanyo,0
Bottineau,President and Vice President,,,Michael A Peroutka and Chuck Baldwin,2
Bottineau,President and Vice President,,,Michael Badnarik and Richard Campagna,3
Bottineau,President and Vice President,,,Ralph Nader and Peter Camejo,33
Bottineau,Public Service Commissioner,,DEM,Ron Gumeringer,1081
Bottineau,Public Service Commissioner,,REP,Kevin Cramer,2396
Bottineau,Secretary of State,,DEM,Douglas Melby,1100
Bottineau,Secretary of State,,REP,Alvin A (Al) Jaeger,2424
Bottineau,State Auditor,,DEM,Brent Edison,1116
Bottineau,State Auditor,,REP,Robert R (Bob) Peterson,2390
Bottineau,State House Legislative,6,DEM,Bob Hunskor,2168
Bottineau,State House Legislative,6,DEM,Troy Oster,1201
Bottineau,State House Legislative,6,REP,Glen Froseth,1845
Bottineau,State House Legislative,6,REP,Jodie Mjoen,1424
Bottineau,State Senate Legislative District 6,,,"David Paul O""Connell",2437
Bottineau,State Senate Legislative District 6,,REP,Milton Hoyt,1201
Bottineau,State Treasurer,,DEM,Dean Meyer,1417
Bottineau,State Treasurer,,REP,Kelly Schmidt,2105
Bottineau,Superintendent of Public Instruction,,,Keith Jacobson,1502
Bottineau,Superintendent of Public Instruction,,,Wayne G Sanstead,1922
Bottineau,Tax Commissioner,,DEM,Mike Every,989
Bottineau,Tax Commissioner,,REP,Rick Clayburgh,2568
Bottineau,U.S. House,1,DEM,Earl Pomeroy,2006
Bottineau,U.S. House,1,REP,Duane Sand,1564
Bottineau,U.S. Senate,,DEM,Byron L Dorgan,2527
Bottineau,U.S. Senate,,REP,Mike Liffrig,1100
Bowman,Agriculture Commissioner,,DEM,Roger Johnson,775
Bowman,Agriculture Commissioner,,REP,Doug Goehring,895
Bowman,Attorney General,,DEM,Bruce Schoenwald,338
Bowman,Attorney General,,REP,Wayne Stenehjem,1331
Bowman,C 1: The definition of marriage.,,,No,264
Bowman,C 1: The definition of marriage.,,,Yes,1426
Bowman,Governor and Lt. Governor,,,John Hoeven & Jack Dalrymple,1358
Bowman,Governor and Lt. Governor,,,Joseph A Satrom & Deb Mathern,317
Bowman,Governor and Lt. Governor,,,Roland Riemers & Mitchell Sanderson,34
Bowman,Insurance Commissioner,,DEM,Terry Barnes,542
Bowman,Insurance Commissioner,,REP,Jim Poolman,1102
Bowman,Justice of the Supreme Court,,,Gerald W VandeWalle,1481
Bowman,President and Vice President,,,George W Bush and Dick Cheney,1280
Bowman,President and Vice President,,,John F Kerry and John Edwards,397
Bowman,President and Vice President,,,Martin Wishnatsky and Andrew Vanyo,1
Bowman,President and Vice President,,,Michael A Peroutka and Chuck Baldwin,6
Bowman,President and Vice President,,,Michael Badnarik and Richard Campagna,3
Bowman,President and Vice President,,,Ralph Nader and Peter Camejo,29
Bowman,Public Service Commissioner,,DEM,Ron Gumeringer,413
Bowman,Public Service Commissioner,,REP,Kevin Cramer,1236
Bowman,Secretary of State,,DEM,Douglas Melby,438
Bowman,Secretary of State,,REP,Alvin A (Al) Jaeger,1226
Bowman,State Auditor,,DEM,Brent Edison,429
Bowman,State Auditor,,REP,Robert R (Bob) Peterson,1206
Bowman,State Treasurer,,DEM,Dean Meyer,716
Bowman,State Treasurer,,REP,Kelly Schmidt,938
Bowman,Superintendent of Public Instruction,,,Keith Jacobson,636
Bowman,Superintendent of Public Instruction,,,Wayne G Sanstead,978
Bowman,Tax Commissioner,,DEM,Mike Every,375
Bowman,Tax Commissioner,,REP,Rick Clayburgh,1290
Bowman,U.S. House,1,DEM,Earl Pomeroy,835
Bowman,U.S. House,1,REP,Duane Sand,872
Bowman,U.S. Senate,,DEM,Byron L Dorgan,998
Bowman,U.S. Senate,,REP,Mike Liffrig,710
Burke,Agriculture Commissioner,,DEM,Roger Johnson,604
Burke,Agriculture Commissioner,,REP,Doug Goehring,534
Burke,Attorney General,,DEM,Bruce Schoenwald,298
Burke,Attorney General,,REP,Wayne Stenehjem,834
Burke,C 1: The definition of marriage.,,,No,172
Burke,C 1: The definition of marriage.,,,Yes,948
Burke,Governor and Lt. Governor,,,John Hoeven & Jack Dalrymple,894
Burke,Governor and Lt. Governor,,,Joseph A Satrom & Deb Mathern,243
Burke,Governor and Lt. Governor,,,Roland Riemers & Mitchell Sanderson,16
Burke,Insurance Commissioner,,DEM,Terry Barnes,391
Burke,Insurance Commissioner,,REP,Jim Poolman,711
Burke,Justice of the Supreme Court,,,Gerald W VandeWalle,983
Burke,President and Vice President,,,George W Bush and Dick Cheney,808
Burke,President and Vice President,,,John F Kerry and John Edwards,336
Burke,President and Vice President,,,Martin Wishnatsky and Andrew Vanyo,0
Burke,President and Vice President,,,Michael A Peroutka and Chuck Baldwin,3
Burke,President and Vice President,,,Michael Badnarik and Richard Campagna,5
Burke,President and Vice President,,,Ralph Nader and Peter Camejo,13
Burke,Public Service Commissioner,,DEM,Ron Gumeringer,346
Burke,Public Service Commissioner,,REP,Kevin Cramer,760
Burke,Secretary of State,,DEM,Douglas Melby,356
Burke,Secretary of State,,REP,Alvin A (Al) Jaeger,766
Burke,State Auditor,,DEM,Brent Edison,332
Burke,State Auditor,,REP,Robert R (Bob) Peterson,785
Burke,State House Legislative,2,DEM,Bob Stefonowicz,501
Burke,State House Legislative,2,DEM,Dorvan Solberg,465
Burke,State House Legislative,2,REP,Bob Skarphol,607
Burke,State House Legislative,2,REP,Rita Wilhelmi,527
Burke,State Senate Legislative District 2,,DEM,Tim Holte,450
Burke,State Senate Legislative District 2,,REP,John M Andrist,708
Burke,State Treasurer,,DEM,Dean Meyer,473
Burke,State Treasurer,,REP,Kelly Schmidt,641
Burke,Superintendent of Public Instruction,,,Keith Jacobson,514
Burke,Superintendent of Public Instruction,,,Wayne G Sanstead,584
Burke,Tax Commissioner,,DEM,Mike Every,296
Burke,Tax Commissioner,,REP,Rick Clayburgh,828
Burke,U.S. House,1,DEM,Earl Pomeroy,699
Burke,U.S. House,1,REP,Duane Sand,469
Burke,U.S. Senate,,DEM,Byron L Dorgan,838
Burke,U.S. Senate,,REP,Mike Liffrig,335
Burleigh,Agriculture Commissioner,,DEM,Roger Johnson,16423
Burleigh,Agriculture Commissioner,,REP,Doug Goehring,20902
Burleigh,Attorney General,,DEM,Bruce Schoenwald,8478
Burleigh,Attorney General,,REP,Wayne Stenehjem,29307
Burleigh,C 1: The definition of marriage.,,,No,9513
Burleigh,C 1: The definition of marriage.,,,Yes,28472
Burleigh,Governor and Lt. Governor,,,John Hoeven & Jack Dalrymple,27675
Burleigh,Governor and Lt. Governor,,,Joseph A Satrom & Deb Mathern,10369
Burleigh,Governor and Lt. Governor,,,Roland Riemers & Mitchell Sanderson,535
Burleigh,Insurance Commissioner,,DEM,Terry Barnes,8641
Burleigh,Insurance Commissioner,,REP,Jim Poolman,28936
Burleigh,Justice of the Supreme Court,,,Gerald W VandeWalle,32434
Burleigh,President and Vice President,,,George W Bush and Dick Cheney,26577
Burleigh,President and Vice President,,,John F Kerry and John Edwards,11621
Burleigh,President and Vice President,,,Martin Wishnatsky and Andrew Vanyo,1
Burleigh,President and Vice President,,,Michael A Peroutka and Chuck Baldwin,48
Burleigh,President and Vice President,,,Michael Badnarik and Richard Campagna,78
Burleigh,President and Vice President,,,Ralph Nader and Peter Camejo,489
Burleigh,Public Service Commissioner,,DEM,Ron Gumeringer,11163
Burleigh,Public Service Commissioner,,REP,Kevin Cramer,25893
Burleigh,Secretary of State,,DEM,Douglas Melby,10503
Burleigh,Secretary of State,,REP,Alvin A (Al) Jaeger,26828
Burleigh,State Auditor,,DEM,Brent Edison,11566
Burleigh,State Auditor,,REP,Robert R (Bob) Peterson,25375
Burleigh,State House Legislative,14,DEM,Curtis R Wiesz,763
Burleigh,State House Legislative,14,DEM,Karen Volk,917
Burleigh,State House Legislative,14,REP,Duane DeKrey,1155
Burleigh,State House Legislative,14,REP,Robin Weisz,1169
Burleigh,State House Legislative,30,DEM,Aaron Dahle,2139
Burleigh,State House Legislative,30,DEM,Matt Maslowski,2354
Burleigh,State House Legislative,30,REP,Dave Weiler,3892
Burleigh,State House Legislative,30,REP,Ron Carlisle,4167
Burleigh,State House Legislative,32,DEM,Hal Seeberg,2582
Burleigh,State House Legislative,32,DEM,Mary Splichal,2684
Burleigh,State House Legislative,32,REP,Lisa Meier,3790
Burleigh,State House Legislative,32,REP,Mark Dosch,3863
Burleigh,State House Legislative,8,DEM,Ken Baker,1556
Burleigh,State House Legislative,8,DEM,Muriel Kisse,1592
Burleigh,State House Legislative,8,REP,Dwight Wrangham,2610
Burleigh,State House Legislative,8,REP,Jeff Delzer,2858
Burleigh,State Senate Legislative District 14,,DEM,Scott Schaffnit,794
Burleigh,State Senate Legislative District 14,,REP,Jerry Klein,1357
Burleigh,State Senate Legislative District 30,,DEM,Joe Linnertz,2012
Burleigh,State Senate Legislative District 30,,REP,Bob Stenehjem,4854
Burleigh,State Senate Legislative District 32,,DEM,Dick Weber,2887
Burleigh,State Senate Legislative District 32,,REP,Dick Dever,4065
Burleigh,State Senate Legislative District 8,,DEM,Wes Weible,1686
Burleigh,State Senate Legislative District 8,,REP,Layton Freborg,2986
Burleigh,State Treasurer,,DEM,Dean Meyer,14006
Burleigh,State Treasurer,,REP,Kelly Schmidt,22714
Burleigh,Superintendent of Public Instruction,,,Keith Jacobson,16627
Burleigh,Superintendent of Public Instruction,,,Wayne G Sanstead,19343
Burleigh,Tax Commissioner,,DEM,Mike Every,9485
Burleigh,Tax Commissioner,,REP,Rick Clayburgh,27879
Burleigh,U.S. House,1,DEM,Earl Pomeroy,19918
Burleigh,U.S. House,1,REP,Duane Sand,18566
Burleigh,U.S. Senate,,DEM,Byron L Dorgan,23530
Burleigh,U.S. Senate,,REP,Mike Liffrig,14885
Cass,Agriculture Commissioner,,DEM,Roger Johnson,30395
Cass,Agriculture Commissioner,,REP,Doug Goehring,31978
Cass,Attorney General,,DEM,Bruce Schoenwald,18103
Cass,Attorney General,,REP,Wayne Stenehjem,45242
Cass,C 1: The definition of marriage.,,,No,23340
Cass,C 1: The definition of marriage.,,,Yes,41946
Cass,Governor and Lt. Governor,,,John Hoeven & Jack Dalrymple,45814
Cass,Governor and Lt. Governor,,,Joseph A Satrom & Deb Mathern,19315
Cass,Governor and Lt. Governor,,,Roland Riemers & Mitchell Sanderson,746
Cass,Insurance Commissioner,,DEM,Terry Barnes,22399
Cass,Insurance Commissioner,,REP,Jim Poolman,39441
Cass,Justice of the Supreme Court,,,Gerald W VandeWalle,52573
Cass,President and Vice President,,,George W Bush and Dick Cheney,39619
Cass,President and Vice President,,,John F Kerry and John Edwards,26010
Cass,President and Vice President,,,Martin Wishnatsky and Andrew Vanyo,4
Cass,President and Vice President,,,Michael A Peroutka and Chuck Baldwin,112
Cass,President and Vice President,,,Michael Badnarik and Richard Campagna,234
Cass,President and Vice President,,,Ralph Nader and Peter Camejo,732
Cass,Public Service Commissioner,,DEM,Ron Gumeringer,22133
Cass,Public Service Commissioner,,REP,Kevin Cramer,39326
Cass,Secretary of State,,DEM,Douglas Melby,22782
Cass,Secretary of State,,REP,Alvin A (Al) Jaeger,39700
Cass,State Auditor,,DEM,Brent Edison,23027
Cass,State Auditor,,REP,Robert R (Bob) Peterson,38770
Cass,State House Legislative,20,DEM,Lee Kaldor,468
Cass,State House Legislative,20,DEM,Ole Aarsvold,510
Cass,State House Legislative,22,DEM,Allan Peterson,2824
Cass,State House Legislative,22,DEM,Barb Olive,2419
Cass,State House Legislative,22,REP,Vonnie Pietsch,3887
Cass,State House Legislative,22,REP,Wesley R Belter,4285
Cass,State House Legislative,44,DEM,Eric Monson,3047
Cass,State House Legislative,44,DEM,Michael Jenkins,2657
Cass,State House Legislative,44,REP,Blair Thoreson,3551
Cass,State House Legislative,44,REP,Donald L Clark,3579
Cass,State House Legislative,46,DEM,Diane Briggs,2552
Cass,State House Legislative,46,DEM,Gini Duval,2224
Cass,State House Legislative,46,REP,Jim Kasper,4129
Cass,State House Legislative,46,REP,Kathy Hawken,4329
Cass,State Senate Legislative District 20,,DEM,Elroy N Lindaas,591
Cass,State Senate Legislative District 22,,DEM,Doris H Anderson,2869
Cass,State Senate Legislative District 22,,REP,Gary A Lee,4602
Cass,State Senate Legislative District 44,,DEM,Cheryl Bergian,3103
Cass,State Senate Legislative District 44,,REP,Tim Flakoll,4061
Cass,State Senate Legislative District 46,,,"Ryan P O""Keefe",2682
Cass,State Senate Legislative District 46,,REP,Tom Fischer,4681
Cass,State Treasurer,,DEM,Dean Meyer,26409
Cass,State Treasurer,,REP,Kelly Schmidt,35198
Cass,Superintendent of Public Instruction,,,Keith Jacobson,19877
Cass,Superintendent of Public Instruction,,,Wayne G Sanstead,37870
Cass,Tax Commissioner,,DEM,Mike Every,20084
Cass,Tax Commissioner,,REP,Rick Clayburgh,42656
Cass,U.S. House,1,DEM,Earl Pomeroy,40446
Cass,U.S. House,1,REP,Duane Sand,25694
Cass,U.S. Senate,,DEM,Byron L Dorgan,46731
Cass,U.S. Senate,,REP,Mike Liffrig,19343
Cavalier,Agriculture Commissioner,,DEM,Roger Johnson,1286
Cavalier,Agriculture Commissioner,,REP,Doug Goehring,1066
Cavalier,Attorney General,,DEM,Bruce Schoenwald,599
Cavalier,Attorney General,,REP,Wayne Stenehjem,1743
Cavalier,C 1: The definition of marriage.,,,No,508
Cavalier,C 1: The definition of marriage.,,,Yes,1842
Cavalier,Governor and Lt. Governor,,,John Hoeven & Jack Dalrymple,1853
Cavalier,Governor and Lt. Governor,,,Joseph A Satrom & Deb Mathern,528
Cavalier,Governor and Lt. Governor,,,Roland Riemers & Mitchell Sanderson,61
Cavalier,Insurance Commissioner,,DEM,Terry Barnes,767
Cavalier,Insurance Commissioner,,REP,Jim Poolman,1471
Cavalier,Justice of the Supreme Court,,,Gerald W VandeWalle,1831
Cavalier,President and Vice President,,,George W Bush and Dick Cheney,1522
Cavalier,President and Vice President,,,John F Kerry and John Edwards,886
Cavalier,President and Vice President,,,Martin Wishnatsky and Andrew Vanyo,0
Cavalier,President and Vice President,,,Michael A Peroutka and Chuck Baldwin,5
Cavalier,President and Vice President,,,Michael Badnarik and Richard Campagna,1
Cavalier,President and Vice President,,,Ralph Nader and Peter Camejo,29
Cavalier,Public Service Commissioner,,DEM,Ron Gumeringer,775
Cavalier,Public Service Commissioner,,REP,Kevin Cramer,1483
Cavalier,Secretary of State,,DEM,Douglas Melby,741
Cavalier,Secretary of State,,REP,Alvin A (Al) Jaeger,1519
Cavalier,State Auditor,,DEM,Brent Edison,793
Cavalier,State Auditor,,REP,Robert R (Bob) Peterson,1467
Cavalier,State House Legislative,10,DEM,Dwight Bassingthwaite,982
Cavalier,State House Legislative,10,DEM,Hans Reinhardt,1227
Cavalier,State House Legislative,10,REP,"Charles ""Chuck"" Damschen",1219
Cavalier,State House Legislative,10,REP,David Monson,1069
Cavalier,State Senate Legislative District 10,,DEM,Robert Nowatzki,1081
Cavalier,State Senate Legislative District 10,,REP,Thomas L Trenbeath,1328
Cavalier,State Treasurer,,DEM,Dean Meyer,1039
Cavalier,State Treasurer,,REP,Kelly Schmidt,1222
Cavalier,Superintendent of Public Instruction,,,Keith Jacobson,665
Cavalier,Superintendent of Public Instruction,,,Wayne G Sanstead,1550
Cavalier,Tax Commissioner,,DEM,Mike Every,687
Cavalier,Tax Commissioner,,REP,Rick Clayburgh,1663
Cavalier,U.S. House,1,DEM,Earl Pomeroy,1602
Cavalier,U.S. House,1,REP,Duane Sand,873
Cavalier,U.S. Senate,,DEM,Byron L Dorgan,1758
Cavalier,U.S. Senate,,REP,Mike Liffrig,708
Dickey,Agriculture Commissioner,,DEM,Roger Johnson,1151
Dickey,Agriculture Commissioner,,REP,Doug Goehring,1574
Dickey,Attorney General,,DEM,Bruce Schoenwald,751
Dickey,Attorney General,,REP,Wayne Stenehjem,1976
Dickey,C 1: The definition of marriage.,,,No,420
Dickey,C 1: The definition of marriage.,,,Yes,2332
Dickey,Governor and Lt. Governor,,,John Hoeven & Jack Dalrymple,2044
Dickey,Governor and Lt. Governor,,,Joseph A Satrom & Deb Mathern,710
Dickey,Governor and Lt. Governor,,,Roland Riemers & Mitchell Sanderson,41
Dickey,Insurance Commissioner,,DEM,Terry Barnes,933
Dickey,Insurance Commissioner,,REP,Jim Poolman,1758
Dickey,Justice of the Supreme Court,,,Gerald W VandeWalle,2296
Dickey,President and Vice President,,,George W Bush and Dick Cheney,1890
Dickey,President and Vice President,,,John F Kerry and John Edwards,883
Dickey,President and Vice President,,,Martin Wishnatsky and Andrew Vanyo,0
Dickey,President and Vice President,,,Michael A Peroutka and Chuck Baldwin,7
Dickey,President and Vice President,,,Michael Badnarik and Richard Campagna,7
Dickey,President and Vice President,,,Ralph Nader and Peter Camejo,34
Dickey,Public Service Commissioner,,DEM,Ron Gumeringer,821
Dickey,Public Service Commissioner,,REP,Kevin Cramer,1860
Dickey,Secretary of State,,DEM,Douglas Melby,842
Dickey,Secretary of State,,REP,Alvin A (Al) Jaeger,1842
Dickey,State Auditor,,DEM,Brent Edison,866
Dickey,State Auditor,,REP,Robert R (Bob) Peterson,1828
Dickey,State House Legislative,26,DEM,Bill Amerman,866
Dickey,State House Legislative,26,DEM,Pam Gulleson,1152
Dickey,State House Legislative,28,DEM,Rich Deis,320
Dickey,State House Legislative,28,DEM,Sheen Deis,292
Dickey,State House Legislative,28,REP,Michael Don Brandenburg,826
Dickey,State House Legislative,28,REP,William E Kretschmar,793
Dickey,State Senate Legislative District 26,,DEM,Joel C Heitkamp,1223
Dickey,State Senate Legislative District 28,,DEM,Kimberly Radermacher,435
Dickey,State Senate Legislative District 28,,REP,Robert S Erbele,810
Dickey,State Treasurer,,DEM,Dean Meyer,1008
Dickey,State Treasurer,,REP,Kelly Schmidt,1716
Dickey,Superintendent of Public Instruction,,,Keith Jacobson,939
Dickey,Superintendent of Public Instruction,,,Wayne G Sanstead,1598
Dickey,Tax Commissioner,,DEM,Mike Every,777
Dickey,Tax Commissioner,,REP,Rick Clayburgh,1933
Dickey,U.S. House,1,DEM,Earl Pomeroy,1382
Dickey,U.S. House,1,REP,Duane Sand,1424
Dickey,U.S. Senate,,DEM,Byron L Dorgan,1604
Dickey,U.S. Senate,,REP,Mike Liffrig,1203
Divide,Agriculture Commissioner,,DEM,Roger Johnson,794
Divide,Agriculture Commissioner,,REP,Doug Goehring,442
Divide,Attorney General,,DEM,Bruce Schoenwald,342
Divide,Attorney General,,REP,Wayne Stenehjem,889
Divide,C 1: The definition of marriage.,,,No,304
Divide,C 1: The definition of marriage.,,,Yes,923
Divide,Governor and Lt. Governor,,,John Hoeven & Jack Dalrymple,907
Divide,Governor and Lt. Governor,,,Joseph A Satrom & Deb Mathern,339
Divide,Governor and Lt. Governor,,,Roland Riemers & Mitchell Sanderson,16
Divide,Insurance Commissioner,,DEM,Terry Barnes,504
Divide,Insurance Commissioner,,REP,Jim Poolman,670
Divide,Justice of the Supreme Court,,,Gerald W VandeWalle,1162
Divide,President and Vice President,,,George W Bush and Dick Cheney,751
Divide,President and Vice President,,,John F Kerry and John Edwards,487
Divide,President and Vice President,,,Martin Wishnatsky and Andrew Vanyo,1
Divide,President and Vice President,,,Michael A Peroutka and Chuck Baldwin,1
Divide,President and Vice President,,,Michael Badnarik and Richard Campagna,3
Divide,President and Vice President,,,Ralph Nader and Peter Camejo,26
Divide,Public Service Commissioner,,DEM,Ron Gumeringer,423
Divide,Public Service Commissioner,,REP,Kevin Cramer,769
Divide,Secretary of State,,DEM,Douglas Melby,497
Divide,Secretary of State,,REP,Alvin A (Al) Jaeger,703
Divide,State Auditor,,DEM,Brent Edison,439
Divide,State Auditor,,REP,Robert R (Bob) Peterson,752
Divide,State House Legislative,2,DEM,Bob Stefonowicz,629
Divide,State House Legislative,2,DEM,Dorvan Solberg,602
Divide,State House Legislative,2,REP,Bob Skarphol,588
Divide,State House Legislative,2,REP,Rita Wilhelmi,502
Divide,State Senate Legislative District 2,,DEM,Tim Holte,509
Divide,State Senate Legislative District 2,,REP,John M Andrist,752
Divide,State Treasurer,,DEM,Dean Meyer,633
Divide,State Treasurer,,REP,Kelly Schmidt,561
Divide,Superintendent of Public Instruction,,,Keith Jacobson,484
Divide,Superintendent of Public Instruction,,,Wayne G Sanstead,710
Divide,Tax Commissioner,,DEM,Mike Every,414
Divide,Tax Commissioner,,REP,Rick Clayburgh,793
Divide,U.S. House,1,DEM,Earl Pomeroy,871
Divide,U.S. House,1,REP,Duane Sand,392
Divide,U.S. Senate,,DEM,Byron L Dorgan,980
Divide,U.S. Senate,,REP,Mike Liffrig,277
Dunn,Agriculture Commissioner,,DEM,Roger Johnson,929
Dunn,Agriculture Commissioner,,REP,Doug Goehring,814
Dunn,Attorney General,,DEM,Bruce Schoenwald,460
Dunn,Attorney General,,REP,Wayne Stenehjem,1269
Dunn,C 1: The definition of marriage.,,,No,303
Dunn,C 1: The definition of marriage.,,,Yes,1440
Dunn,Governor and Lt. Governor,,,John Hoeven & Jack Dalrymple,1268
Dunn,Governor and Lt. Governor,,,Joseph A Satrom & Deb Mathern,469
Dunn,Governor and Lt. Governor,,,Roland Riemers & Mitchell Sanderson,29
Dunn,Insurance Commissioner,,DEM,Terry Barnes,733
Dunn,Insurance Commissioner,,REP,Jim Poolman,976
Dunn,Justice of the Supreme Court,,,Gerald W VandeWalle,1432
Dunn,President and Vice President,,,George W Bush and Dick Cheney,1178
Dunn,President and Vice President,,,John F Kerry and John Edwards,571
Dunn,President and Vice President,,,Martin Wishnatsky and Andrew Vanyo,0
Dunn,President and Vice President,,,Michael A Peroutka and Chuck Baldwin,7
Dunn,President and Vice President,,,Michael Badnarik and Richard Campagna,2
Dunn,President and Vice President,,,Ralph Nader and Peter Camejo,16
Dunn,Public Service Commissioner,,DEM,Ron Gumeringer,535
Dunn,Public Service Commissioner,,REP,Kevin Cramer,1182
Dunn,Secretary of State,,DEM,Douglas Melby,558
Dunn,Secretary of State,,REP,Alvin A (Al) Jaeger,1163
Dunn,State Auditor,,DEM,Brent Edison,592
Dunn,State Auditor,,REP,Robert R (Bob) Peterson,1117
Dunn,State House Legislative,36,DEM,Larry D Rafferty,411
Dunn,State House Legislative,36,DEM,Shirley Meyer,536
Dunn,State House Legislative,36,REP,C B Haas,556
Dunn,State House Legislative,36,REP,Frank Klein,527
Dunn,State House Legislative,4,DEM,Kenton Onstad,274
Dunn,State House Legislative,4,DEM,Phyllis Howard,315
Dunn,State House Legislative,4,REP,Dawn Charging,319
Dunn,State Senate Legislative District 36,,DEM,Cindie S Fugere,434
Dunn,State Senate Legislative District 36,,REP,Herb Urlacher,654
Dunn,State Senate Legislative District 4,,DEM,John Warner,297
Dunn,State Senate Legislative District 4,,REP,Terry E Fredericks,340
Dunn,State Treasurer,,DEM,Dean Meyer,792
Dunn,State Treasurer,,REP,Kelly Schmidt,961
Dunn,Superintendent of Public Instruction,,,Keith Jacobson,579
Dunn,Superintendent of Public Instruction,,,Wayne G Sanstead,1101
Dunn,Tax Commissioner,,DEM,Mike Every,513
Dunn,Tax Commissioner,,REP,Rick Clayburgh,1212
Dunn,U.S. House,1,DEM,Earl Pomeroy,966
Dunn,U.S. House,1,REP,Duane Sand,798
Dunn,U.S. Senate,,DEM,Byron L Dorgan,1175
Dunn,U.S. Senate,,REP,Mike Liffrig,591
Eddy,Agriculture Commissioner,,DEM,Roger Johnson,700
Eddy,Agriculture Commissioner,,REP,Doug Goehring,491
Eddy,Attorney General,,DEM,Bruce Schoenwald,416
Eddy,Attorney General,,REP,Wayne Stenehjem,783
Eddy,C 1: The definition of marriage.,,,No,221
Eddy,C 1: The definition of marriage.,,,Yes,938
Eddy,Governor and Lt. Governor,,,John Hoeven & Jack Dalrymple,817
Eddy,Governor and Lt. Governor,,,Joseph A Satrom & Deb Mathern,373
Eddy,Governor and Lt. Governor,,,Roland Riemers & Mitchell Sanderson,20
Eddy,Insurance Commissioner,,DEM,Terry Barnes,571
Eddy,Insurance Commissioner,,REP,Jim Poolman,588
Eddy,Justice of the Supreme Court,,,Gerald W VandeWalle,1032
Eddy,President and Vice President,,,George W Bush and Dick Cheney,655
Eddy,President and Vice President,,,John F Kerry and John Edwards,534
Eddy,President and Vice President,,,Martin Wishnatsky and Andrew Vanyo,0
Eddy,President and Vice President,,,Michael A Peroutka and Chuck Baldwin,5
Eddy,President and Vice President,,,Michael Badnarik and Richard Campagna,1
Eddy,President and Vice President,,,Ralph Nader and Peter Camejo,18
Eddy,Public Service Commissioner,,DEM,Ron Gumeringer,534
Eddy,Public Service Commissioner,,REP,Kevin Cramer,637
Eddy,Secretary of State,,DEM,Douglas Melby,518
Eddy,Secretary of State,,REP,Alvin A (Al) Jaeger,656
Eddy,State Auditor,,DEM,Brent Edison,493
Eddy,State Auditor,,REP,Robert R (Bob) Peterson,684
Eddy,State House Legislative,23,DEM,Joan Heckaman,708
Eddy,State House Legislative,23,REP,Donald W Vigesaa,385
Eddy,State Treasurer,,DEM,Dean Meyer,635
Eddy,State Treasurer,,REP,Kelly Schmidt,537
Eddy,Superintendent of Public Instruction,,,Keith Jacobson,491
Eddy,Superintendent of Public Instruction,,,Wayne G Sanstead,679
Eddy,Tax Commissioner,,DEM,Mike Every,540
Eddy,Tax Commissioner,,REP,Rick Clayburgh,646
Eddy,U.S. House,1,DEM,Earl Pomeroy,817
Eddy,U.S. House,1,REP,Duane Sand,400
Eddy,U.S. Senate,,DEM,Byron L Dorgan,926
Eddy,U.S. Senate,,REP,Mike Liffrig,300
Emmons,Agriculture Commissioner,,DEM,Roger Johnson,822
Emmons,Agriculture Commissioner,,REP,Doug Goehring,1228
Emmons,Attorney General,,DEM,Bruce Schoenwald,508
Emmons,Attorney General,,REP,Wayne Stenehjem,1527
Emmons,C 1: The definition of marriage.,,,No,339
Emmons,C 1: The definition of marriage.,,,Yes,1724
Emmons,Governor and Lt. Governor,,,John Hoeven & Jack Dalrymple,1483
Emmons,Governor and Lt. Governor,,,Joseph A Satrom & Deb Mathern,558
Emmons,Governor and Lt. Governor,,,Roland Riemers & Mitchell Sanderson,40
Emmons,Insurance Commissioner,,DEM,Terry Barnes,724
Emmons,Insurance Commissioner,,REP,Jim Poolman,1310
Emmons,Justice of the Supreme Court,,,Gerald W VandeWalle,1709
Emmons,President and Vice President,,,George W Bush and Dick Cheney,1449
Emmons,President and Vice President,,,John F Kerry and John Edwards,611
Emmons,President and Vice President,,,Martin Wishnatsky and Andrew Vanyo,0
Emmons,President and Vice President,,,Michael A Peroutka and Chuck Baldwin,1
Emmons,President and Vice President,,,Michael Badnarik and Richard Campagna,9
Emmons,President and Vice President,,,Ralph Nader and Peter Camejo,43
Emmons,Public Service Commissioner,,DEM,Ron Gumeringer,594
Emmons,Public Service Commissioner,,REP,Kevin Cramer,1428
Emmons,Secretary of State,,DEM,Douglas Melby,552
Emmons,Secretary of State,,REP,Alvin A (Al) Jaeger,1431
Emmons,State Auditor,,DEM,Brent Edison,555
Emmons,State Auditor,,REP,Robert R (Bob) Peterson,1435
Emmons,State House Legislative,28,DEM,Rich Deis,1059
Emmons,State House Legislative,28,DEM,Sheen Deis,973
Emmons,State House Legislative,28,REP,Michael Don Brandenburg,902
Emmons,State House Legislative,28,REP,William E Kretschmar,894
Emmons,State Senate Legislative District 28,,DEM,Kimberly Radermacher,606
Emmons,State Senate Legislative District 28,,REP,Robert S Erbele,1368
Emmons,State Treasurer,,DEM,Dean Meyer,710
Emmons,State Treasurer,,REP,Kelly Schmidt,1291
Emmons,Superintendent of Public Instruction,,,Keith Jacobson,914
Emmons,Superintendent of Public Instruction,,,Wayne G Sanstead,1092
Emmons,Tax Commissioner,,DEM,Mike Every,548
Emmons,Tax Commissioner,,REP,Rick Clayburgh,1479
Emmons,U.S. House,1,DEM,Earl Pomeroy,1017
Emmons,U.S. House,1,REP,Duane Sand,1085
Emmons,U.S. Senate,,DEM,Byron L Dorgan,1240
Emmons,U.S. Senate,,REP,Mike Liffrig,873
Foster,Agriculture Commissioner,,DEM,Roger Johnson,869
Foster,Agriculture Commissioner,,REP,Doug Goehring,848
Foster,Attorney General,,DEM,Bruce Schoenwald,404
Foster,Attorney General,,REP,Wayne Stenehjem,1305
Foster,C 1: The definition of marriage.,,,No,279
Foster,C 1: The definition of marriage.,,,Yes,1439
Foster,Governor and Lt. Governor,,,John Hoeven & Jack Dalrymple,1330
Foster,Governor and Lt. Governor,,,Joseph A Satrom & Deb Mathern,414
Foster,Governor and Lt. Governor,,,Roland Riemers & Mitchell Sanderson,20
Foster,Insurance Commissioner,,DEM,Terry Barnes,655
Foster,Insurance Commissioner,,REP,Jim Poolman,1026
Foster,Justice of the Supreme Court,,,Gerald W VandeWalle,1432
Foster,President and Vice President,,,George W Bush and Dick Cheney,1219
Foster,President and Vice President,,,John F Kerry and John Edwards,518
Foster,President and Vice President,,,Martin Wishnatsky and Andrew Vanyo,0
Foster,President and Vice President,,,Michael A Peroutka and Chuck Baldwin,3
Foster,President and Vice President,,,Michael Badnarik and Richard Campagna,6
Foster,President and Vice President,,,Ralph Nader and Peter Camejo,20
Foster,Public Service Commissioner,,DEM,Ron Gumeringer,518
Foster,Public Service Commissioner,,REP,Kevin Cramer,1149
Foster,Secretary of State,,DEM,Douglas Melby,581
Foster,Secretary of State,,REP,Alvin A (Al) Jaeger,1110
Foster,State Auditor,,DEM,Brent Edison,511
Foster,State Auditor,,REP,Robert R (Bob) Peterson,1150
Foster,State Treasurer,,DEM,Dean Meyer,675
Foster,State Treasurer,,REP,Kelly Schmidt,995
Foster,Superintendent of Public Instruction,,,Keith Jacobson,501
Foster,Superintendent of Public Instruction,,,Wayne G Sanstead,1147
Foster,Tax Commissioner,,DEM,Mike Every,440
Foster,Tax Commissioner,,REP,Rick Clayburgh,1272
Foster,U.S. House,1,DEM,Earl Pomeroy,1068
Foster,U.S. House,1,REP,Duane Sand,696
Foster,U.S. Senate,,DEM,Byron L Dorgan,1266
Foster,U.S. Senate,,REP,Mike Liffrig,500
Golden Valley,Agriculture Commissioner,,DEM,Roger Johnson,386
Golden Valley,Agriculture Commissioner,,REP,Doug Goehring,506
Golden Valley,Attorney General,,DEM,Bruce Schoenwald,181
Golden Valley,Attorney General,,REP,Wayne Stenehjem,713
Golden Valley,C 1: The definition of marriage.,,,No,131
Golden Valley,C 1: The definition of marriage.,,,Yes,780
Golden Valley,Governor and Lt. Governor,,,John Hoeven & Jack Dalrymple,754
Golden Valley,Governor and Lt. Governor,,,Joseph A Satrom & Deb Mathern,158
Golden Valley,Governor and Lt. Governor,,,Roland Riemers & Mitchell Sanderson,9
Golden Valley,Insurance Commissioner,,DEM,Terry Barnes,251
Golden Valley,Insurance Commissioner,,REP,Jim Poolman,617
Golden Valley,Justice of the Supreme Court,,,Gerald W VandeWalle,731
Golden Valley,President and Vice President,,,George W Bush and Dick Cheney,719
Golden Valley,President and Vice President,,,John F Kerry and John Edwards,195
Golden Valley,President and Vice President,,,Martin Wishnatsky and Andrew Vanyo,0
Golden Valley,President and Vice President,,,Michael A Peroutka and Chuck Baldwin,4
Golden Valley,President and Vice President,,,Michael Badnarik and Richard Campagna,3
Golden Valley,President and Vice President,,,Ralph Nader and Peter Camejo,6
Golden Valley,Public Service Commissioner,,DEM,Ron Gumeringer,201
Golden Valley,Public Service Commissioner,,REP,Kevin Cramer,654
Golden Valley,Secretary of State,,DEM,Douglas Melby,236
Golden Valley,Secretary of State,,REP,Alvin A (Al) Jaeger,651
Golden Valley,State Auditor,,DEM,Brent Edison,226
Golden Valley,State Auditor,,REP,Robert R (Bob) Peterson,650
Golden Valley,State Treasurer,,DEM,Dean Meyer,296
Golden Valley,State Treasurer,,REP,Kelly Schmidt,585
Golden Valley,Superintendent of Public Instruction,,,Keith Jacobson,325
Golden Valley,Superintendent of Public Instruction,,,Wayne G Sanstead,517
Golden Valley,Tax Commissioner,,DEM,Mike Every,189
Golden Valley,Tax Commissioner,,REP,Rick Clayburgh,701
Golden Valley,U.S. House,1,DEM,Earl Pomeroy,450
Golden Valley,U.S. House,1,REP,Duane Sand,477
Golden Valley,U.S. Senate,,DEM,Byron L Dorgan,529
Golden Valley,U.S. Senate,,REP,Mike Liffrig,402
Grand Forks,Agriculture Commissioner,,DEM,Roger Johnson,14304
Grand Forks,Agriculture Commissioner,,REP,Doug Goehring,13584
Grand Forks,Attorney General,,DEM,Bruce Schoenwald,7631
Grand Forks,Attorney General,,REP,Wayne Stenehjem,21171
Grand Forks,C 1: The definition of marriage.,,,No,11331
Grand Forks,C 1: The definition of marriage.,,,Yes,18401
Grand Forks,Governor and Lt. Governor,,,John Hoeven & Jack Dalrymple,21450
Grand Forks,Governor and Lt. Governor,,,Joseph A Satrom & Deb Mathern,7870
Grand Forks,Governor and Lt. Governor,,,Roland Riemers & Mitchell Sanderson,467
Grand Forks,Insurance Commissioner,,DEM,Terry Barnes,9709
Grand Forks,Insurance Commissioner,,REP,Jim Poolman,18234
Grand Forks,Justice of the Supreme Court,,,Gerald W VandeWalle,23742
Grand Forks,President and Vice President,,,George W Bush and Dick Cheney,17298
Grand Forks,President and Vice President,,,John F Kerry and John Edwards,12646
Grand Forks,President and Vice President,,,Martin Wishnatsky and Andrew Vanyo,0
Grand Forks,President and Vice President,,,Michael A Peroutka and Chuck Baldwin,41
Grand Forks,President and Vice President,,,Michael Badnarik and Richard Campagna,137
Grand Forks,President and Vice President,,,Ralph Nader and Peter Camejo,348
Grand Forks,Public Service Commissioner,,DEM,Ron Gumeringer,10236
Grand Forks,Public Service Commissioner,,REP,Kevin Cramer,17074
Grand Forks,Secretary of State,,DEM,Douglas Melby,11210
Grand Forks,Secretary of State,,REP,Alvin A (Al) Jaeger,16633
Grand Forks,State Auditor,,DEM,Brent Edison,10642
Grand Forks,State Auditor,,REP,Robert R (Bob) Peterson,16951
Grand Forks,State House Legislative,18,DEM,Eliot Glassheim,2935
Grand Forks,State House Legislative,18,DEM,Lonny Winrich,2249
Grand Forks,State House Legislative,18,REP,Mark Owens,2338
Grand Forks,State House Legislative,42,DEM,Bruce A Sanford,2178
Grand Forks,State House Legislative,42,DEM,Lane Leedahl,2019
Grand Forks,State House Legislative,42,REP,Donald Dietrich,2569
Grand Forks,State House Legislative,42,REP,Stacey Horter,2899
Grand Forks,State Senate Legislative District 18,,DEM,Constance (Connie) Triplett,2765
Grand Forks,State Senate Legislative District 18,,REP,Bill Graveline,2348
Grand Forks,State Senate Legislative District 42,,DEM,Michael Polovitz,2742
Grand Forks,State Senate Legislative District 42,,REP,Nick Hacker,2790
Grand Forks,State Treasurer,,DEM,Dean Meyer,12302
Grand Forks,State Treasurer,,REP,Kelly Schmidt,15251
Grand Forks,Superintendent of Public Instruction,,,Keith Jacobson,8703
Grand Forks,Superintendent of Public Instruction,,,Wayne G Sanstead,17358
Grand Forks,Tax Commissioner,,DEM,Mike Every,8883
Grand Forks,Tax Commissioner,,REP,Rick Clayburgh,19632
Grand Forks,U.S. House,1,DEM,Earl Pomeroy,20092
Grand Forks,U.S. House,1,REP,Duane Sand,9913
Grand Forks,U.S. Senate,,DEM,Byron L Dorgan,21595
Grand Forks,U.S. Senate,,REP,Mike Liffrig,8393
Grant,Agriculture Commissioner,,DEM,Roger Johnson,530
Grant,Agriculture Commissioner,,REP,Doug Goehring,715
Grant,Attorney General,,DEM,Bruce Schoenwald,266
Grant,Attorney General,,REP,Wayne Stenehjem,964
Grant,C 1: The definition of marriage.,,,No,153
Grant,C 1: The definition of marriage.,,,Yes,1061
Grant,Governor and Lt. Governor,,,John Hoeven & Jack Dalrymple,965
Grant,Governor and Lt. Governor,,,Joseph A Satrom & Deb Mathern,257
Grant,Governor and Lt. Governor,,,Roland Riemers & Mitchell Sanderson,21
Grant,Insurance Commissioner,,DEM,Terry Barnes,409
Grant,Insurance Commissioner,,REP,Jim Poolman,827
Grant,Justice of the Supreme Court,,,Gerald W VandeWalle,1046
Grant,President and Vice President,,,George W Bush and Dick Cheney,952
Grant,President and Vice President,,,John F Kerry and John Edwards,264
Grant,President and Vice President,,,Martin Wishnatsky and Andrew Vanyo,0
Grant,President and Vice President,,,Michael A Peroutka and Chuck Baldwin,6
Grant,President and Vice President,,,Michael Badnarik and Richard Campagna,4
Grant,President and Vice President,,,Ralph Nader and Peter Camejo,16
Grant,Public Service Commissioner,,DEM,Ron Gumeringer,274
Grant,Public Service Commissioner,,REP,Kevin Cramer,949
Grant,Secretary of State,,DEM,Douglas Melby,271
Grant,Secretary of State,,REP,Alvin A (Al) Jaeger,942
Grant,State Auditor,,DEM,Brent Edison,297
Grant,State Auditor,,REP,Robert R (Bob) Peterson,929
Grant,State Treasurer,,DEM,Dean Meyer,520
Grant,State Treasurer,,REP,Kelly Schmidt,709
Grant,Superintendent of Public Instruction,,,Keith Jacobson,588
Grant,Superintendent of Public Instruction,,,Wayne G Sanstead,604
Grant,Tax Commissioner,,DEM,Mike Every,279
Grant,Tax Commissioner,,REP,Rick Clayburgh,949
Grant,U.S. House,1,DEM,Earl Pomeroy,599
Grant,U.S. House,1,REP,Duane Sand,655
Grant,U.S. Senate,,DEM,Byron L Dorgan,737
Grant,U.S. Senate,,REP,Mike Liffrig,510
Griggs,Agriculture Commissioner,,DEM,Roger Johnson,780
Griggs,Agriculture Commissioner,,REP,Doug Goehring,618
Griggs,Attorney General,,DEM,Bruce Schoenwald,394
Griggs,Attorney General,,REP,Wayne Stenehjem,1009
Griggs,C 1: The definition of marriage.,,,No,265
Griggs,C 1: The definition of marriage.,,,Yes,1144
Griggs,Governor and Lt. Governor,,,John Hoeven & Jack Dalrymple,1022
Griggs,Governor and Lt. Governor,,,Joseph A Satrom & Deb Mathern,384
Griggs,Governor and Lt. Governor,,,Roland Riemers & Mitchell Sanderson,12
Griggs,Insurance Commissioner,,DEM,Terry Barnes,526
Griggs,Insurance Commissioner,,REP,Jim Poolman,851
Griggs,Justice of the Supreme Court,,,Gerald W VandeWalle,1182
Griggs,President and Vice President,,,George W Bush and Dick Cheney,907
Griggs,President and Vice President,,,John F Kerry and John Edwards,505
Griggs,President and Vice President,,,Martin Wishnatsky and Andrew Vanyo,0
Griggs,President and Vice President,,,Michael A Peroutka and Chuck Baldwin,4
Griggs,President and Vice President,,,Michael Badnarik and Richard Campagna,9
Griggs,President and Vice President,,,Ralph Nader and Peter Camejo,14
Griggs,Public Service Commissioner,,DEM,Ron Gumeringer,462
Griggs,Public Service Commissioner,,REP,Kevin Cramer,901
Griggs,Secretary of State,,DEM,Douglas Melby,490
Griggs,Secretary of State,,REP,Alvin A (Al) Jaeger,882
Griggs,State Auditor,,DEM,Brent Edison,487
Griggs,State Auditor,,REP,Robert R (Bob) Peterson,882
Griggs,State House Legislative,23,DEM,Joan Heckaman,398
Griggs,State House Legislative,23,REP,Donald W Vigesaa,1041
Griggs,State Treasurer,,DEM,Dean Meyer,664
Griggs,State Treasurer,,REP,Kelly Schmidt,717
Griggs,Superintendent of Public Instruction,,,Keith Jacobson,488
Griggs,Superintendent of Public Instruction,,,Wayne G Sanstead,863
Griggs,Tax Commissioner,,DEM,Mike Every,448
Griggs,Tax Commissioner,,REP,Rick Clayburgh,927
Griggs,U.S. House,1,DEM,Earl Pomeroy,843
Griggs,U.S. House,1,REP,Duane Sand,591
Griggs,U.S. Senate,,DEM,Byron L Dorgan,994
Griggs,U.S. Senate,,REP,Mike Liffrig,438
Hettinger,Agriculture Commissioner,,DEM,Roger Johnson,734
Hettinger,Agriculture Commissioner,,REP,Doug Goehring,733
Hettinger,Attorney General,,DEM,Bruce Schoenwald,366
Hettinger,Attorney General,,REP,Wayne Stenehjem,1101
Hettinger,C 1: The definition of marriage.,,,No,227
Hettinger,C 1: The definition of marriage.,,,Yes,1247
Hettinger,Governor and Lt. Governor,,,John Hoeven & Jack Dalrymple,1058
Hettinger,Governor and Lt. Governor,,,Joseph A Satrom & Deb Mathern,418
Hettinger,Governor and Lt. Governor,,,Roland Riemers & Mitchell Sanderson,22
Hettinger,Insurance Commissioner,,DEM,Terry Barnes,564
Hettinger,Insurance Commissioner,,REP,Jim Poolman,884
Hettinger,Justice of the Supreme Court,,,Gerald W VandeWalle,1277
Hettinger,President and Vice President,,,George W Bush and Dick Cheney,1044
Hettinger,President and Vice President,,,John F Kerry and John Edwards,405
Hettinger,President and Vice President,,,Martin Wishnatsky and Andrew Vanyo,0
Hettinger,President and Vice President,,,Michael A Peroutka and Chuck Baldwin,4
Hettinger,President and Vice President,,,Michael Badnarik and Richard Campagna,6
Hettinger,President and Vice President,,,Ralph Nader and Peter Camejo,35
Hettinger,Public Service Commissioner,,DEM,Ron Gumeringer,427
Hettinger,Public Service Commissioner,,REP,Kevin Cramer,1018
Hettinger,Secretary of State,,DEM,Douglas Melby,457
Hettinger,Secretary of State,,REP,Alvin A (Al) Jaeger,997
Hettinger,State Auditor,,DEM,Brent Edison,440
Hettinger,State Auditor,,REP,Robert R (Bob) Peterson,1000
Hettinger,State House Legislative,36,DEM,Larry D Rafferty,267
Hettinger,State House Legislative,36,DEM,Shirley Meyer,285
Hettinger,State House Legislative,36,REP,C B Haas,196
Hettinger,State House Legislative,36,REP,Frank Klein,206
Hettinger,State Senate Legislative District 36,,DEM,Cindie S Fugere,229
Hettinger,State Senate Legislative District 36,,REP,Herb Urlacher,259
Hettinger,State Treasurer,,DEM,Dean Meyer,668
Hettinger,State Treasurer,,REP,Kelly Schmidt,773
Hettinger,Superintendent of Public Instruction,,,Keith Jacobson,618
Hettinger,Superintendent of Public Instruction,,,Wayne G Sanstead,816
Hettinger,Tax Commissioner,,DEM,Mike Every,407
Hettinger,Tax Commissioner,,REP,Rick Clayburgh,1061
Hettinger,U.S. House,1,DEM,Earl Pomeroy,803
Hettinger,U.S. House,1,REP,Duane Sand,692
Hettinger,U.S. Senate,,DEM,Byron L Dorgan,940
Hettinger,U.S. Senate,,REP,Mike Liffrig,550
Kidder,Agriculture Commissioner,,DEM,Roger Johnson,634
Kidder,Agriculture Commissioner,,REP,Doug Goehring,717
Kidder,Attorney General,,DEM,Bruce Schoenwald,394
Kidder,Attorney General,,REP,Wayne Stenehjem,929
Kidder,C 1: The definition of marriage.,,,No,236
Kidder,C 1: The definition of marriage.,,,Yes,1115
Kidder,Governor and Lt. Governor,,,John Hoeven & Jack Dalrymple,863
Kidder,Governor and Lt. Governor,,,Joseph A Satrom & Deb Mathern,440
Kidder,Governor and Lt. Governor,,,Roland Riemers & Mitchell Sanderson,47
Kidder,Insurance Commissioner,,DEM,Terry Barnes,502
Kidder,Insurance Commissioner,,REP,Jim Poolman,827
Kidder,Justice of the Supreme Court,,,Gerald W VandeWalle,1110
Kidder,President and Vice President,,,George W Bush and Dick Cheney,902
Kidder,President and Vice President,,,John F Kerry and John Edwards,433
Kidder,President and Vice President,,,Martin Wishnatsky and Andrew Vanyo,0
Kidder,President and Vice President,,,Michael A Peroutka and Chuck Baldwin,7
Kidder,President and Vice President,,,Michael Badnarik and Richard Campagna,7
Kidder,President and Vice President,,,Ralph Nader and Peter Camejo,20
Kidder,Public Service Commissioner,,DEM,Ron Gumeringer,442
Kidder,Public Service Commissioner,,REP,Kevin Cramer,857
Kidder,Secretary of State,,DEM,Douglas Melby,419
Kidder,Secretary of State,,REP,Alvin A (Al) Jaeger,888
Kidder,State Auditor,,DEM,Brent Edison,435
Kidder,State Auditor,,REP,Robert R (Bob) Peterson,873
Kidder,State House Legislative,14,DEM,Curtis R Wiesz,524
Kidder,State House Legislative,14,DEM,Karen Volk,575
Kidder,State House Legislative,14,REP,Duane DeKrey,696
Kidder,State House Legislative,14,REP,Robin Weisz,686
Kidder,State Senate Legislative District 14,,DEM,Scott Schaffnit,470
Kidder,State Senate Legislative District 14,,REP,Jerry Klein,830
Kidder,State Treasurer,,DEM,Dean Meyer,550
Kidder,State Treasurer,,REP,Kelly Schmidt,757
Kidder,Superintendent of Public Instruction,,,Keith Jacobson,681
Kidder,Superintendent of Public Instruction,,,Wayne G Sanstead,638
Kidder,Tax Commissioner,,DEM,Mike Every,414
Kidder,Tax Commissioner,,REP,Rick Clayburgh,914
Kidder,U.S. House,1,DEM,Earl Pomeroy,720
Kidder,U.S. House,1,REP,Duane Sand,651
Kidder,U.S. Senate,,DEM,Byron L Dorgan,861
Kidder,U.S. Senate,,REP,Mike Liffrig,503
LaMoure,Agriculture Commissioner,,DEM,Roger Johnson,1067
LaMoure,Agriculture Commissioner,,REP,Doug Goehring,1232
LaMoure,Attorney General,,DEM,Bruce Schoenwald,549
LaMoure,Attorney General,,REP,Wayne Stenehjem,1740
LaMoure,C 1: The definition of marriage.,,,No,383
LaMoure,C 1: The definition of marriage.,,,Yes,1901
LaMoure,Governor and Lt. Governor,,,John Hoeven & Jack Dalrymple,1707
LaMoure,Governor and Lt. Governor,,,Joseph A Satrom & Deb Mathern,607
LaMoure,Governor and Lt. Governor,,,Roland Riemers & Mitchell Sanderson,14
LaMoure,Insurance Commissioner,,DEM,Terry Barnes,789
LaMoure,Insurance Commissioner,,REP,Jim Poolman,1471
LaMoure,Justice of the Supreme Court,,,Gerald W VandeWalle,1974
LaMoure,President and Vice President,,,George W Bush and Dick Cheney,1592
LaMoure,President and Vice President,,,John F Kerry and John Edwards,712
LaMoure,President and Vice President,,,Martin Wishnatsky and Andrew Vanyo,0
LaMoure,President and Vice President,,,Michael A Peroutka and Chuck Baldwin,9
LaMoure,President and Vice President,,,Michael Badnarik and Richard Campagna,5
LaMoure,President and Vice President,,,Ralph Nader and Peter Camejo,17
LaMoure,Public Service Commissioner,,DEM,Ron Gumeringer,648
LaMoure,Public Service Commissioner,,REP,Kevin Cramer,1608
LaMoure,Secretary of State,,DEM,Douglas Melby,667
LaMoure,Secretary of State,,REP,Alvin A (Al) Jaeger,1587
LaMoure,State Auditor,,DEM,Brent Edison,704
LaMoure,State Auditor,,REP,Robert R (Bob) Peterson,1556
LaMoure,State House Legislative,26,DEM,Bill Amerman,336
LaMoure,State House Legislative,26,DEM,Pam Gulleson,447
LaMoure,State House Legislative,28,DEM,Rich Deis,254
LaMoure,State House Legislative,28,DEM,Sheen Deis,221
LaMoure,State House Legislative,28,REP,Michael Don Brandenburg,729
LaMoure,State House Legislative,28,REP,William E Kretschmar,593
LaMoure,State Senate Legislative District 26,,DEM,Joel C Heitkamp,488
LaMoure,State Senate Legislative District 28,,DEM,Kimberly Radermacher,343
LaMoure,State Senate Legislative District 28,,REP,Robert S Erbele,634
LaMoure,State Treasurer,,DEM,Dean Meyer,852
LaMoure,State Treasurer,,REP,Kelly Schmidt,1400
LaMoure,Superintendent of Public Instruction,,,Keith Jacobson,842
LaMoure,Superintendent of Public Instruction,,,Wayne G Sanstead,1358
LaMoure,Tax Commissioner,,DEM,Mike Every,616
LaMoure,Tax Commissioner,,REP,Rick Clayburgh,1669
LaMoure,U.S. House,1,DEM,Earl Pomeroy,1262
LaMoure,U.S. House,1,REP,Duane Sand,1084
LaMoure,U.S. Senate,,DEM,Byron L Dorgan,1507
LaMoure,U.S. Senate,,REP,Mike Liffrig,816
Logan,Agriculture Commissioner,,DEM,Roger Johnson,511
Logan,Agriculture Commissioner,,REP,Doug Goehring,600
Logan,Attorney General,,DEM,Bruce Schoenwald,248
Logan,Attorney General,,REP,Wayne Stenehjem,840
Logan,C 1: The definition of marriage.,,,No,157
Logan,C 1: The definition of marriage.,,,Yes,947
Logan,Governor and Lt. Governor,,,John Hoeven & Jack Dalrymple,856
Logan,Governor and Lt. Governor,,,Joseph A Satrom & Deb Mathern,258
Logan,Governor and Lt. Governor,,,Roland Riemers & Mitchell Sanderson,20
Logan,Insurance Commissioner,,DEM,Terry Barnes,378
Logan,Insurance Commissioner,,REP,Jim Poolman,713
Logan,Justice of the Supreme Court,,,Gerald W VandeWalle,879
Logan,President and Vice President,,,George W Bush and Dick Cheney,844
Logan,President and Vice President,,,John F Kerry and John Edwards,265
Logan,President and Vice President,,,Martin Wishnatsky and Andrew Vanyo,0
Logan,President and Vice President,,,Michael A Peroutka and Chuck Baldwin,4
Logan,President and Vice President,,,Michael Badnarik and Richard Campagna,2
Logan,President and Vice President,,,Ralph Nader and Peter Camejo,15
Logan,Public Service Commissioner,,DEM,Ron Gumeringer,262
Logan,Public Service Commissioner,,REP,Kevin Cramer,802
Logan,Secretary of State,,DEM,Douglas Melby,255
Logan,Secretary of State,,REP,Alvin A (Al) Jaeger,825
Logan,State Auditor,,DEM,Brent Edison,301
Logan,State Auditor,,REP,Robert R (Bob) Peterson,772
Logan,State House Legislative,28,DEM,Rich Deis,374
Logan,State House Legislative,28,DEM,Sheen Deis,347
Logan,State House Legislative,28,REP,Michael Don Brandenburg,656
Logan,State House Legislative,28,REP,William E Kretschmar,628
Logan,State Senate Legislative District 28,,DEM,Kimberly Radermacher,305
Logan,State Senate Legislative District 28,,REP,Robert S Erbele,791
Logan,State Treasurer,,DEM,Dean Meyer,347
Logan,State Treasurer,,REP,Kelly Schmidt,736
Logan,Superintendent of Public Instruction,,,Keith Jacobson,433
Logan,Superintendent of Public Instruction,,,Wayne G Sanstead,624
Logan,Tax Commissioner,,DEM,Mike Every,262
Logan,Tax Commissioner,,REP,Rick Clayburgh,828
Logan,U.S. House,1,DEM,Earl Pomeroy,580
Logan,U.S. House,1,REP,Duane Sand,557
Logan,U.S. Senate,,DEM,Byron L Dorgan,715
Logan,U.S. Senate,,REP,Mike Liffrig,417
McHenry,Agriculture Commissioner,,DEM,Roger Johnson,1595
McHenry,Agriculture Commissioner,,REP,Doug Goehring,1172
McHenry,Attorney General,,DEM,Bruce Schoenwald,893
McHenry,Attorney General,,REP,Wayne Stenehjem,1890
McHenry,C 1: The definition of marriage.,,,No,489
McHenry,C 1: The definition of marriage.,,,Yes,2263
McHenry,Governor and Lt. Governor,,,John Hoeven & Jack Dalrymple,1959
McHenry,Governor and Lt. Governor,,,Joseph A Satrom & Deb Mathern,810
McHenry,Governor and Lt. Governor,,,Roland Riemers & Mitchell Sanderson,52
McHenry,Insurance Commissioner,,DEM,Terry Barnes,1091
McHenry,Insurance Commissioner,,REP,Jim Poolman,1620
McHenry,Justice of the Supreme Court,,,Gerald W VandeWalle,2360
McHenry,President and Vice President,,,George W Bush and Dick Cheney,1744
McHenry,President and Vice President,,,John F Kerry and John Edwards,1030
McHenry,President and Vice President,,,Martin Wishnatsky and Andrew Vanyo,0
McHenry,President and Vice President,,,Michael A Peroutka and Chuck Baldwin,3
McHenry,President and Vice President,,,Michael Badnarik and Richard Campagna,7
McHenry,President and Vice President,,,Ralph Nader and Peter Camejo,36
McHenry,Public Service Commissioner,,DEM,Ron Gumeringer,1037
McHenry,Public Service Commissioner,,REP,Kevin Cramer,1678
McHenry,Secretary of State,,DEM,Douglas Melby,946
McHenry,Secretary of State,,REP,Alvin A (Al) Jaeger,1801
McHenry,State Auditor,,DEM,Brent Edison,1028
McHenry,State Auditor,,REP,Robert R (Bob) Peterson,1683
McHenry,State Treasurer,,DEM,Dean Meyer,1327
McHenry,State Treasurer,,REP,Kelly Schmidt,1399
McHenry,Superintendent of Public Instruction,,,Keith Jacobson,1198
McHenry,Superintendent of Public Instruction,,,Wayne G Sanstead,1500
McHenry,Tax Commissioner,,DEM,Mike Every,933
McHenry,Tax Commissioner,,REP,Rick Clayburgh,1821
McHenry,U.S. House,1,DEM,Earl Pomeroy,1738
McHenry,U.S. House,1,REP,Duane Sand,1084
McHenry,U.S. Senate,,DEM,Byron L Dorgan,2040
McHenry,U.S. Senate,,REP,Mike Liffrig,775
McIntosh,Agriculture Commissioner,,DEM,Roger Johnson,712
McIntosh,Agriculture Commissioner,,REP,Doug Goehring,989
McIntosh,Attorney General,,DEM,Bruce Schoenwald,321
McIntosh,Attorney General,,REP,Wayne Stenehjem,1365
McIntosh,C 1: The definition of marriage.,,,No,275
McIntosh,C 1: The definition of marriage.,,,Yes,1397
McIntosh,Governor and Lt. Governor,,,John Hoeven & Jack Dalrymple,1344
McIntosh,Governor and Lt. Governor,,,Joseph A Satrom & Deb Mathern,351
McIntosh,Governor and Lt. Governor,,,Roland Riemers & Mitchell Sanderson,17
McIntosh,Insurance Commissioner,,DEM,Terry Barnes,531
McIntosh,Insurance Commissioner,,REP,Jim Poolman,1143
McIntosh,Justice of the Supreme Court,,,Gerald W VandeWalle,1458
McIntosh,President and Vice President,,,George W Bush and Dick Cheney,1254
McIntosh,President and Vice President,,,John F Kerry and John Edwards,436
McIntosh,President and Vice President,,,Martin Wishnatsky and Andrew Vanyo,0
McIntosh,President and Vice President,,,Michael A Peroutka and Chuck Baldwin,5
McIntosh,President and Vice President,,,Michael Badnarik and Richard Campagna,3
McIntosh,President and Vice President,,,Ralph Nader and Peter Camejo,24
McIntosh,Public Service Commissioner,,DEM,Ron Gumeringer,376
McIntosh,Public Service Commissioner,,REP,Kevin Cramer,1302
McIntosh,Secretary of State,,DEM,Douglas Melby,374
McIntosh,Secretary of State,,REP,Alvin A (Al) Jaeger,1290
McIntosh,State Auditor,,DEM,Brent Edison,412
McIntosh,State Auditor,,REP,Robert R (Bob) Peterson,1261
McIntosh,State House Legislative,28,DEM,Rich Deis,449
McIntosh,State House Legislative,28,DEM,Sheen Deis,412
McIntosh,State House Legislative,28,REP,Michael Don Brandenburg,1102
McIntosh,State House Legislative,28,REP,William E Kretschmar,1171
McIntosh,State Senate Legislative District 28,,DEM,Kimberly Radermacher,468
McIntosh,State Senate Legislative District 28,,REP,Robert S Erbele,1216
McIntosh,State Treasurer,,DEM,Dean Meyer,502
McIntosh,State Treasurer,,REP,Kelly Schmidt,1170
McIntosh,Superintendent of Public Instruction,,,Keith Jacobson,542
McIntosh,Superintendent of Public Instruction,,,Wayne G Sanstead,1088
McIntosh,Tax Commissioner,,DEM,Mike Every,357
McIntosh,Tax Commissioner,,REP,Rick Clayburgh,1338
McIntosh,U.S. House,1,DEM,Earl Pomeroy,826
McIntosh,U.S. House,1,REP,Duane Sand,906
McIntosh,U.S. Senate,,DEM,Byron L Dorgan,1067
McIntosh,U.S. Senate,,REP,Mike Liffrig,665
McKenzie,Agriculture Commissioner,,DEM,Roger Johnson,1343
McKenzie,Agriculture Commissioner,,REP,Doug Goehring,1286
McKenzie,Attorney General,,DEM,Bruce Schoenwald,703
McKenzie,Attorney General,,REP,Wayne Stenehjem,1981
McKenzie,C 1: The definition of marriage.,,,No,448
McKenzie,C 1: The definition of marriage.,,,Yes,2200
McKenzie,Governor and Lt. Governor,,,John Hoeven & Jack Dalrymple,2082
McKenzie,Governor and Lt. Governor,,,Joseph A Satrom & Deb Mathern,614
McKenzie,Governor and Lt. Governor,,,Roland Riemers & Mitchell Sanderson,40
McKenzie,Insurance Commissioner,,DEM,Terry Barnes,1030
McKenzie,Insurance Commissioner,,REP,Jim Poolman,1530
McKenzie,Justice of the Supreme Court,,,Gerald W VandeWalle,2033
McKenzie,President and Vice President,,,George W Bush and Dick Cheney,1897
McKenzie,President and Vice President,,,John F Kerry and John Edwards,847
McKenzie,President and Vice President,,,Martin Wishnatsky and Andrew Vanyo,0
McKenzie,President and Vice President,,,Michael A Peroutka and Chuck Baldwin,1
McKenzie,President and Vice President,,,Michael Badnarik and Richard Campagna,2
McKenzie,President and Vice President,,,Ralph Nader and Peter Camejo,15
McKenzie,Public Service Commissioner,,DEM,Ron Gumeringer,810
McKenzie,Public Service Commissioner,,REP,Kevin Cramer,1757
McKenzie,Secretary of State,,DEM,Douglas Melby,905
McKenzie,Secretary of State,,REP,Alvin A (Al) Jaeger,1711
McKenzie,State Auditor,,DEM,Brent Edison,808
McKenzie,State Auditor,,REP,Robert R (Bob) Peterson,1801
McKenzie,State House Legislative,4,DEM,Kenton Onstad,113
McKenzie,State House Legislative,4,DEM,Phyllis Howard,286
McKenzie,State House Legislative,4,REP,Dawn Charging,152
McKenzie,State Senate Legislative District 4,,DEM,John Warner,182
McKenzie,State Senate Legislative District 4,,REP,Terry E Fredericks,222
McKenzie,State Treasurer,,DEM,Dean Meyer,1445
McKenzie,State Treasurer,,REP,Kelly Schmidt,1245
McKenzie,Superintendent of Public Instruction,,,Keith Jacobson,982
McKenzie,Superintendent of Public Instruction,,,Wayne G Sanstead,1522
McKenzie,Tax Commissioner,,DEM,Mike Every,651
McKenzie,Tax Commissioner,,REP,Rick Clayburgh,1870
McKenzie,U.S. House,1,DEM,Earl Pomeroy,1578
McKenzie,U.S. House,1,REP,Duane Sand,1151
McKenzie,U.S. Senate,,DEM,Byron L Dorgan,1773
McKenzie,U.S. Senate,,REP,Mike Liffrig,963
McLean,Agriculture Commissioner,,DEM,Roger Johnson,2532
McLean,Agriculture Commissioner,,REP,Doug Goehring,2095
McLean,Attorney General,,DEM,Bruce Schoenwald,1479
McLean,Attorney General,,REP,Wayne Stenehjem,3156
McLean,C 1: The definition of marriage.,,,No,896
McLean,C 1: The definition of marriage.,,,Yes,3662
McLean,Governor and Lt. Governor,,,John Hoeven & Jack Dalrymple,3221
McLean,Governor and Lt. Governor,,,Joseph A Satrom & Deb Mathern,1423
McLean,Governor and Lt. Governor,,,Roland Riemers & Mitchell Sanderson,56
McLean,Insurance Commissioner,,DEM,Terry Barnes,1825
McLean,Insurance Commissioner,,REP,Jim Poolman,2693
McLean,Justice of the Supreme Court,,,Gerald W VandeWalle,3828
McLean,President and Vice President,,,George W Bush and Dick Cheney,2995
McLean,President and Vice President,,,John F Kerry and John Edwards,1651
McLean,President and Vice President,,,Martin Wishnatsky and Andrew Vanyo,0
McLean,President and Vice President,,,Michael A Peroutka and Chuck Baldwin,7
McLean,President and Vice President,,,Michael Badnarik and Richard Campagna,8
McLean,President and Vice President,,,Ralph Nader and Peter Camejo,56
McLean,Public Service Commissioner,,DEM,Ron Gumeringer,1621
McLean,Public Service Commissioner,,REP,Kevin Cramer,2929
McLean,Secretary of State,,DEM,Douglas Melby,1649
McLean,Secretary of State,,REP,Alvin A (Al) Jaeger,2932
McLean,State Auditor,,DEM,Brent Edison,1956
McLean,State Auditor,,REP,Robert R (Bob) Peterson,2590
McLean,State House Legislative,4,DEM,Kenton Onstad,793
McLean,State House Legislative,4,DEM,Phyllis Howard,657
McLean,State House Legislative,4,REP,Dawn Charging,975
McLean,State House Legislative,8,DEM,Ken Baker,1176
McLean,State House Legislative,8,DEM,Muriel Kisse,1157
McLean,State House Legislative,8,REP,Dwight Wrangham,1471
McLean,State House Legislative,8,REP,Jeff Delzer,1667
McLean,State Senate Legislative District 4,,DEM,John Warner,933
McLean,State Senate Legislative District 4,,REP,Terry E Fredericks,689
McLean,State Senate Legislative District 8,,DEM,Wes Weible,1355
McLean,State Senate Legislative District 8,,REP,Layton Freborg,1655
McLean,State Treasurer,,DEM,Dean Meyer,2316
McLean,State Treasurer,,REP,Kelly Schmidt,2266
McLean,Superintendent of Public Instruction,,,Keith Jacobson,2066
McLean,Superintendent of Public Instruction,,,Wayne G Sanstead,2376
McLean,Tax Commissioner,,DEM,Mike Every,1523
McLean,Tax Commissioner,,REP,Rick Clayburgh,3084
McLean,U.S. House,1,DEM,Earl Pomeroy,2664
McLean,U.S. House,1,REP,Duane Sand,2056
McLean,U.S. Senate,,DEM,Byron L Dorgan,3156
McLean,U.S. Senate,,REP,Mike Liffrig,1550
Mercer,Agriculture Commissioner,,DEM,Roger Johnson,2149
Mercer,Agriculture Commissioner,,REP,Doug Goehring,2343
Mercer,Attorney General,,DEM,Bruce Schoenwald,1176
Mercer,Attorney General,,REP,Wayne Stenehjem,3349
Mercer,C 1: The definition of marriage.,,,No,702
Mercer,C 1: The definition of marriage.,,,Yes,3877
Mercer,Governor and Lt. Governor,,,John Hoeven & Jack Dalrymple,3358
Mercer,Governor and Lt. Governor,,,Joseph A Satrom & Deb Mathern,1208
Mercer,Governor and Lt. Governor,,,Roland Riemers & Mitchell Sanderson,46
Mercer,Insurance Commissioner,,DEM,Terry Barnes,1774
Mercer,Insurance Commissioner,,REP,Jim Poolman,2714
Mercer,Justice of the Supreme Court,,,Gerald W VandeWalle,3974
Mercer,President and Vice President,,,George W Bush and Dick Cheney,3285
Mercer,President and Vice President,,,John F Kerry and John Edwards,1245
Mercer,President and Vice President,,,Martin Wishnatsky and Andrew Vanyo,1
Mercer,President and Vice President,,,Michael A Peroutka and Chuck Baldwin,10
Mercer,President and Vice President,,,Michael Badnarik and Richard Campagna,8
Mercer,President and Vice President,,,Ralph Nader and Peter Camejo,68
Mercer,Public Service Commissioner,,DEM,Ron Gumeringer,1295
Mercer,Public Service Commissioner,,REP,Kevin Cramer,3155
Mercer,Secretary of State,,DEM,Douglas Melby,1277
Mercer,Secretary of State,,REP,Alvin A (Al) Jaeger,3245
Mercer,State Auditor,,DEM,Brent Edison,1364
Mercer,State Auditor,,REP,Robert R (Bob) Peterson,3092
Mercer,State House Legislative,4,DEM,Kenton Onstad,0
Mercer,State House Legislative,4,DEM,Phyllis Howard,4
Mercer,State House Legislative,4,REP,Dawn Charging,2
Mercer,State Senate Legislative District 4,,DEM,John Warner,3
Mercer,State Senate Legislative District 4,,REP,Terry E Fredericks,3
Mercer,State Treasurer,,DEM,Dean Meyer,2004
Mercer,State Treasurer,,REP,Kelly Schmidt,2485
Mercer,Superintendent of Public Instruction,,,Keith Jacobson,1893
Mercer,Superintendent of Public Instruction,,,Wayne G Sanstead,2508
Mercer,Tax Commissioner,,DEM,Mike Every,1242
Mercer,Tax Commissioner,,REP,Rick Clayburgh,3252
Mercer,U.S. House,1,DEM,Earl Pomeroy,2331
Mercer,U.S. House,1,REP,Duane Sand,2277
Mercer,U.S. Senate,,DEM,Byron L Dorgan,2758
Mercer,U.S. Senate,,REP,Mike Liffrig,1854
Morton,Agriculture Commissioner,,DEM,Roger Johnson,5835
Morton,Agriculture Commissioner,,REP,Doug Goehring,6323
Morton,Attorney General,,DEM,Bruce Schoenwald,3321
Morton,Attorney General,,REP,Wayne Stenehjem,8942
Morton,C 1: The definition of marriage.,,,No,3058
Morton,C 1: The definition of marriage.,,,Yes,9214
Morton,Governor and Lt. Governor,,,John Hoeven & Jack Dalrymple,8735
Morton,Governor and Lt. Governor,,,Joseph A Satrom & Deb Mathern,3663
Morton,Governor and Lt. Governor,,,Roland Riemers & Mitchell Sanderson,188
Morton,Insurance Commissioner,,DEM,Terry Barnes,3361
Morton,Insurance Commissioner,,REP,Jim Poolman,8903
Morton,Justice of the Supreme Court,,,Gerald W VandeWalle,10124
Morton,President and Vice President,,,George W Bush and Dick Cheney,8325
Morton,President and Vice President,,,John F Kerry and John Edwards,4073
Morton,President and Vice President,,,Martin Wishnatsky and Andrew Vanyo,0
Morton,President and Vice President,,,Michael A Peroutka and Chuck Baldwin,13
Morton,President and Vice President,,,Michael Badnarik and Richard Campagna,31
Morton,President and Vice President,,,Ralph Nader and Peter Camejo,191
Morton,Public Service Commissioner,,DEM,Ron Gumeringer,3915
Morton,Public Service Commissioner,,REP,Kevin Cramer,8123
Morton,Secretary of State,,DEM,Douglas Melby,3940
Morton,Secretary of State,,REP,Alvin A (Al) Jaeger,8180
Morton,State Auditor,,DEM,Brent Edison,4094
Morton,State Auditor,,REP,Robert R (Bob) Peterson,7899
Morton,State House Legislative,34,DEM,Charlie Barber,2491
Morton,State House Legislative,34,REP,Rae Ann Kelsch,4533
Morton,State House Legislative,34,REP,Todd Porter,4496
Morton,State House Legislative,36,DEM,Larry D Rafferty,390
Morton,State House Legislative,36,DEM,Shirley Meyer,409
Morton,State House Legislative,36,REP,C B Haas,456
Morton,State House Legislative,36,REP,Frank Klein,502
Morton,State Senate Legislative District 34,,DEM,Sid Kadrmas,2432
Morton,State Senate Legislative District 34,,REP,Dwight Cook,4395
Morton,State Senate Legislative District 36,,DEM,Cindie S Fugere,349
Morton,State Senate Legislative District 36,,REP,Herb Urlacher,606
Morton,State Treasurer,,DEM,Dean Meyer,5221
Morton,State Treasurer,,REP,Kelly Schmidt,6868
Morton,Superintendent of Public Instruction,,,Keith Jacobson,5347
Morton,Superintendent of Public Instruction,,,Wayne G Sanstead,6403
Morton,Tax Commissioner,,DEM,Mike Every,3679
Morton,Tax Commissioner,,REP,Rick Clayburgh,8526
Morton,U.S. House,1,DEM,Earl Pomeroy,6776
Morton,U.S. House,1,REP,Duane Sand,5797
Morton,U.S. Senate,,DEM,Byron L Dorgan,7895
Morton,U.S. Senate,,REP,Mike Liffrig,4676
Mountrail,Agriculture Commissioner,,DEM,Roger Johnson,2013
Mountrail,Agriculture Commissioner,,REP,Doug Goehring,979
Mountrail,Attorney General,,DEM,Bruce Schoenwald,1258
Mountrail,Attorney General,,REP,Wayne Stenehjem,1733
Mountrail,C 1: The definition of marriage.,,,No,655
Mountrail,C 1: The definition of marriage.,,,Yes,2302
Mountrail,Governor and Lt. Governor,,,John Hoeven & Jack Dalrymple,1891
Mountrail,Governor and Lt. Governor,,,Joseph A Satrom & Deb Mathern,1083
Mountrail,Governor and Lt. Governor,,,Roland Riemers & Mitchell Sanderson,44
Mountrail,Insurance Commissioner,,DEM,Terry Barnes,1616
Mountrail,Insurance Commissioner,,REP,Jim Poolman,1298
Mountrail,Justice of the Supreme Court,,,Gerald W VandeWalle,2527
Mountrail,President and Vice President,,,George W Bush and Dick Cheney,1520
Mountrail,President and Vice President,,,John F Kerry and John Edwards,1463
Mountrail,President and Vice President,,,Martin Wishnatsky and Andrew Vanyo,0
Mountrail,President and Vice President,,,Michael A Peroutka and Chuck Baldwin,2
Mountrail,President and Vice President,,,Michael Badnarik and Richard Campagna,6
Mountrail,President and Vice President,,,Ralph Nader and Peter Camejo,30
Mountrail,Public Service Commissioner,,DEM,Ron Gumeringer,1383
Mountrail,Public Service Commissioner,,REP,Kevin Cramer,1519
Mountrail,Secretary of State,,DEM,Douglas Melby,1441
Mountrail,Secretary of State,,REP,Alvin A (Al) Jaeger,1502
Mountrail,State Auditor,,DEM,Brent Edison,1400
Mountrail,State Auditor,,REP,Robert R (Bob) Peterson,1514
Mountrail,State House Legislative,2,DEM,Bob Stefonowicz,332
Mountrail,State House Legislative,2,DEM,Dorvan Solberg,406
Mountrail,State House Legislative,2,REP,Bob Skarphol,451
Mountrail,State House Legislative,2,REP,Rita Wilhelmi,676
Mountrail,State House Legislative,4,DEM,Kenton Onstad,1050
Mountrail,State House Legislative,4,DEM,Phyllis Howard,1007
Mountrail,State House Legislative,4,REP,Dawn Charging,811
Mountrail,State Senate Legislative District 2,,DEM,Tim Holte,584
Mountrail,State Senate Legislative District 2,,REP,John M Andrist,433
Mountrail,State Senate Legislative District 4,,DEM,John Warner,1246
Mountrail,State Senate Legislative District 4,,REP,Terry E Fredericks,716
Mountrail,State Treasurer,,DEM,Dean Meyer,1882
Mountrail,State Treasurer,,REP,Kelly Schmidt,1077
Mountrail,Superintendent of Public Instruction,,,Keith Jacobson,1128
Mountrail,Superintendent of Public Instruction,,,Wayne G Sanstead,1768
Mountrail,Tax Commissioner,,DEM,Mike Every,1316
Mountrail,Tax Commissioner,,REP,Rick Clayburgh,1640
Mountrail,U.S. House,1,DEM,Earl Pomeroy,2134
Mountrail,U.S. House,1,REP,Duane Sand,893
Mountrail,U.S. Senate,,DEM,Byron L Dorgan,2383
Mountrail,U.S. Senate,,REP,Mike Liffrig,640
Nelson,Agriculture Commissioner,,DEM,Roger Johnson,1083
Nelson,Agriculture Commissioner,,REP,Doug Goehring,794
Nelson,Attorney General,,DEM,Bruce Schoenwald,592
Nelson,Attorney General,,REP,Wayne Stenehjem,1272
Nelson,C 1: The definition of marriage.,,,No,471
Nelson,C 1: The definition of marriage.,,,Yes,1407
Nelson,Governor and Lt. Governor,,,John Hoeven & Jack Dalrymple,1308
Nelson,Governor and Lt. Governor,,,Joseph A Satrom & Deb Mathern,582
Nelson,Governor and Lt. Governor,,,Roland Riemers & Mitchell Sanderson,18
Nelson,Insurance Commissioner,,DEM,Terry Barnes,755
Nelson,Insurance Commissioner,,REP,Jim Poolman,1069
Nelson,Justice of the Supreme Court,,,Gerald W VandeWalle,1568
Nelson,President and Vice President,,,George W Bush and Dick Cheney,1107
Nelson,President and Vice President,,,John F Kerry and John Edwards,778
Nelson,President and Vice President,,,Martin Wishnatsky and Andrew Vanyo,0
Nelson,President and Vice President,,,Michael A Peroutka and Chuck Baldwin,5
Nelson,President and Vice President,,,Michael Badnarik and Richard Campagna,6
Nelson,President and Vice President,,,Ralph Nader and Peter Camejo,26
Nelson,Public Service Commissioner,,DEM,Ron Gumeringer,694
Nelson,Public Service Commissioner,,REP,Kevin Cramer,1125
Nelson,Secretary of State,,DEM,Douglas Melby,758
Nelson,Secretary of State,,REP,Alvin A (Al) Jaeger,1073
Nelson,State Auditor,,DEM,Brent Edison,719
Nelson,State Auditor,,REP,Robert R (Bob) Peterson,1096
Nelson,State House Legislative,23,DEM,Joan Heckaman,853
Nelson,State House Legislative,23,REP,Donald W Vigesaa,1021
Nelson,State Treasurer,,DEM,Dean Meyer,887
Nelson,State Treasurer,,REP,Kelly Schmidt,956
Nelson,Superintendent of Public Instruction,,,Keith Jacobson,743
Nelson,Superintendent of Public Instruction,,,Wayne G Sanstead,1058
Nelson,Tax Commissioner,,DEM,Mike Every,710
Nelson,Tax Commissioner,,REP,Rick Clayburgh,1156
Nelson,U.S. House,1,DEM,Earl Pomeroy,1326
Nelson,U.S. House,1,REP,Duane Sand,598
Nelson,U.S. Senate,,DEM,Byron L Dorgan,1443
Nelson,U.S. Senate,,REP,Mike Liffrig,488
Oliver,Agriculture Commissioner,,DEM,Roger Johnson,577
Oliver,Agriculture Commissioner,,REP,Doug Goehring,531
Oliver,Attorney General,,DEM,Bruce Schoenwald,267
Oliver,Attorney General,,REP,Wayne Stenehjem,844
Oliver,C 1: The definition of marriage.,,,No,206
Oliver,C 1: The definition of marriage.,,,Yes,896
Oliver,Governor and Lt. Governor,,,John Hoeven & Jack Dalrymple,824
Oliver,Governor and Lt. Governor,,,Joseph A Satrom & Deb Mathern,280
Oliver,Governor and Lt. Governor,,,Roland Riemers & Mitchell Sanderson,18
Oliver,Insurance Commissioner,,DEM,Terry Barnes,345
Oliver,Insurance Commissioner,,REP,Jim Poolman,764
Oliver,Justice of the Supreme Court,,,Gerald W VandeWalle,957
Oliver,President and Vice President,,,George W Bush and Dick Cheney,790
Oliver,President and Vice President,,,John F Kerry and John Edwards,310
Oliver,President and Vice President,,,Martin Wishnatsky and Andrew Vanyo,0
Oliver,President and Vice President,,,Michael A Peroutka and Chuck Baldwin,3
Oliver,President and Vice President,,,Michael Badnarik and Richard Campagna,1
Oliver,President and Vice President,,,Ralph Nader and Peter Camejo,15
Oliver,Public Service Commissioner,,DEM,Ron Gumeringer,307
Oliver,Public Service Commissioner,,REP,Kevin Cramer,790
Oliver,Secretary of State,,DEM,Douglas Melby,299
Oliver,Secretary of State,,REP,Alvin A (Al) Jaeger,809
Oliver,State Auditor,,DEM,Brent Edison,320
Oliver,State Auditor,,REP,Robert R (Bob) Peterson,768
Oliver,State Treasurer,,DEM,Dean Meyer,516
Oliver,State Treasurer,,REP,Kelly Schmidt,581
Oliver,Superintendent of Public Instruction,,,Keith Jacobson,533
Oliver,Superintendent of Public Instruction,,,Wayne G Sanstead,547
Oliver,Tax Commissioner,,DEM,Mike Every,277
Oliver,Tax Commissioner,,REP,Rick Clayburgh,840
Oliver,U.S. House,1,DEM,Earl Pomeroy,592
Oliver,U.S. House,1,REP,Duane Sand,531
Oliver,U.S. Senate,,DEM,Byron L Dorgan,673
Oliver,U.S. Senate,,REP,Mike Liffrig,449
Pembina,Agriculture Commissioner,,DEM,Roger Johnson,1819
Pembina,Agriculture Commissioner,,REP,Doug Goehring,1880
Pembina,Attorney General,,DEM,Bruce Schoenwald,970
Pembina,Attorney General,,REP,Wayne Stenehjem,2752
Pembina,C 1: The definition of marriage.,,,No,780
Pembina,C 1: The definition of marriage.,,,Yes,3010
Pembina,Governor and Lt. Governor,,,John Hoeven & Jack Dalrymple,2960
Pembina,Governor and Lt. Governor,,,Joseph A Satrom & Deb Mathern,832
Pembina,Governor and Lt. Governor,,,Roland Riemers & Mitchell Sanderson,57
Pembina,Insurance Commissioner,,DEM,Terry Barnes,1246
Pembina,Insurance Commissioner,,REP,Jim Poolman,2378
Pembina,Justice of the Supreme Court,,,Gerald W VandeWalle,3112
Pembina,President and Vice President,,,George W Bush and Dick Cheney,2466
Pembina,President and Vice President,,,John F Kerry and John Edwards,1321
Pembina,President and Vice President,,,Martin Wishnatsky and Andrew Vanyo,0
Pembina,President and Vice President,,,Michael A Peroutka and Chuck Baldwin,8
Pembina,President and Vice President,,,Michael Badnarik and Richard Campagna,8
Pembina,President and Vice President,,,Ralph Nader and Peter Camejo,53
Pembina,Public Service Commissioner,,DEM,Ron Gumeringer,1188
Pembina,Public Service Commissioner,,REP,Kevin Cramer,2400
Pembina,Secretary of State,,DEM,Douglas Melby,1224
Pembina,Secretary of State,,REP,Alvin A (Al) Jaeger,2407
Pembina,State Auditor,,DEM,Brent Edison,1267
Pembina,State Auditor,,REP,Robert R (Bob) Peterson,2366
Pembina,State House Legislative,10,DEM,Dwight Bassingthwaite,912
Pembina,State House Legislative,10,DEM,Hans Reinhardt,1134
Pembina,State House Legislative,10,REP,"Charles ""Chuck"" Damschen",1782
Pembina,State House Legislative,10,REP,David Monson,2091
Pembina,State House Legislative,16,DEM,Allen Ruzicka,197
Pembina,State House Legislative,16,REP,Gil Herbel,247
Pembina,State House Legislative,16,REP,Joyce Kingsbury,258
Pembina,State Senate Legislative District 10,,DEM,Robert Nowatzki,1146
Pembina,State Senate Legislative District 10,,REP,Thomas L Trenbeath,2189
Pembina,State Senate Legislative District 16,,DEM,Harvey Tallackson,283
Pembina,State Senate Legislative District 16,,REP,Harry Iverson,177
Pembina,State Treasurer,,DEM,Dean Meyer,1494
Pembina,State Treasurer,,REP,Kelly Schmidt,2138
Pembina,Superintendent of Public Instruction,,,Keith Jacobson,1236
Pembina,Superintendent of Public Instruction,,,Wayne G Sanstead,2329
Pembina,Tax Commissioner,,DEM,Mike Every,1093
Pembina,Tax Commissioner,,REP,Rick Clayburgh,2650
Pembina,U.S. House,1,DEM,Earl Pomeroy,2383
Pembina,U.S. House,1,REP,Duane Sand,1475
Pembina,U.S. Senate,,DEM,Byron L Dorgan,2625
Pembina,U.S. Senate,,REP,Mike Liffrig,1240
Pierce,Agriculture Commissioner,,DEM,Roger Johnson,1100
Pierce,Agriculture Commissioner,,REP,Doug Goehring,1027
Pierce,Attorney General,,DEM,Bruce Schoenwald,591
Pierce,Attorney General,,REP,Wayne Stenehjem,1555
Pierce,C 1: The definition of marriage.,,,No,397
Pierce,C 1: The definition of marriage.,,,Yes,1755
Pierce,Governor and Lt. Governor,,,John Hoeven & Jack Dalrymple,1626
Pierce,Governor and Lt. Governor,,,Joseph A Satrom & Deb Mathern,529
Pierce,Governor and Lt. Governor,,,Roland Riemers & Mitchell Sanderson,28
Pierce,Insurance Commissioner,,DEM,Terry Barnes,697
Pierce,Insurance Commissioner,,REP,Jim Poolman,1407
Pierce,Justice of the Supreme Court,,,Gerald W VandeWalle,1777
Pierce,President and Vice President,,,George W Bush and Dick Cheney,1475
Pierce,President and Vice President,,,John F Kerry and John Edwards,686
Pierce,President and Vice President,,,Martin Wishnatsky and Andrew Vanyo,0
Pierce,President and Vice President,,,Michael A Peroutka and Chuck Baldwin,8
Pierce,President and Vice President,,,Michael Badnarik and Richard Campagna,2
Pierce,President and Vice President,,,Ralph Nader and Peter Camejo,24
Pierce,Public Service Commissioner,,DEM,Ron Gumeringer,720
Pierce,Public Service Commissioner,,REP,Kevin Cramer,1380
Pierce,Secretary of State,,DEM,Douglas Melby,616
Pierce,Secretary of State,,REP,Alvin A (Al) Jaeger,1508
Pierce,State Auditor,,DEM,Brent Edison,674
Pierce,State Auditor,,REP,Robert R (Bob) Peterson,1422
Pierce,State Treasurer,,DEM,Dean Meyer,875
Pierce,State Treasurer,,REP,Kelly Schmidt,1235
Pierce,Superintendent of Public Instruction,,,Keith Jacobson,875
Pierce,Superintendent of Public Instruction,,,Wayne G Sanstead,1200
Pierce,Tax Commissioner,,DEM,Mike Every,618
Pierce,Tax Commissioner,,REP,Rick Clayburgh,1521
Pierce,U.S. House,1,DEM,Earl Pomeroy,1256
Pierce,U.S. House,1,REP,Duane Sand,938
Pierce,U.S. Senate,,DEM,Byron L Dorgan,1479
Pierce,U.S. Senate,,REP,Mike Liffrig,719
Ramsey,Agriculture Commissioner,,DEM,Roger Johnson,2521
Ramsey,Agriculture Commissioner,,REP,Doug Goehring,2239
Ramsey,Attorney General,,DEM,Bruce Schoenwald,1338
Ramsey,Attorney General,,REP,Wayne Stenehjem,3473
Ramsey,C 1: The definition of marriage.,,,No,1323
Ramsey,C 1: The definition of marriage.,,,Yes,3429
Ramsey,Governor and Lt. Governor,,,John Hoeven & Jack Dalrymple,3599
Ramsey,Governor and Lt. Governor,,,Joseph A Satrom & Deb Mathern,1223
Ramsey,Governor and Lt. Governor,,,Roland Riemers & Mitchell Sanderson,68
Ramsey,Insurance Commissioner,,DEM,Terry Barnes,1905
Ramsey,Insurance Commissioner,,REP,Jim Poolman,2741
Ramsey,Justice of the Supreme Court,,,Gerald W VandeWalle,4160
Ramsey,President and Vice President,,,George W Bush and Dick Cheney,2943
Ramsey,President and Vice President,,,John F Kerry and John Edwards,1885
Ramsey,President and Vice President,,,Martin Wishnatsky and Andrew Vanyo,0
Ramsey,President and Vice President,,,Michael A Peroutka and Chuck Baldwin,5
Ramsey,President and Vice President,,,Michael Badnarik and Richard Campagna,9
Ramsey,President and Vice President,,,Ralph Nader and Peter Camejo,58
Ramsey,Public Service Commissioner,,DEM,Ron Gumeringer,1752
Ramsey,Public Service Commissioner,,REP,Kevin Cramer,2915
Ramsey,Secretary of State,,DEM,Douglas Melby,1634
Ramsey,Secretary of State,,REP,Alvin A (Al) Jaeger,3073
Ramsey,State Auditor,,DEM,Brent Edison,1817
Ramsey,State Auditor,,REP,Robert R (Bob) Peterson,2870
Ramsey,State Treasurer,,DEM,Dean Meyer,2107
Ramsey,State Treasurer,,REP,Kelly Schmidt,2577
Ramsey,Superintendent of Public Instruction,,,Keith Jacobson,1456
Ramsey,Superintendent of Public Instruction,,,Wayne G Sanstead,3098
Ramsey,Tax Commissioner,,DEM,Mike Every,1761
Ramsey,Tax Commissioner,,REP,Rick Clayburgh,3038
Ramsey,U.S. House,1,DEM,Earl Pomeroy,3269
Ramsey,U.S. House,1,REP,Duane Sand,1664
Ramsey,U.S. Senate,,DEM,Byron L Dorgan,3567
Ramsey,U.S. Senate,,REP,Mike Liffrig,1362
Ransom,Agriculture Commissioner,,DEM,Roger Johnson,1502
Ransom,Agriculture Commissioner,,REP,Doug Goehring,1017
Ransom,Attorney General,,DEM,Bruce Schoenwald,870
Ransom,Attorney General,,REP,Wayne Stenehjem,1657
Ransom,C 1: The definition of marriage.,,,No,610
Ransom,C 1: The definition of marriage.,,,Yes,1901
Ransom,Governor and Lt. Governor,,,John Hoeven & Jack Dalrymple,1656
Ransom,Governor and Lt. Governor,,,Joseph A Satrom & Deb Mathern,904
Ransom,Governor and Lt. Governor,,,Roland Riemers & Mitchell Sanderson,27
Ransom,Insurance Commissioner,,DEM,Terry Barnes,1144
Ransom,Insurance Commissioner,,REP,Jim Poolman,1323
Ransom,Justice of the Supreme Court,,,Gerald W VandeWalle,2173
Ransom,President and Vice President,,,George W Bush and Dick Cheney,1352
Ransom,President and Vice President,,,John F Kerry and John Edwards,1199
Ransom,President and Vice President,,,Martin Wishnatsky and Andrew Vanyo,0
Ransom,President and Vice President,,,Michael A Peroutka and Chuck Baldwin,2
Ransom,President and Vice President,,,Michael Badnarik and Richard Campagna,9
Ransom,President and Vice President,,,Ralph Nader and Peter Camejo,40
Ransom,Public Service Commissioner,,DEM,Ron Gumeringer,1076
Ransom,Public Service Commissioner,,REP,Kevin Cramer,1386
Ransom,Secretary of State,,DEM,Douglas Melby,1142
Ransom,Secretary of State,,REP,Alvin A (Al) Jaeger,1338
Ransom,State Auditor,,DEM,Brent Edison,1169
Ransom,State Auditor,,REP,Robert R (Bob) Peterson,1315
Ransom,State House Legislative,24,DEM,Phillip Mueller,1017
Ransom,State House Legislative,24,DEM,Ralph Metcalf,1119
Ransom,State House Legislative,24,REP,Lyle Thomason,814
Ransom,State House Legislative,24,REP,Phil Leitner,721
Ransom,State House Legislative,26,DEM,Bill Amerman,356
Ransom,State House Legislative,26,DEM,Pam Gulleson,423
Ransom,State Senate Legislative District 24,,DEM,Larry J Robinson,1673
Ransom,State Senate Legislative District 26,,DEM,Joel C Heitkamp,483
Ransom,State Treasurer,,DEM,Dean Meyer,1347
Ransom,State Treasurer,,REP,Kelly Schmidt,1145
Ransom,Superintendent of Public Instruction,,,Keith Jacobson,832
Ransom,Superintendent of Public Instruction,,,Wayne G Sanstead,1592
Ransom,Tax Commissioner,,DEM,Mike Every,963
Ransom,Tax Commissioner,,REP,Rick Clayburgh,1559
Ransom,U.S. House,1,DEM,Earl Pomeroy,1840
Ransom,U.S. House,1,REP,Duane Sand,770
Ransom,U.S. Senate,,DEM,Byron L Dorgan,2060
Ransom,U.S. Senate,,REP,Mike Liffrig,546
Renville,Agriculture Commissioner,,DEM,Roger Johnson,858
Renville,Agriculture Commissioner,,REP,Doug Goehring,574
Renville,Attorney General,,DEM,Bruce Schoenwald,381
Renville,Attorney General,,REP,Wayne Stenehjem,1044
Renville,C 1: The definition of marriage.,,,No,223
Renville,C 1: The definition of marriage.,,,Yes,1181
Renville,Governor and Lt. Governor,,,John Hoeven & Jack Dalrymple,1078
Renville,Governor and Lt. Governor,,,Joseph A Satrom & Deb Mathern,362
Renville,Governor and Lt. Governor,,,Roland Riemers & Mitchell Sanderson,14
Renville,Insurance Commissioner,,DEM,Terry Barnes,524
Renville,Insurance Commissioner,,REP,Jim Poolman,864
Renville,Justice of the Supreme Court,,,Gerald W VandeWalle,1237
Renville,President and Vice President,,,George W Bush and Dick Cheney,953
Renville,President and Vice President,,,John F Kerry and John Edwards,497
Renville,President and Vice President,,,Martin Wishnatsky and Andrew Vanyo,0
Renville,President and Vice President,,,Michael A Peroutka and Chuck Baldwin,1
Renville,President and Vice President,,,Michael Badnarik and Richard Campagna,0
Renville,President and Vice President,,,Ralph Nader and Peter Camejo,18
Renville,Public Service Commissioner,,DEM,Ron Gumeringer,478
Renville,Public Service Commissioner,,REP,Kevin Cramer,909
Renville,Secretary of State,,DEM,Douglas Melby,457
Renville,Secretary of State,,REP,Alvin A (Al) Jaeger,943
Renville,State Auditor,,DEM,Brent Edison,465
Renville,State Auditor,,REP,Robert R (Bob) Peterson,923
Renville,State House Legislative,6,DEM,Bob Hunskor,829
Renville,State House Legislative,6,DEM,Troy Oster,491
Renville,State House Legislative,6,REP,Glen Froseth,806
Renville,State House Legislative,6,REP,Jodie Mjoen,497
Renville,State Senate Legislative District 6,,,"David Paul O""Connell",824
Renville,State Senate Legislative District 6,,REP,Milton Hoyt,625
Renville,State Treasurer,,DEM,Dean Meyer,637
Renville,State Treasurer,,REP,Kelly Schmidt,758
Renville,Superintendent of Public Instruction,,,Keith Jacobson,601
Renville,Superintendent of Public Instruction,,,Wayne G Sanstead,794
Renville,Tax Commissioner,,DEM,Mike Every,426
Renville,Tax Commissioner,,REP,Rick Clayburgh,985
Renville,U.S. House,1,DEM,Earl Pomeroy,924
Renville,U.S. House,1,REP,Duane Sand,541
Renville,U.S. Senate,,DEM,Byron L Dorgan,1078
Renville,U.S. Senate,,REP,Mike Liffrig,390
Richland,Agriculture Commissioner,,DEM,Roger Johnson,3825
Richland,Agriculture Commissioner,,REP,Doug Goehring,3907
Richland,Attorney General,,DEM,Bruce Schoenwald,2025
Richland,Attorney General,,REP,Wayne Stenehjem,5849
Richland,C 1: The definition of marriage.,,,No,1837
Richland,C 1: The definition of marriage.,,,Yes,6185
Richland,Governor and Lt. Governor,,,John Hoeven & Jack Dalrymple,5720
Richland,Governor and Lt. Governor,,,Joseph A Satrom & Deb Mathern,2302
Richland,Governor and Lt. Governor,,,Roland Riemers & Mitchell Sanderson,88
Richland,Insurance Commissioner,,DEM,Terry Barnes,2704
Richland,Insurance Commissioner,,REP,Jim Poolman,4895
Richland,Justice of the Supreme Court,,,Gerald W VandeWalle,6455
Richland,President and Vice President,,,George W Bush and Dick Cheney,5264
Richland,President and Vice President,,,John F Kerry and John Edwards,2821
Richland,President and Vice President,,,Martin Wishnatsky and Andrew Vanyo,0
Richland,President and Vice President,,,Michael A Peroutka and Chuck Baldwin,11
Richland,President and Vice President,,,Michael Badnarik and Richard Campagna,25
Richland,President and Vice President,,,Ralph Nader and Peter Camejo,94
Richland,Public Service Commissioner,,DEM,Ron Gumeringer,2493
Richland,Public Service Commissioner,,REP,Kevin Cramer,5094
Richland,Secretary of State,,DEM,Douglas Melby,2590
Richland,Secretary of State,,REP,Alvin A (Al) Jaeger,5049
Richland,State Auditor,,DEM,Brent Edison,2752
Richland,State Auditor,,REP,Robert R (Bob) Peterson,4874
Richland,State House Legislative,25,DEM,Arden C Anderson,2616
Richland,State House Legislative,25,REP,John Wall,3557
Richland,State House Legislative,26,DEM,Bill Amerman,1031
Richland,State House Legislative,26,DEM,Pam Gulleson,1171
Richland,State Senate Legislative District 26,,DEM,Joel C Heitkamp,1510
Richland,State Treasurer,,DEM,Dean Meyer,3352
Richland,State Treasurer,,REP,Kelly Schmidt,4267
Richland,Superintendent of Public Instruction,,,Keith Jacobson,2332
Richland,Superintendent of Public Instruction,,,Wayne G Sanstead,4954
Richland,Tax Commissioner,,DEM,Mike Every,2316
Richland,Tax Commissioner,,REP,Rick Clayburgh,5443
Richland,U.S. House,1,DEM,Earl Pomeroy,5007
Richland,U.S. House,1,REP,Duane Sand,3143
Richland,U.S. Senate,,DEM,Byron L Dorgan,5779
Richland,U.S. Senate,,REP,Mike Liffrig,2369
Rolette,Agriculture Commissioner,,DEM,Roger Johnson,2952
Rolette,Agriculture Commissioner,,REP,Doug Goehring,956
Rolette,Attorney General,,DEM,Bruce Schoenwald,2404
Rolette,Attorney General,,REP,Wayne Stenehjem,1512
Rolette,C 1: The definition of marriage.,,,No,1099
Rolette,C 1: The definition of marriage.,,,Yes,2798
Rolette,Governor and Lt. Governor,,,John Hoeven & Jack Dalrymple,1812
Rolette,Governor and Lt. Governor,,,Joseph A Satrom & Deb Mathern,2106
Rolette,Governor and Lt. Governor,,,Roland Riemers & Mitchell Sanderson,86
Rolette,Insurance Commissioner,,DEM,Terry Barnes,2679
Rolette,Insurance Commissioner,,REP,Jim Poolman,1131
Rolette,Justice of the Supreme Court,,,Gerald W VandeWalle,3247
Rolette,President and Vice President,,,George W Bush and Dick Cheney,1392
Rolette,President and Vice President,,,John F Kerry and John Edwards,2564
Rolette,President and Vice President,,,Martin Wishnatsky and Andrew Vanyo,0
Rolette,President and Vice President,,,Michael A Peroutka and Chuck Baldwin,7
Rolette,President and Vice President,,,Michael Badnarik and Richard Campagna,15
Rolette,President and Vice President,,,Ralph Nader and Peter Camejo,66
Rolette,Public Service Commissioner,,DEM,Ron Gumeringer,2510
Rolette,Public Service Commissioner,,REP,Kevin Cramer,1309
Rolette,Secretary of State,,DEM,Douglas Melby,2548
Rolette,Secretary of State,,REP,Alvin A (Al) Jaeger,1317
Rolette,State Auditor,,DEM,Brent Edison,2547
Rolette,State Auditor,,REP,Robert R (Bob) Peterson,1287
Rolette,State Treasurer,,DEM,Dean Meyer,2745
Rolette,State Treasurer,,REP,Kelly Schmidt,1116
Rolette,Superintendent of Public Instruction,,,Keith Jacobson,1136
Rolette,Superintendent of Public Instruction,,,Wayne G Sanstead,2628
Rolette,Tax Commissioner,,DEM,Mike Every,2449
Rolette,Tax Commissioner,,REP,Rick Clayburgh,1441
Rolette,U.S. House,1,DEM,Earl Pomeroy,3235
Rolette,U.S. House,1,REP,Duane Sand,808
Rolette,U.S. Senate,,DEM,Byron L Dorgan,3385
Rolette,U.S. Senate,,REP,Mike Liffrig,668
Sargent,Agriculture Commissioner,,DEM,Roger Johnson,1326
Sargent,Agriculture Commissioner,,REP,Doug Goehring,808
Sargent,Attorney General,,DEM,Bruce Schoenwald,806
Sargent,Attorney General,,REP,Wayne Stenehjem,1316
Sargent,C 1: The definition of marriage.,,,No,520
Sargent,C 1: The definition of marriage.,,,Yes,1637
Sargent,Governor and Lt. Governor,,,John Hoeven & Jack Dalrymple,1321
Sargent,Governor and Lt. Governor,,,Joseph A Satrom & Deb Mathern,845
Sargent,Governor and Lt. Governor,,,Roland Riemers & Mitchell Sanderson,25
Sargent,Insurance Commissioner,,DEM,Terry Barnes,997
Sargent,Insurance Commissioner,,REP,Jim Poolman,1088
Sargent,Justice of the Supreme Court,,,Gerald W VandeWalle,1751
Sargent,President and Vice President,,,George W Bush and Dick Cheney,1147
Sargent,President and Vice President,,,John F Kerry and John Edwards,1021
Sargent,President and Vice President,,,Martin Wishnatsky and Andrew Vanyo,0
Sargent,President and Vice President,,,Michael A Peroutka and Chuck Baldwin,0
Sargent,President and Vice President,,,Michael Badnarik and Richard Campagna,4
Sargent,President and Vice President,,,Ralph Nader and Peter Camejo,28
Sargent,Public Service Commissioner,,DEM,Ron Gumeringer,969
Sargent,Public Service Commissioner,,REP,Kevin Cramer,1114
Sargent,Secretary of State,,DEM,Douglas Melby,1003
Sargent,Secretary of State,,REP,Alvin A (Al) Jaeger,1078
Sargent,State Auditor,,DEM,Brent Edison,1243
Sargent,State Auditor,,REP,Robert R (Bob) Peterson,904
Sargent,State House Legislative,26,DEM,Bill Amerman,1653
Sargent,State House Legislative,26,DEM,Pam Gulleson,1673
Sargent,State Senate Legislative District 26,,DEM,Joel C Heitkamp,1840
Sargent,State Treasurer,,DEM,Dean Meyer,1170
Sargent,State Treasurer,,REP,Kelly Schmidt,932
Sargent,Superintendent of Public Instruction,,,Keith Jacobson,695
Sargent,Superintendent of Public Instruction,,,Wayne G Sanstead,1308
Sargent,Tax Commissioner,,DEM,Mike Every,901
Sargent,Tax Commissioner,,REP,Rick Clayburgh,1213
Sargent,U.S. House,1,DEM,Earl Pomeroy,1502
Sargent,U.S. House,1,REP,Duane Sand,692
Sargent,U.S. Senate,,DEM,Byron L Dorgan,1683
Sargent,U.S. Senate,,REP,Mike Liffrig,514
Sheridan,Agriculture Commissioner,,DEM,Roger Johnson,362
Sheridan,Agriculture Commissioner,,REP,Doug Goehring,562
Sheridan,Attorney General,,DEM,Bruce Schoenwald,199
Sheridan,Attorney General,,REP,Wayne Stenehjem,725
Sheridan,C 1: The definition of marriage.,,,No,108
Sheridan,C 1: The definition of marriage.,,,Yes,801
Sheridan,Governor and Lt. Governor,,,John Hoeven & Jack Dalrymple,724
Sheridan,Governor and Lt. Governor,,,Joseph A Satrom & Deb Mathern,199
Sheridan,Governor and Lt. Governor,,,Roland Riemers & Mitchell Sanderson,13
Sheridan,Insurance Commissioner,,DEM,Terry Barnes,292
Sheridan,Insurance Commissioner,,REP,Jim Poolman,631
Sheridan,Justice of the Supreme Court,,,Gerald W VandeWalle,779
Sheridan,President and Vice President,,,George W Bush and Dick Cheney,727
Sheridan,President and Vice President,,,John F Kerry and John Edwards,200
Sheridan,President and Vice President,,,Martin Wishnatsky and Andrew Vanyo,0
Sheridan,President and Vice President,,,Michael A Peroutka and Chuck Baldwin,1
Sheridan,President and Vice President,,,Michael Badnarik and Richard Campagna,4
Sheridan,President and Vice President,,,Ralph Nader and Peter Camejo,12
Sheridan,Public Service Commissioner,,DEM,Ron Gumeringer,217
Sheridan,Public Service Commissioner,,REP,Kevin Cramer,688
Sheridan,Secretary of State,,DEM,Douglas Melby,224
Sheridan,Secretary of State,,REP,Alvin A (Al) Jaeger,701
Sheridan,State Auditor,,DEM,Brent Edison,236
Sheridan,State Auditor,,REP,Robert R (Bob) Peterson,680
Sheridan,State House Legislative,14,DEM,Curtis R Wiesz,142
Sheridan,State House Legislative,14,DEM,Karen Volk,161
Sheridan,State House Legislative,14,REP,Duane DeKrey,296
Sheridan,State House Legislative,14,REP,Robin Weisz,299
Sheridan,State Senate Legislative District 14,,DEM,Scott Schaffnit,117
Sheridan,State Senate Legislative District 14,,REP,Jerry Klein,355
Sheridan,State Treasurer,,DEM,Dean Meyer,336
Sheridan,State Treasurer,,REP,Kelly Schmidt,584
Sheridan,Superintendent of Public Instruction,,,Keith Jacobson,441
Sheridan,Superintendent of Public Instruction,,,Wayne G Sanstead,461
Sheridan,Tax Commissioner,,DEM,Mike Every,217
Sheridan,Tax Commissioner,,REP,Rick Clayburgh,698
Sheridan,U.S. House,1,DEM,Earl Pomeroy,406
Sheridan,U.S. House,1,REP,Duane Sand,531
Sheridan,U.S. Senate,,DEM,Byron L Dorgan,512
Sheridan,U.S. Senate,,REP,Mike Liffrig,429
Sioux,Agriculture Commissioner,,DEM,Roger Johnson,846
Sioux,Agriculture Commissioner,,REP,Doug Goehring,273
Sioux,Attorney General,,DEM,Bruce Schoenwald,653
Sioux,Attorney General,,REP,Wayne Stenehjem,467
Sioux,C 1: The definition of marriage.,,,No,342
Sioux,C 1: The definition of marriage.,,,Yes,748
Sioux,Governor and Lt. Governor,,,John Hoeven & Jack Dalrymple,525
Sioux,Governor and Lt. Governor,,,Joseph A Satrom & Deb Mathern,572
Sioux,Governor and Lt. Governor,,,Roland Riemers & Mitchell Sanderson,24
Sioux,Insurance Commissioner,,DEM,Terry Barnes,843
Sioux,Insurance Commissioner,,REP,Jim Poolman,277
Sioux,Justice of the Supreme Court,,,Gerald W VandeWalle,921
Sioux,President and Vice President,,,George W Bush and Dick Cheney,319
Sioux,President and Vice President,,,John F Kerry and John Edwards,804
Sioux,President and Vice President,,,Martin Wishnatsky and Andrew Vanyo,0
Sioux,President and Vice President,,,Michael A Peroutka and Chuck Baldwin,3
Sioux,President and Vice President,,,Michael Badnarik and Richard Campagna,2
Sioux,President and Vice President,,,Ralph Nader and Peter Camejo,12
Sioux,Public Service Commissioner,,DEM,Ron Gumeringer,687
Sioux,Public Service Commissioner,,REP,Kevin Cramer,432
Sioux,Secretary of State,,DEM,Douglas Melby,721
Sioux,Secretary of State,,REP,Alvin A (Al) Jaeger,403
Sioux,State Auditor,,DEM,Brent Edison,710
Sioux,State Auditor,,REP,Robert R (Bob) Peterson,393
Sioux,State Treasurer,,DEM,Dean Meyer,819
Sioux,State Treasurer,,REP,Kelly Schmidt,298
Sioux,Superintendent of Public Instruction,,,Keith Jacobson,390
Sioux,Superintendent of Public Instruction,,,Wayne G Sanstead,662
Sioux,Tax Commissioner,,DEM,Mike Every,679
Sioux,Tax Commissioner,,REP,Rick Clayburgh,449
Sioux,U.S. House,1,DEM,Earl Pomeroy,955
Sioux,U.S. House,1,REP,Duane Sand,189
Sioux,U.S. Senate,,DEM,Byron L Dorgan,996
Sioux,U.S. Senate,,REP,Mike Liffrig,146
Slope,Agriculture Commissioner,,DEM,Roger Johnson,184
Slope,Agriculture Commissioner,,REP,Doug Goehring,239
Slope,Attorney General,,DEM,Bruce Schoenwald,93
Slope,Attorney General,,REP,Wayne Stenehjem,328
Slope,C 1: The definition of marriage.,,,No,78
Slope,C 1: The definition of marriage.,,,Yes,347
Slope,Governor and Lt. Governor,,,John Hoeven & Jack Dalrymple,333
Slope,Governor and Lt. Governor,,,Joseph A Satrom & Deb Mathern,86
Slope,Governor and Lt. Governor,,,Roland Riemers & Mitchell Sanderson,11
Slope,Insurance Commissioner,,DEM,Terry Barnes,149
Slope,Insurance Commissioner,,REP,Jim Poolman,261
Slope,Justice of the Supreme Court,,,Gerald W VandeWalle,353
Slope,President and Vice President,,,George W Bush and Dick Cheney,335
Slope,President and Vice President,,,John F Kerry and John Edwards,89
Slope,President and Vice President,,,Martin Wishnatsky and Andrew Vanyo,0
Slope,President and Vice President,,,Michael A Peroutka and Chuck Baldwin,1
Slope,President and Vice President,,,Michael Badnarik and Richard Campagna,2
Slope,President and Vice President,,,Ralph Nader and Peter Camejo,5
Slope,Public Service Commissioner,,DEM,Ron Gumeringer,104
Slope,Public Service Commissioner,,REP,Kevin Cramer,306
Slope,Secretary of State,,DEM,Douglas Melby,105
Slope,Secretary of State,,REP,Alvin A (Al) Jaeger,316
Slope,State Auditor,,DEM,Brent Edison,88
Slope,State Auditor,,REP,Robert R (Bob) Peterson,327
Slope,State Treasurer,,DEM,Dean Meyer,191
Slope,State Treasurer,,REP,Kelly Schmidt,224
Slope,Superintendent of Public Instruction,,,Keith Jacobson,180
Slope,Superintendent of Public Instruction,,,Wayne G Sanstead,226
Slope,Tax Commissioner,,DEM,Mike Every,93
Slope,Tax Commissioner,,REP,Rick Clayburgh,327
Slope,U.S. House,1,DEM,Earl Pomeroy,203
Slope,U.S. House,1,REP,Duane Sand,227
Slope,U.S. Senate,,DEM,Byron L Dorgan,251
Slope,U.S. Senate,,REP,Mike Liffrig,184
Stark,Agriculture Commissioner,,DEM,Roger Johnson,4756
Stark,Agriculture Commissioner,,REP,Doug Goehring,5184
Stark,Attorney General,,DEM,Bruce Schoenwald,2321
Stark,Attorney General,,REP,Wayne Stenehjem,7733
Stark,C 1: The definition of marriage.,,,No,2197
Stark,C 1: The definition of marriage.,,,Yes,7858
Stark,Governor and Lt. Governor,,,John Hoeven & Jack Dalrymple,7877
Stark,Governor and Lt. Governor,,,Joseph A Satrom & Deb Mathern,2306
Stark,Governor and Lt. Governor,,,Roland Riemers & Mitchell Sanderson,140
Stark,Insurance Commissioner,,DEM,Terry Barnes,3356
Stark,Insurance Commissioner,,REP,Jim Poolman,6416
Stark,Justice of the Supreme Court,,,Gerald W VandeWalle,8352
Stark,President and Vice President,,,George W Bush and Dick Cheney,7220
Stark,President and Vice President,,,John F Kerry and John Edwards,3013
Stark,President and Vice President,,,Martin Wishnatsky and Andrew Vanyo,0
Stark,President and Vice President,,,Michael A Peroutka and Chuck Baldwin,22
Stark,President and Vice President,,,Michael Badnarik and Richard Campagna,19
Stark,President and Vice President,,,Ralph Nader and Peter Camejo,126
Stark,Public Service Commissioner,,DEM,Ron Gumeringer,2748
Stark,Public Service Commissioner,,REP,Kevin Cramer,7059
Stark,Secretary of State,,DEM,Douglas Melby,3008
Stark,Secretary of State,,REP,Alvin A (Al) Jaeger,6910
Stark,State Auditor,,DEM,Brent Edison,3081
Stark,State Auditor,,REP,Robert R (Bob) Peterson,6671
Stark,State House Legislative,36,DEM,Larry D Rafferty,1678
Stark,State House Legislative,36,DEM,Shirley Meyer,1910
Stark,State House Legislative,36,REP,C B Haas,1896
Stark,State House Legislative,36,REP,Frank Klein,1782
Stark,State Senate Legislative District 36,,DEM,Cindie S Fugere,1787
Stark,State Senate Legislative District 36,,REP,Herb Urlacher,2103
Stark,State Treasurer,,DEM,Dean Meyer,4229
Stark,State Treasurer,,REP,Kelly Schmidt,5655
Stark,Superintendent of Public Instruction,,,Keith Jacobson,3375
Stark,Superintendent of Public Instruction,,,Wayne G Sanstead,6149
Stark,Tax Commissioner,,DEM,Mike Every,2600
Stark,Tax Commissioner,,REP,Rick Clayburgh,7361
Stark,U.S. House,1,DEM,Earl Pomeroy,5619
Stark,U.S. House,1,REP,Duane Sand,4716
Stark,U.S. Senate,,DEM,Byron L Dorgan,6729
Stark,U.S. Senate,,REP,Mike Liffrig,3618
Steele,Agriculture Commissioner,,DEM,Roger Johnson,781
Steele,Agriculture Commissioner,,REP,Doug Goehring,409
Steele,Attorney General,,DEM,Bruce Schoenwald,428
Steele,Attorney General,,REP,Wayne Stenehjem,767
Steele,C 1: The definition of marriage.,,,No,299
Steele,C 1: The definition of marriage.,,,Yes,907
Steele,Governor and Lt. Governor,,,John Hoeven & Jack Dalrymple,656
Steele,Governor and Lt. Governor,,,Joseph A Satrom & Deb Mathern,551
Steele,Governor and Lt. Governor,,,Roland Riemers & Mitchell Sanderson,9
Steele,Insurance Commissioner,,DEM,Terry Barnes,543
Steele,Insurance Commissioner,,REP,Jim Poolman,639
Steele,Justice of the Supreme Court,,,Gerald W VandeWalle,1004
Steele,President and Vice President,,,George W Bush and Dick Cheney,586
Steele,President and Vice President,,,John F Kerry and John Edwards,616
Steele,President and Vice President,,,Martin Wishnatsky and Andrew Vanyo,0
Steele,President and Vice President,,,Michael A Peroutka and Chuck Baldwin,2
Steele,President and Vice President,,,Michael Badnarik and Richard Campagna,2
Steele,President and Vice President,,,Ralph Nader and Peter Camejo,7
Steele,Public Service Commissioner,,DEM,Ron Gumeringer,514
Steele,Public Service Commissioner,,REP,Kevin Cramer,654
Steele,Secretary of State,,DEM,Douglas Melby,537
Steele,Secretary of State,,REP,Alvin A (Al) Jaeger,643
Steele,State Auditor,,DEM,Brent Edison,551
Steele,State Auditor,,REP,Robert R (Bob) Peterson,624
Steele,State House Legislative,20,DEM,Lee Kaldor,523
Steele,State House Legislative,20,DEM,Ole Aarsvold,506
Steele,State House Legislative,23,DEM,Joan Heckaman,220
Steele,State House Legislative,23,REP,Donald W Vigesaa,305
Steele,State Senate Legislative District 20,,DEM,Elroy N Lindaas,602
Steele,State Treasurer,,DEM,Dean Meyer,668
Steele,State Treasurer,,REP,Kelly Schmidt,513
Steele,Superintendent of Public Instruction,,,Keith Jacobson,478
Steele,Superintendent of Public Instruction,,,Wayne G Sanstead,679
Steele,Tax Commissioner,,DEM,Mike Every,489
Steele,Tax Commissioner,,REP,Rick Clayburgh,698
Steele,U.S. House,1,DEM,Earl Pomeroy,871
Steele,U.S. House,1,REP,Duane Sand,354
Steele,U.S. Senate,,DEM,Byron L Dorgan,1010
Steele,U.S. Senate,,REP,Mike Liffrig,209
Stutsman,Agriculture Commissioner,,DEM,Roger Johnson,4834
Stutsman,Agriculture Commissioner,,REP,Doug Goehring,4822
Stutsman,Attorney General,,DEM,Bruce Schoenwald,2615
Stutsman,Attorney General,,REP,Wayne Stenehjem,7153
Stutsman,C 1: The definition of marriage.,,,No,2660
Stutsman,C 1: The definition of marriage.,,,Yes,7191
Stutsman,Governor and Lt. Governor,,,John Hoeven & Jack Dalrymple,7110
Stutsman,Governor and Lt. Governor,,,Joseph A Satrom & Deb Mathern,2761
Stutsman,Governor and Lt. Governor,,,Roland Riemers & Mitchell Sanderson,161
Stutsman,Insurance Commissioner,,DEM,Terry Barnes,4066
Stutsman,Insurance Commissioner,,REP,Jim Poolman,5544
Stutsman,Justice of the Supreme Court,,,Gerald W VandeWalle,8104
Stutsman,President and Vice President,,,George W Bush and Dick Cheney,6517
Stutsman,President and Vice President,,,John F Kerry and John Edwards,3438
Stutsman,President and Vice President,,,Martin Wishnatsky and Andrew Vanyo,0
Stutsman,President and Vice President,,,Michael A Peroutka and Chuck Baldwin,13
Stutsman,President and Vice President,,,Michael Badnarik and Richard Campagna,19
Stutsman,President and Vice President,,,Ralph Nader and Peter Camejo,129
Stutsman,Public Service Commissioner,,DEM,Ron Gumeringer,3205
Stutsman,Public Service Commissioner,,REP,Kevin Cramer,6238
Stutsman,Secretary of State,,DEM,Douglas Melby,3323
Stutsman,Secretary of State,,REP,Alvin A (Al) Jaeger,6230
Stutsman,State Auditor,,DEM,Brent Edison,3310
Stutsman,State Auditor,,REP,Robert R (Bob) Peterson,6201
Stutsman,State House Legislative,12,DEM,Joe Kroeber,3309
Stutsman,State House Legislative,12,DEM,Lyle L Hanson,3108
Stutsman,State House Legislative,12,REP,Cole Conley,2309
Stutsman,State House Legislative,12,REP,Dwaine Heinrich,2645
Stutsman,State Senate Legislative District 12,,DEM,George H Barnes,2917
Stutsman,State Senate Legislative District 12,,REP,Dave Nething,3125
Stutsman,State Treasurer,,DEM,Dean Meyer,3993
Stutsman,State Treasurer,,REP,Kelly Schmidt,5498
Stutsman,Superintendent of Public Instruction,,,Keith Jacobson,2919
Stutsman,Superintendent of Public Instruction,,,Wayne G Sanstead,6240
Stutsman,Tax Commissioner,,DEM,Mike Every,2971
Stutsman,Tax Commissioner,,REP,Rick Clayburgh,6742
Stutsman,U.S. House,1,DEM,Earl Pomeroy,6120
Stutsman,U.S. House,1,REP,Duane Sand,3981
Stutsman,U.S. Senate,,DEM,Byron L Dorgan,6936
Stutsman,U.S. Senate,,REP,Mike Liffrig,3170
Towner,Agriculture Commissioner,,DEM,Roger Johnson,815
Towner,Agriculture Commissioner,,REP,Doug Goehring,540
Towner,Attorney General,,DEM,Bruce Schoenwald,440
Towner,Attorney General,,REP,Wayne Stenehjem,913
Towner,C 1: The definition of marriage.,,,No,307
Towner,C 1: The definition of marriage.,,,Yes,1058
Towner,Governor and Lt. Governor,,,John Hoeven & Jack Dalrymple,968
Towner,Governor and Lt. Governor,,,Joseph A Satrom & Deb Mathern,404
Towner,Governor and Lt. Governor,,,Roland Riemers & Mitchell Sanderson,18
Towner,Insurance Commissioner,,DEM,Terry Barnes,568
Towner,Insurance Commissioner,,REP,Jim Poolman,749
Towner,Justice of the Supreme Court,,,Gerald W VandeWalle,1167
Towner,President and Vice President,,,George W Bush and Dick Cheney,754
Towner,President and Vice President,,,John F Kerry and John Edwards,606
Towner,President and Vice President,,,Martin Wishnatsky and Andrew Vanyo,0
Towner,President and Vice President,,,Michael A Peroutka and Chuck Baldwin,4
Towner,President and Vice President,,,Michael Badnarik and Richard Campagna,2
Towner,President and Vice President,,,Ralph Nader and Peter Camejo,25
Towner,Public Service Commissioner,,DEM,Ron Gumeringer,581
Towner,Public Service Commissioner,,REP,Kevin Cramer,758
Towner,Secretary of State,,DEM,Douglas Melby,517
Towner,Secretary of State,,REP,Alvin A (Al) Jaeger,803
Towner,State Auditor,,DEM,Brent Edison,517
Towner,State Auditor,,REP,Robert R (Bob) Peterson,806
Towner,State House Legislative,10,DEM,Dwight Bassingthwaite,368
Towner,State House Legislative,10,DEM,Hans Reinhardt,255
Towner,State House Legislative,10,REP,"Charles ""Chuck"" Damschen",203
Towner,State House Legislative,10,REP,David Monson,166
Towner,State Senate Legislative District 10,,DEM,Robert Nowatzki,370
Towner,State Senate Legislative District 10,,REP,Thomas L Trenbeath,169
Towner,State Treasurer,,DEM,Dean Meyer,662
Towner,State Treasurer,,REP,Kelly Schmidt,659
Towner,Superintendent of Public Instruction,,,Keith Jacobson,507
Towner,Superintendent of Public Instruction,,,Wayne G Sanstead,825
Towner,Tax Commissioner,,DEM,Mike Every,524
Towner,Tax Commissioner,,REP,Rick Clayburgh,836
Towner,U.S. House,1,DEM,Earl Pomeroy,948
Towner,U.S. House,1,REP,Duane Sand,456
Towner,U.S. Senate,,DEM,Byron L Dorgan,1068
Towner,U.S. Senate,,REP,Mike Liffrig,334
Traill,Agriculture Commissioner,,DEM,Roger Johnson,2260
Traill,Agriculture Commissioner,,REP,Doug Goehring,1815
Traill,Attorney General,,DEM,Bruce Schoenwald,1157
Traill,Attorney General,,REP,Wayne Stenehjem,2944
Traill,C 1: The definition of marriage.,,,No,1049
Traill,C 1: The definition of marriage.,,,Yes,3089
Traill,Governor and Lt. Governor,,,John Hoeven & Jack Dalrymple,2710
Traill,Governor and Lt. Governor,,,Joseph A Satrom & Deb Mathern,1469
Traill,Governor and Lt. Governor,,,Roland Riemers & Mitchell Sanderson,45
Traill,Insurance Commissioner,,DEM,Terry Barnes,1507
Traill,Insurance Commissioner,,REP,Jim Poolman,2455
Traill,Justice of the Supreme Court,,,Gerald W VandeWalle,3429
Traill,President and Vice President,,,George W Bush and Dick Cheney,2543
Traill,President and Vice President,,,John F Kerry and John Edwards,1651
Traill,President and Vice President,,,Martin Wishnatsky and Andrew Vanyo,0
Traill,President and Vice President,,,Michael A Peroutka and Chuck Baldwin,5
Traill,President and Vice President,,,Michael Badnarik and Richard Campagna,6
Traill,President and Vice President,,,Ralph Nader and Peter Camejo,43
Traill,Public Service Commissioner,,DEM,Ron Gumeringer,1463
Traill,Public Service Commissioner,,REP,Kevin Cramer,2483
Traill,Secretary of State,,DEM,Douglas Melby,1726
Traill,Secretary of State,,REP,Alvin A (Al) Jaeger,2283
Traill,State Auditor,,DEM,Brent Edison,1472
Traill,State Auditor,,REP,Robert R (Bob) Peterson,2524
Traill,State House Legislative,20,DEM,Lee Kaldor,3220
Traill,State House Legislative,20,DEM,Ole Aarsvold,3135
Traill,State Senate Legislative District 20,,DEM,Elroy N Lindaas,3645
Traill,State Treasurer,,DEM,Dean Meyer,1851
Traill,State Treasurer,,REP,Kelly Schmidt,2130
Traill,Superintendent of Public Instruction,,,Keith Jacobson,1491
Traill,Superintendent of Public Instruction,,,Wayne G Sanstead,2397
Traill,Tax Commissioner,,DEM,Mike Every,1335
Traill,Tax Commissioner,,REP,Rick Clayburgh,2740
Traill,U.S. House,1,DEM,Earl Pomeroy,2780
Traill,U.S. House,1,REP,Duane Sand,1467
Traill,U.S. Senate,,DEM,Byron L Dorgan,3154
Traill,U.S. Senate,,REP,Mike Liffrig,1085
Walsh,Agriculture Commissioner,,DEM,Roger Johnson,2647
Walsh,Agriculture Commissioner,,REP,Doug Goehring,2379
Walsh,Attorney General,,DEM,Bruce Schoenwald,1331
Walsh,Attorney General,,REP,Wayne Stenehjem,3698
Walsh,C 1: The definition of marriage.,,,No,1098
Walsh,C 1: The definition of marriage.,,,Yes,4005
Walsh,Governor and Lt. Governor,,,John Hoeven & Jack Dalrymple,3940
Walsh,Governor and Lt. Governor,,,Joseph A Satrom & Deb Mathern,1189
Walsh,Governor and Lt. Governor,,,Roland Riemers & Mitchell Sanderson,59
Walsh,Insurance Commissioner,,DEM,Terry Barnes,1665
Walsh,Insurance Commissioner,,REP,Jim Poolman,3290
Walsh,Justice of the Supreme Court,,,Gerald W VandeWalle,4218
Walsh,President and Vice President,,,George W Bush and Dick Cheney,3194
Walsh,President and Vice President,,,John F Kerry and John Edwards,1905
Walsh,President and Vice President,,,Martin Wishnatsky and Andrew Vanyo,0
Walsh,President and Vice President,,,Michael A Peroutka and Chuck Baldwin,9
Walsh,President and Vice President,,,Michael Badnarik and Richard Campagna,17
Walsh,President and Vice President,,,Ralph Nader and Peter Camejo,61
Walsh,Public Service Commissioner,,DEM,Ron Gumeringer,1618
Walsh,Public Service Commissioner,,REP,Kevin Cramer,3249
Walsh,Secretary of State,,DEM,Douglas Melby,1727
Walsh,Secretary of State,,REP,Alvin A (Al) Jaeger,3195
Walsh,State Auditor,,DEM,Brent Edison,1807
Walsh,State Auditor,,REP,Robert R (Bob) Peterson,3101
Walsh,State House Legislative,16,DEM,Allen Ruzicka,2328
Walsh,State House Legislative,16,REP,Gil Herbel,2986
Walsh,State House Legislative,16,REP,Joyce Kingsbury,3113
Walsh,State Senate Legislative District 16,,DEM,Harvey Tallackson,2698
Walsh,State Senate Legislative District 16,,REP,Harry Iverson,2461
Walsh,State Treasurer,,DEM,Dean Meyer,2262
Walsh,State Treasurer,,REP,Kelly Schmidt,2683
Walsh,Superintendent of Public Instruction,,,Keith Jacobson,1564
Walsh,Superintendent of Public Instruction,,,Wayne G Sanstead,3273
Walsh,Tax Commissioner,,DEM,Mike Every,1461
Walsh,Tax Commissioner,,REP,Rick Clayburgh,3566
Walsh,U.S. House,1,DEM,Earl Pomeroy,3365
Walsh,U.S. House,1,REP,Duane Sand,1838
Walsh,U.S. Senate,,DEM,Byron L Dorgan,3667
Walsh,U.S. Senate,,REP,Mike Liffrig,1541
Ward,Agriculture Commissioner,,DEM,Roger Johnson,12442
Ward,Agriculture Commissioner,,REP,Doug Goehring,11706
Ward,Attorney General,,DEM,Bruce Schoenwald,6789
Ward,Attorney General,,REP,Wayne Stenehjem,17638
Ward,C 1: The definition of marriage.,,,No,6051
Ward,C 1: The definition of marriage.,,,Yes,18851
Ward,Governor and Lt. Governor,,,John Hoeven & Jack Dalrymple,18934
Ward,Governor and Lt. Governor,,,Joseph A Satrom & Deb Mathern,5945
Ward,Governor and Lt. Governor,,,Roland Riemers & Mitchell Sanderson,325
Ward,Insurance Commissioner,,DEM,Terry Barnes,8747
Ward,Insurance Commissioner,,REP,Jim Poolman,14994
Ward,Justice of the Supreme Court,,,Gerald W VandeWalle,20473
Ward,President and Vice President,,,George W Bush and Dick Cheney,17008
Ward,President and Vice President,,,John F Kerry and John Edwards,8236
Ward,President and Vice President,,,Martin Wishnatsky and Andrew Vanyo,0
Ward,President and Vice President,,,Michael A Peroutka and Chuck Baldwin,32
Ward,President and Vice President,,,Michael Badnarik and Richard Campagna,60
Ward,President and Vice President,,,Ralph Nader and Peter Camejo,276
Ward,Public Service Commissioner,,DEM,Ron Gumeringer,7883
Ward,Public Service Commissioner,,REP,Kevin Cramer,15843
Ward,Secretary of State,,DEM,Douglas Melby,7855
Ward,Secretary of State,,REP,Alvin A (Al) Jaeger,16179
Ward,State Auditor,,DEM,Brent Edison,8024
Ward,State Auditor,,REP,Robert R (Bob) Peterson,15780
Ward,State House Legislative,3,,Kari Lee Conrad,2858
Ward,State House Legislative,3,,Kenneth R Loughead,272
Ward,State House Legislative,3,,Mary Nester,2641
Ward,State House Legislative,38,DEM,Jaye Jameson,1568
Ward,State House Legislative,38,DEM,Thomas R Parsley,2200
Ward,State House Legislative,38,REP,Dan Ruby,3250
Ward,State House Legislative,38,REP,Larry Bellew,3138
Ward,State House Legislative,4,DEM,Kenton Onstad,610
Ward,State House Legislative,4,DEM,Phyllis Howard,473
Ward,State House Legislative,4,REP,Dawn Charging,596
Ward,State House Legislative,40,DEM,John W Thompson,1302
Ward,State House Legislative,40,DEM,Johnathan A McClure,1198
Ward,State House Legislative,40,REP,Clara Sue Price,2455
Ward,State House Legislative,40,REP,Matthew M (Matt) Klein,2451
Ward,State House Legislative,6,DEM,Bob Hunskor,813
Ward,State House Legislative,6,DEM,Troy Oster,531
Ward,State House Legislative,6,REP,Glen Froseth,1003
Ward,State House Legislative,6,REP,Jodie Mjoen,622
Ward,State Senate Legislative District 38,,DEM,Ken F Maher,1986
Ward,State Senate Legislative District 38,,REP,Ben Tollefson,3411
Ward,State Senate Legislative District 4,,DEM,John Warner,647
Ward,State Senate Legislative District 4,,REP,Terry E Fredericks,457
Ward,State Senate Legislative District 40,,DEM,Matthew Odermann,1286
Ward,State Senate Legislative District 40,,REP,Karen K Krebsbach,2698
Ward,State Senate Legislative District 6,,,"David Paul O""Connell",868
Ward,State Senate Legislative District 6,,REP,Milton Hoyt,699
Ward,State Treasurer,,DEM,Dean Meyer,9943
Ward,State Treasurer,,REP,Kelly Schmidt,13942
Ward,Superintendent of Public Instruction,,,Keith Jacobson,9906
Ward,Superintendent of Public Instruction,,,Wayne G Sanstead,13511
Ward,Tax Commissioner,,DEM,Mike Every,7259
Ward,Tax Commissioner,,REP,Rick Clayburgh,16932
Ward,U.S. House,1,DEM,Earl Pomeroy,14722
Ward,U.S. House,1,REP,Duane Sand,10554
Ward,U.S. Senate,,DEM,Byron L Dorgan,17182
Ward,U.S. Senate,,REP,Mike Liffrig,8073
Wells,Agriculture Commissioner,,DEM,Roger Johnson,1269
Wells,Agriculture Commissioner,,REP,Doug Goehring,1246
Wells,Attorney General,,DEM,Bruce Schoenwald,746
Wells,Attorney General,,REP,Wayne Stenehjem,1777
Wells,C 1: The definition of marriage.,,,No,384
Wells,C 1: The definition of marriage.,,,Yes,2144
Wells,Governor and Lt. Governor,,,John Hoeven & Jack Dalrymple,1819
Wells,Governor and Lt. Governor,,,Joseph A Satrom & Deb Mathern,722
Wells,Governor and Lt. Governor,,,Roland Riemers & Mitchell Sanderson,30
Wells,Insurance Commissioner,,DEM,Terry Barnes,1054
Wells,Insurance Commissioner,,REP,Jim Poolman,1434
Wells,Justice of the Supreme Court,,,Gerald W VandeWalle,2061
Wells,President and Vice President,,,George W Bush and Dick Cheney,1654
Wells,President and Vice President,,,John F Kerry and John Edwards,858
Wells,President and Vice President,,,Martin Wishnatsky and Andrew Vanyo,2
Wells,President and Vice President,,,Michael A Peroutka and Chuck Baldwin,9
Wells,President and Vice President,,,Michael Badnarik and Richard Campagna,3
Wells,President and Vice President,,,Ralph Nader and Peter Camejo,35
Wells,Public Service Commissioner,,DEM,Ron Gumeringer,986
Wells,Public Service Commissioner,,REP,Kevin Cramer,1489
Wells,Secretary of State,,DEM,Douglas Melby,905
Wells,Secretary of State,,REP,Alvin A (Al) Jaeger,1589
Wells,State Auditor,,DEM,Brent Edison,860
Wells,State Auditor,,REP,Robert R (Bob) Peterson,1605
Wells,State House Legislative,14,DEM,Curtis R Wiesz,959
Wells,State House Legislative,14,DEM,Karen Volk,1361
Wells,State House Legislative,14,REP,Duane DeKrey,1324
Wells,State House Legislative,14,REP,Robin Weisz,1103
Wells,State Senate Legislative District 14,,DEM,Scott Schaffnit,637
Wells,State Senate Legislative District 14,,REP,Jerry Klein,1895
Wells,State Treasurer,,DEM,Dean Meyer,1064
Wells,State Treasurer,,REP,Kelly Schmidt,1401
Wells,Superintendent of Public Instruction,,,Keith Jacobson,998
Wells,Superintendent of Public Instruction,,,Wayne G Sanstead,1436
Wells,Tax Commissioner,,DEM,Mike Every,788
Wells,Tax Commissioner,,REP,Rick Clayburgh,1713
Wells,U.S. House,1,DEM,Earl Pomeroy,1430
Wells,U.S. House,1,REP,Duane Sand,1144
Wells,U.S. Senate,,DEM,Byron L Dorgan,1684
Wells,U.S. Senate,,REP,Mike Liffrig,887
Williams,Agriculture Commissioner,,DEM,Roger Johnson,4181
Williams,Agriculture Commissioner,,REP,Doug Goehring,4381
Williams,Attorney General,,DEM,Bruce Schoenwald,1911
Williams,Attorney General,,REP,Wayne Stenehjem,6788
Williams,C 1: The definition of marriage.,,,No,1606
Williams,C 1: The definition of marriage.,,,Yes,7108
Williams,Governor and Lt. Governor,,,John Hoeven & Jack Dalrymple,6935
Williams,Governor and Lt. Governor,,,Joseph A Satrom & Deb Mathern,1796
Williams,Governor and Lt. Governor,,,Roland Riemers & Mitchell Sanderson,128
Williams,Insurance Commissioner,,DEM,Terry Barnes,2865
Williams,Insurance Commissioner,,REP,Jim Poolman,5542
Williams,Justice of the Supreme Court,,,Gerald W VandeWalle,7261
Williams,President and Vice President,,,George W Bush and Dick Cheney,6278
Williams,President and Vice President,,,John F Kerry and John Edwards,2512
Williams,President and Vice President,,,Martin Wishnatsky and Andrew Vanyo,0
Williams,President and Vice President,,,Michael A Peroutka and Chuck Baldwin,12
Williams,President and Vice President,,,Michael Badnarik and Richard Campagna,18
Williams,President and Vice President,,,Ralph Nader and Peter Camejo,109
Williams,Public Service Commissioner,,DEM,Ron Gumeringer,2475
Williams,Public Service Commissioner,,REP,Kevin Cramer,5940
Williams,Secretary of State,,DEM,Douglas Melby,2681
Williams,Secretary of State,,REP,Alvin A (Al) Jaeger,5867
Williams,State Auditor,,DEM,Brent Edison,2496
Williams,State Auditor,,REP,Robert R (Bob) Peterson,6036
Williams,State House Legislative,2,DEM,Bob Stefonowicz,1234
Williams,State House Legislative,2,DEM,Dorvan Solberg,1606
Williams,State House Legislative,2,REP,Bob Skarphol,1525
Williams,State House Legislative,2,REP,Rita Wilhelmi,1312
Williams,State Senate Legislative District 2,,DEM,Tim Holte,1320
Williams,State Senate Legislative District 2,,REP,John M Andrist,1721
Williams,State Treasurer,,DEM,Dean Meyer,3373
Williams,State Treasurer,,REP,Kelly Schmidt,5111
Williams,Superintendent of Public Instruction,,,Keith Jacobson,3164
Williams,Superintendent of Public Instruction,,,Wayne G Sanstead,5046
Williams,Tax Commissioner,,DEM,Mike Every,2376
Williams,Tax Commissioner,,REP,Rick Clayburgh,6230
Williams,U.S. House,1,DEM,Earl Pomeroy,5056
Williams,U.S. House,1,REP,Duane Sand,3808
Williams,U.S. Senate,,DEM,Byron L Dorgan,5733
Williams,U.S. Senate,,REP,Mike Liffrig,3144
