county,office,district,party,candidate,votes
Adams,County Commissioner at Large Adams,,,Anthony Dean Larson,451
Adams,County Commissioner at Large Adams,,,Dustin Michael Laufer,561
Adams,County Commissioner at Large Adams,,,Steven Ron West,761
Adams,County Commissioner at Large Adams,,,Tyler James Erickson,413
Adams,County Commissioner at Large Adams,,,write-in,8
Adams,County Recorder Unexpired 2-Year Term Adams,,,Sheri Dee Uecker,1100
Adams,County Recorder Unexpired 2-Year Term Adams,,,write-in,6
Adams,Governor and Lt. Governor,,,Kelly Armstrong and Michelle Strinden,978
Adams,Governor and Lt. Governor,,,Merrill Piepkorn and Patrick Hart,162
Adams,Governor and Lt. Governor,,,Michael (Coach) Coachman and Lydia Gessele,53
Adams,Governor and Lt. Governor,,,write-in,1
Adams,Insurance Commissioner,,,Jon Godfread,1056
Adams,Insurance Commissioner,,,write-in,4
Adams,Judge of the District Court No. 1 Southwest,,,James D Gion,1083
Adams,Judge of the District Court No. 1 Southwest,,,write-in,3
Adams,Judge of the District Court No. 3 Southwest,,,Dann Greenwood,1044
Adams,Judge of the District Court No. 3 Southwest,,,write-in,5
Adams,President,,,Harris and Walz,215
Adams,President,,,Oliver and Maat,14
Adams,President,,,Trump and Vance,962
Adams,President,,,write-in,10
Adams,Public Service Commissioner,,,Randy Christmann,981
Adams,Public Service Commissioner,,,Tracey L Wilkie,174
Adams,Public Service Commissioner,,,write-in,2
Adams,Related to constitutional amendments,,,No,634
Adams,Related to constitutional amendments,,,Yes,498
Adams,Related to prohibiting all political subdivisions from levying any tax on real property except for bonded indebtedness until paid,,,No,919
Adams,Related to prohibiting all political subdivisions from levying any tax on real property except for bonded indebtedness until paid,,,Yes,247
Adams,Related to spending and transfers from the legacy fund,,,No,610
Adams,Related to spending and transfers from the legacy fund,,,Yes,507
Adams,Related to terminology describing public institutions,,,No,225
Adams,Related to terminology describing public institutions,,,Yes,946
Adams,Related to the legalization of cannabis and related regulation.,,,No,821
Adams,Related to the legalization of cannabis and related regulation.,,,Yes,365
Adams,State Auditor,,,Joshua C Gallion,932
Adams,State Auditor,,,Timothy C Lamb,240
Adams,State Auditor,,,write-in,1
Adams,State Treasurer,,,Thomas Beadle,1068
Adams,State Treasurer,,,write-in,3
Adams,Superintendent of Public Instruction,,,Jason Heitkamp,358
Adams,Superintendent of Public Instruction,,,Kirsten Baesler,733
Adams,Superintendent of Public Instruction,,,write-in,4
Adams,"Supervisor, Soil Conservation District Adams County Soil Conservation District",,,Hayden William Evans,1051
Adams,"Supervisor, Soil Conservation District Adams County Soil Conservation District",,,write-in,11
Adams,U.S. House,1,,Julie Fedorchak,982
Adams,U.S. House,1,,Trygve Hammer,201
Adams,U.S. House,1,,write-in,4
Adams,U.S. Senate,,,Katrina Christiansen,259
Adams,U.S. Senate,,,Kevin Cramer,933
Adams,U.S. Senate,,,write-in,5
Barnes,County Auditor Unexpired 2-Year Term Barnes,,,Julie Mindt,4581
Barnes,County Auditor Unexpired 2-Year Term Barnes,,,write-in,42
Barnes,County Commissioner By District Barnes - District 1,,,Michael Schwehr,1025
Barnes,County Commissioner By District Barnes - District 1,,,write-in,21
Barnes,County Commissioner By District Barnes - District 5,,,Peter Paulson,987
Barnes,County Commissioner By District Barnes - District 5,,,write-in,8
Barnes,"Director, Garrison Diversion Conservancy Barnes",,,Gregory Bischoff,4488
Barnes,"Director, Garrison Diversion Conservancy Barnes",,,write-in,35
Barnes,Governor and Lt. Governor,,,Kelly Armstrong and Michelle Strinden,3655
Barnes,Governor and Lt. Governor,,,Merrill Piepkorn and Patrick Hart,1417
Barnes,Governor and Lt. Governor,,,Michael (Coach) Coachman and Lydia Gessele,205
Barnes,Governor and Lt. Governor,,,write-in,7
Barnes,Insurance Commissioner,,,Jon Godfread,4443
Barnes,Insurance Commissioner,,,write-in,56
Barnes,Judge of the District Court No. 3 Southeast,,,Brad Cruff,4609
Barnes,Judge of the District Court No. 3 Southeast,,,write-in,34
Barnes,President,,,Harris and Walz,1661
Barnes,President,,,Oliver and Maat,102
Barnes,President,,,Trump and Vance,3531
Barnes,President,,,write-in,45
Barnes,Public Service Commissioner,,,Randy Christmann,3481
Barnes,Public Service Commissioner,,,Tracey L Wilkie,1577
Barnes,Public Service Commissioner,,,write-in,7
Barnes,Related to constitutional amendments,,,No,2857
Barnes,Related to constitutional amendments,,,Yes,2155
Barnes,Related to prohibiting all political subdivisions from levying any tax on real property except for bonded indebtedness until paid,,,No,3441
Barnes,Related to prohibiting all political subdivisions from levying any tax on real property except for bonded indebtedness until paid,,,Yes,1776
Barnes,Related to spending and transfers from the legacy fund,,,No,2564
Barnes,Related to spending and transfers from the legacy fund,,,Yes,2342
Barnes,Related to terminology describing public institutions,,,No,864
Barnes,Related to terminology describing public institutions,,,Yes,4334
Barnes,Related to the legalization of cannabis and related regulation.,,,No,3003
Barnes,Related to the legalization of cannabis and related regulation.,,,Yes,2274
Barnes,State Auditor,,,Joshua C Gallion,3417
Barnes,State Auditor,,,Timothy C Lamb,1696
Barnes,State Auditor,,,write-in,5
Barnes,State House,24,,Daniel Johnston,2823
Barnes,State House,24,,Dwight Kiefert,3252
Barnes,State House,24,,Nancy Farnham,1721
Barnes,State House,24,,Shawn Olauson,1802
Barnes,State House,24,,write-in,11
Barnes,State Senate,24,,Knut Gjovik,1760
Barnes,State Senate,24,,Mike Wobbema,3453
Barnes,State Senate,24,,write-in,9
Barnes,State Treasurer,,,Thomas Beadle,4465
Barnes,State Treasurer,,,write-in,61
Barnes,Superintendent of Public Instruction,,,Jason Heitkamp,1902
Barnes,Superintendent of Public Instruction,,,Kirsten Baesler,2872
Barnes,Superintendent of Public Instruction,,,write-in,26
Barnes,"Supervisor, Soil Conservation District Barnes County Soil Conservation District",,,Kurt Reidman,4577
Barnes,"Supervisor, Soil Conservation District Barnes County Soil Conservation District",,,write-in,30
Barnes,U.S. House,1,,Julie Fedorchak,3600
Barnes,U.S. House,1,,Trygve Hammer,1614
Barnes,U.S. House,1,,write-in,13
Barnes,U.S. Senate,,,Katrina Christiansen,1901
Barnes,U.S. Senate,,,Kevin Cramer,3403
Barnes,U.S. Senate,,,write-in,16
Benson,County Clerk of District Court Unexpired 2-Year Term Benson,,,Emily R. Yri,1637
Benson,County Clerk of District Court Unexpired 2-Year Term Benson,,,write-in,15
Benson,County Commissioner By District Benson - District 2,,,Dick Horner,239
Benson,County Commissioner By District Benson - District 2,,,Mya Ertelt,224
Benson,County Commissioner By District Benson - District 2,,,write-in,3
Benson,County Commissioner By District Benson - District 4,,,"David ""Davey"" Davidson",159
Benson,County Commissioner By District Benson - District 4,,,write-in,4
Benson,Governor and Lt. Governor,,,Kelly Armstrong and Michelle Strinden,1135
Benson,Governor and Lt. Governor,,,Merrill Piepkorn and Patrick Hart,697
Benson,Governor and Lt. Governor,,,Michael (Coach) Coachman and Lydia Gessele,103
Benson,Governor and Lt. Governor,,,write-in,3
Benson,Insurance Commissioner,,,Jon Godfread,1531
Benson,Insurance Commissioner,,,write-in,35
Benson,Judge of the District Court No. 2 Northeast,,,Michael Hurly,1542
Benson,Judge of the District Court No. 2 Northeast,,,write-in,30
Benson,Judge of the District Court No. 5 Unexpired 4-Year Term Northeast,,,Kari M Agotness,1521
Benson,Judge of the District Court No. 5 Unexpired 4-Year Term Northeast,,,write-in,22
Benson,Judge of the District Court No. 6 Northeast,,,Barbara L Whelan,1516
Benson,Judge of the District Court No. 6 Northeast,,,write-in,23
Benson,President,,,Harris and Walz,795
Benson,President,,,Oliver and Maat,36
Benson,President,,,Trump and Vance,1163
Benson,President,,,write-in,8
Benson,Public Service Commissioner,,,Randy Christmann,1120
Benson,Public Service Commissioner,,,Tracey L Wilkie,761
Benson,Public Service Commissioner,,,write-in,2
Benson,Related to constitutional amendments,,,No,1053
Benson,Related to constitutional amendments,,,Yes,797
Benson,Related to prohibiting all political subdivisions from levying any tax on real property except for bonded indebtedness until paid,,,No,1285
Benson,Related to prohibiting all political subdivisions from levying any tax on real property except for bonded indebtedness until paid,,,Yes,625
Benson,Related to spending and transfers from the legacy fund,,,No,918
Benson,Related to spending and transfers from the legacy fund,,,Yes,897
Benson,Related to terminology describing public institutions,,,No,285
Benson,Related to terminology describing public institutions,,,Yes,1633
Benson,Related to the legalization of cannabis and related regulation.,,,No,970
Benson,Related to the legalization of cannabis and related regulation.,,,Yes,1002
Benson,State Auditor,,,Joshua C Gallion,1122
Benson,State Auditor,,,Timothy C Lamb,778
Benson,State Auditor,,,write-in,2
Benson,State House,14,,Cathy Jelsing,143
Benson,State House,14,,Jessica Hawkes,126
Benson,State House,14,,Jon Nelson,394
Benson,State House,14,,Robin Weisz,375
Benson,State House,14,,write-in,7
Benson,State House Unexpired 2-Year Term,9,,Collette Brown,599
Benson,State House Unexpired 2-Year Term,9,,David Brien,655
Benson,State House Unexpired 2-Year Term,9,,Jayme Davis,440
Benson,State House Unexpired 2-Year Term,9,,Robert Graywater,741
Benson,State House Unexpired 2-Year Term,9,,write-in,3
Benson,State Senate,14,,Jerry Klein,398
Benson,State Senate,14,,Mark Nelson,153
Benson,State Senate,14,,write-in,4
Benson,State Senate Unexpired 2-Year Term,9,,Judy Estenson,810
Benson,State Senate Unexpired 2-Year Term,9,,Richard Marcellais,580
Benson,State Senate Unexpired 2-Year Term,9,,write-in,1
Benson,State Treasurer,,,Thomas Beadle,1535
Benson,State Treasurer,,,write-in,37
Benson,Superintendent of Public Instruction,,,Jason Heitkamp,836
Benson,Superintendent of Public Instruction,,,Kirsten Baesler,938
Benson,Superintendent of Public Instruction,,,write-in,14
Benson,"Supervisor, Soil Conservation District North Central Soil Conservation District",,,Brian Maddock,1614
Benson,"Supervisor, Soil Conservation District North Central Soil Conservation District",,,write-in,48
Benson,U.S. House,1,,Julie Fedorchak,1140
Benson,U.S. House,1,,Trygve Hammer,777
Benson,U.S. House,1,,write-in,8
Benson,U.S. Senate,,,Katrina Christiansen,873
Benson,U.S. Senate,,,Kevin Cramer,1071
Benson,U.S. Senate,,,write-in,3
Billings,County Commissioner Billings - District 1,,,James Haag,399
Billings,County Commissioner Billings - District 1,,,Lester Iverson,218
Billings,County Commissioner Billings - District 1,,,write-in,1
Billings,County Commissioner Billings - District 3,,,Dean Rodne,391
Billings,County Commissioner Billings - District 3,,,John Hild,232
Billings,County Commissioner Billings - District 3,,,write-in,5
Billings,Governor and Lt. Governor,,,Kelly Armstrong and Michelle Strinden,526
Billings,Governor and Lt. Governor,,,Merrill Piepkorn and Patrick Hart,85
Billings,Governor and Lt. Governor,,,Michael (Coach) Coachman and Lydia Gessele,39
Billings,Governor and Lt. Governor,,,write-in,0
Billings,Insurance Commissioner,,,Jon Godfread,583
Billings,Insurance Commissioner,,,write-in,2
Billings,Judge of the District Court No. 1 Southwest,,,James D Gion,562
Billings,Judge of the District Court No. 1 Southwest,,,write-in,1
Billings,Judge of the District Court No. 3 Southwest,,,Dann Greenwood,561
Billings,Judge of the District Court No. 3 Southwest,,,write-in,2
Billings,President,,,Harris and Walz,93
Billings,President,,,Oliver and Maat,8
Billings,President,,,Trump and Vance,543
Billings,President,,,write-in,3
Billings,Public Service Commissioner,,,Randy Christmann,549
Billings,Public Service Commissioner,,,Tracey L Wilkie,83
Billings,Public Service Commissioner,,,write-in,0
Billings,Related to constitutional amendments,,,No,342
Billings,Related to constitutional amendments,,,Yes,281
Billings,Related to prohibiting all political subdivisions from levying any tax on real property except for bonded indebtedness until paid,,,No,489
Billings,Related to prohibiting all political subdivisions from levying any tax on real property except for bonded indebtedness until paid,,,Yes,147
Billings,Related to spending and transfers from the legacy fund,,,No,329
Billings,Related to spending and transfers from the legacy fund,,,Yes,279
Billings,Related to terminology describing public institutions,,,No,163
Billings,Related to terminology describing public institutions,,,Yes,473
Billings,Related to the legalization of cannabis and related regulation.,,,No,461
Billings,Related to the legalization of cannabis and related regulation.,,,Yes,189
Billings,State Auditor,,,Joshua C Gallion,526
Billings,State Auditor,,,Timothy C Lamb,107
Billings,State Auditor,,,write-in,3
Billings,State Treasurer,,,Thomas Beadle,586
Billings,State Treasurer,,,write-in,1
Billings,Superintendent of Public Instruction,,,Jason Heitkamp,214
Billings,Superintendent of Public Instruction,,,Kirsten Baesler,378
Billings,Superintendent of Public Instruction,,,write-in,4
Billings,"Supervisor, Soil Conservation District Golden Valley County Soil Conservation District",,,Meilon Hildebrant,34
Billings,"Supervisor, Soil Conservation District Golden Valley County Soil Conservation District",,,write-in,0
Billings,"Supervisor, Soil Conservation District Stark Billings Soil Conservation District",,,Jessica Obrien,527
Billings,"Supervisor, Soil Conservation District Stark Billings Soil Conservation District",,,write-in,1
Billings,"Supervisor, Soil Conservation District Unexpired 4-Year Term Golden Valley County Soil Conservation District",,,Jen Steiner,16
Billings,"Supervisor, Soil Conservation District Unexpired 4-Year Term Golden Valley County Soil Conservation District",,,Ron Volk,19
Billings,"Supervisor, Soil Conservation District Unexpired 4-Year Term Golden Valley County Soil Conservation District",,,write-in,0
Billings,U.S. House,1,,Julie Fedorchak,550
Billings,U.S. House,1,,Trygve Hammer,90
Billings,U.S. House,1,,write-in,3
Billings,U.S. Senate,,,Katrina Christiansen,117
Billings,U.S. Senate,,,Kevin Cramer,529
Billings,U.S. Senate,,,write-in,4
Bottineau,County Commissioner By District Bottineau - District 2,,,Andy Pederson,458
Bottineau,County Commissioner By District Bottineau - District 2,,,Jamie Pollard,285
Bottineau,County Commissioner By District Bottineau - District 2,,,write-in,4
Bottineau,County Commissioner By District Bottineau - District 4,,,Lance Kjelshus,649
Bottineau,County Commissioner By District Bottineau - District 4,,,write-in,14
Bottineau,"Director, Garrison Diversion Conservancy Bottineau",,,Kenneth Rogers,2964
Bottineau,"Director, Garrison Diversion Conservancy Bottineau",,,write-in,10
Bottineau,Governor and Lt. Governor,,,Kelly Armstrong and Michelle Strinden,2585
Bottineau,Governor and Lt. Governor,,,Merrill Piepkorn and Patrick Hart,622
Bottineau,Governor and Lt. Governor,,,Michael (Coach) Coachman and Lydia Gessele,216
Bottineau,Governor and Lt. Governor,,,write-in,3
Bottineau,Insurance Commissioner,,,Jon Godfread,2989
Bottineau,Insurance Commissioner,,,write-in,26
Bottineau,Judge of the District Court No. 2 Northeast,,,Michael Hurly,2907
Bottineau,Judge of the District Court No. 2 Northeast,,,write-in,20
Bottineau,Judge of the District Court No. 5 Unexpired 4-Year Term Northeast,,,Kari M Agotness,2855
Bottineau,Judge of the District Court No. 5 Unexpired 4-Year Term Northeast,,,write-in,12
Bottineau,Judge of the District Court No. 6 Northeast,,,Barbara L Whelan,2840
Bottineau,Judge of the District Court No. 6 Northeast,,,write-in,16
Bottineau,President,,,Harris and Walz,735
Bottineau,President,,,Oliver and Maat,59
Bottineau,President,,,Trump and Vance,2628
Bottineau,President,,,write-in,25
Bottineau,Public Service Commissioner,,,Randy Christmann,2615
Bottineau,Public Service Commissioner,,,Tracey L Wilkie,721
Bottineau,Public Service Commissioner,,,write-in,5
Bottineau,Related to constitutional amendments,,,No,1837
Bottineau,Related to constitutional amendments,,,Yes,1422
Bottineau,Related to prohibiting all political subdivisions from levying any tax on real property except for bonded indebtedness until paid,,,No,2254
Bottineau,Related to prohibiting all political subdivisions from levying any tax on real property except for bonded indebtedness until paid,,,Yes,1116
Bottineau,Related to spending and transfers from the legacy fund,,,No,1685
Bottineau,Related to spending and transfers from the legacy fund,,,Yes,1473
Bottineau,Related to terminology describing public institutions,,,No,641
Bottineau,Related to terminology describing public institutions,,,Yes,2713
Bottineau,Related to the legalization of cannabis and related regulation.,,,No,2165
Bottineau,Related to the legalization of cannabis and related regulation.,,,Yes,1241
Bottineau,State Auditor,,,Joshua C Gallion,2563
Bottineau,State Auditor,,,Timothy C Lamb,776
Bottineau,State Auditor,,,write-in,5
Bottineau,State House,6,,Dan Vollmer,2167
Bottineau,State House,6,,Dick Anderson,2571
Bottineau,State House,6,,write-in,85
Bottineau,State Senate,6,,Paul John Thomas,2649
Bottineau,State Senate,6,,Robert Tolar,640
Bottineau,State Senate,6,,write-in,19
Bottineau,State Treasurer,,,Thomas Beadle,2999
Bottineau,State Treasurer,,,write-in,25
Bottineau,Superintendent of Public Instruction,,,Jason Heitkamp,1222
Bottineau,Superintendent of Public Instruction,,,Kirsten Baesler,1935
Bottineau,Superintendent of Public Instruction,,,write-in,17
Bottineau,"Supervisor, Soil Conservation District Mouse River District",,,Raeann Ellsworth,804
Bottineau,"Supervisor, Soil Conservation District Mouse River District",,,Tony Marthaler,824
Bottineau,"Supervisor, Soil Conservation District Mouse River District",,,write-in,13
Bottineau,"Supervisor, Soil Conservation District Turtle Mountain District",,,Michael Joseph Erdman,2133
Bottineau,"Supervisor, Soil Conservation District Turtle Mountain District",,,write-in,8
Bottineau,U.S. House,1,,Julie Fedorchak,2637
Bottineau,U.S. House,1,,Trygve Hammer,750
Bottineau,U.S. House,1,,write-in,15
Bottineau,U.S. Senate,,,Katrina Christiansen,895
Bottineau,U.S. Senate,,,Kevin Cramer,2511
Bottineau,U.S. Senate,,,write-in,13
Bowman,County Commissioner Bowman,,,Jerry Jeffers,914
Bowman,County Commissioner Bowman,,,Nathan Miller,939
Bowman,County Commissioner Bowman,,,Pine Abrahamson,1086
Bowman,County Commissioner Bowman,,,Rick Braaten,1225
Bowman,County Commissioner Bowman,,,write-in,22
Bowman,Governor and Lt. Governor,,,Kelly Armstrong and Michelle Strinden,1387
Bowman,Governor and Lt. Governor,,,Merrill Piepkorn and Patrick Hart,171
Bowman,Governor and Lt. Governor,,,Michael (Coach) Coachman and Lydia Gessele,60
Bowman,Governor and Lt. Governor,,,write-in,0
Bowman,Insurance Commissioner,,,Jon Godfread,1493
Bowman,Insurance Commissioner,,,write-in,8
Bowman,Judge of the District Court No. 1 Southwest,,,James D Gion,1450
Bowman,Judge of the District Court No. 1 Southwest,,,write-in,7
Bowman,Judge of the District Court No. 3 Southwest,,,Dann Greenwood,1419
Bowman,Judge of the District Court No. 3 Southwest,,,write-in,9
Bowman,President,,,Harris and Walz,207
Bowman,President,,,Oliver and Maat,20
Bowman,President,,,Trump and Vance,1384
Bowman,President,,,write-in,7
Bowman,Public Service Commissioner,,,Randy Christmann,1371
Bowman,Public Service Commissioner,,,Tracey L Wilkie,204
Bowman,Public Service Commissioner,,,write-in,2
Bowman,Related to constitutional amendments,,,No,842
Bowman,Related to constitutional amendments,,,Yes,716
Bowman,Related to prohibiting all political subdivisions from levying any tax on real property except for bonded indebtedness until paid,,,No,1238
Bowman,Related to prohibiting all political subdivisions from levying any tax on real property except for bonded indebtedness until paid,,,Yes,360
Bowman,Related to spending and transfers from the legacy fund,,,No,779
Bowman,Related to spending and transfers from the legacy fund,,,Yes,761
Bowman,Related to terminology describing public institutions,,,No,312
Bowman,Related to terminology describing public institutions,,,Yes,1274
Bowman,Related to the legalization of cannabis and related regulation.,,,No,1129
Bowman,Related to the legalization of cannabis and related regulation.,,,Yes,488
Bowman,State Auditor,,,Joshua C Gallion,1342
Bowman,State Auditor,,,Timothy C Lamb,230
Bowman,State Auditor,,,write-in,3
Bowman,State Treasurer,,,Thomas Beadle,1502
Bowman,State Treasurer,,,write-in,5
Bowman,Superintendent of Public Instruction,,,Jason Heitkamp,484
Bowman,Superintendent of Public Instruction,,,Kirsten Baesler,1015
Bowman,Superintendent of Public Instruction,,,write-in,6
Bowman,"Supervisor, Soil Conservation District Bowman/Slope Soil Conservation District",,,Brett Hendrickson,1472
Bowman,"Supervisor, Soil Conservation District Bowman/Slope Soil Conservation District",,,write-in,8
Bowman,U.S. House,1,,Julie Fedorchak,1368
Bowman,U.S. House,1,,Trygve Hammer,233
Bowman,U.S. House,1,,write-in,5
Bowman,U.S. Senate,,,Katrina Christiansen,263
Bowman,U.S. Senate,,,Kevin Cramer,1349
Bowman,U.S. Senate,,,write-in,3
Burke,County Commissioner By District Burke - District 1,,,Shannon Holter,323
Burke,County Commissioner By District Burke - District 1,,,write-in,7
Burke,County Commissioner By District Burke - District 3,,,Jarret M. Van Berkom,316
Burke,County Commissioner By District Burke - District 3,,,write-in,10
Burke,County Sheriff Unexpired 2-Year Term Burke,,,Nick Throntveit,954
Burke,County Sheriff Unexpired 2-Year Term Burke,,,write-in,21
Burke,Governor and Lt. Governor,,,Kelly Armstrong and Michelle Strinden,874
Burke,Governor and Lt. Governor,,,Merrill Piepkorn and Patrick Hart,115
Burke,Governor and Lt. Governor,,,Michael (Coach) Coachman and Lydia Gessele,56
Burke,Governor and Lt. Governor,,,write-in,0
Burke,Insurance Commissioner,,,Jon Godfread,959
Burke,Insurance Commissioner,,,write-in,3
Burke,Judge of the District Court No. 3 North Central,,,Richard L Hagar,944
Burke,Judge of the District Court No. 3 North Central,,,write-in,4
Burke,Judge of the District Court No. 4 North Central,,,Stacy J Louser,936
Burke,Judge of the District Court No. 4 North Central,,,write-in,5
Burke,President,,,Harris and Walz,130
Burke,President,,,Oliver and Maat,12
Burke,President,,,Trump and Vance,909
Burke,President,,,write-in,5
Burke,Public Service Commissioner,,,Randy Christmann,892
Burke,Public Service Commissioner,,,Tracey L Wilkie,124
Burke,Public Service Commissioner,,,write-in,1
Burke,Related to constitutional amendments,,,No,510
Burke,Related to constitutional amendments,,,Yes,482
Burke,Related to prohibiting all political subdivisions from levying any tax on real property except for bonded indebtedness until paid,,,No,781
Burke,Related to prohibiting all political subdivisions from levying any tax on real property except for bonded indebtedness until paid,,,Yes,258
Burke,Related to spending and transfers from the legacy fund,,,No,482
Burke,Related to spending and transfers from the legacy fund,,,Yes,488
Burke,Related to terminology describing public institutions,,,No,200
Burke,Related to terminology describing public institutions,,,Yes,829
Burke,Related to the legalization of cannabis and related regulation.,,,No,735
Burke,Related to the legalization of cannabis and related regulation.,,,Yes,306
Burke,State Auditor,,,Joshua C Gallion,889
Burke,State Auditor,,,Timothy C Lamb,134
Burke,State Auditor,,,write-in,1
Burke,State House,2,,Bert Anderson,778
Burke,State House,2,,Betty L Dhuyvetter,167
Burke,State House,2,,Donald Longmuir,807
Burke,State House,2,,Gene Nygaard,117
Burke,State House,2,,write-in,35
Burke,State Senate,2,,Mark Enget,877
Burke,State Senate,2,,Rosemary Tanberg,155
Burke,State Senate,2,,write-in,5
Burke,State Treasurer,,,Thomas Beadle,963
Burke,State Treasurer,,,write-in,5
Burke,Superintendent of Public Instruction,,,Jason Heitkamp,318
Burke,Superintendent of Public Instruction,,,Kirsten Baesler,646
Burke,Superintendent of Public Instruction,,,write-in,4
Burke,"Supervisor, Soil Conservation District Burke County Soil Conservation District",,,Gregory Busch,961
Burke,"Supervisor, Soil Conservation District Burke County Soil Conservation District",,,write-in,8
Burke,U.S. House,1,,Julie Fedorchak,880
Burke,U.S. House,1,,Trygve Hammer,148
Burke,U.S. House,1,,write-in,9
Burke,U.S. Senate,,,Katrina Christiansen,175
Burke,U.S. Senate,,,Kevin Cramer,868
Burke,U.S. Senate,,,write-in,8
Burleigh,City of Bismarck Measure No. 1 Bismarck,,,No,14126
Burleigh,City of Bismarck Measure No. 1 Bismarck,,,Yes,20841
Burleigh,City of Bismarck Measure No. 2 Bismarck,,,No,7359
Burleigh,City of Bismarck Measure No. 2 Bismarck,,,Yes,28620
Burleigh,County Commissioner at Large Burleigh,,,Amelia Doll,20164
Burleigh,County Commissioner at Large Burleigh,,,Brian Bitner,21080
Burleigh,County Commissioner at Large Burleigh,,,Gregory Heilman,15498
Burleigh,County Commissioner at Large Burleigh,,,Steve Bakken,23393
Burleigh,County Commissioner at Large Burleigh,,,write-in,477
Burleigh,"Director, Garrison Diversion Conservancy Burleigh",,,Larry Kassian,40301
Burleigh,"Director, Garrison Diversion Conservancy Burleigh",,,write-in,308
Burleigh,Governor and Lt. Governor,,,Kelly Armstrong and Michelle Strinden,36496
Burleigh,Governor and Lt. Governor,,,Merrill Piepkorn and Patrick Hart,11343
Burleigh,Governor and Lt. Governor,,,Michael (Coach) Coachman and Lydia Gessele,3492
Burleigh,Governor and Lt. Governor,,,write-in,100
Burleigh,Insurance Commissioner,,,Jon Godfread,43661
Burleigh,Insurance Commissioner,,,write-in,671
Burleigh,Judge of the District Court No. 3 South Central,,,Jason Hammes,25849
Burleigh,Judge of the District Court No. 3 South Central,,,Marina Spahr,15688
Burleigh,Judge of the District Court No. 3 South Central,,,write-in,333
Burleigh,Judge of the District Court No. 4 South Central,,,Daniel Borgen,39810
Burleigh,Judge of the District Court No. 4 South Central,,,write-in,429
Burleigh,Judge of the District Court No. 9 Unexpired 4-Year Term South Central,,,Lindsey Nieuwsma,39949
Burleigh,Judge of the District Court No. 9 Unexpired 4-Year Term South Central,,,write-in,384
Burleigh,President,,,Harris and Walz,14215
Burleigh,President,,,Oliver and Maat,954
Burleigh,President,,,Trump and Vance,36595
Burleigh,President,,,write-in,499
Burleigh,Public Service Commissioner,,,Randy Christmann,36360
Burleigh,Public Service Commissioner,,,Tracey L Wilkie,12856
Burleigh,Public Service Commissioner,,,write-in,163
Burleigh,Related to constitutional amendments,,,No,30141
Burleigh,Related to constitutional amendments,,,Yes,19460
Burleigh,Related to prohibiting all political subdivisions from levying any tax on real property except for bonded indebtedness until paid,,,No,30733
Burleigh,Related to prohibiting all political subdivisions from levying any tax on real property except for bonded indebtedness until paid,,,Yes,20572
Burleigh,Related to spending and transfers from the legacy fund,,,No,23438
Burleigh,Related to spending and transfers from the legacy fund,,,Yes,24983
Burleigh,Related to terminology describing public institutions,,,No,7896
Burleigh,Related to terminology describing public institutions,,,Yes,43164
Burleigh,Related to the legalization of cannabis and related regulation.,,,No,29101
Burleigh,Related to the legalization of cannabis and related regulation.,,,Yes,22815
Burleigh,State Auditor,,,Joshua C Gallion,36362
Burleigh,State Auditor,,,Timothy C Lamb,13220
Burleigh,State Auditor,,,write-in,167
Burleigh,State House,14,,Cathy Jelsing,113
Burleigh,State House,14,,Jessica Hawkes,119
Burleigh,State House,14,,Jon Nelson,596
Burleigh,State House,14,,Robin Weisz,584
Burleigh,State House,14,,write-in,13
Burleigh,State House,30,,Glenn Bosch,5539
Burleigh,State House,30,,Mike Nathe,5001
Burleigh,State House,30,,write-in,217
Burleigh,State House,32,,Lisa Meier,4700
Burleigh,State House,32,,Pat D Heinert,4695
Burleigh,State House,32,,Shari Orser,2466
Burleigh,State House,32,,write-in,94
Burleigh,State House,8,,Mike Berg,6361
Burleigh,State House,8,,SuAnn Carol Olson,5184
Burleigh,State House,8,,write-in,154
Burleigh,State Senate,14,,Jerry Klein,642
Burleigh,State Senate,14,,Mark Nelson,122
Burleigh,State Senate,14,,write-in,9
Burleigh,State Senate,30,,Diane Larson,5454
Burleigh,State Senate,30,,Matthew Zimny,1921
Burleigh,State Senate,30,,write-in,46
Burleigh,State Senate,32,,Dick Dever,6141
Burleigh,State Senate,32,,write-in,215
Burleigh,State Senate,8,,Jeffery J Magrum,7075
Burleigh,State Senate,8,,write-in,155
Burleigh,State Treasurer,,,Thomas Beadle,43593
Burleigh,State Treasurer,,,write-in,748
Burleigh,Superintendent of Public Instruction,,,Jason Heitkamp,22064
Burleigh,Superintendent of Public Instruction,,,Kirsten Baesler,25055
Burleigh,Superintendent of Public Instruction,,,write-in,339
Burleigh,"Supervisor, Soil Conservation District Burleigh County Soil Conservation District",,,Cody Kologi,40390
Burleigh,"Supervisor, Soil Conservation District Burleigh County Soil Conservation District",,,write-in,283
Burleigh,U.S. House,1,,Julie Fedorchak,37214
Burleigh,U.S. House,1,,Trygve Hammer,13465
Burleigh,U.S. House,1,,write-in,362
Burleigh,U.S. Senate,,,Katrina Christiansen,15714
Burleigh,U.S. Senate,,,Kevin Cramer,35755
Burleigh,U.S. Senate,,,write-in,240
Cass,County Commissioner Cass - District 1,,,Tim Flakoll,70727
Cass,County Commissioner Cass - District 1,,,write-in,1040
Cass,County Commissioner Cass - District 3,,,James C Kapitan,69874
Cass,County Commissioner Cass - District 3,,,write-in,906
Cass,County Commissioner Cass - District 5,,,Joel Vettel,48711
Cass,County Commissioner Cass - District 5,,,Keith Gohdes,25094
Cass,County Commissioner Cass - District 5,,,write-in,718
Cass,Fargo Lodging Tax Fargo,,,No,26693
Cass,Fargo Lodging Tax Fargo,,,Yes,28485
Cass,Fargodome Sales Tax Fargo,,,No,29022
Cass,Fargodome Sales Tax Fargo,,,Yes,26425
Cass,Fire and Police Fargo,,,No,16951
Cass,Fire and Police Fargo,,,Yes,38630
Cass,Governor and Lt. Governor,,,Kelly Armstrong and Michelle Strinden,50505
Cass,Governor and Lt. Governor,,,Merrill Piepkorn and Patrick Hart,34903
Cass,Governor and Lt. Governor,,,Michael (Coach) Coachman and Lydia Gessele,3953
Cass,Governor and Lt. Governor,,,write-in,140
Cass,Insurance Commissioner,,,Jon Godfread,72493
Cass,Insurance Commissioner,,,write-in,2359
Cass,Judge of the District Court No. 6 Unexpired 2-Year Term East Central,,,Nicholas Chase,70972
Cass,Judge of the District Court No. 6 Unexpired 2-Year Term East Central,,,write-in,878
Cass,Judge of the District Court No. 8 East Central,,,Daniel Gast,26333
Cass,Judge of the District Court No. 8 East Central,,,Ryan Younggren,48527
Cass,Judge of the District Court No. 8 East Central,,,write-in,682
Cass,President,,,Harris and Walz,40304
Cass,President,,,Oliver and Maat,1665
Cass,President,,,Trump and Vance,47873
Cass,President,,,write-in,1009
Cass,Public Service Commissioner,,,Randy Christmann,49272
Cass,Public Service Commissioner,,,Tracey L Wilkie,37008
Cass,Public Service Commissioner,,,write-in,164
Cass,Related to constitutional amendments,,,No,46940
Cass,Related to constitutional amendments,,,Yes,39021
Cass,Related to prohibiting all political subdivisions from levying any tax on real property except for bonded indebtedness until paid,,,No,55552
Cass,Related to prohibiting all political subdivisions from levying any tax on real property except for bonded indebtedness until paid,,,Yes,31418
Cass,Related to spending and transfers from the legacy fund,,,No,35873
Cass,Related to spending and transfers from the legacy fund,,,Yes,48063
Cass,Related to terminology describing public institutions,,,No,9879
Cass,Related to terminology describing public institutions,,,Yes,79204
Cass,Related to the legalization of cannabis and related regulation.,,,No,38451
Cass,Related to the legalization of cannabis and related regulation.,,,Yes,50651
Cass,State Auditor,,,Joshua C Gallion,48704
Cass,State Auditor,,,Timothy C Lamb,38124
Cass,State Auditor,,,write-in,203
Cass,State House,10,,Hamida Dakane,2873
Cass,State House,10,,Jared Hendrix,3054
Cass,State House,10,,Steve Swiontek,3132
Cass,State House,10,,write-in,70
Cass,State House,16,,Andrew Marschall,3910
Cass,State House,16,,Ben Koppelman,4736
Cass,State House,16,,Julie West,3266
Cass,State House,16,,Phil Weiss,2619
Cass,State House,16,,write-in,22
Cass,State House,22,,Brandy L Pyle,6890
Cass,State House,22,,Darrell Hansen,2823
Cass,State House,22,,Jonathan Warrey,6154
Cass,State House,22,,write-in,103
Cass,State House,44,,Austin James Foss,4209
Cass,State House,44,,Karla Rose Hanson,4774
Cass,State House,44,,write-in,334
Cass,State House,46,,Desiree Morton,4464
Cass,State House,46,,Jim Kasper,4634
Cass,State House,46,,Todd Reisenauer,4042
Cass,State House,46,,Will Thompson,3960
Cass,State House,46,,write-in,42
Cass,State Senate,10,,George Roughead,2955
Cass,State Senate,10,,Ryan G Braunberger,3064
Cass,State Senate,10,,write-in,11
Cass,State Senate,16,,David A Clemens,4898
Cass,State Senate,16,,Heather Tyulyandin,3044
Cass,State Senate,16,,write-in,16
Cass,State Senate,22,,Mark F Weber,8547
Cass,State Senate,22,,write-in,213
Cass,State Senate,44,,Joshua A Boschee,5362
Cass,State Senate,44,,write-in,307
Cass,State Senate,46,,Jess Arneson,4242
Cass,State Senate,46,,Michelle Powers,5102
Cass,State Senate,46,,write-in,19
Cass,State Treasurer,,,Thomas Beadle,72821
Cass,State Treasurer,,,write-in,2617
Cass,Superintendent of Public Instruction,,,Jason Heitkamp,33002
Cass,Superintendent of Public Instruction,,,Kirsten Baesler,46932
Cass,Superintendent of Public Instruction,,,write-in,649
Cass,"Supervisor, Soil Conservation District Cass County Soil Conservation District",,,Terry Hoffmann,71216
Cass,"Supervisor, Soil Conservation District Cass County Soil Conservation District",,,write-in,726
Cass,U.S. House,1,,Julie Fedorchak,50662
Cass,U.S. House,1,,Trygve Hammer,38349
Cass,U.S. House,1,,write-in,220
Cass,U.S. Senate,,,Katrina Christiansen,41321
Cass,U.S. Senate,,,Kevin Cramer,48637
Cass,U.S. Senate,,,write-in,199
Cavalier,County Commissioner Cavalier,,,Chris Sanders,613
Cavalier,County Commissioner Cavalier,,,Greg Goodman,1376
Cavalier,County Commissioner Cavalier,,,Shane Gallagher,1143
Cavalier,County Commissioner Cavalier,,,write-in,17
Cavalier,County Official Newspaper Unexpired 2-Year Term Cavalier,,,The Borderland Press,1816
Cavalier,County Sheriff Unexpired 2-Year Term Cavalier,,,Matt Wright,1741
Cavalier,County Sheriff Unexpired 2-Year Term Cavalier,,,write-in,16
Cavalier,Governor and Lt. Governor,,,Kelly Armstrong and Michelle Strinden,1491
Cavalier,Governor and Lt. Governor,,,Merrill Piepkorn and Patrick Hart,401
Cavalier,Governor and Lt. Governor,,,Michael (Coach) Coachman and Lydia Gessele,78
Cavalier,Governor and Lt. Governor,,,write-in,2
Cavalier,Insurance Commissioner,,,Jon Godfread,1617
Cavalier,Insurance Commissioner,,,write-in,8
Cavalier,Judge of the District Court No. 2 Northeast,,,Michael Hurly,1591
Cavalier,Judge of the District Court No. 2 Northeast,,,write-in,3
Cavalier,Judge of the District Court No. 5 Unexpired 4-Year Term Northeast,,,Kari M Agotness,1609
Cavalier,Judge of the District Court No. 5 Unexpired 4-Year Term Northeast,,,write-in,5
Cavalier,Judge of the District Court No. 6 Northeast,,,Barbara L Whelan,1568
Cavalier,Judge of the District Court No. 6 Northeast,,,write-in,6
Cavalier,Langdon City Sales Tax Increase Langdon,,,No,286
Cavalier,Langdon City Sales Tax Increase Langdon,,,Yes,651
Cavalier,President,,,Harris and Walz,491
Cavalier,President,,,Oliver and Maat,25
Cavalier,President,,,Trump and Vance,1461
Cavalier,President,,,write-in,10
Cavalier,Public Service Commissioner,,,Randy Christmann,1428
Cavalier,Public Service Commissioner,,,Tracey L Wilkie,435
Cavalier,Public Service Commissioner,,,write-in,3
Cavalier,Related to constitutional amendments,,,No,998
Cavalier,Related to constitutional amendments,,,Yes,871
Cavalier,Related to prohibiting all political subdivisions from levying any tax on real property except for bonded indebtedness until paid,,,No,1442
Cavalier,Related to prohibiting all political subdivisions from levying any tax on real property except for bonded indebtedness until paid,,,Yes,481
Cavalier,Related to spending and transfers from the legacy fund,,,No,1003
Cavalier,Related to spending and transfers from the legacy fund,,,Yes,795
Cavalier,Related to terminology describing public institutions,,,No,350
Cavalier,Related to terminology describing public institutions,,,Yes,1600
Cavalier,Related to the legalization of cannabis and related regulation.,,,No,1343
Cavalier,Related to the legalization of cannabis and related regulation.,,,Yes,622
Cavalier,State Auditor,,,Joshua C Gallion,1418
Cavalier,State Auditor,,,Timothy C Lamb,476
Cavalier,State Auditor,,,write-in,3
Cavalier,State House Unexpired 2-Year Term,15,,Donna Henderson,1120
Cavalier,State House Unexpired 2-Year Term,15,,Kathy Frelich,974
Cavalier,State House Unexpired 2-Year Term,15,,write-in,7
Cavalier,State Senate Unexpired 2-Year Term,15,,Kent Weston,1466
Cavalier,State Senate Unexpired 2-Year Term,15,,write-in,19
Cavalier,State Treasurer,,,Thomas Beadle,1647
Cavalier,State Treasurer,,,write-in,9
Cavalier,Superintendent of Public Instruction,,,Jason Heitkamp,745
Cavalier,Superintendent of Public Instruction,,,Kirsten Baesler,1032
Cavalier,Superintendent of Public Instruction,,,write-in,10
Cavalier,"Supervisor, Soil Conservation District Cavalier County Soil Conservation District",,,Terry Jacobson,1733
Cavalier,"Supervisor, Soil Conservation District Cavalier County Soil Conservation District",,,write-in,4
Cavalier,U.S. House,1,,Julie Fedorchak,1479
Cavalier,U.S. House,1,,Trygve Hammer,472
Cavalier,U.S. House,1,,write-in,6
Cavalier,U.S. Senate,,,Katrina Christiansen,562
Cavalier,U.S. Senate,,,Kevin Cramer,1421
Cavalier,U.S. Senate,,,write-in,6
Dickey,County Commissioner Dickey - District 2,,,Jerry Walsh,2075
Dickey,County Commissioner Dickey - District 2,,,write-in,34
Dickey,County Commissioner Dickey - District 4,,,Marke Roberts,2096
Dickey,County Commissioner Dickey - District 4,,,write-in,29
Dickey,"Director, Garrison Diversion Conservancy Dickey",,,Donald Zimbleman,2102
Dickey,"Director, Garrison Diversion Conservancy Dickey",,,write-in,16
Dickey,Governor and Lt. Governor,,,Kelly Armstrong and Michelle Strinden,1802
Dickey,Governor and Lt. Governor,,,Merrill Piepkorn and Patrick Hart,491
Dickey,Governor and Lt. Governor,,,Michael (Coach) Coachman and Lydia Gessele,123
Dickey,Governor and Lt. Governor,,,write-in,1
Dickey,Insurance Commissioner,,,Jon Godfread,2133
Dickey,Insurance Commissioner,,,write-in,18
Dickey,Judge of the District Court No. 3 Southeast,,,Brad Cruff,2101
Dickey,Judge of the District Court No. 3 Southeast,,,write-in,6
Dickey,President,,,Harris and Walz,557
Dickey,President,,,Oliver and Maat,49
Dickey,President,,,Trump and Vance,1829
Dickey,President,,,write-in,18
Dickey,Public Service Commissioner,,,Randy Christmann,1771
Dickey,Public Service Commissioner,,,Tracey L Wilkie,574
Dickey,Public Service Commissioner,,,write-in,1
Dickey,Related to constitutional amendments,,,No,1365
Dickey,Related to constitutional amendments,,,Yes,998
Dickey,Related to prohibiting all political subdivisions from levying any tax on real property except for bonded indebtedness until paid,,,No,1800
Dickey,Related to prohibiting all political subdivisions from levying any tax on real property except for bonded indebtedness until paid,,,Yes,617
Dickey,Related to spending and transfers from the legacy fund,,,No,1276
Dickey,Related to spending and transfers from the legacy fund,,,Yes,1045
Dickey,Related to terminology describing public institutions,,,No,482
Dickey,Related to terminology describing public institutions,,,Yes,1917
Dickey,Related to the legalization of cannabis and related regulation.,,,No,1658
Dickey,Related to the legalization of cannabis and related regulation.,,,Yes,779
Dickey,State Auditor,,,Joshua C Gallion,1788
Dickey,State Auditor,,,Timothy C Lamb,575
Dickey,State Auditor,,,write-in,0
Dickey,State House,28,,Jim Grueneich,1645
Dickey,State House,28,,Mary Schlosser,545
Dickey,State House,28,,Mike Brandenburg,1667
Dickey,State House,28,,Sara Dux,468
Dickey,State House,28,,write-in,5
Dickey,State Senate,28,,Richard F Schlosser,583
Dickey,State Senate,28,,Robert Erbele,1802
Dickey,State Senate,28,,write-in,4
Dickey,State Treasurer,,,Thomas Beadle,2144
Dickey,State Treasurer,,,write-in,21
Dickey,Superintendent of Public Instruction,,,Jason Heitkamp,1057
Dickey,Superintendent of Public Instruction,,,Kirsten Baesler,1194
Dickey,Superintendent of Public Instruction,,,write-in,8
Dickey,"Supervisor, Soil Conservation District James River Soil Conservation District",,,Perry Bollum,2087
Dickey,"Supervisor, Soil Conservation District James River Soil Conservation District",,,write-in,9
Dickey,U.S. House,1,,Julie Fedorchak,1795
Dickey,U.S. House,1,,Trygve Hammer,603
Dickey,U.S. House,1,,write-in,1
Dickey,U.S. Senate,,,Katrina Christiansen,706
Dickey,U.S. Senate,,,Kevin Cramer,1722
Dickey,U.S. Senate,,,write-in,2
Divide,County Commissioner Divide - District 2,,,Rodney Johnson,1025
Divide,County Commissioner Divide - District 2,,,write-in,39
Divide,Governor and Lt. Governor,,,Kelly Armstrong and Michelle Strinden,894
Divide,Governor and Lt. Governor,,,Merrill Piepkorn and Patrick Hart,226
Divide,Governor and Lt. Governor,,,Michael (Coach) Coachman and Lydia Gessele,67
Divide,Governor and Lt. Governor,,,write-in,0
Divide,Insurance Commissioner,,,Jon Godfread,1019
Divide,Insurance Commissioner,,,write-in,6
Divide,President,,,Harris and Walz,253
Divide,President,,,Oliver and Maat,27
Divide,President,,,Trump and Vance,914
Divide,President,,,write-in,7
Divide,Public Service Commissioner,,,Randy Christmann,896
Divide,Public Service Commissioner,,,Tracey L Wilkie,237
Divide,Public Service Commissioner,,,write-in,1
Divide,ROAD & BRIDGE 12 - Divide,,,No,407
Divide,ROAD & BRIDGE 12 - Divide,,,Yes,729
Divide,Related to constitutional amendments,,,No,634
Divide,Related to constitutional amendments,,,Yes,500
Divide,Related to prohibiting all political subdivisions from levying any tax on real property except for bonded indebtedness until paid,,,No,926
Divide,Related to prohibiting all political subdivisions from levying any tax on real property except for bonded indebtedness until paid,,,Yes,243
Divide,Related to spending and transfers from the legacy fund,,,No,621
Divide,Related to spending and transfers from the legacy fund,,,Yes,491
Divide,Related to terminology describing public institutions,,,No,220
Divide,Related to terminology describing public institutions,,,Yes,944
Divide,Related to the legalization of cannabis and related regulation.,,,No,703
Divide,Related to the legalization of cannabis and related regulation.,,,Yes,487
Divide,State Auditor,,,Joshua C Gallion,902
Divide,State Auditor,,,Timothy C Lamb,249
Divide,State Auditor,,,write-in,0
Divide,State House,2,,Bert Anderson,808
Divide,State House,2,,Betty L Dhuyvetter,312
Divide,State House,2,,Donald Longmuir,747
Divide,State House,2,,Gene Nygaard,283
Divide,State House,2,,write-in,30
Divide,State Senate,2,,Mark Enget,895
Divide,State Senate,2,,Rosemary Tanberg,291
Divide,State Senate,2,,write-in,3
Divide,State Treasurer,,,Thomas Beadle,1030
Divide,State Treasurer,,,write-in,6
Divide,Superintendent of Public Instruction,,,Jason Heitkamp,406
Divide,Superintendent of Public Instruction,,,Kirsten Baesler,661
Divide,Superintendent of Public Instruction,,,write-in,12
Divide,"Supervisor, Soil Conservation District Divide County Soil Conservation District",,,write-in,142
Divide,U.S. House,1,,Julie Fedorchak,913
Divide,U.S. House,1,,Trygve Hammer,258
Divide,U.S. House,1,,write-in,2
Divide,U.S. Senate,,,Katrina Christiansen,309
Divide,U.S. Senate,,,Kevin Cramer,887
Divide,U.S. Senate,,,write-in,4
Dunn,County Auditor/Treasurer Unexpired 2-Year Term Dunn,,,Sally Whittingham,1899
Dunn,County Auditor/Treasurer Unexpired 2-Year Term Dunn,,,write-in,21
Dunn,County Commissioner Dunn - Districts At-Large,,,Al Heiser,923
Dunn,County Commissioner Dunn - Districts At-Large,,,Cody Buehner,855
Dunn,County Commissioner Dunn - Districts At-Large,,,Dave Olson,1149
Dunn,County Commissioner Dunn - Districts At-Large,,,JoAnn Marsh Brew,867
Dunn,County Commissioner Dunn - Districts At-Large,,,write-in,19
Dunn,Governor and Lt. Governor,,,Kelly Armstrong and Michelle Strinden,1806
Dunn,Governor and Lt. Governor,,,Merrill Piepkorn and Patrick Hart,276
Dunn,Governor and Lt. Governor,,,Michael (Coach) Coachman and Lydia Gessele,131
Dunn,Governor and Lt. Governor,,,write-in,4
Dunn,Insurance Commissioner,,,Jon Godfread,1960
Dunn,Insurance Commissioner,,,write-in,19
Dunn,Judge of the District Court No. 1 Southwest,,,James D Gion,1860
Dunn,Judge of the District Court No. 1 Southwest,,,write-in,17
Dunn,Judge of the District Court No. 3 Southwest,,,Dann Greenwood,1885
Dunn,Judge of the District Court No. 3 Southwest,,,write-in,11
Dunn,President,,,Harris and Walz,332
Dunn,President,,,Oliver and Maat,22
Dunn,President,,,Trump and Vance,1877
Dunn,President,,,write-in,11
Dunn,Public Library for the City of Halliday Halliday,,,No,25
Dunn,Public Library for the City of Halliday Halliday,,,Yes,82
Dunn,Public Service Commissioner,,,Randy Christmann,1819
Dunn,Public Service Commissioner,,,Tracey L Wilkie,318
Dunn,Public Service Commissioner,,,write-in,4
Dunn,Related to constitutional amendments,,,No,1125
Dunn,Related to constitutional amendments,,,Yes,992
Dunn,Related to prohibiting all political subdivisions from levying any tax on real property except for bonded indebtedness until paid,,,No,1638
Dunn,Related to prohibiting all political subdivisions from levying any tax on real property except for bonded indebtedness until paid,,,Yes,551
Dunn,Related to spending and transfers from the legacy fund,,,No,1090
Dunn,Related to spending and transfers from the legacy fund,,,Yes,991
Dunn,Related to terminology describing public institutions,,,No,493
Dunn,Related to terminology describing public institutions,,,Yes,1685
Dunn,Related to the legalization of cannabis and related regulation.,,,No,1419
Dunn,Related to the legalization of cannabis and related regulation.,,,Yes,786
Dunn,State Auditor,,,Joshua C Gallion,1795
Dunn,State Auditor,,,Timothy C Lamb,348
Dunn,State Auditor,,,write-in,3
Dunn,State House,26,,Jeremy Olson,1331
Dunn,State House,26,,Roger Maki,965
Dunn,State House,26,,write-in,16
Dunn,State House,36,,Dori Hauck,24
Dunn,State House,36,,Ty Dressler,19
Dunn,State House,36,,write-in,0
Dunn,State House,4a,,Lisa Finley-DeVille,123
Dunn,State House,4a,,Ronald Brugh,57
Dunn,State House,4a,,write-in,1
Dunn,State Senate,26,,Dale Patten,1497
Dunn,State Senate,26,,write-in,17
Dunn,State Senate,36,,Desiree Van Oosting,23
Dunn,State Senate,36,,write-in,0
Dunn,State Senate,4,,Chuck Walen,118
Dunn,State Senate,4,,write-in,6
Dunn,State Treasurer,,,Thomas Beadle,1964
Dunn,State Treasurer,,,write-in,22
Dunn,Superintendent of Public Instruction,,,Jason Heitkamp,773
Dunn,Superintendent of Public Instruction,,,Kirsten Baesler,1209
Dunn,Superintendent of Public Instruction,,,write-in,13
Dunn,"Supervisor, Soil Conservation District Dunn County Soil Conservation District",,,Scott Lazorenko,1985
Dunn,"Supervisor, Soil Conservation District Dunn County Soil Conservation District",,,write-in,14
Dunn,U.S. House,1,,Julie Fedorchak,1866
Dunn,U.S. House,1,,Trygve Hammer,322
Dunn,U.S. House,1,,write-in,8
Dunn,U.S. Senate,,,Katrina Christiansen,395
Dunn,U.S. Senate,,,Kevin Cramer,1805
Dunn,U.S. Senate,,,write-in,8
Eddy,County Commissioner Eddy,,,Glenda Collier,669
Eddy,County Commissioner Eddy,,,Joanna Larson,521
Eddy,County Commissioner Eddy,,,write-in,4
Eddy,"Director, Garrison Diversion Conservancy Eddy",,,Michael Tweed,1069
Eddy,"Director, Garrison Diversion Conservancy Eddy",,,write-in,3
Eddy,Governor and Lt. Governor,,,Kelly Armstrong and Michelle Strinden,856
Eddy,Governor and Lt. Governor,,,Merrill Piepkorn and Patrick Hart,280
Eddy,Governor and Lt. Governor,,,Michael (Coach) Coachman and Lydia Gessele,68
Eddy,Governor and Lt. Governor,,,write-in,1
Eddy,Insurance Commissioner,,,Jon Godfread,1041
Eddy,Insurance Commissioner,,,write-in,7
Eddy,Judge of the District Court No. 3 Southeast,,,Brad Cruff,1027
Eddy,Judge of the District Court No. 3 Southeast,,,write-in,6
Eddy,President,,,Harris and Walz,316
Eddy,President,,,Oliver and Maat,23
Eddy,President,,,Trump and Vance,862
Eddy,President,,,write-in,4
Eddy,Public Service Commissioner,,,Randy Christmann,873
Eddy,Public Service Commissioner,,,Tracey L Wilkie,298
Eddy,Public Service Commissioner,,,write-in,0
Eddy,Related to constitutional amendments,,,No,661
Eddy,Related to constitutional amendments,,,Yes,501
Eddy,Related to prohibiting all political subdivisions from levying any tax on real property except for bonded indebtedness until paid,,,No,848
Eddy,Related to prohibiting all political subdivisions from levying any tax on real property except for bonded indebtedness until paid,,,Yes,346
Eddy,Related to spending and transfers from the legacy fund,,,No,614
Eddy,Related to spending and transfers from the legacy fund,,,Yes,527
Eddy,Related to terminology describing public institutions,,,No,184
Eddy,Related to terminology describing public institutions,,,Yes,1014
Eddy,Related to the legalization of cannabis and related regulation.,,,No,769
Eddy,Related to the legalization of cannabis and related regulation.,,,Yes,440
Eddy,State Auditor,,,Joshua C Gallion,846
Eddy,State Auditor,,,Timothy C Lamb,327
Eddy,State Auditor,,,write-in,0
Eddy,State House,14,,Cathy Jelsing,261
Eddy,State House,14,,Jessica Hawkes,242
Eddy,State House,14,,Jon Nelson,790
Eddy,State House,14,,Robin Weisz,821
Eddy,State House,14,,write-in,12
Eddy,State House Unexpired 2-Year Term,9,,Collette Brown,21
Eddy,State House Unexpired 2-Year Term,9,,David Brien,39
Eddy,State House Unexpired 2-Year Term,9,,Jayme Davis,13
Eddy,State House Unexpired 2-Year Term,9,,Robert Graywater,39
Eddy,State House Unexpired 2-Year Term,9,,write-in,0
Eddy,State Senate,14,,Jerry Klein,845
Eddy,State Senate,14,,Mark Nelson,285
Eddy,State Senate,14,,write-in,6
Eddy,State Senate Unexpired 2-Year Term,9,,Judy Estenson,40
Eddy,State Senate Unexpired 2-Year Term,9,,Richard Marcellais,22
Eddy,State Senate Unexpired 2-Year Term,9,,write-in,0
Eddy,State Treasurer,,,Thomas Beadle,1045
Eddy,State Treasurer,,,write-in,5
Eddy,Superintendent of Public Instruction,,,Jason Heitkamp,458
Eddy,Superintendent of Public Instruction,,,Kirsten Baesler,678
Eddy,Superintendent of Public Instruction,,,write-in,3
Eddy,"Supervisor, Soil Conservation District Eddy County Soil Conservation District",,,Dale Rosenberg,1097
Eddy,"Supervisor, Soil Conservation District Eddy County Soil Conservation District",,,write-in,5
Eddy,U.S. House,1,,Julie Fedorchak,867
Eddy,U.S. House,1,,Trygve Hammer,323
Eddy,U.S. House,1,,write-in,5
Eddy,U.S. Senate,,,Katrina Christiansen,380
Eddy,U.S. Senate,,,Kevin Cramer,832
Eddy,U.S. Senate,,,write-in,4
Emmons,County Commissioner At Large By District Emmons - District 1,,,Cecile Long,460
Emmons,County Commissioner At Large By District Emmons - District 1,,,Craig Miller,1202
Emmons,County Commissioner At Large By District Emmons - District 1,,,write-in,29
Emmons,County Commissioner At Large By District Emmons - District 3,,,James Gartner,894
Emmons,County Commissioner At Large By District Emmons - District 3,,,Tim Volk,861
Emmons,County Commissioner At Large By District Emmons - District 3,,,write-in,12
Emmons,County Commissioner At Large By District Emmons - District 5,,,Jim Vander Vorst,1614
Emmons,County Commissioner At Large By District Emmons - District 5,,,write-in,23
Emmons,County Recorder/Clerk of District Court Unexpired 2-Year Term Emmons,,,Kathleen Dosch,799
Emmons,County Recorder/Clerk of District Court Unexpired 2-Year Term Emmons,,,Robin Mosset,1016
Emmons,County Recorder/Clerk of District Court Unexpired 2-Year Term Emmons,,,write-in,6
Emmons,Governor and Lt. Governor,,,Kelly Armstrong and Michelle Strinden,1582
Emmons,Governor and Lt. Governor,,,Merrill Piepkorn and Patrick Hart,183
Emmons,Governor and Lt. Governor,,,Michael (Coach) Coachman and Lydia Gessele,130
Emmons,Governor and Lt. Governor,,,write-in,3
Emmons,Insurance Commissioner,,,Jon Godfread,1670
Emmons,Insurance Commissioner,,,write-in,11
Emmons,Judge of the District Court No. 3 South Central,,,Jason Hammes,1116
Emmons,Judge of the District Court No. 3 South Central,,,Marina Spahr,373
Emmons,Judge of the District Court No. 3 South Central,,,write-in,13
Emmons,Judge of the District Court No. 4 South Central,,,Daniel Borgen,1471
Emmons,Judge of the District Court No. 4 South Central,,,write-in,8
Emmons,Judge of the District Court No. 9 Unexpired 4-Year Term South Central,,,Lindsey Nieuwsma,1503
Emmons,Judge of the District Court No. 9 Unexpired 4-Year Term South Central,,,write-in,7
Emmons,President,,,Harris and Walz,205
Emmons,President,,,Oliver and Maat,21
Emmons,President,,,Trump and Vance,1697
Emmons,President,,,write-in,7
Emmons,Public Service Commissioner,,,Randy Christmann,1566
Emmons,Public Service Commissioner,,,Tracey L Wilkie,219
Emmons,Public Service Commissioner,,,write-in,6
Emmons,Related to constitutional amendments,,,No,1165
Emmons,Related to constitutional amendments,,,Yes,674
Emmons,Related to prohibiting all political subdivisions from levying any tax on real property except for bonded indebtedness until paid,,,No,1131
Emmons,Related to prohibiting all political subdivisions from levying any tax on real property except for bonded indebtedness until paid,,,Yes,762
Emmons,Related to spending and transfers from the legacy fund,,,No,1026
Emmons,Related to spending and transfers from the legacy fund,,,Yes,746
Emmons,Related to terminology describing public institutions,,,No,527
Emmons,Related to terminology describing public institutions,,,Yes,1339
Emmons,Related to the legalization of cannabis and related regulation.,,,No,1419
Emmons,Related to the legalization of cannabis and related regulation.,,,Yes,500
Emmons,State Auditor,,,Joshua C Gallion,1602
Emmons,State Auditor,,,Timothy C Lamb,220
Emmons,State Auditor,,,write-in,3
Emmons,State House,8,,Mike Berg,1487
Emmons,State House,8,,SuAnn Carol Olson,1101
Emmons,State House,8,,write-in,27
Emmons,State Senate,8,,Jeffery J Magrum,1589
Emmons,State Senate,8,,write-in,52
Emmons,State Treasurer,,,Thomas Beadle,1670
Emmons,State Treasurer,,,write-in,9
Emmons,Superintendent of Public Instruction,,,Jason Heitkamp,702
Emmons,Superintendent of Public Instruction,,,Kirsten Baesler,1050
Emmons,Superintendent of Public Instruction,,,write-in,11
Emmons,"Supervisor, Soil Conservation District Emmons County Soil Conservation District",,,Leo Kiefer,1625
Emmons,"Supervisor, Soil Conservation District Emmons County Soil Conservation District",,,write-in,30
Emmons,U.S. House,1,,Julie Fedorchak,1567
Emmons,U.S. House,1,,Trygve Hammer,277
Emmons,U.S. House,1,,write-in,20
Emmons,U.S. Senate,,,Katrina Christiansen,355
Emmons,U.S. Senate,,,Kevin Cramer,1534
Emmons,U.S. Senate,,,write-in,12
Foster,County Commissioner By District Foster - Commissioner District 1,,,Patrick Copenhaver,318
Foster,County Commissioner By District Foster - Commissioner District 1,,,write-in,5
Foster,County Commissioner By District Foster - Commissioner District 3,,,David Utke,246
Foster,County Commissioner By District Foster - Commissioner District 3,,,write-in,3
Foster,County Commissioner By District Foster - Commissioner District 5,,,Becky Hagel,334
Foster,County Commissioner By District Foster - Commissioner District 5,,,write-in,11
Foster,"Director, Garrison Diversion Conservancy Foster",,,Steve Metzger,1540
Foster,"Director, Garrison Diversion Conservancy Foster",,,write-in,18
Foster,Governor and Lt. Governor,,,Kelly Armstrong and Michelle Strinden,1330
Foster,Governor and Lt. Governor,,,Merrill Piepkorn and Patrick Hart,291
Foster,Governor and Lt. Governor,,,Michael (Coach) Coachman and Lydia Gessele,71
Foster,Governor and Lt. Governor,,,write-in,0
Foster,Insurance Commissioner,,,Jon Godfread,1472
Foster,Insurance Commissioner,,,write-in,15
Foster,Judge of the District Court No. 3 Southeast,,,Brad Cruff,1496
Foster,Judge of the District Court No. 3 Southeast,,,write-in,12
Foster,President,,,Harris and Walz,335
Foster,President,,,Oliver and Maat,31
Foster,President,,,Trump and Vance,1326
Foster,President,,,write-in,11
Foster,Public Service Commissioner,,,Randy Christmann,1319
Foster,Public Service Commissioner,,,Tracey L Wilkie,299
Foster,Public Service Commissioner,,,write-in,1
Foster,Related to constitutional amendments,,,No,928
Foster,Related to constitutional amendments,,,Yes,696
Foster,Related to prohibiting all political subdivisions from levying any tax on real property except for bonded indebtedness until paid,,,No,1237
Foster,Related to prohibiting all political subdivisions from levying any tax on real property except for bonded indebtedness until paid,,,Yes,447
Foster,Related to spending and transfers from the legacy fund,,,No,823
Foster,Related to spending and transfers from the legacy fund,,,Yes,773
Foster,Related to terminology describing public institutions,,,No,291
Foster,Related to terminology describing public institutions,,,Yes,1373
Foster,Related to the legalization of cannabis and related regulation.,,,No,1127
Foster,Related to the legalization of cannabis and related regulation.,,,Yes,577
Foster,State Auditor,,,Joshua C Gallion,1290
Foster,State Auditor,,,Timothy C Lamb,353
Foster,State Auditor,,,write-in,3
Foster,State Treasurer,,,Thomas Beadle,1477
Foster,State Treasurer,,,write-in,14
Foster,Superintendent of Public Instruction,,,Jason Heitkamp,538
Foster,Superintendent of Public Instruction,,,Kirsten Baesler,1035
Foster,Superintendent of Public Instruction,,,write-in,3
Foster,"Supervisor, Soil Conservation District Foster County Soil Conservation District",,,Bob House,1534
Foster,"Supervisor, Soil Conservation District Foster County Soil Conservation District",,,write-in,9
Foster,U.S. House,1,,Julie Fedorchak,1344
Foster,U.S. House,1,,Trygve Hammer,337
Foster,U.S. House,1,,write-in,4
Foster,U.S. Senate,,,Katrina Christiansen,408
Foster,U.S. Senate,,,Kevin Cramer,1279
Foster,U.S. Senate,,,write-in,3
Golden Valley,County Commissioner By District Golden Valley - District 2,,,Adam Smith,837
Golden Valley,County Commissioner By District Golden Valley - District 2,,,write-in,24
Golden Valley,Governor and Lt. Governor,,,Kelly Armstrong and Michelle Strinden,825
Golden Valley,Governor and Lt. Governor,,,Merrill Piepkorn and Patrick Hart,101
Golden Valley,Governor and Lt. Governor,,,Michael (Coach) Coachman and Lydia Gessele,50
Golden Valley,Governor and Lt. Governor,,,write-in,0
Golden Valley,Insurance Commissioner,,,Jon Godfread,880
Golden Valley,Insurance Commissioner,,,write-in,4
Golden Valley,Judge of the District Court No. 1 Southwest,,,James D Gion,803
Golden Valley,Judge of the District Court No. 1 Southwest,,,write-in,6
Golden Valley,Judge of the District Court No. 3 Southwest,,,Dann Greenwood,796
Golden Valley,Judge of the District Court No. 3 Southwest,,,write-in,6
Golden Valley,President,,,Harris and Walz,122
Golden Valley,President,,,Oliver and Maat,15
Golden Valley,President,,,Trump and Vance,847
Golden Valley,President,,,write-in,7
Golden Valley,Public Service Commissioner,,,Randy Christmann,822
Golden Valley,Public Service Commissioner,,,Tracey L Wilkie,119
Golden Valley,Public Service Commissioner,,,write-in,1
Golden Valley,Related to constitutional amendments,,,No,470
Golden Valley,Related to constitutional amendments,,,Yes,444
Golden Valley,Related to prohibiting all political subdivisions from levying any tax on real property except for bonded indebtedness until paid,,,No,741
Golden Valley,Related to prohibiting all political subdivisions from levying any tax on real property except for bonded indebtedness until paid,,,Yes,222
Golden Valley,Related to spending and transfers from the legacy fund,,,No,458
Golden Valley,Related to spending and transfers from the legacy fund,,,Yes,440
Golden Valley,Related to terminology describing public institutions,,,No,246
Golden Valley,Related to terminology describing public institutions,,,Yes,700
Golden Valley,Related to the legalization of cannabis and related regulation.,,,No,672
Golden Valley,Related to the legalization of cannabis and related regulation.,,,Yes,308
Golden Valley,State Auditor,,,Joshua C Gallion,800
Golden Valley,State Auditor,,,Timothy C Lamb,149
Golden Valley,State Auditor,,,write-in,0
Golden Valley,State Treasurer,,,Thomas Beadle,878
Golden Valley,State Treasurer,,,write-in,6
Golden Valley,Superintendent of Public Instruction,,,Jason Heitkamp,376
Golden Valley,Superintendent of Public Instruction,,,Kirsten Baesler,505
Golden Valley,Superintendent of Public Instruction,,,write-in,5
Golden Valley,"Supervisor, Soil Conservation District Golden Valley County Soil Conservation District",,,Meilon Hildebrant,874
Golden Valley,"Supervisor, Soil Conservation District Golden Valley County Soil Conservation District",,,write-in,11
Golden Valley,"Supervisor, Soil Conservation District Unexpired 4-Year Term Golden Valley County Soil Conservation District",,,Jen Steiner,344
Golden Valley,"Supervisor, Soil Conservation District Unexpired 4-Year Term Golden Valley County Soil Conservation District",,,Ron Volk,534
Golden Valley,"Supervisor, Soil Conservation District Unexpired 4-Year Term Golden Valley County Soil Conservation District",,,write-in,15
Golden Valley,U.S. House,1,,Julie Fedorchak,840
Golden Valley,U.S. House,1,,Trygve Hammer,124
Golden Valley,U.S. House,1,,write-in,5
Golden Valley,U.S. Senate,,,Katrina Christiansen,156
Golden Valley,U.S. Senate,,,Kevin Cramer,822
Golden Valley,U.S. Senate,,,write-in,2
Grand Forks,County Commissioner Grand Forks,,,Cynthia L Pic,10963
Grand Forks,County Commissioner Grand Forks,,,David (Dave) Engen,10718
Grand Forks,County Commissioner Grand Forks,,,Ronald Barta,8825
Grand Forks,County Commissioner Grand Forks,,,Terry Bjerke,13189
Grand Forks,County Commissioner Grand Forks,,,write-in,252
Grand Forks,"Director, Garrison Diversion Conservancy Grand Forks",,,Ken Vein,23381
Grand Forks,"Director, Garrison Diversion Conservancy Grand Forks",,,write-in,231
Grand Forks,Governor and Lt. Governor,,,Kelly Armstrong and Michelle Strinden,19016
Grand Forks,Governor and Lt. Governor,,,Merrill Piepkorn and Patrick Hart,10153
Grand Forks,Governor and Lt. Governor,,,Michael (Coach) Coachman and Lydia Gessele,1455
Grand Forks,Governor and Lt. Governor,,,write-in,32
Grand Forks,Insurance Commissioner,,,Jon Godfread,24142
Grand Forks,Insurance Commissioner,,,write-in,504
Grand Forks,President,,,Harris and Walz,12469
Grand Forks,President,,,Oliver and Maat,497
Grand Forks,President,,,Trump and Vance,18123
Grand Forks,President,,,write-in,322
Grand Forks,Public Service Commissioner,,,Randy Christmann,17843
Grand Forks,Public Service Commissioner,,,Tracey L Wilkie,11131
Grand Forks,Public Service Commissioner,,,write-in,47
Grand Forks,Related to constitutional amendments,,,No,16032
Grand Forks,Related to constitutional amendments,,,Yes,12441
Grand Forks,Related to prohibiting all political subdivisions from levying any tax on real property except for bonded indebtedness until paid,,,No,19450
Grand Forks,Related to prohibiting all political subdivisions from levying any tax on real property except for bonded indebtedness until paid,,,Yes,10326
Grand Forks,Related to spending and transfers from the legacy fund,,,No,13922
Grand Forks,Related to spending and transfers from the legacy fund,,,Yes,13777
Grand Forks,Related to terminology describing public institutions,,,No,4021
Grand Forks,Related to terminology describing public institutions,,,Yes,26114
Grand Forks,Related to the legalization of cannabis and related regulation.,,,No,14475
Grand Forks,Related to the legalization of cannabis and related regulation.,,,Yes,16132
Grand Forks,State Auditor,,,Joshua C Gallion,17767
Grand Forks,State Auditor,,,Timothy C Lamb,11654
Grand Forks,State Auditor,,,write-in,75
Grand Forks,State House,18,,Mary Adams,2779
Grand Forks,State House,18,,Nels Christianson,2837
Grand Forks,State House,18,,Scott Nelson,2562
Grand Forks,State House,18,,Steve Vetter,3465
Grand Forks,State House,18,,write-in,14
Grand Forks,State House,20,,Jared Curtis Hagert,2854
Grand Forks,State House,20,,Mike Beltz,2855
Grand Forks,State House,20,,write-in,55
Grand Forks,State House,42,,Carol L Hagen,1667
Grand Forks,State House,42,,Doug Osowski,2654
Grand Forks,State House,42,,"Emily O""Brien",2422
Grand Forks,State House,42,,Sarah Grossbauer,1687
Grand Forks,State House,42,,write-in,19
Grand Forks,State Senate,18,,Kyle Thorson,2971
Grand Forks,State Senate,18,,Scott Meyer,3492
Grand Forks,State Senate,18,,write-in,10
Grand Forks,State Senate,20,,John Pederson,1079
Grand Forks,State Senate,20,,Randy D Lemm,3139
Grand Forks,State Senate,20,,write-in,7
Grand Forks,State Senate,42,,Claire Cory,2890
Grand Forks,State Senate,42,,Rodney John Gigstad,1867
Grand Forks,State Senate,42,,write-in,14
Grand Forks,State Treasurer,,,Thomas Beadle,24173
Grand Forks,State Treasurer,,,write-in,566
Grand Forks,Superintendent of Public Instruction,,,Jason Heitkamp,11443
Grand Forks,Superintendent of Public Instruction,,,Kirsten Baesler,14143
Grand Forks,Superintendent of Public Instruction,,,write-in,193
Grand Forks,"Supervisor, Soil Conservation District Grand Forks County Soil Conservation District",,,Aaron Smestad,23105
Grand Forks,"Supervisor, Soil Conservation District Grand Forks County Soil Conservation District",,,write-in,217
Grand Forks,U.S. House,1,,Julie Fedorchak,18749
Grand Forks,U.S. House,1,,Trygve Hammer,11741
Grand Forks,U.S. House,1,,write-in,51
Grand Forks,U.S. Senate,,,Katrina Christiansen,12418
Grand Forks,U.S. Senate,,,Kevin Cramer,18509
Grand Forks,U.S. Senate,,,write-in,71
Grant,County Commissioner At Large By District Grant - District 1,,,write-in,373
Grant,County Commissioner At Large By District Grant - District 2,,,Al Roy Hochhalter,1029
Grant,County Commissioner At Large By District Grant - District 2,,,write-in,80
Grant,Governor and Lt. Governor,,,Kelly Armstrong and Michelle Strinden,1045
Grant,Governor and Lt. Governor,,,Merrill Piepkorn and Patrick Hart,165
Grant,Governor and Lt. Governor,,,Michael (Coach) Coachman and Lydia Gessele,91
Grant,Governor and Lt. Governor,,,write-in,3
Grant,Insurance Commissioner,,,Jon Godfread,1164
Grant,Insurance Commissioner,,,write-in,7
Grant,Judge of the District Court No. 3 South Central,,,Jason Hammes,714
Grant,Judge of the District Court No. 3 South Central,,,Marina Spahr,334
Grant,Judge of the District Court No. 3 South Central,,,write-in,3
Grant,Judge of the District Court No. 4 South Central,,,Daniel Borgen,1047
Grant,Judge of the District Court No. 4 South Central,,,write-in,6
Grant,Judge of the District Court No. 9 Unexpired 4-Year Term South Central,,,Lindsey Nieuwsma,1045
Grant,Judge of the District Court No. 9 Unexpired 4-Year Term South Central,,,write-in,5
Grant,President,,,Harris and Walz,205
Grant,President,,,Oliver and Maat,23
Grant,President,,,Trump and Vance,1076
Grant,President,,,write-in,2
Grant,Public Service Commissioner,,,Randy Christmann,1080
Grant,Public Service Commissioner,,,Tracey L Wilkie,182
Grant,Public Service Commissioner,,,write-in,2
Grant,Related to constitutional amendments,,,No,772
Grant,Related to constitutional amendments,,,Yes,503
Grant,Related to prohibiting all political subdivisions from levying any tax on real property except for bonded indebtedness until paid,,,No,922
Grant,Related to prohibiting all political subdivisions from levying any tax on real property except for bonded indebtedness until paid,,,Yes,374
Grant,Related to spending and transfers from the legacy fund,,,No,728
Grant,Related to spending and transfers from the legacy fund,,,Yes,517
Grant,Related to terminology describing public institutions,,,No,304
Grant,Related to terminology describing public institutions,,,Yes,984
Grant,Related to the legalization of cannabis and related regulation.,,,No,933
Grant,Related to the legalization of cannabis and related regulation.,,,Yes,378
Grant,State Auditor,,,Joshua C Gallion,1095
Grant,State Auditor,,,Timothy C Lamb,196
Grant,State Auditor,,,write-in,2
Grant,State Treasurer,,,Thomas Beadle,1154
Grant,State Treasurer,,,write-in,11
Grant,Superintendent of Public Instruction,,,Jason Heitkamp,478
Grant,Superintendent of Public Instruction,,,Kirsten Baesler,767
Grant,Superintendent of Public Instruction,,,write-in,9
Grant,"Supervisor, Soil Conservation District Grant County Soil Conservation District",,,write-in,268
Grant,"Supervisor, Soil Conservation District Unexpired 4-Year Term Grant County Soil Conservation District",,,Alan Maier,1167
Grant,"Supervisor, Soil Conservation District Unexpired 4-Year Term Grant County Soil Conservation District",,,write-in,12
Grant,U.S. House,1,,Julie Fedorchak,1072
Grant,U.S. House,1,,Trygve Hammer,213
Grant,U.S. House,1,,write-in,9
Grant,U.S. Senate,,,Katrina Christiansen,267
Grant,U.S. Senate,,,Kevin Cramer,1035
Grant,U.S. Senate,,,write-in,3
Griggs,County Commissioner By District Griggs - District 2,,,Connie Swenson,93
Griggs,County Commissioner By District Griggs - District 2,,,Stephanie Edland,172
Griggs,County Commissioner By District Griggs - District 2,,,write-in,0
Griggs,County Commissioner By District Griggs - District 4,,,Scott Tranby,177
Griggs,County Commissioner By District Griggs - District 4,,,Troy Olson,93
Griggs,County Commissioner By District Griggs - District 4,,,write-in,1
Griggs,County Sheriff Unexpired 2-Year Term Griggs,,,Amberly Michaelis,1212
Griggs,County Sheriff Unexpired 2-Year Term Griggs,,,write-in,12
Griggs,"Director, Garrison Diversion Conservancy Griggs",,,Nikki Boote,1076
Griggs,"Director, Garrison Diversion Conservancy Griggs",,,write-in,19
Griggs,Governor and Lt. Governor,,,Kelly Armstrong and Michelle Strinden,977
Griggs,Governor and Lt. Governor,,,Merrill Piepkorn and Patrick Hart,259
Griggs,Governor and Lt. Governor,,,Michael (Coach) Coachman and Lydia Gessele,41
Griggs,Governor and Lt. Governor,,,write-in,0
Griggs,Insurance Commissioner,,,Jon Godfread,1084
Griggs,Insurance Commissioner,,,write-in,5
Griggs,Judge of the District Court No. 3 Southeast,,,Brad Cruff,1073
Griggs,Judge of the District Court No. 3 Southeast,,,write-in,6
Griggs,President,,,Harris and Walz,301
Griggs,President,,,Oliver and Maat,21
Griggs,President,,,Trump and Vance,963
Griggs,President,,,write-in,4
Griggs,Public Service Commissioner,,,Randy Christmann,950
Griggs,Public Service Commissioner,,,Tracey L Wilkie,260
Griggs,Public Service Commissioner,,,write-in,1
Griggs,Related to constitutional amendments,,,No,705
Griggs,Related to constitutional amendments,,,Yes,524
Griggs,Related to prohibiting all political subdivisions from levying any tax on real property except for bonded indebtedness until paid,,,No,950
Griggs,Related to prohibiting all political subdivisions from levying any tax on real property except for bonded indebtedness until paid,,,Yes,310
Griggs,Related to spending and transfers from the legacy fund,,,No,672
Griggs,Related to spending and transfers from the legacy fund,,,Yes,532
Griggs,Related to terminology describing public institutions,,,No,240
Griggs,Related to terminology describing public institutions,,,Yes,1008
Griggs,Related to the legalization of cannabis and related regulation.,,,No,809
Griggs,Related to the legalization of cannabis and related regulation.,,,Yes,466
Griggs,State Auditor,,,Joshua C Gallion,945
Griggs,State Auditor,,,Timothy C Lamb,286
Griggs,State Auditor,,,write-in,2
Griggs,State Treasurer,,,Thomas Beadle,1091
Griggs,State Treasurer,,,write-in,8
Griggs,Superintendent of Public Instruction,,,Jason Heitkamp,408
Griggs,Superintendent of Public Instruction,,,Kirsten Baesler,758
Griggs,Superintendent of Public Instruction,,,write-in,8
Griggs,"Supervisor, Soil Conservation District Griggs County Soil Conservation District",,,write-in,135
Griggs,U.S. House,1,,Julie Fedorchak,982
Griggs,U.S. House,1,,Trygve Hammer,278
Griggs,U.S. House,1,,write-in,3
Griggs,U.S. Senate,,,Katrina Christiansen,347
Griggs,U.S. Senate,,,Kevin Cramer,936
Griggs,U.S. Senate,,,write-in,4
Hettinger,County Commissioner Hettinger - District 1,,,Todd Lutz,1157
Hettinger,County Commissioner Hettinger - District 1,,,write-in,10
Hettinger,County Commissioner Hettinger - District 3,,,Thomas Geerts,1129
Hettinger,County Commissioner Hettinger - District 3,,,write-in,22
Hettinger,County Recorder/Clerk of District Court Unexpired 2-Year Term Hettinger,,,Robin Ulrich,1162
Hettinger,County Recorder/Clerk of District Court Unexpired 2-Year Term Hettinger,,,write-in,13
Hettinger,Extension Service Levy Request 21 - Hettinger,,,No,674
Hettinger,Extension Service Levy Request 21 - Hettinger,,,Yes,545
Hettinger,Governor and Lt. Governor,,,Kelly Armstrong and Michelle Strinden,1057
Hettinger,Governor and Lt. Governor,,,Merrill Piepkorn and Patrick Hart,138
Hettinger,Governor and Lt. Governor,,,Michael (Coach) Coachman and Lydia Gessele,84
Hettinger,Governor and Lt. Governor,,,write-in,0
Hettinger,Insurance Commissioner,,,Jon Godfread,1158
Hettinger,Insurance Commissioner,,,write-in,8
Hettinger,Judge of the District Court No. 1 Southwest,,,James D Gion,1171
Hettinger,Judge of the District Court No. 1 Southwest,,,write-in,11
Hettinger,Judge of the District Court No. 3 Southwest,,,Dann Greenwood,1110
Hettinger,Judge of the District Court No. 3 Southwest,,,write-in,6
Hettinger,President,,,Harris and Walz,192
Hettinger,President,,,Oliver and Maat,13
Hettinger,President,,,Trump and Vance,1089
Hettinger,President,,,write-in,12
Hettinger,Public Service Commissioner,,,Randy Christmann,1077
Hettinger,Public Service Commissioner,,,Tracey L Wilkie,161
Hettinger,Public Service Commissioner,,,write-in,0
Hettinger,Related to constitutional amendments,,,No,698
Hettinger,Related to constitutional amendments,,,Yes,556
Hettinger,Related to prohibiting all political subdivisions from levying any tax on real property except for bonded indebtedness until paid,,,No,942
Hettinger,Related to prohibiting all political subdivisions from levying any tax on real property except for bonded indebtedness until paid,,,Yes,331
Hettinger,Related to spending and transfers from the legacy fund,,,No,606
Hettinger,Related to spending and transfers from the legacy fund,,,Yes,623
Hettinger,Related to terminology describing public institutions,,,No,297
Hettinger,Related to terminology describing public institutions,,,Yes,979
Hettinger,Related to the legalization of cannabis and related regulation.,,,No,874
Hettinger,Related to the legalization of cannabis and related regulation.,,,Yes,418
Hettinger,State Auditor,,,Joshua C Gallion,1051
Hettinger,State Auditor,,,Timothy C Lamb,199
Hettinger,State Auditor,,,write-in,0
Hettinger,State Treasurer,,,Thomas Beadle,1160
Hettinger,State Treasurer,,,write-in,8
Hettinger,Superintendent of Public Instruction,,,Jason Heitkamp,448
Hettinger,Superintendent of Public Instruction,,,Kirsten Baesler,731
Hettinger,Superintendent of Public Instruction,,,write-in,3
Hettinger,"Supervisor, Soil Conservation District Slope/Hettinger Soil Conservation District",,,Stuart Nielsen,1108
Hettinger,"Supervisor, Soil Conservation District Slope/Hettinger Soil Conservation District",,,write-in,19
Hettinger,U.S. House,1,,Julie Fedorchak,1064
Hettinger,U.S. House,1,,Trygve Hammer,194
Hettinger,U.S. House,1,,write-in,5
Hettinger,U.S. Senate,,,Katrina Christiansen,225
Hettinger,U.S. Senate,,,Kevin Cramer,1057
Hettinger,U.S. Senate,,,write-in,2
Kidder,County Commissioner Kidder,,,Dan P Mittleider,556
Kidder,County Commissioner Kidder,,,Nicholas Friez,785
Kidder,County Commissioner Kidder,,,write-in,18
Kidder,Governor and Lt. Governor,,,Kelly Armstrong and Michelle Strinden,1085
Kidder,Governor and Lt. Governor,,,Merrill Piepkorn and Patrick Hart,188
Kidder,Governor and Lt. Governor,,,Michael (Coach) Coachman and Lydia Gessele,105
Kidder,Governor and Lt. Governor,,,write-in,0
Kidder,Insurance Commissioner,,,Jon Godfread,1226
Kidder,Insurance Commissioner,,,write-in,9
Kidder,Judge of the District Court No. 3 Southeast,,,Brad Cruff,1132
Kidder,Judge of the District Court No. 3 Southeast,,,write-in,8
Kidder,President,,,Harris and Walz,238
Kidder,President,,,Oliver and Maat,16
Kidder,President,,,Trump and Vance,1137
Kidder,President,,,write-in,7
Kidder,Public Service Commissioner,,,Randy Christmann,1137
Kidder,Public Service Commissioner,,,Tracey L Wilkie,202
Kidder,Public Service Commissioner,,,write-in,1
Kidder,Related to constitutional amendments,,,No,849
Kidder,Related to constitutional amendments,,,Yes,491
Kidder,Related to prohibiting all political subdivisions from levying any tax on real property except for bonded indebtedness until paid,,,No,1000
Kidder,Related to prohibiting all political subdivisions from levying any tax on real property except for bonded indebtedness until paid,,,Yes,385
Kidder,Related to spending and transfers from the legacy fund,,,No,828
Kidder,Related to spending and transfers from the legacy fund,,,Yes,476
Kidder,Related to terminology describing public institutions,,,No,368
Kidder,Related to terminology describing public institutions,,,Yes,1005
Kidder,Related to the legalization of cannabis and related regulation.,,,No,946
Kidder,Related to the legalization of cannabis and related regulation.,,,Yes,437
Kidder,State Auditor,,,Joshua C Gallion,1118
Kidder,State Auditor,,,Timothy C Lamb,238
Kidder,State Auditor,,,write-in,1
Kidder,State House,14,,Cathy Jelsing,210
Kidder,State House,14,,Jessica Hawkes,239
Kidder,State House,14,,Jon Nelson,1017
Kidder,State House,14,,Robin Weisz,1038
Kidder,State House,14,,write-in,17
Kidder,State Senate,14,,Jerry Klein,1103
Kidder,State Senate,14,,Mark Nelson,248
Kidder,State Senate,14,,write-in,8
Kidder,State Treasurer,,,Thomas Beadle,1235
Kidder,State Treasurer,,,write-in,7
Kidder,Superintendent of Public Instruction,,,Jason Heitkamp,525
Kidder,Superintendent of Public Instruction,,,Kirsten Baesler,758
Kidder,Superintendent of Public Instruction,,,write-in,3
Kidder,"Supervisor, Soil Conservation District Kidder County Soil Conservation District",,,Curtis Haibeck,1237
Kidder,"Supervisor, Soil Conservation District Kidder County Soil Conservation District",,,write-in,6
Kidder,U.S. House,1,,Julie Fedorchak,1137
Kidder,U.S. House,1,,Trygve Hammer,230
Kidder,U.S. House,1,,write-in,6
Kidder,U.S. Senate,,,Katrina Christiansen,316
Kidder,U.S. Senate,,,Kevin Cramer,1056
Kidder,U.S. Senate,,,write-in,2
LaMoure,County Commissioner By District LaMoure - District 1,,,Lee Miller,152
LaMoure,County Commissioner By District LaMoure - District 1,,,Wayne Wald,218
LaMoure,County Commissioner By District LaMoure - District 1,,,write-in,0
LaMoure,County Commissioner By District LaMoure - District 3,,,Keith Heidinger,376
LaMoure,County Commissioner By District LaMoure - District 3,,,write-in,24
LaMoure,County Commissioner By District LaMoure - District 5,,,Jason Weigel,448
LaMoure,County Commissioner By District LaMoure - District 5,,,write-in,12
LaMoure,"Director, Garrison Diversion Conservancy LaMoure",,,Bruce Klein,1847
LaMoure,"Director, Garrison Diversion Conservancy LaMoure",,,write-in,14
LaMoure,Governor and Lt. Governor,,,Kelly Armstrong and Michelle Strinden,1619
LaMoure,Governor and Lt. Governor,,,Merrill Piepkorn and Patrick Hart,393
LaMoure,Governor and Lt. Governor,,,Michael (Coach) Coachman and Lydia Gessele,103
LaMoure,Governor and Lt. Governor,,,write-in,1
LaMoure,Insurance Commissioner,,,Jon Godfread,1823
LaMoure,Insurance Commissioner,,,write-in,11
LaMoure,Judge of the District Court No. 3 Southeast,,,Brad Cruff,1788
LaMoure,Judge of the District Court No. 3 Southeast,,,write-in,7
LaMoure,President,,,Harris and Walz,453
LaMoure,President,,,Oliver and Maat,42
LaMoure,President,,,Trump and Vance,1614
LaMoure,President,,,write-in,14
LaMoure,Public Service Commissioner,,,Randy Christmann,1593
LaMoure,Public Service Commissioner,,,Tracey L Wilkie,440
LaMoure,Public Service Commissioner,,,write-in,1
LaMoure,Related to constitutional amendments,,,No,1155
LaMoure,Related to constitutional amendments,,,Yes,851
LaMoure,Related to prohibiting all political subdivisions from levying any tax on real property except for bonded indebtedness until paid,,,No,1538
LaMoure,Related to prohibiting all political subdivisions from levying any tax on real property except for bonded indebtedness until paid,,,Yes,544
LaMoure,Related to spending and transfers from the legacy fund,,,No,1087
LaMoure,Related to spending and transfers from the legacy fund,,,Yes,859
LaMoure,Related to terminology describing public institutions,,,No,389
LaMoure,Related to terminology describing public institutions,,,Yes,1676
LaMoure,Related to the legalization of cannabis and related regulation.,,,No,1398
LaMoure,Related to the legalization of cannabis and related regulation.,,,Yes,704
LaMoure,State Auditor,,,Joshua C Gallion,1551
LaMoure,State Auditor,,,Timothy C Lamb,508
LaMoure,State Auditor,,,write-in,0
LaMoure,State House,28,,Jim Grueneich,1352
LaMoure,State House,28,,Mary Schlosser,577
LaMoure,State House,28,,Mike Brandenburg,1525
LaMoure,State House,28,,Sara Dux,401
LaMoure,State House,28,,write-in,5
LaMoure,State Senate,28,,Richard F Schlosser,586
LaMoure,State Senate,28,,Robert Erbele,1506
LaMoure,State Senate,28,,write-in,2
LaMoure,State Treasurer,,,Thomas Beadle,1834
LaMoure,State Treasurer,,,write-in,13
LaMoure,Superintendent of Public Instruction,,,Jason Heitkamp,708
LaMoure,Superintendent of Public Instruction,,,Kirsten Baesler,1209
LaMoure,Superintendent of Public Instruction,,,write-in,8
LaMoure,"Supervisor, Soil Conservation District LaMoure County Soil Conservation District",,,Ann Moch,1904
LaMoure,"Supervisor, Soil Conservation District LaMoure County Soil Conservation District",,,write-in,7
LaMoure,U.S. House,1,,Julie Fedorchak,1626
LaMoure,U.S. House,1,,Trygve Hammer,476
LaMoure,U.S. House,1,,write-in,0
LaMoure,U.S. Senate,,,Katrina Christiansen,581
LaMoure,U.S. Senate,,,Kevin Cramer,1536
LaMoure,U.S. Senate,,,write-in,6
Logan,County Commissioner at Large Logan,,,Bryan Batsch,610
Logan,County Commissioner at Large Logan,,,Charlie Johs,471
Logan,County Commissioner at Large Logan,,,Eric Hoberg,242
Logan,County Commissioner at Large Logan,,,John W. Wald,488
Logan,County Commissioner at Large Logan,,,write-in,10
Logan,Governor and Lt. Governor,,,Kelly Armstrong and Michelle Strinden,855
Logan,Governor and Lt. Governor,,,Merrill Piepkorn and Patrick Hart,107
Logan,Governor and Lt. Governor,,,Michael (Coach) Coachman and Lydia Gessele,64
Logan,Governor and Lt. Governor,,,write-in,3
Logan,Insurance Commissioner,,,Jon Godfread,895
Logan,Insurance Commissioner,,,write-in,6
Logan,Judge of the District Court No. 3 Southeast,,,Brad Cruff,823
Logan,Judge of the District Court No. 3 Southeast,,,write-in,7
Logan,President,,,Harris and Walz,117
Logan,President,,,Oliver and Maat,16
Logan,President,,,Trump and Vance,898
Logan,President,,,write-in,2
Logan,Public Service Commissioner,,,Randy Christmann,866
Logan,Public Service Commissioner,,,Tracey L Wilkie,119
Logan,Public Service Commissioner,,,write-in,1
Logan,Related to constitutional amendments,,,No,660
Logan,Related to constitutional amendments,,,Yes,318
Logan,Related to prohibiting all political subdivisions from levying any tax on real property except for bonded indebtedness until paid,,,No,739
Logan,Related to prohibiting all political subdivisions from levying any tax on real property except for bonded indebtedness until paid,,,Yes,276
Logan,Related to spending and transfers from the legacy fund,,,No,610
Logan,Related to spending and transfers from the legacy fund,,,Yes,348
Logan,Related to terminology describing public institutions,,,No,263
Logan,Related to terminology describing public institutions,,,Yes,741
Logan,Related to the legalization of cannabis and related regulation.,,,No,782
Logan,Related to the legalization of cannabis and related regulation.,,,Yes,245
Logan,State Auditor,,,Joshua C Gallion,846
Logan,State Auditor,,,Timothy C Lamb,137
Logan,State Auditor,,,write-in,1
Logan,State House,28,,Jim Grueneich,739
Logan,State House,28,,Mary Schlosser,164
Logan,State House,28,,Mike Brandenburg,806
Logan,State House,28,,Sara Dux,124
Logan,State House,28,,write-in,11
Logan,State Senate,28,,Richard F Schlosser,173
Logan,State Senate,28,,Robert Erbele,809
Logan,State Senate,28,,write-in,6
Logan,State Treasurer,,,Thomas Beadle,898
Logan,State Treasurer,,,write-in,5
Logan,Superintendent of Public Instruction,,,Jason Heitkamp,323
Logan,Superintendent of Public Instruction,,,Kirsten Baesler,630
Logan,Superintendent of Public Instruction,,,write-in,5
Logan,"Supervisor, Soil Conservation District Logan County Soil Conservation District",,,write-in,110
Logan,U.S. House,1,,Julie Fedorchak,875
Logan,U.S. House,1,,Trygve Hammer,130
Logan,U.S. House,1,,write-in,5
Logan,U.S. Senate,,,Katrina Christiansen,185
Logan,U.S. Senate,,,Kevin Cramer,833
Logan,U.S. Senate,,,write-in,6
McHenry,County Commissioner By District McHenry - District 2,,,Bryan Bruner,370
McHenry,County Commissioner By District McHenry - District 2,,,write-in,60
McHenry,County Commissioner By District McHenry - District 4,,,Brady Nelson,541
McHenry,County Commissioner By District McHenry - District 4,,,write-in,13
McHenry,Emergency 911 Fee 25 - McHenry,,,No,1253
McHenry,Emergency 911 Fee 25 - McHenry,,,Yes,1469
McHenry,Governor and Lt. Governor,,,Kelly Armstrong and Michelle Strinden,2102
McHenry,Governor and Lt. Governor,,,Merrill Piepkorn and Patrick Hart,435
McHenry,Governor and Lt. Governor,,,Michael (Coach) Coachman and Lydia Gessele,184
McHenry,Governor and Lt. Governor,,,write-in,6
McHenry,Insurance Commissioner,,,Jon Godfread,2395
McHenry,Insurance Commissioner,,,write-in,16
McHenry,Judge of the District Court No. 2 Northeast,,,Michael Hurly,2346
McHenry,Judge of the District Court No. 2 Northeast,,,write-in,14
McHenry,Judge of the District Court No. 5 Unexpired 4-Year Term Northeast,,,Kari M Agotness,2298
McHenry,Judge of the District Court No. 5 Unexpired 4-Year Term Northeast,,,write-in,9
McHenry,Judge of the District Court No. 6 Northeast,,,Barbara L Whelan,2297
McHenry,Judge of the District Court No. 6 Northeast,,,write-in,5
McHenry,President,,,Harris and Walz,479
McHenry,President,,,Oliver and Maat,33
McHenry,President,,,Trump and Vance,2223
McHenry,President,,,write-in,17
McHenry,Public Service Commissioner,,,Randy Christmann,2144
McHenry,Public Service Commissioner,,,Tracey L Wilkie,490
McHenry,Public Service Commissioner,,,write-in,6
McHenry,Related to constitutional amendments,,,No,1478
McHenry,Related to constitutional amendments,,,Yes,1166
McHenry,Related to prohibiting all political subdivisions from levying any tax on real property except for bonded indebtedness until paid,,,No,1869
McHenry,Related to prohibiting all political subdivisions from levying any tax on real property except for bonded indebtedness until paid,,,Yes,819
McHenry,Related to spending and transfers from the legacy fund,,,No,1407
McHenry,Related to spending and transfers from the legacy fund,,,Yes,1198
McHenry,Related to terminology describing public institutions,,,No,575
McHenry,Related to terminology describing public institutions,,,Yes,2111
McHenry,Related to the legalization of cannabis and related regulation.,,,No,1786
McHenry,Related to the legalization of cannabis and related regulation.,,,Yes,947
McHenry,State Auditor,,,Joshua C Gallion,2129
McHenry,State Auditor,,,Timothy C Lamb,535
McHenry,State Auditor,,,write-in,3
McHenry,State House,6,,Dan Vollmer,1970
McHenry,State House,6,,Dick Anderson,1848
McHenry,State House,6,,write-in,68
McHenry,State Senate,6,,Paul John Thomas,2210
McHenry,State Senate,6,,Robert Tolar,410
McHenry,State Senate,6,,write-in,14
McHenry,State Treasurer,,,Thomas Beadle,2417
McHenry,State Treasurer,,,write-in,14
McHenry,Superintendent of Public Instruction,,,Jason Heitkamp,989
McHenry,Superintendent of Public Instruction,,,Kirsten Baesler,1559
McHenry,Superintendent of Public Instruction,,,write-in,16
McHenry,"Supervisor, Soil Conservation District Mouse River District",,,Raeann Ellsworth,51
McHenry,"Supervisor, Soil Conservation District Mouse River District",,,Tony Marthaler,50
McHenry,"Supervisor, Soil Conservation District Mouse River District",,,write-in,0
McHenry,"Supervisor, Soil Conservation District North McHenry Soil Conservation District",,,Bobbi Jo Kuhnhenn,1114
McHenry,"Supervisor, Soil Conservation District North McHenry Soil Conservation District",,,write-in,6
McHenry,"Supervisor, Soil Conservation District South McHenry Soil Conservation District",,,Galen Keller,1298
McHenry,"Supervisor, Soil Conservation District South McHenry Soil Conservation District",,,write-in,10
McHenry,U.S. House,1,,Julie Fedorchak,2040
McHenry,U.S. House,1,,Trygve Hammer,666
McHenry,U.S. House,1,,write-in,10
McHenry,U.S. Senate,,,Katrina Christiansen,649
McHenry,U.S. Senate,,,Kevin Cramer,2068
McHenry,U.S. Senate,,,write-in,10
McIntosh,COUNTY MEASURE No. 001 26 - McIntosh,,,No,879
McIntosh,COUNTY MEASURE No. 001 26 - McIntosh,,,Yes,472
McIntosh,County Commissioner at Large McIntosh,,,James Goettle,879
McIntosh,County Commissioner at Large McIntosh,,,Perry Turner,493
McIntosh,County Commissioner at Large McIntosh,,,write-in,3
McIntosh,County State's Attorney Unexpired 2-Year Term McIntosh,,,write-in,65
McIntosh,Governor and Lt. Governor,,,Kelly Armstrong and Michelle Strinden,1087
McIntosh,Governor and Lt. Governor,,,Merrill Piepkorn and Patrick Hart,229
McIntosh,Governor and Lt. Governor,,,Michael (Coach) Coachman and Lydia Gessele,62
McIntosh,Governor and Lt. Governor,,,write-in,2
McIntosh,Insurance Commissioner,,,Jon Godfread,1200
McIntosh,Insurance Commissioner,,,write-in,5
McIntosh,Judge of the District Court No. 3 Southeast,,,Brad Cruff,1155
McIntosh,Judge of the District Court No. 3 Southeast,,,write-in,2
McIntosh,President,,,Harris and Walz,229
McIntosh,President,,,Oliver and Maat,20
McIntosh,President,,,Trump and Vance,1132
McIntosh,President,,,write-in,9
McIntosh,Public Service Commissioner,,,Randy Christmann,1116
McIntosh,Public Service Commissioner,,,Tracey L Wilkie,201
McIntosh,Public Service Commissioner,,,write-in,1
McIntosh,Related to constitutional amendments,,,No,802
McIntosh,Related to constitutional amendments,,,Yes,515
McIntosh,Related to prohibiting all political subdivisions from levying any tax on real property except for bonded indebtedness until paid,,,No,944
McIntosh,Related to prohibiting all political subdivisions from levying any tax on real property except for bonded indebtedness until paid,,,Yes,422
McIntosh,Related to spending and transfers from the legacy fund,,,No,745
McIntosh,Related to spending and transfers from the legacy fund,,,Yes,542
McIntosh,Related to terminology describing public institutions,,,No,278
McIntosh,Related to terminology describing public institutions,,,Yes,1069
McIntosh,Related to the legalization of cannabis and related regulation.,,,No,941
McIntosh,Related to the legalization of cannabis and related regulation.,,,Yes,422
McIntosh,State Auditor,,,Joshua C Gallion,1096
McIntosh,State Auditor,,,Timothy C Lamb,240
McIntosh,State Auditor,,,write-in,1
McIntosh,State House,28,,Jim Grueneich,991
McIntosh,State House,28,,Mary Schlosser,257
McIntosh,State House,28,,Mike Brandenburg,1084
McIntosh,State House,28,,Sara Dux,205
McIntosh,State House,28,,write-in,6
McIntosh,State Senate,28,,Richard F Schlosser,239
McIntosh,State Senate,28,,Robert Erbele,1119
McIntosh,State Senate,28,,write-in,3
McIntosh,State Treasurer,,,Thomas Beadle,1219
McIntosh,State Treasurer,,,write-in,5
McIntosh,Superintendent of Public Instruction,,,Jason Heitkamp,520
McIntosh,Superintendent of Public Instruction,,,Kirsten Baesler,773
McIntosh,Superintendent of Public Instruction,,,write-in,5
McIntosh,"Supervisor, Soil Conservation District McIntosh County Soil Conservation District",,,Rose Pfeifer,1182
McIntosh,"Supervisor, Soil Conservation District McIntosh County Soil Conservation District",,,write-in,3
McIntosh,U.S. House,1,,Julie Fedorchak,1132
McIntosh,U.S. House,1,,Trygve Hammer,237
McIntosh,U.S. House,1,,write-in,5
McIntosh,U.S. Senate,,,Katrina Christiansen,324
McIntosh,U.S. Senate,,,Kevin Cramer,1060
McIntosh,U.S. Senate,,,write-in,6
McKenzie,County Commissioner McKenzie,,,Clint Wold,3559
McKenzie,County Commissioner McKenzie,,,Craig Hystad,3018
McKenzie,County Commissioner McKenzie,,,Joel Brown,3112
McKenzie,County Commissioner McKenzie,,,Richard Beane,1164
McKenzie,County Commissioner McKenzie,,,write-in,106
McKenzie,"Director, Garrison Diversion Conservancy McKenzie",,,Robin Arndt,4594
McKenzie,"Director, Garrison Diversion Conservancy McKenzie",,,write-in,44
McKenzie,Governor and Lt. Governor,,,Kelly Armstrong and Michelle Strinden,4473
McKenzie,Governor and Lt. Governor,,,Merrill Piepkorn and Patrick Hart,634
McKenzie,Governor and Lt. Governor,,,Michael (Coach) Coachman and Lydia Gessele,290
McKenzie,Governor and Lt. Governor,,,write-in,13
McKenzie,Insurance Commissioner,,,Jon Godfread,4824
McKenzie,Insurance Commissioner,,,write-in,54
McKenzie,President,,,Harris and Walz,809
McKenzie,President,,,Oliver and Maat,47
McKenzie,President,,,Trump and Vance,4627
McKenzie,President,,,write-in,38
McKenzie,Public Service Commissioner,,,Randy Christmann,4402
McKenzie,Public Service Commissioner,,,Tracey L Wilkie,815
McKenzie,Public Service Commissioner,,,write-in,15
McKenzie,Related to constitutional amendments,,,No,2233
McKenzie,Related to constitutional amendments,,,Yes,2875
McKenzie,Related to prohibiting all political subdivisions from levying any tax on real property except for bonded indebtedness until paid,,,No,3775
McKenzie,Related to prohibiting all political subdivisions from levying any tax on real property except for bonded indebtedness until paid,,,Yes,1557
McKenzie,Related to spending and transfers from the legacy fund,,,No,2217
McKenzie,Related to spending and transfers from the legacy fund,,,Yes,2777
McKenzie,Related to terminology describing public institutions,,,No,1004
McKenzie,Related to terminology describing public institutions,,,Yes,4295
McKenzie,Related to the legalization of cannabis and related regulation.,,,No,2803
McKenzie,Related to the legalization of cannabis and related regulation.,,,Yes,2592
McKenzie,State Auditor,,,Joshua C Gallion,4448
McKenzie,State Auditor,,,Timothy C Lamb,816
McKenzie,State Auditor,,,write-in,16
McKenzie,State House,26,,Jeremy Olson,3443
McKenzie,State House,26,,Roger Maki,3173
McKenzie,State House,26,,write-in,88
McKenzie,State House,4a,,Lisa Finley-DeVille,338
McKenzie,State House,4a,,Ronald Brugh,64
McKenzie,State House,4a,,write-in,4
McKenzie,State Senate,26,,Dale Patten,4671
McKenzie,State Senate,26,,write-in,51
McKenzie,State Senate,4,,Chuck Walen,243
McKenzie,State Senate,4,,write-in,27
McKenzie,State Treasurer,,,Thomas Beadle,4872
McKenzie,State Treasurer,,,write-in,59
McKenzie,Superintendent of Public Instruction,,,Jason Heitkamp,1886
McKenzie,Superintendent of Public Instruction,,,Kirsten Baesler,2699
McKenzie,Superintendent of Public Instruction,,,write-in,47
McKenzie,"Supervisor, Soil Conservation District McKenzie County Soil Conservation District",,,Kent Pedersen,4654
McKenzie,"Supervisor, Soil Conservation District McKenzie County Soil Conservation District",,,write-in,46
McKenzie,U.S. House,1,,Julie Fedorchak,4540
McKenzie,U.S. House,1,,Trygve Hammer,824
McKenzie,U.S. House,1,,write-in,26
McKenzie,U.S. Senate,,,Katrina Christiansen,900
McKenzie,U.S. Senate,,,Kevin Cramer,4523
McKenzie,U.S. Senate,,,write-in,22
McLean,County Commissioner McLean - District 2,,,Curt Olson,4512
McLean,County Commissioner McLean - District 2,,,write-in,73
McLean,Governor and Lt. Governor,,,Kelly Armstrong and Michelle Strinden,4094
McLean,Governor and Lt. Governor,,,Merrill Piepkorn and Patrick Hart,943
McLean,Governor and Lt. Governor,,,Michael (Coach) Coachman and Lydia Gessele,334
McLean,Governor and Lt. Governor,,,write-in,4
McLean,Insurance Commissioner,,,Jon Godfread,4628
McLean,Insurance Commissioner,,,write-in,53
McLean,Judge of the District Court No. 3 South Central,,,Jason Hammes,3010
McLean,Judge of the District Court No. 3 South Central,,,Marina Spahr,1343
McLean,Judge of the District Court No. 3 South Central,,,write-in,21
McLean,Judge of the District Court No. 4 South Central,,,Daniel Borgen,4279
McLean,Judge of the District Court No. 4 South Central,,,write-in,28
McLean,Judge of the District Court No. 9 Unexpired 4-Year Term South Central,,,Lindsey Nieuwsma,4280
McLean,Judge of the District Court No. 9 Unexpired 4-Year Term South Central,,,write-in,26
McLean,President,,,Harris and Walz,1093
McLean,President,,,Oliver and Maat,74
McLean,President,,,Trump and Vance,4231
McLean,President,,,write-in,23
McLean,Public Service Commissioner,,,Randy Christmann,4148
McLean,Public Service Commissioner,,,Tracey L Wilkie,1071
McLean,Public Service Commissioner,,,write-in,6
McLean,Related to constitutional amendments,,,No,3100
McLean,Related to constitutional amendments,,,Yes,2099
McLean,Related to prohibiting all political subdivisions from levying any tax on real property except for bonded indebtedness until paid,,,No,3208
McLean,Related to prohibiting all political subdivisions from levying any tax on real property except for bonded indebtedness until paid,,,Yes,2106
McLean,Related to spending and transfers from the legacy fund,,,No,2724
McLean,Related to spending and transfers from the legacy fund,,,Yes,2389
McLean,Related to terminology describing public institutions,,,No,1003
McLean,Related to terminology describing public institutions,,,Yes,4309
McLean,Related to the legalization of cannabis and related regulation.,,,No,3330
McLean,Related to the legalization of cannabis and related regulation.,,,Yes,2072
McLean,State Auditor,,,Joshua C Gallion,4121
McLean,State Auditor,,,Timothy C Lamb,1126
McLean,State Auditor,,,write-in,8
McLean,State House,4a,,Lisa Finley-DeVille,238
McLean,State House,4a,,Ronald Brugh,143
McLean,State House,4a,,write-in,3
McLean,State House,4b,,Clayton Fegley,1389
McLean,State House,4b,,write-in,17
McLean,State House,6,,Dan Vollmer,904
McLean,State House,6,,Dick Anderson,989
McLean,State House,6,,write-in,37
McLean,State House,8,,Mike Berg,218
McLean,State House,8,,SuAnn Carol Olson,195
McLean,State House,8,,write-in,5
McLean,State Senate,4,,Chuck Walen,1645
McLean,State Senate,4,,write-in,48
McLean,State Senate,6,,Paul John Thomas,1040
McLean,State Senate,6,,Robert Tolar,218
McLean,State Senate,6,,write-in,15
McLean,State Senate,8,,Jeffery J Magrum,243
McLean,State Senate,8,,write-in,6
McLean,State Treasurer,,,Thomas Beadle,4655
McLean,State Treasurer,,,write-in,60
McLean,Superintendent of Public Instruction,,,Jason Heitkamp,2193
McLean,Superintendent of Public Instruction,,,Kirsten Baesler,2764
McLean,Superintendent of Public Instruction,,,write-in,39
McLean,"Supervisor, Soil Conservation District South McLean Soil Conservation District",,,write-in,490
McLean,"Supervisor, Soil Conservation District Unexpired 2-Year Term South McLean Soil Conservation District",,,write-in,441
McLean,"Supervisor, Soil Conservation District West McLean Soil Conservation District",,,Bryan Hauf,1877
McLean,"Supervisor, Soil Conservation District West McLean Soil Conservation District",,,write-in,18
McLean,U.S. House,1,,Julie Fedorchak,4180
McLean,U.S. House,1,,Trygve Hammer,1135
McLean,U.S. House,1,,write-in,39
McLean,U.S. Senate,,,Katrina Christiansen,1370
McLean,U.S. Senate,,,Kevin Cramer,3981
McLean,U.S. Senate,,,write-in,21
Mercer,County Commissioner at Large Mercer,,,Casey Lee Voigt,2425
Mercer,County Commissioner at Large Mercer,,,Mark L Pierce,1834
Mercer,County Commissioner at Large Mercer,,,Neil E Seibel,1821
Mercer,County Commissioner at Large Mercer,,,Travis Frey,1541
Mercer,County Commissioner at Large Mercer,,,write-in,14
Mercer,"Elective Positions of Auditor, Treasurer, and Recorder to Appointed 29 - Mercer",,,No,3824
Mercer,"Elective Positions of Auditor, Treasurer, and Recorder to Appointed 29 - Mercer",,,Yes,572
Mercer,Governor and Lt. Governor,,,Kelly Armstrong and Michelle Strinden,3625
Mercer,Governor and Lt. Governor,,,Merrill Piepkorn and Patrick Hart,609
Mercer,Governor and Lt. Governor,,,Michael (Coach) Coachman and Lydia Gessele,272
Mercer,Governor and Lt. Governor,,,write-in,6
Mercer,Insurance Commissioner,,,Jon Godfread,3953
Mercer,Insurance Commissioner,,,write-in,21
Mercer,Judge of the District Court No. 3 South Central,,,Jason Hammes,2180
Mercer,Judge of the District Court No. 3 South Central,,,Marina Spahr,1296
Mercer,Judge of the District Court No. 3 South Central,,,write-in,17
Mercer,Judge of the District Court No. 4 South Central,,,Daniel Borgen,3397
Mercer,Judge of the District Court No. 4 South Central,,,write-in,24
Mercer,Judge of the District Court No. 9 Unexpired 4-Year Term South Central,,,Lindsey Nieuwsma,3412
Mercer,Judge of the District Court No. 9 Unexpired 4-Year Term South Central,,,write-in,22
Mercer,President,,,Harris and Walz,672
Mercer,President,,,Oliver and Maat,60
Mercer,President,,,Trump and Vance,3798
Mercer,President,,,write-in,25
Mercer,Public Service Commissioner,,,Randy Christmann,3786
Mercer,Public Service Commissioner,,,Tracey L Wilkie,615
Mercer,Public Service Commissioner,,,write-in,5
Mercer,Related to constitutional amendments,,,No,2437
Mercer,Related to constitutional amendments,,,Yes,1866
Mercer,Related to prohibiting all political subdivisions from levying any tax on real property except for bonded indebtedness until paid,,,No,2960
Mercer,Related to prohibiting all political subdivisions from levying any tax on real property except for bonded indebtedness until paid,,,Yes,1468
Mercer,Related to spending and transfers from the legacy fund,,,No,2170
Mercer,Related to spending and transfers from the legacy fund,,,Yes,1989
Mercer,Related to terminology describing public institutions,,,No,871
Mercer,Related to terminology describing public institutions,,,Yes,3552
Mercer,Related to the legalization of cannabis and related regulation.,,,No,2853
Mercer,Related to the legalization of cannabis and related regulation.,,,Yes,1659
Mercer,State Auditor,,,Joshua C Gallion,3645
Mercer,State Auditor,,,Timothy C Lamb,724
Mercer,State Auditor,,,write-in,4
Mercer,State House,4a,,Lisa Finley-DeVille,4
Mercer,State House,4a,,Ronald Brugh,6
Mercer,State House,4a,,write-in,0
Mercer,State Senate,4,,Chuck Walen,9
Mercer,State Senate,4,,write-in,0
Mercer,State Treasurer,,,Thomas Beadle,3961
Mercer,State Treasurer,,,write-in,24
Mercer,Superintendent of Public Instruction,,,Jason Heitkamp,1472
Mercer,Superintendent of Public Instruction,,,Kirsten Baesler,2573
Mercer,Superintendent of Public Instruction,,,write-in,27
Mercer,"Supervisor, Soil Conservation District Mercer County Soil Conservation District",,,Jeffrey Ellwein,3674
Mercer,"Supervisor, Soil Conservation District Mercer County Soil Conservation District",,,write-in,10
Mercer,U.S. House,1,,Julie Fedorchak,3733
Mercer,U.S. House,1,,Trygve Hammer,689
Mercer,U.S. House,1,,write-in,20
Mercer,U.S. Senate,,,Katrina Christiansen,1010
Mercer,U.S. Senate,,,Kevin Cramer,3414
Mercer,U.S. Senate,,,write-in,31
Morton,County Commissioner Morton,,,Nathan Boehm,10931
Morton,County Commissioner Morton,,,Paul L Tokach,9973
Morton,County Commissioner Morton,,,Raymond S Morrell,9529
Morton,County Commissioner Morton,,,write-in,214
Morton,Governor and Lt. Governor,,,Kelly Armstrong and Michelle Strinden,12297
Morton,Governor and Lt. Governor,,,Merrill Piepkorn and Patrick Hart,3141
Morton,Governor and Lt. Governor,,,Michael (Coach) Coachman and Lydia Gessele,1152
Morton,Governor and Lt. Governor,,,write-in,27
Morton,Insurance Commissioner,,,Jon Godfread,13872
Morton,Insurance Commissioner,,,write-in,138
Morton,Judge of the District Court No. 3 South Central,,,Jason Hammes,8237
Morton,Judge of the District Court No. 3 South Central,,,Marina Spahr,4533
Morton,Judge of the District Court No. 3 South Central,,,write-in,81
Morton,Judge of the District Court No. 4 South Central,,,Daniel Borgen,12315
Morton,Judge of the District Court No. 4 South Central,,,write-in,113
Morton,Judge of the District Court No. 9 Unexpired 4-Year Term South Central,,,Lindsey Nieuwsma,12365
Morton,Judge of the District Court No. 9 Unexpired 4-Year Term South Central,,,write-in,108
Morton,President,,,Harris and Walz,3748
Morton,President,,,Oliver and Maat,319
Morton,President,,,Trump and Vance,12839
Morton,President,,,write-in,130
Morton,Public Service Commissioner,,,Randy Christmann,12238
Morton,Public Service Commissioner,,,Tracey L Wilkie,3575
Morton,Public Service Commissioner,,,write-in,44
Morton,Related to constitutional amendments,,,No,9817
Morton,Related to constitutional amendments,,,Yes,5880
Morton,Related to prohibiting all political subdivisions from levying any tax on real property except for bonded indebtedness until paid,,,No,9343
Morton,Related to prohibiting all political subdivisions from levying any tax on real property except for bonded indebtedness until paid,,,Yes,7198
Morton,Related to spending and transfers from the legacy fund,,,No,7780
Morton,Related to spending and transfers from the legacy fund,,,Yes,7420
Morton,Related to terminology describing public institutions,,,No,3115
Morton,Related to terminology describing public institutions,,,Yes,13211
Morton,Related to the legalization of cannabis and related regulation.,,,No,9163
Morton,Related to the legalization of cannabis and related regulation.,,,Yes,7633
Morton,State Auditor,,,Joshua C Gallion,12063
Morton,State Auditor,,,Timothy C Lamb,3815
Morton,State Auditor,,,write-in,38
Morton,State House,34,,Nathan Toman,5103
Morton,State House,34,,Todd Kenneth Porter,5573
Morton,State House,34,,write-in,129
Morton,State House,36,,Dori Hauck,1326
Morton,State House,36,,Ty Dressler,1395
Morton,State House,36,,write-in,9
Morton,State Senate,34,,Joshua Johnson,2101
Morton,State Senate,34,,Justin Gerhardt,5918
Morton,State Senate,34,,write-in,17
Morton,State Senate,36,,Desiree Van Oosting,1653
Morton,State Senate,36,,write-in,12
Morton,State Treasurer,,,Thomas Beadle,13876
Morton,State Treasurer,,,write-in,147
Morton,Superintendent of Public Instruction,,,Jason Heitkamp,6863
Morton,Superintendent of Public Instruction,,,Kirsten Baesler,7970
Morton,Superintendent of Public Instruction,,,write-in,91
Morton,"Supervisor, Soil Conservation District Morton County Soil Conservation District",,,Thomas Osterbauer,12492
Morton,"Supervisor, Soil Conservation District Morton County Soil Conservation District",,,write-in,68
Morton,The Home Rule Charter Amendment 30 - Morton,,,No,6197
Morton,The Home Rule Charter Amendment 30 - Morton,,,Yes,9059
Morton,U.S. House,1,,Julie Fedorchak,12536
Morton,U.S. House,1,,Trygve Hammer,3822
Morton,U.S. House,1,,write-in,91
Morton,U.S. Senate,,,Katrina Christiansen,4431
Morton,U.S. Senate,,,Kevin Cramer,12263
Morton,U.S. Senate,,,write-in,75
Mountrail,County Commissioner Mountrail - District 1,,,Wayne Olson,3355
Mountrail,County Commissioner Mountrail - District 1,,,write-in,53
Mountrail,County Commissioner Mountrail - District 5,,,Jason Rice,3352
Mountrail,County Commissioner Mountrail - District 5,,,write-in,44
Mountrail,Governor and Lt. Governor,,,Kelly Armstrong and Michelle Strinden,2759
Mountrail,Governor and Lt. Governor,,,Merrill Piepkorn and Patrick Hart,1014
Mountrail,Governor and Lt. Governor,,,Michael (Coach) Coachman and Lydia Gessele,248
Mountrail,Governor and Lt. Governor,,,write-in,2
Mountrail,Insurance Commissioner,,,Jon Godfread,3412
Mountrail,Insurance Commissioner,,,write-in,66
Mountrail,Judge of the District Court No. 3 North Central,,,Richard L Hagar,3323
Mountrail,Judge of the District Court No. 3 North Central,,,write-in,51
Mountrail,Judge of the District Court No. 4 North Central,,,Stacy J Louser,3366
Mountrail,Judge of the District Court No. 4 North Central,,,write-in,42
Mountrail,Mountrail County Weather Modification Authority 31 - Mountrail,,,No,1299
Mountrail,Mountrail County Weather Modification Authority 31 - Mountrail,,,Yes,2574
Mountrail,President,,,Harris and Walz,1125
Mountrail,President,,,Oliver and Maat,58
Mountrail,President,,,Trump and Vance,2877
Mountrail,President,,,write-in,13
Mountrail,Public Service Commissioner,,,Randy Christmann,2766
Mountrail,Public Service Commissioner,,,Tracey L Wilkie,1145
Mountrail,Public Service Commissioner,,,write-in,7
Mountrail,Related to constitutional amendments,,,No,2090
Mountrail,Related to constitutional amendments,,,Yes,1728
Mountrail,Related to prohibiting all political subdivisions from levying any tax on real property except for bonded indebtedness until paid,,,No,2447
Mountrail,Related to prohibiting all political subdivisions from levying any tax on real property except for bonded indebtedness until paid,,,Yes,1454
Mountrail,Related to spending and transfers from the legacy fund,,,No,1713
Mountrail,Related to spending and transfers from the legacy fund,,,Yes,2043
Mountrail,Related to terminology describing public institutions,,,No,724
Mountrail,Related to terminology describing public institutions,,,Yes,3192
Mountrail,Related to the legalization of cannabis and related regulation.,,,No,2008
Mountrail,Related to the legalization of cannabis and related regulation.,,,Yes,1996
Mountrail,State Auditor,,,Joshua C Gallion,2761
Mountrail,State Auditor,,,Timothy C Lamb,1170
Mountrail,State Auditor,,,write-in,6
Mountrail,State House,2,,Bert Anderson,1123
Mountrail,State House,2,,Betty L Dhuyvetter,159
Mountrail,State House,2,,Donald Longmuir,1283
Mountrail,State House,2,,Gene Nygaard,160
Mountrail,State House,2,,write-in,4
Mountrail,State House,4a,,Lisa Finley-DeVille,915
Mountrail,State House,4a,,Ronald Brugh,633
Mountrail,State House,4a,,write-in,7
Mountrail,State House,4b,,Clayton Fegley,789
Mountrail,State House,4b,,write-in,5
Mountrail,State Senate,2,,Mark Enget,1373
Mountrail,State Senate,2,,Rosemary Tanberg,189
Mountrail,State Senate,2,,write-in,5
Mountrail,State Senate,4,,Chuck Walen,1904
Mountrail,State Senate,4,,write-in,98
Mountrail,State Treasurer,,,Thomas Beadle,3416
Mountrail,State Treasurer,,,write-in,69
Mountrail,Superintendent of Public Instruction,,,Jason Heitkamp,1633
Mountrail,Superintendent of Public Instruction,,,Kirsten Baesler,1975
Mountrail,Superintendent of Public Instruction,,,write-in,37
Mountrail,"Supervisor, Soil Conservation District Mountrail County Soil Conservation District",,,write-in,555
Mountrail,U.S. House,1,,Julie Fedorchak,2833
Mountrail,U.S. House,1,,Trygve Hammer,1154
Mountrail,U.S. House,1,,write-in,13
Mountrail,U.S. Senate,,,Katrina Christiansen,1208
Mountrail,U.S. Senate,,,Kevin Cramer,2824
Mountrail,U.S. Senate,,,write-in,10
Nelson,Appointment of States Attorney 32 - Nelson,,,No,1192
Nelson,Appointment of States Attorney 32 - Nelson,,,Yes,523
Nelson,Council Member Unexpired 4-Year Term Lakota,,,David Matejcek,332
Nelson,Council Member Unexpired 4-Year Term Lakota,,,write-in,19
Nelson,County Commissioner Nelson - District 2,,,Cody Johnson,1514
Nelson,County Commissioner Nelson - District 2,,,write-in,15
Nelson,County Commissioner Nelson - District 4,,,Brian Nelson,782
Nelson,County Commissioner Nelson - District 4,,,Doug Flaagan,898
Nelson,County Commissioner Nelson - District 4,,,write-in,4
Nelson,"Director, Garrison Diversion Conservancy Nelson",,,Steven Forde,1570
Nelson,"Director, Garrison Diversion Conservancy Nelson",,,write-in,11
Nelson,Governor and Lt. Governor,,,Kelly Armstrong and Michelle Strinden,1159
Nelson,Governor and Lt. Governor,,,Merrill Piepkorn and Patrick Hart,513
Nelson,Governor and Lt. Governor,,,Michael (Coach) Coachman and Lydia Gessele,67
Nelson,Governor and Lt. Governor,,,write-in,2
Nelson,Insurance Commissioner,,,Jon Godfread,1452
Nelson,Insurance Commissioner,,,write-in,20
Nelson,President,,,Harris and Walz,580
Nelson,President,,,Oliver and Maat,34
Nelson,President,,,Trump and Vance,1141
Nelson,President,,,write-in,6
Nelson,Public Service Commissioner,,,Randy Christmann,1126
Nelson,Public Service Commissioner,,,Tracey L Wilkie,532
Nelson,Public Service Commissioner,,,write-in,1
Nelson,Related to constitutional amendments,,,No,933
Nelson,Related to constitutional amendments,,,Yes,735
Nelson,Related to prohibiting all political subdivisions from levying any tax on real property except for bonded indebtedness until paid,,,No,1347
Nelson,Related to prohibiting all political subdivisions from levying any tax on real property except for bonded indebtedness until paid,,,Yes,363
Nelson,Related to spending and transfers from the legacy fund,,,No,918
Nelson,Related to spending and transfers from the legacy fund,,,Yes,707
Nelson,Related to terminology describing public institutions,,,No,259
Nelson,Related to terminology describing public institutions,,,Yes,1457
Nelson,Related to the legalization of cannabis and related regulation.,,,No,977
Nelson,Related to the legalization of cannabis and related regulation.,,,Yes,760
Nelson,State Auditor,,,Joshua C Gallion,1076
Nelson,State Auditor,,,Timothy C Lamb,620
Nelson,State Auditor,,,write-in,0
Nelson,State House Unexpired 2-Year Term,9,,Collette Brown,0
Nelson,State House Unexpired 2-Year Term,9,,David Brien,0
Nelson,State House Unexpired 2-Year Term,9,,Jayme Davis,0
Nelson,State House Unexpired 2-Year Term,9,,Robert Graywater,0
Nelson,State House Unexpired 2-Year Term,9,,write-in,0
Nelson,State Senate Unexpired 2-Year Term,9,,Judy Estenson,1
Nelson,State Senate Unexpired 2-Year Term,9,,Richard Marcellais,0
Nelson,State Senate Unexpired 2-Year Term,9,,write-in,0
Nelson,State Treasurer,,,Thomas Beadle,1459
Nelson,State Treasurer,,,write-in,20
Nelson,Superintendent of Public Instruction,,,Jason Heitkamp,673
Nelson,Superintendent of Public Instruction,,,Kirsten Baesler,947
Nelson,Superintendent of Public Instruction,,,write-in,3
Nelson,"Supervisor, Soil Conservation District Nelson County Soil Conservation District",,,Kevin Landeis,1565
Nelson,"Supervisor, Soil Conservation District Nelson County Soil Conservation District",,,write-in,6
Nelson,U.S. House,1,,Julie Fedorchak,1158
Nelson,U.S. House,1,,Trygve Hammer,573
Nelson,U.S. House,1,,write-in,3
Nelson,U.S. Senate,,,Katrina Christiansen,657
Nelson,U.S. Senate,,,Kevin Cramer,1091
Nelson,U.S. Senate,,,write-in,3
Oliver,County Commissioner at Large Oliver,,,Blake Wilkens,399
Oliver,County Commissioner at Large Oliver,,,Darrell Berger,426
Oliver,County Commissioner at Large Oliver,,,Dave Berger,604
Oliver,County Commissioner at Large Oliver,,,Robert Schmidt,505
Oliver,County Commissioner at Large Oliver,,,write-in,9
Oliver,County State's Attorney Unexpired 2-Year Term Oliver,,,Patrick Waters,782
Oliver,County State's Attorney Unexpired 2-Year Term Oliver,,,write-in,118
Oliver,Governor and Lt. Governor,,,Kelly Armstrong and Michelle Strinden,866
Oliver,Governor and Lt. Governor,,,Merrill Piepkorn and Patrick Hart,132
Oliver,Governor and Lt. Governor,,,Michael (Coach) Coachman and Lydia Gessele,70
Oliver,Governor and Lt. Governor,,,write-in,0
Oliver,Insurance Commissioner,,,Jon Godfread,965
Oliver,Insurance Commissioner,,,write-in,2
Oliver,Judge of the District Court No. 3 South Central,,,Jason Hammes,571
Oliver,Judge of the District Court No. 3 South Central,,,Marina Spahr,315
Oliver,Judge of the District Court No. 3 South Central,,,write-in,2
Oliver,Judge of the District Court No. 4 South Central,,,Daniel Borgen,874
Oliver,Judge of the District Court No. 4 South Central,,,write-in,4
Oliver,Judge of the District Court No. 9 Unexpired 4-Year Term South Central,,,Lindsey Nieuwsma,875
Oliver,Judge of the District Court No. 9 Unexpired 4-Year Term South Central,,,write-in,3
Oliver,President,,,Harris and Walz,156
Oliver,President,,,Oliver and Maat,19
Oliver,President,,,Trump and Vance,909
Oliver,President,,,write-in,3
Oliver,Public Service Commissioner,,,Randy Christmann,887
Oliver,Public Service Commissioner,,,Tracey L Wilkie,151
Oliver,Public Service Commissioner,,,write-in,4
Oliver,Related to constitutional amendments,,,No,668
Oliver,Related to constitutional amendments,,,Yes,374
Oliver,Related to prohibiting all political subdivisions from levying any tax on real property except for bonded indebtedness until paid,,,No,667
Oliver,Related to prohibiting all political subdivisions from levying any tax on real property except for bonded indebtedness until paid,,,Yes,394
Oliver,Related to spending and transfers from the legacy fund,,,No,572
Oliver,Related to spending and transfers from the legacy fund,,,Yes,447
Oliver,Related to terminology describing public institutions,,,No,237
Oliver,Related to terminology describing public institutions,,,Yes,834
Oliver,Related to the legalization of cannabis and related regulation.,,,No,758
Oliver,Related to the legalization of cannabis and related regulation.,,,Yes,328
Oliver,State Auditor,,,Joshua C Gallion,878
Oliver,State Auditor,,,Timothy C Lamb,167
Oliver,State Auditor,,,write-in,2
Oliver,State Treasurer,,,Thomas Beadle,957
Oliver,State Treasurer,,,write-in,6
Oliver,Superintendent of Public Instruction,,,Jason Heitkamp,437
Oliver,Superintendent of Public Instruction,,,Kirsten Baesler,574
Oliver,Superintendent of Public Instruction,,,write-in,4
Oliver,"Supervisor, Soil Conservation District Oliver County Soil Conservation District",,,Daryn Karges,958
Oliver,"Supervisor, Soil Conservation District Oliver County Soil Conservation District",,,write-in,6
Oliver,U.S. House,1,,Julie Fedorchak,860
Oliver,U.S. House,1,,Trygve Hammer,178
Oliver,U.S. House,1,,write-in,5
Oliver,U.S. Senate,,,Katrina Christiansen,217
Oliver,U.S. Senate,,,Kevin Cramer,846
Oliver,U.S. Senate,,,write-in,6
Pembina,County Commissioner By District Pembina - District 2,,,Kelly Gratton,97
Pembina,County Commissioner By District Pembina - District 2,,,Patrick Hardy,523
Pembina,County Commissioner By District Pembina - District 2,,,write-in,6
Pembina,County Commissioner By District Pembina - District 4,,,Jeffrey Stevenson,176
Pembina,County Commissioner By District Pembina - District 4,,,Scot Becker,447
Pembina,County Commissioner By District Pembina - District 4,,,write-in,12
Pembina,Governor and Lt. Governor,,,Kelly Armstrong and Michelle Strinden,2387
Pembina,Governor and Lt. Governor,,,Merrill Piepkorn and Patrick Hart,609
Pembina,Governor and Lt. Governor,,,Michael (Coach) Coachman and Lydia Gessele,90
Pembina,Governor and Lt. Governor,,,write-in,3
Pembina,Insurance Commissioner,,,Jon Godfread,2666
Pembina,Insurance Commissioner,,,write-in,23
Pembina,Judge of the District Court No. 2 Northeast,,,Michael Hurly,2540
Pembina,Judge of the District Court No. 2 Northeast,,,write-in,17
Pembina,Judge of the District Court No. 5 Unexpired 4-Year Term Northeast,,,Kari M Agotness,2559
Pembina,Judge of the District Court No. 5 Unexpired 4-Year Term Northeast,,,write-in,32
Pembina,Judge of the District Court No. 6 Northeast,,,Barbara L Whelan,2548
Pembina,Judge of the District Court No. 6 Northeast,,,write-in,47
Pembina,PCHS EXCESS LEVY VOTE 34 - Pembina,,,No,1927
Pembina,PCHS EXCESS LEVY VOTE 34 - Pembina,,,Yes,1071
Pembina,President,,,Harris and Walz,704
Pembina,President,,,Oliver and Maat,34
Pembina,President,,,Trump and Vance,2350
Pembina,President,,,write-in,24
Pembina,Public Service Commissioner,,,Randy Christmann,2302
Pembina,Public Service Commissioner,,,Tracey L Wilkie,660
Pembina,Public Service Commissioner,,,write-in,3
Pembina,Related to constitutional amendments,,,No,1657
Pembina,Related to constitutional amendments,,,Yes,1314
Pembina,Related to prohibiting all political subdivisions from levying any tax on real property except for bonded indebtedness until paid,,,No,2132
Pembina,Related to prohibiting all political subdivisions from levying any tax on real property except for bonded indebtedness until paid,,,Yes,896
Pembina,Related to spending and transfers from the legacy fund,,,No,1583
Pembina,Related to spending and transfers from the legacy fund,,,Yes,1327
Pembina,Related to terminology describing public institutions,,,No,502
Pembina,Related to terminology describing public institutions,,,Yes,2515
Pembina,Related to the legalization of cannabis and related regulation.,,,No,1911
Pembina,Related to the legalization of cannabis and related regulation.,,,Yes,1161
Pembina,State Auditor,,,Joshua C Gallion,2305
Pembina,State Auditor,,,Timothy C Lamb,709
Pembina,State Auditor,,,write-in,2
Pembina,State Treasurer,,,Thomas Beadle,2689
Pembina,State Treasurer,,,write-in,24
Pembina,Superintendent of Public Instruction,,,Jason Heitkamp,1202
Pembina,Superintendent of Public Instruction,,,Kirsten Baesler,1617
Pembina,Superintendent of Public Instruction,,,write-in,17
Pembina,"Supervisor, Soil Conservation District Pembina County Soil Conservation District",,,write-in,347
Pembina,U.S. House,1,,Julie Fedorchak,2374
Pembina,U.S. House,1,,Trygve Hammer,693
Pembina,U.S. House,1,,write-in,7
Pembina,U.S. Senate,,,Katrina Christiansen,840
Pembina,U.S. Senate,,,Kevin Cramer,2264
Pembina,U.S. Senate,,,write-in,3
Pierce,County Commissioner By District Pierce - District 2,,,Joel Berg,353
Pierce,County Commissioner By District Pierce - District 2,,,write-in,6
Pierce,County Commissioner By District Pierce - District 4,,,Terry Hoffert,460
Pierce,County Commissioner By District Pierce - District 4,,,write-in,6
Pierce,Governor and Lt. Governor,,,Kelly Armstrong and Michelle Strinden,1477
Pierce,Governor and Lt. Governor,,,Merrill Piepkorn and Patrick Hart,362
Pierce,Governor and Lt. Governor,,,Michael (Coach) Coachman and Lydia Gessele,117
Pierce,Governor and Lt. Governor,,,write-in,3
Pierce,Insurance Commissioner,,,Jon Godfread,1743
Pierce,Insurance Commissioner,,,write-in,10
Pierce,Judge of the District Court No. 2 Northeast,,,Michael Hurly,1787
Pierce,Judge of the District Court No. 2 Northeast,,,write-in,9
Pierce,Judge of the District Court No. 5 Unexpired 4-Year Term Northeast,,,Kari M Agotness,1619
Pierce,Judge of the District Court No. 5 Unexpired 4-Year Term Northeast,,,write-in,6
Pierce,Judge of the District Court No. 6 Northeast,,,Barbara L Whelan,1608
Pierce,Judge of the District Court No. 6 Northeast,,,write-in,5
Pierce,President,,,Harris and Walz,439
Pierce,President,,,Oliver and Maat,23
Pierce,President,,,Trump and Vance,1493
Pierce,President,,,write-in,15
Pierce,Public Service Commissioner,,,Randy Christmann,1525
Pierce,Public Service Commissioner,,,Tracey L Wilkie,379
Pierce,Public Service Commissioner,,,write-in,4
Pierce,Related to constitutional amendments,,,No,1018
Pierce,Related to constitutional amendments,,,Yes,888
Pierce,Related to prohibiting all political subdivisions from levying any tax on real property except for bonded indebtedness until paid,,,No,1363
Pierce,Related to prohibiting all political subdivisions from levying any tax on real property except for bonded indebtedness until paid,,,Yes,602
Pierce,Related to spending and transfers from the legacy fund,,,No,954
Pierce,Related to spending and transfers from the legacy fund,,,Yes,912
Pierce,Related to terminology describing public institutions,,,No,340
Pierce,Related to terminology describing public institutions,,,Yes,1613
Pierce,Related to the legalization of cannabis and related regulation.,,,No,1357
Pierce,Related to the legalization of cannabis and related regulation.,,,Yes,616
Pierce,State Auditor,,,Joshua C Gallion,1477
Pierce,State Auditor,,,Timothy C Lamb,441
Pierce,State Auditor,,,write-in,3
Pierce,State House,14,,Cathy Jelsing,495
Pierce,State House,14,,Jessica Hawkes,353
Pierce,State House,14,,Jon Nelson,1340
Pierce,State House,14,,Robin Weisz,1233
Pierce,State House,14,,write-in,29
Pierce,State House Unexpired 2-Year Term,9,,Collette Brown,6
Pierce,State House Unexpired 2-Year Term,9,,David Brien,46
Pierce,State House Unexpired 2-Year Term,9,,Jayme Davis,6
Pierce,State House Unexpired 2-Year Term,9,,Robert Graywater,42
Pierce,State House Unexpired 2-Year Term,9,,write-in,0
Pierce,State Senate,14,,Jerry Klein,1440
Pierce,State Senate,14,,Mark Nelson,429
Pierce,State Senate,14,,write-in,10
Pierce,State Senate Unexpired 2-Year Term,9,,Judy Estenson,49
Pierce,State Senate Unexpired 2-Year Term,9,,Richard Marcellais,6
Pierce,State Senate Unexpired 2-Year Term,9,,write-in,0
Pierce,State Treasurer,,,Thomas Beadle,1752
Pierce,State Treasurer,,,write-in,10
Pierce,Superintendent of Public Instruction,,,Jason Heitkamp,745
Pierce,Superintendent of Public Instruction,,,Kirsten Baesler,1093
Pierce,Superintendent of Public Instruction,,,write-in,14
Pierce,"Supervisor, Soil Conservation District Pierce County Soil Conservation District",,,Jason Senger,1700
Pierce,"Supervisor, Soil Conservation District Pierce County Soil Conservation District",,,write-in,12
Pierce,U.S. House,1,,Julie Fedorchak,1508
Pierce,U.S. House,1,,Trygve Hammer,421
Pierce,U.S. House,1,,write-in,15
Pierce,U.S. Senate,,,Katrina Christiansen,515
Pierce,U.S. Senate,,,Kevin Cramer,1445
Pierce,U.S. Senate,,,write-in,8
Ramsey,County Commissioner Ramsey,,,Blaine Volk,3274
Ramsey,County Commissioner Ramsey,,,Jeff Frith,3962
Ramsey,County Commissioner Ramsey,,,Lee Gessner,3561
Ramsey,County Commissioner Ramsey,,,write-in,113
Ramsey,Governor and Lt. Governor,,,Kelly Armstrong and Michelle Strinden,3671
Ramsey,Governor and Lt. Governor,,,Merrill Piepkorn and Patrick Hart,1198
Ramsey,Governor and Lt. Governor,,,Michael (Coach) Coachman and Lydia Gessele,303
Ramsey,Governor and Lt. Governor,,,write-in,7
Ramsey,Insurance Commissioner,,,Jon Godfread,4359
Ramsey,Insurance Commissioner,,,write-in,49
Ramsey,Judge of the District Court No. 2 Northeast,,,Michael Hurly,4412
Ramsey,Judge of the District Court No. 2 Northeast,,,write-in,40
Ramsey,Judge of the District Court No. 5 Unexpired 4-Year Term Northeast,,,Kari M Agotness,4380
Ramsey,Judge of the District Court No. 5 Unexpired 4-Year Term Northeast,,,write-in,29
Ramsey,Judge of the District Court No. 6 Northeast,,,Barbara L Whelan,4270
Ramsey,Judge of the District Court No. 6 Northeast,,,write-in,23
Ramsey,President,,,Harris and Walz,1513
Ramsey,President,,,Oliver and Maat,82
Ramsey,President,,,Trump and Vance,3609
Ramsey,President,,,write-in,35
Ramsey,Public Service Commissioner,,,Randy Christmann,3528
Ramsey,Public Service Commissioner,,,Tracey L Wilkie,1440
Ramsey,Public Service Commissioner,,,write-in,6
Ramsey,Related to constitutional amendments,,,No,2835
Ramsey,Related to constitutional amendments,,,Yes,2114
Ramsey,Related to prohibiting all political subdivisions from levying any tax on real property except for bonded indebtedness until paid,,,No,3367
Ramsey,Related to prohibiting all political subdivisions from levying any tax on real property except for bonded indebtedness until paid,,,Yes,1776
Ramsey,Related to spending and transfers from the legacy fund,,,No,2599
Ramsey,Related to spending and transfers from the legacy fund,,,Yes,2258
Ramsey,Related to terminology describing public institutions,,,No,751
Ramsey,Related to terminology describing public institutions,,,Yes,4388
Ramsey,Related to the legalization of cannabis and related regulation.,,,No,2916
Ramsey,Related to the legalization of cannabis and related regulation.,,,Yes,2300
Ramsey,State Auditor,,,Joshua C Gallion,3489
Ramsey,State Auditor,,,Timothy C Lamb,1551
Ramsey,State Auditor,,,write-in,9
Ramsey,State House Unexpired 2-Year Term,15,,Donna Henderson,2647
Ramsey,State House Unexpired 2-Year Term,15,,Kathy Frelich,4018
Ramsey,State House Unexpired 2-Year Term,15,,write-in,77
Ramsey,State House Unexpired 2-Year Term,9,,Collette Brown,0
Ramsey,State House Unexpired 2-Year Term,9,,David Brien,0
Ramsey,State House Unexpired 2-Year Term,9,,Jayme Davis,0
Ramsey,State House Unexpired 2-Year Term,9,,Robert Graywater,1
Ramsey,State House Unexpired 2-Year Term,9,,write-in,0
Ramsey,State Senate Unexpired 2-Year Term,15,,Kent Weston,4387
Ramsey,State Senate Unexpired 2-Year Term,15,,write-in,76
Ramsey,State Senate Unexpired 2-Year Term,9,,Judy Estenson,1
Ramsey,State Senate Unexpired 2-Year Term,9,,Richard Marcellais,0
Ramsey,State Senate Unexpired 2-Year Term,9,,write-in,0
Ramsey,State Treasurer,,,Thomas Beadle,4378
Ramsey,State Treasurer,,,write-in,52
Ramsey,Superintendent of Public Instruction,,,Jason Heitkamp,2079
Ramsey,Superintendent of Public Instruction,,,Kirsten Baesler,2741
Ramsey,Superintendent of Public Instruction,,,write-in,22
Ramsey,"Supervisor, Soil Conservation District Ramsey County Soil Conservation District",,,Randy I Olson,4544
Ramsey,"Supervisor, Soil Conservation District Ramsey County Soil Conservation District",,,write-in,16
Ramsey,U.S. House,1,,Julie Fedorchak,3648
Ramsey,U.S. House,1,,Trygve Hammer,1499
Ramsey,U.S. House,1,,write-in,15
Ramsey,U.S. Senate,,,Katrina Christiansen,1640
Ramsey,U.S. Senate,,,Kevin Cramer,3568
Ramsey,U.S. Senate,,,write-in,7
Ransom,County Commissioner Ransom,,,Collin Greenley,1172
Ransom,County Commissioner Ransom,,,Greg Schwab,1332
Ransom,County Commissioner Ransom,,,Scott Johnson,1003
Ransom,County Commissioner Ransom,,,Sye Olson,1184
Ransom,County Commissioner Ransom,,,Tim Jordan,928
Ransom,County Commissioner Ransom,,,Todd Anderson,1222
Ransom,County Commissioner Ransom,,,write-in,28
Ransom,"Director, Garrison Diversion Conservancy Ransom",,,Jay Paul Anderson,2285
Ransom,"Director, Garrison Diversion Conservancy Ransom",,,write-in,10
Ransom,Governor and Lt. Governor,,,Kelly Armstrong and Michelle Strinden,1699
Ransom,Governor and Lt. Governor,,,Merrill Piepkorn and Patrick Hart,798
Ransom,Governor and Lt. Governor,,,Michael (Coach) Coachman and Lydia Gessele,123
Ransom,Governor and Lt. Governor,,,write-in,1
Ransom,Insurance Commissioner,,,Jon Godfread,2187
Ransom,Insurance Commissioner,,,write-in,37
Ransom,Judge of the District Court No. 3 Southeast,,,Brad Cruff,2232
Ransom,Judge of the District Court No. 3 Southeast,,,write-in,19
Ransom,President,,,Harris and Walz,920
Ransom,President,,,Oliver and Maat,51
Ransom,President,,,Trump and Vance,1661
Ransom,President,,,write-in,17
Ransom,Public Service Commissioner,,,Randy Christmann,1618
Ransom,Public Service Commissioner,,,Tracey L Wilkie,896
Ransom,Public Service Commissioner,,,write-in,1
Ransom,Related to constitutional amendments,,,No,1555
Ransom,Related to constitutional amendments,,,Yes,988
Ransom,Related to prohibiting all political subdivisions from levying any tax on real property except for bonded indebtedness until paid,,,No,1810
Ransom,Related to prohibiting all political subdivisions from levying any tax on real property except for bonded indebtedness until paid,,,Yes,781
Ransom,Related to spending and transfers from the legacy fund,,,No,1392
Ransom,Related to spending and transfers from the legacy fund,,,Yes,1088
Ransom,Related to terminology describing public institutions,,,No,421
Ransom,Related to terminology describing public institutions,,,Yes,2165
Ransom,Related to the legalization of cannabis and related regulation.,,,No,1404
Ransom,Related to the legalization of cannabis and related regulation.,,,Yes,1220
Ransom,State Auditor,,,Joshua C Gallion,1565
Ransom,State Auditor,,,Timothy C Lamb,961
Ransom,State Auditor,,,write-in,3
Ransom,State House,24,,Daniel Johnston,1375
Ransom,State House,24,,Dwight Kiefert,1527
Ransom,State House,24,,Nancy Farnham,1109
Ransom,State House,24,,Shawn Olauson,867
Ransom,State House,24,,write-in,5
Ransom,State Senate,24,,Knut Gjovik,962
Ransom,State Senate,24,,Mike Wobbema,1594
Ransom,State Senate,24,,write-in,3
Ransom,State Treasurer,,,Thomas Beadle,2207
Ransom,State Treasurer,,,write-in,37
Ransom,Superintendent of Public Instruction,,,Jason Heitkamp,991
Ransom,Superintendent of Public Instruction,,,Kirsten Baesler,1435
Ransom,Superintendent of Public Instruction,,,write-in,12
Ransom,"Supervisor, Soil Conservation District Ransom County Soil Conservation District",,,Jeff Lyons,2415
Ransom,"Supervisor, Soil Conservation District Ransom County Soil Conservation District",,,write-in,15
Ransom,U.S. House,1,,Julie Fedorchak,1679
Ransom,U.S. House,1,,Trygve Hammer,919
Ransom,U.S. House,1,,write-in,3
Ransom,U.S. Senate,,,Katrina Christiansen,1033
Ransom,U.S. Senate,,,Kevin Cramer,1596
Ransom,U.S. Senate,,,write-in,4
Renville,County Commissioner By District Renville - District 2,,,Richard Haman,353
Renville,County Commissioner By District Renville - District 2,,,write-in,6
Renville,Governor and Lt. Governor,,,Kelly Armstrong and Michelle Strinden,969
Renville,Governor and Lt. Governor,,,Merrill Piepkorn and Patrick Hart,153
Renville,Governor and Lt. Governor,,,Michael (Coach) Coachman and Lydia Gessele,80
Renville,Governor and Lt. Governor,,,write-in,0
Renville,Insurance Commissioner,,,Jon Godfread,1104
Renville,Insurance Commissioner,,,write-in,7
Renville,Judge of the District Court No. 2 Northeast,,,Michael Hurly,1059
Renville,Judge of the District Court No. 2 Northeast,,,write-in,6
Renville,Judge of the District Court No. 5 Unexpired 4-Year Term Northeast,,,Kari M Agotness,1037
Renville,Judge of the District Court No. 5 Unexpired 4-Year Term Northeast,,,write-in,6
Renville,Judge of the District Court No. 6 Northeast,,,Barbara L Whelan,1032
Renville,Judge of the District Court No. 6 Northeast,,,write-in,6
Renville,President,,,Harris and Walz,179
Renville,President,,,Oliver and Maat,31
Renville,President,,,Trump and Vance,993
Renville,President,,,write-in,5
Renville,Public Service Commissioner,,,Randy Christmann,977
Renville,Public Service Commissioner,,,Tracey L Wilkie,181
Renville,Public Service Commissioner,,,write-in,7
Renville,Related to constitutional amendments,,,No,656
Renville,Related to constitutional amendments,,,Yes,519
Renville,Related to prohibiting all political subdivisions from levying any tax on real property except for bonded indebtedness until paid,,,No,746
Renville,Related to prohibiting all political subdivisions from levying any tax on real property except for bonded indebtedness until paid,,,Yes,458
Renville,Related to spending and transfers from the legacy fund,,,No,607
Renville,Related to spending and transfers from the legacy fund,,,Yes,544
Renville,Related to terminology describing public institutions,,,No,262
Renville,Related to terminology describing public institutions,,,Yes,928
Renville,Related to the legalization of cannabis and related regulation.,,,No,781
Renville,Related to the legalization of cannabis and related regulation.,,,Yes,416
Renville,State Auditor,,,Joshua C Gallion,972
Renville,State Auditor,,,Timothy C Lamb,207
Renville,State Auditor,,,write-in,1
Renville,State House,6,,Dan Vollmer,931
Renville,State House,6,,Dick Anderson,743
Renville,State House,6,,write-in,37
Renville,State Senate,6,,Paul John Thomas,976
Renville,State Senate,6,,Robert Tolar,187
Renville,State Senate,6,,write-in,13
Renville,State Treasurer,,,Thomas Beadle,1109
Renville,State Treasurer,,,write-in,8
Renville,Superintendent of Public Instruction,,,Jason Heitkamp,462
Renville,Superintendent of Public Instruction,,,Kirsten Baesler,650
Renville,Superintendent of Public Instruction,,,write-in,8
Renville,"Supervisor, Soil Conservation District Renville County Soil Conservation District",,,Monte Bloms,1102
Renville,"Supervisor, Soil Conservation District Renville County Soil Conservation District",,,write-in,9
Renville,U.S. House,1,,Julie Fedorchak,988
Renville,U.S. House,1,,Trygve Hammer,194
Renville,U.S. House,1,,write-in,14
Renville,U.S. Senate,,,Katrina Christiansen,234
Renville,U.S. Senate,,,Kevin Cramer,970
Renville,U.S. Senate,,,write-in,1
Richland,Abercrombie Home Rule Charter Abercrombie,,,No,48
Richland,Abercrombie Home Rule Charter Abercrombie,,,Yes,109
Richland,County Commissioner at Large Richland,,,Perry Miller,5263
Richland,County Commissioner at Large Richland,,,Tim Campbell,5918
Richland,County Commissioner at Large Richland,,,write-in,162
Richland,Governor and Lt. Governor,,,Kelly Armstrong and Michelle Strinden,5710
Richland,Governor and Lt. Governor,,,Merrill Piepkorn and Patrick Hart,2093
Richland,Governor and Lt. Governor,,,Michael (Coach) Coachman and Lydia Gessele,356
Richland,Governor and Lt. Governor,,,write-in,4
Richland,Insurance Commissioner,,,Jon Godfread,6902
Richland,Insurance Commissioner,,,write-in,70
Richland,Judge of the District Court No. 3 Southeast,,,Brad Cruff,6421
Richland,Judge of the District Court No. 3 Southeast,,,write-in,225
Richland,President,,,Harris and Walz,2473
Richland,President,,,Oliver and Maat,150
Richland,President,,,Trump and Vance,5576
Richland,President,,,write-in,62
Richland,Public Service Commissioner,,,Randy Christmann,5416
Richland,Public Service Commissioner,,,Tracey L Wilkie,2329
Richland,Public Service Commissioner,,,write-in,15
Richland,Related to constitutional amendments,,,No,4513
Richland,Related to constitutional amendments,,,Yes,3233
Richland,Related to prohibiting all political subdivisions from levying any tax on real property except for bonded indebtedness until paid,,,No,5694
Richland,Related to prohibiting all political subdivisions from levying any tax on real property except for bonded indebtedness until paid,,,Yes,2327
Richland,Related to spending and transfers from the legacy fund,,,No,3654
Richland,Related to spending and transfers from the legacy fund,,,Yes,3921
Richland,Related to terminology describing public institutions,,,No,1315
Richland,Related to terminology describing public institutions,,,Yes,6665
Richland,Related to the legalization of cannabis and related regulation.,,,No,4395
Richland,Related to the legalization of cannabis and related regulation.,,,Yes,3736
Richland,State Auditor,,,Joshua C Gallion,5372
Richland,State Auditor,,,Timothy C Lamb,2477
Richland,State Auditor,,,write-in,10
Richland,State Treasurer,,,Thomas Beadle,6955
Richland,State Treasurer,,,write-in,83
Richland,Superintendent of Public Instruction,,,Jason Heitkamp,2805
Richland,Superintendent of Public Instruction,,,Kirsten Baesler,4720
Richland,Superintendent of Public Instruction,,,write-in,31
Richland,"Supervisor, Soil Conservation District Richland County Soil Conservation District",,,Brad Toussaint,6738
Richland,"Supervisor, Soil Conservation District Richland County Soil Conservation District",,,write-in,41
Richland,"Supervisor, Soil Conservation District Unexpired 4-Year Term Richland County Soil Conservation District",,,Michael Haverland,6938
Richland,"Supervisor, Soil Conservation District Unexpired 4-Year Term Richland County Soil Conservation District",,,write-in,36
Richland,U.S. House,1,,Julie Fedorchak,5571
Richland,U.S. House,1,,Trygve Hammer,2496
Richland,U.S. House,1,,write-in,18
Richland,U.S. Senate,,,Katrina Christiansen,2877
Richland,U.S. Senate,,,Kevin Cramer,5321
Richland,U.S. Senate,,,write-in,10
Richland,Walcott Home Rule Charter Walcott,,,No,37
Richland,Walcott Home Rule Charter Walcott,,,Yes,87
Rolette,County Commissioner at Large Rolette,,,Allen George Schlenvogt,1880
Rolette,County Commissioner at Large Rolette,,,Cameron Richard Mickelson,1465
Rolette,County Commissioner at Large Rolette,,,Clarence Counts,1416
Rolette,County Commissioner at Large Rolette,,,Henry Louis LaRocque,1651
Rolette,County Commissioner at Large Rolette,,,Lyle Francis Lunday SR,1008
Rolette,County Commissioner at Large Rolette,,,Ross Evans Zaste,1569
Rolette,County Commissioner at Large Rolette,,,write-in,20
Rolette,Governor and Lt. Governor,,,Kelly Armstrong and Michelle Strinden,1548
Rolette,Governor and Lt. Governor,,,Merrill Piepkorn and Patrick Hart,2244
Rolette,Governor and Lt. Governor,,,Michael (Coach) Coachman and Lydia Gessele,186
Rolette,Governor and Lt. Governor,,,write-in,5
Rolette,Home Rule Charter for City of Dunseith Dunseith,,,No,96
Rolette,Home Rule Charter for City of Dunseith Dunseith,,,Yes,100
Rolette,Insurance Commissioner,,,Jon Godfread,2795
Rolette,Insurance Commissioner,,,write-in,106
Rolette,Judge of the District Court No. 2 Northeast,,,Michael Hurly,3133
Rolette,Judge of the District Court No. 2 Northeast,,,write-in,35
Rolette,Judge of the District Court No. 5 Unexpired 4-Year Term Northeast,,,Kari M Agotness,3080
Rolette,Judge of the District Court No. 5 Unexpired 4-Year Term Northeast,,,write-in,40
Rolette,Judge of the District Court No. 6 Northeast,,,Barbara L Whelan,3051
Rolette,Judge of the District Court No. 6 Northeast,,,write-in,31
Rolette,President,,,Harris and Walz,2567
Rolette,President,,,Oliver and Maat,66
Rolette,President,,,Trump and Vance,1427
Rolette,President,,,write-in,15
Rolette,Public Service Commissioner,,,Randy Christmann,1245
Rolette,Public Service Commissioner,,,Tracey L Wilkie,2673
Rolette,Public Service Commissioner,,,write-in,2
Rolette,Related to constitutional amendments,,,No,2249
Rolette,Related to constitutional amendments,,,Yes,1438
Rolette,Related to prohibiting all political subdivisions from levying any tax on real property except for bonded indebtedness until paid,,,No,2542
Rolette,Related to prohibiting all political subdivisions from levying any tax on real property except for bonded indebtedness until paid,,,Yes,1242
Rolette,Related to spending and transfers from the legacy fund,,,No,1898
Rolette,Related to spending and transfers from the legacy fund,,,Yes,1705
Rolette,Related to terminology describing public institutions,,,No,556
Rolette,Related to terminology describing public institutions,,,Yes,3256
Rolette,Related to the legalization of cannabis and related regulation.,,,No,1532
Rolette,Related to the legalization of cannabis and related regulation.,,,Yes,2418
Rolette,Rolla City Fire Department Tax Levy Rolla,,,No,91
Rolette,Rolla City Fire Department Tax Levy Rolla,,,Yes,368
Rolette,State Auditor,,,Joshua C Gallion,1293
Rolette,State Auditor,,,Timothy C Lamb,2606
Rolette,State Auditor,,,write-in,3
Rolette,State House Unexpired 2-Year Term,9,,Collette Brown,1676
Rolette,State House Unexpired 2-Year Term,9,,David Brien,1526
Rolette,State House Unexpired 2-Year Term,9,,Jayme Davis,2573
Rolette,State House Unexpired 2-Year Term,9,,Robert Graywater,994
Rolette,State House Unexpired 2-Year Term,9,,write-in,1
Rolette,State Senate Unexpired 2-Year Term,9,,Judy Estenson,1233
Rolette,State Senate Unexpired 2-Year Term,9,,Richard Marcellais,2787
Rolette,State Senate Unexpired 2-Year Term,9,,write-in,4
Rolette,State Treasurer,,,Thomas Beadle,2827
Rolette,State Treasurer,,,write-in,115
Rolette,Superintendent of Public Instruction,,,Jason Heitkamp,1809
Rolette,Superintendent of Public Instruction,,,Kirsten Baesler,1831
Rolette,Superintendent of Public Instruction,,,write-in,19
Rolette,"Supervisor, Soil Conservation District Rolette County Soil Conservation District",,,Brian John Mothershead,3207
Rolette,"Supervisor, Soil Conservation District Rolette County Soil Conservation District",,,write-in,30
Rolette,U.S. House,1,,Julie Fedorchak,1517
Rolette,U.S. House,1,,Trygve Hammer,2429
Rolette,U.S. House,1,,write-in,6
Rolette,U.S. Senate,,,Katrina Christiansen,2534
Rolette,U.S. Senate,,,Kevin Cramer,1486
Rolette,U.S. Senate,,,write-in,4
Sargent,"An Ordinance to Establish and Regulate a County Sales, Use and Gross Receipts Tax Under Home Rule Charter of Sargent County. 41 - Sargent",,,No,1075
Sargent,"An Ordinance to Establish and Regulate a County Sales, Use and Gross Receipts Tax Under Home Rule Charter of Sargent County. 41 - Sargent",,,Yes,866
Sargent,County Auditor Unexpired 2-Year Term Sargent,,,Tia Bopp,1806
Sargent,County Auditor Unexpired 2-Year Term Sargent,,,write-in,28
Sargent,County Commissioner at Large Sargent,,,"Jason ""Diesel"" Arth",1053
Sargent,County Commissioner at Large Sargent,,,Jerry M Waswick,967
Sargent,County Commissioner at Large Sargent,,,Mark Breker,846
Sargent,County Commissioner at Large Sargent,,,Richard Ruch,715
Sargent,County Commissioner at Large Sargent,,,write-in,15
Sargent,County Treasurer/Recorder/Clerk of District Court Unexpired 2-Year Term Sargent,,,Cindy Yagow,1804
Sargent,County Treasurer/Recorder/Clerk of District Court Unexpired 2-Year Term Sargent,,,write-in,8
Sargent,"Director, Garrison Diversion Conservancy Sargent",,,Brian Orn,1798
Sargent,"Director, Garrison Diversion Conservancy Sargent",,,write-in,8
Sargent,Governor and Lt. Governor,,,Kelly Armstrong and Michelle Strinden,1310
Sargent,Governor and Lt. Governor,,,Merrill Piepkorn and Patrick Hart,604
Sargent,Governor and Lt. Governor,,,Michael (Coach) Coachman and Lydia Gessele,104
Sargent,Governor and Lt. Governor,,,write-in,0
Sargent,Insurance Commissioner,,,Jon Godfread,1629
Sargent,Insurance Commissioner,,,write-in,23
Sargent,Judge of the District Court No. 3 Southeast,,,Brad Cruff,1608
Sargent,Judge of the District Court No. 3 Southeast,,,write-in,14
Sargent,President,,,Harris and Walz,663
Sargent,President,,,Oliver and Maat,36
Sargent,President,,,Trump and Vance,1325
Sargent,President,,,write-in,19
Sargent,Public Service Commissioner,,,Randy Christmann,1293
Sargent,Public Service Commissioner,,,Tracey L Wilkie,649
Sargent,Public Service Commissioner,,,write-in,2
Sargent,Related to constitutional amendments,,,No,1148
Sargent,Related to constitutional amendments,,,Yes,791
Sargent,Related to prohibiting all political subdivisions from levying any tax on real property except for bonded indebtedness until paid,,,No,1417
Sargent,Related to prohibiting all political subdivisions from levying any tax on real property except for bonded indebtedness until paid,,,Yes,566
Sargent,Related to spending and transfers from the legacy fund,,,No,976
Sargent,Related to spending and transfers from the legacy fund,,,Yes,895
Sargent,Related to terminology describing public institutions,,,No,322
Sargent,Related to terminology describing public institutions,,,Yes,1663
Sargent,Related to the legalization of cannabis and related regulation.,,,No,1077
Sargent,Related to the legalization of cannabis and related regulation.,,,Yes,943
Sargent,Sargent County Historical Society 41 - Sargent,,,No,1106
Sargent,Sargent County Historical Society 41 - Sargent,,,Yes,866
Sargent,State Auditor,,,Joshua C Gallion,1207
Sargent,State Auditor,,,Timothy C Lamb,753
Sargent,State Auditor,,,write-in,11
Sargent,State House,28,,Jim Grueneich,1157
Sargent,State House,28,,Mary Schlosser,620
Sargent,State House,28,,Mike Brandenburg,1237
Sargent,State House,28,,Sara Dux,666
Sargent,State House,28,,write-in,5
Sargent,State Senate,28,,Richard F Schlosser,636
Sargent,State Senate,28,,Robert Erbele,1292
Sargent,State Senate,28,,write-in,4
Sargent,State Treasurer,,,Thomas Beadle,1646
Sargent,State Treasurer,,,write-in,21
Sargent,Superintendent of Public Instruction,,,Jason Heitkamp,749
Sargent,Superintendent of Public Instruction,,,Kirsten Baesler,1093
Sargent,Superintendent of Public Instruction,,,write-in,3
Sargent,"Supervisor, Soil Conservation District Wild Rice Soil Conservation District",,,Eric Delahoyde,1769
Sargent,"Supervisor, Soil Conservation District Wild Rice Soil Conservation District",,,write-in,19
Sargent,U.S. House,1,,Julie Fedorchak,1325
Sargent,U.S. House,1,,Trygve Hammer,675
Sargent,U.S. House,1,,write-in,4
Sargent,U.S. Senate,,,Katrina Christiansen,797
Sargent,U.S. Senate,,,Kevin Cramer,1235
Sargent,U.S. Senate,,,write-in,1
Sheridan,County Commissioner Sheridan - District 2,,,Rod Schilling,644
Sheridan,County Commissioner Sheridan - District 2,,,write-in,18
Sheridan,"Director, Garrison Diversion Conservancy Sheridan",,,James Pellman,629
Sheridan,"Director, Garrison Diversion Conservancy Sheridan",,,write-in,17
Sheridan,Governor and Lt. Governor,,,Kelly Armstrong and Michelle Strinden,576
Sheridan,Governor and Lt. Governor,,,Merrill Piepkorn and Patrick Hart,94
Sheridan,Governor and Lt. Governor,,,Michael (Coach) Coachman and Lydia Gessele,75
Sheridan,Governor and Lt. Governor,,,write-in,1
Sheridan,Insurance Commissioner,,,Jon Godfread,668
Sheridan,Insurance Commissioner,,,write-in,8
Sheridan,Judge of the District Court No. 3 South Central,,,Jason Hammes,448
Sheridan,Judge of the District Court No. 3 South Central,,,Marina Spahr,176
Sheridan,Judge of the District Court No. 3 South Central,,,write-in,6
Sheridan,Judge of the District Court No. 4 South Central,,,Daniel Borgen,618
Sheridan,Judge of the District Court No. 4 South Central,,,write-in,6
Sheridan,Judge of the District Court No. 9 Unexpired 4-Year Term South Central,,,Lindsey Nieuwsma,611
Sheridan,Judge of the District Court No. 9 Unexpired 4-Year Term South Central,,,write-in,5
Sheridan,President,,,Harris and Walz,101
Sheridan,President,,,Oliver and Maat,8
Sheridan,President,,,Trump and Vance,644
Sheridan,President,,,write-in,4
Sheridan,Public Service Commissioner,,,Randy Christmann,617
Sheridan,Public Service Commissioner,,,Tracey L Wilkie,109
Sheridan,Public Service Commissioner,,,write-in,2
Sheridan,Related to constitutional amendments,,,No,442
Sheridan,Related to constitutional amendments,,,Yes,285
Sheridan,Related to prohibiting all political subdivisions from levying any tax on real property except for bonded indebtedness until paid,,,No,480
Sheridan,Related to prohibiting all political subdivisions from levying any tax on real property except for bonded indebtedness until paid,,,Yes,259
Sheridan,Related to spending and transfers from the legacy fund,,,No,417
Sheridan,Related to spending and transfers from the legacy fund,,,Yes,288
Sheridan,Related to terminology describing public institutions,,,No,210
Sheridan,Related to terminology describing public institutions,,,Yes,526
Sheridan,Related to the legalization of cannabis and related regulation.,,,No,506
Sheridan,Related to the legalization of cannabis and related regulation.,,,Yes,243
Sheridan,State Auditor,,,Joshua C Gallion,621
Sheridan,State Auditor,,,Timothy C Lamb,107
Sheridan,State Auditor,,,write-in,3
Sheridan,State House,14,,Cathy Jelsing,106
Sheridan,State House,14,,Jessica Hawkes,127
Sheridan,State House,14,,Jon Nelson,548
Sheridan,State House,14,,Robin Weisz,574
Sheridan,State House,14,,write-in,13
Sheridan,State Senate,14,,Jerry Klein,608
Sheridan,State Senate,14,,Mark Nelson,128
Sheridan,State Senate,14,,write-in,7
Sheridan,State Treasurer,,,Thomas Beadle,674
Sheridan,State Treasurer,,,write-in,7
Sheridan,Superintendent of Public Instruction,,,Jason Heitkamp,351
Sheridan,Superintendent of Public Instruction,,,Kirsten Baesler,363
Sheridan,Superintendent of Public Instruction,,,write-in,2
Sheridan,"Supervisor, Soil Conservation District Sheridan County Soil Conservation District",,,Kyle Jensen,660
Sheridan,"Supervisor, Soil Conservation District Sheridan County Soil Conservation District",,,write-in,4
Sheridan,U.S. House,1,,Julie Fedorchak,631
Sheridan,U.S. House,1,,Trygve Hammer,107
Sheridan,U.S. House,1,,write-in,6
Sheridan,U.S. Senate,,,Katrina Christiansen,162
Sheridan,U.S. Senate,,,Kevin Cramer,581
Sheridan,U.S. Senate,,,write-in,6
Sioux,County Commissioner By District Sioux - District 2,,,Everett Ironeyes Jr,128
Sioux,County Commissioner By District Sioux - District 2,,,Larry Silbernagel,136
Sioux,County Commissioner By District Sioux - District 2,,,write-in,1
Sioux,Governor and Lt. Governor,,,Kelly Armstrong and Michelle Strinden,312
Sioux,Governor and Lt. Governor,,,Merrill Piepkorn and Patrick Hart,545
Sioux,Governor and Lt. Governor,,,Michael (Coach) Coachman and Lydia Gessele,84
Sioux,Governor and Lt. Governor,,,write-in,1
Sioux,Insurance Commissioner,,,Jon Godfread,631
Sioux,Insurance Commissioner,,,write-in,63
Sioux,Judge of the District Court No. 3 South Central,,,Jason Hammes,337
Sioux,Judge of the District Court No. 3 South Central,,,Marina Spahr,470
Sioux,Judge of the District Court No. 3 South Central,,,write-in,13
Sioux,Judge of the District Court No. 4 South Central,,,Daniel Borgen,727
Sioux,Judge of the District Court No. 4 South Central,,,write-in,28
Sioux,Judge of the District Court No. 9 Unexpired 4-Year Term South Central,,,Lindsey Nieuwsma,743
Sioux,Judge of the District Court No. 9 Unexpired 4-Year Term South Central,,,write-in,22
Sioux,President,,,Harris and Walz,654
Sioux,President,,,Oliver and Maat,11
Sioux,President,,,Trump and Vance,285
Sioux,President,,,write-in,3
Sioux,Public Service Commissioner,,,Randy Christmann,281
Sioux,Public Service Commissioner,,,Tracey L Wilkie,637
Sioux,Public Service Commissioner,,,write-in,1
Sioux,Related to constitutional amendments,,,No,494
Sioux,Related to constitutional amendments,,,Yes,400
Sioux,Related to prohibiting all political subdivisions from levying any tax on real property except for bonded indebtedness until paid,,,No,490
Sioux,Related to prohibiting all political subdivisions from levying any tax on real property except for bonded indebtedness until paid,,,Yes,421
Sioux,Related to spending and transfers from the legacy fund,,,No,434
Sioux,Related to spending and transfers from the legacy fund,,,Yes,448
Sioux,Related to terminology describing public institutions,,,No,163
Sioux,Related to terminology describing public institutions,,,Yes,761
Sioux,Related to the legalization of cannabis and related regulation.,,,No,315
Sioux,Related to the legalization of cannabis and related regulation.,,,Yes,614
Sioux,State Auditor,,,Joshua C Gallion,293
Sioux,State Auditor,,,Timothy C Lamb,643
Sioux,State Auditor,,,write-in,1
Sioux,State Treasurer,,,Thomas Beadle,636
Sioux,State Treasurer,,,write-in,66
Sioux,Superintendent of Public Instruction,,,Jason Heitkamp,401
Sioux,Superintendent of Public Instruction,,,Kirsten Baesler,477
Sioux,Superintendent of Public Instruction,,,write-in,11
Sioux,"Supervisor, Soil Conservation District Cedar Soil Conservation District",,,Kelly Froelich,833
Sioux,"Supervisor, Soil Conservation District Cedar Soil Conservation District",,,write-in,20
Sioux,U.S. House,1,,Julie Fedorchak,311
Sioux,U.S. House,1,,Trygve Hammer,630
Sioux,U.S. House,1,,write-in,2
Sioux,U.S. Senate,,,Katrina Christiansen,665
Sioux,U.S. Senate,,,Kevin Cramer,281
Sioux,U.S. Senate,,,write-in,2
Slope,County Commissioner Slope - District 2,,,Scott Ouradnik,307
Slope,County Commissioner Slope - District 2,,,write-in,22
Slope,Governor and Lt. Governor,,,Kelly Armstrong and Michelle Strinden,340
Slope,Governor and Lt. Governor,,,Merrill Piepkorn and Patrick Hart,28
Slope,Governor and Lt. Governor,,,Michael (Coach) Coachman and Lydia Gessele,23
Slope,Governor and Lt. Governor,,,write-in,0
Slope,Insurance Commissioner,,,Jon Godfread,357
Slope,Insurance Commissioner,,,write-in,2
Slope,Judge of the District Court No. 1 Southwest,,,James D Gion,344
Slope,Judge of the District Court No. 1 Southwest,,,write-in,2
Slope,Judge of the District Court No. 3 Southwest,,,Dann Greenwood,337
Slope,Judge of the District Court No. 3 Southwest,,,write-in,3
Slope,President,,,Harris and Walz,33
Slope,President,,,Oliver and Maat,3
Slope,President,,,Trump and Vance,351
Slope,President,,,write-in,2
Slope,Public Service Commissioner,,,Randy Christmann,349
Slope,Public Service Commissioner,,,Tracey L Wilkie,32
Slope,Public Service Commissioner,,,write-in,0
Slope,Related to constitutional amendments,,,No,208
Slope,Related to constitutional amendments,,,Yes,166
Slope,Related to prohibiting all political subdivisions from levying any tax on real property except for bonded indebtedness until paid,,,No,293
Slope,Related to prohibiting all political subdivisions from levying any tax on real property except for bonded indebtedness until paid,,,Yes,91
Slope,Related to spending and transfers from the legacy fund,,,No,180
Slope,Related to spending and transfers from the legacy fund,,,Yes,191
Slope,Related to terminology describing public institutions,,,No,98
Slope,Related to terminology describing public institutions,,,Yes,283
Slope,Related to the legalization of cannabis and related regulation.,,,No,295
Slope,Related to the legalization of cannabis and related regulation.,,,Yes,95
Slope,State Auditor,,,Joshua C Gallion,347
Slope,State Auditor,,,Timothy C Lamb,37
Slope,State Auditor,,,write-in,0
Slope,State Treasurer,,,Thomas Beadle,356
Slope,State Treasurer,,,write-in,2
Slope,Superintendent of Public Instruction,,,Jason Heitkamp,114
Slope,Superintendent of Public Instruction,,,Kirsten Baesler,248
Slope,Superintendent of Public Instruction,,,write-in,3
Slope,"Supervisor, Soil Conservation District Bowman/Slope Soil Conservation District",,,Brett Hendrickson,235
Slope,"Supervisor, Soil Conservation District Bowman/Slope Soil Conservation District",,,write-in,3
Slope,"Supervisor, Soil Conservation District Slope/Hettinger Soil Conservation District",,,Stuart Nielsen,105
Slope,"Supervisor, Soil Conservation District Slope/Hettinger Soil Conservation District",,,write-in,5
Slope,U.S. House,1,,Julie Fedorchak,345
Slope,U.S. House,1,,Trygve Hammer,39
Slope,U.S. House,1,,write-in,3
Slope,U.S. Senate,,,Katrina Christiansen,52
Slope,U.S. Senate,,,Kevin Cramer,335
Slope,U.S. Senate,,,write-in,2
Stark,County Commissioner Stark - District 1,,,Bernie Marsh,12086
Stark,County Commissioner Stark - District 1,,,write-in,275
Stark,County Commissioner Stark - District 3,,,Dean Franchuk,11929
Stark,County Commissioner Stark - District 3,,,write-in,190
Stark,County Commissioner Stark - District 5,,,Neal Messer,11783
Stark,County Commissioner Stark - District 5,,,write-in,228
Stark,Governor and Lt. Governor,,,Kelly Armstrong and Michelle Strinden,12056
Stark,Governor and Lt. Governor,,,Merrill Piepkorn and Patrick Hart,1792
Stark,Governor and Lt. Governor,,,Michael (Coach) Coachman and Lydia Gessele,960
Stark,Governor and Lt. Governor,,,write-in,21
Stark,Insurance Commissioner,,,Jon Godfread,12955
Stark,Insurance Commissioner,,,write-in,135
Stark,Judge of the District Court No. 1 Southwest,,,James D Gion,12239
Stark,Judge of the District Court No. 1 Southwest,,,write-in,121
Stark,Judge of the District Court No. 3 Southwest,,,Dann Greenwood,12341
Stark,Judge of the District Court No. 3 Southwest,,,write-in,130
Stark,President,,,Harris and Walz,2473
Stark,President,,,Oliver and Maat,221
Stark,President,,,Trump and Vance,12323
Stark,President,,,write-in,83
Stark,Public Service Commissioner,,,Randy Christmann,11789
Stark,Public Service Commissioner,,,Tracey L Wilkie,2383
Stark,Public Service Commissioner,,,write-in,34
Stark,Related to constitutional amendments,,,No,7274
Stark,Related to constitutional amendments,,,Yes,6789
Stark,Related to prohibiting all political subdivisions from levying any tax on real property except for bonded indebtedness until paid,,,No,8949
Stark,Related to prohibiting all political subdivisions from levying any tax on real property except for bonded indebtedness until paid,,,Yes,5814
Stark,Related to spending and transfers from the legacy fund,,,No,6136
Stark,Related to spending and transfers from the legacy fund,,,Yes,7624
Stark,Related to terminology describing public institutions,,,No,2863
Stark,Related to terminology describing public institutions,,,Yes,11719
Stark,Related to the legalization of cannabis and related regulation.,,,No,8468
Stark,Related to the legalization of cannabis and related regulation.,,,Yes,6489
Stark,State Auditor,,,Joshua C Gallion,11901
Stark,State Auditor,,,Timothy C Lamb,2454
Stark,State Auditor,,,write-in,35
Stark,State House,36,,Dori Hauck,3122
Stark,State House,36,,Ty Dressler,3867
Stark,State House,36,,write-in,45
Stark,State Senate,36,,Desiree Van Oosting,4638
Stark,State Senate,36,,write-in,44
Stark,State Treasurer,,,Thomas Beadle,13014
Stark,State Treasurer,,,write-in,156
Stark,Superintendent of Public Instruction,,,Jason Heitkamp,5648
Stark,Superintendent of Public Instruction,,,Kirsten Baesler,7307
Stark,Superintendent of Public Instruction,,,write-in,128
Stark,"Supervisor, Soil Conservation District Stark Billings Soil Conservation District",,,Jessica Obrien,12150
Stark,"Supervisor, Soil Conservation District Stark Billings Soil Conservation District",,,write-in,111
Stark,U.S. House,1,,Julie Fedorchak,12132
Stark,U.S. House,1,,Trygve Hammer,2431
Stark,U.S. House,1,,write-in,83
Stark,U.S. Senate,,,Katrina Christiansen,2716
Stark,U.S. Senate,,,Kevin Cramer,12074
Stark,U.S. Senate,,,write-in,53
Steele,County Commissioner By District Steele - District 2,,,Richard Strand,213
Steele,County Commissioner By District Steele - District 2,,,write-in,3
Steele,County Commissioner By District Steele - District 4,,,Brandon Krueger,215
Steele,County Commissioner By District Steele - District 4,,,write-in,2
Steele,County Commissioner By District Unexpired 2-Year Term Steele - District 5,,,Chris Grandalen,168
Steele,County Commissioner By District Unexpired 2-Year Term Steele - District 5,,,write-in,6
Steele,"Director, Garrison Diversion Conservancy Steele",,,Brandon Krueger,870
Steele,"Director, Garrison Diversion Conservancy Steele",,,write-in,3
Steele,Governor and Lt. Governor,,,Kelly Armstrong and Michelle Strinden,627
Steele,Governor and Lt. Governor,,,Merrill Piepkorn and Patrick Hart,321
Steele,Governor and Lt. Governor,,,Michael (Coach) Coachman and Lydia Gessele,52
Steele,Governor and Lt. Governor,,,write-in,1
Steele,Insurance Commissioner,,,Jon Godfread,831
Steele,Insurance Commissioner,,,write-in,9
Steele,Judge of the District Court No. 6 Unexpired 2-Year Term East Central,,,Nicholas Chase,826
Steele,Judge of the District Court No. 6 Unexpired 2-Year Term East Central,,,write-in,6
Steele,Judge of the District Court No. 8 East Central,,,Daniel Gast,354
Steele,Judge of the District Court No. 8 East Central,,,Ryan Younggren,456
Steele,Judge of the District Court No. 8 East Central,,,write-in,3
Steele,President,,,Harris and Walz,367
Steele,President,,,Oliver and Maat,16
Steele,President,,,Trump and Vance,622
Steele,President,,,write-in,10
Steele,Public Service Commissioner,,,Randy Christmann,634
Steele,Public Service Commissioner,,,Tracey L Wilkie,331
Steele,Public Service Commissioner,,,write-in,2
Steele,Related to constitutional amendments,,,No,609
Steele,Related to constitutional amendments,,,Yes,365
Steele,Related to prohibiting all political subdivisions from levying any tax on real property except for bonded indebtedness until paid,,,No,782
Steele,Related to prohibiting all political subdivisions from levying any tax on real property except for bonded indebtedness until paid,,,Yes,210
Steele,Related to spending and transfers from the legacy fund,,,No,511
Steele,Related to spending and transfers from the legacy fund,,,Yes,424
Steele,Related to terminology describing public institutions,,,No,153
Steele,Related to terminology describing public institutions,,,Yes,837
Steele,Related to the legalization of cannabis and related regulation.,,,No,534
Steele,Related to the legalization of cannabis and related regulation.,,,Yes,463
Steele,State Auditor,,,Joshua C Gallion,619
Steele,State Auditor,,,Timothy C Lamb,358
Steele,State Auditor,,,write-in,1
Steele,State Treasurer,,,Thomas Beadle,835
Steele,State Treasurer,,,write-in,14
Steele,Superintendent of Public Instruction,,,Jason Heitkamp,359
Steele,Superintendent of Public Instruction,,,Kirsten Baesler,571
Steele,Superintendent of Public Instruction,,,write-in,8
Steele,"Supervisor, Soil Conservation District Steele County Soil Conservation District",,,Brandon Roller,929
Steele,"Supervisor, Soil Conservation District Steele County Soil Conservation District",,,write-in,4
Steele,"Supervisor, Soil Conservation District Unexpired 4-Year Term Steele County Soil Conservation District",,,Ryan Lipetzky,873
Steele,"Supervisor, Soil Conservation District Unexpired 4-Year Term Steele County Soil Conservation District",,,write-in,4
Steele,U.S. House,1,,Julie Fedorchak,636
Steele,U.S. House,1,,Trygve Hammer,361
Steele,U.S. House,1,,write-in,2
Steele,U.S. Senate,,,Katrina Christiansen,422
Steele,U.S. Senate,,,Kevin Cramer,585
Steele,U.S. Senate,,,write-in,4
Stutsman,County Commissioner Stutsman,,,George H Barnes,3193
Stutsman,County Commissioner Stutsman,,,Levi Taylor,4274
Stutsman,County Commissioner Stutsman,,,Mike Hansen,3509
Stutsman,County Commissioner Stutsman,,,Paul Belzer,2973
Stutsman,County Commissioner Stutsman,,,write-in,58
Stutsman,County Commissioner Unexpired 2-Year Term Stutsman,,,Amanda Hastings,6836
Stutsman,County Commissioner Unexpired 2-Year Term Stutsman,,,write-in,61
Stutsman,Governor and Lt. Governor,,,Kelly Armstrong and Michelle Strinden,7009
Stutsman,Governor and Lt. Governor,,,Merrill Piepkorn and Patrick Hart,2158
Stutsman,Governor and Lt. Governor,,,Michael (Coach) Coachman and Lydia Gessele,574
Stutsman,Governor and Lt. Governor,,,write-in,10
Stutsman,Insurance Commissioner,,,Jon Godfread,7623
Stutsman,Insurance Commissioner,,,write-in,46
Stutsman,Judge of the District Court No. 3 Southeast,,,Brad Cruff,6984
Stutsman,Judge of the District Court No. 3 Southeast,,,write-in,35
Stutsman,President,,,Harris and Walz,2692
Stutsman,President,,,Oliver and Maat,196
Stutsman,President,,,Trump and Vance,7185
Stutsman,President,,,write-in,61
Stutsman,Public Service Commissioner,,,Randy Christmann,6676
Stutsman,Public Service Commissioner,,,Tracey L Wilkie,2404
Stutsman,Public Service Commissioner,,,write-in,8
Stutsman,Related to constitutional amendments,,,No,4916
Stutsman,Related to constitutional amendments,,,Yes,4012
Stutsman,Related to prohibiting all political subdivisions from levying any tax on real property except for bonded indebtedness until paid,,,No,6600
Stutsman,Related to prohibiting all political subdivisions from levying any tax on real property except for bonded indebtedness until paid,,,Yes,3015
Stutsman,Related to spending and transfers from the legacy fund,,,No,4291
Stutsman,Related to spending and transfers from the legacy fund,,,Yes,4324
Stutsman,Related to terminology describing public institutions,,,No,1565
Stutsman,Related to terminology describing public institutions,,,Yes,8023
Stutsman,Related to the legalization of cannabis and related regulation.,,,No,5503
Stutsman,Related to the legalization of cannabis and related regulation.,,,Yes,4393
Stutsman,State Auditor,,,Joshua C Gallion,6588
Stutsman,State Auditor,,,Timothy C Lamb,2605
Stutsman,State Auditor,,,write-in,9
Stutsman,State House,12,,Bernie Satrom,4360
Stutsman,State House,12,,Mitch Ostlie,4376
Stutsman,State House,12,,write-in,94
Stutsman,State Senate,12,,Cole Conley,4417
Stutsman,State Senate,12,,Olivia Schloegel,2183
Stutsman,State Senate,12,,write-in,13
Stutsman,State Treasurer,,,Thomas Beadle,7725
Stutsman,State Treasurer,,,write-in,53
Stutsman,Superintendent of Public Instruction,,,Jason Heitkamp,3396
Stutsman,Superintendent of Public Instruction,,,Kirsten Baesler,4739
Stutsman,Superintendent of Public Instruction,,,write-in,23
Stutsman,"Supervisor, Soil Conservation District Stutsman County Soil Conservation County",,,Robert Hess,6912
Stutsman,"Supervisor, Soil Conservation District Stutsman County Soil Conservation County",,,write-in,28
Stutsman,U.S. House,1,,Julie Fedorchak,7056
Stutsman,U.S. House,1,,Trygve Hammer,2633
Stutsman,U.S. House,1,,write-in,22
Stutsman,U.S. Senate,,,Katrina Christiansen,3171
Stutsman,U.S. Senate,,,Kevin Cramer,6771
Stutsman,U.S. Senate,,,write-in,16
Towner,County Commissioner Towner - District 1,,,Lance Teubner,729
Towner,County Commissioner Towner - District 1,,,Todd Klingenberg,350
Towner,County Commissioner Towner - District 1,,,write-in,2
Towner,County Commissioner Towner - District 3,,,Bob Hallaway,908
Towner,County Commissioner Towner - District 3,,,write-in,27
Towner,County Commissioner Towner - District 5,,,Matthew Odermann,948
Towner,County Commissioner Towner - District 5,,,write-in,9
Towner,Governor and Lt. Governor,,,Kelly Armstrong and Michelle Strinden,804
Towner,Governor and Lt. Governor,,,Merrill Piepkorn and Patrick Hart,244
Towner,Governor and Lt. Governor,,,Michael (Coach) Coachman and Lydia Gessele,58
Towner,Governor and Lt. Governor,,,write-in,1
Towner,Insurance Commissioner,,,Jon Godfread,932
Towner,Insurance Commissioner,,,write-in,2
Towner,Judge of the District Court No. 2 Northeast,,,Michael Hurly,916
Towner,Judge of the District Court No. 2 Northeast,,,write-in,14
Towner,Judge of the District Court No. 5 Unexpired 4-Year Term Northeast,,,Kari M Agotness,903
Towner,Judge of the District Court No. 5 Unexpired 4-Year Term Northeast,,,write-in,8
Towner,Judge of the District Court No. 6 Northeast,,,Barbara L Whelan,891
Towner,Judge of the District Court No. 6 Northeast,,,write-in,6
Towner,President,,,Harris and Walz,289
Towner,President,,,Oliver and Maat,25
Towner,President,,,Trump and Vance,796
Towner,President,,,write-in,4
Towner,Public Service Commissioner,,,Randy Christmann,795
Towner,Public Service Commissioner,,,Tracey L Wilkie,274
Towner,Public Service Commissioner,,,write-in,0
Towner,Related to constitutional amendments,,,No,668
Towner,Related to constitutional amendments,,,Yes,389
Towner,Related to prohibiting all political subdivisions from levying any tax on real property except for bonded indebtedness until paid,,,No,888
Towner,Related to prohibiting all political subdivisions from levying any tax on real property except for bonded indebtedness until paid,,,Yes,215
Towner,Related to spending and transfers from the legacy fund,,,No,602
Towner,Related to spending and transfers from the legacy fund,,,Yes,415
Towner,Related to terminology describing public institutions,,,No,222
Towner,Related to terminology describing public institutions,,,Yes,869
Towner,Related to the legalization of cannabis and related regulation.,,,No,709
Towner,Related to the legalization of cannabis and related regulation.,,,Yes,402
Towner,State Auditor,,,Joshua C Gallion,764
Towner,State Auditor,,,Timothy C Lamb,308
Towner,State Auditor,,,write-in,0
Towner,State House Unexpired 2-Year Term,15,,Donna Henderson,587
Towner,State House Unexpired 2-Year Term,15,,Kathy Frelich,720
Towner,State House Unexpired 2-Year Term,15,,write-in,9
Towner,State Senate Unexpired 2-Year Term,15,,Kent Weston,924
Towner,State Senate Unexpired 2-Year Term,15,,write-in,9
Towner,State Treasurer,,,Thomas Beadle,937
Towner,State Treasurer,,,write-in,2
Towner,Superintendent of Public Instruction,,,Jason Heitkamp,450
Towner,Superintendent of Public Instruction,,,Kirsten Baesler,569
Towner,Superintendent of Public Instruction,,,write-in,8
Towner,"Supervisor, Soil Conservation District Towner County Soil Conservation District",,,write-in,104
Towner,U.S. House,1,,Julie Fedorchak,795
Towner,U.S. House,1,,Trygve Hammer,303
Towner,U.S. House,1,,write-in,3
Towner,U.S. Senate,,,Katrina Christiansen,355
Towner,U.S. Senate,,,Kevin Cramer,757
Towner,U.S. Senate,,,write-in,2
Traill,County Commissioner By District Traill - District 2,,,Charlie Moen,286
Traill,County Commissioner By District Traill - District 2,,,Kurt Elliott,529
Traill,County Commissioner By District Traill - District 2,,,write-in,15
Traill,County Commissioner By District Traill - District 4,,,Larry Young,380
Traill,County Commissioner By District Traill - District 4,,,Todd Zimprich,194
Traill,County Commissioner By District Traill - District 4,,,write-in,4
Traill,County Recorder Unexpired 2-Year Term Traill,,,Debra Guest,3256
Traill,County Recorder Unexpired 2-Year Term Traill,,,write-in,49
Traill,Governor and Lt. Governor,,,Kelly Armstrong and Michelle Strinden,2721
Traill,Governor and Lt. Governor,,,Merrill Piepkorn and Patrick Hart,1160
Traill,Governor and Lt. Governor,,,Michael (Coach) Coachman and Lydia Gessele,176
Traill,Governor and Lt. Governor,,,write-in,8
Traill,Insurance Commissioner,,,Jon Godfread,3392
Traill,Insurance Commissioner,,,write-in,32
Traill,Judge of the District Court No. 6 Unexpired 2-Year Term East Central,,,Nicholas Chase,3249
Traill,Judge of the District Court No. 6 Unexpired 2-Year Term East Central,,,write-in,20
Traill,Judge of the District Court No. 8 East Central,,,Daniel Gast,1182
Traill,Judge of the District Court No. 8 East Central,,,Ryan Younggren,1977
Traill,Judge of the District Court No. 8 East Central,,,write-in,17
Traill,President,,,Harris and Walz,1359
Traill,President,,,Oliver and Maat,71
Traill,President,,,Trump and Vance,2650
Traill,President,,,write-in,35
Traill,Public Service Commissioner,,,Randy Christmann,2639
Traill,Public Service Commissioner,,,Tracey L Wilkie,1236
Traill,Public Service Commissioner,,,write-in,6
Traill,Related to constitutional amendments,,,No,2204
Traill,Related to constitutional amendments,,,Yes,1592
Traill,Related to prohibiting all political subdivisions from levying any tax on real property except for bonded indebtedness until paid,,,No,2924
Traill,Related to prohibiting all political subdivisions from levying any tax on real property except for bonded indebtedness until paid,,,Yes,1065
Traill,Related to spending and transfers from the legacy fund,,,No,1947
Traill,Related to spending and transfers from the legacy fund,,,Yes,1736
Traill,Related to terminology describing public institutions,,,No,609
Traill,Related to terminology describing public institutions,,,Yes,3347
Traill,Related to the legalization of cannabis and related regulation.,,,No,2214
Traill,Related to the legalization of cannabis and related regulation.,,,Yes,1837
Traill,State Auditor,,,Joshua C Gallion,2583
Traill,State Auditor,,,Timothy C Lamb,1330
Traill,State Auditor,,,write-in,9
Traill,State House,20,,Jared Curtis Hagert,2232
Traill,State House,20,,Mike Beltz,3017
Traill,State House,20,,write-in,77
Traill,State Senate,20,,John Pederson,1333
Traill,State Senate,20,,Randy D Lemm,2740
Traill,State Senate,20,,write-in,8
Traill,State Treasurer,,,Thomas Beadle,3443
Traill,State Treasurer,,,write-in,34
Traill,Superintendent of Public Instruction,,,Jason Heitkamp,1338
Traill,Superintendent of Public Instruction,,,Kirsten Baesler,2288
Traill,Superintendent of Public Instruction,,,write-in,14
Traill,"Supervisor, Soil Conservation District Traill County Soil Conservation District",,,Randy Rust,3358
Traill,"Supervisor, Soil Conservation District Traill County Soil Conservation District",,,write-in,19
Traill,U.S. House,1,,Julie Fedorchak,2710
Traill,U.S. House,1,,Trygve Hammer,1316
Traill,U.S. House,1,,write-in,10
Traill,U.S. Senate,,,Katrina Christiansen,1489
Traill,U.S. Senate,,,Kevin Cramer,2612
Traill,U.S. Senate,,,write-in,13
Walsh,Governor and Lt. Governor,,,Kelly Armstrong and Michelle Strinden,3305
Walsh,Governor and Lt. Governor,,,Merrill Piepkorn and Patrick Hart,975
Walsh,Governor and Lt. Governor,,,Michael (Coach) Coachman and Lydia Gessele,190
Walsh,Governor and Lt. Governor,,,write-in,12
Walsh,Insurance Commissioner,,,Jon Godfread,3825
Walsh,Insurance Commissioner,,,write-in,40
Walsh,Judge of the District Court No. 2 Northeast,,,Michael Hurly,3659
Walsh,Judge of the District Court No. 2 Northeast,,,write-in,25
Walsh,Judge of the District Court No. 5 Unexpired 4-Year Term Northeast,,,Kari M Agotness,3786
Walsh,Judge of the District Court No. 5 Unexpired 4-Year Term Northeast,,,write-in,25
Walsh,Judge of the District Court No. 6 Northeast,,,Barbara L Whelan,3857
Walsh,Judge of the District Court No. 6 Northeast,,,write-in,71
Walsh,President,,,Harris and Walz,1173
Walsh,President,,,Oliver and Maat,97
Walsh,President,,,Trump and Vance,3186
Walsh,President,,,write-in,40
Walsh,Public Service Commissioner,,,Randy Christmann,3153
Walsh,Public Service Commissioner,,,Tracey L Wilkie,1121
Walsh,Public Service Commissioner,,,write-in,6
Walsh,Related to constitutional amendments,,,No,2436
Walsh,Related to constitutional amendments,,,Yes,1825
Walsh,Related to prohibiting all political subdivisions from levying any tax on real property except for bonded indebtedness until paid,,,No,3055
Walsh,Related to prohibiting all political subdivisions from levying any tax on real property except for bonded indebtedness until paid,,,Yes,1356
Walsh,Related to spending and transfers from the legacy fund,,,No,2243
Walsh,Related to spending and transfers from the legacy fund,,,Yes,1910
Walsh,Related to terminology describing public institutions,,,No,669
Walsh,Related to terminology describing public institutions,,,Yes,3734
Walsh,Related to the legalization of cannabis and related regulation.,,,No,2731
Walsh,Related to the legalization of cannabis and related regulation.,,,Yes,1717
Walsh,State Auditor,,,Joshua C Gallion,3109
Walsh,State Auditor,,,Timothy C Lamb,1250
Walsh,State Auditor,,,write-in,5
Walsh,State House,20,,Jared Curtis Hagert,233
Walsh,State House,20,,Mike Beltz,235
Walsh,State House,20,,write-in,9
Walsh,State Senate,20,,John Pederson,93
Walsh,State Senate,20,,Randy D Lemm,272
Walsh,State Senate,20,,write-in,2
Walsh,State Treasurer,,,Thomas Beadle,3822
Walsh,State Treasurer,,,write-in,38
Walsh,Superintendent of Public Instruction,,,Jason Heitkamp,1486
Walsh,Superintendent of Public Instruction,,,Kirsten Baesler,2662
Walsh,Superintendent of Public Instruction,,,write-in,17
Walsh,U.S. House,1,,Julie Fedorchak,3266
Walsh,U.S. House,1,,Trygve Hammer,1176
Walsh,U.S. House,1,,write-in,11
Walsh,U.S. Senate,,,Katrina Christiansen,1355
Walsh,U.S. Senate,,,Kevin Cramer,3124
Walsh,U.S. Senate,,,write-in,14
Ward,County Commissioner at Large Ward,,,Ashley Gulke Leavitt,7321
Ward,County Commissioner at Large Ward,,,Jedidiah Rader,5959
Ward,County Commissioner at Large Ward,,,Jim Rostad,13951
Ward,County Commissioner at Large Ward,,,Miranda Schuler,11902
Ward,County Commissioner at Large Ward,,,Ron Merritt,13118
Ward,County Commissioner at Large Ward,,,Shelly Weppler,11723
Ward,County Commissioner at Large Ward,,,write-in,334
Ward,Governor and Lt. Governor,,,Kelly Armstrong and Michelle Strinden,20361
Ward,Governor and Lt. Governor,,,Merrill Piepkorn and Patrick Hart,5716
Ward,Governor and Lt. Governor,,,Michael (Coach) Coachman and Lydia Gessele,1877
Ward,Governor and Lt. Governor,,,write-in,56
Ward,Insurance Commissioner,,,Jon Godfread,23846
Ward,Insurance Commissioner,,,write-in,449
Ward,Judge of the District Court No. 3 North Central,,,Richard L Hagar,23359
Ward,Judge of the District Court No. 3 North Central,,,write-in,335
Ward,Judge of the District Court No. 4 North Central,,,Stacy J Louser,23386
Ward,Judge of the District Court No. 4 North Central,,,write-in,363
Ward,President,,,Harris and Walz,7215
Ward,President,,,Oliver and Maat,476
Ward,President,,,Trump and Vance,20635
Ward,President,,,write-in,226
Ward,Public Service Commissioner,,,Randy Christmann,20220
Ward,Public Service Commissioner,,,Tracey L Wilkie,6791
Ward,Public Service Commissioner,,,write-in,61
Ward,Related to constitutional amendments,,,No,15379
Ward,Related to constitutional amendments,,,Yes,11573
Ward,Related to prohibiting all political subdivisions from levying any tax on real property except for bonded indebtedness until paid,,,No,14660
Ward,Related to prohibiting all political subdivisions from levying any tax on real property except for bonded indebtedness until paid,,,Yes,13161
Ward,Related to spending and transfers from the legacy fund,,,No,12001
Ward,Related to spending and transfers from the legacy fund,,,Yes,14265
Ward,Related to terminology describing public institutions,,,No,4229
Ward,Related to terminology describing public institutions,,,Yes,23491
Ward,Related to the legalization of cannabis and related regulation.,,,No,14609
Ward,Related to the legalization of cannabis and related regulation.,,,Yes,13695
Ward,State Auditor,,,Joshua C Gallion,20133
Ward,State Auditor,,,Timothy C Lamb,7109
Ward,State Auditor,,,write-in,58
Ward,State House,38,,Christina Wolff,4919
Ward,State House,38,,Dan Ruby,5009
Ward,State House,38,,Lisa Hermosillo,1713
Ward,State House,38,,write-in,43
Ward,State House,40,,Alexandra Deufel,1441
Ward,State House,40,,Macy Bolinske,2918
Ward,State House,40,,Matthew Ruby,3211
Ward,State House,40,,write-in,35
Ward,State House,4a,,Lisa Finley-DeVille,9
Ward,State House,4a,,Ronald Brugh,16
Ward,State House,4a,,write-in,0
Ward,State House,4b,,Clayton Fegley,1679
Ward,State House,4b,,write-in,21
Ward,State House,6,,Dan Vollmer,410
Ward,State House,6,,Dick Anderson,381
Ward,State House,6,,write-in,12
Ward,State Senate,38,,David Hogue,6183
Ward,State Senate,38,,write-in,137
Ward,State Senate,4,,Chuck Walen,1680
Ward,State Senate,4,,write-in,20
Ward,State Senate,40,,Jose Castaneda,4057
Ward,State Senate,40,,write-in,112
Ward,State Senate,6,,Paul John Thomas,456
Ward,State Senate,6,,Robert Tolar,78
Ward,State Senate,6,,write-in,4
Ward,State Treasurer,,,Thomas Beadle,23984
Ward,State Treasurer,,,write-in,478
Ward,Superintendent of Public Instruction,,,Jason Heitkamp,11001
Ward,Superintendent of Public Instruction,,,Kirsten Baesler,14101
Ward,Superintendent of Public Instruction,,,write-in,214
Ward,"Supervisor, Soil Conservation District Ward County Soil Conservation District",,,David Colby,22770
Ward,"Supervisor, Soil Conservation District Ward County Soil Conservation District",,,write-in,189
Ward,U.S. House,1,,Julie Fedorchak,20457
Ward,U.S. House,1,,Trygve Hammer,7282
Ward,U.S. House,1,,write-in,150
Ward,U.S. Senate,,,Katrina Christiansen,7772
Ward,U.S. Senate,,,Kevin Cramer,20328
Ward,U.S. Senate,,,write-in,113
Ward,United Rural Ambulance District Annexation United Rural Ambulance District,,,No,151
Ward,United Rural Ambulance District Annexation United Rural Ambulance District,,,Yes,636
Wells,County Commissioner Wells - District 1,,,Danny Maxwell,1097
Wells,County Commissioner Wells - District 1,,,Leon Klocke,1035
Wells,County Commissioner Wells - District 1,,,write-in,12
Wells,County Commissioner Wells - District 3,,,Stanley Buxa,1970
Wells,County Commissioner Wells - District 3,,,write-in,30
Wells,County Commissioner Wells - District 5,,,Bryan Lautt,1935
Wells,County Commissioner Wells - District 5,,,write-in,55
Wells,Governor and Lt. Governor,,,Kelly Armstrong and Michelle Strinden,1662
Wells,Governor and Lt. Governor,,,Merrill Piepkorn and Patrick Hart,330
Wells,Governor and Lt. Governor,,,Michael (Coach) Coachman and Lydia Gessele,230
Wells,Governor and Lt. Governor,,,write-in,1
Wells,Insurance Commissioner,,,Jon Godfread,2001
Wells,Insurance Commissioner,,,write-in,15
Wells,Judge of the District Court No. 3 Southeast,,,Brad Cruff,1876
Wells,Judge of the District Court No. 3 Southeast,,,write-in,14
Wells,President,,,Harris and Walz,405
Wells,President,,,Oliver and Maat,22
Wells,President,,,Trump and Vance,1815
Wells,President,,,write-in,11
Wells,Public Service Commissioner,,,Randy Christmann,1783
Wells,Public Service Commissioner,,,Tracey L Wilkie,378
Wells,Public Service Commissioner,,,write-in,1
Wells,Related to constitutional amendments,,,No,1283
Wells,Related to constitutional amendments,,,Yes,883
Wells,Related to prohibiting all political subdivisions from levying any tax on real property except for bonded indebtedness until paid,,,No,1435
Wells,Related to prohibiting all political subdivisions from levying any tax on real property except for bonded indebtedness until paid,,,Yes,796
Wells,Related to spending and transfers from the legacy fund,,,No,1222
Wells,Related to spending and transfers from the legacy fund,,,Yes,914
Wells,Related to terminology describing public institutions,,,No,547
Wells,Related to terminology describing public institutions,,,Yes,1650
Wells,Related to the legalization of cannabis and related regulation.,,,No,1503
Wells,Related to the legalization of cannabis and related regulation.,,,Yes,746
Wells,State Auditor,,,Joshua C Gallion,1761
Wells,State Auditor,,,Timothy C Lamb,405
Wells,State Auditor,,,write-in,2
Wells,State House,14,,Cathy Jelsing,395
Wells,State House,14,,Jessica Hawkes,399
Wells,State House,14,,Jon Nelson,1586
Wells,State House,14,,Robin Weisz,1646
Wells,State House,14,,write-in,32
Wells,State Senate,14,,Jerry Klein,1777
Wells,State Senate,14,,Mark Nelson,419
Wells,State Senate,14,,write-in,16
Wells,State Treasurer,,,Thomas Beadle,1995
Wells,State Treasurer,,,write-in,17
Wells,Superintendent of Public Instruction,,,Jason Heitkamp,986
Wells,Superintendent of Public Instruction,,,Kirsten Baesler,1096
Wells,Superintendent of Public Instruction,,,write-in,13
Wells,"Supervisor, Soil Conservation District Wells County Soil Conservation District",,,Eric Lies,1950
Wells,"Supervisor, Soil Conservation District Wells County Soil Conservation District",,,write-in,24
Wells,U.S. House,1,,Julie Fedorchak,1746
Wells,U.S. House,1,,Trygve Hammer,439
Wells,U.S. House,1,,write-in,23
Wells,U.S. Senate,,,Katrina Christiansen,537
Wells,U.S. Senate,,,Kevin Cramer,1690
Wells,U.S. Senate,,,write-in,13
Williams,Abolish Williams County Weather Modification Authority 53 - Williams,,,No,3987
Williams,Abolish Williams County Weather Modification Authority 53 - Williams,,,Yes,10152
Williams,County Commissioner By District Williams - District 2,,,Steve Kemp,2401
Williams,County Commissioner By District Williams - District 2,,,write-in,32
Williams,County Commissioner By District Williams - District 4,,,Chris Walstad,2361
Williams,County Commissioner By District Williams - District 4,,,write-in,44
Williams,"Director, Garrison Diversion Conservancy Williams",,,Roger Gunlikson,11582
Williams,"Director, Garrison Diversion Conservancy Williams",,,write-in,110
Williams,Governor and Lt. Governor,,,Kelly Armstrong and Michelle Strinden,11669
Williams,Governor and Lt. Governor,,,Merrill Piepkorn and Patrick Hart,1802
Williams,Governor and Lt. Governor,,,Michael (Coach) Coachman and Lydia Gessele,1147
Williams,Governor and Lt. Governor,,,write-in,29
Williams,Insurance Commissioner,,,Jon Godfread,12893
Williams,Insurance Commissioner,,,write-in,111
Williams,President,,,Harris and Walz,2276
Williams,President,,,Oliver and Maat,233
Williams,President,,,Trump and Vance,12501
Williams,President,,,write-in,112
Williams,Public Service Commissioner,,,Randy Christmann,11828
Williams,Public Service Commissioner,,,Tracey L Wilkie,2133
Williams,Public Service Commissioner,,,write-in,39
Williams,Related to constitutional amendments,,,No,6095
Williams,Related to constitutional amendments,,,Yes,7368
Williams,Related to prohibiting all political subdivisions from levying any tax on real property except for bonded indebtedness until paid,,,No,7706
Williams,Related to prohibiting all political subdivisions from levying any tax on real property except for bonded indebtedness until paid,,,Yes,6472
Williams,Related to spending and transfers from the legacy fund,,,No,5561
Williams,Related to spending and transfers from the legacy fund,,,Yes,7560
Williams,Related to terminology describing public institutions,,,No,2461
Williams,Related to terminology describing public institutions,,,Yes,11832
Williams,Related to the legalization of cannabis and related regulation.,,,No,7006
Williams,Related to the legalization of cannabis and related regulation.,,,Yes,7651
Williams,State Auditor,,,Joshua C Gallion,11983
Williams,State Auditor,,,Timothy C Lamb,2218
Williams,State Auditor,,,write-in,35
Williams,State House,2,,Bert Anderson,2969
Williams,State House,2,,Betty L Dhuyvetter,521
Williams,State House,2,,Donald Longmuir,2967
Williams,State House,2,,Gene Nygaard,524
Williams,State House,2,,write-in,37
Williams,State House Unexpired 2-Year Term,23,,Dennis Nehring,3892
Williams,State House Unexpired 2-Year Term,23,,Mark Casler,735
Williams,State House Unexpired 2-Year Term,23,,write-in,22
Williams,State Senate,2,,Mark Enget,3470
Williams,State Senate,2,,Rosemary Tanberg,519
Williams,State Senate,2,,write-in,13
Williams,State Treasurer,,,Thomas Beadle,12982
Williams,State Treasurer,,,write-in,119
Williams,Superintendent of Public Instruction,,,Jason Heitkamp,5259
Williams,Superintendent of Public Instruction,,,Kirsten Baesler,7019
Williams,Superintendent of Public Instruction,,,write-in,123
Williams,"Supervisor, Soil Conservation District Williams County Soil Conservation District",,,TJ Halverson,11880
Williams,"Supervisor, Soil Conservation District Williams County Soil Conservation District",,,write-in,113
Williams,U.S. House,1,,Julie Fedorchak,12185
Williams,U.S. House,1,,Trygve Hammer,2305
Williams,U.S. House,1,,write-in,77
Williams,U.S. Senate,,,Katrina Christiansen,2542
Williams,U.S. Senate,,,Kevin Cramer,12156
Williams,U.S. Senate,,,write-in,70
