county,office,district,party,candidate,votes
Adams,Agriculture Commissioner,,DEM,Jim Dotzenrod,141
Adams,Agriculture Commissioner,,DEM,write-in,0
Adams,Agriculture Commissioner,,LIB,write-in,0
Adams,Agriculture Commissioner,,REP,Doug Goehring,434
Adams,Agriculture Commissioner,,REP,write-in,1
Adams,Attorney General,,DEM,David Clark Thompson,137
Adams,Attorney General,,DEM,write-in,0
Adams,Attorney General,,LIB,write-in,0
Adams,Attorney General,,REP,Wayne Stenehjem,441
Adams,Attorney General,,REP,write-in,1
Adams,Council Member Hettinger,,NON,Curt Drolc,205
Adams,Council Member Hettinger,,NON,James Lindquist,223
Adams,Council Member Hettinger,,NON,LeAnn Fitch,185
Adams,Council Member Hettinger,,NON,write-in,1
Adams,County Auditor/Treasurer Adams,,NON,Krista Faller,579
Adams,County Auditor/Treasurer Adams,,NON,write-in,21
Adams,County Commissioner at Large Adams,,NON,Donald Evans,88
Adams,County Commissioner at Large Adams,,NON,Eugene Molbert,179
Adams,County Commissioner at Large Adams,,NON,Kevin Pagel,359
Adams,County Commissioner at Large Adams,,NON,write-in,14
Adams,County Official Newspaper Adams,,NON,The Adams County Record,571
Adams,County Recorder Adams,,NON,Deborah Markegard,598
Adams,County Recorder Adams,,NON,write-in,1
Adams,County Sheriff Adams,,NON,Travis Collins,546
Adams,County Sheriff Adams,,NON,write-in,26
Adams,County State's Attorney Adams,,NON,Aaron Roseland,528
Adams,County State's Attorney Adams,,NON,write-in,29
Adams,Judge of the District Court No. 1 Southwest,,NON,James D Gion,586
Adams,Judge of the District Court No. 1 Southwest,,NON,write-in,1
Adams,Judge of the District Court No. 3 Southwest,,NON,Dann Greenwood,560
Adams,Judge of the District Court No. 3 Southwest,,NON,write-in,3
Adams,Judge of the District Court No. 4 Unexpired 4-Year Term Southwest,,NON,Rhonda R Ehlis,557
Adams,Judge of the District Court No. 4 Unexpired 4-Year Term Southwest,,NON,write-in,1
Adams,Justice of the Supreme Court,,NON,Lisa Fair McEvers,292
Adams,Justice of the Supreme Court,,NON,Robert V Bolinske Sr,239
Adams,Justice of the Supreme Court,,NON,write-in,0
Adams,Mayor Hettinger,,NON,Shawn Hanna,117
Adams,Mayor Hettinger,,NON,write-in,200
Adams,Park Board Member Hettinger Park,,NON,Chris Parnow,311
Adams,Park Board Member Hettinger Park,,NON,Cody Bentsen,248
Adams,Park Board Member Hettinger Park,,NON,write-in,95
Adams,Public Service Commissioner,,DEM,Jean Brandt,140
Adams,Public Service Commissioner,,DEM,write-in,0
Adams,Public Service Commissioner,,LIB,write-in,0
Adams,Public Service Commissioner,,REP,Randy Christmann,427
Adams,Public Service Commissioner,,REP,write-in,1
Adams,Public Service Commissioner Unexpired 2-Year Term,,DEM,Casey Buchmann,140
Adams,Public Service Commissioner Unexpired 2-Year Term,,DEM,write-in,0
Adams,Public Service Commissioner Unexpired 2-Year Term,,LIB,write-in,0
Adams,Public Service Commissioner Unexpired 2-Year Term,,REP,Brian K Kroshus,411
Adams,Public Service Commissioner Unexpired 2-Year Term,,REP,write-in,2
Adams,School Board Member Hettinger School,,NON,Eric Andress,524
Adams,School Board Member Hettinger School,,NON,write-in,13
Adams,Secretary of State,,DEM,Josh Boschee,145
Adams,Secretary of State,,DEM,write-in,0
Adams,Secretary of State,,LIB,Roland Riemers,0
Adams,Secretary of State,,LIB,write-in,0
Adams,Secretary of State,,REP,Will Gardner,389
Adams,Secretary of State,,REP,write-in,25
Adams,State House,39,DEM,write-in,4
Adams,State House,39,LIB,write-in,0
Adams,State House,39,REP,Denton Zubke,280
Adams,State House,39,REP,Keith Kempenich,376
Adams,State House,39,REP,write-in,1
Adams,State Senate,39,DEM,write-in,10
Adams,State Senate,39,LIB,write-in,0
Adams,State Senate,39,REP,Dale Patten,414
Adams,State Senate,39,REP,write-in,2
Adams,Tax Commissioner,,DEM,Kylie Oversen,144
Adams,Tax Commissioner,,DEM,write-in,0
Adams,Tax Commissioner,,LIB,write-in,0
Adams,Tax Commissioner,,REP,Ryan Rauschenberger,422
Adams,Tax Commissioner,,REP,write-in,0
Adams,U.S. House,1,DEM,Mac Schneider,145
Adams,U.S. House,1,DEM,write-in,0
Adams,U.S. House,1,LIB,write-in,0
Adams,U.S. House,1,REP,Kelly Armstrong,227
Adams,U.S. House,1,REP,Paul J Schaffner,50
Adams,U.S. House,1,REP,Tiffany Abentroth,37
Adams,U.S. House,1,REP,Tom Campbell,121
Adams,U.S. House,1,REP,write-in,0
Adams,U.S. Senate,,DEM,Heidi Heitkamp,159
Adams,U.S. Senate,,DEM,write-in,0
Adams,U.S. Senate,,LIB,write-in,0
Adams,U.S. Senate,,REP,Kevin Cramer,420
Adams,U.S. Senate,,REP,"Thomas E O""Neill",55
Adams,U.S. Senate,,REP,write-in,0
Barnes,Agriculture Commissioner,,DEM,Jim Dotzenrod,912
Barnes,Agriculture Commissioner,,DEM,write-in,3
Barnes,Agriculture Commissioner,,LIB,write-in,1
Barnes,Agriculture Commissioner,,REP,Doug Goehring,1222
Barnes,Agriculture Commissioner,,REP,write-in,0
Barnes,Alderperson Dazey,,NON,Diane Haugen,19
Barnes,Alderperson Dazey,,NON,Jacob Piatz,16
Barnes,Alderperson Dazey,,NON,write-in,2
Barnes,Alderperson Fingal,,NON,Dana Olson,10
Barnes,Alderperson Fingal,,NON,Lyle Behm,9
Barnes,Alderperson Fingal,,NON,write-in,0
Barnes,Alderperson Kathryn,,NON,David Majerus,13
Barnes,Alderperson Kathryn,,NON,Howard Larson,14
Barnes,Alderperson Kathryn,,NON,Richard Ray,17
Barnes,Alderperson Kathryn,,NON,Ron Kruger,21
Barnes,Alderperson Kathryn,,NON,write-in,25
Barnes,Alderperson Leal,,NON,write-in,7
Barnes,Alderperson Litchville,,NON,write-in,37
Barnes,Alderperson Nome,,NON,Charlene Shrock,9
Barnes,Alderperson Nome,,NON,write-in,5
Barnes,Alderperson Oriska,,NON,write-in,22
Barnes,Alderperson Pillsbury,,NON,write-in,2
Barnes,Alderperson Rogers,,NON,Gordon Johnson,12
Barnes,Alderperson Rogers,,NON,write-in,10
Barnes,Alderperson Sanborn,,NON,write-in,30
Barnes,Alderperson Sibley,,NON,David J Blaser,10
Barnes,Alderperson Sibley,,NON,Myron Brager,5
Barnes,Alderperson Sibley,,NON,write-in,3
Barnes,Alderperson Wimbledon,,NON,Steven Guscette,22
Barnes,Alderperson Wimbledon,,NON,write-in,12
Barnes,Attorney General,,DEM,David Clark Thompson,906
Barnes,Attorney General,,DEM,write-in,4
Barnes,Attorney General,,LIB,write-in,1
Barnes,Attorney General,,REP,Wayne Stenehjem,1206
Barnes,Attorney General,,REP,write-in,6
Barnes,Commissioner Valley City,,NON,Corey Neseth,642
Barnes,Commissioner Valley City,,NON,Duane Magnuson,944
Barnes,Commissioner Valley City,,NON,Jeffrey Erickson,683
Barnes,Commissioner Valley City,,NON,write-in,397
Barnes,County Auditor Barnes,,NON,Beth M Didier,2200
Barnes,County Auditor Barnes,,NON,write-in,14
Barnes,County Commissioner Barnes - District 2,,NON,Shawn Olauson,377
Barnes,County Commissioner Barnes - District 2,,NON,write-in,7
Barnes,County Commissioner Barnes - District 3,,NON,Bill Carlblom,266
Barnes,County Commissioner Barnes - District 3,,NON,Eldred Knutson,157
Barnes,County Commissioner Barnes - District 3,,NON,write-in,1
Barnes,County Commissioner Barnes - District 4,,NON,Erik Sand,59
Barnes,County Commissioner Barnes - District 4,,NON,Marcy Svenningsen,215
Barnes,County Commissioner Barnes - District 4,,NON,Terence R Brock,45
Barnes,County Commissioner Barnes - District 4,,NON,Vicky Lovell,148
Barnes,County Commissioner Barnes - District 4,,NON,write-in,0
Barnes,County Measure 1 02 - Barnes,,,No,459
Barnes,County Measure 1 02 - Barnes,,,Yes,1819
Barnes,County Official Newspaper Barnes,,NON,The Litchville Bulletin,426
Barnes,County Official Newspaper Barnes,,NON,Valley City Times Record,2026
Barnes,County Recorder Barnes,,NON,Jody Pfaff,2190
Barnes,County Recorder Barnes,,NON,write-in,5
Barnes,County Sheriff Barnes,,NON,Randy McClaflin,1732
Barnes,County Sheriff Barnes,,NON,Sue Maresh Lloyd,732
Barnes,County Sheriff Barnes,,NON,write-in,2
Barnes,County State's Attorney Barnes,,NON,Carl L Martineck,1877
Barnes,County State's Attorney Barnes,,NON,write-in,194
Barnes,County Treasurer Barnes,,NON,Vicki Zinck Metcalf,2163
Barnes,County Treasurer Barnes,,NON,write-in,24
Barnes,Judge of the District Court No. 3 Southeast,,NON,Brad Cruff,2232
Barnes,Judge of the District Court No. 3 Southeast,,NON,write-in,6
Barnes,Justice of the Supreme Court,,NON,Lisa Fair McEvers,1307
Barnes,Justice of the Supreme Court,,NON,Robert V Bolinske Sr,714
Barnes,Justice of the Supreme Court,,NON,write-in,0
Barnes,Mayor Fingal,,NON,John Behm,8
Barnes,Mayor Fingal,,NON,write-in,2
Barnes,Mayor Kathryn,,NON,Daniel Vis,13
Barnes,Mayor Kathryn,,NON,DelRay Trzpuc,19
Barnes,Mayor Kathryn,,NON,write-in,0
Barnes,Mayor Oriska,,NON,write-in,19
Barnes,Mayor Pillsbury,,NON,write-in,1
Barnes,Mayor Valley City,,NON,Dave Carlsrud,1105
Barnes,Mayor Valley City,,NON,write-in,352
Barnes,Mayor Wimbledon,,NON,Roger E Pickar,26
Barnes,Mayor Wimbledon,,NON,write-in,0
Barnes,Park Board Member Litchville Park,,NON,write-in,32
Barnes,Park Board Member Sanborn Park,,NON,write-in,23
Barnes,Park Board Member Valley City Park,,NON,Jenni Lou Russi,685
Barnes,Park Board Member Valley City Park,,NON,Michael Lentz,859
Barnes,Park Board Member Valley City Park,,NON,Susan Kringlie,1089
Barnes,Park Board Member Valley City Park,,NON,William Murray,992
Barnes,Park Board Member Valley City Park,,NON,write-in,215
Barnes,Public Service Commissioner,,DEM,Jean Brandt,914
Barnes,Public Service Commissioner,,DEM,write-in,1
Barnes,Public Service Commissioner,,LIB,write-in,1
Barnes,Public Service Commissioner,,REP,Randy Christmann,1181
Barnes,Public Service Commissioner,,REP,write-in,3
Barnes,Public Service Commissioner Unexpired 2-Year Term,,DEM,Casey Buchmann,908
Barnes,Public Service Commissioner Unexpired 2-Year Term,,DEM,write-in,2
Barnes,Public Service Commissioner Unexpired 2-Year Term,,LIB,write-in,1
Barnes,Public Service Commissioner Unexpired 2-Year Term,,REP,Brian K Kroshus,1175
Barnes,Public Service Commissioner Unexpired 2-Year Term,,REP,write-in,1
Barnes,Secretary of State,,DEM,Josh Boschee,927
Barnes,Secretary of State,,DEM,write-in,1
Barnes,Secretary of State,,LIB,Roland Riemers,4
Barnes,Secretary of State,,LIB,write-in,0
Barnes,Secretary of State,,REP,Will Gardner,1075
Barnes,Secretary of State,,REP,write-in,61
Barnes,Tax Commissioner,,DEM,Kylie Oversen,915
Barnes,Tax Commissioner,,DEM,write-in,1
Barnes,Tax Commissioner,,LIB,write-in,1
Barnes,Tax Commissioner,,REP,Ryan Rauschenberger,1160
Barnes,Tax Commissioner,,REP,write-in,2
Barnes,U.S. House,1,DEM,Mac Schneider,939
Barnes,U.S. House,1,DEM,write-in,2
Barnes,U.S. House,1,LIB,write-in,1
Barnes,U.S. House,1,REP,Kelly Armstrong,661
Barnes,U.S. House,1,REP,Paul J Schaffner,113
Barnes,U.S. House,1,REP,Tiffany Abentroth,133
Barnes,U.S. House,1,REP,Tom Campbell,365
Barnes,U.S. House,1,REP,write-in,0
Barnes,U.S. Senate,,DEM,Heidi Heitkamp,1017
Barnes,U.S. Senate,,DEM,write-in,3
Barnes,U.S. Senate,,LIB,write-in,1
Barnes,U.S. Senate,,REP,Kevin Cramer,1156
Barnes,U.S. Senate,,REP,"Thomas E O""Neill",182
Barnes,U.S. Senate,,REP,write-in,0
Benson,Agriculture Commissioner,,DEM,Jim Dotzenrod,309
Benson,Agriculture Commissioner,,DEM,write-in,1
Benson,Agriculture Commissioner,,LIB,write-in,0
Benson,Agriculture Commissioner,,REP,Doug Goehring,395
Benson,Agriculture Commissioner,,REP,write-in,0
Benson,Attorney General,,DEM,David Clark Thompson,307
Benson,Attorney General,,DEM,write-in,0
Benson,Attorney General,,LIB,write-in,0
Benson,Attorney General,,REP,Wayne Stenehjem,393
Benson,Attorney General,,REP,write-in,1
Benson,County Auditor/Treasurer Benson,,NON,Bonnie (Howard) Erickson,741
Benson,County Auditor/Treasurer Benson,,NON,write-in,14
Benson,County Clerk of District Court Benson,,NON,Lana K. Johnson,753
Benson,County Clerk of District Court Benson,,NON,write-in,1
Benson,County Commissioner At Large Benson - District 1,,NON,Lowell Haagenson,359
Benson,County Commissioner At Large Benson - District 1,,NON,Ron Stadum,426
Benson,County Commissioner At Large Benson - District 1,,NON,write-in,0
Benson,County Commissioner At Large Benson - District 3,,NON,Doris M. Griffin,447
Benson,County Commissioner At Large Benson - District 3,,NON,Jason Knatterud,338
Benson,County Commissioner At Large Benson - District 3,,NON,write-in,0
Benson,County Commissioner At Large Benson - District 5,,NON,Gary Elfman,370
Benson,County Commissioner At Large Benson - District 5,,NON,Michael N. Steffan,397
Benson,County Commissioner At Large Benson - District 5,,NON,write-in,1
Benson,County Official Newspaper Benson,,NON,Benson County Farmers Press,686
Benson,County Recorder Benson,,NON,Rhoda Pfeifer,737
Benson,County Recorder Benson,,NON,write-in,0
Benson,County Sheriff Benson,,NON,Alex Ertelt,269
Benson,County Sheriff Benson,,NON,Steven J. Rohrer,531
Benson,County Sheriff Benson,,NON,write-in,11
Benson,County State's Attorney Benson,,NON,James P Wang,687
Benson,County State's Attorney Benson,,NON,write-in,14
Benson,"Director, Garrison Diversion Conservancy Benson",,NON,David B. Johnson,724
Benson,"Director, Garrison Diversion Conservancy Benson",,NON,write-in,1
Benson,Judge of the District Court No. 3 Unexpired 2-Year Term Northeast,,NON,Anthony Swain Benson,665
Benson,Judge of the District Court No. 3 Unexpired 2-Year Term Northeast,,NON,write-in,1
Benson,Justice of the Supreme Court,,NON,Lisa Fair McEvers,437
Benson,Justice of the Supreme Court,,NON,Robert V Bolinske Sr,258
Benson,Justice of the Supreme Court,,NON,write-in,0
Benson,Public Service Commissioner,,DEM,Jean Brandt,310
Benson,Public Service Commissioner,,DEM,write-in,1
Benson,Public Service Commissioner,,LIB,write-in,0
Benson,Public Service Commissioner,,REP,Randy Christmann,384
Benson,Public Service Commissioner,,REP,write-in,0
Benson,Public Service Commissioner Unexpired 2-Year Term,,DEM,Casey Buchmann,309
Benson,Public Service Commissioner Unexpired 2-Year Term,,DEM,write-in,0
Benson,Public Service Commissioner Unexpired 2-Year Term,,LIB,write-in,0
Benson,Public Service Commissioner Unexpired 2-Year Term,,REP,Brian K Kroshus,382
Benson,Public Service Commissioner Unexpired 2-Year Term,,REP,write-in,0
Benson,Secretary of State,,DEM,Josh Boschee,309
Benson,Secretary of State,,DEM,write-in,1
Benson,Secretary of State,,LIB,Roland Riemers,0
Benson,Secretary of State,,LIB,write-in,1
Benson,Secretary of State,,REP,Will Gardner,351
Benson,Secretary of State,,REP,write-in,15
Benson,State House,23,DEM,Cathy Swenson,94
Benson,State House,23,DEM,Jessica Dillon Hawkes,81
Benson,State House,23,DEM,write-in,1
Benson,State House,23,LIB,write-in,0
Benson,State House,23,REP,Bill Devlin,102
Benson,State House,23,REP,Don Vigesaa,109
Benson,State House,23,REP,write-in,0
Benson,State Senate,23,DEM,Joan Heckaman,122
Benson,State Senate,23,DEM,write-in,0
Benson,State Senate,23,LIB,write-in,0
Benson,State Senate,23,REP,Judy Estenson,117
Benson,State Senate,23,REP,write-in,2
Benson,Tax Commissioner,,DEM,Kylie Oversen,310
Benson,Tax Commissioner,,DEM,write-in,0
Benson,Tax Commissioner,,LIB,write-in,0
Benson,Tax Commissioner,,REP,Ryan Rauschenberger,384
Benson,Tax Commissioner,,REP,write-in,0
Benson,U.S. House,1,DEM,Mac Schneider,320
Benson,U.S. House,1,DEM,write-in,0
Benson,U.S. House,1,LIB,write-in,0
Benson,U.S. House,1,REP,Kelly Armstrong,239
Benson,U.S. House,1,REP,Paul J Schaffner,36
Benson,U.S. House,1,REP,Tiffany Abentroth,37
Benson,U.S. House,1,REP,Tom Campbell,111
Benson,U.S. House,1,REP,write-in,0
Benson,U.S. Senate,,DEM,Heidi Heitkamp,339
Benson,U.S. Senate,,DEM,write-in,2
Benson,U.S. Senate,,LIB,write-in,0
Benson,U.S. Senate,,REP,Kevin Cramer,378
Benson,U.S. Senate,,REP,"Thomas E O""Neill",62
Benson,U.S. Senate,,REP,write-in,0
Billings,Agriculture Commissioner,,DEM,Jim Dotzenrod,38
Billings,Agriculture Commissioner,,DEM,write-in,0
Billings,Agriculture Commissioner,,LIB,write-in,0
Billings,Agriculture Commissioner,,REP,Doug Goehring,273
Billings,Agriculture Commissioner,,REP,write-in,0
Billings,Attorney General,,DEM,David Clark Thompson,35
Billings,Attorney General,,DEM,write-in,0
Billings,Attorney General,,LIB,write-in,0
Billings,Attorney General,,REP,Wayne Stenehjem,274
Billings,Attorney General,,REP,write-in,2
Billings,County Auditor/Treasurer Billings,,NON,Marcia D Lamb,308
Billings,County Auditor/Treasurer Billings,,NON,write-in,6
Billings,County Commissioner Billings - District 2,,NON,John J Kessel,125
Billings,County Commissioner Billings - District 2,,NON,Michael E Kasian,197
Billings,County Commissioner Billings - District 2,,NON,write-in,8
Billings,County Official Newspaper Billings,,NON,Billings County Pioneer,314
Billings,County Recorder/Clerk of District Court Billings,,NON,Christine Johnson,313
Billings,County Recorder/Clerk of District Court Billings,,NON,write-in,3
Billings,County Sheriff Billings,,NON,Patrick J Rummel,308
Billings,County Sheriff Billings,,NON,write-in,15
Billings,Judge of the District Court No. 1 Southwest,,NON,James D Gion,286
Billings,Judge of the District Court No. 1 Southwest,,NON,write-in,1
Billings,Judge of the District Court No. 3 Southwest,,NON,Dann Greenwood,296
Billings,Judge of the District Court No. 3 Southwest,,NON,write-in,2
Billings,Judge of the District Court No. 4 Unexpired 4-Year Term Southwest,,NON,Rhonda R Ehlis,293
Billings,Judge of the District Court No. 4 Unexpired 4-Year Term Southwest,,NON,write-in,2
Billings,Justice of the Supreme Court,,NON,Lisa Fair McEvers,153
Billings,Justice of the Supreme Court,,NON,Robert V Bolinske Sr,141
Billings,Justice of the Supreme Court,,NON,write-in,0
Billings,Public Service Commissioner,,DEM,Jean Brandt,34
Billings,Public Service Commissioner,,DEM,write-in,0
Billings,Public Service Commissioner,,LIB,write-in,0
Billings,Public Service Commissioner,,REP,Randy Christmann,265
Billings,Public Service Commissioner,,REP,write-in,0
Billings,Public Service Commissioner Unexpired 2-Year Term,,DEM,Casey Buchmann,36
Billings,Public Service Commissioner Unexpired 2-Year Term,,DEM,write-in,0
Billings,Public Service Commissioner Unexpired 2-Year Term,,LIB,write-in,0
Billings,Public Service Commissioner Unexpired 2-Year Term,,REP,Brian K Kroshus,260
Billings,Public Service Commissioner Unexpired 2-Year Term,,REP,write-in,0
Billings,School Board Member 2 Year Billings County School District #1,,NON,Eric James Bock,299
Billings,School Board Member 2 Year Billings County School District #1,,NON,write-in,7
Billings,School Board Member 4 Year Billings County School District #1,,NON,Anita Adams,199
Billings,School Board Member 4 Year Billings County School District #1,,NON,Clarence Benjamin Sitter,119
Billings,School Board Member 4 Year Billings County School District #1,,NON,write-in,2
Billings,Secretary of State,,DEM,Josh Boschee,37
Billings,Secretary of State,,DEM,write-in,0
Billings,Secretary of State,,LIB,Roland Riemers,4
Billings,Secretary of State,,LIB,write-in,0
Billings,Secretary of State,,REP,Will Gardner,218
Billings,Secretary of State,,REP,write-in,15
Billings,Shall the Billings County School District be required to spend general fund monies to publish minutes of its board meetings? Billings County School District #1,,,No,67
Billings,Shall the Billings County School District be required to spend general fund monies to publish minutes of its board meetings? Billings County School District #1,,,Yes,262
Billings,State House,39,DEM,write-in,7
Billings,State House,39,LIB,write-in,0
Billings,State House,39,REP,Denton Zubke,184
Billings,State House,39,REP,Keith Kempenich,209
Billings,State House,39,REP,write-in,1
Billings,State Senate,39,DEM,write-in,1
Billings,State Senate,39,LIB,write-in,0
Billings,State Senate,39,REP,Dale Patten,261
Billings,State Senate,39,REP,write-in,1
Billings,Tax Commissioner,,DEM,Kylie Oversen,37
Billings,Tax Commissioner,,DEM,write-in,0
Billings,Tax Commissioner,,LIB,write-in,0
Billings,Tax Commissioner,,REP,Ryan Rauschenberger,260
Billings,Tax Commissioner,,REP,write-in,2
Billings,U.S. House,1,DEM,Mac Schneider,38
Billings,U.S. House,1,DEM,write-in,0
Billings,U.S. House,1,LIB,write-in,0
Billings,U.S. House,1,REP,Kelly Armstrong,218
Billings,U.S. House,1,REP,Paul J Schaffner,2
Billings,U.S. House,1,REP,Tiffany Abentroth,20
Billings,U.S. House,1,REP,Tom Campbell,37
Billings,U.S. House,1,REP,write-in,0
Billings,U.S. Senate,,DEM,Heidi Heitkamp,45
Billings,U.S. Senate,,DEM,write-in,0
Billings,U.S. Senate,,LIB,write-in,0
Billings,U.S. Senate,,REP,Kevin Cramer,261
Billings,U.S. Senate,,REP,"Thomas E O""Neill",23
Billings,U.S. Senate,,REP,write-in,0
Bottineau,Agriculture Commissioner,,DEM,Jim Dotzenrod,374
Bottineau,Agriculture Commissioner,,DEM,write-in,0
Bottineau,Agriculture Commissioner,,LIB,write-in,1
Bottineau,Agriculture Commissioner,,REP,Doug Goehring,1057
Bottineau,Agriculture Commissioner,,REP,write-in,0
Bottineau,Attorney General,,DEM,David Clark Thompson,382
Bottineau,Attorney General,,DEM,write-in,3
Bottineau,Attorney General,,LIB,write-in,1
Bottineau,Attorney General,,REP,Wayne Stenehjem,1060
Bottineau,Attorney General,,REP,write-in,3
Bottineau,Council Member Bottineau,,NON,Chuck Neubauer,464
Bottineau,Council Member Bottineau,,NON,Diane Lorenz,323
Bottineau,Council Member Bottineau,,NON,Gary Mortensen,469
Bottineau,Council Member Bottineau,,NON,Jeremy Ketterling,356
Bottineau,Council Member Bottineau,,NON,Matt Seykora,470
Bottineau,Council Member Bottineau,,NON,write-in,13
Bottineau,County Auditor Bottineau,,NON,Lisa Herbel,1491
Bottineau,County Auditor Bottineau,,NON,write-in,11
Bottineau,County Commissioner Bottineau - District 1,,NON,Douglas L. Marsden,111
Bottineau,County Commissioner Bottineau - District 1,,NON,LeRoy Rude,227
Bottineau,County Commissioner Bottineau - District 1,,NON,write-in,0
Bottineau,County Commissioner Bottineau - District 3,,NON,Daniel Marquardt,290
Bottineau,County Commissioner Bottineau - District 3,,NON,write-in,3
Bottineau,County Commissioner Bottineau - District 5,,NON,Charlie Adams,231
Bottineau,County Commissioner Bottineau - District 5,,NON,write-in,2
Bottineau,County Official Newspaper Bottineau,,NON,Bottineau Courant,1410
Bottineau,County Recorder Bottineau,,NON,Bobbi Milbrath,1219
Bottineau,County Recorder Bottineau,,NON,Lenore (Thorsgaard) Motl,330
Bottineau,County Recorder Bottineau,,NON,write-in,1
Bottineau,County Sheriff Bottineau,,NON,Steven Watson,1409
Bottineau,County Sheriff Bottineau,,NON,write-in,102
Bottineau,County State's Attorney Bottineau,,NON,Michael McIntee,1400
Bottineau,County State's Attorney Bottineau,,NON,write-in,26
Bottineau,County Treasurer Bottineau,,NON,Ann Monson,1524
Bottineau,County Treasurer Bottineau,,NON,write-in,2
Bottineau,Judge of the District Court No. 3 Unexpired 2-Year Term Northeast,,NON,Anthony Swain Benson,1504
Bottineau,Judge of the District Court No. 3 Unexpired 2-Year Term Northeast,,NON,write-in,14
Bottineau,Justice of the Supreme Court,,NON,Lisa Fair McEvers,789
Bottineau,Justice of the Supreme Court,,NON,Robert V Bolinske Sr,562
Bottineau,Justice of the Supreme Court,,NON,write-in,3
Bottineau,Mayor Bottineau,,NON,Harley Getzlaff,271
Bottineau,Mayor Bottineau,,NON,Perry Schoenborn,335
Bottineau,Mayor Bottineau,,NON,write-in,5
Bottineau,Municipal Judge Bottineau,,NON,write-in,80
Bottineau,Park Board Member Bottineau Park,,NON,Matthew Glasner,539
Bottineau,Park Board Member Bottineau Park,,NON,Micheal Aasen,514
Bottineau,Park Board Member Bottineau Park,,NON,write-in,24
Bottineau,Public Service Commissioner,,DEM,Jean Brandt,414
Bottineau,Public Service Commissioner,,DEM,write-in,0
Bottineau,Public Service Commissioner,,LIB,write-in,1
Bottineau,Public Service Commissioner,,REP,Randy Christmann,1018
Bottineau,Public Service Commissioner,,REP,write-in,1
Bottineau,Public Service Commissioner Unexpired 2-Year Term,,DEM,Casey Buchmann,379
Bottineau,Public Service Commissioner Unexpired 2-Year Term,,DEM,write-in,0
Bottineau,Public Service Commissioner Unexpired 2-Year Term,,LIB,write-in,1
Bottineau,Public Service Commissioner Unexpired 2-Year Term,,REP,Brian K Kroshus,1011
Bottineau,Public Service Commissioner Unexpired 2-Year Term,,REP,write-in,1
Bottineau,Secretary of State,,DEM,Josh Boschee,386
Bottineau,Secretary of State,,DEM,write-in,1
Bottineau,Secretary of State,,LIB,Roland Riemers,2
Bottineau,Secretary of State,,LIB,write-in,0
Bottineau,Secretary of State,,REP,Will Gardner,952
Bottineau,Secretary of State,,REP,write-in,32
Bottineau,Tax Commissioner,,DEM,Kylie Oversen,382
Bottineau,Tax Commissioner,,DEM,write-in,0
Bottineau,Tax Commissioner,,LIB,write-in,1
Bottineau,Tax Commissioner,,REP,Ryan Rauschenberger,1030
Bottineau,Tax Commissioner,,REP,write-in,2
Bottineau,U.S. House,1,DEM,Mac Schneider,393
Bottineau,U.S. House,1,DEM,write-in,1
Bottineau,U.S. House,1,LIB,write-in,1
Bottineau,U.S. House,1,REP,Kelly Armstrong,602
Bottineau,U.S. House,1,REP,Paul J Schaffner,113
Bottineau,U.S. House,1,REP,Tiffany Abentroth,89
Bottineau,U.S. House,1,REP,Tom Campbell,269
Bottineau,U.S. House,1,REP,write-in,0
Bottineau,U.S. Senate,,DEM,Heidi Heitkamp,439
Bottineau,U.S. Senate,,DEM,write-in,0
Bottineau,U.S. Senate,,LIB,write-in,1
Bottineau,U.S. Senate,,REP,Kevin Cramer,988
Bottineau,U.S. Senate,,REP,"Thomas E O""Neill",143
Bottineau,U.S. Senate,,REP,write-in,0
Bowman,1% Sales Tax Increase Relating to Parks and Recreation Bowman,,,No,251
Bowman,1% Sales Tax Increase Relating to Parks and Recreation Bowman,,,Yes,333
Bowman,Agriculture Commissioner,,DEM,Jim Dotzenrod,188
Bowman,Agriculture Commissioner,,DEM,write-in,1
Bowman,Agriculture Commissioner,,LIB,write-in,0
Bowman,Agriculture Commissioner,,REP,Doug Goehring,881
Bowman,Agriculture Commissioner,,REP,write-in,0
Bowman,Attorney General,,DEM,David Clark Thompson,190
Bowman,Attorney General,,DEM,write-in,1
Bowman,Attorney General,,LIB,write-in,0
Bowman,Attorney General,,REP,Wayne Stenehjem,878
Bowman,Attorney General,,REP,write-in,2
Bowman,Commissioner Bowman,,NON,Benjamin Schaaf,392
Bowman,Commissioner Bowman,,NON,Darrell Dean West,219
Bowman,Commissioner Bowman,,NON,Darren Limesand,419
Bowman,Commissioner Bowman,,NON,write-in,4
Bowman,County Auditor Bowman,,NON,Sandra Tivis,1113
Bowman,County Auditor Bowman,,NON,write-in,6
Bowman,County Commissioner at Large Bowman,,NON,Joshua Buchmann,495
Bowman,County Commissioner at Large Bowman,,NON,Kenneth Steiner,612
Bowman,County Commissioner at Large Bowman,,NON,Lynn Brackel,660
Bowman,County Commissioner at Large Bowman,,NON,Nathan L. Miller,422
Bowman,County Commissioner at Large Bowman,,NON,write-in,9
Bowman,County Recorder/Clerk of District Court Bowman,,NON,Jan Werre,1114
Bowman,County Recorder/Clerk of District Court Bowman,,NON,write-in,3
Bowman,County Sheriff Bowman,,NON,Doug Langhoff,77
Bowman,County Sheriff Bowman,,NON,Frank Eberle,390
Bowman,County Sheriff Bowman,,NON,Jason Dodge,294
Bowman,County Sheriff Bowman,,NON,Jordan Fisher,426
Bowman,County Sheriff Bowman,,NON,write-in,2
Bowman,County State's Attorney Bowman,,NON,Andrew Weiss,1089
Bowman,County State's Attorney Bowman,,NON,write-in,3
Bowman,County Treasurer Bowman,,NON,Anita McLaughlin,1098
Bowman,County Treasurer Bowman,,NON,write-in,6
Bowman,"Director, Southwest Water Authority Bowman",,NON,EllDean Maychrzak,440
Bowman,"Director, Southwest Water Authority Bowman",,NON,Rick Seifert,618
Bowman,"Director, Southwest Water Authority Bowman",,NON,write-in,5
Bowman,Judge of the District Court No. 1 Southwest,,NON,James D Gion,1057
Bowman,Judge of the District Court No. 1 Southwest,,NON,write-in,4
Bowman,Judge of the District Court No. 3 Southwest,,NON,Dann Greenwood,1031
Bowman,Judge of the District Court No. 3 Southwest,,NON,write-in,6
Bowman,Judge of the District Court No. 4 Unexpired 4-Year Term Southwest,,NON,Rhonda R Ehlis,1032
Bowman,Judge of the District Court No. 4 Unexpired 4-Year Term Southwest,,NON,write-in,4
Bowman,Justice of the Supreme Court,,NON,Lisa Fair McEvers,545
Bowman,Justice of the Supreme Court,,NON,Robert V Bolinske Sr,418
Bowman,Justice of the Supreme Court,,NON,write-in,1
Bowman,Park Board Member Bowman Park,,NON,Chris Johnson,439
Bowman,Park Board Member Bowman Park,,NON,Darwin Wilke,488
Bowman,Park Board Member Bowman Park,,NON,write-in,35
Bowman,Public Service Commissioner,,DEM,Jean Brandt,189
Bowman,Public Service Commissioner,,DEM,write-in,1
Bowman,Public Service Commissioner,,LIB,write-in,0
Bowman,Public Service Commissioner,,REP,Randy Christmann,861
Bowman,Public Service Commissioner,,REP,write-in,0
Bowman,Public Service Commissioner Unexpired 2-Year Term,,DEM,Casey Buchmann,186
Bowman,Public Service Commissioner Unexpired 2-Year Term,,DEM,write-in,1
Bowman,Public Service Commissioner Unexpired 2-Year Term,,LIB,write-in,0
Bowman,Public Service Commissioner Unexpired 2-Year Term,,REP,Brian K Kroshus,842
Bowman,Public Service Commissioner Unexpired 2-Year Term,,REP,write-in,0
Bowman,Publication of School Minutes Bowman School,,,No,57
Bowman,Publication of School Minutes Bowman School,,,Yes,928
Bowman,Renewal of a 1% City Sales and Use Tax Ordinance designated for health care. Bowman,,,No,150
Bowman,Renewal of a 1% City Sales and Use Tax Ordinance designated for health care. Bowman,,,Yes,438
Bowman,School Board Member Representative from the Bowman Area Bowman School,,NON,Brad Pauley,147
Bowman,School Board Member Representative from the Bowman Area Bowman School,,NON,Cory Blaser,165
Bowman,School Board Member Representative from the Bowman Area Bowman School,,NON,Drew Henderson,295
Bowman,School Board Member Representative from the Bowman Area Bowman School,,NON,Jim Stafford,582
Bowman,School Board Member Representative from the Bowman Area Bowman School,,NON,Randy Gaebe,485
Bowman,School Board Member Representative from the Bowman Area Bowman School,,NON,Tara C. Lambourn,189
Bowman,School Board Member Representative from the Bowman Area Bowman School,,NON,write-in,4
Bowman,School Board Member Representative from the Rhame Area Bowman School,,NON,Stacy McGee,884
Bowman,School Board Member Representative from the Rhame Area Bowman School,,NON,write-in,9
Bowman,School Board Member at Large Position Bowman School,,NON,Camie Janikowski,804
Bowman,School Board Member at Large Position Bowman School,,NON,Dan Peterson,166
Bowman,School Board Member at Large Position Bowman School,,NON,write-in,2
Bowman,Secretary of State,,DEM,Josh Boschee,195
Bowman,Secretary of State,,DEM,write-in,1
Bowman,Secretary of State,,LIB,Roland Riemers,0
Bowman,Secretary of State,,LIB,write-in,0
Bowman,Secretary of State,,REP,Will Gardner,830
Bowman,Secretary of State,,REP,write-in,9
Bowman,State House,39,DEM,write-in,13
Bowman,State House,39,LIB,write-in,0
Bowman,State House,39,REP,Denton Zubke,546
Bowman,State House,39,REP,Keith Kempenich,786
Bowman,State House,39,REP,write-in,8
Bowman,State Senate,39,DEM,write-in,22
Bowman,State Senate,39,LIB,write-in,0
Bowman,State Senate,39,REP,Dale Patten,835
Bowman,State Senate,39,REP,write-in,4
Bowman,Tax Commissioner,,DEM,Kylie Oversen,190
Bowman,Tax Commissioner,,DEM,write-in,1
Bowman,Tax Commissioner,,LIB,write-in,0
Bowman,Tax Commissioner,,REP,Ryan Rauschenberger,852
Bowman,Tax Commissioner,,REP,write-in,1
Bowman,U.S. House,1,DEM,Mac Schneider,195
Bowman,U.S. House,1,DEM,write-in,1
Bowman,U.S. House,1,LIB,write-in,0
Bowman,U.S. House,1,REP,Kelly Armstrong,523
Bowman,U.S. House,1,REP,Paul J Schaffner,76
Bowman,U.S. House,1,REP,Tiffany Abentroth,56
Bowman,U.S. House,1,REP,Tom Campbell,211
Bowman,U.S. House,1,REP,write-in,1
Bowman,U.S. Senate,,DEM,Heidi Heitkamp,226
Bowman,U.S. Senate,,DEM,write-in,1
Bowman,U.S. Senate,,LIB,write-in,0
Bowman,U.S. Senate,,REP,Kevin Cramer,849
Bowman,U.S. Senate,,REP,"Thomas E O""Neill",77
Bowman,U.S. Senate,,REP,write-in,1
Burke,Agriculture Commissioner,,DEM,Jim Dotzenrod,103
Burke,Agriculture Commissioner,,DEM,write-in,1
Burke,Agriculture Commissioner,,LIB,write-in,0
Burke,Agriculture Commissioner,,REP,Doug Goehring,451
Burke,Agriculture Commissioner,,REP,write-in,0
Burke,Attorney General,,DEM,David Clark Thompson,103
Burke,Attorney General,,DEM,write-in,0
Burke,Attorney General,,LIB,write-in,0
Burke,Attorney General,,REP,Wayne Stenehjem,449
Burke,Attorney General,,REP,write-in,0
Burke,County Auditor Burke,,NON,Jeanine Sue Jensen,576
Burke,County Auditor Burke,,NON,write-in,3
Burke,County Commissioner Burke - District 2,,NON,Charles David Ringwall,25
Burke,County Commissioner Burke - District 2,,NON,Matthew Joseph Kihle,72
Burke,County Commissioner Burke - District 2,,NON,Richard Lawerence Owings,141
Burke,County Commissioner Burke - District 2,,NON,write-in,0
Burke,County Commissioner Unexpired 2-Year Term Burke - District 3,,NON,Jarret Michael Vanberkom,173
Burke,County Commissioner Unexpired 2-Year Term Burke - District 3,,NON,write-in,0
Burke,County Official Newspaper Burke,,NON,Burke County Tribune,582
Burke,County Recorder/Clerk of District Court Burke,,NON,Kelly Holter,411
Burke,County Recorder/Clerk of District Court Burke,,NON,Lynette Marie Nelson,202
Burke,County Recorder/Clerk of District Court Burke,,NON,write-in,0
Burke,County Sheriff Burke,,NON,Jeremy Raymond Grohs,163
Burke,County Sheriff Burke,,NON,Shawn Gabriel Brien,439
Burke,County Sheriff Burke,,NON,write-in,10
Burke,County State's Attorney Burke,,NON,Amber Joy Fiesel,543
Burke,County State's Attorney Burke,,NON,write-in,4
Burke,County Treasurer Burke,,NON,Sheila Ann Burns,563
Burke,County Treasurer Burke,,NON,write-in,2
Burke,Judge of the District Court No. 3 North Central,,NON,Richard L Hagar,542
Burke,Judge of the District Court No. 3 North Central,,NON,write-in,0
Burke,Judge of the District Court No. 4 North Central,,NON,Stacy J Louser,537
Burke,Judge of the District Court No. 4 North Central,,NON,write-in,1
Burke,Justice of the Supreme Court,,NON,Lisa Fair McEvers,344
Burke,Justice of the Supreme Court,,NON,Robert V Bolinske Sr,183
Burke,Justice of the Supreme Court,,NON,write-in,0
Burke,Public Service Commissioner,,DEM,Jean Brandt,102
Burke,Public Service Commissioner,,DEM,write-in,1
Burke,Public Service Commissioner,,LIB,write-in,0
Burke,Public Service Commissioner,,REP,Randy Christmann,439
Burke,Public Service Commissioner,,REP,write-in,0
Burke,Public Service Commissioner Unexpired 2-Year Term,,DEM,Casey Buchmann,103
Burke,Public Service Commissioner Unexpired 2-Year Term,,DEM,write-in,0
Burke,Public Service Commissioner Unexpired 2-Year Term,,LIB,write-in,0
Burke,Public Service Commissioner Unexpired 2-Year Term,,REP,Brian K Kroshus,431
Burke,Public Service Commissioner Unexpired 2-Year Term,,REP,write-in,0
Burke,Secretary of State,,DEM,Josh Boschee,101
Burke,Secretary of State,,DEM,write-in,0
Burke,Secretary of State,,LIB,Roland Riemers,1
Burke,Secretary of State,,LIB,write-in,0
Burke,Secretary of State,,REP,Will Gardner,391
Burke,Secretary of State,,REP,write-in,18
Burke,Tax Commissioner,,DEM,Kylie Oversen,104
Burke,Tax Commissioner,,DEM,write-in,0
Burke,Tax Commissioner,,LIB,write-in,0
Burke,Tax Commissioner,,REP,Ryan Rauschenberger,439
Burke,Tax Commissioner,,REP,write-in,0
Burke,U.S. House,1,DEM,Mac Schneider,102
Burke,U.S. House,1,DEM,write-in,1
Burke,U.S. House,1,LIB,write-in,0
Burke,U.S. House,1,REP,Kelly Armstrong,258
Burke,U.S. House,1,REP,Paul J Schaffner,48
Burke,U.S. House,1,REP,Tiffany Abentroth,32
Burke,U.S. House,1,REP,Tom Campbell,98
Burke,U.S. House,1,REP,write-in,0
Burke,U.S. Senate,,DEM,Heidi Heitkamp,115
Burke,U.S. Senate,,DEM,write-in,0
Burke,U.S. Senate,,LIB,write-in,0
Burke,U.S. Senate,,REP,Kevin Cramer,433
Burke,U.S. Senate,,REP,"Thomas E O""Neill",42
Burke,U.S. Senate,,REP,write-in,0
Burleigh,Agriculture Commissioner,,DEM,Jim Dotzenrod,3414
Burleigh,Agriculture Commissioner,,DEM,write-in,2
Burleigh,Agriculture Commissioner,,LIB,write-in,11
Burleigh,Agriculture Commissioner,,REP,Doug Goehring,8702
Burleigh,Agriculture Commissioner,,REP,write-in,29
Burleigh,Attorney General,,DEM,David Clark Thompson,3381
Burleigh,Attorney General,,DEM,write-in,6
Burleigh,Attorney General,,LIB,write-in,11
Burleigh,Attorney General,,REP,Wayne Stenehjem,8691
Burleigh,Attorney General,,REP,write-in,62
Burleigh,Bismarck Public School District #1 Publication of Minutes Bismarck Public School Dist. 1,,,No,2281
Burleigh,Bismarck Public School District #1 Publication of Minutes Bismarck Public School Dist. 1,,,Yes,10744
Burleigh,City of Lincoln Public Transportation Mill Levy City of Lincoln,,,No,249
Burleigh,City of Lincoln Public Transportation Mill Levy City of Lincoln,,,Yes,204
Burleigh,City of Wing Publication of Minutes City of Wing,,,No,15
Burleigh,City of Wing Publication of Minutes City of Wing,,,Yes,28
Burleigh,Commission President City of Bismarck,,NON,Isaac Afoakwa,460
Burleigh,Commission President City of Bismarck,,NON,Michael Seminary,4114
Burleigh,Commission President City of Bismarck,,NON,Steve Bakken,6325
Burleigh,Commission President City of Bismarck,,NON,write-in,19
Burleigh,Commission President City of Wilton,,NON,LeeAnn Domonoske-Kellar,8
Burleigh,Commission President City of Wilton,,NON,write-in,1
Burleigh,Commissioner City of Bismarck,,NON,Beth Nodland,4625
Burleigh,Commissioner City of Bismarck,,NON,Greg Zenker,5034
Burleigh,Commissioner City of Bismarck,,NON,Mark Splonskowski,4600
Burleigh,Commissioner City of Bismarck,,NON,Nancy Guy,5460
Burleigh,Commissioner City of Bismarck,,NON,write-in,17
Burleigh,Commissioner City of Wilton,,NON,John Clausen,7
Burleigh,Commissioner City of Wilton,,NON,write-in,4
Burleigh,Council Member City of Lincoln,,NON,Brandon Schock,271
Burleigh,Council Member City of Lincoln,,NON,Hayley Akre,273
Burleigh,Council Member City of Lincoln,,NON,Karen Daly,108
Burleigh,Council Member City of Lincoln,,NON,William Wuolu,179
Burleigh,Council Member City of Lincoln,,NON,write-in,7
Burleigh,Council Member City of Regan,,NON,write-in,0
Burleigh,Council Member City of Wing,,NON,write-in,66
Burleigh,Council Member Unexpired 2-Year Term City of Wing,,NON,Joy Marimon,36
Burleigh,Council Member Unexpired 2-Year Term City of Wing,,NON,write-in,6
Burleigh,County Auditor/Treasurer Burleigh,,NON,Kevin J Glatt,11003
Burleigh,County Auditor/Treasurer Burleigh,,NON,write-in,49
Burleigh,County Commissioner at Large Burleigh,,NON,Angil Wanner-Koper,2107
Burleigh,County Commissioner at Large Burleigh,,NON,Cody J Igoe,1820
Burleigh,County Commissioner at Large Burleigh,,NON,Dennis Agnew,3674
Burleigh,County Commissioner at Large Burleigh,,NON,Jim Peluso,6538
Burleigh,County Commissioner at Large Burleigh,,NON,Kathleen Jones,5227
Burleigh,County Commissioner at Large Burleigh,,NON,Leo Vetter,3547
Burleigh,County Commissioner at Large Burleigh,,NON,Mark Armstrong,6133
Burleigh,County Commissioner at Large Burleigh,,NON,Steve Schwab,4415
Burleigh,County Commissioner at Large Burleigh,,NON,write-in,50
Burleigh,County Official Newspaper Burleigh,,NON,The Bismarck Tribune,9064
Burleigh,County Recorder Burleigh,,NON,Debbie Kroshus,7139
Burleigh,County Recorder Burleigh,,NON,Erin Peck,4061
Burleigh,County Recorder Burleigh,,NON,write-in,20
Burleigh,County Sheriff Burleigh,,NON,Kelly Leben,7607
Burleigh,County Sheriff Burleigh,,NON,Nolan Canright,5080
Burleigh,County Sheriff Burleigh,,NON,write-in,14
Burleigh,County State's Attorney Burleigh,,NON,Brian Johnson,4610
Burleigh,County State's Attorney Burleigh,,NON,Julie Lawyer,6870
Burleigh,County State's Attorney Burleigh,,NON,write-in,17
Burleigh,E-9-1-1 FEE 08 - Burleigh,,,No,5354
Burleigh,E-9-1-1 FEE 08 - Burleigh,,,Yes,8210
Burleigh,Judge of the District Court No. 3 South Central,,NON,Bruce A Romanick,11346
Burleigh,Judge of the District Court No. 3 South Central,,NON,write-in,38
Burleigh,Judge of the District Court No. 4 South Central,,NON,Daniel Borgen,10647
Burleigh,Judge of the District Court No. 4 South Central,,NON,write-in,70
Burleigh,Judge of the District Court No. 9 Unexpired 4-Year Term South Central,,NON,John W Grinsteiner,10904
Burleigh,Judge of the District Court No. 9 Unexpired 4-Year Term South Central,,NON,write-in,28
Burleigh,Justice of the Supreme Court,,NON,Lisa Fair McEvers,7716
Burleigh,Justice of the Supreme Court,,NON,Robert V Bolinske Sr,4410
Burleigh,Justice of the Supreme Court,,NON,write-in,25
Burleigh,Mayor City of Wing,,NON,Julie Hein,41
Burleigh,Mayor City of Wing,,NON,write-in,5
Burleigh,Park Board Member City of Bismarck,,NON,Julie Jeske,7437
Burleigh,Park Board Member City of Bismarck,,NON,Mark Zimmerman,7408
Burleigh,Park Board Member City of Bismarck,,NON,Michael Gilbertson,7106
Burleigh,Park Board Member City of Bismarck,,NON,write-in,75
Burleigh,Park Board Member City of Lincoln,,NON,Brock Garaas,326
Burleigh,Park Board Member City of Lincoln,,NON,Nicholas Couture,314
Burleigh,Park Board Member City of Lincoln,,NON,write-in,2
Burleigh,Park Board Member City of Wilton,,NON,Lisa Jenkins,9
Burleigh,Park Board Member City of Wilton,,NON,Nicole Schurhamer,9
Burleigh,Park Board Member City of Wilton,,NON,write-in,3
Burleigh,Public Service Commissioner,,DEM,Jean Brandt,3430
Burleigh,Public Service Commissioner,,DEM,write-in,2
Burleigh,Public Service Commissioner,,LIB,write-in,11
Burleigh,Public Service Commissioner,,REP,Randy Christmann,8437
Burleigh,Public Service Commissioner,,REP,write-in,25
Burleigh,Public Service Commissioner Unexpired 2-Year Term,,DEM,Casey Buchmann,3404
Burleigh,Public Service Commissioner Unexpired 2-Year Term,,DEM,write-in,5
Burleigh,Public Service Commissioner Unexpired 2-Year Term,,LIB,write-in,11
Burleigh,Public Service Commissioner Unexpired 2-Year Term,,REP,Brian K Kroshus,8367
Burleigh,Public Service Commissioner Unexpired 2-Year Term,,REP,write-in,26
Burleigh,Sales & Use Tax Administrator City of Wilton,,NON,Bernard Schafer,8
Burleigh,Sales & Use Tax Administrator City of Wilton,,NON,James Porter,10
Burleigh,Sales & Use Tax Administrator City of Wilton,,NON,write-in,2
Burleigh,School Board Member Bismarck Public School Dist. 1,,NON,Carl Young,804
Burleigh,School Board Member Bismarck Public School Dist. 1,,NON,Dustin Gawrylow,1291
Burleigh,School Board Member Bismarck Public School Dist. 1,,NON,Heather Kitzan,3691
Burleigh,School Board Member Bismarck Public School Dist. 1,,NON,Jay M Volk,3539
Burleigh,School Board Member Bismarck Public School Dist. 1,,NON,Jon Lee,6543
Burleigh,School Board Member Bismarck Public School Dist. 1,,NON,Karl Lembke,6725
Burleigh,School Board Member Bismarck Public School Dist. 1,,NON,Lawrence King,2763
Burleigh,School Board Member Bismarck Public School Dist. 1,,NON,Matthew Sagsveen,4408
Burleigh,School Board Member Bismarck Public School Dist. 1,,NON,Steven Mayer,2013
Burleigh,School Board Member Bismarck Public School Dist. 1,,NON,Travis Jensen,1342
Burleigh,School Board Member Bismarck Public School Dist. 1,,NON,write-in,47
Burleigh,Secretary of State,,DEM,Josh Boschee,3534
Burleigh,Secretary of State,,DEM,write-in,17
Burleigh,Secretary of State,,LIB,Roland Riemers,28
Burleigh,Secretary of State,,LIB,write-in,5
Burleigh,Secretary of State,,REP,Will Gardner,6747
Burleigh,Secretary of State,,REP,write-in,939
Burleigh,State House,35,DEM,Joe Elsberry,730
Burleigh,State House,35,DEM,Rachel Thomason,835
Burleigh,State House,35,DEM,write-in,0
Burleigh,State House,35,LIB,write-in,11
Burleigh,State House,35,REP,Bob Martinson,1282
Burleigh,State House,35,REP,Karen Karls,1217
Burleigh,State House,35,REP,write-in,9
Burleigh,State House,47,DEM,Sabina McGarrahan Gasper,789
Burleigh,State House,47,DEM,write-in,7
Burleigh,State House,47,LIB,write-in,1
Burleigh,State House,47,REP,Duane A Sand,1007
Burleigh,State House,47,REP,George Keiser,1594
Burleigh,State House,47,REP,Lawrence R (Larry) Klemin,1664
Burleigh,State House,47,REP,write-in,12
Burleigh,State House,7,DEM,Paul R Wilkins,534
Burleigh,State House,7,DEM,write-in,10
Burleigh,State House,7,LIB,write-in,3
Burleigh,State House,7,REP,Jason Dockter,1391
Burleigh,State House,7,REP,Rick Becker,1430
Burleigh,State House,7,REP,write-in,13
Burleigh,State Senate,35,DEM,Erin Oban,938
Burleigh,State Senate,35,DEM,write-in,2
Burleigh,State Senate,35,LIB,write-in,6
Burleigh,State Senate,35,REP,Gary Emineth,1387
Burleigh,State Senate,35,REP,write-in,13
Burleigh,State Senate,47,DEM,Brandi Jude,790
Burleigh,State Senate,47,DEM,write-in,0
Burleigh,State Senate,47,LIB,write-in,1
Burleigh,State Senate,47,REP,Mike Dwyer,2157
Burleigh,State Senate,47,REP,write-in,13
Burleigh,State Senate,7,DEM,write-in,44
Burleigh,State Senate,7,LIB,write-in,2
Burleigh,State Senate,7,REP,Nicole Poolman,1718
Burleigh,State Senate,7,REP,write-in,13
Burleigh,Tax Commissioner,,DEM,Kylie Oversen,3502
Burleigh,Tax Commissioner,,DEM,write-in,1
Burleigh,Tax Commissioner,,LIB,write-in,11
Burleigh,Tax Commissioner,,REP,Ryan Rauschenberger,8192
Burleigh,Tax Commissioner,,REP,write-in,85
Burleigh,U.S. House,1,DEM,Mac Schneider,3579
Burleigh,U.S. House,1,DEM,write-in,8
Burleigh,U.S. House,1,LIB,write-in,15
Burleigh,U.S. House,1,REP,Kelly Armstrong,5921
Burleigh,U.S. House,1,REP,Paul J Schaffner,441
Burleigh,U.S. House,1,REP,Tiffany Abentroth,688
Burleigh,U.S. House,1,REP,Tom Campbell,2173
Burleigh,U.S. House,1,REP,write-in,4
Burleigh,U.S. Senate,,DEM,Heidi Heitkamp,3906
Burleigh,U.S. Senate,,DEM,write-in,19
Burleigh,U.S. Senate,,LIB,write-in,13
Burleigh,U.S. Senate,,REP,Kevin Cramer,8544
Burleigh,U.S. Senate,,REP,"Thomas E O""Neill",1073
Burleigh,U.S. Senate,,REP,write-in,15
Cass,Agriculture Commissioner,,DEM,Jim Dotzenrod,7707
Cass,Agriculture Commissioner,,DEM,write-in,7
Cass,Agriculture Commissioner,,LIB,write-in,18
Cass,Agriculture Commissioner,,REP,Doug Goehring,7683
Cass,Agriculture Commissioner,,REP,write-in,49
Cass,Attorney General,,DEM,David Clark Thompson,7702
Cass,Attorney General,,DEM,write-in,18
Cass,Attorney General,,LIB,write-in,17
Cass,Attorney General,,REP,Wayne Stenehjem,7729
Cass,Attorney General,,REP,write-in,69
Cass,Commissioner Fargo,,NON,Arlette Preston,3081
Cass,Commissioner Fargo,,NON,Dave Piepkorn,3683
Cass,Commissioner Fargo,,NON,Kelan Oster,254
Cass,Commissioner Fargo,,NON,Lenny N Tweeden,162
Cass,Commissioner Fargo,,NON,Linda Boyd,3581
Cass,Commissioner Fargo,,NON,Liz Maddock-Johnson,1435
Cass,Commissioner Fargo,,NON,Michael J Williams,3025
Cass,Commissioner Fargo,,NON,Tim Flakoll,3021
Cass,Commissioner Fargo,,NON,Tony Gehrig,3998
Cass,Commissioner Fargo,,NON,write-in,14
Cass,Commissioner West Fargo,,NON,Brad Olson,1975
Cass,Commissioner West Fargo,,NON,Duane Hanson,1513
Cass,Commissioner West Fargo,,NON,Eric Gjerdevig,2149
Cass,Commissioner West Fargo,,NON,write-in,8
Cass,Council Member Alice,,NON,Brandon Langer,8
Cass,Council Member Alice,,NON,Ron Mulder,3
Cass,Council Member Alice,,NON,Tim Schmidt,10
Cass,Council Member Alice,,NON,write-in,0
Cass,Council Member Amenia,,NON,write-in,12
Cass,Council Member Argusville,,NON,David Becker,82
Cass,Council Member Argusville,,NON,Wayne M Hagemeister,72
Cass,Council Member Argusville,,NON,write-in,7
Cass,Council Member Arthur,,NON,Bill Engelke,47
Cass,Council Member Arthur,,NON,Todd Olson,50
Cass,Council Member Arthur,,NON,write-in,1
Cass,Council Member Ayr,,NON,Anne Jarvis,0
Cass,Council Member Ayr,,NON,Tim Bjerke,1
Cass,Council Member Ayr,,NON,write-in,0
Cass,Council Member Briarwood,,NON,Derrick Groff,7
Cass,Council Member Briarwood,,NON,Joel Jorgenson,7
Cass,Council Member Briarwood,,NON,write-in,0
Cass,Council Member Buffalo,,NON,Leroy Haman Jr,71
Cass,Council Member Buffalo,,NON,write-in,8
Cass,Council Member Casselton,,NON,Charles Francis,169
Cass,Council Member Casselton,,NON,Evan Anderson,203
Cass,Council Member Casselton,,NON,Kent Buss,209
Cass,Council Member Casselton,,NON,write-in,14
Cass,Council Member Davenport,,NON,Matthew Palluck,34
Cass,Council Member Davenport,,NON,Oscar Hanson,43
Cass,Council Member Davenport,,NON,write-in,5
Cass,Council Member Frontier,,NON,Terry Chambers,16
Cass,Council Member Frontier,,NON,Wade Borth,18
Cass,Council Member Frontier,,NON,write-in,1
Cass,Council Member Gardner,,NON,write-in,48
Cass,Council Member Grandin,,NON,Carolyn Kraft,29
Cass,Council Member Grandin,,NON,Debra Sorsen,19
Cass,Council Member Grandin,,NON,Scott Hanson,15
Cass,Council Member Grandin,,NON,write-in,5
Cass,Council Member Harwood,,NON,Blake Hankey,72
Cass,Council Member Harwood,,NON,Ernie Jury,37
Cass,Council Member Harwood,,NON,Richard Sundberg,83
Cass,Council Member Harwood,,NON,write-in,8
Cass,Council Member Horace,,NON,Chelsey Johnson,187
Cass,Council Member Horace,,NON,John Koerselman,160
Cass,Council Member Horace,,NON,Sharon May,143
Cass,Council Member Horace,,NON,write-in,19
Cass,Council Member Hunter,,NON,Carol Siegert,24
Cass,Council Member Hunter,,NON,Justin Teegarden,51
Cass,Council Member Hunter,,NON,write-in,12
Cass,Council Member Kindred,,NON,Adam Spelhaug,141
Cass,Council Member Kindred,,NON,David Amerman,89
Cass,Council Member Kindred,,NON,Tod Welter,78
Cass,Council Member Kindred,,NON,write-in,5
Cass,Council Member Leonard,,NON,Michael Nudell,10
Cass,Council Member Leonard,,NON,Rita Goltz,11
Cass,Council Member Leonard,,NON,write-in,0
Cass,Council Member Mapleton,,NON,Jason Astrup,88
Cass,Council Member Mapleton,,NON,write-in,49
Cass,Council Member North River,,NON,Chad Holo,13
Cass,Council Member North River,,NON,Kristin Ehlert,17
Cass,Council Member North River,,NON,write-in,0
Cass,Council Member Oxbow,,NON,Chris Champ,28
Cass,Council Member Oxbow,,NON,Scott Differding,52
Cass,Council Member Oxbow,,NON,Tami Henke,64
Cass,Council Member Oxbow,,NON,write-in,2
Cass,Council Member Page,,NON,Arnold Bankers,25
Cass,Council Member Page,,NON,Christopher Erickson,48
Cass,Council Member Page,,NON,Lucas Erickson,70
Cass,Council Member Page,,NON,Michael Warren,9
Cass,Council Member Page,,NON,write-in,0
Cass,Council Member Prairie Rose,,NON,Jodi Holman,12
Cass,Council Member Prairie Rose,,NON,Julie Smith,12
Cass,Council Member Prairie Rose,,NON,write-in,0
Cass,Council Member Reiles Acres,,NON,Carol McCamy,50
Cass,Council Member Reiles Acres,,NON,Chris Thoennes,54
Cass,Council Member Reiles Acres,,NON,write-in,7
Cass,Council Member Tower City,,NON,Al Walker,29
Cass,Council Member Tower City,,NON,Stacey Lilja,57
Cass,Council Member Tower City,,NON,write-in,46
Cass,Council Member Unexpired 2-Year Term Buffalo,,NON,Brian Steckler,71
Cass,Council Member Unexpired 2-Year Term Buffalo,,NON,write-in,8
Cass,Council Member Unexpired 2-Year Term Davenport,,NON,Jason Lotzer,46
Cass,Council Member Unexpired 2-Year Term Davenport,,NON,write-in,0
Cass,Council Member Unexpired 2-Year Term Harwood,,NON,Jim Hughes,103
Cass,Council Member Unexpired 2-Year Term Harwood,,NON,write-in,5
Cass,Council Member Unexpired 2-Year Term Page,,NON,Natalie J Nitschke,56
Cass,Council Member Unexpired 2-Year Term Page,,NON,write-in,17
Cass,County Commissioner Cass - District 2,,NON,Rick Steen,13178
Cass,County Commissioner Cass - District 2,,NON,write-in,58
Cass,County Commissioner Cass - District 4,,NON,Duane Breitling,12923
Cass,County Commissioner Cass - District 4,,NON,write-in,62
Cass,County Official Newspaper Cass,,NON,Cass County Reporter,4979
Cass,County Official Newspaper Cass,,NON,The Forum of Fargo-Moorhead,11700
Cass,County Sheriff Cass,,NON,Jesse Jahner,10879
Cass,County Sheriff Cass,,NON,Mike Kjera,4473
Cass,County Sheriff Cass,,NON,write-in,37
Cass,County State's Attorney Cass,,NON,Birch Burdick,14014
Cass,County State's Attorney Cass,,NON,write-in,105
Cass,"Director, Garrison Diversion Conservancy Cass",,NON,Roger Fenstad,13125
Cass,"Director, Garrison Diversion Conservancy Cass",,NON,write-in,60
Cass,Judge of the District Court No. 8 East Central,,NON,John C Irby,13591
Cass,Judge of the District Court No. 8 East Central,,NON,write-in,52
Cass,Justice of the Supreme Court,,NON,Lisa Fair McEvers,11020
Cass,Justice of the Supreme Court,,NON,Robert V Bolinske Sr,3421
Cass,Justice of the Supreme Court,,NON,write-in,36
Cass,Mayor Amenia,,NON,write-in,7
Cass,Mayor Argusville,,NON,write-in,41
Cass,Mayor Briarwood,,NON,John Adams,7
Cass,Mayor Briarwood,,NON,write-in,0
Cass,Mayor Buffalo,,NON,write-in,72
Cass,Mayor Casselton,,NON,Lee Anderson,166
Cass,Mayor Casselton,,NON,Michael Faught,114
Cass,Mayor Casselton,,NON,write-in,1
Cass,Mayor Davenport,,NON,Larry Palluck,38
Cass,Mayor Davenport,,NON,write-in,7
Cass,Mayor Fargo,,NON,Timothy J Mahoney,8991
Cass,Mayor Fargo,,NON,write-in,415
Cass,Mayor Frontier,,NON,BJ Blanchette,16
Cass,Mayor Frontier,,NON,write-in,1
Cass,Mayor Gardner,,NON,write-in,28
Cass,Mayor Grandin,,NON,Kelly Kyllo,30
Cass,Mayor Grandin,,NON,write-in,5
Cass,Mayor Kindred,,NON,Jason DuBord,118
Cass,Mayor Kindred,,NON,Julie Johnson,68
Cass,Mayor Kindred,,NON,write-in,0
Cass,Mayor North River,,NON,Troy Durham,17
Cass,Mayor North River,,NON,write-in,0
Cass,Mayor Oxbow,,NON,James Nyhof,71
Cass,Mayor Oxbow,,NON,write-in,3
Cass,Mayor Prairie Rose,,NON,Rick Callens,12
Cass,Mayor Prairie Rose,,NON,write-in,0
Cass,Mayor Unexpired 2-Year Term Page,,NON,Cory Phelps,34
Cass,Mayor Unexpired 2-Year Term Page,,NON,James Heidorn,42
Cass,Mayor Unexpired 2-Year Term Page,,NON,write-in,1
Cass,Mayor West Fargo,,NON,Bernie Dardis,2070
Cass,Mayor West Fargo,,NON,Rich Mattern,1553
Cass,Mayor West Fargo,,NON,write-in,5
Cass,Municipal Judge Casselton,,NON,Charlene Nelson,138
Cass,Municipal Judge Casselton,,NON,Trista Francis,128
Cass,Municipal Judge Casselton,,NON,write-in,1
Cass,Municipal Judge Kindred,,NON,Dona Schock,154
Cass,Municipal Judge Kindred,,NON,write-in,1
Cass,Municipal Judge West Fargo,,NON,Michelle Donarski,2906
Cass,Municipal Judge West Fargo,,NON,write-in,7
Cass,Park Board Commissioner Fargo Park,,NON,Brandi Malarkey,3791
Cass,Park Board Commissioner Fargo Park,,NON,Joe Deutsch,5583
Cass,Park Board Commissioner Fargo Park,,NON,Matt Magness,3941
Cass,Park Board Commissioner Fargo Park,,NON,Stacey J Griggs,4373
Cass,Park Board Commissioner Fargo Park,,NON,Tyler Tracy,2518
Cass,Park Board Commissioner Fargo Park,,NON,Vicki Dawson,5476
Cass,Park Board Commissioner Fargo Park,,NON,write-in,61
Cass,Park Board Member Argusville Park,,NON,Jamison Jensen,86
Cass,Park Board Member Argusville Park,,NON,write-in,26
Cass,Park Board Member Arthur Park,,NON,Jennifer Degerness,48
Cass,Park Board Member Arthur Park,,NON,Jeremy Nelson,49
Cass,Park Board Member Arthur Park,,NON,write-in,0
Cass,Park Board Member Briarwood Park,,NON,Heather Butler,7
Cass,Park Board Member Briarwood Park,,NON,write-in,0
Cass,Park Board Member Buffalo Park,,NON,Kim Hanson Haman,67
Cass,Park Board Member Buffalo Park,,NON,Lindsey Ann Peterson,69
Cass,Park Board Member Buffalo Park,,NON,write-in,2
Cass,Park Board Member Casselton Park,,NON,Corey Cruchet,195
Cass,Park Board Member Casselton Park,,NON,Jonathan Warrey,215
Cass,Park Board Member Casselton Park,,NON,Shawnna Bosse,213
Cass,Park Board Member Casselton Park,,NON,write-in,8
Cass,Park Board Member Davenport Park,,NON,Jeffrey Korol,43
Cass,Park Board Member Davenport Park,,NON,Tammy Palluck,44
Cass,Park Board Member Davenport Park,,NON,write-in,1
Cass,Park Board Member Harwood Park,,NON,Ashley Hansen,94
Cass,Park Board Member Harwood Park,,NON,Dan Newland,92
Cass,Park Board Member Harwood Park,,NON,write-in,0
Cass,Park Board Member Horace Park,,NON,Julie Dahlin,216
Cass,Park Board Member Horace Park,,NON,Sarah Jacobson,218
Cass,Park Board Member Horace Park,,NON,write-in,4
Cass,Park Board Member Hunter Park,,NON,Ashley Olson,35
Cass,Park Board Member Hunter Park,,NON,Kristina Kyllo,39
Cass,Park Board Member Hunter Park,,NON,Kylie Dickson,29
Cass,Park Board Member Hunter Park,,NON,write-in,0
Cass,Park Board Member Kindred Park,,NON,Rebecca DuBord,144
Cass,Park Board Member Kindred Park,,NON,write-in,115
Cass,Park Board Member Leonard Park,,NON,write-in,3
Cass,Park Board Member Mapleton Park,,NON,Donna Donley,78
Cass,Park Board Member Mapleton Park,,NON,Gerald Volk,88
Cass,Park Board Member Mapleton Park,,NON,write-in,28
Cass,Park Board Member Oxbow Park,,NON,write-in,38
Cass,Park Board Member Tower City Park,,NON,Alecia Killoran,68
Cass,Park Board Member Tower City Park,,NON,David Killoran,68
Cass,Park Board Member Tower City Park,,NON,JoAnn Wetch,71
Cass,Park Board Member Tower City Park,,NON,write-in,5
Cass,Park Board Member Unexpired 2-Year Term Arthur Park,,NON,Steve Boyer,48
Cass,Park Board Member Unexpired 2-Year Term Arthur Park,,NON,write-in,0
Cass,Park Board Member Unexpired 2-Year Term Buffalo Park,,NON,Tracie Jo Zaun,75
Cass,Park Board Member Unexpired 2-Year Term Buffalo Park,,NON,write-in,2
Cass,Park Board Member Unexpired 2-Year Term Leonard Park,,NON,write-in,1
Cass,Park Board Member Unexpired 2-Year Term Mapleton Park,,NON,write-in,29
Cass,Park Board Member Unexpired 2-Year Term Tower City Park,,NON,write-in,21
Cass,Park Board Member West Fargo Park,,NON,Chris Heise,2420
Cass,Park Board Member West Fargo Park,,NON,Jake Lauritsen,1955
Cass,Park Board Member West Fargo Park,,NON,Jeff McCracken,1927
Cass,Park Board Member West Fargo Park,,NON,Ken Zetocha,1904
Cass,Park Board Member West Fargo Park,,NON,write-in,19
Cass,Public Service Commissioner,,DEM,Jean Brandt,7693
Cass,Public Service Commissioner,,DEM,write-in,5
Cass,Public Service Commissioner,,LIB,write-in,17
Cass,Public Service Commissioner,,REP,Randy Christmann,7410
Cass,Public Service Commissioner,,REP,write-in,38
Cass,Public Service Commissioner Unexpired 2-Year Term,,DEM,Casey Buchmann,7622
Cass,Public Service Commissioner Unexpired 2-Year Term,,DEM,write-in,6
Cass,Public Service Commissioner Unexpired 2-Year Term,,LIB,write-in,16
Cass,Public Service Commissioner Unexpired 2-Year Term,,REP,Brian K Kroshus,7366
Cass,Public Service Commissioner Unexpired 2-Year Term,,REP,write-in,37
Cass,Publication of Minutes North River,,,No,16
Cass,Publication of Minutes North River,,,Yes,1
Cass,Publication of School District Minutes Fargo School District #1,,,No,1325
Cass,Publication of School District Minutes Fargo School District #1,,,Yes,8688
Cass,Publication of School District Minutes West Fargo School Dist #6,,,No,606
Cass,Publication of School District Minutes West Fargo School Dist #6,,,Yes,4485
Cass,School Board Member - Area #1 Northern Cass School Dist #97,,NON,Jason Lindseth,58
Cass,School Board Member - Area #1 Northern Cass School Dist #97,,NON,Nathan Melander,145
Cass,School Board Member - Area #1 Northern Cass School Dist #97,,NON,Penny Johnson,155
Cass,School Board Member - Area #1 Northern Cass School Dist #97,,NON,write-in,3
Cass,School Board Member - Area #6 Northern Cass School Dist #97,,NON,Melissa Broneske,124
Cass,School Board Member - Area #6 Northern Cass School Dist #97,,NON,Susie Carlson,226
Cass,School Board Member - Area #6 Northern Cass School Dist #97,,NON,write-in,4
Cass,School Board Member - At Large Mapleton School Dist #7,,NON,Murray Dietz,105
Cass,School Board Member - At Large Mapleton School Dist #7,,NON,write-in,4
Cass,School Board Member - City Mapleton School Dist #7,,NON,Aimee Mitchell,110
Cass,School Board Member - City Mapleton School Dist #7,,NON,write-in,1
Cass,School Board Member - City of Casselton Central Cass School #17,,NON,Brent Everson,337
Cass,School Board Member - City of Casselton Central Cass School #17,,NON,write-in,7
Cass,School Board Member - Clifford-Galesburg Mayport CG School Dist #14,,NON,James Aarsvold,0
Cass,School Board Member - Clifford-Galesburg Mayport CG School Dist #14,,NON,write-in,0
Cass,School Board Member - NE #3 Central Cass School #17,,NON,write-in,103
Cass,School Board Member - Rural Mapleton School Dist #7,,NON,write-in,18
Cass,School Board Member - Rural Mayville Mayport CG School Dist #14,,NON,write-in,0
Cass,School Board Member - Rural Portland Mayport CG School Dist #14,,NON,Jeremy Strand,0
Cass,School Board Member - Rural Portland Mayport CG School Dist #14,,NON,Lance Fugleberg,0
Cass,School Board Member - Rural Portland Mayport CG School Dist #14,,NON,write-in,0
Cass,School Board Member - SW #1 Central Cass School #17,,NON,Brandy Sprunk,342
Cass,School Board Member - SW #1 Central Cass School #17,,NON,write-in,5
Cass,School Board Member Fargo School District #1,,NON,Abdiwali Sharif-Abdinasir,2252
Cass,School Board Member Fargo School District #1,,NON,Brian Nelson,3556
Cass,School Board Member Fargo School District #1,,NON,David Paulson,3977
Cass,School Board Member Fargo School District #1,,NON,Jennifer Benson,4604
Cass,School Board Member Fargo School District #1,,NON,Nyamal Dei,2941
Cass,School Board Member Fargo School District #1,,NON,Rado Twardowski,829
Cass,School Board Member Fargo School District #1,,NON,Rebecca Knutson,5866
Cass,School Board Member Fargo School District #1,,NON,Robin Nelson,5883
Cass,School Board Member Fargo School District #1,,NON,Sandra Calhoun,3183
Cass,School Board Member Fargo School District #1,,NON,Stacey Piechowski,3342
Cass,School Board Member Fargo School District #1,,NON,write-in,56
Cass,School Board Member West Fargo School Dist #6,,NON,Aaron Mitchell,700
Cass,School Board Member West Fargo School Dist #6,,NON,Allan J Skramstad,984
Cass,School Board Member West Fargo School Dist #6,,NON,Barry D Miller,824
Cass,School Board Member West Fargo School Dist #6,,NON,Ben Haney,740
Cass,School Board Member West Fargo School Dist #6,,NON,Jeff Shirley,1162
Cass,School Board Member West Fargo School Dist #6,,NON,Jessica A Heilman,1752
Cass,School Board Member West Fargo School Dist #6,,NON,Jim Jonas,1991
Cass,School Board Member West Fargo School Dist #6,,NON,Jon L Erickson,1191
Cass,School Board Member West Fargo School Dist #6,,NON,Kara Gravley-Stack,1647
Cass,School Board Member West Fargo School Dist #6,,NON,Matuor Dot Alier,954
Cass,School Board Member West Fargo School Dist #6,,NON,Russell Novacek,718
Cass,School Board Member West Fargo School Dist #6,,NON,Shauna Vistad,1037
Cass,School Board Member West Fargo School Dist #6,,NON,Shelley Treib,934
Cass,School Board Member West Fargo School Dist #6,,NON,Summer Kristianson,1167
Cass,School Board Member West Fargo School Dist #6,,NON,write-in,29
Cass,Secretary of State,,DEM,Josh Boschee,7954
Cass,Secretary of State,,DEM,write-in,21
Cass,Secretary of State,,LIB,Roland Riemers,75
Cass,Secretary of State,,LIB,write-in,6
Cass,Secretary of State,,REP,Will Gardner,6099
Cass,Secretary of State,,REP,write-in,792
Cass,State House,11,DEM,Gretchen Dobervich,810
Cass,State House,11,DEM,Ron Guggisberg,700
Cass,State House,11,DEM,write-in,4
Cass,State House,11,LIB,write-in,3
Cass,State House,11,REP,Bridget Ertelt,422
Cass,State House,11,REP,Kathy Jorgenson,470
Cass,State House,11,REP,write-in,2
Cass,State House,13,DEM,Dianne Hyndman,694
Cass,State House,13,DEM,Landis Larson,639
Cass,State House,13,DEM,write-in,0
Cass,State House,13,LIB,write-in,2
Cass,State House,13,REP,Austen Schauer,825
Cass,State House,13,REP,Kim Koppelman,769
Cass,State House,13,REP,write-in,5
Cass,State House,21,DEM,LaurieBeth Hager,533
Cass,State House,21,DEM,Mary Schneider,691
Cass,State House,21,DEM,write-in,0
Cass,State House,21,LIB,write-in,2
Cass,State House,21,REP,Madison Rodgers,248
Cass,State House,21,REP,William H Kloubec,259
Cass,State House,21,REP,write-in,15
Cass,State House,25,DEM,Alisa Mitskog,78
Cass,State House,25,DEM,Bill Berlin,58
Cass,State House,25,DEM,write-in,1
Cass,State House,25,LIB,write-in,0
Cass,State House,25,REP,Cindy Beck,126
Cass,State House,25,REP,Rebecca Forness,124
Cass,State House,25,REP,write-in,0
Cass,State House,27,DEM,Jon Kitzman,428
Cass,State House,27,DEM,Ruth Buffalo,510
Cass,State House,27,DEM,write-in,2
Cass,State House,27,LIB,Timothy E Sizemore,9
Cass,State House,27,LIB,write-in,0
Cass,State House,27,REP,Randy G Boehning,547
Cass,State House,27,REP,Thomas Beadle,550
Cass,State House,27,REP,write-in,6
Cass,State House,41,DEM,Brandon Medenwald,578
Cass,State House,41,DEM,Pamela Anderson,701
Cass,State House,41,DEM,write-in,0
Cass,State House,41,LIB,write-in,8
Cass,State House,41,REP,Al Carlson,548
Cass,State House,41,REP,Michelle Strinden,643
Cass,State House,41,REP,write-in,10
Cass,State House,45,DEM,Lukas A Maughan,482
Cass,State House,45,DEM,Tim Hoye,507
Cass,State House,45,DEM,write-in,3
Cass,State House,45,LIB,write-in,2
Cass,State House,45,REP,Janelle Steinberg,343
Cass,State House,45,REP,Mary Johnson,481
Cass,State House,45,REP,Tom Kading,537
Cass,State House,45,REP,write-in,1
Cass,State Senate,11,DEM,Tim Mathern,936
Cass,State Senate,11,DEM,write-in,2
Cass,State Senate,11,LIB,write-in,2
Cass,State Senate,11,REP,Todd McMichael,546
Cass,State Senate,11,REP,write-in,5
Cass,State Senate,13,DEM,Carrie Leopold,788
Cass,State Senate,13,DEM,write-in,0
Cass,State Senate,13,LIB,write-in,2
Cass,State Senate,13,REP,Judy Lee,996
Cass,State Senate,13,REP,write-in,4
Cass,State Senate,21,DEM,Kathy Hogan,740
Cass,State Senate,21,DEM,write-in,0
Cass,State Senate,21,LIB,write-in,2
Cass,State Senate,21,REP,Sierra Heitkamp,293
Cass,State Senate,21,REP,write-in,15
Cass,State Senate,25,DEM,Perry Miller,82
Cass,State Senate,25,DEM,write-in,1
Cass,State Senate,25,LIB,write-in,0
Cass,State Senate,25,REP,Larry E Luick,177
Cass,State Senate,25,REP,write-in,3
Cass,State Senate,27,DEM,Quinn Joseph Garrick,583
Cass,State Senate,27,DEM,write-in,1
Cass,State Senate,27,LIB,write-in,1
Cass,State Senate,27,REP,Kristin Roers,699
Cass,State Senate,27,REP,write-in,3
Cass,State Senate,41,DEM,Paula Thomas,743
Cass,State Senate,41,DEM,write-in,0
Cass,State Senate,41,LIB,write-in,4
Cass,State Senate,41,REP,Kyle Davison,740
Cass,State Senate,41,REP,write-in,4
Cass,State Senate,45,DEM,Danielle Pinnick,588
Cass,State Senate,45,DEM,write-in,0
Cass,State Senate,45,LIB,write-in,1
Cass,State Senate,45,REP,Ronald Sorvaag,761
Cass,State Senate,45,REP,write-in,3
Cass,Tax Commissioner,,DEM,Kylie Oversen,7728
Cass,Tax Commissioner,,DEM,write-in,8
Cass,Tax Commissioner,,LIB,write-in,17
Cass,Tax Commissioner,,REP,Ryan Rauschenberger,7323
Cass,Tax Commissioner,,REP,write-in,80
Cass,U.S. House,1,DEM,Mac Schneider,8053
Cass,U.S. House,1,DEM,write-in,19
Cass,U.S. House,1,LIB,write-in,24
Cass,U.S. House,1,REP,Kelly Armstrong,4158
Cass,U.S. House,1,REP,Paul J Schaffner,651
Cass,U.S. House,1,REP,Tiffany Abentroth,1140
Cass,U.S. House,1,REP,Tom Campbell,2327
Cass,U.S. House,1,REP,write-in,16
Cass,U.S. Senate,,DEM,Heidi Heitkamp,8557
Cass,U.S. Senate,,DEM,write-in,46
Cass,U.S. Senate,,LIB,write-in,26
Cass,U.S. Senate,,REP,Kevin Cramer,7297
Cass,U.S. Senate,,REP,"Thomas E O""Neill",1465
Cass,U.S. Senate,,REP,write-in,27
Cavalier,Agriculture Commissioner,,DEM,Jim Dotzenrod,277
Cavalier,Agriculture Commissioner,,DEM,write-in,0
Cavalier,Agriculture Commissioner,,LIB,write-in,0
Cavalier,Agriculture Commissioner,,REP,Doug Goehring,552
Cavalier,Agriculture Commissioner,,REP,write-in,0
Cavalier,Attorney General,,DEM,David Clark Thompson,276
Cavalier,Attorney General,,DEM,write-in,0
Cavalier,Attorney General,,LIB,write-in,0
Cavalier,Attorney General,,REP,Wayne Stenehjem,552
Cavalier,Attorney General,,REP,write-in,2
Cavalier,Commission President Langdon,,NON,write-in,106
Cavalier,Commissioner Langdon,,NON,Cody Schlittenhard,381
Cavalier,Commissioner Langdon,,NON,James Rademacher,304
Cavalier,Commissioner Langdon,,NON,write-in,17
Cavalier,County Auditor Cavalier,,NON,Lisa Gellner,795
Cavalier,County Auditor Cavalier,,NON,write-in,5
Cavalier,County Commissioner at Large Cavalier,,NON,Austin Lafrenz,459
Cavalier,County Commissioner at Large Cavalier,,NON,Elsie Magnus,458
Cavalier,County Commissioner at Large Cavalier,,NON,F. Kenneth Olafson,250
Cavalier,County Commissioner at Large Cavalier,,NON,Nick Moser,539
Cavalier,County Commissioner at Large Cavalier,,NON,Shauna Schneider,151
Cavalier,County Commissioner at Large Cavalier,,NON,Stanley Dick,631
Cavalier,County Commissioner at Large Cavalier,,NON,Tom Valentine,125
Cavalier,County Commissioner at Large Cavalier,,NON,write-in,7
Cavalier,County Commissioner at Large Unexpired 2-Year Term Cavalier,,NON,Cregg Stein,373
Cavalier,County Commissioner at Large Unexpired 2-Year Term Cavalier,,NON,Dawn Roppel,134
Cavalier,County Commissioner at Large Unexpired 2-Year Term Cavalier,,NON,Gregory Goodman,380
Cavalier,County Commissioner at Large Unexpired 2-Year Term Cavalier,,NON,Jolene Ullyott,87
Cavalier,County Commissioner at Large Unexpired 2-Year Term Cavalier,,NON,write-in,2
Cavalier,County Official Newspaper Cavalier,,NON,Cavalier County Republican,864
Cavalier,County Recorder Cavalier,,NON,Vicki Kubat,902
Cavalier,County Recorder Cavalier,,NON,write-in,2
Cavalier,County Sheriff Cavalier,,NON,Greg Fetsch,908
Cavalier,County Sheriff Cavalier,,NON,write-in,6
Cavalier,County State's Attorney Cavalier,,NON,Cassey A. Breyer,408
Cavalier,County State's Attorney Cavalier,,NON,Scott Stewart,633
Cavalier,County State's Attorney Cavalier,,NON,write-in,0
Cavalier,County Treasurer Cavalier,,NON,Cynthia Stremick,864
Cavalier,County Treasurer Cavalier,,NON,write-in,3
Cavalier,Emergency Medical Service Levy 10 - Cavalier,,,No,311
Cavalier,Emergency Medical Service Levy 10 - Cavalier,,,Yes,697
Cavalier,Judge of the District Court No. 3 Unexpired 2-Year Term Northeast,,NON,Anthony Swain Benson,686
Cavalier,Judge of the District Court No. 3 Unexpired 2-Year Term Northeast,,NON,write-in,2
Cavalier,Justice of the Supreme Court,,NON,Lisa Fair McEvers,486
Cavalier,Justice of the Supreme Court,,NON,Robert V Bolinske Sr,243
Cavalier,Justice of the Supreme Court,,NON,write-in,1
Cavalier,Park Board Member Langdon Park,,NON,Dawn Christianson,363
Cavalier,Park Board Member Langdon Park,,NON,Tom Beauchamp,322
Cavalier,Park Board Member Langdon Park,,NON,write-in,5
Cavalier,Public Service Commissioner,,DEM,Jean Brandt,278
Cavalier,Public Service Commissioner,,DEM,write-in,0
Cavalier,Public Service Commissioner,,LIB,write-in,0
Cavalier,Public Service Commissioner,,REP,Randy Christmann,531
Cavalier,Public Service Commissioner,,REP,write-in,0
Cavalier,Public Service Commissioner Unexpired 2-Year Term,,DEM,Casey Buchmann,277
Cavalier,Public Service Commissioner Unexpired 2-Year Term,,DEM,write-in,1
Cavalier,Public Service Commissioner Unexpired 2-Year Term,,LIB,write-in,0
Cavalier,Public Service Commissioner Unexpired 2-Year Term,,REP,Brian K Kroshus,526
Cavalier,Public Service Commissioner Unexpired 2-Year Term,,REP,write-in,0
Cavalier,Sales and Use Tax Continuation Langdon,,,No,110
Cavalier,Sales and Use Tax Continuation Langdon,,,Yes,344
Cavalier,Secretary of State,,DEM,Josh Boschee,282
Cavalier,Secretary of State,,DEM,write-in,0
Cavalier,Secretary of State,,LIB,Roland Riemers,1
Cavalier,Secretary of State,,LIB,write-in,0
Cavalier,Secretary of State,,REP,Will Gardner,505
Cavalier,Secretary of State,,REP,write-in,13
Cavalier,Tax Commissioner,,DEM,Kylie Oversen,281
Cavalier,Tax Commissioner,,DEM,write-in,0
Cavalier,Tax Commissioner,,LIB,write-in,0
Cavalier,Tax Commissioner,,REP,Ryan Rauschenberger,530
Cavalier,Tax Commissioner,,REP,write-in,1
Cavalier,U.S. House,1,DEM,Mac Schneider,296
Cavalier,U.S. House,1,DEM,write-in,0
Cavalier,U.S. House,1,LIB,write-in,0
Cavalier,U.S. House,1,REP,Kelly Armstrong,339
Cavalier,U.S. House,1,REP,Paul J Schaffner,34
Cavalier,U.S. House,1,REP,Tiffany Abentroth,45
Cavalier,U.S. House,1,REP,Tom Campbell,191
Cavalier,U.S. House,1,REP,write-in,0
Cavalier,U.S. Senate,,DEM,Heidi Heitkamp,334
Cavalier,U.S. Senate,,DEM,write-in,0
Cavalier,U.S. Senate,,LIB,write-in,0
Cavalier,U.S. Senate,,REP,Kevin Cramer,564
Cavalier,U.S. Senate,,REP,"Thomas E O""Neill",83
Cavalier,U.S. Senate,,REP,write-in,1
Dickey,Agriculture Commissioner,,DEM,Jim Dotzenrod,196
Dickey,Agriculture Commissioner,,DEM,write-in,0
Dickey,Agriculture Commissioner,,LIB,write-in,0
Dickey,Agriculture Commissioner,,REP,Doug Goehring,364
Dickey,Agriculture Commissioner,,REP,write-in,1
Dickey,Attorney General,,DEM,David Clark Thompson,192
Dickey,Attorney General,,DEM,write-in,0
Dickey,Attorney General,,LIB,write-in,0
Dickey,Attorney General,,REP,Wayne Stenehjem,363
Dickey,Attorney General,,REP,write-in,4
Dickey,Council Member Ellendale,,NON,Dawn Bauer,114
Dickey,Council Member Ellendale,,NON,Donald Flaherty,130
Dickey,Council Member Ellendale,,NON,write-in,34
Dickey,Council Member Fullerton,,NON,Steven Peterson,14
Dickey,Council Member Fullerton,,NON,write-in,1
Dickey,Council Member Oakes,,NON,Art Conklin,202
Dickey,Council Member Oakes,,NON,Nicholas Harris,211
Dickey,Council Member Oakes,,NON,write-in,129
Dickey,Council Member Unexpired 2-Year Term Ellendale,,NON,Richard Wadholm,150
Dickey,Council Member Unexpired 2-Year Term Ellendale,,NON,write-in,16
Dickey,County Auditor Dickey,,NON,Wanda Sheppard,549
Dickey,County Auditor Dickey,,NON,write-in,3
Dickey,County Commissioner Dickey - District 1,,NON,Joel Hamar,539
Dickey,County Commissioner Dickey - District 1,,NON,write-in,12
Dickey,County Commissioner Dickey - District 3,,NON,Dean Simek,554
Dickey,County Commissioner Dickey - District 3,,NON,write-in,7
Dickey,County Commissioner Dickey - District 5,,NON,John Hokana,537
Dickey,County Commissioner Dickey - District 5,,NON,write-in,27
Dickey,County Official Newspaper Dickey,,NON,Dickey County Leader,543
Dickey,County Recorder Dickey,,NON,Deborah Anderson,560
Dickey,County Recorder Dickey,,NON,write-in,1
Dickey,County Sheriff Dickey,,NON,Chris Estes,562
Dickey,County Sheriff Dickey,,NON,write-in,15
Dickey,County State's Attorney Dickey,,NON,Jeff Glynn,564
Dickey,County State's Attorney Dickey,,NON,write-in,1
Dickey,County Treasurer Dickey,,NON,Gail A Veland,581
Dickey,County Treasurer Dickey,,NON,write-in,1
Dickey,Increase Library Fund mill levy from 4 mill to 8 mill Ellendale,,,No,43
Dickey,Increase Library Fund mill levy from 4 mill to 8 mill Ellendale,,,Yes,124
Dickey,Judge of the District Court No. 3 Southeast,,NON,Brad Cruff,519
Dickey,Judge of the District Court No. 3 Southeast,,NON,write-in,1
Dickey,Justice of the Supreme Court,,NON,Lisa Fair McEvers,302
Dickey,Justice of the Supreme Court,,NON,Robert V Bolinske Sr,193
Dickey,Justice of the Supreme Court,,NON,write-in,0
Dickey,Mayor Ellendale,,NON,Matthew Thorpe,151
Dickey,Mayor Ellendale,,NON,write-in,5
Dickey,Mayor Oakes,,NON,Monty Zimmer,130
Dickey,Mayor Oakes,,NON,"Nathan O""Brien",120
Dickey,Mayor Oakes,,NON,write-in,2
Dickey,Park Board Member Ellendale Park,,NON,Daryl Monette,108
Dickey,Park Board Member Ellendale Park,,NON,Jeff Thorpe,51
Dickey,Park Board Member Ellendale Park,,NON,Jeff Ulmer,154
Dickey,Park Board Member Ellendale Park,,NON,write-in,0
Dickey,Park Board Member Fullerton Park,,NON,Blake Peterson,11
Dickey,Park Board Member Fullerton Park,,NON,Christine Peterson,11
Dickey,Park Board Member Fullerton Park,,NON,write-in,2
Dickey,Park Board Member Oakes Park,,NON,Jason Paradis,210
Dickey,Park Board Member Oakes Park,,NON,Jill Cox,194
Dickey,Park Board Member Oakes Park,,NON,Leslie Dethlefsen,217
Dickey,Park Board Member Oakes Park,,NON,write-in,12
Dickey,Public Service Commissioner,,DEM,Jean Brandt,190
Dickey,Public Service Commissioner,,DEM,write-in,0
Dickey,Public Service Commissioner,,LIB,write-in,0
Dickey,Public Service Commissioner,,REP,Randy Christmann,359
Dickey,Public Service Commissioner,,REP,write-in,0
Dickey,Public Service Commissioner Unexpired 2-Year Term,,DEM,Casey Buchmann,187
Dickey,Public Service Commissioner Unexpired 2-Year Term,,DEM,write-in,0
Dickey,Public Service Commissioner Unexpired 2-Year Term,,LIB,write-in,0
Dickey,Public Service Commissioner Unexpired 2-Year Term,,REP,Brian K Kroshus,355
Dickey,Public Service Commissioner Unexpired 2-Year Term,,REP,write-in,2
Dickey,Secretary of State,,DEM,Josh Boschee,192
Dickey,Secretary of State,,DEM,write-in,0
Dickey,Secretary of State,,LIB,Roland Riemers,2
Dickey,Secretary of State,,LIB,write-in,0
Dickey,Secretary of State,,REP,Will Gardner,331
Dickey,Secretary of State,,REP,write-in,19
Dickey,Tax Commissioner,,DEM,Kylie Oversen,189
Dickey,Tax Commissioner,,DEM,write-in,1
Dickey,Tax Commissioner,,LIB,write-in,0
Dickey,Tax Commissioner,,REP,Ryan Rauschenberger,352
Dickey,Tax Commissioner,,REP,write-in,1
Dickey,U.S. House,1,DEM,Mac Schneider,194
Dickey,U.S. House,1,DEM,write-in,1
Dickey,U.S. House,1,LIB,write-in,0
Dickey,U.S. House,1,REP,Kelly Armstrong,164
Dickey,U.S. House,1,REP,Paul J Schaffner,44
Dickey,U.S. House,1,REP,Tiffany Abentroth,37
Dickey,U.S. House,1,REP,Tom Campbell,124
Dickey,U.S. House,1,REP,write-in,0
Dickey,U.S. Senate,,DEM,Heidi Heitkamp,206
Dickey,U.S. Senate,,DEM,write-in,0
Dickey,U.S. Senate,,LIB,write-in,0
Dickey,U.S. Senate,,REP,Kevin Cramer,333
Dickey,U.S. Senate,,REP,"Thomas E O""Neill",58
Dickey,U.S. Senate,,REP,write-in,0
Divide,Agriculture Commissioner,,DEM,Jim Dotzenrod,127
Divide,Agriculture Commissioner,,DEM,write-in,0
Divide,Agriculture Commissioner,,LIB,write-in,1
Divide,Agriculture Commissioner,,REP,Doug Goehring,361
Divide,Agriculture Commissioner,,REP,write-in,0
Divide,Attorney General,,DEM,David Clark Thompson,126
Divide,Attorney General,,DEM,write-in,0
Divide,Attorney General,,LIB,write-in,1
Divide,Attorney General,,REP,Wayne Stenehjem,367
Divide,Attorney General,,REP,write-in,1
Divide,Council Member Crosby,,NON,Alexa Kruger,207
Divide,Council Member Crosby,,NON,Brian Lund,201
Divide,Council Member Crosby,,NON,Don Wolf,118
Divide,Council Member Crosby,,NON,Doug Anderson,182
Divide,Council Member Crosby,,NON,Wayne Benter,146
Divide,Council Member Crosby,,NON,write-in,2
Divide,County Auditor/Treasurer Divide,,NON,Gayle Jastrzebski,493
Divide,County Auditor/Treasurer Divide,,NON,write-in,10
Divide,County Commissioner At Large By District Divide - District 1,,NON,Gerald Brady,507
Divide,County Commissioner At Large By District Divide - District 1,,NON,write-in,11
Divide,County Commissioner At Large By District Divide - District 3,,NON,Tim Selle,491
Divide,County Commissioner At Large By District Divide - District 3,,NON,write-in,11
Divide,County Official Newspaper Divide,,NON,The Journal,454
Divide,County Recorder Divide,,NON,Christina Running,517
Divide,County Recorder Divide,,NON,write-in,2
Divide,County Sheriff Divide,,NON,Lauren Throntveit,215
Divide,County Sheriff Divide,,NON,Zachary Schroeder,352
Divide,County Sheriff Divide,,NON,write-in,6
Divide,County State's Attorney Divide,,NON,Seymour Jordan,478
Divide,County State's Attorney Divide,,NON,write-in,15
Divide,Judge of the District Court No. 5 Unexpired 4-Year Term Northwest,,NON,Daniel S El-Dweek,447
Divide,Judge of the District Court No. 5 Unexpired 4-Year Term Northwest,,NON,write-in,1
Divide,Judge of the District Court No. 6 Unexpired 4-Year Term Northwest,,NON,Kirsten M Sjue,456
Divide,Judge of the District Court No. 6 Unexpired 4-Year Term Northwest,,NON,write-in,1
Divide,Justice of the Supreme Court,,NON,Lisa Fair McEvers,301
Divide,Justice of the Supreme Court,,NON,Robert V Bolinske Sr,181
Divide,Justice of the Supreme Court,,NON,write-in,0
Divide,Mayor Crosby,,NON,Bert Anderson,247
Divide,Mayor Crosby,,NON,write-in,12
Divide,Park Board Member Crosby Park,,NON,Kenny Thomas,214
Divide,Park Board Member Crosby Park,,NON,Sheila Haugland,256
Divide,Park Board Member Crosby Park,,NON,write-in,5
Divide,Public Service Commissioner,,DEM,Jean Brandt,133
Divide,Public Service Commissioner,,DEM,write-in,0
Divide,Public Service Commissioner,,LIB,write-in,1
Divide,Public Service Commissioner,,REP,Randy Christmann,348
Divide,Public Service Commissioner,,REP,write-in,0
Divide,Public Service Commissioner Unexpired 2-Year Term,,DEM,Casey Buchmann,127
Divide,Public Service Commissioner Unexpired 2-Year Term,,DEM,write-in,0
Divide,Public Service Commissioner Unexpired 2-Year Term,,LIB,write-in,1
Divide,Public Service Commissioner Unexpired 2-Year Term,,REP,Brian K Kroshus,347
Divide,Public Service Commissioner Unexpired 2-Year Term,,REP,write-in,0
Divide,Secretary of State,,DEM,Josh Boschee,134
Divide,Secretary of State,,DEM,write-in,0
Divide,Secretary of State,,LIB,Roland Riemers,2
Divide,Secretary of State,,LIB,write-in,0
Divide,Secretary of State,,REP,Will Gardner,320
Divide,Secretary of State,,REP,write-in,12
Divide,Tax Commissioner,,DEM,Kylie Oversen,134
Divide,Tax Commissioner,,DEM,write-in,0
Divide,Tax Commissioner,,LIB,write-in,1
Divide,Tax Commissioner,,REP,Ryan Rauschenberger,345
Divide,Tax Commissioner,,REP,write-in,0
Divide,U.S. House,1,DEM,Mac Schneider,138
Divide,U.S. House,1,DEM,write-in,0
Divide,U.S. House,1,LIB,write-in,1
Divide,U.S. House,1,REP,Kelly Armstrong,167
Divide,U.S. House,1,REP,Paul J Schaffner,51
Divide,U.S. House,1,REP,Tiffany Abentroth,42
Divide,U.S. House,1,REP,Tom Campbell,106
Divide,U.S. House,1,REP,write-in,0
Divide,U.S. Senate,,DEM,Heidi Heitkamp,160
Divide,U.S. Senate,,DEM,write-in,0
Divide,U.S. Senate,,LIB,write-in,1
Divide,U.S. Senate,,REP,Kevin Cramer,333
Divide,U.S. Senate,,REP,"Thomas E O""Neill",55
Divide,U.S. Senate,,REP,write-in,0
Dunn,Agriculture Commissioner,,DEM,Jim Dotzenrod,191
Dunn,Agriculture Commissioner,,DEM,write-in,0
Dunn,Agriculture Commissioner,,LIB,write-in,0
Dunn,Agriculture Commissioner,,REP,Doug Goehring,852
Dunn,Agriculture Commissioner,,REP,write-in,1
Dunn,Attorney General,,DEM,David Clark Thompson,187
Dunn,Attorney General,,DEM,write-in,0
Dunn,Attorney General,,LIB,write-in,0
Dunn,Attorney General,,REP,Wayne Stenehjem,842
Dunn,Attorney General,,REP,write-in,5
Dunn,Commission President Killdeer,,NON,Anita Mjolhus,99
Dunn,Commission President Killdeer,,NON,Charles Muscha,184
Dunn,Commission President Killdeer,,NON,write-in,1
Dunn,Commission President Unexpired 2-Year Term Halliday,,NON,Blair Selle,50
Dunn,Commission President Unexpired 2-Year Term Halliday,,NON,write-in,4
Dunn,Commissioner Halliday,,NON,Janet Wanek,47
Dunn,Commissioner Halliday,,NON,Rene Kraus,48
Dunn,Commissioner Halliday,,NON,write-in,5
Dunn,Commissioner Killdeer,,NON,John Reese,138
Dunn,Commissioner Killdeer,,NON,Kevin Candrian,175
Dunn,Commissioner Killdeer,,NON,Kij Rohr,192
Dunn,Commissioner Killdeer,,NON,write-in,3
Dunn,Commissioner Unexpired 2-Year Term Killdeer,,NON,James Mousseau,149
Dunn,Commissioner Unexpired 2-Year Term Killdeer,,NON,Kelly Summerfield,127
Dunn,Commissioner Unexpired 2-Year Term Killdeer,,NON,write-in,2
Dunn,Council Member Dodge,,NON,Kelly Wolff,27
Dunn,Council Member Dodge,,NON,write-in,1
Dunn,Council Member Dunn Center,,NON,Shasta Patterson,30
Dunn,Council Member Dunn Center,,NON,Shaun Lambert,27
Dunn,Council Member Dunn Center,,NON,write-in,15
Dunn,Council Member Unexpired 2-Year Term Dunn Center,,NON,write-in,15
Dunn,County Auditor/Treasurer Dunn,,NON,Tracey Dolezal,1086
Dunn,County Auditor/Treasurer Dunn,,NON,write-in,25
Dunn,County Commissioner at Large Dunn,,NON,Craig Pelton,861
Dunn,County Commissioner at Large Dunn,,NON,Daryl Dukart,796
Dunn,County Commissioner at Large Dunn,,NON,Donna Scott,654
Dunn,County Commissioner at Large Dunn,,NON,Joann Marsh Brew,677
Dunn,County Commissioner at Large Dunn,,NON,write-in,186
Dunn,County Official Newspaper Dunn,,NON,The Dunn County Herald,967
Dunn,County Recorder/Clerk of District Court Dunn,,NON,Lisa A Guenther,1077
Dunn,County Recorder/Clerk of District Court Dunn,,NON,write-in,13
Dunn,County Sheriff Dunn,,NON,Brad Petry,10
Dunn,County Sheriff Dunn,,NON,Eric Braathen,361
Dunn,County Sheriff Dunn,,NON,Gary Kuhn,406
Dunn,County Sheriff Dunn,,NON,Ron Krivoruchka,81
Dunn,County Sheriff Dunn,,NON,Ron McCloud,380
Dunn,County Sheriff Dunn,,NON,write-in,3
Dunn,County State's Attorney Dunn,,NON,Daniel Gulya,376
Dunn,County State's Attorney Dunn,,NON,Pat Merriman,285
Dunn,County State's Attorney Dunn,,NON,Stephenie Davis,508
Dunn,County State's Attorney Dunn,,NON,write-in,1
Dunn,Increase the number of Mills for the building fund from 10 mills to 20 mills. Dickinson School,,,No,64
Dunn,Increase the number of Mills for the building fund from 10 mills to 20 mills. Dickinson School,,,Yes,25
Dunn,Judge of the District Court No. 1 Southwest,,NON,James D Gion,1002
Dunn,Judge of the District Court No. 1 Southwest,,NON,write-in,3
Dunn,Judge of the District Court No. 3 Southwest,,NON,Dann Greenwood,1022
Dunn,Judge of the District Court No. 3 Southwest,,NON,write-in,1
Dunn,Judge of the District Court No. 4 Unexpired 4-Year Term Southwest,,NON,Rhonda R Ehlis,999
Dunn,Judge of the District Court No. 4 Unexpired 4-Year Term Southwest,,NON,write-in,2
Dunn,Justice of the Supreme Court,,NON,Lisa Fair McEvers,570
Dunn,Justice of the Supreme Court,,NON,Robert V Bolinske Sr,438
Dunn,Justice of the Supreme Court,,NON,write-in,3
Dunn,Killdeer City Sales Tax Killdeer,,,No,160
Dunn,Killdeer City Sales Tax Killdeer,,,Yes,138
Dunn,Mayor Dodge,,NON,Leonard Streifel,28
Dunn,Mayor Dodge,,NON,write-in,1
Dunn,Park Board Commissioner Halliday Park,,NON,Darrel Gegelmann,55
Dunn,Park Board Commissioner Halliday Park,,NON,write-in,14
Dunn,Park Board Member Dodge Park,,NON,Jarrett Jones,25
Dunn,Park Board Member Dodge Park,,NON,Tarri Joki,23
Dunn,Park Board Member Dodge Park,,NON,write-in,6
Dunn,Park Board Member Killdeer Park,,NON,Abby Oase,236
Dunn,Park Board Member Killdeer Park,,NON,write-in,64
Dunn,Public Service Commissioner,,DEM,Jean Brandt,192
Dunn,Public Service Commissioner,,DEM,write-in,0
Dunn,Public Service Commissioner,,LIB,write-in,0
Dunn,Public Service Commissioner,,REP,Randy Christmann,842
Dunn,Public Service Commissioner,,REP,write-in,3
Dunn,Public Service Commissioner Unexpired 2-Year Term,,DEM,Casey Buchmann,187
Dunn,Public Service Commissioner Unexpired 2-Year Term,,DEM,write-in,0
Dunn,Public Service Commissioner Unexpired 2-Year Term,,LIB,write-in,0
Dunn,Public Service Commissioner Unexpired 2-Year Term,,REP,Brian K Kroshus,813
Dunn,Public Service Commissioner Unexpired 2-Year Term,,REP,write-in,3
Dunn,School Board Member - At Large Richardton/Taylor School,,NON,Shannon Goetz,35
Dunn,School Board Member - At Large Richardton/Taylor School,,NON,write-in,1
Dunn,School Board Member - At Large South Heart School,,NON,Lynette Silbernagel,26
Dunn,School Board Member - At Large South Heart School,,NON,write-in,0
Dunn,School Board Member - Rural Richardton/Taylor School,,NON,Ty Dressler,35
Dunn,School Board Member - Rural Richardton/Taylor School,,NON,write-in,1
Dunn,School Board Member Dickinson School,,NON,Jason Rodakowski,38
Dunn,School Board Member Dickinson School,,NON,John Menard,18
Dunn,School Board Member Dickinson School,,NON,Katie Schlosser,27
Dunn,School Board Member Dickinson School,,NON,Kimberly Schwartz,46
Dunn,School Board Member Dickinson School,,NON,Michelle Orton,36
Dunn,School Board Member Dickinson School,,NON,Sarah Carlson,28
Dunn,School Board Member Dickinson School,,NON,Tanya Rude,16
Dunn,School Board Member Dickinson School,,NON,write-in,0
Dunn,School Board Member Halliday School,,NON,David Kuntz,134
Dunn,School Board Member Halliday School,,NON,write-in,6
Dunn,School Board Member Killdeer School,,NON,Pamla Kukla,410
Dunn,School Board Member Killdeer School,,NON,Teresa Dvorak,308
Dunn,School Board Member Killdeer School,,NON,write-in,5
Dunn,School Board Member at Large Beulah School,,NON,Blake Seibel,46
Dunn,School Board Member at Large Beulah School,,NON,David Ripplinger,40
Dunn,School Board Member at Large Beulah School,,NON,write-in,0
Dunn,Secretary of State,,DEM,Josh Boschee,190
Dunn,Secretary of State,,DEM,write-in,0
Dunn,Secretary of State,,LIB,Roland Riemers,0
Dunn,Secretary of State,,LIB,write-in,0
Dunn,Secretary of State,,REP,Will Gardner,755
Dunn,Secretary of State,,REP,write-in,61
Dunn,State House,39,DEM,write-in,2
Dunn,State House,39,LIB,write-in,0
Dunn,State House,39,REP,Denton Zubke,254
Dunn,State House,39,REP,Keith Kempenich,254
Dunn,State House,39,REP,write-in,1
Dunn,State Senate,39,DEM,write-in,0
Dunn,State Senate,39,LIB,write-in,0
Dunn,State Senate,39,REP,Dale Patten,315
Dunn,State Senate,39,REP,write-in,0
Dunn,Tax Commissioner,,DEM,Kylie Oversen,217
Dunn,Tax Commissioner,,DEM,write-in,0
Dunn,Tax Commissioner,,LIB,write-in,0
Dunn,Tax Commissioner,,REP,Ryan Rauschenberger,833
Dunn,Tax Commissioner,,REP,write-in,5
Dunn,U.S. House,1,DEM,Mac Schneider,191
Dunn,U.S. House,1,DEM,write-in,0
Dunn,U.S. House,1,LIB,write-in,0
Dunn,U.S. House,1,REP,Kelly Armstrong,716
Dunn,U.S. House,1,REP,Paul J Schaffner,31
Dunn,U.S. House,1,REP,Tiffany Abentroth,46
Dunn,U.S. House,1,REP,Tom Campbell,115
Dunn,U.S. House,1,REP,write-in,0
Dunn,U.S. Senate,,DEM,Heidi Heitkamp,218
Dunn,U.S. Senate,,DEM,write-in,0
Dunn,U.S. Senate,,LIB,write-in,0
Dunn,U.S. Senate,,REP,Kevin Cramer,837
Dunn,U.S. Senate,,REP,"Thomas E O""Neill",86
Dunn,U.S. Senate,,REP,write-in,2
Eddy,Agriculture Commissioner,,DEM,Jim Dotzenrod,227
Eddy,Agriculture Commissioner,,DEM,write-in,0
Eddy,Agriculture Commissioner,,LIB,write-in,0
Eddy,Agriculture Commissioner,,REP,Doug Goehring,305
Eddy,Agriculture Commissioner,,REP,write-in,0
Eddy,Attorney General,,DEM,David Clark Thompson,227
Eddy,Attorney General,,DEM,write-in,0
Eddy,Attorney General,,LIB,write-in,0
Eddy,Attorney General,,REP,Wayne Stenehjem,299
Eddy,Attorney General,,REP,write-in,0
Eddy,Commissioner New Rockford,,NON,DeVon Allmaras,172
Eddy,Commissioner New Rockford,,NON,Ryan Hager,280
Eddy,Commissioner New Rockford,,NON,write-in,39
Eddy,County Auditor Eddy,,NON,Patty Williams,577
Eddy,County Auditor Eddy,,NON,write-in,1
Eddy,County Commissioner Eddy - Districts At-Large,,NON,Dave Gehrtz,299
Eddy,County Commissioner Eddy - Districts At-Large,,NON,Jeff Pfau,260
Eddy,County Commissioner Eddy - Districts At-Large,,NON,Michael Carter,223
Eddy,County Commissioner Eddy - Districts At-Large,,NON,Neal Rud,416
Eddy,County Commissioner Eddy - Districts At-Large,,NON,write-in,11
Eddy,County Official Newspaper Eddy,,NON,New Rockford Transcript,579
Eddy,County Recorder/Clerk of District Court Eddy,,NON,Patty Hilbert,585
Eddy,County Recorder/Clerk of District Court Eddy,,NON,write-in,0
Eddy,County Sheriff Eddy,,NON,Paul Lies,596
Eddy,County Sheriff Eddy,,NON,write-in,5
Eddy,County State's Attorney Eddy,,NON,Ashley L. Lies,383
Eddy,County State's Attorney Eddy,,NON,Travis S. Peterson,239
Eddy,County State's Attorney Eddy,,NON,write-in,0
Eddy,County Treasurer Eddy,,NON,Kathy Anderson,567
Eddy,County Treasurer Eddy,,NON,write-in,2
Eddy,Judge of the District Court No. 3 Southeast,,NON,Brad Cruff,503
Eddy,Judge of the District Court No. 3 Southeast,,NON,write-in,1
Eddy,Justice of the Supreme Court,,NON,Lisa Fair McEvers,320
Eddy,Justice of the Supreme Court,,NON,Robert V Bolinske Sr,188
Eddy,Justice of the Supreme Court,,NON,write-in,2
Eddy,Park Board Commissioner New Rockford Park,,NON,Jonathan Fortney,273
Eddy,Park Board Commissioner New Rockford Park,,NON,write-in,324
Eddy,Public Service Commissioner,,DEM,Jean Brandt,229
Eddy,Public Service Commissioner,,DEM,write-in,0
Eddy,Public Service Commissioner,,LIB,write-in,0
Eddy,Public Service Commissioner,,REP,Randy Christmann,299
Eddy,Public Service Commissioner,,REP,write-in,0
Eddy,Public Service Commissioner Unexpired 2-Year Term,,DEM,Casey Buchmann,229
Eddy,Public Service Commissioner Unexpired 2-Year Term,,DEM,write-in,0
Eddy,Public Service Commissioner Unexpired 2-Year Term,,LIB,write-in,0
Eddy,Public Service Commissioner Unexpired 2-Year Term,,REP,Brian K Kroshus,295
Eddy,Public Service Commissioner Unexpired 2-Year Term,,REP,write-in,0
Eddy,Secretary of State,,DEM,Josh Boschee,234
Eddy,Secretary of State,,DEM,write-in,0
Eddy,Secretary of State,,LIB,Roland Riemers,0
Eddy,Secretary of State,,LIB,write-in,0
Eddy,Secretary of State,,REP,Will Gardner,289
Eddy,Secretary of State,,REP,write-in,5
Eddy,State House,23,DEM,Cathy Swenson,226
Eddy,State House,23,DEM,Jessica Dillon Hawkes,196
Eddy,State House,23,DEM,write-in,2
Eddy,State House,23,LIB,write-in,0
Eddy,State House,23,REP,Bill Devlin,276
Eddy,State House,23,REP,Don Vigesaa,277
Eddy,State House,23,REP,write-in,0
Eddy,State Senate,23,DEM,Joan Heckaman,265
Eddy,State Senate,23,DEM,write-in,0
Eddy,State Senate,23,LIB,write-in,0
Eddy,State Senate,23,REP,Judy Estenson,293
Eddy,State Senate,23,REP,write-in,0
Eddy,Tax Commissioner,,DEM,Kylie Oversen,230
Eddy,Tax Commissioner,,DEM,write-in,0
Eddy,Tax Commissioner,,LIB,write-in,0
Eddy,Tax Commissioner,,REP,Ryan Rauschenberger,297
Eddy,Tax Commissioner,,REP,write-in,0
Eddy,U.S. House,1,DEM,Mac Schneider,228
Eddy,U.S. House,1,DEM,write-in,0
Eddy,U.S. House,1,LIB,write-in,0
Eddy,U.S. House,1,REP,Kelly Armstrong,158
Eddy,U.S. House,1,REP,Paul J Schaffner,21
Eddy,U.S. House,1,REP,Tiffany Abentroth,22
Eddy,U.S. House,1,REP,Tom Campbell,109
Eddy,U.S. House,1,REP,write-in,0
Eddy,U.S. Senate,,DEM,Heidi Heitkamp,263
Eddy,U.S. Senate,,DEM,write-in,0
Eddy,U.S. Senate,,LIB,write-in,0
Eddy,U.S. Senate,,REP,Kevin Cramer,300
Eddy,U.S. Senate,,REP,"Thomas E O""Neill",29
Eddy,U.S. Senate,,REP,write-in,0
Emmons,Agriculture Commissioner,,DEM,Jim Dotzenrod,110
Emmons,Agriculture Commissioner,,DEM,write-in,0
Emmons,Agriculture Commissioner,,LIB,write-in,0
Emmons,Agriculture Commissioner,,REP,Doug Goehring,676
Emmons,Agriculture Commissioner,,REP,write-in,2
Emmons,Attorney General,,DEM,David Clark Thompson,109
Emmons,Attorney General,,DEM,write-in,0
Emmons,Attorney General,,LIB,write-in,0
Emmons,Attorney General,,REP,Wayne Stenehjem,661
Emmons,Attorney General,,REP,write-in,5
Emmons,County Auditor/Treasurer Emmons,,NON,Marlys Ohlhauser,751
Emmons,County Auditor/Treasurer Emmons,,NON,write-in,10
Emmons,County Commissioner Emmons - District 2,,NON,Erin Magrum,104
Emmons,County Commissioner Emmons - District 2,,NON,Francis Lawler,75
Emmons,County Commissioner Emmons - District 2,,NON,Lyle Hanson,61
Emmons,County Commissioner Emmons - District 2,,NON,write-in,1
Emmons,County Commissioner Emmons - District 4,,NON,Danielle Stoppler,34
Emmons,County Commissioner Emmons - District 4,,NON,Gerry Kraft,41
Emmons,County Commissioner Emmons - District 4,,NON,Leonard Weichel,69
Emmons,County Commissioner Emmons - District 4,,NON,write-in,1
Emmons,County Official Newspaper Emmons,,NON,Emmons County Record,764
Emmons,County Recorder/Clerk of District Court Emmons,,NON,Anita Ibach,773
Emmons,County Recorder/Clerk of District Court Emmons,,NON,write-in,2
Emmons,County Sheriff Emmons,,NON,Gary R Sanders,779
Emmons,County Sheriff Emmons,,NON,write-in,10
Emmons,County State's Attorney Emmons,,NON,Joseph Hanson,746
Emmons,County State's Attorney Emmons,,NON,write-in,3
Emmons,Judge of the District Court No. 3 South Central,,NON,Bruce A Romanick,689
Emmons,Judge of the District Court No. 3 South Central,,NON,write-in,2
Emmons,Judge of the District Court No. 4 South Central,,NON,Daniel Borgen,679
Emmons,Judge of the District Court No. 4 South Central,,NON,write-in,1
Emmons,Judge of the District Court No. 9 Unexpired 4-Year Term South Central,,NON,John W Grinsteiner,684
Emmons,Judge of the District Court No. 9 Unexpired 4-Year Term South Central,,NON,write-in,1
Emmons,Justice of the Supreme Court,,NON,Lisa Fair McEvers,324
Emmons,Justice of the Supreme Court,,NON,Robert V Bolinske Sr,383
Emmons,Justice of the Supreme Court,,NON,write-in,2
Emmons,Public Service Commissioner,,DEM,Jean Brandt,109
Emmons,Public Service Commissioner,,DEM,write-in,0
Emmons,Public Service Commissioner,,LIB,write-in,0
Emmons,Public Service Commissioner,,REP,Randy Christmann,641
Emmons,Public Service Commissioner,,REP,write-in,2
Emmons,Public Service Commissioner Unexpired 2-Year Term,,DEM,Casey Buchmann,106
Emmons,Public Service Commissioner Unexpired 2-Year Term,,DEM,write-in,0
Emmons,Public Service Commissioner Unexpired 2-Year Term,,LIB,write-in,0
Emmons,Public Service Commissioner Unexpired 2-Year Term,,REP,Brian K Kroshus,635
Emmons,Public Service Commissioner Unexpired 2-Year Term,,REP,write-in,2
Emmons,Secretary of State,,DEM,Josh Boschee,111
Emmons,Secretary of State,,DEM,write-in,0
Emmons,Secretary of State,,LIB,Roland Riemers,0
Emmons,Secretary of State,,LIB,write-in,0
Emmons,Secretary of State,,REP,Will Gardner,599
Emmons,Secretary of State,,REP,write-in,33
Emmons,Tax Commissioner,,DEM,Kylie Oversen,109
Emmons,Tax Commissioner,,DEM,write-in,0
Emmons,Tax Commissioner,,LIB,write-in,0
Emmons,Tax Commissioner,,REP,Ryan Rauschenberger,638
Emmons,Tax Commissioner,,REP,write-in,4
Emmons,U.S. House,1,DEM,Mac Schneider,111
Emmons,U.S. House,1,DEM,write-in,0
Emmons,U.S. House,1,LIB,write-in,0
Emmons,U.S. House,1,REP,Kelly Armstrong,348
Emmons,U.S. House,1,REP,Paul J Schaffner,82
Emmons,U.S. House,1,REP,Tiffany Abentroth,39
Emmons,U.S. House,1,REP,Tom Campbell,215
Emmons,U.S. House,1,REP,write-in,4
Emmons,U.S. Senate,,DEM,Heidi Heitkamp,137
Emmons,U.S. Senate,,DEM,write-in,0
Emmons,U.S. Senate,,LIB,write-in,0
Emmons,U.S. Senate,,REP,Kevin Cramer,661
Emmons,U.S. Senate,,REP,"Thomas E O""Neill",66
Emmons,U.S. Senate,,REP,write-in,1
Foster,Agriculture Commissioner,,DEM,Jim Dotzenrod,178
Foster,Agriculture Commissioner,,DEM,write-in,0
Foster,Agriculture Commissioner,,LIB,write-in,1
Foster,Agriculture Commissioner,,REP,Doug Goehring,422
Foster,Agriculture Commissioner,,REP,write-in,2
Foster,Attorney General,,DEM,David Clark Thompson,180
Foster,Attorney General,,DEM,write-in,0
Foster,Attorney General,,LIB,write-in,1
Foster,Attorney General,,REP,Wayne Stenehjem,425
Foster,Attorney General,,REP,write-in,4
Foster,Council Member Carrington,,NON,Albert Trader,350
Foster,Council Member Carrington,,NON,John Keller,50
Foster,Council Member Carrington,,NON,write-in,1
Foster,Council Member Carrington-Ward 1,,NON,write-in,35
Foster,Council Member Carrington-Ward 2,,NON,Troy Roundy,200
Foster,Council Member Carrington-Ward 2,,NON,write-in,1
Foster,Council Member Glenfield,,NON,Holly Utke,15
Foster,Council Member Glenfield,,NON,Josh Johnson,17
Foster,Council Member Glenfield,,NON,write-in,1
Foster,Council Member Grace City,,NON,John Cunningham,12
Foster,Council Member Grace City,,NON,Loren Larson Jr.,10
Foster,Council Member Grace City,,NON,write-in,1
Foster,Council Member McHenry,,NON,Luverne Hoyt,27
Foster,Council Member McHenry,,NON,Richard Aasand,26
Foster,Council Member McHenry,,NON,write-in,4
Foster,County Auditor Foster,,NON,Brad Solberg,635
Foster,County Auditor Foster,,NON,write-in,3
Foster,County Commissioner Foster - Commissioner District 2,,NON,Alan Scanson,129
Foster,County Commissioner Foster - Commissioner District 2,,NON,write-in,6
Foster,County Commissioner Foster - Commissioner District 4,,NON,Scott A Beumer,125
Foster,County Commissioner Foster - Commissioner District 4,,NON,write-in,0
Foster,County Official Newspaper Foster,,NON,Foster County Independent,616
Foster,County Recorder Foster,,NON,Lynelle Lyman Hoppe,596
Foster,County Recorder Foster,,NON,write-in,13
Foster,County Sheriff Foster,,NON,Justin Johnson,631
Foster,County Sheriff Foster,,NON,write-in,7
Foster,County State's Attorney Foster,,NON,Paul Murphy,410
Foster,County State's Attorney Foster,,NON,write-in,148
Foster,County Treasurer Foster,,NON,Dianne Hertel,619
Foster,County Treasurer Foster,,NON,write-in,7
Foster,Judge of the District Court No. 3 Southeast,,NON,Brad Cruff,557
Foster,Judge of the District Court No. 3 Southeast,,NON,write-in,4
Foster,Justice of the Supreme Court,,NON,Lisa Fair McEvers,385
Foster,Justice of the Supreme Court,,NON,Robert V Bolinske Sr,164
Foster,Justice of the Supreme Court,,NON,write-in,2
Foster,Mayor Carrington,,NON,Neil Fandrich,152
Foster,Mayor Carrington,,NON,Thomas Erdmann,246
Foster,Mayor Carrington,,NON,write-in,2
Foster,Municipal Judge Carrington,,NON,Becky Hagel,352
Foster,Municipal Judge Carrington,,NON,write-in,10
Foster,Park Board Member Carrington Park,,NON,Jerome Zink,354
Foster,Park Board Member Carrington Park,,NON,Randall Hooey Jr,321
Foster,Park Board Member Carrington Park,,NON,Tonia Erickson,339
Foster,Park Board Member Carrington Park,,NON,write-in,18
Foster,Park Board Member Grace City Park,,NON,write-in,7
Foster,Park Board Member Unexpired 2-Year Term Carrington Park,,NON,Kris Skadberg,364
Foster,Park Board Member Unexpired 2-Year Term Carrington Park,,NON,write-in,2
Foster,Public Service Commissioner,,DEM,Jean Brandt,179
Foster,Public Service Commissioner,,DEM,write-in,0
Foster,Public Service Commissioner,,LIB,write-in,1
Foster,Public Service Commissioner,,REP,Randy Christmann,407
Foster,Public Service Commissioner,,REP,write-in,2
Foster,Public Service Commissioner Unexpired 2-Year Term,,DEM,Casey Buchmann,176
Foster,Public Service Commissioner Unexpired 2-Year Term,,DEM,write-in,0
Foster,Public Service Commissioner Unexpired 2-Year Term,,LIB,write-in,1
Foster,Public Service Commissioner Unexpired 2-Year Term,,REP,Brian K Kroshus,400
Foster,Public Service Commissioner Unexpired 2-Year Term,,REP,write-in,1
Foster,Secretary of State,,DEM,Josh Boschee,181
Foster,Secretary of State,,DEM,write-in,1
Foster,Secretary of State,,LIB,Roland Riemers,1
Foster,Secretary of State,,LIB,write-in,1
Foster,Secretary of State,,REP,Will Gardner,358
Foster,Secretary of State,,REP,write-in,30
Foster,State House,29,DEM,Lori Carlson,158
Foster,State House,29,DEM,Mary Schlosser,134
Foster,State House,29,DEM,write-in,0
Foster,State House,29,LIB,write-in,1
Foster,State House,29,REP,Chet Pollert,420
Foster,State House,29,REP,Craig Headland,297
Foster,State House,29,REP,write-in,6
Foster,State Senate,29,DEM,Katherine Roth,176
Foster,State Senate,29,DEM,write-in,0
Foster,State Senate,29,LIB,write-in,1
Foster,State Senate,29,REP,Terry M Wanzek,426
Foster,State Senate,29,REP,write-in,4
Foster,Tax Commissioner,,DEM,Kylie Oversen,178
Foster,Tax Commissioner,,DEM,write-in,0
Foster,Tax Commissioner,,LIB,write-in,1
Foster,Tax Commissioner,,REP,Ryan Rauschenberger,405
Foster,Tax Commissioner,,REP,write-in,0
Foster,U.S. House,1,DEM,Mac Schneider,183
Foster,U.S. House,1,DEM,write-in,0
Foster,U.S. House,1,LIB,write-in,1
Foster,U.S. House,1,REP,Kelly Armstrong,216
Foster,U.S. House,1,REP,Paul J Schaffner,36
Foster,U.S. House,1,REP,Tiffany Abentroth,40
Foster,U.S. House,1,REP,Tom Campbell,137
Foster,U.S. House,1,REP,write-in,0
Foster,U.S. Senate,,DEM,Heidi Heitkamp,199
Foster,U.S. Senate,,DEM,write-in,1
Foster,U.S. Senate,,LIB,write-in,1
Foster,U.S. Senate,,REP,Kevin Cramer,408
Foster,U.S. Senate,,REP,"Thomas E O""Neill",47
Foster,U.S. Senate,,REP,write-in,0
Golden Valley,Agriculture Commissioner,,DEM,Jim Dotzenrod,62
Golden Valley,Agriculture Commissioner,,DEM,write-in,0
Golden Valley,Agriculture Commissioner,,LIB,write-in,0
Golden Valley,Agriculture Commissioner,,REP,Doug Goehring,365
Golden Valley,Agriculture Commissioner,,REP,write-in,1
Golden Valley,Attorney General,,DEM,David Clark Thompson,65
Golden Valley,Attorney General,,DEM,write-in,0
Golden Valley,Attorney General,,LIB,write-in,0
Golden Valley,Attorney General,,REP,Wayne Stenehjem,370
Golden Valley,Attorney General,,REP,write-in,1
Golden Valley,City School Board Member Beach School District,,NON,Kimberly Gaugler,337
Golden Valley,City School Board Member Beach School District,,NON,write-in,8
Golden Valley,Council Member Beach,,NON,Andy Zachmann,215
Golden Valley,Council Member Beach,,NON,Beverly Wolff,167
Golden Valley,Council Member Beach,,NON,Tim Marman,149
Golden Valley,Council Member Beach,,NON,write-in,141
Golden Valley,County Auditor Golden Valley,,NON,Tamra Sperry,422
Golden Valley,County Auditor Golden Valley,,NON,write-in,9
Golden Valley,County Commissioner Golden Valley - District 1,,NON,Mark Benes,259
Golden Valley,County Commissioner Golden Valley - District 1,,NON,write-in,148
Golden Valley,County Commissioner Golden Valley - District 3,,NON,Gene Allen,201
Golden Valley,County Commissioner Golden Valley - District 3,,NON,Maria Marman,69
Golden Valley,County Commissioner Golden Valley - District 3,,NON,Paul J Schmitz,198
Golden Valley,County Commissioner Golden Valley - District 3,,NON,write-in,14
Golden Valley,County Official Newspaper Golden Valley,,NON,The Golden Valley News,355
Golden Valley,County Recorder/Clerk of District Court Golden Valley,,NON,Rachel Keohane,430
Golden Valley,County Recorder/Clerk of District Court Golden Valley,,NON,write-in,4
Golden Valley,County Sheriff Golden Valley,,NON,Scott Steele,424
Golden Valley,County Sheriff Golden Valley,,NON,write-in,13
Golden Valley,County Treasurer Golden Valley,,NON,Gene Skoglund,459
Golden Valley,County Treasurer Golden Valley,,NON,write-in,0
Golden Valley,"Director, Southwest Water Authority Golden Valley",,NON,Mark Begger,361
Golden Valley,"Director, Southwest Water Authority Golden Valley",,NON,write-in,22
Golden Valley,Increase Beach City Sales Tax Beach,,,No,179
Golden Valley,Increase Beach City Sales Tax Beach,,,Yes,140
Golden Valley,Increase of 911 fees 17 - Golden Valley,,,No,233
Golden Valley,Increase of 911 fees 17 - Golden Valley,,,Yes,255
Golden Valley,Judge of the District Court No. 1 Southwest,,NON,James D Gion,376
Golden Valley,Judge of the District Court No. 1 Southwest,,NON,write-in,0
Golden Valley,Judge of the District Court No. 3 Southwest,,NON,Dann Greenwood,378
Golden Valley,Judge of the District Court No. 3 Southwest,,NON,write-in,0
Golden Valley,Judge of the District Court No. 4 Unexpired 4-Year Term Southwest,,NON,Rhonda R Ehlis,376
Golden Valley,Judge of the District Court No. 4 Unexpired 4-Year Term Southwest,,NON,write-in,0
Golden Valley,Justice of the Supreme Court,,NON,Lisa Fair McEvers,234
Golden Valley,Justice of the Supreme Court,,NON,Robert V Bolinske Sr,142
Golden Valley,Justice of the Supreme Court,,NON,write-in,1
Golden Valley,Mayor Beach,,NON,Henry Gerving,132
Golden Valley,Mayor Beach,,NON,Randy Dietz,71
Golden Valley,Mayor Beach,,NON,Walter Losinski,114
Golden Valley,Mayor Beach,,NON,write-in,0
Golden Valley,Park Board Member Beach City Park,,NON,Jonathan Dahl,253
Golden Valley,Park Board Member Beach City Park,,NON,Robin Jandt,277
Golden Valley,Park Board Member Beach City Park,,NON,write-in,6
Golden Valley,Public Service Commissioner,,DEM,Jean Brandt,67
Golden Valley,Public Service Commissioner,,DEM,write-in,0
Golden Valley,Public Service Commissioner,,LIB,write-in,0
Golden Valley,Public Service Commissioner,,REP,Randy Christmann,342
Golden Valley,Public Service Commissioner,,REP,write-in,1
Golden Valley,Public Service Commissioner Unexpired 2-Year Term,,DEM,Casey Buchmann,65
Golden Valley,Public Service Commissioner Unexpired 2-Year Term,,DEM,write-in,0
Golden Valley,Public Service Commissioner Unexpired 2-Year Term,,LIB,write-in,0
Golden Valley,Public Service Commissioner Unexpired 2-Year Term,,REP,Brian K Kroshus,336
Golden Valley,Public Service Commissioner Unexpired 2-Year Term,,REP,write-in,1
Golden Valley,Publication of School Board Governing Body Minutes Beach School District,,,No,45
Golden Valley,Publication of School Board Governing Body Minutes Beach School District,,,Yes,379
Golden Valley,Rural School Board Member Beach School District,,NON,Robert Sperry,366
Golden Valley,Rural School Board Member Beach School District,,NON,write-in,9
Golden Valley,School Board Member Lone Tree School District,,NON,write-in,31
Golden Valley,Secretary of State,,DEM,Josh Boschee,64
Golden Valley,Secretary of State,,DEM,write-in,0
Golden Valley,Secretary of State,,LIB,Roland Riemers,1
Golden Valley,Secretary of State,,LIB,write-in,0
Golden Valley,Secretary of State,,REP,Will Gardner,317
Golden Valley,Secretary of State,,REP,write-in,19
Golden Valley,State House,39,DEM,write-in,2
Golden Valley,State House,39,LIB,write-in,0
Golden Valley,State House,39,REP,Denton Zubke,198
Golden Valley,State House,39,REP,Keith Kempenich,317
Golden Valley,State House,39,REP,write-in,2
Golden Valley,State Senate,39,DEM,write-in,4
Golden Valley,State Senate,39,LIB,write-in,0
Golden Valley,State Senate,39,REP,Dale Patten,331
Golden Valley,State Senate,39,REP,write-in,1
Golden Valley,Tax Commissioner,,DEM,Kylie Oversen,65
Golden Valley,Tax Commissioner,,DEM,write-in,0
Golden Valley,Tax Commissioner,,LIB,write-in,0
Golden Valley,Tax Commissioner,,REP,Ryan Rauschenberger,339
Golden Valley,Tax Commissioner,,REP,write-in,5
Golden Valley,U.S. House,1,DEM,Mac Schneider,64
Golden Valley,U.S. House,1,DEM,write-in,0
Golden Valley,U.S. House,1,LIB,write-in,0
Golden Valley,U.S. House,1,REP,Kelly Armstrong,233
Golden Valley,U.S. House,1,REP,Paul J Schaffner,37
Golden Valley,U.S. House,1,REP,Tiffany Abentroth,20
Golden Valley,U.S. House,1,REP,Tom Campbell,84
Golden Valley,U.S. House,1,REP,write-in,1
Golden Valley,U.S. Senate,,DEM,Heidi Heitkamp,78
Golden Valley,U.S. Senate,,DEM,write-in,0
Golden Valley,U.S. Senate,,LIB,write-in,0
Golden Valley,U.S. Senate,,REP,Kevin Cramer,354
Golden Valley,U.S. Senate,,REP,"Thomas E O""Neill",44
Golden Valley,U.S. Senate,,REP,write-in,0
Grand Forks,Agriculture Commissioner,,DEM,Jim Dotzenrod,3095
Grand Forks,Agriculture Commissioner,,DEM,write-in,5
Grand Forks,Agriculture Commissioner,,LIB,write-in,2
Grand Forks,Agriculture Commissioner,,REP,Doug Goehring,4173
Grand Forks,Agriculture Commissioner,,REP,write-in,10
Grand Forks,Attorney General,,DEM,David Clark Thompson,3093
Grand Forks,Attorney General,,DEM,write-in,12
Grand Forks,Attorney General,,LIB,write-in,4
Grand Forks,Attorney General,,REP,Wayne Stenehjem,4302
Grand Forks,Attorney General,,REP,write-in,27
Grand Forks,Council Member Emerado,,NON,Jake Lanes,36
Grand Forks,Council Member Emerado,,NON,Terry Kramer,28
Grand Forks,Council Member Emerado,,NON,write-in,1
Grand Forks,Council Member Gilby,,NON,Jo Lynn Dickson,29
Grand Forks,Council Member Gilby,,NON,Kayla Elke,25
Grand Forks,Council Member Gilby,,NON,write-in,0
Grand Forks,Council Member Grand Forks Ward 2,,NON,Katie Dachtler,313
Grand Forks,Council Member Grand Forks Ward 2,,NON,Mark Rustad,221
Grand Forks,Council Member Grand Forks Ward 2,,NON,write-in,1
Grand Forks,Council Member Grand Forks Ward 4,,NON,Jeannie Mock,1034
Grand Forks,Council Member Grand Forks Ward 4,,NON,write-in,27
Grand Forks,Council Member Grand Forks Ward 6,,NON,Dana Sande,840
Grand Forks,Council Member Grand Forks Ward 6,,NON,write-in,15
Grand Forks,Council Member Inkster,,NON,write-in,3
Grand Forks,Council Member Larimore Ward 1,,NON,David Garton,75
Grand Forks,Council Member Larimore Ward 1,,NON,write-in,9
Grand Forks,Council Member Larimore Ward 2,,NON,Dustin Barber,74
Grand Forks,Council Member Larimore Ward 2,,NON,write-in,6
Grand Forks,Council Member Larimore Ward 3,,NON,Adam Vonasek,66
Grand Forks,Council Member Larimore Ward 3,,NON,Chad Sorensen,48
Grand Forks,Council Member Larimore Ward 3,,NON,write-in,1
Grand Forks,Council Member Manvel,,NON,Jeremy Clemetson,47
Grand Forks,Council Member Manvel,,NON,Michael Lund,40
Grand Forks,Council Member Manvel,,NON,Steven Anderson,32
Grand Forks,Council Member Manvel,,NON,write-in,2
Grand Forks,Council Member Niagara,,NON,Dianne McManus,5
Grand Forks,Council Member Niagara,,NON,Kevin Kollman,3
Grand Forks,Council Member Niagara,,NON,write-in,7
Grand Forks,Council Member Northwood Ward 1,,NON,Dennis Danzl,34
Grand Forks,Council Member Northwood Ward 1,,NON,Derrick Strand,60
Grand Forks,Council Member Northwood Ward 1,,NON,write-in,1
Grand Forks,Council Member Northwood Ward 2,,NON,Robert Heinrich,36
Grand Forks,Council Member Northwood Ward 2,,NON,write-in,1
Grand Forks,Council Member Northwood Ward 3,,NON,Gordon Hall,106
Grand Forks,Council Member Northwood Ward 3,,NON,write-in,4
Grand Forks,Council Member Reynolds,,NON,David Scholand,10
Grand Forks,Council Member Reynolds,,NON,Dorian Beck,13
Grand Forks,Council Member Reynolds,,NON,John Campbell,2
Grand Forks,Council Member Reynolds,,NON,write-in,0
Grand Forks,Council Member Thompson,,NON,Travis Fretheim,212
Grand Forks,Council Member Thompson,,NON,write-in,62
Grand Forks,Council Member Unexpired 2-Year Term Northwood Ward 2,,NON,Sarah Ferguson,40
Grand Forks,Council Member Unexpired 2-Year Term Northwood Ward 2,,NON,write-in,0
Grand Forks,Council Member Unexpired 2-Year Term Northwood Ward 3,,NON,write-in,37
Grand Forks,County Commissioner Grand Forks,,NON,Bob Rost,5652
Grand Forks,County Commissioner Grand Forks,,NON,Diane K Knauf,4668
Grand Forks,County Commissioner Grand Forks,,NON,Jeffrey Powell,2069
Grand Forks,County Commissioner Grand Forks,,NON,Kyle Kvamme,2373
Grand Forks,County Commissioner Grand Forks,,NON,Tom Falck,3208
Grand Forks,County Commissioner Grand Forks,,NON,write-in,55
Grand Forks,County Official Newspaper Grand Forks,,NON,Grand Forks Herald,6097
Grand Forks,County Sheriff Grand Forks,,NON,Andy Schneider,3035
Grand Forks,County Sheriff Grand Forks,,NON,BJ Maxson,1469
Grand Forks,County Sheriff Grand Forks,,NON,Chris Hutton,871
Grand Forks,County Sheriff Grand Forks,,NON,Danny Weigel,953
Grand Forks,County Sheriff Grand Forks,,NON,Darin Johnson,665
Grand Forks,County Sheriff Grand Forks,,NON,Jim Remer,1026
Grand Forks,County Sheriff Grand Forks,,NON,Mike Lee,606
Grand Forks,County Sheriff Grand Forks,,NON,write-in,6
Grand Forks,County State's Attorney Grand Forks,,NON,Haley Wamstad,3678
Grand Forks,County State's Attorney Grand Forks,,NON,Nancy Yon,3292
Grand Forks,County State's Attorney Grand Forks,,NON,Tim Lamb,1062
Grand Forks,County State's Attorney Grand Forks,,NON,write-in,8
Grand Forks,Dissolve Park District Reynolds,,,No,3
Grand Forks,Dissolve Park District Reynolds,,,Yes,11
Grand Forks,GF School District Publication of Proceedings Grand Forks School Dist,,,No,909
Grand Forks,GF School District Publication of Proceedings Grand Forks School Dist,,,Yes,5396
Grand Forks,Judge of the District Court No. 1 Unexpired 4-Year Term Northeast Central,,NON,Donald Hager,6736
Grand Forks,Judge of the District Court No. 1 Unexpired 4-Year Term Northeast Central,,NON,write-in,27
Grand Forks,Judge of the District Court No. 2 Northeast Central,,NON,Lolita (Lita) Hartl Romanick,6496
Grand Forks,Judge of the District Court No. 2 Northeast Central,,NON,write-in,54
Grand Forks,Judge of the District Court No. 4 Unexpired 2-Year Term Northeast Central,,NON,John A Thelen,6694
Grand Forks,Judge of the District Court No. 4 Unexpired 2-Year Term Northeast Central,,NON,write-in,21
Grand Forks,Justice of the Supreme Court,,NON,Lisa Fair McEvers,4600
Grand Forks,Justice of the Supreme Court,,NON,Robert V Bolinske Sr,2054
Grand Forks,Justice of the Supreme Court,,NON,write-in,25
Grand Forks,Mayor Emerado,,NON,Dan Henneman,33
Grand Forks,Mayor Emerado,,NON,write-in,1
Grand Forks,Mayor Larimore,,NON,Dean Elfman,223
Grand Forks,Mayor Larimore,,NON,write-in,73
Grand Forks,Mayor Niagara,,NON,Greg Neumann,12
Grand Forks,Mayor Niagara,,NON,write-in,1
Grand Forks,Mayor Northwood,,NON,write-in,229
Grand Forks,Mayor Reynolds,,NON,Lloyd Kennedy,12
Grand Forks,Mayor Reynolds,,NON,write-in,0
Grand Forks,Mayor Unexpired 2-Year Term Thompson,,NON,Desmond Sporbert,225
Grand Forks,Mayor Unexpired 2-Year Term Thompson,,NON,write-in,10
Grand Forks,Municipal Judge Emerado,,NON,Alvin Boucher,25
Grand Forks,Municipal Judge Emerado,,NON,Larry Richards,14
Grand Forks,Municipal Judge Emerado,,NON,write-in,0
Grand Forks,Municipal Judge Grand Forks,,NON,Alvin Boucher,3374
Grand Forks,Municipal Judge Grand Forks,,NON,Larry J Richards,2151
Grand Forks,Municipal Judge Grand Forks,,NON,write-in,9
Grand Forks,Municipal Judge Larimore,,NON,Alvin Boucher,157
Grand Forks,Municipal Judge Larimore,,NON,Larry Richards,123
Grand Forks,Municipal Judge Larimore,,NON,write-in,1
Grand Forks,Municipal Judge Thompson,,NON,Gayle Bergeron,227
Grand Forks,Municipal Judge Thompson,,NON,write-in,2
Grand Forks,Park Board Commissioner Northwood Park,,NON,Aaron Bjerke,228
Grand Forks,Park Board Commissioner Northwood Park,,NON,write-in,73
Grand Forks,Park Board Commissioner Thompson Park,,NON,Michael Munson,211
Grand Forks,Park Board Commissioner Thompson Park,,NON,Paul Strande,186
Grand Forks,Park Board Commissioner Thompson Park,,NON,write-in,5
Grand Forks,Park Board Member Emerado Park,,NON,Ashley Brusseau,31
Grand Forks,Park Board Member Emerado Park,,NON,Shelly Brower,35
Grand Forks,Park Board Member Emerado Park,,NON,write-in,0
Grand Forks,Park Board Member Grand Forks Park,,NON,Greg LaDouceur,4511
Grand Forks,Park Board Member Grand Forks Park,,NON,Terry Dvorak,4063
Grand Forks,Park Board Member Grand Forks Park,,NON,Timothy Skarperud,4332
Grand Forks,Park Board Member Grand Forks Park,,NON,write-in,84
Grand Forks,Park Board Member Larimore Park,,NON,Geoffrey Anderson,189
Grand Forks,Park Board Member Larimore Park,,NON,James Myers,211
Grand Forks,Park Board Member Larimore Park,,NON,Joe Denault,192
Grand Forks,Park Board Member Larimore Park,,NON,write-in,20
Grand Forks,Park Board Member Manvel Park,,NON,write-in,35
Grand Forks,Public Service Commissioner,,DEM,Jean Brandt,3119
Grand Forks,Public Service Commissioner,,DEM,write-in,4
Grand Forks,Public Service Commissioner,,LIB,write-in,2
Grand Forks,Public Service Commissioner,,REP,Randy Christmann,4028
Grand Forks,Public Service Commissioner,,REP,write-in,11
Grand Forks,Public Service Commissioner Unexpired 2-Year Term,,DEM,Casey Buchmann,3103
Grand Forks,Public Service Commissioner Unexpired 2-Year Term,,DEM,write-in,1
Grand Forks,Public Service Commissioner Unexpired 2-Year Term,,LIB,write-in,2
Grand Forks,Public Service Commissioner Unexpired 2-Year Term,,REP,Brian K Kroshus,4004
Grand Forks,Public Service Commissioner Unexpired 2-Year Term,,REP,write-in,9
Grand Forks,School Board Member Grand Forks School Dist,,NON,Bill Palmiscno,4842
Grand Forks,School Board Member Grand Forks School Dist,,NON,Brian A Reybok,1051
Grand Forks,School Board Member Grand Forks School Dist,,NON,Chris Douthit,3904
Grand Forks,School Board Member Grand Forks School Dist,,NON,Darin Lee,1879
Grand Forks,School Board Member Grand Forks School Dist,,NON,Douglas C Carpenter,2248
Grand Forks,School Board Member Grand Forks School Dist,,NON,Henry H Howe,748
Grand Forks,School Board Member Grand Forks School Dist,,NON,Jacqueline Hoffarth,3761
Grand Forks,School Board Member Grand Forks School Dist,,NON,James Kelso,1006
Grand Forks,School Board Member Grand Forks School Dist,,NON,Shannon Mikula,3550
Grand Forks,School Board Member Grand Forks School Dist,,NON,write-in,104
Grand Forks,Secretary of State,,DEM,Josh Boschee,3185
Grand Forks,Secretary of State,,DEM,write-in,3
Grand Forks,Secretary of State,,LIB,Roland Riemers,21
Grand Forks,Secretary of State,,LIB,write-in,0
Grand Forks,Secretary of State,,REP,Will Gardner,3678
Grand Forks,Secretary of State,,REP,write-in,220
Grand Forks,State House,17,DEM,Angela Urlacher,973
Grand Forks,State House,17,DEM,Monte Gaukler,961
Grand Forks,State House,17,DEM,write-in,0
Grand Forks,State House,17,LIB,write-in,0
Grand Forks,State House,17,REP,Mark S Owens,1017
Grand Forks,State House,17,REP,Mark Sanford,1436
Grand Forks,State House,17,REP,write-in,6
Grand Forks,State House,19,DEM,Linda Ott Tangen,280
Grand Forks,State House,19,DEM,write-in,1
Grand Forks,State House,19,LIB,write-in,0
Grand Forks,State House,19,REP,Gary Paur,551
Grand Forks,State House,19,REP,Wayne Trottier,620
Grand Forks,State House,19,REP,write-in,2
Grand Forks,State House,43,DEM,Mary Adams,596
Grand Forks,State House,43,DEM,Matt Eidson,501
Grand Forks,State House,43,DEM,write-in,0
Grand Forks,State House,43,LIB,write-in,0
Grand Forks,State House,43,REP,Ben Olson,493
Grand Forks,State House,43,REP,Richard S Becker,500
Grand Forks,State House,43,REP,write-in,4
Grand Forks,State Senate,17,DEM,Phyllis E Johnson,1127
Grand Forks,State Senate,17,DEM,write-in,1
Grand Forks,State Senate,17,LIB,write-in,1
Grand Forks,State Senate,17,REP,Ray Holmberg,1519
Grand Forks,State Senate,17,REP,write-in,5
Grand Forks,State Senate,19,DEM,Nikolaus Groenewold,250
Grand Forks,State Senate,19,DEM,write-in,1
Grand Forks,State Senate,19,LIB,write-in,0
Grand Forks,State Senate,19,REP,Carrie Wallace,372
Grand Forks,State Senate,19,REP,Robert Fors,404
Grand Forks,State Senate,19,REP,write-in,1
Grand Forks,State Senate,43,DEM,JoNell Bakke,630
Grand Forks,State Senate,43,DEM,write-in,1
Grand Forks,State Senate,43,LIB,write-in,0
Grand Forks,State Senate,43,REP,Lonnie Laffen,621
Grand Forks,State Senate,43,REP,write-in,3
Grand Forks,Tax Commissioner,,DEM,Kylie Oversen,3268
Grand Forks,Tax Commissioner,,DEM,write-in,5
Grand Forks,Tax Commissioner,,LIB,write-in,2
Grand Forks,Tax Commissioner,,REP,Ryan Rauschenberger,3965
Grand Forks,Tax Commissioner,,REP,write-in,31
Grand Forks,U.S. House,1,DEM,Mac Schneider,3429
Grand Forks,U.S. House,1,DEM,write-in,6
Grand Forks,U.S. House,1,LIB,write-in,3
Grand Forks,U.S. House,1,REP,Kelly Armstrong,2150
Grand Forks,U.S. House,1,REP,Paul J Schaffner,298
Grand Forks,U.S. House,1,REP,Tiffany Abentroth,499
Grand Forks,U.S. House,1,REP,Tom Campbell,1583
Grand Forks,U.S. House,1,REP,write-in,7
Grand Forks,U.S. Senate,,DEM,Heidi Heitkamp,3635
Grand Forks,U.S. Senate,,DEM,write-in,11
Grand Forks,U.S. Senate,,LIB,write-in,3
Grand Forks,U.S. Senate,,REP,Kevin Cramer,4146
Grand Forks,U.S. Senate,,REP,"Thomas E O""Neill",592
Grand Forks,U.S. Senate,,REP,write-in,4
Grant,Agriculture Commissioner,,DEM,Jim Dotzenrod,134
Grant,Agriculture Commissioner,,DEM,write-in,1
Grant,Agriculture Commissioner,,LIB,write-in,0
Grant,Agriculture Commissioner,,REP,Doug Goehring,531
Grant,Agriculture Commissioner,,REP,write-in,1
Grant,Attorney General,,DEM,David Clark Thompson,135
Grant,Attorney General,,DEM,write-in,0
Grant,Attorney General,,LIB,write-in,0
Grant,Attorney General,,REP,Wayne Stenehjem,525
Grant,Attorney General,,REP,write-in,1
Grant,Council Member Carson,,NON,Ben Hillius,78
Grant,Council Member Carson,,NON,write-in,20
Grant,Council Member Elgin,,NON,Leslie Bartz,115
Grant,Council Member Elgin,,NON,Niomi Keller,138
Grant,Council Member Elgin,,NON,Ron Fischer,146
Grant,Council Member Elgin,,NON,write-in,25
Grant,Council Member New Leipzig,,NON,Roxann Tietz,74
Grant,Council Member New Leipzig,,NON,write-in,21
Grant,Council Member Unexpired 2-Year Term New Leipzig,,NON,Misty Stanczyk,70
Grant,Council Member Unexpired 2-Year Term New Leipzig,,NON,write-in,1
Grant,County Auditor/Treasurer Grant,,NON,Lynn Mutschelknaus,468
Grant,County Auditor/Treasurer Grant,,NON,write-in,226
Grant,County Commissioner By District Grant - District 3,,NON,Alton Zenker,479
Grant,County Commissioner By District Grant - District 3,,NON,Ervin Ternes,240
Grant,County Commissioner By District Grant - District 3,,NON,write-in,0
Grant,County Official Newspaper Grant,,NON,Grant County News,644
Grant,County Recorder/Clerk of District Court Grant,,NON,Julie Fischer,685
Grant,County Recorder/Clerk of District Court Grant,,NON,write-in,3
Grant,County Sheriff Grant,,NON,John R. Foss,715
Grant,County Sheriff Grant,,NON,write-in,6
Grant,County State's Attorney Grant,,NON,write-in,62
Grant,Judge of the District Court No. 3 South Central,,NON,Bruce A Romanick,587
Grant,Judge of the District Court No. 3 South Central,,NON,write-in,0
Grant,Judge of the District Court No. 4 South Central,,NON,Daniel Borgen,575
Grant,Judge of the District Court No. 4 South Central,,NON,write-in,1
Grant,Judge of the District Court No. 9 Unexpired 4-Year Term South Central,,NON,John W Grinsteiner,582
Grant,Judge of the District Court No. 9 Unexpired 4-Year Term South Central,,NON,write-in,2
Grant,Justice of the Supreme Court,,NON,Lisa Fair McEvers,320
Grant,Justice of the Supreme Court,,NON,Robert V Bolinske Sr,296
Grant,Justice of the Supreme Court,,NON,write-in,0
Grant,Mayor Elgin,,NON,write-in,103
Grant,Municipal Judge Elgin,,NON,write-in,54
Grant,Municipal Judge New Leipzig,,NON,write-in,14
Grant,Park Board Commissioner New Leipzig City,,NON,Ryan Roth,66
Grant,Park Board Commissioner New Leipzig City,,NON,Sheila Ferderer,72
Grant,Park Board Commissioner New Leipzig City,,NON,write-in,19
Grant,Park Board Commissioner Unexpired 2-Year Term New Leipzig City,,NON,write-in,21
Grant,Park Board Member Carson City Park,,NON,write-in,52
Grant,Park Board Member Elgin Park,,NON,Beverly Winkler,147
Grant,Park Board Member Elgin Park,,NON,Delbert Weishaar,142
Grant,Park Board Member Elgin Park,,NON,write-in,70
Grant,Public Service Commissioner,,DEM,Jean Brandt,134
Grant,Public Service Commissioner,,DEM,write-in,0
Grant,Public Service Commissioner,,LIB,write-in,0
Grant,Public Service Commissioner,,REP,Randy Christmann,500
Grant,Public Service Commissioner,,REP,write-in,2
Grant,Public Service Commissioner Unexpired 2-Year Term,,DEM,Casey Buchmann,131
Grant,Public Service Commissioner Unexpired 2-Year Term,,DEM,write-in,0
Grant,Public Service Commissioner Unexpired 2-Year Term,,LIB,write-in,0
Grant,Public Service Commissioner Unexpired 2-Year Term,,REP,Brian K Kroshus,492
Grant,Public Service Commissioner Unexpired 2-Year Term,,REP,write-in,1
Grant,Secretary of State,,DEM,Josh Boschee,138
Grant,Secretary of State,,DEM,write-in,0
Grant,Secretary of State,,LIB,Roland Riemers,0
Grant,Secretary of State,,LIB,write-in,0
Grant,Secretary of State,,REP,Will Gardner,443
Grant,Secretary of State,,REP,write-in,35
Grant,State House,31,DEM,Joshua Johnson,135
Grant,State House,31,DEM,write-in,0
Grant,State House,31,LIB,write-in,0
Grant,State House,31,REP,Jim Schmidt,422
Grant,State House,31,REP,Karen Rohr,425
Grant,State House,31,REP,write-in,2
Grant,State Senate,31,DEM,Rachele Hall,135
Grant,State Senate,31,DEM,write-in,1
Grant,State Senate,31,LIB,write-in,0
Grant,State Senate,31,REP,Donald Schaible,519
Grant,State Senate,31,REP,write-in,4
Grant,Tax Commissioner,,DEM,Kylie Oversen,143
Grant,Tax Commissioner,,DEM,write-in,0
Grant,Tax Commissioner,,LIB,write-in,0
Grant,Tax Commissioner,,REP,Ryan Rauschenberger,498
Grant,Tax Commissioner,,REP,write-in,3
Grant,U.S. House,1,DEM,Mac Schneider,144
Grant,U.S. House,1,DEM,write-in,1
Grant,U.S. House,1,LIB,write-in,0
Grant,U.S. House,1,REP,Kelly Armstrong,356
Grant,U.S. House,1,REP,Paul J Schaffner,26
Grant,U.S. House,1,REP,Tiffany Abentroth,32
Grant,U.S. House,1,REP,Tom Campbell,129
Grant,U.S. House,1,REP,write-in,1
Grant,U.S. Senate,,DEM,Heidi Heitkamp,155
Grant,U.S. Senate,,DEM,write-in,1
Grant,U.S. Senate,,LIB,write-in,0
Grant,U.S. Senate,,REP,Kevin Cramer,514
Grant,U.S. Senate,,REP,"Thomas E O""Neill",55
Grant,U.S. Senate,,REP,write-in,0
Griggs,Agriculture Commissioner,,DEM,Jim Dotzenrod,248
Griggs,Agriculture Commissioner,,DEM,write-in,0
Griggs,Agriculture Commissioner,,LIB,write-in,0
Griggs,Agriculture Commissioner,,REP,Doug Goehring,529
Griggs,Agriculture Commissioner,,REP,write-in,0
Griggs,Attorney General,,DEM,David Clark Thompson,250
Griggs,Attorney General,,DEM,write-in,0
Griggs,Attorney General,,LIB,write-in,0
Griggs,Attorney General,,REP,Wayne Stenehjem,532
Griggs,Attorney General,,REP,write-in,0
Griggs,City Council Cooperstown,,NON,Bradley Hannesson,197
Griggs,City Council Cooperstown,,NON,Debra Eslinger,317
Griggs,City Council Cooperstown,,NON,Larry Olson,201
Griggs,City Council Cooperstown,,NON,Lee Watne,270
Griggs,City Council Cooperstown,,NON,write-in,3
Griggs,Council Member Binford,,NON,Joshua Barclay,23
Griggs,Council Member Binford,,NON,Wayne Quam,62
Griggs,Council Member Binford,,NON,write-in,15
Griggs,Council Member Hannaford,,NON,Connie Eslinger,58
Griggs,Council Member Hannaford,,NON,Roger Rondestvedt,48
Griggs,Council Member Hannaford,,NON,write-in,0
Griggs,County Auditor Griggs,,NON,Samantha Larson,828
Griggs,County Auditor Griggs,,NON,write-in,4
Griggs,County Commissioner Griggs - District 1,,NON,John Wakefield,95
Griggs,County Commissioner Griggs - District 1,,NON,Loren Alfson,86
Griggs,County Commissioner Griggs - District 1,,NON,write-in,0
Griggs,County Commissioner Griggs - District 3,,NON,Mark Urness,156
Griggs,County Commissioner Griggs - District 3,,NON,write-in,3
Griggs,County Commissioner Griggs - District 5,,NON,Dale Pedersen,147
Griggs,County Commissioner Griggs - District 5,,NON,write-in,6
Griggs,County Official Newspaper Griggs,,NON,Griggs County Courier,802
Griggs,County Recorder/Clerk of District Court Griggs,,NON,Kelly Vincent,843
Griggs,County Recorder/Clerk of District Court Griggs,,NON,write-in,2
Griggs,County Sheriff Griggs,,NON,Marcus Haaland,370
Griggs,County Sheriff Griggs,,NON,Richard Sutcliffe,16
Griggs,County Sheriff Griggs,,NON,Wesley Straight,522
Griggs,County Sheriff Griggs,,NON,write-in,8
Griggs,County State's Attorney Griggs,,NON,Jayme Tenneson,744
Griggs,County State's Attorney Griggs,,NON,write-in,22
Griggs,County Treasurer Griggs,,NON,Connie Eslinger,860
Griggs,County Treasurer Griggs,,NON,write-in,0
Griggs,Judge of the District Court No. 3 Southeast,,NON,Brad Cruff,760
Griggs,Judge of the District Court No. 3 Southeast,,NON,write-in,1
Griggs,Justice of the Supreme Court,,NON,Lisa Fair McEvers,421
Griggs,Justice of the Supreme Court,,NON,Robert V Bolinske Sr,303
Griggs,Justice of the Supreme Court,,NON,write-in,0
Griggs,Mayor Cooperstown,,NON,Paul Paintner,343
Griggs,Mayor Cooperstown,,NON,write-in,14
Griggs,Park Board Member Binford Park,,NON,Nancy Kjelgaard,58
Griggs,Park Board Member Binford Park,,NON,write-in,7
Griggs,Park Board Member Cooperstown Park,,NON,Darce Holcomb,301
Griggs,Park Board Member Cooperstown Park,,NON,Kerry Sad,305
Griggs,Park Board Member Cooperstown Park,,NON,write-in,4
Griggs,Park Board Member Hannaford Park,,NON,David Hook,58
Griggs,Park Board Member Hannaford Park,,NON,write-in,11
Griggs,Public Service Commissioner,,DEM,Jean Brandt,253
Griggs,Public Service Commissioner,,DEM,write-in,0
Griggs,Public Service Commissioner,,LIB,write-in,0
Griggs,Public Service Commissioner,,REP,Randy Christmann,514
Griggs,Public Service Commissioner,,REP,write-in,0
Griggs,Public Service Commissioner Unexpired 2-Year Term,,DEM,Casey Buchmann,250
Griggs,Public Service Commissioner Unexpired 2-Year Term,,DEM,write-in,0
Griggs,Public Service Commissioner Unexpired 2-Year Term,,LIB,write-in,0
Griggs,Public Service Commissioner Unexpired 2-Year Term,,REP,Brian K Kroshus,512
Griggs,Public Service Commissioner Unexpired 2-Year Term,,REP,write-in,0
Griggs,Secretary of State,,DEM,Josh Boschee,256
Griggs,Secretary of State,,DEM,write-in,0
Griggs,Secretary of State,,LIB,Roland Riemers,1
Griggs,Secretary of State,,LIB,write-in,0
Griggs,Secretary of State,,REP,Will Gardner,484
Griggs,Secretary of State,,REP,write-in,13
Griggs,Seeking Permission to Raze Old Courthouse 20 - Griggs,,,No,379
Griggs,Seeking Permission to Raze Old Courthouse 20 - Griggs,,,Yes,494
Griggs,State House,23,DEM,Cathy Swenson,240
Griggs,State House,23,DEM,Jessica Dillon Hawkes,208
Griggs,State House,23,DEM,write-in,0
Griggs,State House,23,LIB,write-in,0
Griggs,State House,23,REP,Bill Devlin,447
Griggs,State House,23,REP,Don Vigesaa,559
Griggs,State House,23,REP,write-in,1
Griggs,State Senate,23,DEM,Joan Heckaman,280
Griggs,State Senate,23,DEM,write-in,0
Griggs,State Senate,23,LIB,write-in,0
Griggs,State Senate,23,REP,Judy Estenson,500
Griggs,State Senate,23,REP,write-in,3
Griggs,Tax Commissioner,,DEM,Kylie Oversen,252
Griggs,Tax Commissioner,,DEM,write-in,0
Griggs,Tax Commissioner,,LIB,write-in,0
Griggs,Tax Commissioner,,REP,Ryan Rauschenberger,509
Griggs,Tax Commissioner,,REP,write-in,1
Griggs,U.S. House,1,DEM,Mac Schneider,259
Griggs,U.S. House,1,DEM,write-in,0
Griggs,U.S. House,1,LIB,write-in,0
Griggs,U.S. House,1,REP,Kelly Armstrong,259
Griggs,U.S. House,1,REP,Paul J Schaffner,59
Griggs,U.S. House,1,REP,Tiffany Abentroth,39
Griggs,U.S. House,1,REP,Tom Campbell,157
Griggs,U.S. House,1,REP,write-in,0
Griggs,U.S. Senate,,DEM,Heidi Heitkamp,290
Griggs,U.S. Senate,,DEM,write-in,0
Griggs,U.S. Senate,,LIB,write-in,0
Griggs,U.S. Senate,,REP,Kevin Cramer,511
Griggs,U.S. Senate,,REP,"Thomas E O""Neill",50
Griggs,U.S. Senate,,REP,write-in,0
Hettinger,Agriculture Commissioner,,DEM,Jim Dotzenrod,105
Hettinger,Agriculture Commissioner,,DEM,write-in,0
Hettinger,Agriculture Commissioner,,LIB,write-in,0
Hettinger,Agriculture Commissioner,,REP,Doug Goehring,479
Hettinger,Agriculture Commissioner,,REP,write-in,5
Hettinger,Attorney General,,DEM,David Clark Thompson,106
Hettinger,Attorney General,,DEM,write-in,0
Hettinger,Attorney General,,LIB,write-in,0
Hettinger,Attorney General,,REP,Wayne Stenehjem,473
Hettinger,Attorney General,,REP,write-in,4
Hettinger,County Auditor/Treasurer Hettinger,,NON,Jeri Schmidt,589
Hettinger,County Auditor/Treasurer Hettinger,,NON,write-in,5
Hettinger,County Commissioner Hettinger - District 2,,NON,Angela Carlson,241
Hettinger,County Commissioner Hettinger - District 2,,NON,Jamie Kouba,161
Hettinger,County Commissioner Hettinger - District 2,,NON,William D. Gion,224
Hettinger,County Commissioner Hettinger - District 2,,NON,write-in,4
Hettinger,County Official Newspaper Hettinger,,NON,The Herald,578
Hettinger,County Recorder/Clerk of District Court Hettinger,,NON,Sylvia Gion,605
Hettinger,County Recorder/Clerk of District Court Hettinger,,NON,write-in,4
Hettinger,County Sheriff Hettinger,,NON,Sarah Warner,552
Hettinger,County Sheriff Hettinger,,NON,write-in,23
Hettinger,County State's Attorney Hettinger,,NON,write-in,62
Hettinger,"Director, Southwest Water Authority Hettinger",,NON,Donald Schaible,594
Hettinger,"Director, Southwest Water Authority Hettinger",,NON,write-in,5
Hettinger,Judge of the District Court No. 1 Southwest,,NON,James D Gion,574
Hettinger,Judge of the District Court No. 1 Southwest,,NON,write-in,4
Hettinger,Judge of the District Court No. 3 Southwest,,NON,Dann Greenwood,554
Hettinger,Judge of the District Court No. 3 Southwest,,NON,write-in,2
Hettinger,Judge of the District Court No. 4 Unexpired 4-Year Term Southwest,,NON,Rhonda R Ehlis,547
Hettinger,Judge of the District Court No. 4 Unexpired 4-Year Term Southwest,,NON,write-in,3
Hettinger,Justice of the Supreme Court,,NON,Lisa Fair McEvers,300
Hettinger,Justice of the Supreme Court,,NON,Robert V Bolinske Sr,226
Hettinger,Justice of the Supreme Court,,NON,write-in,0
Hettinger,Public Service Commissioner,,DEM,Jean Brandt,107
Hettinger,Public Service Commissioner,,DEM,write-in,0
Hettinger,Public Service Commissioner,,LIB,write-in,0
Hettinger,Public Service Commissioner,,REP,Randy Christmann,470
Hettinger,Public Service Commissioner,,REP,write-in,2
Hettinger,Public Service Commissioner Unexpired 2-Year Term,,DEM,Casey Buchmann,104
Hettinger,Public Service Commissioner Unexpired 2-Year Term,,DEM,write-in,0
Hettinger,Public Service Commissioner Unexpired 2-Year Term,,LIB,write-in,0
Hettinger,Public Service Commissioner Unexpired 2-Year Term,,REP,Brian K Kroshus,459
Hettinger,Public Service Commissioner Unexpired 2-Year Term,,REP,write-in,2
Hettinger,Secretary of State,,DEM,Josh Boschee,110
Hettinger,Secretary of State,,DEM,write-in,0
Hettinger,Secretary of State,,LIB,Roland Riemers,2
Hettinger,Secretary of State,,LIB,write-in,0
Hettinger,Secretary of State,,REP,Will Gardner,415
Hettinger,Secretary of State,,REP,write-in,24
Hettinger,State House,31,DEM,Joshua Johnson,58
Hettinger,State House,31,DEM,write-in,0
Hettinger,State House,31,LIB,write-in,0
Hettinger,State House,31,REP,Jim Schmidt,206
Hettinger,State House,31,REP,Karen Rohr,237
Hettinger,State House,31,REP,write-in,4
Hettinger,State Senate,31,DEM,Rachele Hall,58
Hettinger,State Senate,31,DEM,write-in,0
Hettinger,State Senate,31,LIB,write-in,0
Hettinger,State Senate,31,REP,Donald Schaible,276
Hettinger,State Senate,31,REP,write-in,2
Hettinger,Tax Commissioner,,DEM,Kylie Oversen,110
Hettinger,Tax Commissioner,,DEM,write-in,0
Hettinger,Tax Commissioner,,LIB,write-in,0
Hettinger,Tax Commissioner,,REP,Ryan Rauschenberger,460
Hettinger,Tax Commissioner,,REP,write-in,3
Hettinger,U.S. House,1,DEM,Mac Schneider,111
Hettinger,U.S. House,1,DEM,write-in,0
Hettinger,U.S. House,1,LIB,write-in,0
Hettinger,U.S. House,1,REP,Kelly Armstrong,342
Hettinger,U.S. House,1,REP,Paul J Schaffner,21
Hettinger,U.S. House,1,REP,Tiffany Abentroth,27
Hettinger,U.S. House,1,REP,Tom Campbell,97
Hettinger,U.S. House,1,REP,write-in,0
Hettinger,U.S. Senate,,DEM,Heidi Heitkamp,125
Hettinger,U.S. Senate,,DEM,write-in,0
Hettinger,U.S. Senate,,LIB,write-in,0
Hettinger,U.S. Senate,,REP,Kevin Cramer,460
Hettinger,U.S. Senate,,REP,"Thomas E O""Neill",48
Hettinger,U.S. Senate,,REP,write-in,1
Kidder,Agriculture Commissioner,,DEM,Jim Dotzenrod,134
Kidder,Agriculture Commissioner,,DEM,write-in,0
Kidder,Agriculture Commissioner,,LIB,write-in,0
Kidder,Agriculture Commissioner,,REP,Doug Goehring,475
Kidder,Agriculture Commissioner,,REP,write-in,2
Kidder,Attorney General,,DEM,David Clark Thompson,129
Kidder,Attorney General,,DEM,write-in,0
Kidder,Attorney General,,LIB,write-in,0
Kidder,Attorney General,,REP,Wayne Stenehjem,475
Kidder,Attorney General,,REP,write-in,1
Kidder,Council Member Dawson,,NON,Kenneth Albrecht Sr,12
Kidder,Council Member Dawson,,NON,Neil Fanta,18
Kidder,Council Member Dawson,,NON,write-in,12
Kidder,Council Member Pettibone,,NON,Twila Kamlitz,14
Kidder,Council Member Pettibone,,NON,write-in,1
Kidder,Council Member Robinson,,NON,write-in,11
Kidder,Council Member Steele,,NON,Lucas Reski,137
Kidder,Council Member Steele,,NON,Robert Anderson,169
Kidder,Council Member Steele,,NON,write-in,70
Kidder,Council Member Tappen,,NON,Mike Pfaff,38
Kidder,Council Member Tappen,,NON,Pete Martin,44
Kidder,Council Member Tappen,,NON,write-in,5
Kidder,Council Member Tuttle,,NON,John McCormack,4
Kidder,Council Member Tuttle,,NON,write-in,33
Kidder,Council Member Unexpired 2-Year Term Dawson,,NON,Trent Anderson,23
Kidder,Council Member Unexpired 2-Year Term Dawson,,NON,write-in,0
Kidder,Council Member Unexpired 2-Year Term Steele,,NON,Jorey Kartes,194
Kidder,Council Member Unexpired 2-Year Term Steele,,NON,write-in,3
Kidder,County Auditor Kidder,,NON,Jean Schoenhard,601
Kidder,County Auditor Kidder,,NON,write-in,7
Kidder,County Commissioner Kidder,,NON,Shannon Hager,464
Kidder,County Commissioner Kidder,,NON,write-in,299
Kidder,County Recorder Kidder,,NON,Barbara J Steinke,623
Kidder,County Recorder Kidder,,NON,write-in,4
Kidder,County Sheriff Kidder,,NON,Barry Vannatta,575
Kidder,County Sheriff Kidder,,NON,write-in,10
Kidder,County State's Attorney Kidder,,NON,Eric Hetland,536
Kidder,County State's Attorney Kidder,,NON,write-in,11
Kidder,County Treasurer Kidder,,NON,Vickie Murray,640
Kidder,County Treasurer Kidder,,NON,write-in,2
Kidder,Judge of the District Court No. 3 Southeast,,NON,Brad Cruff,498
Kidder,Judge of the District Court No. 3 Southeast,,NON,write-in,3
Kidder,Justice of the Supreme Court,,NON,Lisa Fair McEvers,324
Kidder,Justice of the Supreme Court,,NON,Robert V Bolinske Sr,229
Kidder,Justice of the Supreme Court,,NON,write-in,0
Kidder,Mayor Steele,,NON,write-in,106
Kidder,Mayor Tappen,,NON,Brice Barnick,43
Kidder,Mayor Tappen,,NON,write-in,1
Kidder,Mayor Tuttle,,NON,write-in,19
Kidder,Park Board Member Steele Park,,NON,Derek Mosset,198
Kidder,Park Board Member Steele Park,,NON,write-in,47
Kidder,Public Service Commissioner,,DEM,Jean Brandt,131
Kidder,Public Service Commissioner,,DEM,write-in,0
Kidder,Public Service Commissioner,,LIB,write-in,0
Kidder,Public Service Commissioner,,REP,Randy Christmann,445
Kidder,Public Service Commissioner,,REP,write-in,1
Kidder,Public Service Commissioner Unexpired 2-Year Term,,DEM,Casey Buchmann,131
Kidder,Public Service Commissioner Unexpired 2-Year Term,,DEM,write-in,0
Kidder,Public Service Commissioner Unexpired 2-Year Term,,LIB,write-in,0
Kidder,Public Service Commissioner Unexpired 2-Year Term,,REP,Brian K Kroshus,430
Kidder,Public Service Commissioner Unexpired 2-Year Term,,REP,write-in,2
Kidder,Secretary of State,,DEM,Josh Boschee,133
Kidder,Secretary of State,,DEM,write-in,0
Kidder,Secretary of State,,LIB,Roland Riemers,1
Kidder,Secretary of State,,LIB,write-in,0
Kidder,Secretary of State,,REP,Will Gardner,385
Kidder,Secretary of State,,REP,write-in,23
Kidder,Tax Commissioner,,DEM,Kylie Oversen,133
Kidder,Tax Commissioner,,DEM,write-in,0
Kidder,Tax Commissioner,,LIB,write-in,0
Kidder,Tax Commissioner,,REP,Ryan Rauschenberger,430
Kidder,Tax Commissioner,,REP,write-in,2
Kidder,U.S. House,1,DEM,Mac Schneider,135
Kidder,U.S. House,1,DEM,write-in,2
Kidder,U.S. House,1,LIB,write-in,0
Kidder,U.S. House,1,REP,Kelly Armstrong,271
Kidder,U.S. House,1,REP,Paul J Schaffner,52
Kidder,U.S. House,1,REP,Tiffany Abentroth,32
Kidder,U.S. House,1,REP,Tom Campbell,121
Kidder,U.S. House,1,REP,write-in,0
Kidder,U.S. Senate,,DEM,Heidi Heitkamp,158
Kidder,U.S. Senate,,DEM,write-in,4
Kidder,U.S. Senate,,LIB,write-in,0
Kidder,U.S. Senate,,REP,Kevin Cramer,468
Kidder,U.S. Senate,,REP,"Thomas E O""Neill",53
Kidder,U.S. Senate,,REP,write-in,0
LaMoure,Agriculture Commissioner,,DEM,Jim Dotzenrod,383
LaMoure,Agriculture Commissioner,,DEM,write-in,0
LaMoure,Agriculture Commissioner,,LIB,write-in,0
LaMoure,Agriculture Commissioner,,REP,Doug Goehring,761
LaMoure,Agriculture Commissioner,,REP,write-in,0
LaMoure,Alderperson Berlin,,NON,Chris Cox,7
LaMoure,Alderperson Berlin,,NON,Ed Quast,10
LaMoure,Alderperson Berlin,,NON,write-in,1
LaMoure,Alderperson Dickey,,NON,write-in,20
LaMoure,Attorney General,,DEM,David Clark Thompson,373
LaMoure,Attorney General,,DEM,write-in,0
LaMoure,Attorney General,,LIB,write-in,0
LaMoure,Attorney General,,REP,Wayne Stenehjem,746
LaMoure,Attorney General,,REP,write-in,4
LaMoure,Council Member Edgeley,,NON,Ana DaFonte,83
LaMoure,Council Member Edgeley,,NON,Daniel Schlosser,154
LaMoure,Council Member Edgeley,,NON,Lucas Madcke,160
LaMoure,Council Member Edgeley,,NON,Martha Jacobsen,69
LaMoure,Council Member Edgeley,,NON,Sally Caudillo,137
LaMoure,Council Member Edgeley,,NON,Steven Nelson,94
LaMoure,Council Member Edgeley,,NON,write-in,0
LaMoure,Council Member Jud,,NON,Alan Nitschke,25
LaMoure,Council Member Jud,,NON,Brent Kalmbach,19
LaMoure,Council Member Jud,,NON,write-in,2
LaMoure,Council Member Kulm,,NON,Layton Johnson,115
LaMoure,Council Member Kulm,,NON,Zebulon Mahin,99
LaMoure,Council Member Kulm,,NON,write-in,4
LaMoure,Council Member LaMoure,,NON,Jordan Matzke,188
LaMoure,Council Member LaMoure,,NON,Kent Peterson,225
LaMoure,Council Member LaMoure,,NON,Lori Gentzkow,238
LaMoure,Council Member LaMoure,,NON,write-in,13
LaMoure,Council Member Marion,,NON,Debbie Alber,20
LaMoure,Council Member Marion,,NON,Jay Noot,49
LaMoure,Council Member Marion,,NON,Melissa Rodin,22
LaMoure,Council Member Marion,,NON,write-in,36
LaMoure,Council Member Unexpired 2-Year Term LaMoure,,NON,Clinton Hoggarth,232
LaMoure,Council Member Unexpired 2-Year Term LaMoure,,NON,write-in,8
LaMoure,Council Member Unexpired 2-Year Term Verona,,NON,Jeff Werder,9
LaMoure,Council Member Unexpired 2-Year Term Verona,,NON,write-in,1
LaMoure,Council Member Verona,,NON,Dave Maley,8
LaMoure,Council Member Verona,,NON,Ron Maley,8
LaMoure,Council Member Verona,,NON,write-in,3
LaMoure,County Commissioner LaMoure - District 2,,NON,Bruce Klein,183
LaMoure,County Commissioner LaMoure - District 2,,NON,write-in,6
LaMoure,County Commissioner LaMoure - District 4,,NON,Robert (Bob) Flath,247
LaMoure,County Commissioner LaMoure - District 4,,NON,write-in,5
LaMoure,County Official Newspaper LaMoure,,NON,Edgeley Mail,554
LaMoure,County Official Newspaper LaMoure,,NON,LaMoure Chronicle,737
LaMoure,County Recorder LaMoure,,NON,Laurie Good,1177
LaMoure,County Recorder LaMoure,,NON,write-in,19
LaMoure,County Sheriff LaMoure,,NON,Alan Ian Mattice,399
LaMoure,County Sheriff LaMoure,,NON,Robert Fernandes,887
LaMoure,County Sheriff LaMoure,,NON,write-in,1
LaMoure,County State's Attorney LaMoure,,NON,James T. Shockman,592
LaMoure,County State's Attorney LaMoure,,NON,Kimberly Radermacher,415
LaMoure,County State's Attorney LaMoure,,NON,Tonya Duffy,276
LaMoure,County State's Attorney LaMoure,,NON,write-in,0
LaMoure,County Treasurer LaMoure,,NON,Cindy Worrel,1193
LaMoure,County Treasurer LaMoure,,NON,write-in,11
LaMoure,Judge of the District Court No. 3 Southeast,,NON,Brad Cruff,1103
LaMoure,Judge of the District Court No. 3 Southeast,,NON,write-in,2
LaMoure,Justice of the Supreme Court,,NON,Lisa Fair McEvers,648
LaMoure,Justice of the Supreme Court,,NON,Robert V Bolinske Sr,430
LaMoure,Justice of the Supreme Court,,NON,write-in,1
LaMoure,Mayor Edgeley,,NON,Calvin Triepke,88
LaMoure,Mayor Edgeley,,NON,LeAnn Matous,26
LaMoure,Mayor Edgeley,,NON,Wayne Henderson,136
LaMoure,Mayor Edgeley,,NON,write-in,0
LaMoure,Mayor Jud,,NON,Arlen Elhard,18
LaMoure,Mayor Jud,,NON,write-in,5
LaMoure,Mayor Kulm,,NON,Dale Gackle,110
LaMoure,Mayor Kulm,,NON,write-in,11
LaMoure,Mayor LaMoure,,NON,Kevin Willey,175
LaMoure,Mayor LaMoure,,NON,Steve Sandness,87
LaMoure,Mayor LaMoure,,NON,write-in,4
LaMoure,Mayor Marion,,NON,Gene Rode,45
LaMoure,Mayor Marion,,NON,Jonathan Alber,21
LaMoure,Mayor Marion,,NON,write-in,2
LaMoure,Mayor Verona,,NON,Darin Wetzel,8
LaMoure,Mayor Verona,,NON,write-in,2
LaMoure,Municipal Judge LaMoure,,NON,Billi Warcken,244
LaMoure,Municipal Judge LaMoure,,NON,write-in,2
LaMoure,Park Board Member Dickey Park,,NON,write-in,10
LaMoure,Park Board Member Edgeley Park,,NON,Anna Mclean,230
LaMoure,Park Board Member Edgeley Park,,NON,write-in,36
LaMoure,Park Board Member Jud Park,,NON,Darrel Pfaff,17
LaMoure,Park Board Member Jud Park,,NON,Dorothy Walters,19
LaMoure,Park Board Member Jud Park,,NON,Vicki McMahon,23
LaMoure,Park Board Member Jud Park,,NON,write-in,9
LaMoure,Park Board Member Kulm Park,,NON,Christina Smith,92
LaMoure,Park Board Member Kulm Park,,NON,Daphne Schlepp,117
LaMoure,Park Board Member Kulm Park,,NON,write-in,36
LaMoure,Park Board Member LaMoure Park,,NON,Hope Coleman,202
LaMoure,Park Board Member LaMoure Park,,NON,Jamey Ness,53
LaMoure,Park Board Member LaMoure Park,,NON,Kelli Isaacson,169
LaMoure,Park Board Member LaMoure Park,,NON,Sally Hager,219
LaMoure,Park Board Member LaMoure Park,,NON,Tyler Chappell,97
LaMoure,Park Board Member LaMoure Park,,NON,write-in,1
LaMoure,Park Board Member Marion Park,,NON,Cindy Zimmerman,56
LaMoure,Park Board Member Marion Park,,NON,write-in,66
LaMoure,Park Board Member Unexpired 2-Year Term Edgeley Park,,NON,write-in,47
LaMoure,Public Service Commissioner,,DEM,Jean Brandt,377
LaMoure,Public Service Commissioner,,DEM,write-in,0
LaMoure,Public Service Commissioner,,LIB,write-in,0
LaMoure,Public Service Commissioner,,REP,Randy Christmann,740
LaMoure,Public Service Commissioner,,REP,write-in,1
LaMoure,Public Service Commissioner Unexpired 2-Year Term,,DEM,Casey Buchmann,377
LaMoure,Public Service Commissioner Unexpired 2-Year Term,,DEM,write-in,0
LaMoure,Public Service Commissioner Unexpired 2-Year Term,,LIB,write-in,0
LaMoure,Public Service Commissioner Unexpired 2-Year Term,,REP,Brian K Kroshus,730
LaMoure,Public Service Commissioner Unexpired 2-Year Term,,REP,write-in,2
LaMoure,Secretary of State,,DEM,Josh Boschee,382
LaMoure,Secretary of State,,DEM,write-in,0
LaMoure,Secretary of State,,LIB,Roland Riemers,2
LaMoure,Secretary of State,,LIB,write-in,0
LaMoure,Secretary of State,,REP,Will Gardner,697
LaMoure,Secretary of State,,REP,write-in,22
LaMoure,State House,29,DEM,Lori Carlson,193
LaMoure,State House,29,DEM,Mary Schlosser,226
LaMoure,State House,29,DEM,write-in,0
LaMoure,State House,29,LIB,write-in,0
LaMoure,State House,29,REP,Chet Pollert,380
LaMoure,State House,29,REP,Craig Headland,391
LaMoure,State House,29,REP,write-in,4
LaMoure,State Senate,29,DEM,Katherine Roth,236
LaMoure,State Senate,29,DEM,write-in,0
LaMoure,State Senate,29,LIB,write-in,0
LaMoure,State Senate,29,REP,Terry M Wanzek,472
LaMoure,State Senate,29,REP,write-in,4
LaMoure,Tax Commissioner,,DEM,Kylie Oversen,380
LaMoure,Tax Commissioner,,DEM,write-in,0
LaMoure,Tax Commissioner,,LIB,write-in,0
LaMoure,Tax Commissioner,,REP,Ryan Rauschenberger,731
LaMoure,Tax Commissioner,,REP,write-in,4
LaMoure,U.S. House,1,DEM,Mac Schneider,391
LaMoure,U.S. House,1,DEM,write-in,0
LaMoure,U.S. House,1,LIB,write-in,0
LaMoure,U.S. House,1,REP,Kelly Armstrong,404
LaMoure,U.S. House,1,REP,Paul J Schaffner,86
LaMoure,U.S. House,1,REP,Tiffany Abentroth,59
LaMoure,U.S. House,1,REP,Tom Campbell,221
LaMoure,U.S. House,1,REP,write-in,3
LaMoure,U.S. Senate,,DEM,Heidi Heitkamp,428
LaMoure,U.S. Senate,,DEM,write-in,0
LaMoure,U.S. Senate,,LIB,write-in,0
LaMoure,U.S. Senate,,REP,Kevin Cramer,725
LaMoure,U.S. Senate,,REP,"Thomas E O""Neill",78
LaMoure,U.S. Senate,,REP,write-in,1
Logan,Agriculture Commissioner,,DEM,Jim Dotzenrod,81
Logan,Agriculture Commissioner,,DEM,write-in,0
Logan,Agriculture Commissioner,,LIB,write-in,0
Logan,Agriculture Commissioner,,REP,Doug Goehring,402
Logan,Agriculture Commissioner,,REP,write-in,1
Logan,Attorney General,,DEM,David Clark Thompson,84
Logan,Attorney General,,DEM,write-in,0
Logan,Attorney General,,LIB,write-in,0
Logan,Attorney General,,REP,Wayne Stenehjem,404
Logan,Attorney General,,REP,write-in,2
Logan,City Council Napoleon,,NON,Debbie Sperle,179
Logan,City Council Napoleon,,NON,Jon Starkey,170
Logan,City Council Napoleon,,NON,Laura Henry,193
Logan,City Council Napoleon,,NON,write-in,13
Logan,County Auditor Logan,,NON,Brenda Fischer,527
Logan,County Auditor Logan,,NON,write-in,1
Logan,County Commissioner at Large Logan,,NON,Blanche A Schumacher,376
Logan,County Commissioner at Large Logan,,NON,Jeff Bowman,197
Logan,County Commissioner at Large Logan,,NON,write-in,1
Logan,County Official Newspaper Logan,,NON,Napoleon Homestead,439
Logan,County Recorder Logan,,NON,Dawne Marquart,475
Logan,County Recorder Logan,,NON,write-in,30
Logan,County Sheriff Logan,,NON,Andrew Bartholomaus,550
Logan,County Sheriff Logan,,NON,write-in,2
Logan,County State's Attorney Logan,,NON,Isaac Zimmerman,525
Logan,County State's Attorney Logan,,NON,write-in,1
Logan,County Treasurer Logan,,NON,April Nogosek,128
Logan,County Treasurer Logan,,NON,Jody Kristiansen,417
Logan,County Treasurer Logan,,NON,write-in,0
Logan,Judge of the District Court No. 3 Southeast,,NON,Brad Cruff,433
Logan,Judge of the District Court No. 3 Southeast,,NON,write-in,1
Logan,Justice of the Supreme Court,,NON,Lisa Fair McEvers,216
Logan,Justice of the Supreme Court,,NON,Robert V Bolinske Sr,238
Logan,Justice of the Supreme Court,,NON,write-in,1
Logan,Park Board Member Napoleon Park,,NON,Kevin Wolf,209
Logan,Park Board Member Napoleon Park,,NON,Mary Schwartzenberger,193
Logan,Park Board Member Napoleon Park,,NON,write-in,4
Logan,Park Board Member Unexpired 2-Year Term Napoleon Park,,NON,write-in,55
Logan,Public Service Commissioner,,DEM,Jean Brandt,84
Logan,Public Service Commissioner,,DEM,write-in,0
Logan,Public Service Commissioner,,LIB,write-in,0
Logan,Public Service Commissioner,,REP,Randy Christmann,390
Logan,Public Service Commissioner,,REP,write-in,1
Logan,Public Service Commissioner Unexpired 2-Year Term,,DEM,Casey Buchmann,83
Logan,Public Service Commissioner Unexpired 2-Year Term,,DEM,write-in,0
Logan,Public Service Commissioner Unexpired 2-Year Term,,LIB,write-in,0
Logan,Public Service Commissioner Unexpired 2-Year Term,,REP,Brian K Kroshus,382
Logan,Public Service Commissioner Unexpired 2-Year Term,,REP,write-in,0
Logan,Secretary of State,,DEM,Josh Boschee,86
Logan,Secretary of State,,DEM,write-in,0
Logan,Secretary of State,,LIB,Roland Riemers,1
Logan,Secretary of State,,LIB,write-in,0
Logan,Secretary of State,,REP,Will Gardner,356
Logan,Secretary of State,,REP,write-in,19
Logan,Tax Commissioner,,DEM,Kylie Oversen,83
Logan,Tax Commissioner,,DEM,write-in,0
Logan,Tax Commissioner,,LIB,write-in,0
Logan,Tax Commissioner,,REP,Ryan Rauschenberger,386
Logan,Tax Commissioner,,REP,write-in,3
Logan,U.S. House,1,DEM,Mac Schneider,88
Logan,U.S. House,1,DEM,write-in,2
Logan,U.S. House,1,LIB,write-in,0
Logan,U.S. House,1,REP,Kelly Armstrong,238
Logan,U.S. House,1,REP,Paul J Schaffner,42
Logan,U.S. House,1,REP,Tiffany Abentroth,18
Logan,U.S. House,1,REP,Tom Campbell,126
Logan,U.S. House,1,REP,write-in,0
Logan,U.S. Senate,,DEM,Heidi Heitkamp,90
Logan,U.S. Senate,,DEM,write-in,0
Logan,U.S. Senate,,LIB,write-in,0
Logan,U.S. Senate,,REP,Kevin Cramer,402
Logan,U.S. Senate,,REP,"Thomas E O""Neill",47
Logan,U.S. Senate,,REP,write-in,0
McHenry,Additional 1% sales tax Towner,,,No,33
McHenry,Additional 1% sales tax Towner,,,Yes,114
McHenry,Agriculture Commissioner,,DEM,Jim Dotzenrod,334
McHenry,Agriculture Commissioner,,DEM,write-in,0
McHenry,Agriculture Commissioner,,LIB,write-in,0
McHenry,Agriculture Commissioner,,REP,Doug Goehring,882
McHenry,Agriculture Commissioner,,REP,write-in,9
McHenry,Attorney General,,DEM,David Clark Thompson,338
McHenry,Attorney General,,DEM,write-in,0
McHenry,Attorney General,,LIB,write-in,0
McHenry,Attorney General,,REP,Wayne Stenehjem,876
McHenry,Attorney General,,REP,write-in,5
McHenry,Commission President Towner,,NON,Darrell Haman,122
McHenry,Commission President Towner,,NON,write-in,10
McHenry,Commission President Velva,,NON,Jennifer Soli,201
McHenry,Commission President Velva,,NON,write-in,15
McHenry,Commissioner Towner,,NON,Kimberly Berdahl,75
McHenry,Commissioner Towner,,NON,Patrick Wagner,133
McHenry,Commissioner Towner,,NON,write-in,3
McHenry,Commissioner Velva,,NON,Dave Keller,137
McHenry,Commissioner Velva,,NON,Mary Liz Davis,141
McHenry,Commissioner Velva,,NON,Royce Thex,54
McHenry,Commissioner Velva,,NON,Sean Dafferner,112
McHenry,Commissioner Velva,,NON,write-in,8
McHenry,County Auditor McHenry,,NON,Darlene Carpenter,1196
McHenry,County Auditor McHenry,,NON,write-in,19
McHenry,County Clerk of District Court McHenry,,NON,Tina Powell,1189
McHenry,County Clerk of District Court McHenry,,NON,write-in,0
McHenry,County Commissioner McHenry - District 1,,NON,Harry Bergstad,271
McHenry,County Commissioner McHenry - District 1,,NON,write-in,9
McHenry,County Commissioner McHenry - District 3,,NON,David O Medalen,207
McHenry,County Commissioner McHenry - District 3,,NON,write-in,13
McHenry,County Commissioner McHenry - District 5,,NON,Larry F Haman,203
McHenry,County Commissioner McHenry - District 5,,NON,write-in,60
McHenry,County Official Newspaper McHenry,,NON,Mouse River Journal,897
McHenry,County Official Newspaper McHenry,,NON,Velva Area Voice,438
McHenry,County Recorder McHenry,,NON,Helen Lehmann,1177
McHenry,County Recorder McHenry,,NON,write-in,4
McHenry,County Sheriff McHenry,,NON,Trey C Skager,1154
McHenry,County Sheriff McHenry,,NON,write-in,29
McHenry,County State's Attorney McHenry,,NON,Joshua Frey,1184
McHenry,County State's Attorney McHenry,,NON,write-in,3
McHenry,County Treasurer McHenry,,NON,Linda Fairbrother,1234
McHenry,County Treasurer McHenry,,NON,write-in,2
McHenry,"Director, Garrison Diversion Conservancy McHenry",,NON,Cliff Hanretty,1101
McHenry,"Director, Garrison Diversion Conservancy McHenry",,NON,write-in,61
McHenry,Judge of the District Court No. 3 Unexpired 2-Year Term Northeast,,NON,Anthony Swain Benson,1155
McHenry,Judge of the District Court No. 3 Unexpired 2-Year Term Northeast,,NON,write-in,2
McHenry,Justice of the Supreme Court,,NON,Lisa Fair McEvers,573
McHenry,Justice of the Supreme Court,,NON,Robert V Bolinske Sr,582
McHenry,Justice of the Supreme Court,,NON,write-in,2
McHenry,Park Board Member Unexpired 2-Year Term Velva Park,,NON,write-in,45
McHenry,Park Board Member Velva Park,,NON,Julie Anderson,212
McHenry,Park Board Member Velva Park,,NON,Mike Heisler,204
McHenry,Park Board Member Velva Park,,NON,write-in,1
McHenry,Public Service Commissioner,,DEM,Jean Brandt,339
McHenry,Public Service Commissioner,,DEM,write-in,0
McHenry,Public Service Commissioner,,LIB,write-in,0
McHenry,Public Service Commissioner,,REP,Randy Christmann,869
McHenry,Public Service Commissioner,,REP,write-in,3
McHenry,Public Service Commissioner Unexpired 2-Year Term,,DEM,Casey Buchmann,339
McHenry,Public Service Commissioner Unexpired 2-Year Term,,DEM,write-in,0
McHenry,Public Service Commissioner Unexpired 2-Year Term,,LIB,write-in,0
McHenry,Public Service Commissioner Unexpired 2-Year Term,,REP,Brian K Kroshus,856
McHenry,Public Service Commissioner Unexpired 2-Year Term,,REP,write-in,4
McHenry,Secretary of State,,DEM,Josh Boschee,338
McHenry,Secretary of State,,DEM,write-in,1
McHenry,Secretary of State,,LIB,Roland Riemers,1
McHenry,Secretary of State,,LIB,write-in,1
McHenry,Secretary of State,,REP,Will Gardner,783
McHenry,Secretary of State,,REP,write-in,37
McHenry,Tax Commissioner,,DEM,Kylie Oversen,339
McHenry,Tax Commissioner,,DEM,write-in,0
McHenry,Tax Commissioner,,LIB,write-in,0
McHenry,Tax Commissioner,,REP,Ryan Rauschenberger,860
McHenry,Tax Commissioner,,REP,write-in,8
McHenry,U.S. House,1,DEM,Mac Schneider,342
McHenry,U.S. House,1,DEM,write-in,0
McHenry,U.S. House,1,LIB,write-in,0
McHenry,U.S. House,1,REP,Kelly Armstrong,541
McHenry,U.S. House,1,REP,Paul J Schaffner,79
McHenry,U.S. House,1,REP,Tiffany Abentroth,57
McHenry,U.S. House,1,REP,Tom Campbell,223
McHenry,U.S. House,1,REP,write-in,1
McHenry,U.S. Senate,,DEM,Heidi Heitkamp,369
McHenry,U.S. Senate,,DEM,write-in,1
McHenry,U.S. Senate,,LIB,write-in,0
McHenry,U.S. Senate,,REP,Kevin Cramer,805
McHenry,U.S. Senate,,REP,"Thomas E O""Neill",116
McHenry,U.S. Senate,,REP,write-in,0
McIntosh,Agriculture Commissioner,,DEM,Jim Dotzenrod,157
McIntosh,Agriculture Commissioner,,DEM,write-in,0
McIntosh,Agriculture Commissioner,,LIB,write-in,0
McIntosh,Agriculture Commissioner,,REP,Doug Goehring,692
McIntosh,Agriculture Commissioner,,REP,write-in,0
McIntosh,Attorney General,,DEM,David Clark Thompson,156
McIntosh,Attorney General,,DEM,write-in,0
McIntosh,Attorney General,,LIB,write-in,0
McIntosh,Attorney General,,REP,Wayne Stenehjem,688
McIntosh,Attorney General,,REP,write-in,2
McIntosh,Council Member Ashley,,NON,Darwin Golz,186
McIntosh,Council Member Ashley,,NON,Joshua Wolff,170
McIntosh,Council Member Ashley,,NON,Kyle Thiery,180
McIntosh,Council Member Ashley,,NON,write-in,6
McIntosh,Council Member Wishek,,NON,Brenda Soelberg-Dohn,238
McIntosh,Council Member Wishek,,NON,Cody Cooper,315
McIntosh,Council Member Wishek,,NON,Eric Sanders,211
McIntosh,Council Member Wishek,,NON,Whittney Lipp,306
McIntosh,Council Member Wishek,,NON,write-in,14
McIntosh,County Auditor McIntosh,,NON,Gina Ketterling,856
McIntosh,County Auditor McIntosh,,NON,write-in,4
McIntosh,County Commissioner at Large McIntosh,,NON,Neil Meidinger,722
McIntosh,County Commissioner at Large McIntosh,,NON,Steven C. Delzer,730
McIntosh,County Commissioner at Large McIntosh,,NON,write-in,56
McIntosh,County Official Newspaper McIntosh,,NON,Ashley Tribune,406
McIntosh,County Official Newspaper McIntosh,,NON,Wishek Star,475
McIntosh,County Recorder/Clerk of District Court McIntosh,,NON,Carol Fey,868
McIntosh,County Recorder/Clerk of District Court McIntosh,,NON,write-in,5
McIntosh,County Sheriff McIntosh,,NON,Laurie Spitzer,668
McIntosh,County Sheriff McIntosh,,NON,write-in,218
McIntosh,County State's Attorney McIntosh,,NON,Mary E. DePuydt,811
McIntosh,County State's Attorney McIntosh,,NON,write-in,39
McIntosh,County Treasurer McIntosh,,NON,Lanette Blumhardt,866
McIntosh,County Treasurer McIntosh,,NON,write-in,0
McIntosh,Judge of the District Court No. 3 Southeast,,NON,Brad Cruff,769
McIntosh,Judge of the District Court No. 3 Southeast,,NON,write-in,1
McIntosh,Justice of the Supreme Court,,NON,Lisa Fair McEvers,415
McIntosh,Justice of the Supreme Court,,NON,Robert V Bolinske Sr,377
McIntosh,Justice of the Supreme Court,,NON,write-in,1
McIntosh,Mayor Ashley,,NON,Denny Hoffman,191
McIntosh,Mayor Ashley,,NON,write-in,8
McIntosh,Mayor Wishek,,NON,Leslie Otto,234
McIntosh,Mayor Wishek,,NON,write-in,139
McIntosh,Municipal Judge Ashley,,NON,write-in,24
McIntosh,Municipal Judge Wishek,,NON,Perry Turner,385
McIntosh,Municipal Judge Wishek,,NON,write-in,0
McIntosh,Park Board Member Ashley Park,,NON,Gina Ketterling,181
McIntosh,Park Board Member Ashley Park,,NON,Quentin Schumacher,190
McIntosh,Park Board Member Ashley Park,,NON,Shawn Haugom,186
McIntosh,Park Board Member Ashley Park,,NON,write-in,3
McIntosh,Park Board Member Unexpired 2-Year Term Wishek Park,,NON,write-in,72
McIntosh,Park Board Member Wishek Park,,NON,Bruce Dalke,363
McIntosh,Park Board Member Wishek Park,,NON,write-in,165
McIntosh,Public Service Commissioner,,DEM,Jean Brandt,156
McIntosh,Public Service Commissioner,,DEM,write-in,0
McIntosh,Public Service Commissioner,,LIB,write-in,0
McIntosh,Public Service Commissioner,,REP,Randy Christmann,669
McIntosh,Public Service Commissioner,,REP,write-in,1
McIntosh,Public Service Commissioner Unexpired 2-Year Term,,DEM,Casey Buchmann,159
McIntosh,Public Service Commissioner Unexpired 2-Year Term,,DEM,write-in,0
McIntosh,Public Service Commissioner Unexpired 2-Year Term,,LIB,write-in,0
McIntosh,Public Service Commissioner Unexpired 2-Year Term,,REP,Brian K Kroshus,657
McIntosh,Public Service Commissioner Unexpired 2-Year Term,,REP,write-in,0
McIntosh,Secretary of State,,DEM,Josh Boschee,161
McIntosh,Secretary of State,,DEM,write-in,0
McIntosh,Secretary of State,,LIB,Roland Riemers,0
McIntosh,Secretary of State,,LIB,write-in,0
McIntosh,Secretary of State,,REP,Will Gardner,600
McIntosh,Secretary of State,,REP,write-in,27
McIntosh,Tax Commissioner,,DEM,Kylie Oversen,155
McIntosh,Tax Commissioner,,DEM,write-in,0
McIntosh,Tax Commissioner,,LIB,write-in,0
McIntosh,Tax Commissioner,,REP,Ryan Rauschenberger,655
McIntosh,Tax Commissioner,,REP,write-in,1
McIntosh,U.S. House,1,DEM,Mac Schneider,161
McIntosh,U.S. House,1,DEM,write-in,0
McIntosh,U.S. House,1,LIB,write-in,0
McIntosh,U.S. House,1,REP,Kelly Armstrong,397
McIntosh,U.S. House,1,REP,Paul J Schaffner,90
McIntosh,U.S. House,1,REP,Tiffany Abentroth,52
McIntosh,U.S. House,1,REP,Tom Campbell,152
McIntosh,U.S. House,1,REP,write-in,0
McIntosh,U.S. Senate,,DEM,Heidi Heitkamp,184
McIntosh,U.S. Senate,,DEM,write-in,0
McIntosh,U.S. Senate,,LIB,write-in,0
McIntosh,U.S. Senate,,REP,Kevin Cramer,640
McIntosh,U.S. Senate,,REP,"Thomas E O""Neill",75
McIntosh,U.S. Senate,,REP,write-in,1
McKenzie,Agriculture Commissioner,,DEM,Jim Dotzenrod,207
McKenzie,Agriculture Commissioner,,DEM,write-in,0
McKenzie,Agriculture Commissioner,,LIB,write-in,3
McKenzie,Agriculture Commissioner,,REP,Doug Goehring,1391
McKenzie,Agriculture Commissioner,,REP,write-in,3
McKenzie,Attorney General,,DEM,David Clark Thompson,209
McKenzie,Attorney General,,DEM,write-in,1
McKenzie,Attorney General,,LIB,write-in,1
McKenzie,Attorney General,,REP,Wayne Stenehjem,1402
McKenzie,Attorney General,,REP,write-in,14
McKenzie,Council Member Alexander,,NON,John Dybas,7
McKenzie,Council Member Alexander,,NON,Joseph Mrachek,23
McKenzie,Council Member Alexander,,NON,Nevin Larsen,36
McKenzie,Council Member Alexander,,NON,Robert Perry,20
McKenzie,Council Member Alexander,,NON,Robert Richter,20
McKenzie,Council Member Alexander,,NON,write-in,1
McKenzie,Council Member Arnegard,,NON,Bryan Bjornstad,31
McKenzie,Council Member Arnegard,,NON,Drake Collison,25
McKenzie,Council Member Arnegard,,NON,Jamie Lane,29
McKenzie,Council Member Arnegard,,NON,Joshua Moody,35
McKenzie,Council Member Arnegard,,NON,write-in,2
McKenzie,Council Member Unexpired 2-Year Term Alexander,,NON,Joey Hackett,26
McKenzie,Council Member Unexpired 2-Year Term Alexander,,NON,Suzanne Courter,24
McKenzie,Council Member Unexpired 2-Year Term Alexander,,NON,write-in,4
McKenzie,Council Member Unexpired 2-Year Term Arnegard,,NON,Bryan Hilbers,38
McKenzie,Council Member Unexpired 2-Year Term Arnegard,,NON,write-in,25
McKenzie,Council Member Watford City,,NON,Aaron Gravos,415
McKenzie,Council Member Watford City,,NON,Lindsay Veeder Wingerter,397
McKenzie,Council Member Watford City,,NON,Steven Sanford,532
McKenzie,Council Member Watford City,,NON,write-in,9
McKenzie,County Auditor/Treasurer McKenzie,,NON,Erica Johnsrud,1446
McKenzie,County Auditor/Treasurer McKenzie,,NON,write-in,46
McKenzie,County Commissioner McKenzie,,NON,Howdy Lawlar,627
McKenzie,County Commissioner McKenzie,,NON,John Rolfsrud,556
McKenzie,County Commissioner McKenzie,,NON,Kathy Skarda,1098
McKenzie,County Commissioner McKenzie,,NON,Nathan Thibodeau,354
McKenzie,County Commissioner McKenzie,,NON,Samuel C Meuchel,195
McKenzie,County Commissioner McKenzie,,NON,Vawnita Hovet Best,698
McKenzie,County Commissioner McKenzie,,NON,write-in,6
McKenzie,County Official Newspaper McKenzie,,NON,McKenzie County Farmer,1551
McKenzie,County Recorder McKenzie,,NON,Dori Sparby,491
McKenzie,County Recorder McKenzie,,NON,Katie Paulson,1306
McKenzie,County Recorder McKenzie,,NON,write-in,8
McKenzie,County Sheriff McKenzie,,NON,Brady Beyers,98
McKenzie,County Sheriff McKenzie,,NON,Gary Schwartzenberger,586
McKenzie,County Sheriff McKenzie,,NON,Matthew Johansen,1268
McKenzie,County Sheriff McKenzie,,NON,write-in,3
McKenzie,County State's Attorney McKenzie,,NON,Ty Leland Skarda,1638
McKenzie,County State's Attorney McKenzie,,NON,write-in,14
McKenzie,Judge of the District Court No. 5 Unexpired 4-Year Term Northwest,,NON,Daniel S El-Dweek,1446
McKenzie,Judge of the District Court No. 5 Unexpired 4-Year Term Northwest,,NON,write-in,17
McKenzie,Judge of the District Court No. 6 Unexpired 4-Year Term Northwest,,NON,Kirsten M Sjue,1388
McKenzie,Judge of the District Court No. 6 Unexpired 4-Year Term Northwest,,NON,write-in,9
McKenzie,Justice of the Supreme Court,,NON,Lisa Fair McEvers,817
McKenzie,Justice of the Supreme Court,,NON,Robert V Bolinske Sr,627
McKenzie,Justice of the Supreme Court,,NON,write-in,6
McKenzie,Mayor Arnegard,,NON,Jeffrey Kindel,31
McKenzie,Mayor Arnegard,,NON,Virgina Elliot,35
McKenzie,Mayor Arnegard,,NON,write-in,0
McKenzie,Mayor Watford City,,NON,Gregg Schuetze,143
McKenzie,Mayor Watford City,,NON,Justin Johnsrud,267
McKenzie,Mayor Watford City,,NON,Philip Riely,270
McKenzie,Mayor Watford City,,NON,write-in,3
McKenzie,Park Board Member Alexander Park,,NON,Sarah Rosco,39
McKenzie,Park Board Member Alexander Park,,NON,Shawn Schooley,48
McKenzie,Park Board Member Alexander Park,,NON,write-in,1
McKenzie,Park Board Member Arnegard Park,,NON,Darlene Faulkner,17
McKenzie,Park Board Member Arnegard Park,,NON,Heather Kobos,45
McKenzie,Park Board Member Arnegard Park,,NON,write-in,0
McKenzie,Park Board Member Unexpired 2-Year Term Arnegard Park,,NON,write-in,9
McKenzie,Park Board Member Unexpired 2-Year Term Watford City Park,,NON,write-in,63
McKenzie,Park Board Member Watford City Park,,NON,Heidi Carns,474
McKenzie,Park Board Member Watford City Park,,NON,Katherine Walters,407
McKenzie,Park Board Member Watford City Park,,NON,Mark Sparby,420
McKenzie,Park Board Member Watford City Park,,NON,write-in,13
McKenzie,Public Service Commissioner,,DEM,Jean Brandt,205
McKenzie,Public Service Commissioner,,DEM,write-in,0
McKenzie,Public Service Commissioner,,LIB,write-in,3
McKenzie,Public Service Commissioner,,REP,Randy Christmann,1327
McKenzie,Public Service Commissioner,,REP,write-in,5
McKenzie,Public Service Commissioner Unexpired 2-Year Term,,DEM,Casey Buchmann,205
McKenzie,Public Service Commissioner Unexpired 2-Year Term,,DEM,write-in,0
McKenzie,Public Service Commissioner Unexpired 2-Year Term,,LIB,write-in,2
McKenzie,Public Service Commissioner Unexpired 2-Year Term,,REP,Brian K Kroshus,1303
McKenzie,Public Service Commissioner Unexpired 2-Year Term,,REP,write-in,6
McKenzie,Publish Minutes Alexander SD#2,,,No,18
McKenzie,Publish Minutes Alexander SD#2,,,Yes,114
McKenzie,Publish minutes McKenzie SD#1,,,No,152
McKenzie,Publish minutes McKenzie SD#1,,,Yes,1403
McKenzie,Publish minutes Yellowstone SD#14,,,No,14
McKenzie,Publish minutes Yellowstone SD#14,,,Yes,68
McKenzie,Removal of $25.00 Maximum on City Sales and Use Tax Watford City,,,No,214
McKenzie,Removal of $25.00 Maximum on City Sales and Use Tax Watford City,,,Yes,443
McKenzie,School Board Member Alexander SD#2,,NON,Cameron Wahlstrom,114
McKenzie,School Board Member Alexander SD#2,,NON,Lashell Mugg-Tjelde,97
McKenzie,School Board Member Alexander SD#2,,NON,write-in,3
McKenzie,School Board Member Area 1 McKenzie SD#1,,NON,Pamela Ramage,1282
McKenzie,School Board Member Area 1 McKenzie SD#1,,NON,write-in,22
McKenzie,School Board Member Area 2 & 3 McKenzie SD#1,,NON,Cody Knetzger,646
McKenzie,School Board Member Area 2 & 3 McKenzie SD#1,,NON,Corey Meuchel,658
McKenzie,School Board Member Area 2 & 3 McKenzie SD#1,,NON,write-in,3
McKenzie,School Board Member Area 4 & 5 McKenzie SD#1,,NON,Jake Pennington,1244
McKenzie,School Board Member Area 4 & 5 McKenzie SD#1,,NON,write-in,4
McKenzie,School Board Member Yellowstone SD#14,,NON,Britt Poulsen,63
McKenzie,School Board Member Yellowstone SD#14,,NON,Doug Gullikson,74
McKenzie,School Board Member Yellowstone SD#14,,NON,Harvey Asbeck,62
McKenzie,School Board Member Yellowstone SD#14,,NON,write-in,0
McKenzie,Secretary of State,,DEM,Josh Boschee,220
McKenzie,Secretary of State,,DEM,write-in,0
McKenzie,Secretary of State,,LIB,Roland Riemers,7
McKenzie,Secretary of State,,LIB,write-in,0
McKenzie,Secretary of State,,REP,Will Gardner,1252
McKenzie,Secretary of State,,REP,write-in,45
McKenzie,State House,39,DEM,write-in,9
McKenzie,State House,39,LIB,write-in,2
McKenzie,State House,39,REP,Denton Zubke,1239
McKenzie,State House,39,REP,Keith Kempenich,1002
McKenzie,State House,39,REP,write-in,7
McKenzie,State Senate,39,DEM,write-in,10
McKenzie,State Senate,39,LIB,write-in,1
McKenzie,State Senate,39,REP,Dale Patten,1395
McKenzie,State Senate,39,REP,write-in,11
McKenzie,Tax Commissioner,,DEM,Kylie Oversen,220
McKenzie,Tax Commissioner,,DEM,write-in,1
McKenzie,Tax Commissioner,,LIB,write-in,3
McKenzie,Tax Commissioner,,REP,Ryan Rauschenberger,1327
McKenzie,Tax Commissioner,,REP,write-in,7
McKenzie,U.S. House,1,DEM,Mac Schneider,222
McKenzie,U.S. House,1,DEM,write-in,0
McKenzie,U.S. House,1,LIB,write-in,2
McKenzie,U.S. House,1,REP,Kelly Armstrong,807
McKenzie,U.S. House,1,REP,Paul J Schaffner,169
McKenzie,U.S. House,1,REP,Tiffany Abentroth,102
McKenzie,U.S. House,1,REP,Tom Campbell,313
McKenzie,U.S. House,1,REP,write-in,1
McKenzie,U.S. Senate,,DEM,Heidi Heitkamp,279
McKenzie,U.S. Senate,,DEM,write-in,3
McKenzie,U.S. Senate,,LIB,write-in,1
McKenzie,U.S. Senate,,REP,Kevin Cramer,1379
McKenzie,U.S. Senate,,REP,"Thomas E O""Neill",164
McKenzie,U.S. Senate,,REP,write-in,3
McLean,Agriculture Commissioner,,DEM,Jim Dotzenrod,469
McLean,Agriculture Commissioner,,DEM,write-in,0
McLean,Agriculture Commissioner,,LIB,write-in,1
McLean,Agriculture Commissioner,,REP,Doug Goehring,1433
McLean,Agriculture Commissioner,,REP,write-in,5
McLean,Attorney General,,DEM,David Clark Thompson,470
McLean,Attorney General,,DEM,write-in,0
McLean,Attorney General,,LIB,write-in,1
McLean,Attorney General,,REP,Wayne Stenehjem,1445
McLean,Attorney General,,REP,write-in,6
McLean,Commission President Turtle Lake,,NON,Richard Britton,95
McLean,Commission President Turtle Lake,,NON,write-in,14
McLean,Commission President Wilton,,NON,LeeAnn Domonoske-Kellar,76
McLean,Commission President Wilton,,NON,write-in,3
McLean,Commissioner Turtle Lake,,NON,Dianne Zenker,96
McLean,Commissioner Turtle Lake,,NON,Paul Weinberger,87
McLean,Commissioner Turtle Lake,,NON,write-in,6
McLean,Commissioner Washburn,,NON,Kollin Syverson,241
McLean,Commissioner Washburn,,NON,write-in,56
McLean,Commissioner Wilton,,NON,John Clausen,73
McLean,Commissioner Wilton,,NON,write-in,19
McLean,Council Member Benedict,,NON,Matthew Kielman,6
McLean,Council Member Benedict,,NON,William Rieniets,10
McLean,Council Member Benedict,,NON,write-in,1
McLean,Council Member Butte,,NON,Amy Nechiporenko,23
McLean,Council Member Butte,,NON,Luis Coca,20
McLean,Council Member Butte,,NON,Mirissa Anderson,4
McLean,Council Member Butte,,NON,Perry Moseanko,25
McLean,Council Member Butte,,NON,Wayne Schatz,4
McLean,Council Member Butte,,NON,write-in,2
McLean,Council Member Garrison,,NON,David Reinarts,235
McLean,Council Member Garrison,,NON,Gerri Leggett,196
McLean,Council Member Garrison,,NON,Maria Olson,204
McLean,Council Member Garrison,,NON,Paul Schlichting,298
McLean,Council Member Garrison,,NON,write-in,10
McLean,Council Member Max,,NON,Nancy Gullickson,69
McLean,Council Member Max,,NON,write-in,37
McLean,Council Member Mercer,,NON,Becky Schadegg,12
McLean,Council Member Mercer,,NON,Bryan Brewer,14
McLean,Council Member Mercer,,NON,Dennis Howard,30
McLean,Council Member Mercer,,NON,Derek Fiedler,37
McLean,Council Member Mercer,,NON,write-in,0
McLean,Council Member Riverdale,,NON,Jerry Orth,81
McLean,Council Member Riverdale,,NON,write-in,31
McLean,Council Member Ruso,,NON,Terry Roloson,3
McLean,Council Member Ruso,,NON,write-in,0
McLean,Council Member Unexpired 2-Year Term Benedict,,NON,Gerald Tofteland,8
McLean,Council Member Unexpired 2-Year Term Benedict,,NON,write-in,0
McLean,Council Member Unexpired 2-Year Term Butte,,NON,Paul Schneider,39
McLean,Council Member Unexpired 2-Year Term Butte,,NON,write-in,0
McLean,County Auditor McLean,,NON,Beth A Knutson,1854
McLean,County Auditor McLean,,NON,write-in,10
McLean,County Commissioner McLean - District 1,,NON,Douglas Krebsbach,1853
McLean,County Commissioner McLean - District 1,,NON,write-in,17
McLean,County Commissioner McLean - District 3,,NON,Steve Lee,1869
McLean,County Commissioner McLean - District 3,,NON,write-in,17
McLean,County Official Newspaper McLean,,NON,Leader News,646
McLean,County Official Newspaper McLean,,NON,McLean County Independent,1440
McLean,County Recorder McLean,,NON,Heidi J Anderson,1865
McLean,County Recorder McLean,,NON,write-in,2
McLean,County Sheriff McLean,,NON,"Jerry ""J.R."" Kerzmann",1925
McLean,County Sheriff McLean,,NON,write-in,39
McLean,County State's Attorney McLean,,NON,Ladd Erickson,1751
McLean,County State's Attorney McLean,,NON,write-in,26
McLean,"Director, Garrison Diversion Conservancy McLean",,NON,Rick Anderson,1770
McLean,"Director, Garrison Diversion Conservancy McLean",,NON,write-in,14
McLean,Judge of the District Court No. 3 South Central,,NON,Bruce A Romanick,1860
McLean,Judge of the District Court No. 3 South Central,,NON,write-in,6
McLean,Judge of the District Court No. 4 South Central,,NON,Daniel Borgen,1756
McLean,Judge of the District Court No. 4 South Central,,NON,write-in,6
McLean,Judge of the District Court No. 9 Unexpired 4-Year Term South Central,,NON,John W Grinsteiner,1761
McLean,Judge of the District Court No. 9 Unexpired 4-Year Term South Central,,NON,write-in,4
McLean,Justice of the Supreme Court,,NON,Lisa Fair McEvers,971
McLean,Justice of the Supreme Court,,NON,Robert V Bolinske Sr,895
McLean,Justice of the Supreme Court,,NON,write-in,5
McLean,Mayor Garrison,,NON,Roy Mckenzie,108
McLean,Mayor Garrison,,NON,Stuart Merry,251
McLean,Mayor Garrison,,NON,write-in,2
McLean,Mayor Max,,NON,Kathryn Huettl,18
McLean,Mayor Max,,NON,Robert Boedicker,58
McLean,Mayor Max,,NON,write-in,0
McLean,Mayor Mercer,,NON,Kathern Schon,17
McLean,Mayor Mercer,,NON,Ronald Schatz,29
McLean,Mayor Mercer,,NON,write-in,0
McLean,Mayor Riverdale,,NON,Ken Skuza,63
McLean,Mayor Riverdale,,NON,write-in,16
McLean,Mayor Ruso,,NON,Bruce Lorenz,3
McLean,Mayor Ruso,,NON,write-in,0
McLean,Mayor Unexpired 2-Year Term Butte,,NON,Chad Holdeman,38
McLean,Mayor Unexpired 2-Year Term Butte,,NON,write-in,1
McLean,Municipal Judge Turtle Lake,,NON,write-in,35
McLean,Municipal Judge Unexpired 2-Year Term Garrison,,NON,Matthew Zimney,308
McLean,Municipal Judge Unexpired 2-Year Term Garrison,,NON,write-in,1
McLean,Park Board Member Garrison Park,,NON,Danielle Rensch,307
McLean,Park Board Member Garrison Park,,NON,Laura Hellebush,277
McLean,Park Board Member Garrison Park,,NON,write-in,3
McLean,Park Board Member Max Park,,NON,Emilee Wheeler,68
McLean,Park Board Member Max Park,,NON,Karrie Boedicker,63
McLean,Park Board Member Max Park,,NON,Laura Talbott,64
McLean,Park Board Member Max Park,,NON,write-in,7
McLean,Park Board Member Riverdale Park,,NON,write-in,47
McLean,Park Board Member Turtle Lake Park,,NON,Jerome Huelsman,92
McLean,Park Board Member Turtle Lake Park,,NON,Randy Anderson,103
McLean,Park Board Member Turtle Lake Park,,NON,Travis Voth,105
McLean,Park Board Member Turtle Lake Park,,NON,write-in,1
McLean,Park Board Member Unexpired 2-Year Term Garrison Park,,NON,Amber Klingbeil,309
McLean,Park Board Member Unexpired 2-Year Term Garrison Park,,NON,write-in,0
McLean,Park Board Member Washburn Park,,NON,write-in,146
McLean,Park Board Member Wilton Park,,NON,Lisa Jenkins,80
McLean,Park Board Member Wilton Park,,NON,Nicole Schurhamer,75
McLean,Park Board Member Wilton Park,,NON,write-in,19
McLean,Public Service Commissioner,,DEM,Jean Brandt,473
McLean,Public Service Commissioner,,DEM,write-in,0
McLean,Public Service Commissioner,,LIB,write-in,1
McLean,Public Service Commissioner,,REP,Randy Christmann,1405
McLean,Public Service Commissioner,,REP,write-in,0
McLean,Public Service Commissioner Unexpired 2-Year Term,,DEM,Casey Buchmann,474
McLean,Public Service Commissioner Unexpired 2-Year Term,,DEM,write-in,2
McLean,Public Service Commissioner Unexpired 2-Year Term,,LIB,write-in,1
McLean,Public Service Commissioner Unexpired 2-Year Term,,REP,Brian K Kroshus,1393
McLean,Public Service Commissioner Unexpired 2-Year Term,,REP,write-in,0
McLean,Sales & Use Tax Administrator Wilton,,NON,Bernard Schafer,68
McLean,Sales & Use Tax Administrator Wilton,,NON,James Porter,88
McLean,Sales & Use Tax Administrator Wilton,,NON,write-in,10
McLean,Secretary of State,,DEM,Josh Boschee,475
McLean,Secretary of State,,DEM,write-in,1
McLean,Secretary of State,,LIB,Roland Riemers,3
McLean,Secretary of State,,LIB,write-in,0
McLean,Secretary of State,,REP,Will Gardner,1255
McLean,Secretary of State,,REP,write-in,97
McLean,Tax Commissioner,,DEM,Kylie Oversen,478
McLean,Tax Commissioner,,DEM,write-in,1
McLean,Tax Commissioner,,LIB,write-in,1
McLean,Tax Commissioner,,REP,Ryan Rauschenberger,1385
McLean,Tax Commissioner,,REP,write-in,6
McLean,U.S. House,1,DEM,Mac Schneider,488
McLean,U.S. House,1,DEM,write-in,0
McLean,U.S. House,1,LIB,write-in,1
McLean,U.S. House,1,REP,Kelly Armstrong,882
McLean,U.S. House,1,REP,Paul J Schaffner,62
McLean,U.S. House,1,REP,Tiffany Abentroth,102
McLean,U.S. House,1,REP,Tom Campbell,485
McLean,U.S. House,1,REP,write-in,4
McLean,U.S. Senate,,DEM,Heidi Heitkamp,534
McLean,U.S. Senate,,DEM,write-in,2
McLean,U.S. Senate,,LIB,write-in,1
McLean,U.S. Senate,,REP,Kevin Cramer,1385
McLean,U.S. Senate,,REP,"Thomas E O""Neill",190
McLean,U.S. Senate,,REP,write-in,3
Mercer,Agriculture Commissioner,,DEM,Jim Dotzenrod,333
Mercer,Agriculture Commissioner,,DEM,write-in,0
Mercer,Agriculture Commissioner,,LIB,write-in,1
Mercer,Agriculture Commissioner,,REP,Doug Goehring,1528
Mercer,Agriculture Commissioner,,REP,write-in,2
Mercer,Attorney General,,DEM,David Clark Thompson,333
Mercer,Attorney General,,DEM,write-in,2
Mercer,Attorney General,,LIB,write-in,1
Mercer,Attorney General,,REP,Wayne Stenehjem,1537
Mercer,Attorney General,,REP,write-in,2
Mercer,Commission President Hazen,,NON,Jerry Obenauer,443
Mercer,Commission President Hazen,,NON,write-in,12
Mercer,Commissioner Hazen,,NON,Jason Haack,417
Mercer,Commissioner Hazen,,NON,Nancy Wolf,417
Mercer,Commissioner Hazen,,NON,write-in,8
Mercer,Council Member Beulah Ward 1,,NON,David Czywczynski,197
Mercer,Council Member Beulah Ward 1,,NON,write-in,5
Mercer,Council Member Beulah Ward 2,,NON,write-in,34
Mercer,Council Member Beulah Ward 3,,NON,write-in,34
Mercer,Council Member Beulah Ward 4,,NON,write-in,31
Mercer,Council Member Golden Valley,,NON,Michael Jassmann,25
Mercer,Council Member Golden Valley,,NON,"Paul ""Alan"" Funk",11
Mercer,Council Member Golden Valley,,NON,Robert Johnson,24
Mercer,Council Member Golden Valley,,NON,write-in,19
Mercer,Council Member Pick City,,NON,Arvid Anderson,35
Mercer,Council Member Pick City,,NON,write-in,20
Mercer,Council Member Stanton,,NON,Gary Kalmback,85
Mercer,Council Member Stanton,,NON,Tom Sayler,79
Mercer,Council Member Stanton,,NON,write-in,3
Mercer,Council Member Unexpired 2-Year Term Zap,,NON,write-in,31
Mercer,Council Member Zap,,NON,Tamara Gillig,32
Mercer,Council Member Zap,,NON,write-in,46
Mercer,County Auditor Mercer,,NON,Shana L. Brost,1774
Mercer,County Auditor Mercer,,NON,write-in,26
Mercer,County Commissioner at Large Mercer,,NON,Elizabeth Simpfenderfer,735
Mercer,County Commissioner at Large Mercer,,NON,Frank H Bitterman,703
Mercer,County Commissioner at Large Mercer,,NON,Lauren Donovan,767
Mercer,County Commissioner at Large Mercer,,NON,Marvin L. Schwehr,809
Mercer,County Commissioner at Large Mercer,,NON,Wayne Entze,1351
Mercer,County Commissioner at Large Mercer,,NON,Weslie D. Gunsch,1460
Mercer,County Commissioner at Large Mercer,,NON,write-in,14
Mercer,County Official Newspaper Mercer,,NON,Beulah Beacon,1132
Mercer,County Official Newspaper Mercer,,NON,Hazen Star,959
Mercer,County Recorder Mercer,,NON,Brenda L. Cook,1278
Mercer,County Recorder Mercer,,NON,Jesse James Krieger,710
Mercer,County Recorder Mercer,,NON,write-in,0
Mercer,County Sheriff Mercer,,NON,Dean Danzeisen,1780
Mercer,County Sheriff Mercer,,NON,write-in,45
Mercer,County State's Attorney Mercer,,NON,Jessica J. Binder,1752
Mercer,County State's Attorney Mercer,,NON,write-in,29
Mercer,County Treasurer Mercer,,NON,Darbie Berger,1759
Mercer,County Treasurer Mercer,,NON,write-in,11
Mercer,"Director, Southwest Water Authority Mercer",,NON,Marie R. Johnson,1743
Mercer,"Director, Southwest Water Authority Mercer",,NON,write-in,9
Mercer,Judge of the District Court No. 3 South Central,,NON,Bruce A Romanick,1767
Mercer,Judge of the District Court No. 3 South Central,,NON,write-in,6
Mercer,Judge of the District Court No. 4 South Central,,NON,Daniel Borgen,1725
Mercer,Judge of the District Court No. 4 South Central,,NON,write-in,4
Mercer,Judge of the District Court No. 9 Unexpired 4-Year Term South Central,,NON,John W Grinsteiner,1737
Mercer,Judge of the District Court No. 9 Unexpired 4-Year Term South Central,,NON,write-in,1
Mercer,Justice of the Supreme Court,,NON,Lisa Fair McEvers,983
Mercer,Justice of the Supreme Court,,NON,Robert V Bolinske Sr,788
Mercer,Justice of the Supreme Court,,NON,write-in,3
Mercer,Mayor Beulah,,NON,Ben Lenzen,296
Mercer,Mayor Beulah,,NON,Clyde Schulz,133
Mercer,Mayor Beulah,,NON,Travis Frey,357
Mercer,Mayor Beulah,,NON,write-in,6
Mercer,Mayor Golden Valley,,NON,Deen Brecht,30
Mercer,Mayor Golden Valley,,NON,write-in,2
Mercer,Mayor Pick City,,NON,Wilbert Harsch,32
Mercer,Mayor Pick City,,NON,write-in,5
Mercer,Mayor Zap,,NON,write-in,46
Mercer,Municipal Judge Hazen,,NON,Myron Stern,461
Mercer,Municipal Judge Hazen,,NON,write-in,1
Mercer,Municipal Judge Pick City,,NON,Myron Stern,37
Mercer,Municipal Judge Pick City,,NON,write-in,0
Mercer,Municipal Judge Stanton,,NON,Myron Stern,86
Mercer,Municipal Judge Stanton,,NON,write-in,1
Mercer,Municipal Judge Zap,,NON,Myron Stern,43
Mercer,Municipal Judge Zap,,NON,write-in,0
Mercer,Park Board Commissioner Beulah Park,,NON,James Nelson,598
Mercer,Park Board Commissioner Beulah Park,,NON,Robert Volk,561
Mercer,Park Board Commissioner Beulah Park,,NON,write-in,11
Mercer,Park Board Commissioner Hazen Park,,NON,Daniel Nelson,436
Mercer,Park Board Commissioner Hazen Park,,NON,Darren Mund,423
Mercer,Park Board Commissioner Hazen Park,,NON,Derek Czywczynski,444
Mercer,Park Board Commissioner Hazen Park,,NON,write-in,13
Mercer,Park Board Commissioner Unexpired 2-Year Term Hazen Park,,NON,Bret Johnsrud,469
Mercer,Park Board Commissioner Unexpired 2-Year Term Hazen Park,,NON,write-in,1
Mercer,Park Board Member Stanton Park,,NON,Curtis Gartner,88
Mercer,Park Board Member Stanton Park,,NON,Hubert Sailer,87
Mercer,Park Board Member Stanton Park,,NON,Lester Dockter,87
Mercer,Park Board Member Stanton Park,,NON,write-in,0
Mercer,Park Board Member Zap Park,,NON,write-in,60
Mercer,Public Service Commissioner,,DEM,Jean Brandt,334
Mercer,Public Service Commissioner,,DEM,write-in,1
Mercer,Public Service Commissioner,,LIB,write-in,1
Mercer,Public Service Commissioner,,REP,Randy Christmann,1542
Mercer,Public Service Commissioner,,REP,write-in,5
Mercer,Public Service Commissioner Unexpired 2-Year Term,,DEM,Casey Buchmann,337
Mercer,Public Service Commissioner Unexpired 2-Year Term,,DEM,write-in,1
Mercer,Public Service Commissioner Unexpired 2-Year Term,,LIB,write-in,1
Mercer,Public Service Commissioner Unexpired 2-Year Term,,REP,Brian K Kroshus,1468
Mercer,Public Service Commissioner Unexpired 2-Year Term,,REP,write-in,0
Mercer,Publication of School Board Minutes Center/Stanton School District,,,No,11
Mercer,Publication of School Board Minutes Center/Stanton School District,,,Yes,135
Mercer,School Board Member - Center Seat Center/Stanton School District,,NON,Raymond Hall,33
Mercer,School Board Member - Center Seat Center/Stanton School District,,NON,Tracy Barnes,74
Mercer,School Board Member - Center Seat Center/Stanton School District,,NON,write-in,2
Mercer,School Board Member - Stanton Seat Center/Stanton School District,,NON,write-in,22
Mercer,School Board Member Hazen #3 School Dist,,NON,Jody Murschel,636
Mercer,School Board Member Hazen #3 School Dist,,NON,write-in,2
Mercer,School Board Member at Large Beulah School,,NON,Blake Seibel,850
Mercer,School Board Member at Large Beulah School,,NON,David Ripplinger,830
Mercer,School Board Member at Large Beulah School,,NON,write-in,21
Mercer,Secretary of State,,DEM,Josh Boschee,338
Mercer,Secretary of State,,DEM,write-in,0
Mercer,Secretary of State,,LIB,Roland Riemers,4
Mercer,Secretary of State,,LIB,write-in,2
Mercer,Secretary of State,,REP,Will Gardner,1339
Mercer,Secretary of State,,REP,write-in,102
Mercer,State House,33,DEM,write-in,18
Mercer,State House,33,LIB,write-in,2
Mercer,State House,33,REP,Bill Tveit,1136
Mercer,State House,33,REP,Gary Kreidt,1329
Mercer,State House,33,REP,write-in,13
Mercer,State Senate,33,DEM,write-in,23
Mercer,State Senate,33,LIB,write-in,1
Mercer,State Senate,33,REP,Jessica Unruh,1517
Mercer,State Senate,33,REP,write-in,8
Mercer,Tax Commissioner,,DEM,Kylie Oversen,342
Mercer,Tax Commissioner,,DEM,write-in,1
Mercer,Tax Commissioner,,LIB,write-in,0
Mercer,Tax Commissioner,,REP,Ryan Rauschenberger,1488
Mercer,Tax Commissioner,,REP,write-in,5
Mercer,U.S. House,1,DEM,Mac Schneider,347
Mercer,U.S. House,1,DEM,write-in,1
Mercer,U.S. House,1,LIB,write-in,1
Mercer,U.S. House,1,REP,Kelly Armstrong,1010
Mercer,U.S. House,1,REP,Paul J Schaffner,92
Mercer,U.S. House,1,REP,Tiffany Abentroth,84
Mercer,U.S. House,1,REP,Tom Campbell,385
Mercer,U.S. House,1,REP,write-in,0
Mercer,U.S. Senate,,DEM,Heidi Heitkamp,373
Mercer,U.S. Senate,,DEM,write-in,0
Mercer,U.S. Senate,,LIB,write-in,1
Mercer,U.S. Senate,,REP,Kevin Cramer,1480
Mercer,U.S. Senate,,REP,"Thomas E O""Neill",158
Mercer,U.S. Senate,,REP,write-in,2
Morton,911 Fee 30 - Morton,,,No,1146
Morton,911 Fee 30 - Morton,,,Yes,1917
Morton,Agriculture Commissioner,,DEM,Jim Dotzenrod,811
Morton,Agriculture Commissioner,,DEM,write-in,0
Morton,Agriculture Commissioner,,LIB,write-in,0
Morton,Agriculture Commissioner,,REP,Doug Goehring,2047
Morton,Agriculture Commissioner,,REP,write-in,5
Morton,Attorney General,,DEM,David Clark Thompson,812
Morton,Attorney General,,DEM,write-in,1
Morton,Attorney General,,LIB,write-in,0
Morton,Attorney General,,REP,Wayne Stenehjem,2038
Morton,Attorney General,,REP,write-in,12
Morton,Commission President Flasher,,NON,Tamara Bartz,20
Morton,Commission President Flasher,,NON,write-in,4
Morton,Commissioner Flasher,,NON,Peggy Reimer,27
Morton,Commissioner Flasher,,NON,Shelly Meyhoff,23
Morton,Commissioner Flasher,,NON,write-in,5
Morton,Commissioner Mandan,,NON,Amber Larson,910
Morton,Commissioner Mandan,,NON,Ashley Kelsch,845
Morton,Commissioner Mandan,,NON,Bee Maloney,382
Morton,Commissioner Mandan,,NON,Dennis Rohr,974
Morton,Commissioner Mandan,,NON,Shauna Laber,899
Morton,Commissioner Mandan,,NON,write-in,4
Morton,Council Member Almont,,NON,Dale Jacobson,10
Morton,Council Member Almont,,NON,Kirby Dittus,12
Morton,Council Member Almont,,NON,write-in,8
Morton,Council Member Glen Ullin,,NON,Alex Martinez,46
Morton,Council Member Glen Ullin,,NON,Dennis Emter,58
Morton,Council Member Glen Ullin,,NON,Douglas Martwick,53
Morton,Council Member Glen Ullin,,NON,write-in,9
Morton,Council Member Hebron,,NON,Chester Brandt,92
Morton,Council Member Hebron,,NON,Pat Mischel,56
Morton,Council Member Hebron,,NON,Steven Dittus,99
Morton,Council Member Hebron,,NON,write-in,109
Morton,Council Member New Salem,,NON,Darrell Itrich,116
Morton,Council Member New Salem,,NON,Delton Kautzman,121
Morton,Council Member New Salem,,NON,Perrin Goetzfridt,129
Morton,Council Member New Salem,,NON,write-in,7
Morton,Council Member Unexpired 2-Year Term Hebron,,NON,write-in,81
Morton,County Auditor Morton,,NON,Dawn R Rhone,2626
Morton,County Auditor Morton,,NON,write-in,6
Morton,County Commissioner at Large Morton,,NON,Andrew Zachmeier,1851
Morton,County Commissioner at Large Morton,,NON,Jackie Buckley,1922
Morton,County Commissioner at Large Morton,,NON,James Boehm,1584
Morton,County Commissioner at Large Morton,,NON,write-in,27
Morton,County Official Newspaper Morton,,NON,The Morton County & Mandan News,2594
Morton,County Recorder Morton,,NON,Nancy Seefeldt,2592
Morton,County Recorder Morton,,NON,write-in,6
Morton,County Sheriff Morton,,NON,Dave Shipman,843
Morton,County Sheriff Morton,,NON,Kyle Kirchmeier,2185
Morton,County Sheriff Morton,,NON,write-in,13
Morton,County State's Attorney Morton,,NON,Allen Michael Koppy,1421
Morton,County State's Attorney Morton,,NON,Gabrielle Goter,1462
Morton,County State's Attorney Morton,,NON,write-in,7
Morton,County Treasurer Morton,,NON,Kari Hatzenbuhler,2594
Morton,County Treasurer Morton,,NON,write-in,10
Morton,"Director, Southwest Water Authority Mandan",,NON,Bob Leingang,1790
Morton,"Director, Southwest Water Authority Mandan",,NON,write-in,7
Morton,"Director, Southwest Water Authority Morton",,NON,George Saxowsky,2496
Morton,"Director, Southwest Water Authority Morton",,NON,write-in,10
Morton,Judge of the District Court No. 3 South Central,,NON,Bruce A Romanick,2592
Morton,Judge of the District Court No. 3 South Central,,NON,write-in,12
Morton,Judge of the District Court No. 4 South Central,,NON,Daniel Borgen,2487
Morton,Judge of the District Court No. 4 South Central,,NON,write-in,19
Morton,Judge of the District Court No. 9 Unexpired 4-Year Term South Central,,NON,John W Grinsteiner,2516
Morton,Judge of the District Court No. 9 Unexpired 4-Year Term South Central,,NON,write-in,12
Morton,Justice of the Supreme Court,,NON,Lisa Fair McEvers,1576
Morton,Justice of the Supreme Court,,NON,Robert V Bolinske Sr,1163
Morton,Justice of the Supreme Court,,NON,write-in,4
Morton,Mayor Glen Ullin,,NON,Audrey Duppong,58
Morton,Mayor Glen Ullin,,NON,write-in,5
Morton,Mayor Hebron,,NON,write-in,87
Morton,Mayor New Salem,,NON,Lynette Fitterer,120
Morton,Mayor New Salem,,NON,write-in,16
Morton,Municipal Judge Flasher,,NON,Andy Kuntz,22
Morton,Municipal Judge Flasher,,NON,write-in,1
Morton,Municipal Judge Hebron,,NON,Myron Stern,118
Morton,Municipal Judge Hebron,,NON,write-in,1
Morton,New Salem Home Rule Charter Sales Tax New Salem,,,No,54
Morton,New Salem Home Rule Charter Sales Tax New Salem,,,Yes,88
Morton,Park Board Commissioner Mandan Park,,NON,Chad Hatzenbuhler,1280
Morton,Park Board Commissioner Mandan Park,,NON,Jan Fasching,1199
Morton,Park Board Commissioner Mandan Park,,NON,Jason Arenz,1297
Morton,Park Board Commissioner Mandan Park,,NON,Miles Mehlhoff,1342
Morton,Park Board Commissioner Mandan Park,,NON,write-in,12
Morton,Park Board Member Flasher Park,,NON,Jeannie Fitterer,31
Morton,Park Board Member Flasher Park,,NON,"Kalle"" Gade",25
Morton,Park Board Member Flasher Park,,NON,write-in,0
Morton,Park Board Member Glen Ullin Park,,NON,write-in,34
Morton,Park Board Member Hebron Park,,NON,Byron Schatz,129
Morton,Park Board Member Hebron Park,,NON,write-in,102
Morton,Park Board Member New Salem Park,,NON,Monica Gaebe,117
Morton,Park Board Member New Salem Park,,NON,write-in,48
Morton,Public Service Commissioner,,DEM,Jean Brandt,824
Morton,Public Service Commissioner,,DEM,write-in,0
Morton,Public Service Commissioner,,LIB,write-in,0
Morton,Public Service Commissioner,,REP,Randy Christmann,2008
Morton,Public Service Commissioner,,REP,write-in,6
Morton,Public Service Commissioner Unexpired 2-Year Term,,DEM,Casey Buchmann,812
Morton,Public Service Commissioner Unexpired 2-Year Term,,DEM,write-in,2
Morton,Public Service Commissioner Unexpired 2-Year Term,,LIB,write-in,0
Morton,Public Service Commissioner Unexpired 2-Year Term,,REP,Brian K Kroshus,1955
Morton,Public Service Commissioner Unexpired 2-Year Term,,REP,write-in,3
Morton,School Board Member at Large Mandan School District,,NON,Caroline Kozojed,1687
Morton,School Board Member at Large Mandan School District,,NON,Rick Horn,1678
Morton,School Board Member at Large Mandan School District,,NON,write-in,10
Morton,School Board Member at Large Rural Mandan School District,,NON,Sheldon Wolf,2000
Morton,School Board Member at Large Rural Mandan School District,,NON,write-in,9
Morton,Secretary of State,,DEM,Josh Boschee,827
Morton,Secretary of State,,DEM,write-in,4
Morton,Secretary of State,,LIB,Roland Riemers,1
Morton,Secretary of State,,LIB,write-in,0
Morton,Secretary of State,,REP,Will Gardner,1684
Morton,Secretary of State,,REP,write-in,158
Morton,State House,31,DEM,Joshua Johnson,220
Morton,State House,31,DEM,write-in,2
Morton,State House,31,LIB,write-in,0
Morton,State House,31,REP,Jim Schmidt,402
Morton,State House,31,REP,Karen Rohr,427
Morton,State House,31,REP,write-in,7
Morton,State House,33,DEM,write-in,9
Morton,State House,33,LIB,write-in,0
Morton,State House,33,REP,Bill Tveit,222
Morton,State House,33,REP,Gary Kreidt,314
Morton,State House,33,REP,write-in,4
Morton,State Senate,31,DEM,Rachele Hall,218
Morton,State Senate,31,DEM,write-in,1
Morton,State Senate,31,LIB,write-in,0
Morton,State Senate,31,REP,Donald Schaible,488
Morton,State Senate,31,REP,write-in,3
Morton,State Senate,33,DEM,write-in,8
Morton,State Senate,33,LIB,write-in,0
Morton,State Senate,33,REP,Jessica Unruh,328
Morton,State Senate,33,REP,write-in,3
Morton,Tax Commissioner,,DEM,Kylie Oversen,828
Morton,Tax Commissioner,,DEM,write-in,0
Morton,Tax Commissioner,,LIB,write-in,0
Morton,Tax Commissioner,,REP,Ryan Rauschenberger,1924
Morton,Tax Commissioner,,REP,write-in,24
Morton,U.S. House,1,DEM,Mac Schneider,832
Morton,U.S. House,1,DEM,write-in,2
Morton,U.S. House,1,LIB,write-in,0
Morton,U.S. House,1,REP,Kelly Armstrong,1290
Morton,U.S. House,1,REP,Paul J Schaffner,116
Morton,U.S. House,1,REP,Tiffany Abentroth,161
Morton,U.S. House,1,REP,Tom Campbell,571
Morton,U.S. House,1,REP,write-in,1
Morton,U.S. Senate,,DEM,Heidi Heitkamp,917
Morton,U.S. Senate,,DEM,write-in,5
Morton,U.S. Senate,,LIB,write-in,0
Morton,U.S. Senate,,REP,Kevin Cramer,1990
Morton,U.S. Senate,,REP,"Thomas E O""Neill",270
Morton,U.S. Senate,,REP,write-in,6
Mountrail,Agriculture Commissioner,,DEM,Jim Dotzenrod,425
Mountrail,Agriculture Commissioner,,DEM,write-in,2
Mountrail,Agriculture Commissioner,,LIB,write-in,2
Mountrail,Agriculture Commissioner,,REP,Doug Goehring,1037
Mountrail,Agriculture Commissioner,,REP,write-in,3
Mountrail,Attorney General,,DEM,David Clark Thompson,424
Mountrail,Attorney General,,DEM,write-in,3
Mountrail,Attorney General,,LIB,write-in,2
Mountrail,Attorney General,,REP,Wayne Stenehjem,1025
Mountrail,Attorney General,,REP,write-in,8
Mountrail,City Measure 1 Parshall,,,No,4
Mountrail,City Measure 1 Parshall,,,Yes,167
Mountrail,Council Member New Town,,NON,Dean Niemitalo,65
Mountrail,Council Member New Town,,NON,Jesse Baker,123
Mountrail,Council Member New Town,,NON,Thomas Nash,103
Mountrail,Council Member New Town,,NON,write-in,1
Mountrail,Council Member Parshall,,NON,Blaine L Zietz,32
Mountrail,Council Member Parshall,,NON,Katherine Lauren Moreno,87
Mountrail,Council Member Parshall,,NON,Kurt Clemensen,65
Mountrail,Council Member Parshall,,NON,Robert Morenski,84
Mountrail,Council Member Parshall,,NON,Sevant S Taft,83
Mountrail,Council Member Parshall,,NON,write-in,4
Mountrail,Council Member Stanley,,NON,Chad Hysjulien,232
Mountrail,Council Member Stanley,,NON,Jacob Hellman,342
Mountrail,Council Member Stanley,,NON,Tyler Taylor,312
Mountrail,Council Member Stanley,,NON,Zachary Gaaskjolen,237
Mountrail,Council Member Stanley,,NON,write-in,6
Mountrail,Council Member Unexpired 2-Year Term New Town,,NON,Jay Standish,176
Mountrail,Council Member Unexpired 2-Year Term New Town,,NON,write-in,3
Mountrail,County Auditor Mountrail,,NON,Mary Trahan,413
Mountrail,County Auditor Mountrail,,NON,Stephanie A Pappa,1150
Mountrail,County Auditor Mountrail,,NON,write-in,2
Mountrail,County Commissioner Mountrail - District 2,,NON,Joan M Hollekim,967
Mountrail,County Commissioner Mountrail - District 2,,NON,Rand A H Olson,580
Mountrail,County Commissioner Mountrail - District 2,,NON,write-in,3
Mountrail,County Commissioner Mountrail - District 3,,NON,Trudy Ruland,1388
Mountrail,County Commissioner Mountrail - District 3,,NON,write-in,18
Mountrail,County Commissioner Mountrail - District 4,,NON,Daniel Uran,1441
Mountrail,County Commissioner Mountrail - District 4,,NON,write-in,8
Mountrail,County Commissioner Unexpired 2-Year Term Mountrail - District 1,,NON,Bert Hauge,719
Mountrail,County Commissioner Unexpired 2-Year Term Mountrail - District 1,,NON,Wayne Olson,804
Mountrail,County Commissioner Unexpired 2-Year Term Mountrail - District 1,,NON,write-in,5
Mountrail,County Official Newspaper Mountrail,,NON,"Mountrail County Promoter, Inc",1285
Mountrail,County Official Newspaper Mountrail,,NON,New Town News,338
Mountrail,County Recorder Mountrail,,NON,Melissa A Vachal,1461
Mountrail,County Recorder Mountrail,,NON,write-in,7
Mountrail,County Sheriff Mountrail,,NON,Corey Bristol,798
Mountrail,County Sheriff Mountrail,,NON,Duane L Marmon,573
Mountrail,County Sheriff Mountrail,,NON,James Johns,56
Mountrail,County Sheriff Mountrail,,NON,Sam Lincoln,149
Mountrail,County Sheriff Mountrail,,NON,Terra Grundvig,66
Mountrail,County Sheriff Mountrail,,NON,write-in,1
Mountrail,County State's Attorney Mountrail,,NON,Wade G Enget,1362
Mountrail,County State's Attorney Mountrail,,NON,write-in,35
Mountrail,County Treasurer Mountrail,,NON,Jessica Niemitalo,872
Mountrail,County Treasurer Mountrail,,NON,Shena Wold,721
Mountrail,County Treasurer Mountrail,,NON,write-in,1
Mountrail,Judge of the District Court No. 3 North Central,,NON,Richard L Hagar,1390
Mountrail,Judge of the District Court No. 3 North Central,,NON,write-in,5
Mountrail,Judge of the District Court No. 4 North Central,,NON,Stacy J Louser,1400
Mountrail,Judge of the District Court No. 4 North Central,,NON,write-in,4
Mountrail,Justice of the Supreme Court,,NON,Lisa Fair McEvers,803
Mountrail,Justice of the Supreme Court,,NON,Robert V Bolinske Sr,607
Mountrail,Justice of the Supreme Court,,NON,write-in,2
Mountrail,Mayor New Town,,NON,Daniel Uran,180
Mountrail,Mayor New Town,,NON,write-in,5
Mountrail,Mayor Parshall,,NON,Kyle Christianson,117
Mountrail,Mayor Parshall,,NON,write-in,48
Mountrail,Mayor Stanley,,NON,Gary Weisenberger,423
Mountrail,Mayor Stanley,,NON,write-in,2
Mountrail,Municipal Judge Stanley,,NON,Dale Kilen,410
Mountrail,Municipal Judge Stanley,,NON,write-in,8
Mountrail,NEW TOWN CITY PUBLICATION OF MINUTES New Town,,,No,10
Mountrail,NEW TOWN CITY PUBLICATION OF MINUTES New Town,,,Yes,173
Mountrail,Park Board Member New Town Park,,NON,write-in,63
Mountrail,Park Board Member Parshall Park,,NON,Jacobi Jarski,152
Mountrail,Park Board Member Parshall Park,,NON,John Morley III,106
Mountrail,Park Board Member Parshall Park,,NON,write-in,12
Mountrail,Park Board Member Stanley Park,,NON,Beth Gjellstad,351
Mountrail,Park Board Member Stanley Park,,NON,Christopher Schneider,311
Mountrail,Park Board Member Stanley Park,,NON,Matthew Meiers,386
Mountrail,Park Board Member Stanley Park,,NON,write-in,4
Mountrail,Public Service Commissioner,,DEM,Jean Brandt,430
Mountrail,Public Service Commissioner,,DEM,write-in,0
Mountrail,Public Service Commissioner,,LIB,write-in,2
Mountrail,Public Service Commissioner,,REP,Randy Christmann,1019
Mountrail,Public Service Commissioner,,REP,write-in,0
Mountrail,Public Service Commissioner Unexpired 2-Year Term,,DEM,Casey Buchmann,426
Mountrail,Public Service Commissioner Unexpired 2-Year Term,,DEM,write-in,0
Mountrail,Public Service Commissioner Unexpired 2-Year Term,,LIB,write-in,2
Mountrail,Public Service Commissioner Unexpired 2-Year Term,,REP,Brian K Kroshus,1004
Mountrail,Public Service Commissioner Unexpired 2-Year Term,,REP,write-in,2
Mountrail,STANLEY CITY PUBLICATION OF MINUTES Stanley,,,No,14
Mountrail,STANLEY CITY PUBLICATION OF MINUTES Stanley,,,Yes,409
Mountrail,Secretary of State,,DEM,Josh Boschee,432
Mountrail,Secretary of State,,DEM,write-in,2
Mountrail,Secretary of State,,LIB,Roland Riemers,4
Mountrail,Secretary of State,,LIB,write-in,0
Mountrail,Secretary of State,,REP,Will Gardner,958
Mountrail,Secretary of State,,REP,write-in,23
Mountrail,Tax Commissioner,,DEM,Kylie Oversen,430
Mountrail,Tax Commissioner,,DEM,write-in,1
Mountrail,Tax Commissioner,,LIB,write-in,2
Mountrail,Tax Commissioner,,REP,Ryan Rauschenberger,1004
Mountrail,Tax Commissioner,,REP,write-in,6
Mountrail,U.S. House,1,DEM,Mac Schneider,426
Mountrail,U.S. House,1,DEM,write-in,4
Mountrail,U.S. House,1,LIB,write-in,2
Mountrail,U.S. House,1,REP,Kelly Armstrong,535
Mountrail,U.S. House,1,REP,Paul J Schaffner,139
Mountrail,U.S. House,1,REP,Tiffany Abentroth,72
Mountrail,U.S. House,1,REP,Tom Campbell,307
Mountrail,U.S. House,1,REP,write-in,0
Mountrail,U.S. Senate,,DEM,Heidi Heitkamp,456
Mountrail,U.S. Senate,,DEM,write-in,4
Mountrail,U.S. Senate,,LIB,write-in,3
Mountrail,U.S. Senate,,REP,Kevin Cramer,988
Mountrail,U.S. Senate,,REP,"Thomas E O""Neill",139
Mountrail,U.S. Senate,,REP,write-in,1
Nelson,Agriculture Commissioner,,DEM,Jim Dotzenrod,330
Nelson,Agriculture Commissioner,,DEM,write-in,0
Nelson,Agriculture Commissioner,,LIB,write-in,0
Nelson,Agriculture Commissioner,,REP,Doug Goehring,417
Nelson,Agriculture Commissioner,,REP,write-in,2
Nelson,Attorney General,,DEM,David Clark Thompson,329
Nelson,Attorney General,,DEM,write-in,0
Nelson,Attorney General,,LIB,write-in,0
Nelson,Attorney General,,REP,Wayne Stenehjem,426
Nelson,Attorney General,,REP,write-in,2
Nelson,Council Member Aneta,,NON,Allyn Smaaland,12
Nelson,Council Member Aneta,,NON,Lamar Ping,9
Nelson,Council Member Aneta,,NON,Merlin Eberhardt,49
Nelson,Council Member Aneta,,NON,Wally Borah,41
Nelson,Council Member Aneta,,NON,write-in,0
Nelson,Council Member Lakota,,NON,Kristopher Rainsberry,140
Nelson,Council Member Lakota,,NON,Thomas Hess,102
Nelson,Council Member Lakota,,NON,write-in,65
Nelson,Council Member McVille,,NON,Douglas Trostad,88
Nelson,Council Member McVille,,NON,Katelyn Hain,91
Nelson,Council Member McVille,,NON,write-in,6
Nelson,Council Member Michigan,,NON,write-in,83
Nelson,Council Member Pekin,,NON,Gary Beier,18
Nelson,Council Member Pekin,,NON,Rodney Haugland,22
Nelson,Council Member Pekin,,NON,write-in,17
Nelson,Council Member Petersburg,,NON,Brian Johnson,44
Nelson,Council Member Petersburg,,NON,Kevin Sundre,48
Nelson,Council Member Petersburg,,NON,write-in,4
Nelson,Council Member Tolna,,NON,Cheryl Forde,55
Nelson,Council Member Tolna,,NON,Jeremy Weber,45
Nelson,Council Member Tolna,,NON,write-in,4
Nelson,Council Member Unexpired 2-Year Term Michigan,,NON,"Chris O""Brien",83
Nelson,Council Member Unexpired 2-Year Term Michigan,,NON,write-in,2
Nelson,County Commissioner Nelson - District 1,,NON,Nancy Marquart,777
Nelson,County Commissioner Nelson - District 1,,NON,write-in,17
Nelson,County Commissioner Nelson - District 3,,NON,Donald Fougner,747
Nelson,County Commissioner Nelson - District 3,,NON,write-in,6
Nelson,County Commissioner Nelson - District 5,,NON,Maynard Loibl,735
Nelson,County Commissioner Nelson - District 5,,NON,write-in,17
Nelson,County Official Newspaper Nelson,,NON,Lakota American,754
Nelson,County Recorder/Clerk of District Court Nelson,,NON,Becky Nelson,815
Nelson,County Recorder/Clerk of District Court Nelson,,NON,write-in,1
Nelson,County Sheriff Nelson,,NON,Danielle Bjorlie,415
Nelson,County Sheriff Nelson,,NON,Keith Olson,466
Nelson,County Sheriff Nelson,,NON,write-in,1
Nelson,County State's Attorney Nelson,,NON,Jayme Tenneson,740
Nelson,County State's Attorney Nelson,,NON,write-in,6
Nelson,County Treasurer Nelson,,NON,Bernadette Matejcek,447
Nelson,County Treasurer Nelson,,NON,Mary Kay Schuh,374
Nelson,County Treasurer Nelson,,NON,write-in,3
Nelson,Judge of the District Court No. 1 Unexpired 4-Year Term Northeast Central,,NON,Donald Hager,739
Nelson,Judge of the District Court No. 1 Unexpired 4-Year Term Northeast Central,,NON,write-in,1
Nelson,Judge of the District Court No. 2 Northeast Central,,NON,Lolita (Lita) Hartl Romanick,697
Nelson,Judge of the District Court No. 2 Northeast Central,,NON,write-in,2
Nelson,Judge of the District Court No. 4 Unexpired 2-Year Term Northeast Central,,NON,John A Thelen,704
Nelson,Judge of the District Court No. 4 Unexpired 2-Year Term Northeast Central,,NON,write-in,1
Nelson,Justice of the Supreme Court,,NON,Lisa Fair McEvers,501
Nelson,Justice of the Supreme Court,,NON,Robert V Bolinske Sr,200
Nelson,Justice of the Supreme Court,,NON,write-in,1
Nelson,Mayor McVille,,NON,Douglas Stein,92
Nelson,Mayor McVille,,NON,write-in,4
Nelson,Mayor Michigan,,NON,Lauri Rysavy,78
Nelson,Mayor Michigan,,NON,write-in,2
Nelson,Mayor Pekin,,NON,Duane Avdem,29
Nelson,Mayor Pekin,,NON,write-in,1
Nelson,Park Board Member Aneta Park,,NON,Cheryl Whitman,52
Nelson,Park Board Member Aneta Park,,NON,Jennifer Rusten,52
Nelson,Park Board Member Aneta Park,,NON,write-in,0
Nelson,Park Board Member Lakota Park,,NON,write-in,60
Nelson,Park Board Member McVille Park,,NON,Allen Stutrud,54
Nelson,Park Board Member McVille Park,,NON,George Kobel,64
Nelson,Park Board Member McVille Park,,NON,Wayne Ressler,84
Nelson,Park Board Member McVille Park,,NON,write-in,1
Nelson,Park Board Member Michigan Park,,NON,write-in,121
Nelson,Park Board Member Petersburg Park,,NON,write-in,47
Nelson,Park Board Member Tolna Park,,NON,write-in,27
Nelson,Park Board Member Unexpired 2-Year Term Lakota Park,,NON,write-in,24
Nelson,Public Service Commissioner,,DEM,Jean Brandt,327
Nelson,Public Service Commissioner,,DEM,write-in,0
Nelson,Public Service Commissioner,,LIB,write-in,0
Nelson,Public Service Commissioner,,REP,Randy Christmann,401
Nelson,Public Service Commissioner,,REP,write-in,1
Nelson,Public Service Commissioner Unexpired 2-Year Term,,DEM,Casey Buchmann,324
Nelson,Public Service Commissioner Unexpired 2-Year Term,,DEM,write-in,0
Nelson,Public Service Commissioner Unexpired 2-Year Term,,LIB,write-in,0
Nelson,Public Service Commissioner Unexpired 2-Year Term,,REP,Brian K Kroshus,401
Nelson,Public Service Commissioner Unexpired 2-Year Term,,REP,write-in,1
Nelson,Secretary of State,,DEM,Josh Boschee,331
Nelson,Secretary of State,,DEM,write-in,0
Nelson,Secretary of State,,LIB,Roland Riemers,3
Nelson,Secretary of State,,LIB,write-in,0
Nelson,Secretary of State,,REP,Will Gardner,380
Nelson,Secretary of State,,REP,write-in,9
Nelson,State House,23,DEM,Cathy Swenson,321
Nelson,State House,23,DEM,Jessica Dillon Hawkes,260
Nelson,State House,23,DEM,write-in,1
Nelson,State House,23,LIB,write-in,0
Nelson,State House,23,REP,Bill Devlin,400
Nelson,State House,23,REP,Don Vigesaa,383
Nelson,State House,23,REP,write-in,2
Nelson,State Senate,23,DEM,Joan Heckaman,356
Nelson,State Senate,23,DEM,write-in,1
Nelson,State Senate,23,LIB,write-in,0
Nelson,State Senate,23,REP,Judy Estenson,407
Nelson,State Senate,23,REP,write-in,2
Nelson,Tax Commissioner,,DEM,Kylie Oversen,328
Nelson,Tax Commissioner,,DEM,write-in,0
Nelson,Tax Commissioner,,LIB,write-in,0
Nelson,Tax Commissioner,,REP,Ryan Rauschenberger,406
Nelson,Tax Commissioner,,REP,write-in,1
Nelson,U.S. House,1,DEM,Mac Schneider,340
Nelson,U.S. House,1,DEM,write-in,1
Nelson,U.S. House,1,LIB,write-in,0
Nelson,U.S. House,1,REP,Kelly Armstrong,224
Nelson,U.S. House,1,REP,Paul J Schaffner,34
Nelson,U.S. House,1,REP,Tiffany Abentroth,38
Nelson,U.S. House,1,REP,Tom Campbell,142
Nelson,U.S. House,1,REP,write-in,0
Nelson,U.S. Senate,,DEM,Heidi Heitkamp,374
Nelson,U.S. Senate,,DEM,write-in,1
Nelson,U.S. Senate,,LIB,write-in,0
Nelson,U.S. Senate,,REP,Kevin Cramer,408
Nelson,U.S. Senate,,REP,"Thomas E O""Neill",57
Nelson,U.S. Senate,,REP,write-in,0
Oliver,Agriculture Commissioner,,DEM,Jim Dotzenrod,41
Oliver,Agriculture Commissioner,,DEM,write-in,0
Oliver,Agriculture Commissioner,,LIB,write-in,0
Oliver,Agriculture Commissioner,,REP,Doug Goehring,155
Oliver,Agriculture Commissioner,,REP,write-in,2
Oliver,Attorney General,,DEM,David Clark Thompson,42
Oliver,Attorney General,,DEM,write-in,0
Oliver,Attorney General,,LIB,write-in,0
Oliver,Attorney General,,REP,Wayne Stenehjem,150
Oliver,Attorney General,,REP,write-in,5
Oliver,Council Member Center,,NON,Allen Troy,71
Oliver,Council Member Center,,NON,Jerimiah Hanson,84
Oliver,Council Member Center,,NON,write-in,9
Oliver,County Auditor Oliver,,NON,Judith Hintz,185
Oliver,County Auditor Oliver,,NON,write-in,7
Oliver,County Commissioner Oliver - District 2,,NON,Lee Husfloen,191
Oliver,County Commissioner Oliver - District 2,,NON,write-in,6
Oliver,County Official Newspaper Oliver,,NON,Center Republican,193
Oliver,County Recorder Oliver,,NON,Mickie Mcnulty-Eide,191
Oliver,County Recorder Oliver,,NON,write-in,2
Oliver,County Sheriff Oliver,,NON,David Hilliard,195
Oliver,County Sheriff Oliver,,NON,write-in,4
Oliver,County State's Attorney Oliver,,NON,write-in,31
Oliver,County Treasurer Oliver,,NON,Laura Huber,198
Oliver,County Treasurer Oliver,,NON,write-in,0
Oliver,Judge of the District Court No. 3 South Central,,NON,Bruce A Romanick,176
Oliver,Judge of the District Court No. 3 South Central,,NON,write-in,1
Oliver,Judge of the District Court No. 4 South Central,,NON,Daniel Borgen,169
Oliver,Judge of the District Court No. 4 South Central,,NON,write-in,1
Oliver,Judge of the District Court No. 9 Unexpired 4-Year Term South Central,,NON,John W Grinsteiner,173
Oliver,Judge of the District Court No. 9 Unexpired 4-Year Term South Central,,NON,write-in,1
Oliver,Justice of the Supreme Court,,NON,Lisa Fair McEvers,92
Oliver,Justice of the Supreme Court,,NON,Robert V Bolinske Sr,89
Oliver,Justice of the Supreme Court,,NON,write-in,1
Oliver,Park Board Member Center Park,,NON,Chad Hoffman,95
Oliver,Park Board Member Center Park,,NON,write-in,15
Oliver,Public Service Commissioner,,DEM,Jean Brandt,42
Oliver,Public Service Commissioner,,DEM,write-in,0
Oliver,Public Service Commissioner,,LIB,write-in,0
Oliver,Public Service Commissioner,,REP,Randy Christmann,158
Oliver,Public Service Commissioner,,REP,write-in,1
Oliver,Public Service Commissioner Unexpired 2-Year Term,,DEM,Casey Buchmann,42
Oliver,Public Service Commissioner Unexpired 2-Year Term,,DEM,write-in,0
Oliver,Public Service Commissioner Unexpired 2-Year Term,,LIB,write-in,0
Oliver,Public Service Commissioner Unexpired 2-Year Term,,REP,Brian K Kroshus,144
Oliver,Public Service Commissioner Unexpired 2-Year Term,,REP,write-in,1
Oliver,Publication of School Board Minutes Center/Stanton School District,,,No,11
Oliver,Publication of School Board Minutes Center/Stanton School District,,,Yes,167
Oliver,School Board Member - Center Seat Center/Stanton School District,,NON,Raymond Hall,117
Oliver,School Board Member - Center Seat Center/Stanton School District,,NON,Tracy Barnes,46
Oliver,School Board Member - Center Seat Center/Stanton School District,,NON,write-in,2
Oliver,School Board Member - Stanton Seat Center/Stanton School District,,NON,write-in,28
Oliver,Secretary of State,,DEM,Josh Boschee,42
Oliver,Secretary of State,,DEM,write-in,0
Oliver,Secretary of State,,LIB,Roland Riemers,1
Oliver,Secretary of State,,LIB,write-in,0
Oliver,Secretary of State,,REP,Will Gardner,123
Oliver,Secretary of State,,REP,write-in,19
Oliver,State House,33,DEM,write-in,4
Oliver,State House,33,LIB,write-in,0
Oliver,State House,33,REP,Bill Tveit,102
Oliver,State House,33,REP,Gary Kreidt,131
Oliver,State House,33,REP,write-in,1
Oliver,State Senate,33,DEM,write-in,7
Oliver,State Senate,33,LIB,write-in,0
Oliver,State Senate,33,REP,Jessica Unruh,134
Oliver,State Senate,33,REP,write-in,8
Oliver,Tax Commissioner,,DEM,Kylie Oversen,43
Oliver,Tax Commissioner,,DEM,write-in,0
Oliver,Tax Commissioner,,LIB,write-in,0
Oliver,Tax Commissioner,,REP,Ryan Rauschenberger,145
Oliver,Tax Commissioner,,REP,write-in,2
Oliver,U.S. House,1,DEM,Mac Schneider,42
Oliver,U.S. House,1,DEM,write-in,0
Oliver,U.S. House,1,LIB,write-in,0
Oliver,U.S. House,1,REP,Kelly Armstrong,110
Oliver,U.S. House,1,REP,Paul J Schaffner,7
Oliver,U.S. House,1,REP,Tiffany Abentroth,11
Oliver,U.S. House,1,REP,Tom Campbell,30
Oliver,U.S. House,1,REP,write-in,0
Oliver,U.S. Senate,,DEM,Heidi Heitkamp,46
Oliver,U.S. Senate,,DEM,write-in,2
Oliver,U.S. Senate,,LIB,write-in,0
Oliver,U.S. Senate,,REP,Kevin Cramer,144
Oliver,U.S. Senate,,REP,"Thomas E O""Neill",20
Oliver,U.S. Senate,,REP,write-in,0
Pembina,Agriculture Commissioner,,DEM,Jim Dotzenrod,441
Pembina,Agriculture Commissioner,,DEM,write-in,1
Pembina,Agriculture Commissioner,,LIB,write-in,1
Pembina,Agriculture Commissioner,,REP,Doug Goehring,962
Pembina,Agriculture Commissioner,,REP,write-in,0
Pembina,Attorney General,,DEM,David Clark Thompson,444
Pembina,Attorney General,,DEM,write-in,0
Pembina,Attorney General,,LIB,write-in,1
Pembina,Attorney General,,REP,Wayne Stenehjem,963
Pembina,Attorney General,,REP,write-in,1
Pembina,Council Member Bathgate,,NON,Dennis Lindsay,8
Pembina,Council Member Bathgate,,NON,William Gunderson,7
Pembina,Council Member Bathgate,,NON,write-in,0
Pembina,Council Member Canton,,NON,write-in,4
Pembina,Council Member Cavalier Ward 1,,NON,Craig Vaughn,296
Pembina,Council Member Cavalier Ward 1,,NON,write-in,12
Pembina,Council Member Cavalier Ward 2,,NON,Kelly Cluchie,300
Pembina,Council Member Cavalier Ward 2,,NON,write-in,11
Pembina,Council Member Cavalier Ward 3,,NON,Ronald Storie,125
Pembina,Council Member Cavalier Ward 3,,NON,Thomas Beard III,222
Pembina,Council Member Cavalier Ward 3,,NON,write-in,1
Pembina,Council Member Crystal,,NON,Jacob Ganssle,28
Pembina,Council Member Crystal,,NON,Vincent Reilly,33
Pembina,Council Member Crystal,,NON,write-in,6
Pembina,Council Member Drayton,,NON,Christopher Passa,146
Pembina,Council Member Drayton,,NON,Jordan Grundstrom,126
Pembina,Council Member Drayton,,NON,Mark Prigge,93
Pembina,Council Member Drayton,,NON,Michael Larson,111
Pembina,Council Member Drayton,,NON,write-in,12
Pembina,Council Member Hamilton,,NON,write-in,8
Pembina,Council Member Mountain,,NON,Keith Gudmundson,17
Pembina,Council Member Mountain,,NON,write-in,3
Pembina,Council Member Neche,,NON,Chad Bynum,29
Pembina,Council Member Neche,,NON,Shane A Carrier,33
Pembina,Council Member Neche,,NON,write-in,2
Pembina,Council Member Pembina,,NON,Allen Huttunen,86
Pembina,Council Member Pembina,,NON,Michael Fitzgerald,95
Pembina,Council Member Pembina,,NON,Ron Fritz,73
Pembina,Council Member Pembina,,NON,write-in,55
Pembina,Council Member St Thomas,,NON,Lance Christinson,59
Pembina,Council Member St Thomas,,NON,write-in,32
Pembina,Council Member Walhalla,,NON,Joel Mostad,84
Pembina,Council Member Walhalla,,NON,Larry Schill,192
Pembina,Council Member Walhalla,,NON,Myrna Styles,173
Pembina,Council Member Walhalla,,NON,Raela Kalis,190
Pembina,Council Member Walhalla,,NON,write-in,8
Pembina,County Auditor/Treasurer Pembina,,NON,Linda Schlittenhard,1399
Pembina,County Auditor/Treasurer Pembina,,NON,write-in,12
Pembina,County Commissioner Pembina - District 1,,NON,Hedwig Walker,219
Pembina,County Commissioner Pembina - District 1,,NON,write-in,17
Pembina,County Commissioner Pembina - District 3,,NON,Hugh Ralston,250
Pembina,County Commissioner Pembina - District 3,,NON,write-in,10
Pembina,County Commissioner Pembina - District 5,,NON,Nichol Rutherford,203
Pembina,County Commissioner Pembina - District 5,,NON,Troy Kittelson,109
Pembina,County Commissioner Pembina - District 5,,NON,write-in,0
Pembina,County Official Newspaper Pembina,,NON,The Cavalier Chronicle,1453
Pembina,County Recorder/Clerk of District Court Pembina,,NON,Kay Newell Braget,1449
Pembina,County Recorder/Clerk of District Court Pembina,,NON,write-in,6
Pembina,County Sheriff Pembina,,NON,Terrance Meidinger,1372
Pembina,County Sheriff Pembina,,NON,write-in,53
Pembina,County State's Attorney Pembina,,NON,Rebecca Flanders,1346
Pembina,County State's Attorney Pembina,,NON,write-in,16
Pembina,Judge of the District Court No. 3 Unexpired 2-Year Term Northeast,,NON,Anthony Swain Benson,1309
Pembina,Judge of the District Court No. 3 Unexpired 2-Year Term Northeast,,NON,write-in,1
Pembina,Justice of the Supreme Court,,NON,Lisa Fair McEvers,888
Pembina,Justice of the Supreme Court,,NON,Robert V Bolinske Sr,460
Pembina,Justice of the Supreme Court,,NON,write-in,0
Pembina,Mayor Cavalier,,NON,Lacey Hinkle,289
Pembina,Mayor Cavalier,,NON,write-in,34
Pembina,Mayor Crystal,,NON,Jay Reilly,12
Pembina,Mayor Crystal,,NON,Larry McCollum,31
Pembina,Mayor Crystal,,NON,write-in,0
Pembina,Mayor Drayton,,NON,Charles Olson,93
Pembina,Mayor Drayton,,NON,write-in,65
Pembina,Mayor Mountain,,NON,Tim Moore,15
Pembina,Mayor Mountain,,NON,write-in,1
Pembina,Mayor Neche,,NON,Stuart Symington,35
Pembina,Mayor Neche,,NON,write-in,1
Pembina,Mayor Pembina,,NON,Kyle Dorion,84
Pembina,Mayor Pembina,,NON,write-in,38
Pembina,Mayor St Thomas,,NON,Kevin Higdem,44
Pembina,Mayor St Thomas,,NON,write-in,21
Pembina,Mayor Unexpired 2-Year Term Canton,,NON,write-in,2
Pembina,Mayor Walhalla,,NON,Christopher Jackson,88
Pembina,Mayor Walhalla,,NON,Michael Belanus,150
Pembina,Mayor Walhalla,,NON,write-in,2
Pembina,Municipal Judge Cavalier,,NON,Scott Holmquist,286
Pembina,Municipal Judge Cavalier,,NON,write-in,25
Pembina,Municipal Judge Drayton,,NON,write-in,61
Pembina,Municipal Judge Walhalla,,NON,Dennis Dame,84
Pembina,Municipal Judge Walhalla,,NON,James Benjaminson,153
Pembina,Municipal Judge Walhalla,,NON,write-in,1
Pembina,Park Board Member Cavalier Park,,NON,Brad Westman,235
Pembina,Park Board Member Cavalier Park,,NON,Sally Busse,291
Pembina,Park Board Member Cavalier Park,,NON,write-in,92
Pembina,Park Board Member Crystal Park,,NON,Allison Olimb,36
Pembina,Park Board Member Crystal Park,,NON,Shelly Hunter,36
Pembina,Park Board Member Crystal Park,,NON,Susanne McVay,9
Pembina,Park Board Member Crystal Park,,NON,write-in,1
Pembina,Park Board Member Drayton Park,,NON,write-in,117
Pembina,Park Board Member Neche Park,,NON,Christy Hanson,39
Pembina,Park Board Member Neche Park,,NON,Heidi Kihne,33
Pembina,Park Board Member Neche Park,,NON,write-in,11
Pembina,Park Board Member St Thomas Park,,NON,Kevin Sisk,64
Pembina,Park Board Member St Thomas Park,,NON,write-in,14
Pembina,Park Board Member Unexpired 2-Year Term Drayton Park,,NON,write-in,45
Pembina,Park Board Member Unexpired 2-Year Term Walhalla Park,,NON,Hailey Moore,158
Pembina,Park Board Member Unexpired 2-Year Term Walhalla Park,,NON,Steven Ouellette,77
Pembina,Park Board Member Unexpired 2-Year Term Walhalla Park,,NON,write-in,0
Pembina,Park Board Member Walhalla Park,,NON,Danial Nelson,177
Pembina,Park Board Member Walhalla Park,,NON,James McCoy,70
Pembina,Park Board Member Walhalla Park,,NON,Waldemar Melsted,187
Pembina,Park Board Member Walhalla Park,,NON,write-in,4
Pembina,Public Service Commissioner,,DEM,Jean Brandt,446
Pembina,Public Service Commissioner,,DEM,write-in,0
Pembina,Public Service Commissioner,,LIB,write-in,1
Pembina,Public Service Commissioner,,REP,Randy Christmann,927
Pembina,Public Service Commissioner,,REP,write-in,0
Pembina,Public Service Commissioner Unexpired 2-Year Term,,DEM,Casey Buchmann,440
Pembina,Public Service Commissioner Unexpired 2-Year Term,,DEM,write-in,0
Pembina,Public Service Commissioner Unexpired 2-Year Term,,LIB,write-in,1
Pembina,Public Service Commissioner Unexpired 2-Year Term,,REP,Brian K Kroshus,925
Pembina,Public Service Commissioner Unexpired 2-Year Term,,REP,write-in,0
Pembina,Secretary of State,,DEM,Josh Boschee,446
Pembina,Secretary of State,,DEM,write-in,0
Pembina,Secretary of State,,LIB,Roland Riemers,5
Pembina,Secretary of State,,LIB,write-in,0
Pembina,Secretary of State,,REP,Will Gardner,862
Pembina,Secretary of State,,REP,write-in,28
Pembina,Tax Commissioner,,DEM,Kylie Oversen,447
Pembina,Tax Commissioner,,DEM,write-in,0
Pembina,Tax Commissioner,,LIB,write-in,1
Pembina,Tax Commissioner,,REP,Ryan Rauschenberger,926
Pembina,Tax Commissioner,,REP,write-in,2
Pembina,U.S. House,1,DEM,Mac Schneider,457
Pembina,U.S. House,1,DEM,write-in,0
Pembina,U.S. House,1,LIB,write-in,1
Pembina,U.S. House,1,REP,Kelly Armstrong,511
Pembina,U.S. House,1,REP,Paul J Schaffner,89
Pembina,U.S. House,1,REP,Tiffany Abentroth,69
Pembina,U.S. House,1,REP,Tom Campbell,370
Pembina,U.S. House,1,REP,write-in,1
Pembina,U.S. Senate,,DEM,Heidi Heitkamp,496
Pembina,U.S. Senate,,DEM,write-in,1
Pembina,U.S. Senate,,LIB,write-in,1
Pembina,U.S. Senate,,REP,Kevin Cramer,949
Pembina,U.S. Senate,,REP,"Thomas E O""Neill",110
Pembina,U.S. Senate,,REP,write-in,1
Pierce,Agriculture Commissioner,,DEM,Jim Dotzenrod,264
Pierce,Agriculture Commissioner,,DEM,write-in,0
Pierce,Agriculture Commissioner,,LIB,write-in,1
Pierce,Agriculture Commissioner,,REP,Doug Goehring,662
Pierce,Agriculture Commissioner,,REP,write-in,1
Pierce,Attorney General,,DEM,David Clark Thompson,266
Pierce,Attorney General,,DEM,write-in,0
Pierce,Attorney General,,LIB,write-in,1
Pierce,Attorney General,,REP,Wayne Stenehjem,676
Pierce,Attorney General,,REP,write-in,0
Pierce,Council Member Rugby Ward 1,,NON,Jackie Albrecht,74
Pierce,Council Member Rugby Ward 1,,NON,Jon Nelson,68
Pierce,Council Member Rugby Ward 1,,NON,write-in,2
Pierce,Council Member Rugby Ward 2,,NON,David Bednarz,153
Pierce,Council Member Rugby Ward 2,,NON,write-in,2
Pierce,Council Member Rugby Ward 3,,NON,Joel Berg,131
Pierce,Council Member Rugby Ward 3,,NON,Rick Larson,59
Pierce,Council Member Rugby Ward 3,,NON,write-in,0
Pierce,Council Member Rugby Ward 4,,NON,Chucky Longie,246
Pierce,Council Member Rugby Ward 4,,NON,write-in,3
Pierce,Council Member Unexpired 2-Year Term Rugby Ward 3,,NON,Matthew Lunde,153
Pierce,Council Member Unexpired 2-Year Term Rugby Ward 3,,NON,write-in,10
Pierce,County Commissioner Pierce - District 1,,NON,Mike Brossart,126
Pierce,County Commissioner Pierce - District 1,,NON,write-in,10
Pierce,County Commissioner Pierce - District 3,,NON,Rick Larson,155
Pierce,County Commissioner Pierce - District 3,,NON,write-in,31
Pierce,County Commissioner Pierce - District 5,,NON,David Migler,138
Pierce,County Commissioner Pierce - District 5,,NON,write-in,13
Pierce,County Official Newspaper Pierce,,NON,Pierce County Tribune,896
Pierce,County Recorder Pierce,,NON,Lori Miron,962
Pierce,County Recorder Pierce,,NON,write-in,1
Pierce,County Sheriff Pierce,,NON,Josh Siegler,980
Pierce,County Sheriff Pierce,,NON,write-in,10
Pierce,County State's Attorney Pierce,,NON,Galen J. Mack,936
Pierce,County State's Attorney Pierce,,NON,write-in,15
Pierce,"Director, Garrison Diversion Conservancy Pierce",,NON,Dave Anderson,946
Pierce,"Director, Garrison Diversion Conservancy Pierce",,NON,write-in,6
Pierce,Judge of the District Court No. 3 Unexpired 2-Year Term Northeast,,NON,Anthony Swain Benson,908
Pierce,Judge of the District Court No. 3 Unexpired 2-Year Term Northeast,,NON,write-in,0
Pierce,Justice of the Supreme Court,,NON,Lisa Fair McEvers,417
Pierce,Justice of the Supreme Court,,NON,Robert V Bolinske Sr,537
Pierce,Justice of the Supreme Court,,NON,write-in,1
Pierce,Mayor Rugby,,NON,David Schneibel,209
Pierce,Mayor Rugby,,NON,Gregory Mack,89
Pierce,Mayor Rugby,,NON,Neil Lotvedt,238
Pierce,Mayor Rugby,,NON,Susan Steinke,246
Pierce,Mayor Rugby,,NON,write-in,1
Pierce,Municipal Judge Rugby,,NON,Sharon Harmel,694
Pierce,Municipal Judge Rugby,,NON,write-in,0
Pierce,Park Board Member Rugby Park,,NON,Rick Srur,487
Pierce,Park Board Member Rugby Park,,NON,Roger Sitter,552
Pierce,Park Board Member Rugby Park,,NON,Tonia Dosch,541
Pierce,Park Board Member Rugby Park,,NON,write-in,20
Pierce,Public Service Commissioner,,DEM,Jean Brandt,269
Pierce,Public Service Commissioner,,DEM,write-in,1
Pierce,Public Service Commissioner,,LIB,write-in,1
Pierce,Public Service Commissioner,,REP,Randy Christmann,642
Pierce,Public Service Commissioner,,REP,write-in,1
Pierce,Public Service Commissioner Unexpired 2-Year Term,,DEM,Casey Buchmann,264
Pierce,Public Service Commissioner Unexpired 2-Year Term,,DEM,write-in,0
Pierce,Public Service Commissioner Unexpired 2-Year Term,,LIB,write-in,1
Pierce,Public Service Commissioner Unexpired 2-Year Term,,REP,Brian K Kroshus,638
Pierce,Public Service Commissioner Unexpired 2-Year Term,,REP,write-in,0
Pierce,Secretary of State,,DEM,Josh Boschee,275
Pierce,Secretary of State,,DEM,write-in,0
Pierce,Secretary of State,,LIB,Roland Riemers,2
Pierce,Secretary of State,,LIB,write-in,0
Pierce,Secretary of State,,REP,Will Gardner,598
Pierce,Secretary of State,,REP,write-in,25
Pierce,Tax Commissioner,,DEM,Kylie Oversen,265
Pierce,Tax Commissioner,,DEM,write-in,0
Pierce,Tax Commissioner,,LIB,write-in,1
Pierce,Tax Commissioner,,REP,Ryan Rauschenberger,646
Pierce,Tax Commissioner,,REP,write-in,2
Pierce,U.S. House,1,DEM,Mac Schneider,279
Pierce,U.S. House,1,DEM,write-in,0
Pierce,U.S. House,1,LIB,write-in,1
Pierce,U.S. House,1,REP,Kelly Armstrong,397
Pierce,U.S. House,1,REP,Paul J Schaffner,57
Pierce,U.S. House,1,REP,Tiffany Abentroth,47
Pierce,U.S. House,1,REP,Tom Campbell,194
Pierce,U.S. House,1,REP,write-in,1
Pierce,U.S. Senate,,DEM,Heidi Heitkamp,301
Pierce,U.S. Senate,,DEM,write-in,1
Pierce,U.S. Senate,,LIB,write-in,1
Pierce,U.S. Senate,,REP,Kevin Cramer,664
Pierce,U.S. Senate,,REP,"Thomas E O""Neill",68
Pierce,U.S. Senate,,REP,write-in,3
Ramsey,Agriculture Commissioner,,DEM,Jim Dotzenrod,551
Ramsey,Agriculture Commissioner,,DEM,write-in,0
Ramsey,Agriculture Commissioner,,LIB,write-in,1
Ramsey,Agriculture Commissioner,,REP,Doug Goehring,1026
Ramsey,Agriculture Commissioner,,REP,write-in,1
Ramsey,Attorney General,,DEM,David Clark Thompson,561
Ramsey,Attorney General,,DEM,write-in,1
Ramsey,Attorney General,,LIB,write-in,1
Ramsey,Attorney General,,REP,Wayne Stenehjem,1034
Ramsey,Attorney General,,REP,write-in,3
Ramsey,Commission President Devils Lake,,NON,Richard Johnson,850
Ramsey,Commission President Devils Lake,,NON,write-in,36
Ramsey,Commissioner Devils Lake,,NON,Jacob Volk,669
Ramsey,Commissioner Devils Lake,,NON,Ricardo Morse,394
Ramsey,Commissioner Devils Lake,,NON,Rob Hach,715
Ramsey,Commissioner Devils Lake,,NON,write-in,15
Ramsey,County Auditor Ramsey,,NON,Kandy Christopherson,1638
Ramsey,County Auditor Ramsey,,NON,write-in,3
Ramsey,County Commissioner at Large Ramsey,,NON,Adam Leiphon,1620
Ramsey,County Commissioner at Large Ramsey,,NON,Ed Brown,1271
Ramsey,County Commissioner at Large Ramsey,,NON,write-in,44
Ramsey,County Official Newspaper Ramsey,,NON,Devils Lake Journal,1640
Ramsey,County Recorder Ramsey,,NON,Katie Nadeau,1623
Ramsey,County Recorder Ramsey,,NON,write-in,5
Ramsey,County Sheriff Ramsey,,NON,Steven Nelson,1631
Ramsey,County Sheriff Ramsey,,NON,write-in,26
Ramsey,County State's Attorney Ramsey,,NON,Kari Agotness,1603
Ramsey,County State's Attorney Ramsey,,NON,write-in,10
Ramsey,County Treasurer Ramsey,,NON,Lisa Diseth,1719
Ramsey,County Treasurer Ramsey,,NON,write-in,3
Ramsey,"Director, Garrison Diversion Conservancy Ramsey",,NON,John Peyerl,1613
Ramsey,"Director, Garrison Diversion Conservancy Ramsey",,NON,write-in,4
Ramsey,Judge of the District Court No. 3 Unexpired 2-Year Term Northeast,,NON,Anthony Swain Benson,1469
Ramsey,Judge of the District Court No. 3 Unexpired 2-Year Term Northeast,,NON,write-in,6
Ramsey,Justice of the Supreme Court,,NON,Lisa Fair McEvers,1040
Ramsey,Justice of the Supreme Court,,NON,Robert V Bolinske Sr,483
Ramsey,Justice of the Supreme Court,,NON,write-in,3
Ramsey,Park Board Commissioner Devils Lake Park,,NON,Brigitte Greywater,516
Ramsey,Park Board Commissioner Devils Lake Park,,NON,Jamie Beck,646
Ramsey,Park Board Commissioner Devils Lake Park,,NON,Kale Stromme,806
Ramsey,Park Board Commissioner Devils Lake Park,,NON,Mark Woodrow,590
Ramsey,Park Board Commissioner Devils Lake Park,,NON,write-in,10
Ramsey,Public Service Commissioner,,DEM,Jean Brandt,556
Ramsey,Public Service Commissioner,,DEM,write-in,1
Ramsey,Public Service Commissioner,,LIB,write-in,1
Ramsey,Public Service Commissioner,,REP,Randy Christmann,987
Ramsey,Public Service Commissioner,,REP,write-in,0
Ramsey,Public Service Commissioner Unexpired 2-Year Term,,DEM,Casey Buchmann,556
Ramsey,Public Service Commissioner Unexpired 2-Year Term,,DEM,write-in,1
Ramsey,Public Service Commissioner Unexpired 2-Year Term,,LIB,write-in,1
Ramsey,Public Service Commissioner Unexpired 2-Year Term,,REP,Brian K Kroshus,983
Ramsey,Public Service Commissioner Unexpired 2-Year Term,,REP,write-in,1
Ramsey,Secretary of State,,DEM,Josh Boschee,565
Ramsey,Secretary of State,,DEM,write-in,0
Ramsey,Secretary of State,,LIB,Roland Riemers,2
Ramsey,Secretary of State,,LIB,write-in,0
Ramsey,Secretary of State,,REP,Will Gardner,909
Ramsey,Secretary of State,,REP,write-in,31
Ramsey,State House,15,DEM,Bill Mertens,541
Ramsey,State House,15,DEM,write-in,22
Ramsey,State House,15,LIB,write-in,1
Ramsey,State House,15,REP,Dennis Johnson,984
Ramsey,State House,15,REP,Greg Westlind,830
Ramsey,State House,15,REP,write-in,1
Ramsey,State Senate,15,DEM,Barbara Vondell,571
Ramsey,State Senate,15,DEM,write-in,2
Ramsey,State Senate,15,LIB,write-in,1
Ramsey,State Senate,15,REP,Dave Oehlke,1017
Ramsey,State Senate,15,REP,write-in,7
Ramsey,Tax Commissioner,,DEM,Kylie Oversen,563
Ramsey,Tax Commissioner,,DEM,write-in,1
Ramsey,Tax Commissioner,,LIB,write-in,1
Ramsey,Tax Commissioner,,REP,Ryan Rauschenberger,989
Ramsey,Tax Commissioner,,REP,write-in,1
Ramsey,U.S. House,1,DEM,Mac Schneider,591
Ramsey,U.S. House,1,DEM,write-in,1
Ramsey,U.S. House,1,LIB,write-in,2
Ramsey,U.S. House,1,REP,Kelly Armstrong,608
Ramsey,U.S. House,1,REP,Paul J Schaffner,73
Ramsey,U.S. House,1,REP,Tiffany Abentroth,81
Ramsey,U.S. House,1,REP,Tom Campbell,299
Ramsey,U.S. House,1,REP,write-in,1
Ramsey,U.S. Senate,,DEM,Heidi Heitkamp,660
Ramsey,U.S. Senate,,DEM,write-in,3
Ramsey,U.S. Senate,,LIB,write-in,2
Ramsey,U.S. Senate,,REP,Kevin Cramer,980
Ramsey,U.S. Senate,,REP,"Thomas E O""Neill",131
Ramsey,U.S. Senate,,REP,write-in,1
Ransom,Agriculture Commissioner,,DEM,Jim Dotzenrod,569
Ransom,Agriculture Commissioner,,DEM,write-in,0
Ransom,Agriculture Commissioner,,LIB,write-in,1
Ransom,Agriculture Commissioner,,REP,Doug Goehring,415
Ransom,Agriculture Commissioner,,REP,write-in,0
Ransom,Attorney General,,DEM,David Clark Thompson,529
Ransom,Attorney General,,DEM,write-in,0
Ransom,Attorney General,,LIB,write-in,1
Ransom,Attorney General,,REP,Wayne Stenehjem,410
Ransom,Attorney General,,REP,write-in,4
Ransom,City Council Enderlin,,NON,Duane Skramstad,153
Ransom,City Council Enderlin,,NON,Kayl Hamre,146
Ransom,City Council Enderlin,,NON,Roger Maras,169
Ransom,City Council Enderlin,,NON,write-in,7
Ransom,City Council Lisbon,,NON,Julie R Cole,349
Ransom,City Council Lisbon,,NON,Lyle Patrick Thomason,275
Ransom,City Council Lisbon,,NON,Marcus Rondestvedt,365
Ransom,City Council Lisbon,,NON,Robert Smith,315
Ransom,City Council Lisbon,,NON,write-in,14
Ransom,City Public Recreation System Lisbon,,,No,140
Ransom,City Public Recreation System Lisbon,,,Yes,349
Ransom,City Sales Tax Increase Lisbon,,,No,234
Ransom,City Sales Tax Increase Lisbon,,,Yes,267
Ransom,Council Member Unexpired 2-Year Term Enderlin,,NON,Gene Johnson,50
Ransom,Council Member Unexpired 2-Year Term Enderlin,,NON,Steven Friederichs,129
Ransom,Council Member Unexpired 2-Year Term Enderlin,,NON,write-in,0
Ransom,County Auditor Ransom,,NON,Nicole Gentzkow,922
Ransom,County Auditor Ransom,,NON,write-in,2
Ransom,County Commissioner Ransom,,NON,Heather Hanna,418
Ransom,County Commissioner Ransom,,NON,Neil Olerud,646
Ransom,County Commissioner Ransom,,NON,Norm Hansen,735
Ransom,County Commissioner Ransom,,NON,Thomas Ricker,188
Ransom,County Commissioner Ransom,,NON,write-in,4
Ransom,County Official Newspaper Ransom,,NON,Enderlin Independent,203
Ransom,County Official Newspaper Ransom,,NON,Ransom County Gazette,878
Ransom,County Recorder Ransom,,NON,Shelly Schwab,930
Ransom,County Recorder Ransom,,NON,write-in,3
Ransom,County Sheriff Ransom,,NON,Darren Benneweis,971
Ransom,County Sheriff Ransom,,NON,write-in,34
Ransom,County State's Attorney Ransom,,NON,Fallon Kelly,869
Ransom,County State's Attorney Ransom,,NON,write-in,33
Ransom,County Treasurer Ransom,,NON,Suzanne Anderson,872
Ransom,County Treasurer Ransom,,NON,write-in,24
Ransom,Judge of the District Court No. 3 Southeast,,NON,Brad Cruff,858
Ransom,Judge of the District Court No. 3 Southeast,,NON,write-in,3
Ransom,Justice of the Supreme Court,,NON,Lisa Fair McEvers,603
Ransom,Justice of the Supreme Court,,NON,Robert V Bolinske Sr,266
Ransom,Justice of the Supreme Court,,NON,write-in,0
Ransom,Mayor Enderlin,,NON,Deon Maasjo,155
Ransom,Mayor Enderlin,,NON,write-in,8
Ransom,Mayor Lisbon,,NON,Timothy Meyer,414
Ransom,Mayor Lisbon,,NON,write-in,27
Ransom,Park Board Member Enderlin Park,,NON,Cyndee Chesley,150
Ransom,Park Board Member Enderlin Park,,NON,Glen Fuhrman,77
Ransom,Park Board Member Enderlin Park,,NON,Janet Midthun,162
Ransom,Park Board Member Enderlin Park,,NON,Scott Groth,96
Ransom,Park Board Member Enderlin Park,,NON,write-in,4
Ransom,Park Board Member Lisbon Park,,NON,Dennis York,339
Ransom,Park Board Member Lisbon Park,,NON,Meredith Olson,404
Ransom,Park Board Member Lisbon Park,,NON,write-in,29
Ransom,Public Service Commissioner,,DEM,Jean Brandt,531
Ransom,Public Service Commissioner,,DEM,write-in,0
Ransom,Public Service Commissioner,,LIB,write-in,1
Ransom,Public Service Commissioner,,REP,Randy Christmann,400
Ransom,Public Service Commissioner,,REP,write-in,2
Ransom,Public Service Commissioner Unexpired 2-Year Term,,DEM,Casey Buchmann,532
Ransom,Public Service Commissioner Unexpired 2-Year Term,,DEM,write-in,0
Ransom,Public Service Commissioner Unexpired 2-Year Term,,LIB,write-in,1
Ransom,Public Service Commissioner Unexpired 2-Year Term,,REP,Brian K Kroshus,405
Ransom,Public Service Commissioner Unexpired 2-Year Term,,REP,write-in,0
Ransom,Secretary of State,,DEM,Josh Boschee,533
Ransom,Secretary of State,,DEM,write-in,0
Ransom,Secretary of State,,LIB,Roland Riemers,4
Ransom,Secretary of State,,LIB,write-in,0
Ransom,Secretary of State,,REP,Will Gardner,375
Ransom,Secretary of State,,REP,write-in,17
Ransom,Tax Commissioner,,DEM,Kylie Oversen,537
Ransom,Tax Commissioner,,DEM,write-in,0
Ransom,Tax Commissioner,,LIB,write-in,1
Ransom,Tax Commissioner,,REP,Ryan Rauschenberger,407
Ransom,Tax Commissioner,,REP,write-in,2
Ransom,U.S. House,1,DEM,Mac Schneider,542
Ransom,U.S. House,1,DEM,write-in,0
Ransom,U.S. House,1,LIB,write-in,1
Ransom,U.S. House,1,REP,Kelly Armstrong,227
Ransom,U.S. House,1,REP,Paul J Schaffner,54
Ransom,U.S. House,1,REP,Tiffany Abentroth,34
Ransom,U.S. House,1,REP,Tom Campbell,108
Ransom,U.S. House,1,REP,write-in,0
Ransom,U.S. Senate,,DEM,Heidi Heitkamp,593
Ransom,U.S. Senate,,DEM,write-in,1
Ransom,U.S. Senate,,LIB,write-in,1
Ransom,U.S. Senate,,REP,Kevin Cramer,367
Ransom,U.S. Senate,,REP,"Thomas E O""Neill",83
Ransom,U.S. Senate,,REP,write-in,0
Renville,Agriculture Commissioner,,DEM,Jim Dotzenrod,107
Renville,Agriculture Commissioner,,DEM,write-in,0
Renville,Agriculture Commissioner,,LIB,write-in,0
Renville,Agriculture Commissioner,,REP,Doug Goehring,400
Renville,Agriculture Commissioner,,REP,write-in,2
Renville,Attorney General,,DEM,David Clark Thompson,107
Renville,Attorney General,,DEM,write-in,0
Renville,Attorney General,,LIB,write-in,0
Renville,Attorney General,,REP,Wayne Stenehjem,395
Renville,Attorney General,,REP,write-in,2
Renville,City Council Mohall,,NON,Lavonne Erickson,131
Renville,City Council Mohall,,NON,Robyn Larson,146
Renville,City Council Mohall,,NON,write-in,54
Renville,Council Member Glenburn,,NON,David Ashley,51
Renville,Council Member Glenburn,,NON,write-in,16
Renville,Council Member Sherwood,,NON,Adam Siegrist,13
Renville,Council Member Sherwood,,NON,Jared Engh,50
Renville,Council Member Sherwood,,NON,Ruth Stanley,63
Renville,Council Member Sherwood,,NON,write-in,1
Renville,Council Member Tolley,,NON,Richard Tohm,15
Renville,Council Member Tolley,,NON,write-in,3
Renville,Council Member Unexpired 2-Year Term Glenburn,,NON,write-in,20
Renville,County Auditor Renville,,NON,LeAnn Pollman,545
Renville,County Auditor Renville,,NON,write-in,1
Renville,County Commissioner Renville - District 1,,NON,Richard Cameron,104
Renville,County Commissioner Renville - District 1,,NON,William Stanley Sr,123
Renville,County Commissioner Renville - District 1,,NON,write-in,0
Renville,County Commissioner Renville - District 3,,NON,Arnold W. Langehaug,123
Renville,County Commissioner Renville - District 3,,NON,write-in,12
Renville,County Official Newspaper Renville,,NON,The Renville County Farmer,521
Renville,County Recorder Renville,,NON,Danielle Petersen,289
Renville,County Recorder Renville,,NON,Jerene A. Bender,264
Renville,County Recorder Renville,,NON,write-in,5
Renville,County Sheriff Renville,,NON,Bill Cox,57
Renville,County Sheriff Renville,,NON,Roger Hutchinson,471
Renville,County Sheriff Renville,,NON,write-in,3
Renville,County State's Attorney Renville,,NON,write-in,21
Renville,"Director, Garrison Diversion Conservancy Renville",,NON,Mark J. Cook,525
Renville,"Director, Garrison Diversion Conservancy Renville",,NON,write-in,7
Renville,Judge of the District Court No. 3 Unexpired 2-Year Term Northeast,,NON,Anthony Swain Benson,499
Renville,Judge of the District Court No. 3 Unexpired 2-Year Term Northeast,,NON,write-in,3
Renville,Justice of the Supreme Court,,NON,Lisa Fair McEvers,259
Renville,Justice of the Supreme Court,,NON,Robert V Bolinske Sr,209
Renville,Justice of the Supreme Court,,NON,write-in,0
Renville,Mayor Sherwood,,NON,Garrett Volk,62
Renville,Mayor Sherwood,,NON,write-in,4
Renville,Mayor Tolley,,NON,Jack Zeltinger,0
Renville,Mayor Tolley,,NON,write-in,19
Renville,Municipal Judge Sherwood,,NON,John Daeley,59
Renville,Municipal Judge Sherwood,,NON,write-in,2
Renville,Park Board Member Glenburn Park,,NON,Barbara Quimby,53
Renville,Park Board Member Glenburn Park,,NON,write-in,0
Renville,Park Board Member Mohall Park,,NON,Ben Fitzsimmons,152
Renville,Park Board Member Mohall Park,,NON,Jessica Fitzsimmons,155
Renville,Park Board Member Mohall Park,,NON,Kaitlin Sisk,162
Renville,Park Board Member Mohall Park,,NON,write-in,8
Renville,Park Board Member Sherwood Park,,NON,Lacy Davis,55
Renville,Park Board Member Sherwood Park,,NON,Pat Crawford,55
Renville,Park Board Member Sherwood Park,,NON,write-in,4
Renville,Park Board Member Unexpired 2-Year Term Mohall Park,,NON,Jacob Kaufmann,156
Renville,Park Board Member Unexpired 2-Year Term Mohall Park,,NON,write-in,2
Renville,Public Service Commissioner,,DEM,Jean Brandt,108
Renville,Public Service Commissioner,,DEM,write-in,0
Renville,Public Service Commissioner,,LIB,write-in,0
Renville,Public Service Commissioner,,REP,Randy Christmann,386
Renville,Public Service Commissioner,,REP,write-in,1
Renville,Public Service Commissioner Unexpired 2-Year Term,,DEM,Casey Buchmann,108
Renville,Public Service Commissioner Unexpired 2-Year Term,,DEM,write-in,0
Renville,Public Service Commissioner Unexpired 2-Year Term,,LIB,write-in,0
Renville,Public Service Commissioner Unexpired 2-Year Term,,REP,Brian K Kroshus,386
Renville,Public Service Commissioner Unexpired 2-Year Term,,REP,write-in,0
Renville,Secretary of State,,DEM,Josh Boschee,111
Renville,Secretary of State,,DEM,write-in,0
Renville,Secretary of State,,LIB,Roland Riemers,1
Renville,Secretary of State,,LIB,write-in,0
Renville,Secretary of State,,REP,Will Gardner,359
Renville,Secretary of State,,REP,write-in,14
Renville,Tax Commissioner,,DEM,Kylie Oversen,109
Renville,Tax Commissioner,,DEM,write-in,0
Renville,Tax Commissioner,,LIB,write-in,0
Renville,Tax Commissioner,,REP,Ryan Rauschenberger,391
Renville,Tax Commissioner,,REP,write-in,2
Renville,U.S. House,1,DEM,Mac Schneider,115
Renville,U.S. House,1,DEM,write-in,0
Renville,U.S. House,1,LIB,write-in,1
Renville,U.S. House,1,REP,Kelly Armstrong,221
Renville,U.S. House,1,REP,Paul J Schaffner,44
Renville,U.S. House,1,REP,Tiffany Abentroth,26
Renville,U.S. House,1,REP,Tom Campbell,102
Renville,U.S. House,1,REP,write-in,2
Renville,U.S. Senate,,DEM,Heidi Heitkamp,124
Renville,U.S. Senate,,DEM,write-in,0
Renville,U.S. Senate,,LIB,write-in,1
Renville,U.S. Senate,,REP,Kevin Cramer,374
Renville,U.S. Senate,,REP,"Thomas E O""Neill",48
Renville,U.S. Senate,,REP,write-in,0
Richland,Agriculture Commissioner,,DEM,Jim Dotzenrod,904
Richland,Agriculture Commissioner,,DEM,write-in,1
Richland,Agriculture Commissioner,,LIB,write-in,0
Richland,Agriculture Commissioner,,REP,Doug Goehring,1096
Richland,Agriculture Commissioner,,REP,write-in,3
Richland,Attorney General,,DEM,David Clark Thompson,838
Richland,Attorney General,,DEM,write-in,2
Richland,Attorney General,,LIB,write-in,0
Richland,Attorney General,,REP,Wayne Stenehjem,1109
Richland,Attorney General,,REP,write-in,5
Richland,Council Member Abercrombie,,NON,Allen Berg,53
Richland,Council Member Abercrombie,,NON,Loretta Hendrickson,36
Richland,Council Member Abercrombie,,NON,write-in,13
Richland,Council Member Barney,,NON,Kevin Youngquist,10
Richland,Council Member Barney,,NON,write-in,2
Richland,Council Member Christine,,NON,John Armbrust,18
Richland,Council Member Christine,,NON,Richard Baukol,28
Richland,Council Member Christine,,NON,write-in,1
Richland,Council Member Colfax,,NON,Jody Lingen,28
Richland,Council Member Colfax,,NON,Jonathan Erdahl,21
Richland,Council Member Colfax,,NON,Thomas Wulfekuhle,49
Richland,Council Member Colfax,,NON,write-in,1
Richland,Council Member Dwight,,NON,Mel Braun,5
Richland,Council Member Dwight,,NON,write-in,3
Richland,Council Member Fairmount,,NON,write-in,49
Richland,Council Member Great Bend,,NON,Dennis Drewlow,11
Richland,Council Member Great Bend,,NON,write-in,4
Richland,Council Member Hankinson,,NON,Al Wieser,99
Richland,Council Member Hankinson,,NON,Joel Bladow,96
Richland,Council Member Hankinson,,NON,Mary Bommersbach,92
Richland,Council Member Hankinson,,NON,write-in,8
Richland,Council Member Lidgerwood,,NON,write-in,160
Richland,Council Member Mantador,,NON,Jacob Anderson,7
Richland,Council Member Mantador,,NON,write-in,2
Richland,Council Member Mooreton,,NON,Lyle Ellingson,17
Richland,Council Member Mooreton,,NON,write-in,12
Richland,Council Member Unexpired 2-Year Term Abercrombie,,NON,Shawn Paczkowski,57
Richland,Council Member Unexpired 2-Year Term Abercrombie,,NON,write-in,4
Richland,Council Member Unexpired 2-Year Term Lidgerwood,,NON,write-in,43
Richland,Council Member Unexpired 2-Year Term Wahpeton,,NON,Mike Graves,407
Richland,Council Member Unexpired 2-Year Term Wahpeton,,NON,Tiana Bohn,805
Richland,Council Member Unexpired 2-Year Term Wahpeton,,NON,write-in,2
Richland,Council Member Wahpeton,,NON,Kelly McNary,1041
Richland,Council Member Wahpeton,,NON,Lane A Wateland,427
Richland,Council Member Wahpeton,,NON,Martin J Schmidt,401
Richland,Council Member Wahpeton,,NON,Renata Fobb,383
Richland,Council Member Wahpeton,,NON,Samuel Johnson,257
Richland,Council Member Wahpeton,,NON,write-in,3
Richland,Council Member Wahpeton Ward 1,,NON,Rory McCann,270
Richland,Council Member Wahpeton Ward 1,,NON,write-in,1
Richland,Council Member Wahpeton Ward 3,,NON,Brett Lambrecht,214
Richland,Council Member Wahpeton Ward 3,,NON,write-in,0
Richland,Council Member Walcott,,NON,Derek Rhodenbaugh,19
Richland,Council Member Walcott,,NON,Greg Oestreich,20
Richland,Council Member Walcott,,NON,write-in,0
Richland,Council Member Wyndmere,,NON,Dana Anderson,67
Richland,Council Member Wyndmere,,NON,write-in,29
Richland,County Commissioner at Large Richland,,NON,Nathan Berseth,1789
Richland,County Commissioner at Large Richland,,NON,Rowland Ehlert,1599
Richland,County Commissioner at Large Richland,,NON,Sid Berg,1503
Richland,County Commissioner at Large Richland,,NON,write-in,23
Richland,County Official Newspaper Richland,,NON,Daily News,1921
Richland,County Sheriff Richland,,NON,Larry Leshovsky,2001
Richland,County Sheriff Richland,,NON,write-in,10
Richland,County State's Attorney Richland,,NON,Megan Kummer,1920
Richland,County State's Attorney Richland,,NON,write-in,5
Richland,"Director, Garrison Diversion Conservancy Richland",,NON,Kelly Klosterman,1965
Richland,"Director, Garrison Diversion Conservancy Richland",,NON,write-in,1
Richland,Judge of the District Court No. 3 Southeast,,NON,Brad Cruff,1861
Richland,Judge of the District Court No. 3 Southeast,,NON,write-in,9
Richland,Justice of the Supreme Court,,NON,Lisa Fair McEvers,1158
Richland,Justice of the Supreme Court,,NON,Robert V Bolinske Sr,617
Richland,Justice of the Supreme Court,,NON,write-in,3
Richland,Mayor Barney,,NON,Pamela Meyer,12
Richland,Mayor Barney,,NON,write-in,0
Richland,Mayor Hankinson,,NON,Loren Hovel,106
Richland,Mayor Hankinson,,NON,write-in,3
Richland,Mayor Lidgerwood,,NON,Dale Krause,94
Richland,Mayor Lidgerwood,,NON,write-in,9
Richland,Mayor Unexpired 2-Year Term Abercrombie,,NON,Kevin Bernier,61
Richland,Mayor Unexpired 2-Year Term Abercrombie,,NON,write-in,4
Richland,Mayor Wahpeton,,NON,Don Bajumpaa,641
Richland,Mayor Wahpeton,,NON,Steve Dale,714
Richland,Mayor Wahpeton,,NON,write-in,1
Richland,Mayor Wyndmere,,NON,Nathan Brandt,52
Richland,Mayor Wyndmere,,NON,write-in,13
Richland,Municipal Judge Lidgerwood,,NON,write-in,35
Richland,Park Board Member Abercrombie Park,,NON,Kayla Mark,63
Richland,Park Board Member Abercrombie Park,,NON,write-in,12
Richland,Park Board Member Barney Park,,NON,Nancy Rudolph,9
Richland,Park Board Member Barney Park,,NON,Neil Petik,11
Richland,Park Board Member Barney Park,,NON,write-in,0
Richland,Park Board Member Christine Park,,NON,write-in,12
Richland,Park Board Member Colfax Park,,NON,David Miller,45
Richland,Park Board Member Colfax Park,,NON,Mary Boehm,43
Richland,Park Board Member Colfax Park,,NON,write-in,3
Richland,Park Board Member Dwight Park,,NON,DeAnna Helgeson,5
Richland,Park Board Member Dwight Park,,NON,Kyle Maack,5
Richland,Park Board Member Dwight Park,,NON,Michelle Griffin,5
Richland,Park Board Member Dwight Park,,NON,write-in,0
Richland,Park Board Member Fairmount Park,,NON,Brenda Adolf,30
Richland,Park Board Member Fairmount Park,,NON,Jen Kleveland,36
Richland,Park Board Member Fairmount Park,,NON,write-in,7
Richland,Park Board Member Great Bend Park,,NON,Brent Sherbrooke,12
Richland,Park Board Member Great Bend Park,,NON,write-in,6
Richland,Park Board Member Hankinson Park,,NON,Jill Post,105
Richland,Park Board Member Hankinson Park,,NON,Joshua Michaelson,58
Richland,Park Board Member Hankinson Park,,NON,write-in,35
Richland,Park Board Member Lidgerwood Park,,NON,Alecia Berndt,95
Richland,Park Board Member Lidgerwood Park,,NON,Marissa Motschenbacher,84
Richland,Park Board Member Lidgerwood Park,,NON,write-in,51
Richland,Park Board Member Mantador Park,,NON,Michael Jentz,5
Richland,Park Board Member Mantador Park,,NON,write-in,4
Richland,Park Board Member Mooreton Park,,NON,write-in,39
Richland,Park Board Member Unexpired 2-Year Term Dwight Park,,NON,Jennifer Siemieniewski,5
Richland,Park Board Member Unexpired 2-Year Term Dwight Park,,NON,write-in,0
Richland,Park Board Member Unexpired 2-Year Term Lidgerwood Park,,NON,write-in,32
Richland,Park Board Member Unexpired 2-Year Term Walcott Park,,NON,write-in,4
Richland,Park Board Member Wahpeton Park,,NON,Art Grochow,812
Richland,Park Board Member Wahpeton Park,,NON,Debra Tobias,685
Richland,Park Board Member Wahpeton Park,,NON,Derek King,173
Richland,Park Board Member Wahpeton Park,,NON,Joe Schreiner,631
Richland,Park Board Member Wahpeton Park,,NON,Kim Dassenko,270
Richland,Park Board Member Wahpeton Park,,NON,Matthew Bohn,387
Richland,Park Board Member Wahpeton Park,,NON,Matthew Dassenko,182
Richland,Park Board Member Wahpeton Park,,NON,Steve Craig,481
Richland,Park Board Member Wahpeton Park,,NON,write-in,1
Richland,Park Board Member Walcott Park,,NON,write-in,5
Richland,Park Board Member Wyndmere Park,,NON,write-in,27
Richland,Public Service Commissioner,,DEM,Jean Brandt,835
Richland,Public Service Commissioner,,DEM,write-in,2
Richland,Public Service Commissioner,,LIB,write-in,0
Richland,Public Service Commissioner,,REP,Randy Christmann,1064
Richland,Public Service Commissioner,,REP,write-in,1
Richland,Public Service Commissioner Unexpired 2-Year Term,,DEM,Casey Buchmann,827
Richland,Public Service Commissioner Unexpired 2-Year Term,,DEM,write-in,1
Richland,Public Service Commissioner Unexpired 2-Year Term,,LIB,write-in,0
Richland,Public Service Commissioner Unexpired 2-Year Term,,REP,Brian K Kroshus,1049
Richland,Public Service Commissioner Unexpired 2-Year Term,,REP,write-in,2
Richland,Secretary of State,,DEM,Josh Boschee,863
Richland,Secretary of State,,DEM,write-in,2
Richland,Secretary of State,,LIB,Roland Riemers,3
Richland,Secretary of State,,LIB,write-in,0
Richland,Secretary of State,,REP,Will Gardner,985
Richland,Secretary of State,,REP,write-in,45
Richland,State House,25,DEM,Alisa Mitskog,737
Richland,State House,25,DEM,Bill Berlin,410
Richland,State House,25,DEM,write-in,2
Richland,State House,25,LIB,write-in,1
Richland,State House,25,REP,Cindy Beck,829
Richland,State House,25,REP,Rebecca Forness,560
Richland,State House,25,REP,write-in,1
Richland,State Senate,25,DEM,Perry Miller,708
Richland,State Senate,25,DEM,write-in,6
Richland,State Senate,25,LIB,write-in,0
Richland,State Senate,25,REP,Larry E Luick,924
Richland,State Senate,25,REP,write-in,5
Richland,Tax Commissioner,,DEM,Kylie Oversen,847
Richland,Tax Commissioner,,DEM,write-in,2
Richland,Tax Commissioner,,LIB,write-in,0
Richland,Tax Commissioner,,REP,Ryan Rauschenberger,1049
Richland,Tax Commissioner,,REP,write-in,5
Richland,U.S. House,1,DEM,Mac Schneider,876
Richland,U.S. House,1,DEM,write-in,2
Richland,U.S. House,1,LIB,write-in,0
Richland,U.S. House,1,REP,Kelly Armstrong,501
Richland,U.S. House,1,REP,Paul J Schaffner,106
Richland,U.S. House,1,REP,Tiffany Abentroth,114
Richland,U.S. House,1,REP,Tom Campbell,410
Richland,U.S. House,1,REP,write-in,1
Richland,U.S. Senate,,DEM,Heidi Heitkamp,990
Richland,U.S. Senate,,DEM,write-in,2
Richland,U.S. Senate,,LIB,write-in,0
Richland,U.S. Senate,,REP,Kevin Cramer,1064
Richland,U.S. Senate,,REP,"Thomas E O""Neill",156
Richland,U.S. Senate,,REP,write-in,5
Richland,Wahpeton City Council/Ward Reorganization Wahpeton,,,No,767
Richland,Wahpeton City Council/Ward Reorganization Wahpeton,,,Yes,586
Rolette,Agriculture Commissioner,,DEM,Jim Dotzenrod,878
Rolette,Agriculture Commissioner,,DEM,write-in,5
Rolette,Agriculture Commissioner,,LIB,write-in,1
Rolette,Agriculture Commissioner,,REP,Doug Goehring,456
Rolette,Agriculture Commissioner,,REP,write-in,3
Rolette,Attorney General,,DEM,David Clark Thompson,898
Rolette,Attorney General,,DEM,write-in,1
Rolette,Attorney General,,LIB,write-in,1
Rolette,Attorney General,,REP,Wayne Stenehjem,470
Rolette,Attorney General,,REP,write-in,1
Rolette,Council Member Dunseith,,NON,Christopher Strong,86
Rolette,Council Member Dunseith,,NON,George Gottbreht,66
Rolette,Council Member Dunseith,,NON,write-in,3
Rolette,Council Member Mylo,,NON,write-in,4
Rolette,Council Member Rolette,,NON,Jaime Kegley,54
Rolette,Council Member Rolette,,NON,Nathan Casavant,71
Rolette,Council Member Rolette,,NON,write-in,3
Rolette,Council Member Rolla,,NON,Kyle Hardy,272
Rolette,Council Member Rolla,,NON,write-in,76
Rolette,Council Member St John,,NON,Donald Larocque,60
Rolette,Council Member St John,,NON,Tanya Kom,57
Rolette,Council Member St John,,NON,write-in,44
Rolette,Council Member Unexpired 2-Year Term Mylo,,NON,write-in,4
Rolette,Council Member Unexpired 2-Year Term Rolla,,NON,Hovi Mitchell,278
Rolette,Council Member Unexpired 2-Year Term Rolla,,NON,write-in,2
Rolette,Council Member Unexpired 2-Year Term St John,,NON,Kevin Manning,111
Rolette,Council Member Unexpired 2-Year Term St John,,NON,write-in,3
Rolette,County Auditor Rolette,,NON,Valerie McCloud,1417
Rolette,County Auditor Rolette,,NON,write-in,12
Rolette,County Commissioner at Large Rolette,,NON,Clarence Counts,491
Rolette,County Commissioner at Large Rolette,,NON,Craig J Poitra,509
Rolette,County Commissioner at Large Rolette,,NON,Eldon R Moors Sr,871
Rolette,County Commissioner at Large Rolette,,NON,Russell Cain,699
Rolette,County Commissioner at Large Rolette,,NON,write-in,15
Rolette,County Official Newspaper Rolette,,NON,TURTLE MOUNTAIN STAR,1327
Rolette,County Recorder Rolette,,NON,Sarah M Bruce,1418
Rolette,County Recorder Rolette,,NON,write-in,7
Rolette,County Sheriff Rolette,,NON,Ervin L Charette,121
Rolette,County Sheriff Rolette,,NON,Gerald Medrud,403
Rolette,County Sheriff Rolette,,NON,Nathan Gustafson,877
Rolette,County Sheriff Rolette,,NON,Todd Parisien,319
Rolette,County Sheriff Rolette,,NON,write-in,0
Rolette,County State's Attorney Rolette,,NON,Ryan James Thompson,1327
Rolette,County State's Attorney Rolette,,NON,write-in,14
Rolette,County Treasurer Rolette,,NON,Kandace Page-Desjarlais,1407
Rolette,County Treasurer Rolette,,NON,write-in,6
Rolette,Judge of the District Court No. 3 Unexpired 2-Year Term Northeast,,NON,Anthony Swain Benson,1312
Rolette,Judge of the District Court No. 3 Unexpired 2-Year Term Northeast,,NON,write-in,12
Rolette,Justice of the Supreme Court,,NON,Lisa Fair McEvers,810
Rolette,Justice of the Supreme Court,,NON,Robert V Bolinske Sr,522
Rolette,Justice of the Supreme Court,,NON,write-in,5
Rolette,Mayor Dunseith,,NON,Jesse Marion,91
Rolette,Mayor Dunseith,,NON,write-in,5
Rolette,Mayor Rolette,,NON,Blaine Scott,72
Rolette,Mayor Rolette,,NON,write-in,1
Rolette,Mayor Rolla,,NON,Jerry Sparrow,41
Rolette,Mayor Rolla,,NON,John Hardy,197
Rolette,Mayor Rolla,,NON,Patrick Hemmy,58
Rolette,Mayor Rolla,,NON,write-in,7
Rolette,Mayor St John,,NON,Norah Gable,53
Rolette,Mayor St John,,NON,Rodney Phelps,69
Rolette,Mayor St John,,NON,write-in,1
Rolette,Municipal Judge Dunseith,,NON,Charles Bercier,35
Rolette,Municipal Judge Dunseith,,NON,Keith Benning,73
Rolette,Municipal Judge Dunseith,,NON,write-in,0
Rolette,Municipal Judge Rolla,,NON,Charles Bercier,97
Rolette,Municipal Judge Rolla,,NON,Keith Benning,165
Rolette,Municipal Judge Rolla,,NON,write-in,13
Rolette,Municipal Judge St John,,NON,Scott H Belgarde,109
Rolette,Municipal Judge St John,,NON,write-in,2
Rolette,Municipal Judge Unexpired 2-Year Term Rolette,,NON,Charles Bercier,42
Rolette,Municipal Judge Unexpired 2-Year Term Rolette,,NON,Keith Benning,30
Rolette,Municipal Judge Unexpired 2-Year Term Rolette,,NON,write-in,1
Rolette,Park Board Member Dunseith,,NON,Brett Poitra,66
Rolette,Park Board Member Dunseith,,NON,David Fugere,98
Rolette,Park Board Member Dunseith,,NON,write-in,1
Rolette,Park Board Member Rolette,,NON,Kim Mora,60
Rolette,Park Board Member Rolette,,NON,Kristina Smith,41
Rolette,Park Board Member Rolette,,NON,Lorinda Beck,37
Rolette,Park Board Member Rolette,,NON,Sherri Scott,57
Rolette,Park Board Member Rolette,,NON,write-in,2
Rolette,Park Board Member Rolla,,NON,Seth Bercier,285
Rolette,Park Board Member Rolla,,NON,write-in,38
Rolette,Public Service Commissioner,,DEM,Jean Brandt,897
Rolette,Public Service Commissioner,,DEM,write-in,2
Rolette,Public Service Commissioner,,LIB,write-in,1
Rolette,Public Service Commissioner,,REP,Randy Christmann,431
Rolette,Public Service Commissioner,,REP,write-in,3
Rolette,Public Service Commissioner Unexpired 2-Year Term,,DEM,Casey Buchmann,885
Rolette,Public Service Commissioner Unexpired 2-Year Term,,DEM,write-in,2
Rolette,Public Service Commissioner Unexpired 2-Year Term,,LIB,write-in,1
Rolette,Public Service Commissioner Unexpired 2-Year Term,,REP,Brian K Kroshus,426
Rolette,Public Service Commissioner Unexpired 2-Year Term,,REP,write-in,3
Rolette,Secretary of State,,DEM,Josh Boschee,905
Rolette,Secretary of State,,DEM,write-in,2
Rolette,Secretary of State,,LIB,Roland Riemers,2
Rolette,Secretary of State,,LIB,write-in,0
Rolette,Secretary of State,,REP,Will Gardner,392
Rolette,Secretary of State,,REP,write-in,18
Rolette,State House,9,DEM,Marvin E Nelson,634
Rolette,State House,9,DEM,Tracy Boe,746
Rolette,State House,9,DEM,write-in,8
Rolette,State House,9,LIB,write-in,1
Rolette,State House,9,REP,write-in,34
Rolette,State Senate,9,DEM,Richard Marcellais,940
Rolette,State Senate,9,DEM,write-in,8
Rolette,State Senate,9,LIB,write-in,1
Rolette,State Senate,9,REP,write-in,31
Rolette,Tax Commissioner,,DEM,Kylie Oversen,881
Rolette,Tax Commissioner,,DEM,write-in,3
Rolette,Tax Commissioner,,LIB,write-in,1
Rolette,Tax Commissioner,,REP,Ryan Rauschenberger,438
Rolette,Tax Commissioner,,REP,write-in,4
Rolette,U.S. House,1,DEM,Mac Schneider,875
Rolette,U.S. House,1,DEM,write-in,5
Rolette,U.S. House,1,LIB,write-in,1
Rolette,U.S. House,1,REP,Kelly Armstrong,229
Rolette,U.S. House,1,REP,Paul J Schaffner,43
Rolette,U.S. House,1,REP,Tiffany Abentroth,47
Rolette,U.S. House,1,REP,Tom Campbell,167
Rolette,U.S. House,1,REP,write-in,1
Rolette,U.S. Senate,,DEM,Heidi Heitkamp,986
Rolette,U.S. Senate,,DEM,write-in,13
Rolette,U.S. Senate,,LIB,write-in,1
Rolette,U.S. Senate,,REP,Kevin Cramer,445
Rolette,U.S. Senate,,REP,"Thomas E O""Neill",73
Rolette,U.S. Senate,,REP,write-in,2
Sargent,Agriculture Commissioner,,DEM,Jim Dotzenrod,418
Sargent,Agriculture Commissioner,,DEM,write-in,1
Sargent,Agriculture Commissioner,,LIB,write-in,1
Sargent,Agriculture Commissioner,,REP,Doug Goehring,340
Sargent,Agriculture Commissioner,,REP,write-in,1
Sargent,Attorney General,,DEM,David Clark Thompson,391
Sargent,Attorney General,,DEM,write-in,0
Sargent,Attorney General,,LIB,write-in,1
Sargent,Attorney General,,REP,Wayne Stenehjem,333
Sargent,Attorney General,,REP,write-in,2
Sargent,Council Member Cayuga,,NON,William D. Wilkinson III,5
Sargent,Council Member Cayuga,,NON,write-in,3
Sargent,Council Member Cogswell,,NON,Heath Kerlin,18
Sargent,Council Member Cogswell,,NON,Robert Skroch,20
Sargent,Council Member Cogswell,,NON,write-in,9
Sargent,Council Member Forman,,NON,John Stenvold,121
Sargent,Council Member Forman,,NON,Luke Anderson,128
Sargent,Council Member Forman,,NON,write-in,11
Sargent,Council Member Gwinner,,NON,Christopher Ferderer,115
Sargent,Council Member Gwinner,,NON,Elroy Odegard,95
Sargent,Council Member Gwinner,,NON,write-in,11
Sargent,Council Member Havana,,NON,write-in,31
Sargent,Council Member Milnor,,NON,Curtis Anderson,95
Sargent,Council Member Milnor,,NON,Eric Hoff,98
Sargent,Council Member Milnor,,NON,Nannette Severson,103
Sargent,Council Member Milnor,,NON,write-in,16
Sargent,Council Member Rutland,,NON,Michael Mahrer,33
Sargent,Council Member Rutland,,NON,Rodney Erickson,33
Sargent,Council Member Rutland,,NON,write-in,0
Sargent,County Auditor Sargent,,NON,Pam Maloney,787
Sargent,County Auditor Sargent,,NON,write-in,2
Sargent,County Commissioner at Large Sargent,,NON,David L Jacobson,365
Sargent,County Commissioner at Large Sargent,,NON,Jerry M Waswick,486
Sargent,County Commissioner at Large Sargent,,NON,Lyle R Bopp,429
Sargent,County Commissioner at Large Sargent,,NON,Richard Ruch,361
Sargent,County Commissioner at Large Sargent,,NON,Rick Bryant,400
Sargent,County Commissioner at Large Sargent,,NON,Timothy Peterson,297
Sargent,County Commissioner at Large Sargent,,NON,write-in,14
Sargent,County Official Newspaper Sargent,,NON,The Sargent County Teller,760
Sargent,County Sheriff Sargent,,NON,Travis A Paeper,738
Sargent,County Sheriff Sargent,,NON,write-in,31
Sargent,County State's Attorney Sargent,,NON,"Jayne ""Lewandowski"" Pfau",772
Sargent,County State's Attorney Sargent,,NON,write-in,3
Sargent,County Treasurer/Recorder/Clerk of District Court Sargent,,NON,Alison Toepke,708
Sargent,County Treasurer/Recorder/Clerk of District Court Sargent,,NON,write-in,54
Sargent,Judge of the District Court No. 3 Southeast,,NON,Brad Cruff,674
Sargent,Judge of the District Court No. 3 Southeast,,NON,write-in,2
Sargent,Justice of the Supreme Court,,NON,Lisa Fair McEvers,444
Sargent,Justice of the Supreme Court,,NON,Robert V Bolinske Sr,233
Sargent,Justice of the Supreme Court,,NON,write-in,1
Sargent,Mayor Cogswell,,NON,Clifton Brown,15
Sargent,Mayor Cogswell,,NON,write-in,10
Sargent,Mayor Forman,,NON,write-in,100
Sargent,Mayor Havana,,NON,write-in,16
Sargent,Mayor Milnor,,NON,Terry Dusek,107
Sargent,Mayor Milnor,,NON,write-in,14
Sargent,Park Board Member Forman Park,,NON,Mindie Bopp,118
Sargent,Park Board Member Forman Park,,NON,Wendy Willprecht,122
Sargent,Park Board Member Forman Park,,NON,write-in,12
Sargent,Park Board Member Gwinner Park,,NON,Michael Schubert,119
Sargent,Park Board Member Gwinner Park,,NON,write-in,31
Sargent,Park Board Member Milnor Park,,NON,Erica Severson,114
Sargent,Park Board Member Milnor Park,,NON,write-in,18
Sargent,Park Board Member Rutland Park,,NON,Larry Christensen,34
Sargent,Park Board Member Rutland Park,,NON,write-in,6
Sargent,Park Board Member Unexpired 2-Year Term Gwinner Park,,NON,write-in,28
Sargent,Public Service Commissioner,,DEM,Jean Brandt,394
Sargent,Public Service Commissioner,,DEM,write-in,0
Sargent,Public Service Commissioner,,LIB,write-in,1
Sargent,Public Service Commissioner,,REP,Randy Christmann,329
Sargent,Public Service Commissioner,,REP,write-in,1
Sargent,Public Service Commissioner Unexpired 2-Year Term,,DEM,Casey Buchmann,394
Sargent,Public Service Commissioner Unexpired 2-Year Term,,DEM,write-in,0
Sargent,Public Service Commissioner Unexpired 2-Year Term,,LIB,write-in,1
Sargent,Public Service Commissioner Unexpired 2-Year Term,,REP,Brian K Kroshus,328
Sargent,Public Service Commissioner Unexpired 2-Year Term,,REP,write-in,0
Sargent,Reduce City Council Seats Milnor,,,No,90
Sargent,Reduce City Council Seats Milnor,,,Yes,31
Sargent,Secretary of State,,DEM,Josh Boschee,394
Sargent,Secretary of State,,DEM,write-in,0
Sargent,Secretary of State,,LIB,Roland Riemers,2
Sargent,Secretary of State,,LIB,write-in,0
Sargent,Secretary of State,,REP,Will Gardner,299
Sargent,Secretary of State,,REP,write-in,22
Sargent,Tax Commissioner,,DEM,Kylie Oversen,395
Sargent,Tax Commissioner,,DEM,write-in,0
Sargent,Tax Commissioner,,LIB,write-in,1
Sargent,Tax Commissioner,,REP,Ryan Rauschenberger,331
Sargent,Tax Commissioner,,REP,write-in,3
Sargent,U.S. House,1,DEM,Mac Schneider,403
Sargent,U.S. House,1,DEM,write-in,0
Sargent,U.S. House,1,LIB,write-in,1
Sargent,U.S. House,1,REP,Kelly Armstrong,190
Sargent,U.S. House,1,REP,Paul J Schaffner,30
Sargent,U.S. House,1,REP,Tiffany Abentroth,36
Sargent,U.S. House,1,REP,Tom Campbell,100
Sargent,U.S. House,1,REP,write-in,0
Sargent,U.S. Senate,,DEM,Heidi Heitkamp,432
Sargent,U.S. Senate,,DEM,write-in,1
Sargent,U.S. Senate,,LIB,write-in,1
Sargent,U.S. Senate,,REP,Kevin Cramer,331
Sargent,U.S. Senate,,REP,"Thomas E O""Neill",38
Sargent,U.S. Senate,,REP,write-in,2
Sheridan,Agriculture Commissioner,,DEM,Jim Dotzenrod,87
Sheridan,Agriculture Commissioner,,DEM,write-in,1
Sheridan,Agriculture Commissioner,,LIB,write-in,0
Sheridan,Agriculture Commissioner,,REP,Doug Goehring,406
Sheridan,Agriculture Commissioner,,REP,write-in,2
Sheridan,Alderperson Martin,,NON,write-in,29
Sheridan,Attorney General,,DEM,David Clark Thompson,86
Sheridan,Attorney General,,DEM,write-in,0
Sheridan,Attorney General,,LIB,write-in,0
Sheridan,Attorney General,,REP,Wayne Stenehjem,399
Sheridan,Attorney General,,REP,write-in,1
Sheridan,City Measure 1 Goodrich,,,No,10
Sheridan,City Measure 1 Goodrich,,,Yes,31
Sheridan,Council Member Goodrich,,NON,Arden Mindt,39
Sheridan,Council Member Goodrich,,NON,Brian Engle,32
Sheridan,Council Member Goodrich,,NON,Michael H Gesellchen,36
Sheridan,Council Member Goodrich,,NON,write-in,2
Sheridan,Council Member McClusky Ward 1,,NON,Nathan Rhoads,110
Sheridan,Council Member McClusky Ward 1,,NON,write-in,23
Sheridan,Council Member McClusky Ward 2,,NON,Jon French,81
Sheridan,Council Member McClusky Ward 2,,NON,write-in,23
Sheridan,County Auditor Sheridan,,NON,Laura Engle,226
Sheridan,County Auditor Sheridan,,NON,Shirley A. Murray,333
Sheridan,County Auditor Sheridan,,NON,write-in,1
Sheridan,County Commissioner Sheridan - District 1,,NON,Shannon Dieterle,296
Sheridan,County Commissioner Sheridan - District 1,,NON,Steven Eisenbeisz,257
Sheridan,County Commissioner Sheridan - District 1,,NON,write-in,1
Sheridan,County Commissioner Sheridan - District 3,,NON,Howard Erdmann,92
Sheridan,County Commissioner Sheridan - District 3,,NON,Lori Hollenbeck,179
Sheridan,County Commissioner Sheridan - District 3,,NON,Sandra Felchle,300
Sheridan,County Commissioner Sheridan - District 3,,NON,write-in,1
Sheridan,County Official Newspaper Sheridan,,NON,McClusky Gazette,485
Sheridan,County Recorder Sheridan,,NON,Kathleen Mindt,519
Sheridan,County Recorder Sheridan,,NON,write-in,3
Sheridan,County Sheriff Sheridan,,NON,Trent Naser,527
Sheridan,County Sheriff Sheridan,,NON,write-in,9
Sheridan,County State's Attorney Sheridan,,NON,Ladd Erickson,488
Sheridan,County State's Attorney Sheridan,,NON,write-in,6
Sheridan,County Treasurer Sheridan,,NON,Lynnette Fox,516
Sheridan,County Treasurer Sheridan,,NON,write-in,1
Sheridan,Judge of the District Court No. 3 South Central,,NON,Bruce A Romanick,470
Sheridan,Judge of the District Court No. 3 South Central,,NON,write-in,0
Sheridan,Judge of the District Court No. 4 South Central,,NON,Daniel Borgen,457
Sheridan,Judge of the District Court No. 4 South Central,,NON,write-in,0
Sheridan,Judge of the District Court No. 9 Unexpired 4-Year Term South Central,,NON,John W Grinsteiner,460
Sheridan,Judge of the District Court No. 9 Unexpired 4-Year Term South Central,,NON,write-in,0
Sheridan,Justice of the Supreme Court,,NON,Lisa Fair McEvers,254
Sheridan,Justice of the Supreme Court,,NON,Robert V Bolinske Sr,215
Sheridan,Justice of the Supreme Court,,NON,write-in,0
Sheridan,Mayor Goodrich,,NON,Karen Feickert,40
Sheridan,Mayor Goodrich,,NON,write-in,0
Sheridan,Mayor McClusky,,NON,write-in,115
Sheridan,Measure 1 McClusky School #19,,,No,22
Sheridan,Measure 1 McClusky School #19,,,Yes,287
Sheridan,Park Board Member Goodrich Park,,NON,Jan Demke,40
Sheridan,Park Board Member Goodrich Park,,NON,Krystal Smith,40
Sheridan,Park Board Member Goodrich Park,,NON,Misty Galvin,41
Sheridan,Park Board Member Goodrich Park,,NON,Patricia Mindt,40
Sheridan,Park Board Member Goodrich Park,,NON,write-in,0
Sheridan,Park Board Member McClusky Park,,NON,write-in,128
Sheridan,Public Service Commissioner,,DEM,Jean Brandt,85
Sheridan,Public Service Commissioner,,DEM,write-in,0
Sheridan,Public Service Commissioner,,LIB,write-in,0
Sheridan,Public Service Commissioner,,REP,Randy Christmann,393
Sheridan,Public Service Commissioner,,REP,write-in,1
Sheridan,Public Service Commissioner Unexpired 2-Year Term,,DEM,Casey Buchmann,86
Sheridan,Public Service Commissioner Unexpired 2-Year Term,,DEM,write-in,0
Sheridan,Public Service Commissioner Unexpired 2-Year Term,,LIB,write-in,0
Sheridan,Public Service Commissioner Unexpired 2-Year Term,,REP,Brian K Kroshus,388
Sheridan,Public Service Commissioner Unexpired 2-Year Term,,REP,write-in,1
Sheridan,School Board Member Goodrich School #16,,NON,Deneen Richter,96
Sheridan,School Board Member Goodrich School #16,,NON,Esther Grupp,88
Sheridan,School Board Member Goodrich School #16,,NON,Jason Smith,78
Sheridan,School Board Member Goodrich School #16,,NON,Laura Lieberman,86
Sheridan,School Board Member Goodrich School #16,,NON,Misty Galvin,96
Sheridan,School Board Member Goodrich School #16,,NON,write-in,0
Sheridan,School Board Member- At Large McClusky School #19,,NON,Jessica Boehm,152
Sheridan,School Board Member- At Large McClusky School #19,,NON,Todd Rath,169
Sheridan,School Board Member- At Large McClusky School #19,,NON,write-in,2
Sheridan,School Board Member- City McClusky School #19,,NON,Roberta Hunt,262
Sheridan,School Board Member- City McClusky School #19,,NON,write-in,15
Sheridan,School Board Member-Rural McClusky School #19,,NON,Elisha Dockter,95
Sheridan,School Board Member-Rural McClusky School #19,,NON,Heidi Strobel,226
Sheridan,School Board Member-Rural McClusky School #19,,NON,write-in,2
Sheridan,Secretary of State,,DEM,Josh Boschee,88
Sheridan,Secretary of State,,DEM,write-in,0
Sheridan,Secretary of State,,LIB,Roland Riemers,0
Sheridan,Secretary of State,,LIB,write-in,0
Sheridan,Secretary of State,,REP,Will Gardner,348
Sheridan,Secretary of State,,REP,write-in,29
Sheridan,Tax Commissioner,,DEM,Kylie Oversen,86
Sheridan,Tax Commissioner,,DEM,write-in,0
Sheridan,Tax Commissioner,,LIB,write-in,0
Sheridan,Tax Commissioner,,REP,Ryan Rauschenberger,388
Sheridan,Tax Commissioner,,REP,write-in,1
Sheridan,U.S. House,1,DEM,Mac Schneider,93
Sheridan,U.S. House,1,DEM,write-in,0
Sheridan,U.S. House,1,LIB,write-in,0
Sheridan,U.S. House,1,REP,Kelly Armstrong,208
Sheridan,U.S. House,1,REP,Paul J Schaffner,23
Sheridan,U.S. House,1,REP,Tiffany Abentroth,37
Sheridan,U.S. House,1,REP,Tom Campbell,159
Sheridan,U.S. House,1,REP,write-in,0
Sheridan,U.S. Senate,,DEM,Heidi Heitkamp,103
Sheridan,U.S. Senate,,DEM,write-in,1
Sheridan,U.S. Senate,,LIB,write-in,0
Sheridan,U.S. Senate,,REP,Kevin Cramer,397
Sheridan,U.S. Senate,,REP,"Thomas E O""Neill",39
Sheridan,U.S. Senate,,REP,write-in,0
Sioux,Agriculture Commissioner,,DEM,Jim Dotzenrod,111
Sioux,Agriculture Commissioner,,DEM,write-in,0
Sioux,Agriculture Commissioner,,LIB,write-in,0
Sioux,Agriculture Commissioner,,REP,Doug Goehring,114
Sioux,Agriculture Commissioner,,REP,write-in,2
Sioux,Attorney General,,DEM,David Clark Thompson,113
Sioux,Attorney General,,DEM,write-in,0
Sioux,Attorney General,,LIB,write-in,0
Sioux,Attorney General,,REP,Wayne Stenehjem,110
Sioux,Attorney General,,REP,write-in,4
Sioux,Council Member Fort Yates,,NON,Herschel K Whitelightning,22
Sioux,Council Member Fort Yates,,NON,Jarod Moninger Galvin,17
Sioux,Council Member Fort Yates,,NON,write-in,26
Sioux,Council Member Selfridge,,NON,Steve John Gerhardt,26
Sioux,Council Member Selfridge,,NON,write-in,17
Sioux,Council Member Solen,,NON,Cheryl Marie Hettich,13
Sioux,Council Member Solen,,NON,Tiffany Lee George,20
Sioux,Council Member Solen,,NON,write-in,2
Sioux,County Auditor Sioux,,NON,Barbara Jean Hettich,204
Sioux,County Auditor Sioux,,NON,write-in,62
Sioux,County Commissioner Sioux - District 1,,NON,Mark Colton Hettich Jr,46
Sioux,County Commissioner Sioux - District 1,,NON,Rodney John Froelich,25
Sioux,County Commissioner Sioux - District 1,,NON,Terrence Cornel Comeau,31
Sioux,County Commissioner Sioux - District 1,,NON,write-in,3
Sioux,County Commissioner Sioux - District 3,,NON,David Volk,58
Sioux,County Commissioner Sioux - District 3,,NON,Kenneth Louis Snider,64
Sioux,County Commissioner Sioux - District 3,,NON,Shannon Rae Silbernagel,23
Sioux,County Commissioner Sioux - District 3,,NON,Wilfred Alexius Redtomahawk,9
Sioux,County Commissioner Sioux - District 3,,NON,write-in,7
Sioux,County Official Newspaper Sioux,,NON,Carson Press,229
Sioux,County Sheriff Sioux,,NON,Franklin Anton Landeis,280
Sioux,County Sheriff Sioux,,NON,write-in,8
Sioux,County State's Attorney Sioux,,NON,write-in,18
Sioux,County Treasurer/Recorder/Clerk of District Court Sioux,,NON,Vernetta Kay Iron Eyes,248
Sioux,County Treasurer/Recorder/Clerk of District Court Sioux,,NON,write-in,12
Sioux,Judge of the District Court No. 3 South Central,,NON,Bruce A Romanick,212
Sioux,Judge of the District Court No. 3 South Central,,NON,write-in,5
Sioux,Judge of the District Court No. 4 South Central,,NON,Daniel Borgen,208
Sioux,Judge of the District Court No. 4 South Central,,NON,write-in,7
Sioux,Judge of the District Court No. 9 Unexpired 4-Year Term South Central,,NON,John W Grinsteiner,206
Sioux,Judge of the District Court No. 9 Unexpired 4-Year Term South Central,,NON,write-in,6
Sioux,Justice of the Supreme Court,,NON,Lisa Fair McEvers,143
Sioux,Justice of the Supreme Court,,NON,Robert V Bolinske Sr,99
Sioux,Justice of the Supreme Court,,NON,write-in,5
Sioux,Mayor Fort Yates,,NON,write-in,16
Sioux,Public Service Commissioner,,DEM,Jean Brandt,109
Sioux,Public Service Commissioner,,DEM,write-in,0
Sioux,Public Service Commissioner,,LIB,write-in,0
Sioux,Public Service Commissioner,,REP,Randy Christmann,103
Sioux,Public Service Commissioner,,REP,write-in,2
Sioux,Public Service Commissioner Unexpired 2-Year Term,,DEM,Casey Buchmann,109
Sioux,Public Service Commissioner Unexpired 2-Year Term,,DEM,write-in,0
Sioux,Public Service Commissioner Unexpired 2-Year Term,,LIB,write-in,0
Sioux,Public Service Commissioner Unexpired 2-Year Term,,REP,Brian K Kroshus,97
Sioux,Public Service Commissioner Unexpired 2-Year Term,,REP,write-in,2
Sioux,School Board Member Fort Yates School,,NON,Katherine Marie Vallee,59
Sioux,School Board Member Fort Yates School,,NON,Kory James Mclaughlin,70
Sioux,School Board Member Fort Yates School,,NON,write-in,0
Sioux,School Board Member Selfridge School,,NON,Nick Al Vollmuth,84
Sioux,School Board Member Selfridge School,,NON,write-in,4
Sioux,School Board Member at Large Selfridge School,,NON,Helen Julia Hanley,74
Sioux,School Board Member at Large Selfridge School,,NON,write-in,2
Sioux,Secretary of State,,DEM,Josh Boschee,109
Sioux,Secretary of State,,DEM,write-in,0
Sioux,Secretary of State,,LIB,Roland Riemers,1
Sioux,Secretary of State,,LIB,write-in,0
Sioux,Secretary of State,,REP,Will Gardner,90
Sioux,Secretary of State,,REP,write-in,3
Sioux,State House,31,DEM,Joshua Johnson,112
Sioux,State House,31,DEM,write-in,3
Sioux,State House,31,LIB,write-in,0
Sioux,State House,31,REP,Jim Schmidt,85
Sioux,State House,31,REP,Karen Rohr,70
Sioux,State House,31,REP,write-in,5
Sioux,State Senate,31,DEM,Rachele Hall,111
Sioux,State Senate,31,DEM,write-in,0
Sioux,State Senate,31,LIB,write-in,0
Sioux,State Senate,31,REP,Donald Schaible,102
Sioux,State Senate,31,REP,write-in,3
Sioux,Tax Commissioner,,DEM,Kylie Oversen,110
Sioux,Tax Commissioner,,DEM,write-in,1
Sioux,Tax Commissioner,,LIB,write-in,0
Sioux,Tax Commissioner,,REP,Ryan Rauschenberger,104
Sioux,Tax Commissioner,,REP,write-in,2
Sioux,U.S. House,1,DEM,Mac Schneider,114
Sioux,U.S. House,1,DEM,write-in,1
Sioux,U.S. House,1,LIB,write-in,0
Sioux,U.S. House,1,REP,Kelly Armstrong,53
Sioux,U.S. House,1,REP,Paul J Schaffner,17
Sioux,U.S. House,1,REP,Tiffany Abentroth,16
Sioux,U.S. House,1,REP,Tom Campbell,32
Sioux,U.S. House,1,REP,write-in,2
Sioux,U.S. Senate,,DEM,Heidi Heitkamp,110
Sioux,U.S. Senate,,DEM,write-in,3
Sioux,U.S. Senate,,LIB,write-in,1
Sioux,U.S. Senate,,REP,Kevin Cramer,95
Sioux,U.S. Senate,,REP,"Thomas E O""Neill",31
Sioux,U.S. Senate,,REP,write-in,1
Slope,Agriculture Commissioner,,DEM,Jim Dotzenrod,17
Slope,Agriculture Commissioner,,DEM,write-in,0
Slope,Agriculture Commissioner,,LIB,write-in,0
Slope,Agriculture Commissioner,,REP,Doug Goehring,133
Slope,Agriculture Commissioner,,REP,write-in,1
Slope,Attorney General,,DEM,David Clark Thompson,17
Slope,Attorney General,,DEM,write-in,0
Slope,Attorney General,,LIB,write-in,0
Slope,Attorney General,,REP,Wayne Stenehjem,136
Slope,Attorney General,,REP,write-in,1
Slope,Commission President Marmarth,,NON,Hailey Dschaak,28
Slope,Commission President Marmarth,,NON,write-in,22
Slope,Commissioner Marmarth,,NON,write-in,77
Slope,County Auditor Slope,,NON,Lorrie Buzalsky,143
Slope,County Auditor Slope,,NON,write-in,8
Slope,County Commissioner Slope - District 1,,NON,Michael Teske,147
Slope,County Commissioner Slope - District 1,,NON,write-in,5
Slope,County Commissioner Slope - District 3,,NON,Mike H Sonsalla,157
Slope,County Commissioner Slope - District 3,,NON,write-in,5
Slope,County Recorder/Clerk of District Court Slope,,NON,Kristie Jacobson,156
Slope,County Recorder/Clerk of District Court Slope,,NON,write-in,0
Slope,County Sheriff Slope,,NON,Rory M Teigen,92
Slope,County Sheriff Slope,,NON,write-in,71
Slope,County State's Attorney Slope,,NON,Aaron W Roseland,133
Slope,County State's Attorney Slope,,NON,write-in,1
Slope,County Treasurer Slope,,NON,Colleen Germann,153
Slope,County Treasurer Slope,,NON,write-in,2
Slope,Extension Levy 44 - Slope,,,No,85
Slope,Extension Levy 44 - Slope,,,Yes,83
Slope,Judge of the District Court No. 1 Southwest,,NON,James D Gion,150
Slope,Judge of the District Court No. 1 Southwest,,NON,write-in,0
Slope,Judge of the District Court No. 3 Southwest,,NON,Dann Greenwood,139
Slope,Judge of the District Court No. 3 Southwest,,NON,write-in,1
Slope,Judge of the District Court No. 4 Unexpired 4-Year Term Southwest,,NON,Rhonda R Ehlis,141
Slope,Judge of the District Court No. 4 Unexpired 4-Year Term Southwest,,NON,write-in,1
Slope,Justice of the Supreme Court,,NON,Lisa Fair McEvers,67
Slope,Justice of the Supreme Court,,NON,Robert V Bolinske Sr,59
Slope,Justice of the Supreme Court,,NON,write-in,0
Slope,Public Service Commissioner,,DEM,Jean Brandt,17
Slope,Public Service Commissioner,,DEM,write-in,0
Slope,Public Service Commissioner,,LIB,write-in,0
Slope,Public Service Commissioner,,REP,Randy Christmann,131
Slope,Public Service Commissioner,,REP,write-in,1
Slope,Public Service Commissioner Unexpired 2-Year Term,,DEM,Casey Buchmann,16
Slope,Public Service Commissioner Unexpired 2-Year Term,,DEM,write-in,0
Slope,Public Service Commissioner Unexpired 2-Year Term,,LIB,write-in,0
Slope,Public Service Commissioner Unexpired 2-Year Term,,REP,Brian K Kroshus,125
Slope,Public Service Commissioner Unexpired 2-Year Term,,REP,write-in,1
Slope,Publication of School Minutes Bowman School,,,No,2
Slope,Publication of School Minutes Bowman School,,,Yes,32
Slope,School Board Member Representative from the Bowman Area Bowman School,,NON,Brad Pauley,2
Slope,School Board Member Representative from the Bowman Area Bowman School,,NON,Cory Blaser,12
Slope,School Board Member Representative from the Bowman Area Bowman School,,NON,Drew Henderson,8
Slope,School Board Member Representative from the Bowman Area Bowman School,,NON,Jim Stafford,13
Slope,School Board Member Representative from the Bowman Area Bowman School,,NON,Randy Gaebe,20
Slope,School Board Member Representative from the Bowman Area Bowman School,,NON,Tara C. Lambourn,11
Slope,School Board Member Representative from the Bowman Area Bowman School,,NON,write-in,0
Slope,School Board Member Representative from the Rhame Area Bowman School,,NON,Stacy McGee,31
Slope,School Board Member Representative from the Rhame Area Bowman School,,NON,write-in,0
Slope,School Board Member at Large Position Bowman School,,NON,Camie Janikowski,33
Slope,School Board Member at Large Position Bowman School,,NON,Dan Peterson,3
Slope,School Board Member at Large Position Bowman School,,NON,write-in,0
Slope,Secretary of State,,DEM,Josh Boschee,17
Slope,Secretary of State,,DEM,write-in,0
Slope,Secretary of State,,LIB,Roland Riemers,1
Slope,Secretary of State,,LIB,write-in,0
Slope,Secretary of State,,REP,Will Gardner,117
Slope,Secretary of State,,REP,write-in,1
Slope,State House,39,DEM,write-in,0
Slope,State House,39,LIB,write-in,0
Slope,State House,39,REP,Denton Zubke,80
Slope,State House,39,REP,Keith Kempenich,110
Slope,State House,39,REP,write-in,3
Slope,State Senate,39,DEM,write-in,0
Slope,State Senate,39,LIB,write-in,0
Slope,State Senate,39,REP,Dale Patten,127
Slope,State Senate,39,REP,write-in,1
Slope,Tax Commissioner,,DEM,Kylie Oversen,18
Slope,Tax Commissioner,,DEM,write-in,0
Slope,Tax Commissioner,,LIB,write-in,0
Slope,Tax Commissioner,,REP,Ryan Rauschenberger,123
Slope,Tax Commissioner,,REP,write-in,1
Slope,U.S. House,1,DEM,Mac Schneider,23
Slope,U.S. House,1,DEM,write-in,0
Slope,U.S. House,1,LIB,write-in,0
Slope,U.S. House,1,REP,Kelly Armstrong,73
Slope,U.S. House,1,REP,Paul J Schaffner,14
Slope,U.S. House,1,REP,Tiffany Abentroth,9
Slope,U.S. House,1,REP,Tom Campbell,39
Slope,U.S. House,1,REP,write-in,0
Slope,U.S. Senate,,DEM,Heidi Heitkamp,28
Slope,U.S. Senate,,DEM,write-in,0
Slope,U.S. Senate,,LIB,write-in,0
Slope,U.S. Senate,,REP,Kevin Cramer,127
Slope,U.S. Senate,,REP,"Thomas E O""Neill",19
Slope,U.S. Senate,,REP,write-in,0
Stark,Agriculture Commissioner,,DEM,Jim Dotzenrod,650
Stark,Agriculture Commissioner,,DEM,write-in,0
Stark,Agriculture Commissioner,,LIB,write-in,0
Stark,Agriculture Commissioner,,REP,Doug Goehring,2579
Stark,Agriculture Commissioner,,REP,write-in,5
Stark,Attorney General,,DEM,David Clark Thompson,651
Stark,Attorney General,,DEM,write-in,0
Stark,Attorney General,,LIB,write-in,0
Stark,Attorney General,,REP,Wayne Stenehjem,2574
Stark,Attorney General,,REP,write-in,9
Stark,Commissioner Dickinson,,NON,Jason Fridrich,1333
Stark,Commissioner Dickinson,,NON,Klayton Oltmanns,981
Stark,Commissioner Dickinson,,NON,Kyle Jost,913
Stark,Commissioner Dickinson,,NON,Nikki (Nicole) Wolla,1071
Stark,Commissioner Dickinson,,NON,write-in,11
Stark,Commissioner Richardton,,NON,Kevin Remington,92
Stark,Commissioner Richardton,,NON,Koleen Hoff,81
Stark,Commissioner Richardton,,NON,Shanna Dressler,19
Stark,Commissioner Richardton,,NON,write-in,4
Stark,Commissioner Unexpired 2-Year Term Richardton,,NON,Ralph Weisenberger,97
Stark,Commissioner Unexpired 2-Year Term Richardton,,NON,write-in,6
Stark,Council Member Belfield,,NON,Alantson (Lants) Hurt,58
Stark,Council Member Belfield,,NON,Bruce Baer,145
Stark,Council Member Belfield,,NON,Reyka Ravenwood,120
Stark,Council Member Belfield,,NON,write-in,7
Stark,Council Member Gladstone,,NON,Darrell Sadowsky,21
Stark,Council Member Gladstone,,NON,write-in,3
Stark,Council Member South Heart,,NON,Jeremy Binstock,31
Stark,Council Member South Heart,,NON,Mike Sticka,32
Stark,Council Member South Heart,,NON,write-in,12
Stark,Council Member Taylor,,NON,Daryl Jurgens,31
Stark,Council Member Taylor,,NON,Ray Fettig,26
Stark,Council Member Taylor,,NON,write-in,11
Stark,Council Member Unexpired 2-Year Term Gladstone,,NON,Chase Fred,22
Stark,Council Member Unexpired 2-Year Term Gladstone,,NON,write-in,3
Stark,County Auditor/Treasurer Stark,,NON,Kay Haag,2996
Stark,County Auditor/Treasurer Stark,,NON,write-in,44
Stark,County Commissioner Stark - District 2,,NON,Ken Zander,2964
Stark,County Commissioner Stark - District 2,,NON,write-in,26
Stark,County Commissioner Stark - District 4,,NON,Carla Arthaud,1800
Stark,County Commissioner Stark - District 4,,NON,Russ Hoff,1617
Stark,County Commissioner Stark - District 4,,NON,write-in,1
Stark,County Official Newspaper Stark,,NON,The Dickinson Press,2796
Stark,County Sheriff Stark,,NON,Corey Lee,1555
Stark,County Sheriff Stark,,NON,Harold Dentinger,680
Stark,County Sheriff Stark,,NON,Terry Oestreich,1314
Stark,County Sheriff Stark,,NON,write-in,3
Stark,County State's Attorney Stark,,NON,Tom Henning,2910
Stark,County State's Attorney Stark,,NON,write-in,58
Stark,"Director, Southwest Water Authority Dickinson",,NON,Larry Bares,2048
Stark,"Director, Southwest Water Authority Dickinson",,NON,write-in,6
Stark,"Director, Southwest Water Authority Stark",,NON,Steven Schneider,2959
Stark,"Director, Southwest Water Authority Stark",,NON,write-in,13
Stark,Increase the number of Mills for the building fund from 10 mills to 20 mills. Dickinson School,,,No,1709
Stark,Increase the number of Mills for the building fund from 10 mills to 20 mills. Dickinson School,,,Yes,930
Stark,Judge of the District Court No. 1 Southwest,,NON,James D Gion,3042
Stark,Judge of the District Court No. 1 Southwest,,NON,write-in,7
Stark,Judge of the District Court No. 3 Southwest,,NON,Dann Greenwood,3123
Stark,Judge of the District Court No. 3 Southwest,,NON,write-in,9
Stark,Judge of the District Court No. 4 Unexpired 4-Year Term Southwest,,NON,Rhonda R Ehlis,3047
Stark,Judge of the District Court No. 4 Unexpired 4-Year Term Southwest,,NON,write-in,12
Stark,Justice of the Supreme Court,,NON,Lisa Fair McEvers,1653
Stark,Justice of the Supreme Court,,NON,Robert V Bolinske Sr,1327
Stark,Justice of the Supreme Court,,NON,write-in,1
Stark,Mayor Belfield,,NON,Kenneth Solberg,114
Stark,Mayor Belfield,,NON,Leo Schneider,70
Stark,Mayor Belfield,,NON,write-in,6
Stark,Mayor Gladstone,,NON,Cody Silbernagel,20
Stark,Mayor Gladstone,,NON,write-in,5
Stark,Municipal Judge Dickinson,,NON,Robert Keogh,2021
Stark,Municipal Judge Dickinson,,NON,write-in,18
Stark,Park Board Commissioner Dickinson Park,,NON,Scott Karsky,1819
Stark,Park Board Commissioner Dickinson Park,,NON,Scott Kovash,1767
Stark,Park Board Commissioner Dickinson Park,,NON,Tim Daniel,1755
Stark,Park Board Commissioner Dickinson Park,,NON,write-in,26
Stark,Park Board Commissioner South Heart Park,,NON,Scott Jung,45
Stark,Park Board Commissioner South Heart Park,,NON,write-in,13
Stark,Park Board Member Belfield Park,,NON,Jessica Caban,147
Stark,Park Board Member Belfield Park,,NON,Kevin Anderson,134
Stark,Park Board Member Belfield Park,,NON,write-in,8
Stark,Park Board Member Dickinson Park,,NON,Bradley Fong,1611
Stark,Park Board Member Dickinson Park,,NON,Kara Utt,642
Stark,Park Board Member Dickinson Park,,NON,write-in,1
Stark,Park Board Member Richardton Park,,NON,write-in,29
Stark,Park Board Member Taylor Park,,NON,write-in,19
Stark,Park Board Member Unexpired 2-Year Term Belfield Park,,NON,Richard Zacher,154
Stark,Park Board Member Unexpired 2-Year Term Belfield Park,,NON,write-in,13
Stark,Property tax exemptions for new or expanding retail businesses. Belfield,,,No,78
Stark,Property tax exemptions for new or expanding retail businesses. Belfield,,,Yes,108
Stark,Public Service Commissioner,,DEM,Jean Brandt,647
Stark,Public Service Commissioner,,DEM,write-in,1
Stark,Public Service Commissioner,,LIB,write-in,0
Stark,Public Service Commissioner,,REP,Randy Christmann,2514
Stark,Public Service Commissioner,,REP,write-in,4
Stark,Public Service Commissioner Unexpired 2-Year Term,,DEM,Casey Buchmann,642
Stark,Public Service Commissioner Unexpired 2-Year Term,,DEM,write-in,0
Stark,Public Service Commissioner Unexpired 2-Year Term,,LIB,write-in,0
Stark,Public Service Commissioner Unexpired 2-Year Term,,REP,Brian K Kroshus,2460
Stark,Public Service Commissioner Unexpired 2-Year Term,,REP,write-in,7
Stark,School Board Member - At Large Richardton/Taylor School,,NON,Shannon Goetz,224
Stark,School Board Member - At Large Richardton/Taylor School,,NON,write-in,4
Stark,School Board Member - At Large South Heart School,,NON,Lynette Silbernagel,145
Stark,School Board Member - At Large South Heart School,,NON,write-in,2
Stark,School Board Member - Rural Belfield School,,NON,Dan Obrigewitch,238
Stark,School Board Member - Rural Belfield School,,NON,write-in,4
Stark,School Board Member - Rural Richardton/Taylor School,,NON,Ty Dressler,216
Stark,School Board Member - Rural Richardton/Taylor School,,NON,write-in,4
Stark,School Board Member Dickinson School,,NON,Jason Rodakowski,1135
Stark,School Board Member Dickinson School,,NON,John Menard,539
Stark,School Board Member Dickinson School,,NON,Katie Schlosser,785
Stark,School Board Member Dickinson School,,NON,Kimberly Schwartz,1527
Stark,School Board Member Dickinson School,,NON,Michelle Orton,1546
Stark,School Board Member Dickinson School,,NON,Sarah Carlson,699
Stark,School Board Member Dickinson School,,NON,Tanya Rude,690
Stark,School Board Member Dickinson School,,NON,write-in,17
Stark,Secretary of State,,DEM,Josh Boschee,655
Stark,Secretary of State,,DEM,write-in,2
Stark,Secretary of State,,LIB,Roland Riemers,4
Stark,Secretary of State,,LIB,write-in,0
Stark,Secretary of State,,REP,Will Gardner,2246
Stark,Secretary of State,,REP,write-in,125
Stark,State House,37,DEM,Fern Pokorny,355
Stark,State House,37,DEM,Keith Fernsler,335
Stark,State House,37,DEM,write-in,0
Stark,State House,37,LIB,write-in,0
Stark,State House,37,REP,Mike Lefor,1292
Stark,State House,37,REP,Vicky Steiner,1133
Stark,State House,37,REP,write-in,5
Stark,State Senate,37,DEM,R Travis Brazelton,375
Stark,State Senate,37,DEM,write-in,0
Stark,State Senate,37,LIB,write-in,0
Stark,State Senate,37,REP,Rich Wardner,1407
Stark,State Senate,37,REP,write-in,5
Stark,Tax Commissioner,,DEM,Kylie Oversen,655
Stark,Tax Commissioner,,DEM,write-in,1
Stark,Tax Commissioner,,LIB,write-in,0
Stark,Tax Commissioner,,REP,Ryan Rauschenberger,2478
Stark,Tax Commissioner,,REP,write-in,11
Stark,U.S. House,1,DEM,Mac Schneider,676
Stark,U.S. House,1,DEM,write-in,0
Stark,U.S. House,1,LIB,write-in,0
Stark,U.S. House,1,REP,Kelly Armstrong,2401
Stark,U.S. House,1,REP,Paul J Schaffner,62
Stark,U.S. House,1,REP,Tiffany Abentroth,105
Stark,U.S. House,1,REP,Tom Campbell,210
Stark,U.S. House,1,REP,write-in,0
Stark,U.S. Senate,,DEM,Heidi Heitkamp,712
Stark,U.S. Senate,,DEM,write-in,6
Stark,U.S. Senate,,LIB,write-in,2
Stark,U.S. Senate,,REP,Kevin Cramer,2496
Stark,U.S. Senate,,REP,"Thomas E O""Neill",286
Stark,U.S. Senate,,REP,write-in,1
Steele,Agriculture Commissioner,,DEM,Jim Dotzenrod,167
Steele,Agriculture Commissioner,,DEM,write-in,1
Steele,Agriculture Commissioner,,LIB,write-in,0
Steele,Agriculture Commissioner,,REP,Doug Goehring,192
Steele,Agriculture Commissioner,,REP,write-in,2
Steele,Attorney General,,DEM,David Clark Thompson,168
Steele,Attorney General,,DEM,write-in,0
Steele,Attorney General,,LIB,write-in,0
Steele,Attorney General,,REP,Wayne Stenehjem,197
Steele,Attorney General,,REP,write-in,0
Steele,Council Member Finley,,NON,Merle Ferry,87
Steele,Council Member Finley,,NON,Tori Archer,96
Steele,Council Member Finley,,NON,write-in,2
Steele,County Auditor Steele,,NON,Emily M Wigen,348
Steele,County Auditor Steele,,NON,write-in,21
Steele,County Commissioner Steele - District 1,,NON,Brian Tuite,79
Steele,County Commissioner Steele - District 1,,NON,write-in,3
Steele,County Commissioner Steele - District 3,,NON,Ted Johnson,88
Steele,County Commissioner Steele - District 3,,NON,write-in,3
Steele,County Commissioner Steele - District 5,,NON,Russell Walcker,66
Steele,County Commissioner Steele - District 5,,NON,write-in,8
Steele,County Official Newspaper Steele,,NON,Steele County Press,381
Steele,County Sheriff Steele,,NON,Wayne A Beckman,383
Steele,County Sheriff Steele,,NON,write-in,10
Steele,County Treasurer Steele,,NON,Kari Dekker,376
Steele,County Treasurer Steele,,NON,write-in,5
Steele,Judge of the District Court No. 8 East Central,,NON,John C Irby,350
Steele,Judge of the District Court No. 8 East Central,,NON,write-in,0
Steele,Justice of the Supreme Court,,NON,Lisa Fair McEvers,253
Steele,Justice of the Supreme Court,,NON,Robert V Bolinske Sr,99
Steele,Justice of the Supreme Court,,NON,write-in,0
Steele,Mayor Finley,,NON,Larry Amundson,94
Steele,Mayor Finley,,NON,write-in,3
Steele,Park Board Commissioner Finley Park,,NON,Chad Aberle,90
Steele,Park Board Commissioner Finley Park,,NON,Daniel Aberle,88
Steele,Park Board Commissioner Finley Park,,NON,Paul Kroeplin,88
Steele,Park Board Commissioner Finley Park,,NON,write-in,2
Steele,Public Service Commissioner,,DEM,Jean Brandt,169
Steele,Public Service Commissioner,,DEM,write-in,0
Steele,Public Service Commissioner,,LIB,write-in,0
Steele,Public Service Commissioner,,REP,Randy Christmann,186
Steele,Public Service Commissioner,,REP,write-in,1
Steele,Public Service Commissioner Unexpired 2-Year Term,,DEM,Casey Buchmann,168
Steele,Public Service Commissioner Unexpired 2-Year Term,,DEM,write-in,0
Steele,Public Service Commissioner Unexpired 2-Year Term,,LIB,write-in,0
Steele,Public Service Commissioner Unexpired 2-Year Term,,REP,Brian K Kroshus,187
Steele,Public Service Commissioner Unexpired 2-Year Term,,REP,write-in,0
Steele,Secretary of State,,DEM,Josh Boschee,172
Steele,Secretary of State,,DEM,write-in,0
Steele,Secretary of State,,LIB,Roland Riemers,0
Steele,Secretary of State,,LIB,write-in,0
Steele,Secretary of State,,REP,Will Gardner,175
Steele,Secretary of State,,REP,write-in,6
Steele,State House,23,DEM,Cathy Swenson,155
Steele,State House,23,DEM,Jessica Dillon Hawkes,128
Steele,State House,23,DEM,write-in,1
Steele,State House,23,LIB,write-in,0
Steele,State House,23,REP,Bill Devlin,183
Steele,State House,23,REP,Don Vigesaa,175
Steele,State House,23,REP,write-in,1
Steele,State Senate,23,DEM,Joan Heckaman,179
Steele,State Senate,23,DEM,write-in,0
Steele,State Senate,23,LIB,write-in,0
Steele,State Senate,23,REP,Judy Estenson,188
Steele,State Senate,23,REP,write-in,0
Steele,Tax Commissioner,,DEM,Kylie Oversen,168
Steele,Tax Commissioner,,DEM,write-in,0
Steele,Tax Commissioner,,LIB,write-in,0
Steele,Tax Commissioner,,REP,Ryan Rauschenberger,183
Steele,Tax Commissioner,,REP,write-in,3
Steele,U.S. House,1,DEM,Mac Schneider,173
Steele,U.S. House,1,DEM,write-in,0
Steele,U.S. House,1,LIB,write-in,0
Steele,U.S. House,1,REP,Kelly Armstrong,100
Steele,U.S. House,1,REP,Paul J Schaffner,18
Steele,U.S. House,1,REP,Tiffany Abentroth,24
Steele,U.S. House,1,REP,Tom Campbell,59
Steele,U.S. House,1,REP,write-in,0
Steele,U.S. Senate,,DEM,Heidi Heitkamp,192
Steele,U.S. Senate,,DEM,write-in,0
Steele,U.S. Senate,,LIB,write-in,0
Steele,U.S. Senate,,REP,Kevin Cramer,175
Steele,U.S. Senate,,REP,"Thomas E O""Neill",28
Steele,U.S. Senate,,REP,write-in,0
Stutsman,Agriculture Commissioner,,DEM,Jim Dotzenrod,1056
Stutsman,Agriculture Commissioner,,DEM,write-in,0
Stutsman,Agriculture Commissioner,,LIB,write-in,3
Stutsman,Agriculture Commissioner,,REP,Doug Goehring,1728
Stutsman,Agriculture Commissioner,,REP,write-in,6
Stutsman,Attorney General,,DEM,David Clark Thompson,1073
Stutsman,Attorney General,,DEM,write-in,2
Stutsman,Attorney General,,LIB,write-in,3
Stutsman,Attorney General,,REP,Wayne Stenehjem,1751
Stutsman,Attorney General,,REP,write-in,9
Stutsman,Council Member Jamestown,,NON,David Steele,1750
Stutsman,Council Member Jamestown,,NON,Kevin Walker,833
Stutsman,Council Member Jamestown,,NON,write-in,5
Stutsman,County Commissioner Stutsman,,NON,Craig Neys,1534
Stutsman,County Commissioner Stutsman,,NON,Dennis Ova,1646
Stutsman,County Commissioner Stutsman,,NON,Mark McPherson,1521
Stutsman,County Commissioner Stutsman,,NON,Nellie Degen,693
Stutsman,County Commissioner Stutsman,,NON,Ramone Gumke,1590
Stutsman,County Commissioner Stutsman,,NON,Steven J Cichos,1720
Stutsman,County Commissioner Stutsman,,NON,write-in,14
Stutsman,County Official Newspaper Stutsman,,NON,The Jamestown Sun,2654
Stutsman,County Sheriff Stutsman,,NON,Chad Kaiser,2810
Stutsman,County Sheriff Stutsman,,NON,write-in,169
Stutsman,County State's Attorney Stutsman,,NON,Fritz Fremgen,2542
Stutsman,County State's Attorney Stutsman,,NON,write-in,101
Stutsman,"Director, Garrison Diversion Conservancy Stutsman",,NON,Geneva Kaiser,2551
Stutsman,"Director, Garrison Diversion Conservancy Stutsman",,NON,write-in,21
Stutsman,Judge of the District Court No. 3 Southeast,,NON,Brad Cruff,2509
Stutsman,Judge of the District Court No. 3 Southeast,,NON,write-in,13
Stutsman,Justice of the Supreme Court,,NON,Lisa Fair McEvers,1682
Stutsman,Justice of the Supreme Court,,NON,Robert V Bolinske Sr,915
Stutsman,Justice of the Supreme Court,,NON,write-in,8
Stutsman,Mayor Jamestown,,NON,Dwaine Heinrich,1283
Stutsman,Mayor Jamestown,,NON,Joshua Meade,410
Stutsman,Mayor Jamestown,,NON,Katie Andersen,1101
Stutsman,Mayor Jamestown,,NON,write-in,7
Stutsman,Municipal Judge Jamestown,,NON,Lawrence P Kropp,1988
Stutsman,Municipal Judge Jamestown,,NON,write-in,43
Stutsman,Park Board Member Jamestown Park,,NON,Chris Aarhus,667
Stutsman,Park Board Member Jamestown Park,,NON,Mike Landscoot,1317
Stutsman,Park Board Member Jamestown Park,,NON,Mike Soulis,1494
Stutsman,Park Board Member Jamestown Park,,NON,Mindi Schmitz,1383
Stutsman,Park Board Member Jamestown Park,,NON,Mitchell Ostlie,881
Stutsman,Park Board Member Jamestown Park,,NON,Ryan Schlafman,1127
Stutsman,Park Board Member Jamestown Park,,NON,write-in,13
Stutsman,Public Service Commissioner,,DEM,Jean Brandt,1045
Stutsman,Public Service Commissioner,,DEM,write-in,2
Stutsman,Public Service Commissioner,,LIB,write-in,3
Stutsman,Public Service Commissioner,,REP,Randy Christmann,1663
Stutsman,Public Service Commissioner,,REP,write-in,4
Stutsman,Public Service Commissioner Unexpired 2-Year Term,,DEM,Casey Buchmann,1051
Stutsman,Public Service Commissioner Unexpired 2-Year Term,,DEM,write-in,0
Stutsman,Public Service Commissioner Unexpired 2-Year Term,,LIB,write-in,3
Stutsman,Public Service Commissioner Unexpired 2-Year Term,,REP,Brian K Kroshus,1640
Stutsman,Public Service Commissioner Unexpired 2-Year Term,,REP,write-in,5
Stutsman,Publication of School Board Proceedings Jamestown School Dist #1,,,No,268
Stutsman,Publication of School Board Proceedings Jamestown School Dist #1,,,Yes,2610
Stutsman,School Board Member Jamestown School Dist #1,,NON,Brenda Roemmich,1497
Stutsman,School Board Member Jamestown School Dist #1,,NON,Heidi Heim-Larson,1945
Stutsman,School Board Member Jamestown School Dist #1,,NON,Jason Rohr,1992
Stutsman,School Board Member Jamestown School Dist #1,,NON,Robert B Toso,1799
Stutsman,School Board Member Jamestown School Dist #1,,NON,Sedric Trevithick,2072
Stutsman,School Board Member Jamestown School Dist #1,,NON,write-in,93
Stutsman,Secretary of State,,DEM,Josh Boschee,1099
Stutsman,Secretary of State,,DEM,write-in,1
Stutsman,Secretary of State,,LIB,Roland Riemers,12
Stutsman,Secretary of State,,LIB,write-in,2
Stutsman,Secretary of State,,REP,Will Gardner,1507
Stutsman,Secretary of State,,REP,write-in,94
Stutsman,State House,29,DEM,Lori Carlson,250
Stutsman,State House,29,DEM,Mary Schlosser,225
Stutsman,State House,29,DEM,write-in,1
Stutsman,State House,29,LIB,write-in,2
Stutsman,State House,29,REP,Chet Pollert,447
Stutsman,State House,29,REP,Craig Headland,495
Stutsman,State House,29,REP,write-in,3
Stutsman,State Senate,29,DEM,Katherine Roth,257
Stutsman,State Senate,29,DEM,write-in,0
Stutsman,State Senate,29,LIB,write-in,1
Stutsman,State Senate,29,REP,Terry M Wanzek,568
Stutsman,State Senate,29,REP,write-in,2
Stutsman,Tax Commissioner,,DEM,Kylie Oversen,1055
Stutsman,Tax Commissioner,,DEM,write-in,0
Stutsman,Tax Commissioner,,LIB,write-in,3
Stutsman,Tax Commissioner,,REP,Ryan Rauschenberger,1646
Stutsman,Tax Commissioner,,REP,write-in,6
Stutsman,U.S. House,1,DEM,Mac Schneider,1120
Stutsman,U.S. House,1,DEM,write-in,1
Stutsman,U.S. House,1,LIB,write-in,3
Stutsman,U.S. House,1,REP,Kelly Armstrong,893
Stutsman,U.S. House,1,REP,Paul J Schaffner,229
Stutsman,U.S. House,1,REP,Tiffany Abentroth,169
Stutsman,U.S. House,1,REP,Tom Campbell,492
Stutsman,U.S. House,1,REP,write-in,3
Stutsman,U.S. Senate,,DEM,Heidi Heitkamp,1267
Stutsman,U.S. Senate,,DEM,write-in,7
Stutsman,U.S. Senate,,LIB,write-in,4
Stutsman,U.S. Senate,,REP,Kevin Cramer,1731
Stutsman,U.S. Senate,,REP,"Thomas E O""Neill",249
Stutsman,U.S. Senate,,REP,write-in,1
Towner,Agriculture Commissioner,,DEM,Jim Dotzenrod,213
Towner,Agriculture Commissioner,,DEM,write-in,1
Towner,Agriculture Commissioner,,LIB,write-in,0
Towner,Agriculture Commissioner,,REP,Doug Goehring,375
Towner,Agriculture Commissioner,,REP,write-in,0
Towner,Attorney General,,DEM,David Clark Thompson,218
Towner,Attorney General,,DEM,write-in,1
Towner,Attorney General,,LIB,write-in,0
Towner,Attorney General,,REP,Wayne Stenehjem,374
Towner,Attorney General,,REP,write-in,1
Towner,Council Member Cando,,NON,Bruce Ford,266
Towner,Council Member Cando,,NON,Gary Shock,306
Towner,Council Member Cando,,NON,James Gibbens,280
Towner,Council Member Cando,,NON,Vanessa Weber,367
Towner,Council Member Cando,,NON,write-in,24
Towner,Council Member Unexpired 2-Year Term Cando,,NON,Derrick Childs,159
Towner,Council Member Unexpired 2-Year Term Cando,,NON,Edith Armey,89
Towner,Council Member Unexpired 2-Year Term Cando,,NON,Terry Harland,175
Towner,Council Member Unexpired 2-Year Term Cando,,NON,write-in,3
Towner,County Commissioner Towner - District 2,,NON,Doug Berg,621
Towner,County Commissioner Towner - District 2,,NON,write-in,5
Towner,County Commissioner Towner - District 4,,NON,David Lagein,617
Towner,County Commissioner Towner - District 4,,NON,write-in,7
Towner,County Official Newspaper Towner,,NON,Towner County Record Herald,643
Towner,County Recorder/Clerk of District Court Towner,,NON,Jolene Hoffert,649
Towner,County Recorder/Clerk of District Court Towner,,NON,write-in,2
Towner,County Sheriff Towner,,NON,Randy Colton Il,154
Towner,County Sheriff Towner,,NON,Robert Kennedy,540
Towner,County Sheriff Towner,,NON,write-in,2
Towner,County State's Attorney Towner,,NON,Joshua Frey,325
Towner,County State's Attorney Towner,,NON,Tom Nikolaisen Jr,374
Towner,County State's Attorney Towner,,NON,write-in,0
Towner,Judge of the District Court No. 3 Unexpired 2-Year Term Northeast,,NON,Anthony Swain Benson,571
Towner,Judge of the District Court No. 3 Unexpired 2-Year Term Northeast,,NON,write-in,0
Towner,Justice of the Supreme Court,,NON,Lisa Fair McEvers,360
Towner,Justice of the Supreme Court,,NON,Robert V Bolinske Sr,204
Towner,Justice of the Supreme Court,,NON,write-in,0
Towner,Mayor Cando,,NON,Mark Brehm,200
Towner,Mayor Cando,,NON,Rollie Bjornstad,261
Towner,Mayor Cando,,NON,write-in,0
Towner,PUBLICATION OF CITY GOVERNING BODY MINUTES Cando,,,No,23
Towner,PUBLICATION OF CITY GOVERNING BODY MINUTES Cando,,,Yes,418
Towner,Park Board Member Cando Park,,NON,Jennifer Heisler,349
Towner,Park Board Member Cando Park,,NON,Lee Bjornstad Johnson,330
Towner,Park Board Member Cando Park,,NON,write-in,34
Towner,Public Service Commissioner,,DEM,Jean Brandt,215
Towner,Public Service Commissioner,,DEM,write-in,1
Towner,Public Service Commissioner,,LIB,write-in,0
Towner,Public Service Commissioner,,REP,Randy Christmann,360
Towner,Public Service Commissioner,,REP,write-in,0
Towner,Public Service Commissioner Unexpired 2-Year Term,,DEM,Casey Buchmann,214
Towner,Public Service Commissioner Unexpired 2-Year Term,,DEM,write-in,1
Towner,Public Service Commissioner Unexpired 2-Year Term,,LIB,write-in,0
Towner,Public Service Commissioner Unexpired 2-Year Term,,REP,Brian K Kroshus,358
Towner,Public Service Commissioner Unexpired 2-Year Term,,REP,write-in,1
Towner,Secretary of State,,DEM,Josh Boschee,220
Towner,Secretary of State,,DEM,write-in,1
Towner,Secretary of State,,LIB,Roland Riemers,1
Towner,Secretary of State,,LIB,write-in,0
Towner,Secretary of State,,REP,Will Gardner,338
Towner,Secretary of State,,REP,write-in,15
Towner,State House,15,DEM,Bill Mertens,220
Towner,State House,15,DEM,write-in,2
Towner,State House,15,LIB,write-in,0
Towner,State House,15,REP,Dennis Johnson,291
Towner,State House,15,REP,Greg Westlind,304
Towner,State House,15,REP,write-in,3
Towner,State Senate,15,DEM,Barbara Vondell,215
Towner,State Senate,15,DEM,write-in,1
Towner,State Senate,15,LIB,write-in,0
Towner,State Senate,15,REP,Dave Oehlke,368
Towner,State Senate,15,REP,write-in,1
Towner,Tax Commissioner,,DEM,Kylie Oversen,218
Towner,Tax Commissioner,,DEM,write-in,1
Towner,Tax Commissioner,,LIB,write-in,0
Towner,Tax Commissioner,,REP,Ryan Rauschenberger,359
Towner,Tax Commissioner,,REP,write-in,1
Towner,U.S. House,1,DEM,Mac Schneider,225
Towner,U.S. House,1,DEM,write-in,1
Towner,U.S. House,1,LIB,write-in,0
Towner,U.S. House,1,REP,Kelly Armstrong,203
Towner,U.S. House,1,REP,Paul J Schaffner,33
Towner,U.S. House,1,REP,Tiffany Abentroth,29
Towner,U.S. House,1,REP,Tom Campbell,119
Towner,U.S. House,1,REP,write-in,0
Towner,U.S. Senate,,DEM,Heidi Heitkamp,246
Towner,U.S. Senate,,DEM,write-in,0
Towner,U.S. Senate,,LIB,write-in,0
Towner,U.S. Senate,,REP,Kevin Cramer,372
Towner,U.S. Senate,,REP,"Thomas E O""Neill",52
Towner,U.S. Senate,,REP,write-in,0
Traill,Agriculture Commissioner,,DEM,Jim Dotzenrod,613
Traill,Agriculture Commissioner,,DEM,write-in,0
Traill,Agriculture Commissioner,,LIB,write-in,0
Traill,Agriculture Commissioner,,REP,Doug Goehring,790
Traill,Agriculture Commissioner,,REP,write-in,3
Traill,Attorney General,,DEM,David Clark Thompson,614
Traill,Attorney General,,DEM,write-in,1
Traill,Attorney General,,LIB,write-in,0
Traill,Attorney General,,REP,Wayne Stenehjem,800
Traill,Attorney General,,REP,write-in,0
Traill,Commission President Hillsboro,,NON,Terrance Sando,300
Traill,Commission President Hillsboro,,NON,write-in,2
Traill,Commissioner Hillsboro,,NON,Dave Sather,222
Traill,Commissioner Hillsboro,,NON,Justin Breidenbach,174
Traill,Commissioner Hillsboro,,NON,Levi Reese,181
Traill,Commissioner Hillsboro,,NON,write-in,2
Traill,Council Member Buxton,,NON,Travis Hegg,60
Traill,Council Member Buxton,,NON,Travis Soderberg,68
Traill,Council Member Buxton,,NON,write-in,10
Traill,Council Member Clifford,,NON,write-in,10
Traill,Council Member Galesburg,,NON,write-in,41
Traill,Council Member Hatton,,NON,Annette Glennon,37
Traill,Council Member Hatton,,NON,Bernie Johnson,74
Traill,Council Member Hatton,,NON,Chad Severinson,54
Traill,Council Member Hatton,,NON,Curtis Huus,120
Traill,Council Member Hatton,,NON,Glen Grad,52
Traill,Council Member Hatton,,NON,Scott A. Phipps,123
Traill,Council Member Hatton,,NON,write-in,4
Traill,Council Member Mayville,,NON,Byron Kleven,70
Traill,Council Member Mayville,,NON,Johnny Jorgensen,172
Traill,Council Member Mayville,,NON,Mike Carr,226
Traill,Council Member Mayville,,NON,Ray Petersen,230
Traill,Council Member Mayville,,NON,Rick Nepstad,98
Traill,Council Member Mayville,,NON,write-in,5
Traill,Council Member Portland,,NON,JoAnna Nielson,114
Traill,Council Member Portland,,NON,write-in,22
Traill,Council Member Reynolds,,NON,David Scholand,40
Traill,Council Member Reynolds,,NON,Dorian Beck,38
Traill,Council Member Reynolds,,NON,John Campbell,11
Traill,Council Member Reynolds,,NON,write-in,0
Traill,Council Member Unexpired 2-Year Term Hatton,,NON,Benjamin Naastad,151
Traill,Council Member Unexpired 2-Year Term Hatton,,NON,write-in,3
Traill,Council Member Unexpired 2-Year Term Mayville,,NON,Kim Meshefski-Labine,248
Traill,Council Member Unexpired 2-Year Term Mayville,,NON,"Larry O""Brien",230
Traill,Council Member Unexpired 2-Year Term Mayville,,NON,write-in,18
Traill,County Auditor Traill,,NON,Glenda Haugen,1472
Traill,County Auditor Traill,,NON,write-in,1
Traill,County Clerk of District Court Traill,,NON,Paulette Bowersox,1457
Traill,County Clerk of District Court Traill,,NON,write-in,2
Traill,County Commissioner Traill - District 1,,NON,Thomas Eblen,291
Traill,County Commissioner Traill - District 1,,NON,write-in,5
Traill,County Commissioner Traill - District 3,,NON,Ben Hershey,72
Traill,County Commissioner Traill - District 3,,NON,Dallas Hammond,48
Traill,County Commissioner Traill - District 3,,NON,Ken Nesvig,207
Traill,County Commissioner Traill - District 3,,NON,write-in,0
Traill,County Commissioner Traill - District 5,,NON,Leslie Amb,320
Traill,County Commissioner Traill - District 5,,NON,write-in,4
Traill,County Official Newspaper Traill,,NON,Hillsboro Banner,675
Traill,County Official Newspaper Traill,,NON,Traill County Tribune,925
Traill,County Recorder Traill,,NON,Marlene Eblen,1465
Traill,County Recorder Traill,,NON,write-in,6
Traill,County Sheriff Traill,,NON,Steve Hunt,1529
Traill,County Sheriff Traill,,NON,write-in,3
Traill,County State's Attorney Traill,,NON,Charlie Stock,1392
Traill,County State's Attorney Traill,,NON,write-in,13
Traill,County Treasurer Traill,,NON,Carla Swanson,1461
Traill,County Treasurer Traill,,NON,write-in,2
Traill,"Director, Garrison Diversion Conservancy Traill",,NON,William Krivarchka,1404
Traill,"Director, Garrison Diversion Conservancy Traill",,NON,write-in,8
Traill,Dissolve Park District Reynolds,,,No,7
Traill,Dissolve Park District Reynolds,,,Yes,37
Traill,Galesburg City Park Measure #1 Galesburg,,,No,11
Traill,Galesburg City Park Measure #1 Galesburg,,,Yes,19
Traill,Hatton City Measure #1 Hatton,,,No,21
Traill,Hatton City Measure #1 Hatton,,,Yes,136
Traill,Judge of the District Court No. 8 East Central,,NON,John C Irby,1380
Traill,Judge of the District Court No. 8 East Central,,NON,write-in,1
Traill,Justice of the Supreme Court,,NON,Lisa Fair McEvers,996
Traill,Justice of the Supreme Court,,NON,Robert V Bolinske Sr,371
Traill,Justice of the Supreme Court,,NON,write-in,2
Traill,Mayor Buxton,,NON,write-in,36
Traill,Mayor Clifford,,NON,write-in,6
Traill,Mayor Galesburg,,NON,write-in,23
Traill,Mayor Hatton,,NON,Stuart Letcher,141
Traill,Mayor Hatton,,NON,write-in,6
Traill,Mayor Mayville,,NON,Steven Bensen,286
Traill,Mayor Mayville,,NON,write-in,0
Traill,Mayor Reynolds,,NON,Lloyd Kennedy,39
Traill,Mayor Reynolds,,NON,write-in,4
Traill,Multicity Home Rule Charter Amendment Mayville,,,No,137
Traill,Multicity Home Rule Charter Amendment Mayville,,,Yes,132
Traill,Municipal Judge Hatton,,NON,Thomas R. Moe,146
Traill,Municipal Judge Hatton,,NON,write-in,0
Traill,Municipal Judge Mayville,,NON,Thomas R. Moe,283
Traill,Municipal Judge Mayville,,NON,write-in,1
Traill,Park Board Member Buxton Park,,NON,write-in,72
Traill,Park Board Member Hatton Park,,NON,Ashlee Nelson,142
Traill,Park Board Member Hatton Park,,NON,Barbara Ann Huus,153
Traill,Park Board Member Hatton Park,,NON,Christopher A. Strand,144
Traill,Park Board Member Hatton Park,,NON,write-in,7
Traill,Park Board Member Hillsboro Park,,NON,Benjamin Knecht,278
Traill,Park Board Member Hillsboro Park,,NON,Darren Wright,289
Traill,Park Board Member Hillsboro Park,,NON,Timothy CE Kelley,263
Traill,Park Board Member Hillsboro Park,,NON,write-in,3
Traill,Park Board Member Mayville Park,,NON,David Torgeson,263
Traill,Park Board Member Mayville Park,,NON,Eric Nygaard,244
Traill,Park Board Member Mayville Park,,NON,write-in,0
Traill,Park Board Member Portland Park,,NON,write-in,68
Traill,Public Service Commissioner,,DEM,Jean Brandt,612
Traill,Public Service Commissioner,,DEM,write-in,0
Traill,Public Service Commissioner,,LIB,write-in,0
Traill,Public Service Commissioner,,REP,Randy Christmann,770
Traill,Public Service Commissioner,,REP,write-in,1
Traill,Public Service Commissioner Unexpired 2-Year Term,,DEM,Casey Buchmann,609
Traill,Public Service Commissioner Unexpired 2-Year Term,,DEM,write-in,1
Traill,Public Service Commissioner Unexpired 2-Year Term,,LIB,write-in,0
Traill,Public Service Commissioner Unexpired 2-Year Term,,REP,Brian K Kroshus,773
Traill,Public Service Commissioner Unexpired 2-Year Term,,REP,write-in,2
Traill,Sales and Use Tax Ordinance Mayville,,,No,140
Traill,Sales and Use Tax Ordinance Mayville,,,Yes,131
Traill,School Board Member - Area #1 Northern Cass School Dist #97,,NON,Jason Lindseth,2
Traill,School Board Member - Area #1 Northern Cass School Dist #97,,NON,Nathan Melander,7
Traill,School Board Member - Area #1 Northern Cass School Dist #97,,NON,Penny Johnson,4
Traill,School Board Member - Area #1 Northern Cass School Dist #97,,NON,write-in,0
Traill,School Board Member - Area #6 Northern Cass School Dist #97,,NON,Melissa Broneske,2
Traill,School Board Member - Area #6 Northern Cass School Dist #97,,NON,Susie Carlson,8
Traill,School Board Member - Area #6 Northern Cass School Dist #97,,NON,write-in,0
Traill,School Board Member - Area 3 Hillsboro School,,NON,Kris Brekken,413
Traill,School Board Member - Area 3 Hillsboro School,,NON,write-in,2
Traill,School Board Member - City of Hillsboro Hillsboro School,,NON,Mark Merck,184
Traill,School Board Member - City of Hillsboro Hillsboro School,,NON,Mary Mattson,255
Traill,School Board Member - City of Hillsboro Hillsboro School,,NON,write-in,1
Traill,School Board Member - Clifford-Galesburg Mayport CG School Dist #14,,NON,James Aarsvold,635
Traill,School Board Member - Clifford-Galesburg Mayport CG School Dist #14,,NON,write-in,1
Traill,School Board Member - Rural Mayville Mayport CG School Dist #14,,NON,write-in,153
Traill,School Board Member - Rural Portland Mayport CG School Dist #14,,NON,Jeremy Strand,331
Traill,School Board Member - Rural Portland Mayport CG School Dist #14,,NON,Lance Fugleberg,321
Traill,School Board Member - Rural Portland Mayport CG School Dist #14,,NON,write-in,8
Traill,Secretary of State,,DEM,Josh Boschee,622
Traill,Secretary of State,,DEM,write-in,0
Traill,Secretary of State,,LIB,Roland Riemers,1
Traill,Secretary of State,,LIB,write-in,0
Traill,Secretary of State,,REP,Will Gardner,708
Traill,Secretary of State,,REP,write-in,34
Traill,Tax Commissioner,,DEM,Kylie Oversen,608
Traill,Tax Commissioner,,DEM,write-in,1
Traill,Tax Commissioner,,LIB,write-in,0
Traill,Tax Commissioner,,REP,Ryan Rauschenberger,775
Traill,Tax Commissioner,,REP,write-in,3
Traill,U.S. House,1,DEM,Mac Schneider,629
Traill,U.S. House,1,DEM,write-in,2
Traill,U.S. House,1,LIB,write-in,0
Traill,U.S. House,1,REP,Kelly Armstrong,310
Traill,U.S. House,1,REP,Paul J Schaffner,48
Traill,U.S. House,1,REP,Tiffany Abentroth,314
Traill,U.S. House,1,REP,Tom Campbell,189
Traill,U.S. House,1,REP,write-in,1
Traill,U.S. Senate,,DEM,Heidi Heitkamp,662
Traill,U.S. Senate,,DEM,write-in,1
Traill,U.S. Senate,,LIB,write-in,0
Traill,U.S. Senate,,REP,Kevin Cramer,694
Traill,U.S. Senate,,REP,"Thomas E O""Neill",153
Traill,U.S. Senate,,REP,write-in,2
Walsh,Agriculture Commissioner,,DEM,Jim Dotzenrod,628
Walsh,Agriculture Commissioner,,DEM,write-in,0
Walsh,Agriculture Commissioner,,LIB,write-in,1
Walsh,Agriculture Commissioner,,REP,Doug Goehring,1304
Walsh,Agriculture Commissioner,,REP,write-in,2
Walsh,Alderperson Pisek,,NON,David Dahlgren,17
Walsh,Alderperson Pisek,,NON,write-in,0
Walsh,Attorney General,,DEM,David Clark Thompson,627
Walsh,Attorney General,,DEM,write-in,0
Walsh,Attorney General,,LIB,write-in,1
Walsh,Attorney General,,REP,Wayne Stenehjem,1298
Walsh,Attorney General,,REP,write-in,5
Walsh,Council Member Adams,,NON,Derreck Lundquist,34
Walsh,Council Member Adams,,NON,James Drevecky,40
Walsh,Council Member Adams,,NON,write-in,6
Walsh,Council Member Ardoch,,NON,write-in,0
Walsh,Council Member Conway,,NON,Vincent Slebodnik,3
Walsh,Council Member Conway,,NON,write-in,0
Walsh,Council Member Edinburg,,NON,write-in,57
Walsh,Council Member Fairdale,,NON,write-in,22
Walsh,Council Member Fordville,,NON,Michael Gemmill,43
Walsh,Council Member Fordville,,NON,write-in,1
Walsh,Council Member Forest River,,NON,Dale Korynta,21
Walsh,Council Member Forest River,,NON,Tarek Schanilec,21
Walsh,Council Member Forest River,,NON,write-in,1
Walsh,Council Member Grafton,,NON,Brian Sieben,514
Walsh,Council Member Grafton,,NON,Chris Lipsh,513
Walsh,Council Member Grafton,,NON,David Fellman,513
Walsh,Council Member Grafton,,NON,Mary Stark,502
Walsh,Council Member Grafton,,NON,write-in,8
Walsh,Council Member Hoople,,NON,Jeff Olson,39
Walsh,Council Member Hoople,,NON,Ronald Hultin,35
Walsh,Council Member Hoople,,NON,Scott Salwei,14
Walsh,Council Member Hoople,,NON,write-in,1
Walsh,Council Member Lankin,,NON,John R Shirek,31
Walsh,Council Member Lankin,,NON,Sean Hjelle,23
Walsh,Council Member Lankin,,NON,write-in,0
Walsh,Council Member Minto,,NON,Allen Gerszewski,47
Walsh,Council Member Minto,,NON,David Gerszewski,50
Walsh,Council Member Minto,,NON,Keith Shutt,28
Walsh,Council Member Minto,,NON,Lee Moran,22
Walsh,Council Member Minto,,NON,Thomas Sitzer,135
Walsh,Council Member Minto,,NON,write-in,2
Walsh,Council Member Park River Ward 1,,NON,Dennis Kubat,59
Walsh,Council Member Park River Ward 1,,NON,Jason Lindell,47
Walsh,Council Member Park River Ward 1,,NON,write-in,34
Walsh,Council Member Park River Ward 2,,NON,Jeffery Dahlen,69
Walsh,Council Member Park River Ward 2,,NON,Joey Miller,77
Walsh,Council Member Park River Ward 2,,NON,write-in,2
Walsh,Council Member Park River Ward 3,,NON,Kyle Halvorson,73
Walsh,Council Member Park River Ward 3,,NON,write-in,4
Walsh,County Commissioner at Large Walsh,,NON,Dennis V Skorheim,1022
Walsh,County Commissioner at Large Walsh,,NON,Ernie Barta,1095
Walsh,County Commissioner at Large Walsh,,NON,John Narloch,642
Walsh,County Commissioner at Large Walsh,,NON,Lawrence Burianek,1108
Walsh,County Commissioner at Large Walsh,,NON,Stephan Stark,579
Walsh,County Commissioner at Large Walsh,,NON,Terry Novak,906
Walsh,County Commissioner at Large Walsh,,NON,Tracton Lewis,773
Walsh,County Commissioner at Large Walsh,,NON,write-in,16
Walsh,County Official Newspaper Walsh,,NON,The Walsh County Record,1985
Walsh,County Sheriff Walsh,,NON,Christopher Harmon,349
Walsh,County Sheriff Walsh,,NON,Ronald Jurgens,1937
Walsh,County Sheriff Walsh,,NON,write-in,4
Walsh,County State's Attorney Walsh,,NON,Kelley Cole,1902
Walsh,County State's Attorney Walsh,,NON,write-in,10
Walsh,County Treasurer Walsh,,NON,Jill Trenda,2049
Walsh,County Treasurer Walsh,,NON,write-in,8
Walsh,Judge of the District Court No. 3 Unexpired 2-Year Term Northeast,,NON,Anthony Swain Benson,1779
Walsh,Judge of the District Court No. 3 Unexpired 2-Year Term Northeast,,NON,write-in,6
Walsh,Justice of the Supreme Court,,NON,Lisa Fair McEvers,1567
Walsh,Justice of the Supreme Court,,NON,Robert V Bolinske Sr,418
Walsh,Justice of the Supreme Court,,NON,write-in,3
Walsh,Mayor Ardoch,,NON,write-in,0
Walsh,Mayor Edinburg,,NON,write-in,42
Walsh,Mayor Fairdale,,NON,write-in,14
Walsh,Mayor Forest River,,NON,Ivan Muir,22
Walsh,Mayor Forest River,,NON,write-in,1
Walsh,Mayor Grafton,,NON,Chris West,602
Walsh,Mayor Grafton,,NON,write-in,9
Walsh,Mayor Hoople,,NON,Brian Reilly,42
Walsh,Mayor Hoople,,NON,write-in,2
Walsh,Mayor Minto,,NON,Chris Lizakowski,9
Walsh,Mayor Minto,,NON,Larry Jamieson,133
Walsh,Mayor Minto,,NON,Mark W Wilson,21
Walsh,Mayor Minto,,NON,write-in,0
Walsh,Mayor Park River,,NON,Dan Stenvold,329
Walsh,Mayor Park River,,NON,write-in,16
Walsh,Mayor Pisek,,NON,Donald Greicar,15
Walsh,Mayor Pisek,,NON,write-in,0
Walsh,Park Board Commissioner Grafton Park,,NON,Brad Burianek,377
Walsh,Park Board Commissioner Grafton Park,,NON,Cory Burns,489
Walsh,Park Board Commissioner Grafton Park,,NON,Jessica Tanke,383
Walsh,Park Board Commissioner Grafton Park,,NON,Scott Hills,429
Walsh,Park Board Commissioner Grafton Park,,NON,write-in,1
Walsh,Park Board Member Adams Park,,NON,write-in,17
Walsh,Park Board Member Edinburg Park,,NON,David Monson,52
Walsh,Park Board Member Edinburg Park,,NON,write-in,45
Walsh,Park Board Member Fordville Park,,NON,Alissa Foerster,35
Walsh,Park Board Member Fordville Park,,NON,Brett Omdahl,43
Walsh,Park Board Member Fordville Park,,NON,Joshua Rudnik,34
Walsh,Park Board Member Fordville Park,,NON,write-in,1
Walsh,Park Board Member Hoople Park,,NON,Hayley Atherton,43
Walsh,Park Board Member Hoople Park,,NON,Paul Atherton,42
Walsh,Park Board Member Hoople Park,,NON,write-in,4
Walsh,Park Board Member Lankin Park,,NON,Lori Beneda,29
Walsh,Park Board Member Lankin Park,,NON,write-in,0
Walsh,Park Board Member Minto Park,,NON,Kelli Slominski,76
Walsh,Park Board Member Minto Park,,NON,Paul Gerszewski,135
Walsh,Park Board Member Minto Park,,NON,write-in,63
Walsh,Park Board Member Park River Park,,NON,Andrew Lindell,287
Walsh,Park Board Member Park River Park,,NON,"Kathryn O""Leary",244
Walsh,Park Board Member Park River Park,,NON,write-in,49
Walsh,Public Service Commissioner,,DEM,Jean Brandt,636
Walsh,Public Service Commissioner,,DEM,write-in,1
Walsh,Public Service Commissioner,,LIB,write-in,1
Walsh,Public Service Commissioner,,REP,Randy Christmann,1231
Walsh,Public Service Commissioner,,REP,write-in,2
Walsh,Public Service Commissioner Unexpired 2-Year Term,,DEM,Casey Buchmann,629
Walsh,Public Service Commissioner Unexpired 2-Year Term,,DEM,write-in,0
Walsh,Public Service Commissioner Unexpired 2-Year Term,,LIB,write-in,1
Walsh,Public Service Commissioner Unexpired 2-Year Term,,REP,Brian K Kroshus,1204
Walsh,Public Service Commissioner Unexpired 2-Year Term,,REP,write-in,2
Walsh,Secretary of State,,DEM,Josh Boschee,641
Walsh,Secretary of State,,DEM,write-in,2
Walsh,Secretary of State,,LIB,Roland Riemers,11
Walsh,Secretary of State,,LIB,write-in,0
Walsh,Secretary of State,,REP,Will Gardner,1155
Walsh,Secretary of State,,REP,write-in,49
Walsh,State House,19,DEM,Linda Ott Tangen,366
Walsh,State House,19,DEM,write-in,2
Walsh,State House,19,LIB,write-in,2
Walsh,State House,19,REP,Gary Paur,693
Walsh,State House,19,REP,Wayne Trottier,672
Walsh,State House,19,REP,write-in,0
Walsh,State Senate,19,DEM,Nikolaus Groenewold,368
Walsh,State Senate,19,DEM,write-in,1
Walsh,State Senate,19,LIB,write-in,1
Walsh,State Senate,19,REP,Carrie Wallace,413
Walsh,State Senate,19,REP,Robert Fors,407
Walsh,State Senate,19,REP,write-in,0
Walsh,Tax Commissioner,,DEM,Kylie Oversen,641
Walsh,Tax Commissioner,,DEM,write-in,1
Walsh,Tax Commissioner,,LIB,write-in,1
Walsh,Tax Commissioner,,REP,Ryan Rauschenberger,1217
Walsh,Tax Commissioner,,REP,write-in,6
Walsh,U.S. House,1,DEM,Mac Schneider,693
Walsh,U.S. House,1,DEM,write-in,0
Walsh,U.S. House,1,LIB,write-in,1
Walsh,U.S. House,1,REP,Kelly Armstrong,709
Walsh,U.S. House,1,REP,Paul J Schaffner,107
Walsh,U.S. House,1,REP,Tiffany Abentroth,77
Walsh,U.S. House,1,REP,Tom Campbell,526
Walsh,U.S. House,1,REP,write-in,1
Walsh,U.S. Senate,,DEM,Heidi Heitkamp,783
Walsh,U.S. Senate,,DEM,write-in,0
Walsh,U.S. Senate,,LIB,write-in,2
Walsh,U.S. Senate,,REP,Kevin Cramer,1325
Walsh,U.S. Senate,,REP,"Thomas E O""Neill",115
Walsh,U.S. Senate,,REP,write-in,1
Ward,Agriculture Commissioner,,DEM,Jim Dotzenrod,2051
Ward,Agriculture Commissioner,,DEM,write-in,7
Ward,Agriculture Commissioner,,LIB,write-in,4
Ward,Agriculture Commissioner,,REP,Doug Goehring,5474
Ward,Agriculture Commissioner,,REP,write-in,24
Ward,Alderperson Carpio,,NON,Austin Burkett,17
Ward,Alderperson Carpio,,NON,Chris Larson,15
Ward,Alderperson Carpio,,NON,Christopher Helseth,25
Ward,Alderperson Carpio,,NON,write-in,23
Ward,Attorney General,,DEM,David Clark Thompson,2046
Ward,Attorney General,,DEM,write-in,4
Ward,Attorney General,,LIB,write-in,6
Ward,Attorney General,,REP,Wayne Stenehjem,5527
Ward,Attorney General,,REP,write-in,27
Ward,Berthold Publication of Minutes Berthold,,,No,6
Ward,Berthold Publication of Minutes Berthold,,,Yes,114
Ward,Burlington Home Rule Burlington,,,No,64
Ward,Burlington Home Rule Burlington,,,Yes,83
Ward,Burlington Publication of Minutes Burlington,,,No,36
Ward,Burlington Publication of Minutes Burlington,,,Yes,123
Ward,Council Member Berthold,,NON,Alechia Neubauer,82
Ward,Council Member Berthold,,NON,Travis Sorenson,108
Ward,Council Member Berthold,,NON,write-in,4
Ward,Council Member Burlington,,NON,Daryn Hoover,66
Ward,Council Member Burlington,,NON,Rodney Kremer,71
Ward,Council Member Burlington,,NON,Sherry Skees,96
Ward,Council Member Burlington,,NON,write-in,4
Ward,Council Member Des Lacs,,NON,Chris Sundsbak,48
Ward,Council Member Des Lacs,,NON,Travis Kallias,40
Ward,Council Member Des Lacs,,NON,write-in,7
Ward,Council Member Kenmare,,NON,Sonja Herfindahl,108
Ward,Council Member Kenmare,,NON,Tami Ware,158
Ward,Council Member Kenmare,,NON,Terese Schmidt,145
Ward,Council Member Kenmare,,NON,Todd Ankenbauer,137
Ward,Council Member Kenmare,,NON,write-in,19
Ward,Council Member Minot,,NON,David Shomento,2513
Ward,Council Member Minot,,NON,Edward Montez,1244
Ward,Council Member Minot,,NON,Lisa Olson,3339
Ward,Council Member Minot,,NON,Mark J Jantzer,3442
Ward,Council Member Minot,,NON,Paul Pitner,3174
Ward,Council Member Minot,,NON,Stephan Podrygula,2880
Ward,Council Member Minot,,NON,write-in,65
Ward,Council Member Sawyer,,NON,Kevin Dynes,40
Ward,Council Member Sawyer,,NON,Michael Beeter,55
Ward,Council Member Sawyer,,NON,write-in,1
Ward,Council Member Surrey Ward 1,,NON,Karla Walsh,109
Ward,Council Member Surrey Ward 1,,NON,write-in,4
Ward,Council Member Surrey Ward 2,,NON,Michael Thiesen,102
Ward,Council Member Surrey Ward 2,,NON,Tammy Hein-Sack,50
Ward,Council Member Surrey Ward 2,,NON,write-in,5
Ward,Council Member Unexpired 2-Year Term Berthold,,NON,Cynthia Debilt,44
Ward,Council Member Unexpired 2-Year Term Berthold,,NON,Troy Enga,79
Ward,Council Member Unexpired 2-Year Term Berthold,,NON,write-in,0
Ward,Council Member Unexpired 2-Year Term Surrey Ward 2,,NON,write-in,51
Ward,County Commissioner Ward,,NON,Dave Pankow,4300
Ward,County Commissioner Ward,,NON,John Fjeldahl,4960
Ward,County Commissioner Ward,,NON,John Pietsch,4945
Ward,County Commissioner Ward,,NON,write-in,75
Ward,County Official Newspaper Ward,,NON,Minot Daily News,7171
Ward,County Official Newspaper Ward,,NON,The Kenmare News,1355
Ward,County Sheriff Ward,,NON,Bob Barnard,2955
Ward,County Sheriff Ward,,NON,Michael McCloud,2234
Ward,County Sheriff Ward,,NON,Robert Roed,3247
Ward,County Sheriff Ward,,NON,write-in,10
Ward,County State's Attorney Ward,,NON,Andrew J Schultz,4012
Ward,County State's Attorney Ward,,NON,Rozanna Larson,3749
Ward,County State's Attorney Ward,,NON,write-in,17
Ward,"Director, Garrison Diversion Conservancy Ward",,NON,Alan M Walter,6783
Ward,"Director, Garrison Diversion Conservancy Ward",,NON,write-in,209
Ward,Judge of the District Court No. 3 North Central,,NON,Richard L Hagar,7148
Ward,Judge of the District Court No. 3 North Central,,NON,write-in,91
Ward,Judge of the District Court No. 4 North Central,,NON,Stacy J Louser,7403
Ward,Judge of the District Court No. 4 North Central,,NON,write-in,107
Ward,Justice of the Supreme Court,,NON,Lisa Fair McEvers,3780
Ward,Justice of the Supreme Court,,NON,Robert V Bolinske Sr,3598
Ward,Justice of the Supreme Court,,NON,write-in,24
Ward,Mayor Berthold,,NON,Steven Ibach,94
Ward,Mayor Berthold,,NON,write-in,17
Ward,Mayor Des Lacs,,NON,Ryan Davy,47
Ward,Mayor Des Lacs,,NON,write-in,4
Ward,Mayor Kenmare,,NON,Dwight Flygare,168
Ward,Mayor Kenmare,,NON,write-in,25
Ward,Mayor Minot,,NON,Nancy Bommelman,625
Ward,Mayor Minot,,NON,Shaun Sipma,3070
Ward,Mayor Minot,,NON,Timothy P Mihalick,2562
Ward,Mayor Minot,,NON,write-in,14
Ward,Mayor Surrey,,NON,Charles Badke,93
Ward,Mayor Surrey,,NON,Jason Strand,214
Ward,Mayor Surrey,,NON,write-in,0
Ward,Municipal Judge Minot,,NON,Ashley Beall,3088
Ward,Municipal Judge Minot,,NON,Mark B Rasmuson,2807
Ward,Municipal Judge Minot,,NON,write-in,6
Ward,Municipal Judge Surrey,,NON,Cynthia Fennewald,248
Ward,Municipal Judge Surrey,,NON,write-in,10
Ward,Park Board Member Berthold Park,,NON,Randy Kunz,112
Ward,Park Board Member Berthold Park,,NON,write-in,18
Ward,Park Board Member Carpio Park,,NON,Donna Bryans,30
Ward,Park Board Member Carpio Park,,NON,write-in,3
Ward,Park Board Member Kenmare Park,,NON,Alexandra Hennix,182
Ward,Park Board Member Kenmare Park,,NON,Arlen Gartner,190
Ward,Park Board Member Kenmare Park,,NON,Richard Harris,194
Ward,Park Board Member Kenmare Park,,NON,write-in,4
Ward,Park Board Member Minot Park Board,,NON,Charles Emery,2285
Ward,Park Board Member Minot Park Board,,NON,Mike G Schmitt,2423
Ward,Park Board Member Minot Park Board,,NON,Perry J Olson,4834
Ward,Park Board Member Minot Park Board,,NON,Randi Monley,1485
Ward,Park Board Member Minot Park Board,,NON,Richard Sabol,1447
Ward,Park Board Member Minot Park Board,,NON,Stephen Henderson,1381
Ward,Park Board Member Minot Park Board,,NON,Steven P Blasing,1329
Ward,Park Board Member Minot Park Board,,NON,write-in,46
Ward,Park Board Member Surrey Park,,NON,write-in,62
Ward,Park Board Member Unexpired 2-Year Term Berthold Park,,NON,Richard Harris,23
Ward,Park Board Member Unexpired 2-Year Term Berthold Park,,NON,write-in,1
Ward,Public Service Commissioner,,DEM,Jean Brandt,2072
Ward,Public Service Commissioner,,DEM,write-in,4
Ward,Public Service Commissioner,,LIB,write-in,4
Ward,Public Service Commissioner,,REP,Randy Christmann,5297
Ward,Public Service Commissioner,,REP,write-in,22
Ward,Public Service Commissioner Unexpired 2-Year Term,,DEM,Casey Buchmann,2047
Ward,Public Service Commissioner Unexpired 2-Year Term,,DEM,write-in,3
Ward,Public Service Commissioner Unexpired 2-Year Term,,LIB,write-in,4
Ward,Public Service Commissioner Unexpired 2-Year Term,,REP,Brian K Kroshus,5205
Ward,Public Service Commissioner Unexpired 2-Year Term,,REP,write-in,20
Ward,School Board Member Minot School District,,NON,Laura Mihalick,3582
Ward,School Board Member Minot School District,,NON,Michael Carswell,1427
Ward,School Board Member Minot School District,,NON,Miranda Schuler,3346
Ward,School Board Member Minot School District,,NON,Steven D Velk,2925
Ward,School Board Member Minot School District,,NON,write-in,27
Ward,School District Measure 1 Minot School District,,,No,629
Ward,School District Measure 1 Minot School District,,,Yes,5363
Ward,Secretary of State,,DEM,Josh Boschee,2098
Ward,Secretary of State,,DEM,write-in,5
Ward,Secretary of State,,LIB,Roland Riemers,12
Ward,Secretary of State,,LIB,write-in,2
Ward,Secretary of State,,REP,Will Gardner,4860
Ward,Secretary of State,,REP,write-in,240
Ward,State House,3,DEM,Bob Schwartz,343
Ward,State House,3,DEM,Shannon R Krueger,427
Ward,State House,3,DEM,write-in,3
Ward,State House,3,LIB,write-in,5
Ward,State House,3,REP,Alan Walter,599
Ward,State House,3,REP,Andrew Maragos,647
Ward,State House,3,REP,Bob Paulson,672
Ward,State House,3,REP,Jeff Hoverson,709
Ward,State House,3,REP,write-in,6
Ward,State House,5,DEM,Zachary Michael Raknerud,574
Ward,State House,5,DEM,write-in,20
Ward,State House,5,LIB,write-in,3
Ward,State House,5,REP,Jay Fisher,1109
Ward,State House,5,REP,Scott Louser,1230
Ward,State House,5,REP,write-in,10
Ward,State Senate,3,DEM,Joseph Nesdahl,447
Ward,State Senate,3,DEM,write-in,2
Ward,State Senate,3,LIB,write-in,3
Ward,State Senate,3,REP,Oley Larsen,1230
Ward,State Senate,3,REP,write-in,32
Ward,State Senate,5,DEM,David Grimes Haugen,584
Ward,State Senate,5,DEM,write-in,1
Ward,State Senate,5,LIB,write-in,2
Ward,State Senate,5,REP,Randy A Burckhard,1459
Ward,State Senate,5,REP,write-in,3
Ward,Tax Commissioner,,DEM,Kylie Oversen,2073
Ward,Tax Commissioner,,DEM,write-in,6
Ward,Tax Commissioner,,LIB,write-in,6
Ward,Tax Commissioner,,REP,Ryan Rauschenberger,5288
Ward,Tax Commissioner,,REP,write-in,41
Ward,U.S. House,1,DEM,Mac Schneider,2101
Ward,U.S. House,1,DEM,write-in,8
Ward,U.S. House,1,LIB,write-in,6
Ward,U.S. House,1,REP,Kelly Armstrong,2908
Ward,U.S. House,1,REP,Paul J Schaffner,602
Ward,U.S. House,1,REP,Tiffany Abentroth,497
Ward,U.S. House,1,REP,Tom Campbell,1516
Ward,U.S. House,1,REP,write-in,15
Ward,U.S. Senate,,DEM,Heidi Heitkamp,2315
Ward,U.S. Senate,,DEM,write-in,8
Ward,U.S. Senate,,LIB,write-in,6
Ward,U.S. Senate,,REP,Kevin Cramer,5330
Ward,U.S. Senate,,REP,"Thomas E O""Neill",663
Ward,U.S. Senate,,REP,write-in,3
Wells,Agriculture Commissioner,,DEM,Jim Dotzenrod,225
Wells,Agriculture Commissioner,,DEM,write-in,0
Wells,Agriculture Commissioner,,LIB,write-in,1
Wells,Agriculture Commissioner,,REP,Doug Goehring,819
Wells,Agriculture Commissioner,,REP,write-in,0
Wells,Attorney General,,DEM,David Clark Thompson,224
Wells,Attorney General,,DEM,write-in,0
Wells,Attorney General,,LIB,write-in,0
Wells,Attorney General,,REP,Wayne Stenehjem,806
Wells,Attorney General,,REP,write-in,4
Wells,City Council Fessenden,,NON,Brian Schimelfenig,121
Wells,City Council Fessenden,,NON,Jeff Johnson,162
Wells,City Council Fessenden,,NON,write-in,40
Wells,Council Member Harvey,,NON,Aaron Gregerson,129
Wells,Council Member Harvey,,NON,Melanie Towe,130
Wells,Council Member Harvey,,NON,Melissa Anderson,295
Wells,Council Member Harvey,,NON,Milo Baltrusch,295
Wells,Council Member Harvey,,NON,Shelley Svoboda,314
Wells,Council Member Harvey,,NON,write-in,12
Wells,Council Member Unexpired 2-Year Term Fessenden,,NON,Mark Weiss,145
Wells,Council Member Unexpired 2-Year Term Fessenden,,NON,write-in,10
Wells,County Auditor Wells,,NON,Julie Krosbakken,1052
Wells,County Auditor Wells,,NON,write-in,12
Wells,County Commissioner At Large By District Wells - District 2,,NON,Randi Suckut,942
Wells,County Commissioner At Large By District Wells - District 2,,NON,write-in,104
Wells,County Commissioner At Large By District Wells - District 4,,NON,Dennis Dockter,1047
Wells,County Commissioner At Large By District Wells - District 4,,NON,write-in,10
Wells,County Official Newspaper Wells,,NON,The Herald Press,1051
Wells,County Recorder Wells,,NON,Carrie K Krause,1062
Wells,County Recorder Wells,,NON,write-in,1
Wells,County Sheriff Wells,,NON,Christopher Kluth,766
Wells,County Sheriff Wells,,NON,Travis Tesch,409
Wells,County Sheriff Wells,,NON,write-in,3
Wells,County State's Attorney Wells,,NON,Kathleen Murray,869
Wells,County State's Attorney Wells,,NON,write-in,50
Wells,County Treasurer Wells,,NON,Joyce Larson,1107
Wells,County Treasurer Wells,,NON,write-in,1
Wells,"Director, Garrison Diversion Conservancy Wells",,NON,William Marvin Ongstad,1044
Wells,"Director, Garrison Diversion Conservancy Wells",,NON,write-in,8
Wells,Judge of the District Court No. 3 Southeast,,NON,Brad Cruff,924
Wells,Judge of the District Court No. 3 Southeast,,NON,write-in,1
Wells,Justice of the Supreme Court,,NON,Lisa Fair McEvers,535
Wells,Justice of the Supreme Court,,NON,Robert V Bolinske Sr,416
Wells,Justice of the Supreme Court,,NON,write-in,1
Wells,Mayor Fessenden,,NON,Kevin Roller,176
Wells,Mayor Fessenden,,NON,write-in,2
Wells,Municipal Judge Harvey,,NON,Dean Klier,403
Wells,Municipal Judge Harvey,,NON,write-in,8
Wells,Park Board Member Fessenden Park,,NON,Amanda Weiss,130
Wells,Park Board Member Fessenden Park,,NON,Jill Stevens,155
Wells,Park Board Member Fessenden Park,,NON,Melinda West,139
Wells,Park Board Member Fessenden Park,,NON,write-in,9
Wells,Park Board Member Harvey Park,,NON,Bruce Snyder,336
Wells,Park Board Member Harvey Park,,NON,Steven Aljets,385
Wells,Park Board Member Harvey Park,,NON,Tami Feist,380
Wells,Park Board Member Harvey Park,,NON,write-in,40
Wells,Park Board Member Unexpired 2-Year Term Fessenden Park,,NON,write-in,35
Wells,Public Service Commissioner,,DEM,Jean Brandt,224
Wells,Public Service Commissioner,,DEM,write-in,0
Wells,Public Service Commissioner,,LIB,write-in,1
Wells,Public Service Commissioner,,REP,Randy Christmann,785
Wells,Public Service Commissioner,,REP,write-in,0
Wells,Public Service Commissioner Unexpired 2-Year Term,,DEM,Casey Buchmann,227
Wells,Public Service Commissioner Unexpired 2-Year Term,,DEM,write-in,0
Wells,Public Service Commissioner Unexpired 2-Year Term,,LIB,write-in,1
Wells,Public Service Commissioner Unexpired 2-Year Term,,REP,Brian K Kroshus,769
Wells,Public Service Commissioner Unexpired 2-Year Term,,REP,write-in,0
Wells,Secretary of State,,DEM,Josh Boschee,225
Wells,Secretary of State,,DEM,write-in,0
Wells,Secretary of State,,LIB,Roland Riemers,3
Wells,Secretary of State,,LIB,write-in,0
Wells,Secretary of State,,REP,Will Gardner,701
Wells,Secretary of State,,REP,write-in,33
Wells,Tax Commissioner,,DEM,Kylie Oversen,230
Wells,Tax Commissioner,,DEM,write-in,0
Wells,Tax Commissioner,,LIB,write-in,0
Wells,Tax Commissioner,,REP,Ryan Rauschenberger,779
Wells,Tax Commissioner,,REP,write-in,1
Wells,U.S. House,1,DEM,Mac Schneider,232
Wells,U.S. House,1,DEM,write-in,0
Wells,U.S. House,1,LIB,write-in,1
Wells,U.S. House,1,REP,Kelly Armstrong,490
Wells,U.S. House,1,REP,Paul J Schaffner,79
Wells,U.S. House,1,REP,Tiffany Abentroth,48
Wells,U.S. House,1,REP,Tom Campbell,227
Wells,U.S. House,1,REP,write-in,0
Wells,U.S. Senate,,DEM,Heidi Heitkamp,252
Wells,U.S. Senate,,DEM,write-in,0
Wells,U.S. Senate,,LIB,write-in,1
Wells,U.S. Senate,,REP,Kevin Cramer,806
Wells,U.S. Senate,,REP,"Thomas E O""Neill",88
Wells,U.S. Senate,,REP,write-in,0
Williams,Agriculture Commissioner,,DEM,Jim Dotzenrod,556
Williams,Agriculture Commissioner,,DEM,write-in,0
Williams,Agriculture Commissioner,,LIB,write-in,0
Williams,Agriculture Commissioner,,REP,Doug Goehring,2387
Williams,Agriculture Commissioner,,REP,write-in,4
Williams,Alderperson Grenora,,NON,Angela Melgaard,40
Williams,Alderperson Grenora,,NON,Josh Buechler,42
Williams,Alderperson Grenora,,NON,write-in,0
Williams,Attorney General,,DEM,David Clark Thompson,558
Williams,Attorney General,,DEM,write-in,0
Williams,Attorney General,,LIB,write-in,0
Williams,Attorney General,,REP,Wayne Stenehjem,2433
Williams,Attorney General,,REP,write-in,8
Williams,Commission President Ray,,NON,Ken Munson,50
Williams,Commission President Ray,,NON,write-in,6
Williams,Commission President Williston,,NON,Howard Klug,2006
Williams,Commission President Williston,,NON,write-in,58
Williams,Commissioner Ray,,NON,Mary Smith,59
Williams,Commissioner Ray,,NON,write-in,2
Williams,Commissioner Tioga,,NON,Natalie Bugbee,120
Williams,Commissioner Tioga,,NON,write-in,42
Williams,Commissioner Williston,,NON,Chris Brostuen,1128
Williams,Commissioner Williston,,NON,Darren Schmidt,1062
Williams,Commissioner Williston,,NON,Griffin Nelson,270
Williams,Commissioner Williston,,NON,Tate Cymbaluk,1460
Williams,Commissioner Williston,,NON,William Holler,614
Williams,Commissioner Williston,,NON,write-in,7
Williams,County Auditor Williams,,NON,Beth M Innis,3023
Williams,County Auditor Williams,,NON,write-in,17
Williams,County Commissioner Williams - District 1,,NON,Beau Anderson,213
Williams,County Commissioner Williams - District 1,,NON,Brom Lutz,195
Williams,County Commissioner Williams - District 1,,NON,Deanna Senior,43
Williams,County Commissioner Williams - District 1,,NON,Melissa Krause,137
Williams,County Commissioner Williams - District 1,,NON,write-in,1
Williams,County Commissioner Williams - District 3,,NON,Cory Hanson,390
Williams,County Commissioner Williams - District 3,,NON,Wayne Aberle,319
Williams,County Commissioner Williams - District 3,,NON,write-in,1
Williams,County Commissioner Williams - District 5,,NON,Barry Ramberg,350
Williams,County Commissioner Williams - District 5,,NON,Linda Meyer,220
Williams,County Commissioner Williams - District 5,,NON,write-in,0
Williams,County Official Newspaper Williams,,NON,The Williston Herald,2749
Williams,County Sheriff Williams,,NON,Lloyd Haagenson,1213
Williams,County Sheriff Williams,,NON,Verlan Kvande,2146
Williams,County Sheriff Williams,,NON,write-in,3
Williams,County State's Attorney Williams,,NON,Christopher Votava,1173
Williams,County State's Attorney Williams,,NON,Marlyce A Wilder,1918
Williams,County State's Attorney Williams,,NON,write-in,5
Williams,County Treasurer/Recorder Williams,,NON,Patti Ogurchak,2924
Williams,County Treasurer/Recorder Williams,,NON,write-in,4
Williams,Judge of the District Court No. 5 Unexpired 4-Year Term Northwest,,NON,Daniel S El-Dweek,2716
Williams,Judge of the District Court No. 5 Unexpired 4-Year Term Northwest,,NON,write-in,11
Williams,Judge of the District Court No. 6 Unexpired 4-Year Term Northwest,,NON,Kirsten M Sjue,2922
Williams,Judge of the District Court No. 6 Unexpired 4-Year Term Northwest,,NON,write-in,12
Williams,Justice of the Supreme Court,,NON,Lisa Fair McEvers,1438
Williams,Justice of the Supreme Court,,NON,Robert V Bolinske Sr,1441
Williams,Justice of the Supreme Court,,NON,write-in,6
Williams,Mayor Grenora,,NON,Brett C. Wilkins,44
Williams,Mayor Grenora,,NON,write-in,2
Williams,Municipal Judge Williston,,NON,Janet Zander,2060
Williams,Municipal Judge Williston,,NON,write-in,9
Williams,Park Board Commissioner Williston Park,,NON,Jeffrey Larson,1659
Williams,Park Board Commissioner Williston Park,,NON,Kelly Heller,1813
Williams,Park Board Commissioner Williston Park,,NON,Rheanda Axtman,1719
Williams,Park Board Commissioner Williston Park,,NON,write-in,15
Williams,Park Board Member Grenora Park,,NON,Craig Hauber,39
Williams,Park Board Member Grenora Park,,NON,Karen Iverson,48
Williams,Park Board Member Grenora Park,,NON,Lacy Buechler,44
Williams,Park Board Member Grenora Park,,NON,Pauline Kilbride,40
Williams,Park Board Member Grenora Park,,NON,Roger Garaas,40
Williams,Park Board Member Grenora Park,,NON,write-in,0
Williams,Park Board Member Ray Park,,NON,Corey Larson,57
Williams,Park Board Member Ray Park,,NON,Nathan Schell,50
Williams,Park Board Member Ray Park,,NON,write-in,1
Williams,Park Board Member Tioga Park,,NON,write-in,115
Williams,Public Service Commissioner,,DEM,Jean Brandt,563
Williams,Public Service Commissioner,,DEM,write-in,0
Williams,Public Service Commissioner,,LIB,write-in,0
Williams,Public Service Commissioner,,REP,Randy Christmann,2312
Williams,Public Service Commissioner,,REP,write-in,6
Williams,Public Service Commissioner Unexpired 2-Year Term,,DEM,Casey Buchmann,559
Williams,Public Service Commissioner Unexpired 2-Year Term,,DEM,write-in,0
Williams,Public Service Commissioner Unexpired 2-Year Term,,LIB,write-in,0
Williams,Public Service Commissioner Unexpired 2-Year Term,,REP,Brian K Kroshus,2302
Williams,Public Service Commissioner Unexpired 2-Year Term,,REP,write-in,5
Williams,Rural Fire Protection District Representative Grenora,,NON,Kari Pittenger,45
Williams,Rural Fire Protection District Representative Grenora,,NON,write-in,0
Williams,School Board Member Williston School District,,NON,Brittany Kilgore,187
Williams,School Board Member Williston School District,,NON,Cory Swint,152
Williams,School Board Member Williston School District,,NON,Debbie Olson,658
Williams,School Board Member Williston School District,,NON,"Duane O""Marro Jr",59
Williams,School Board Member Williston School District,,NON,Errol Wilson,76
Williams,School Board Member Williston School District,,NON,Jeremy Mohl,366
Williams,School Board Member Williston School District,,NON,Jim Purkey,214
Williams,School Board Member Williston School District,,NON,Joanna Baltes,911
Williams,School Board Member Williston School District,,NON,Mary Stenberg,711
Williams,School Board Member Williston School District,,NON,Max Milne,206
Williams,School Board Member Williston School District,,NON,Pysethanie Dean,250
Williams,School Board Member Williston School District,,NON,Robert Boyer,260
Williams,School Board Member Williston School District,,NON,Theresa Hegge,1357
Williams,School Board Member Williston School District,,NON,Thomas Kalil,1078
Williams,School Board Member Williston School District,,NON,write-in,8
Williams,Secretary of State,,DEM,Josh Boschee,571
Williams,Secretary of State,,DEM,write-in,0
Williams,Secretary of State,,LIB,Roland Riemers,7
Williams,Secretary of State,,LIB,write-in,0
Williams,Secretary of State,,REP,Will Gardner,2181
Williams,Secretary of State,,REP,write-in,75
Williams,State House,1,DEM,Crysta Parkinson,290
Williams,State House,1,DEM,Lindsay Walsh,279
Williams,State House,1,DEM,write-in,0
Williams,State House,1,LIB,write-in,0
Williams,State House,1,REP,David Richter,976
Williams,State House,1,REP,Deanette Piesik,888
Williams,State House,1,REP,Patrick Hatlestad,956
Williams,State House,1,REP,write-in,4
Williams,State Senate,1,DEM,Melissa Johnson,328
Williams,State Senate,1,DEM,write-in,0
Williams,State Senate,1,LIB,write-in,0
Williams,State Senate,1,REP,Brad Bekkedahl,1555
Williams,State Senate,1,REP,write-in,8
Williams,Tax Commissioner,,DEM,Kylie Oversen,571
Williams,Tax Commissioner,,DEM,write-in,0
Williams,Tax Commissioner,,LIB,write-in,0
Williams,Tax Commissioner,,REP,Ryan Rauschenberger,2306
Williams,Tax Commissioner,,REP,write-in,9
Williams,U.S. House,1,DEM,Mac Schneider,584
Williams,U.S. House,1,DEM,write-in,1
Williams,U.S. House,1,LIB,write-in,0
Williams,U.S. House,1,REP,Kelly Armstrong,1168
Williams,U.S. House,1,REP,Paul J Schaffner,277
Williams,U.S. House,1,REP,Tiffany Abentroth,234
Williams,U.S. House,1,REP,Tom Campbell,708
Williams,U.S. House,1,REP,write-in,3
Williams,U.S. Senate,,DEM,Heidi Heitkamp,666
Williams,U.S. Senate,,DEM,write-in,0
Williams,U.S. Senate,,LIB,write-in,0
Williams,U.S. Senate,,REP,Kevin Cramer,2246
Williams,U.S. Senate,,REP,"Thomas E O""Neill",377
Williams,U.S. Senate,,REP,write-in,3
