county,office,district,party,candidate,votes
Adams,Agriculture Commissioner,,,write-in,1
Adams,Agriculture Commissioner,,DEM,Merle Boucher,303
Adams,Agriculture Commissioner,,REP,Doug Goehring,838
Adams,Attorney General,,,write-in,0
Adams,Attorney General,,DEM,Jeanette Boechler,250
Adams,Attorney General,,REP,Wayne Stenehjem,906
Adams,Constitutional No. 1: Oil and Gas Tax Legacy Fund.,,,No,411
Adams,Constitutional No. 1: Oil and Gas Tax Legacy Fund.,,,Yes,694
Adams,County Auditor/Treasurer Adams,,,Patricia (Pat) J Carroll,1103
Adams,County Auditor/Treasurer Adams,,,write-in,8
Adams,County Commissioner Adams,,,Chuck Christman,1085
Adams,County Commissioner Adams,,,write-in,6
Adams,County Commissioner-Unexpired two year term Adams,,,Brad Hofland,350
Adams,County Commissioner-Unexpired two year term Adams,,,Kathy L Vliem,816
Adams,County Commissioner-Unexpired two year term Adams,,,write-in,2
Adams,County Official Newspaper Adams,,,Adams County Record,1067
Adams,County Recorder Adams,,,Ginger Dangerud,1115
Adams,County Recorder Adams,,,write-in,3
Adams,County Sheriff Adams,,,Eugene M Molbert,752
Adams,County Sheriff Adams,,,Randall Raasch,425
Adams,County Sheriff Adams,,,write-in,2
Adams,County States Attorney Adams,,,Aaron Roseland,1008
Adams,County States Attorney Adams,,,write-in,16
Adams,Initiated Statutory No. 2: Relating to Captive Game Hunting.,,,No,674
Adams,Initiated Statutory No. 2: Relating to Captive Game Hunting.,,,Yes,469
Adams,Justice of the Supreme Court,,,Carol Kapsner,995
Adams,Justice of the Supreme Court,,,write-in,4
Adams,Public Service Commissioner,,,write-in,0
Adams,Public Service Commissioner,,DEM,Brad Crabtree,308
Adams,Public Service Commissioner,,LIB,Joshua Voytek,50
Adams,Public Service Commissioner,,REP,Kevin Cramer,790
Adams,Secretary of State,,,write-in,1
Adams,Secretary of State,,DEM,Corey Mock,322
Adams,Secretary of State,,REP,Alvin A (Al) Jaeger,824
Adams,State House,39,,"David ""Skip"" Drovdal",634
Adams,State House,39,,write-in,2
Adams,State House,39,DEM,Aaron Judkins,343
Adams,State House,39,REP,Keith Kempenich,801
Adams,State Senate,39,,write-in,31
Adams,State Senate,39,REP,Bill Bowman,986
Adams,"Supervisor, Soil Conservation District Adams",,,Rob Buckmier,1101
Adams,"Supervisor, Soil Conservation District Adams",,,write-in,7
Adams,Tax Commissioner,,,write-in,2
Adams,Tax Commissioner,,DEM,Cynthia Kaldor,279
Adams,Tax Commissioner,,LIB,Richard Flattum-Riemers,45
Adams,Tax Commissioner,,REP,Cory Fong,816
Adams,U.S. House,1,,write-in,4
Adams,U.S. House,1,DEM,Earl Pomeroy,378
Adams,U.S. House,1,REP,Rick Berg,803
Adams,U.S. Senate,,,write-in,1
Adams,U.S. Senate,,DEM,Tracy Potter,201
Adams,U.S. Senate,,LIB,Keith J Hanson,24
Adams,U.S. Senate,,REP,John Hoeven,963
Barnes,Agriculture Commissioner,,,write-in,2
Barnes,Agriculture Commissioner,,DEM,Merle Boucher,1680
Barnes,Agriculture Commissioner,,REP,Doug Goehring,2959
Barnes,Attorney General,,,write-in,3
Barnes,Attorney General,,DEM,Jeanette Boechler,1403
Barnes,Attorney General,,REP,Wayne Stenehjem,3298
Barnes,Constitutional No. 1: Oil and Gas Tax Legacy Fund.,,,No,1659
Barnes,Constitutional No. 1: Oil and Gas Tax Legacy Fund.,,,Yes,2747
Barnes,County Auditor Barnes,,,Edward R McGough,4175
Barnes,County Auditor Barnes,,,write-in,33
Barnes,County Commissioner Barnes - District 2,,,Dale A Maasjo,438
Barnes,County Commissioner Barnes - District 2,,,Philip J Leitner,504
Barnes,County Commissioner Barnes - District 2,,,write-in,6
Barnes,County Commissioner Barnes - District 3,,,Eldred Knutson,403
Barnes,County Commissioner Barnes - District 3,,,Milton Sauer,317
Barnes,County Commissioner Barnes - District 3,,,write-in,2
Barnes,County Commissioner Barnes - District 4,,,Rodger Berntson,730
Barnes,County Commissioner Barnes - District 4,,,write-in,33
Barnes,County Official Newspaper Barnes,,,Litchville Bulletin,835
Barnes,County Official Newspaper Barnes,,,Valley City Times Record,3775
Barnes,County Recorder Barnes,,,Jody Pfaff,4132
Barnes,County Recorder Barnes,,,write-in,10
Barnes,County Sheriff Barnes,,,Eugene A (Gene) Bjerke,2288
Barnes,County Sheriff Barnes,,,Randy McClaflin,2310
Barnes,County Sheriff Barnes,,,write-in,5
Barnes,County States Attorney Barnes,,,Lee Grossman,4039
Barnes,County States Attorney Barnes,,,write-in,43
Barnes,County Treasurer Barnes,,,Vicki L Zinck,4119
Barnes,County Treasurer Barnes,,,write-in,41
Barnes,Initiated Statutory No. 2: Relating to Captive Game Hunting.,,,No,2462
Barnes,Initiated Statutory No. 2: Relating to Captive Game Hunting.,,,Yes,2136
Barnes,Judge of the District Court No. 2 Southeast,,,Brad Cruff,2506
Barnes,Judge of the District Court No. 2 Southeast,,,John T (Jack) Paulson,2176
Barnes,Judge of the District Court No. 2 Southeast,,,write-in,4
Barnes,Judge of the District Court No. 5 Southeast,,,Daniel D Narum,3918
Barnes,Judge of the District Court No. 5 Southeast,,,write-in,12
Barnes,Justice of the Supreme Court,,,Carol Kapsner,3963
Barnes,Justice of the Supreme Court,,,write-in,15
Barnes,Public Service Commissioner,,,write-in,2
Barnes,Public Service Commissioner,,DEM,Brad Crabtree,1957
Barnes,Public Service Commissioner,,LIB,Joshua Voytek,125
Barnes,Public Service Commissioner,,REP,Kevin Cramer,2575
Barnes,Secretary of State,,,write-in,2
Barnes,Secretary of State,,DEM,Corey Mock,1989
Barnes,Secretary of State,,REP,Alvin A (Al) Jaeger,2672
Barnes,"Supervisor, Soil Conservation District Soil Conservation District",,,Shelly Nelson,3905
Barnes,"Supervisor, Soil Conservation District Soil Conservation District",,,write-in,22
Barnes,Tax Commissioner,,,write-in,1
Barnes,Tax Commissioner,,DEM,Cynthia Kaldor,1642
Barnes,Tax Commissioner,,LIB,Richard Flattum-Riemers,159
Barnes,Tax Commissioner,,REP,Cory Fong,2851
Barnes,U.S. House,1,,write-in,17
Barnes,U.S. House,1,DEM,Earl Pomeroy,2687
Barnes,U.S. House,1,REP,Rick Berg,2041
Barnes,U.S. Senate,,,write-in,4
Barnes,U.S. Senate,,DEM,Tracy Potter,1140
Barnes,U.S. Senate,,LIB,Keith J Hanson,83
Barnes,U.S. Senate,,REP,John Hoeven,3538
Benson,Agriculture Commissioner,,,write-in,1
Benson,Agriculture Commissioner,,DEM,Merle Boucher,942
Benson,Agriculture Commissioner,,REP,Doug Goehring,826
Benson,Attorney General,,,write-in,3
Benson,Attorney General,,DEM,Jeanette Boechler,790
Benson,Attorney General,,REP,Wayne Stenehjem,992
Benson,Constitutional No. 1: Oil and Gas Tax Legacy Fund.,,,No,789
Benson,Constitutional No. 1: Oil and Gas Tax Legacy Fund.,,,Yes,882
Benson,County Auditor/Treasurer Benson,,,Bonnie (Howard) Erickson,1616
Benson,County Auditor/Treasurer Benson,,,write-in,14
Benson,County Clerk of District Court Benson,,,Lana K Johnson,1593
Benson,County Clerk of District Court Benson,,,write-in,12
Benson,County Commissioner Benson - District 1,,,Lowell Haagenson,1415
Benson,County Commissioner Benson - District 1,,,write-in,106
Benson,County Commissioner Benson - District 3,,,Curtis Hvinden,1461
Benson,County Commissioner Benson - District 3,,,write-in,64
Benson,County Commissioner Benson - District 5,,,Michael N Steffan,1403
Benson,County Commissioner Benson - District 5,,,write-in,96
Benson,County Recorder Benson,,,Rhoda Pfeifer,1570
Benson,County Recorder Benson,,,write-in,11
Benson,County Sheriff Benson,,,Steven J Rohrer,1555
Benson,County Sheriff Benson,,,write-in,37
Benson,County States Attorney Benson,,,James P Wang,1494
Benson,County States Attorney Benson,,,write-in,36
Benson,"Director, Garrison Diversion Conservancy Benson",,,David B Johnson,1470
Benson,"Director, Garrison Diversion Conservancy Benson",,,write-in,23
Benson,Initiated Statutory No. 2: Relating to Captive Game Hunting.,,,No,925
Benson,Initiated Statutory No. 2: Relating to Captive Game Hunting.,,,Yes,767
Benson,Judge of the District Court No. 1 Northeast,,,Lee A Christofferson,1511
Benson,Judge of the District Court No. 1 Northeast,,,write-in,22
Benson,Judge of the District Court No. 5 Northeast,,,Laurie A Fontaine,1480
Benson,Judge of the District Court No. 5 Northeast,,,write-in,8
Benson,Justice of the Supreme Court,,,Carol Kapsner,1457
Benson,Justice of the Supreme Court,,,write-in,16
Benson,Official County Newspaper Benson,,,Benson County Farmers Press,1592
Benson,Public Service Commissioner,,,write-in,1
Benson,Public Service Commissioner,,DEM,Brad Crabtree,892
Benson,Public Service Commissioner,,LIB,Joshua Voytek,67
Benson,Public Service Commissioner,,REP,Kevin Cramer,793
Benson,Secretary of State,,,write-in,2
Benson,Secretary of State,,DEM,Corey Mock,949
Benson,Secretary of State,,REP,Alvin A (Al) Jaeger,823
Benson,State House,23,,write-in,2
Benson,State House,23,DEM,Ben Vig,461
Benson,State House,23,DEM,Erich Steven Longie,510
Benson,State House,23,REP,Bill Devlin,244
Benson,State House,23,REP,Don Vigesaa,258
Benson,State House,7,,write-in,0
Benson,State House,7,DEM,Cindy Shattuck,455
Benson,State House,7,DEM,Marie Marshall,481
Benson,State House,7,REP,Dick Anderson,390
Benson,State House,7,REP,Jon Nelson,470
Benson,State Senate,23,,write-in,1
Benson,State Senate,23,DEM,Joan M Heckaman,626
Benson,State Senate,23,REP,Frank Walker,217
Benson,State Senate,7,,write-in,2
Benson,State Senate,7,DEM,Ryan M Taylor,618
Benson,State Senate,7,REP,Craig Wollenburg,323
Benson,"Supervisor, North Central Soil Conservation District North Central Soil",,,James R. Beckstrand,1534
Benson,"Supervisor, North Central Soil Conservation District North Central Soil",,,write-in,14
Benson,"Supervisor, North Central Soil Conservation District Unexpired 2 Year Term North Central Soil",,,Brian Maddock,1580
Benson,"Supervisor, North Central Soil Conservation District Unexpired 2 Year Term North Central Soil",,,write-in,16
Benson,Tax Commissioner,,,write-in,2
Benson,Tax Commissioner,,DEM,Cynthia Kaldor,934
Benson,Tax Commissioner,,LIB,Richard Flattum-Riemers,62
Benson,Tax Commissioner,,REP,Cory Fong,762
Benson,U.S. House,1,,write-in,1
Benson,U.S. House,1,DEM,Earl Pomeroy,1118
Benson,U.S. House,1,REP,Rick Berg,662
Benson,U.S. Senate,,,write-in,4
Benson,U.S. Senate,,DEM,Tracy Potter,621
Benson,U.S. Senate,,LIB,Keith J Hanson,39
Benson,U.S. Senate,,REP,John Hoeven,1115
Billings,Agriculture Commissioner,,,write-in,0
Billings,Agriculture Commissioner,,DEM,Merle Boucher,58
Billings,Agriculture Commissioner,,REP,Doug Goehring,430
Billings,Attorney General,,,write-in,0
Billings,Attorney General,,DEM,Jeanette Boechler,69
Billings,Attorney General,,REP,Wayne Stenehjem,426
Billings,Constitutional No. 1: Oil and Gas Tax Legacy Fund.,,,No,220
Billings,Constitutional No. 1: Oil and Gas Tax Legacy Fund.,,,Yes,254
Billings,County Auditor/Treasurer Billings,,,Joan Jurgens,432
Billings,County Auditor/Treasurer Billings,,,write-in,4
Billings,County Commissioner Billings - District 2,,,Mike Kasian,419
Billings,County Commissioner Billings - District 2,,,write-in,18
Billings,County Official Newspaper Billings,,,Billings County Pioneer,453
Billings,County Recorder/Clerk of District Court Billings,,,Donna Adams,442
Billings,County Recorder/Clerk of District Court Billings,,,write-in,7
Billings,County Sheriff Billings,,,Dave Jurgens,342
Billings,County Sheriff Billings,,,Roger Clemens,157
Billings,County Sheriff Billings,,,write-in,2
Billings,Initiated Statutory No. 2: Relating to Captive Game Hunting.,,,No,404
Billings,Initiated Statutory No. 2: Relating to Captive Game Hunting.,,,Yes,88
Billings,Justice of the Supreme Court,,,Carol Kapsner,403
Billings,Justice of the Supreme Court,,,write-in,1
Billings,Public Service Commissioner,,,write-in,0
Billings,Public Service Commissioner,,DEM,Brad Crabtree,74
Billings,Public Service Commissioner,,LIB,Joshua Voytek,25
Billings,Public Service Commissioner,,REP,Kevin Cramer,383
Billings,Secretary of State,,,write-in,0
Billings,Secretary of State,,DEM,Corey Mock,78
Billings,Secretary of State,,REP,Alvin A (Al) Jaeger,409
Billings,State House,39,,"David ""Skip"" Drovdal",347
Billings,State House,39,,write-in,1
Billings,State House,39,DEM,Aaron Judkins,72
Billings,State House,39,REP,Keith Kempenich,355
Billings,State Senate,39,,write-in,2
Billings,State Senate,39,REP,Bill Bowman,448
Billings,"Supervisor, Western Soil Conservation District Western",,,Ronald K Obritsch,395
Billings,"Supervisor, Western Soil Conservation District Western",,,write-in,0
Billings,"Supervisor,Golden Valley Soil Conservation District Golden Valley",,,Dick Knopp,22
Billings,"Supervisor,Golden Valley Soil Conservation District Golden Valley",,,write-in,0
Billings,Tax Commissioner,,,write-in,0
Billings,Tax Commissioner,,DEM,Cynthia Kaldor,53
Billings,Tax Commissioner,,LIB,Richard Flattum-Riemers,21
Billings,Tax Commissioner,,REP,Cory Fong,410
Billings,U.S. House,1,,write-in,1
Billings,U.S. House,1,DEM,Earl Pomeroy,114
Billings,U.S. House,1,REP,Rick Berg,381
Billings,U.S. Senate,,,write-in,2
Billings,U.S. Senate,,DEM,Tracy Potter,48
Billings,U.S. Senate,,LIB,Keith J Hanson,8
Billings,U.S. Senate,,REP,John Hoeven,443
Bottineau,Agriculture Commissioner,,,write-in,2
Bottineau,Agriculture Commissioner,,DEM,Merle Boucher,1017
Bottineau,Agriculture Commissioner,,REP,Doug Goehring,1924
Bottineau,Attorney General,,,write-in,1
Bottineau,Attorney General,,DEM,Jeanette Boechler,610
Bottineau,Attorney General,,REP,Wayne Stenehjem,2337
Bottineau,Constitutional No. 1: Oil and Gas Tax Legacy Fund.,,,No,1049
Bottineau,Constitutional No. 1: Oil and Gas Tax Legacy Fund.,,,Yes,1734
Bottineau,County Auditor Bottineau,,,Alison Shultz,971
Bottineau,County Auditor Bottineau,,,Lisa M Herbel,1926
Bottineau,County Auditor Bottineau,,,write-in,4
Bottineau,County Commissioner Bottineau - District 1,,,David Larson,336
Bottineau,County Commissioner Bottineau - District 1,,,LeRoy Rude,363
Bottineau,County Commissioner Bottineau - District 1,,,write-in,4
Bottineau,County Commissioner Bottineau - District 3,,,Daniel Marquardt,391
Bottineau,County Commissioner Bottineau - District 3,,,Ronnie Martin,188
Bottineau,County Commissioner Bottineau - District 3,,,write-in,6
Bottineau,County Commissioner Bottineau - District 5,,,Todd Streich,465
Bottineau,County Commissioner Bottineau - District 5,,,write-in,7
Bottineau,County Official Newspaper Bottineau,,,Bottineau Courant,2480
Bottineau,County Recorder Bottineau,,,Helen Christenson,2667
Bottineau,County Recorder Bottineau,,,write-in,7
Bottineau,County Sheriff Bottineau,,,Penny Lynn Bierman,569
Bottineau,County Sheriff Bottineau,,,Steven C Watson,2350
Bottineau,County Sheriff Bottineau,,,write-in,14
Bottineau,County States Attorney Bottineau,,,A Swain Benson,2669
Bottineau,County States Attorney Bottineau,,,write-in,17
Bottineau,County Treasurer Bottineau,,,Ann Monson,2683
Bottineau,County Treasurer Bottineau,,,write-in,13
Bottineau,Initiated Statutory No. 2: Relating to Captive Game Hunting.,,,No,1692
Bottineau,Initiated Statutory No. 2: Relating to Captive Game Hunting.,,,Yes,1136
Bottineau,Judge of the District Court No. 1 Northeast,,,Lee A Christofferson,2535
Bottineau,Judge of the District Court No. 1 Northeast,,,write-in,10
Bottineau,Judge of the District Court No. 5 Northeast,,,Laurie A Fontaine,2480
Bottineau,Judge of the District Court No. 5 Northeast,,,write-in,6
Bottineau,Justice of the Supreme Court,,,Carol Kapsner,2507
Bottineau,Justice of the Supreme Court,,,write-in,8
Bottineau,Public Service Commissioner,,,write-in,1
Bottineau,Public Service Commissioner,,DEM,Brad Crabtree,852
Bottineau,Public Service Commissioner,,LIB,Joshua Voytek,88
Bottineau,Public Service Commissioner,,REP,Kevin Cramer,1967
Bottineau,Secretary of State,,,write-in,3
Bottineau,Secretary of State,,DEM,Corey Mock,943
Bottineau,Secretary of State,,REP,Alvin A (Al) Jaeger,1965
Bottineau,"Supervisor, Mouse River Soil Conservation District Mouse River Soil",,,Wayne Artz,702
Bottineau,"Supervisor, Mouse River Soil Conservation District Mouse River Soil",,,write-in,2
Bottineau,"Supervisor, Turtle Mountion Soil Conservation District Turtle Mountain Soil",,,write-in,256
Bottineau,Tax Commissioner,,,write-in,1
Bottineau,Tax Commissioner,,DEM,Cynthia Kaldor,755
Bottineau,Tax Commissioner,,LIB,Richard Flattum-Riemers,85
Bottineau,Tax Commissioner,,REP,Cory Fong,2075
Bottineau,U.S. House,1,,write-in,13
Bottineau,U.S. House,1,DEM,Earl Pomeroy,1244
Bottineau,U.S. House,1,REP,Rick Berg,1684
Bottineau,U.S. Senate,,,write-in,3
Bottineau,U.S. Senate,,DEM,Tracy Potter,497
Bottineau,U.S. Senate,,LIB,Keith J Hanson,45
Bottineau,U.S. Senate,,REP,John Hoeven,2426
Bowman,Agriculture Commissioner,,,write-in,0
Bowman,Agriculture Commissioner,,DEM,Merle Boucher,280
Bowman,Agriculture Commissioner,,REP,Doug Goehring,1149
Bowman,Attorney General,,,write-in,0
Bowman,Attorney General,,DEM,Jeanette Boechler,254
Bowman,Attorney General,,REP,Wayne Stenehjem,1191
Bowman,Constitutional No. 1: Oil and Gas Tax Legacy Fund.,,,No,584
Bowman,Constitutional No. 1: Oil and Gas Tax Legacy Fund.,,,Yes,776
Bowman,County Auditor Bowman,,,"Sandra ""Sandi"" Tivis",1313
Bowman,County Auditor Bowman,,,write-in,12
Bowman,County Commissioner at Large Bowman,,,Kenneth Steiner,1013
Bowman,County Commissioner at Large Bowman,,,Lynn Brackel,1120
Bowman,County Commissioner at Large Bowman,,,Rick Seifert,535
Bowman,County Commissioner at Large Bowman,,,write-in,8
Bowman,County Official Newspaper Bowman,,Other,Bowman County Pioneer,1271
Bowman,County Recorder/Clerk of District Court Bowman,,,Jan T Werre,1366
Bowman,County Recorder/Clerk of District Court Bowman,,,write-in,2
Bowman,County Sheriff Bowman,,,Robert Matthews,310
Bowman,County Sheriff Bowman,,,Rory M Teigen,1133
Bowman,County Sheriff Bowman,,,write-in,7
Bowman,County States Attorney Bowman,,,Nici Meyer Clarkson,1354
Bowman,County States Attorney Bowman,,,write-in,16
Bowman,County Treasurer Bowman,,,"Christine ""Cooky"" Septon",1353
Bowman,County Treasurer Bowman,,,write-in,8
Bowman,Initiated Statutory No. 2: Relating to Captive Game Hunting.,,,No,1175
Bowman,Initiated Statutory No. 2: Relating to Captive Game Hunting.,,,Yes,250
Bowman,Justice of the Supreme Court,,,Carol Kapsner,1218
Bowman,Justice of the Supreme Court,,,write-in,4
Bowman,Public Service Commissioner,,,write-in,0
Bowman,Public Service Commissioner,,DEM,Brad Crabtree,336
Bowman,Public Service Commissioner,,LIB,Joshua Voytek,58
Bowman,Public Service Commissioner,,REP,Kevin Cramer,1037
Bowman,Secretary of State,,,write-in,0
Bowman,Secretary of State,,DEM,Corey Mock,367
Bowman,Secretary of State,,REP,Alvin A (Al) Jaeger,1068
Bowman,State House,39,,"David ""Skip"" Drovdal",1063
Bowman,State House,39,,write-in,5
Bowman,State House,39,DEM,Aaron Judkins,369
Bowman,State House,39,REP,Keith Kempenich,1097
Bowman,State Senate,39,,write-in,22
Bowman,State Senate,39,REP,Bill Bowman,1297
Bowman,"Supervisor, Soil Conservation District Bowman-Slope Bowman/Slope Soil",,,write-in,164
Bowman,"Supervisor, Soil Conservation District Bowman-Slope Unexpired Two (2) Year Term Bowman/Slope Soil",,,Jerry Jeffers,1334
Bowman,"Supervisor, Soil Conservation District Bowman-Slope Unexpired Two (2) Year Term Bowman/Slope Soil",,,write-in,8
Bowman,Tax Commissioner,,,write-in,0
Bowman,Tax Commissioner,,DEM,Cynthia Kaldor,268
Bowman,Tax Commissioner,,LIB,Richard Flattum-Riemers,59
Bowman,Tax Commissioner,,REP,Cory Fong,1097
Bowman,U.S. House,1,,write-in,6
Bowman,U.S. House,1,DEM,Earl Pomeroy,467
Bowman,U.S. House,1,REP,Rick Berg,963
Bowman,U.S. Senate,,,write-in,1
Bowman,U.S. Senate,,DEM,Tracy Potter,184
Bowman,U.S. Senate,,LIB,Keith J Hanson,38
Bowman,U.S. Senate,,REP,John Hoeven,1234
Burke,Agriculture Commissioner,,,write-in,0
Burke,Agriculture Commissioner,,DEM,Merle Boucher,193
Burke,Agriculture Commissioner,,REP,Doug Goehring,578
Burke,Attorney General,,,write-in,0
Burke,Attorney General,,DEM,Jeanette Boechler,147
Burke,Attorney General,,REP,Wayne Stenehjem,640
Burke,Constitutional No. 1: Oil and Gas Tax Legacy Fund.,,,No,320
Burke,Constitutional No. 1: Oil and Gas Tax Legacy Fund.,,,Yes,436
Burke,County Auditor Burke,,,Jeanine S Jensen,699
Burke,County Auditor Burke,,,write-in,4
Burke,County Commissioner Burke - District 2,,,Terry Nelson,239
Burke,County Commissioner Burke - District 2,,,write-in,3
Burke,County Official Newspaper Burke,,,Burke County Tribune,608
Burke,County Recorder/Clerk of District Court Burke,,,Bonnie Wagner,666
Burke,County Recorder/Clerk of District Court Burke,,,write-in,17
Burke,County Sheriff Burke,,,Barry Jager,605
Burke,County Sheriff Burke,,,write-in,48
Burke,County States Attorney Burke,,,Amber J Fiesel,675
Burke,County States Attorney Burke,,,write-in,2
Burke,County Treasurer Burke,,,Hazel Herman,708
Burke,County Treasurer Burke,,,write-in,4
Burke,Initiated Statutory No. 2: Relating to Captive Game Hunting.,,,No,458
Burke,Initiated Statutory No. 2: Relating to Captive Game Hunting.,,,Yes,299
Burke,Judge of the District Court No. 1 Northwest,,,Josh B Rustad,353
Burke,Judge of the District Court No. 1 Northwest,,,Paul W Jacobson,266
Burke,Judge of the District Court No. 1 Northwest,,,write-in,1
Burke,Judge of the District Court No. 4 Northwest,,,Gary H Lee,658
Burke,Judge of the District Court No. 4 Northwest,,,write-in,2
Burke,Justice of the Supreme Court,,,Carol Kapsner,640
Burke,Justice of the Supreme Court,,,write-in,3
Burke,Public Service Commissioner,,,write-in,0
Burke,Public Service Commissioner,,DEM,Brad Crabtree,219
Burke,Public Service Commissioner,,LIB,Joshua Voytek,24
Burke,Public Service Commissioner,,REP,Kevin Cramer,529
Burke,Secretary of State,,,write-in,0
Burke,Secretary of State,,DEM,Corey Mock,230
Burke,Secretary of State,,REP,Alvin A (Al) Jaeger,549
Burke,"Supervisor, Soil Conservation District Burke",,,Raymond Atwood,664
Burke,"Supervisor, Soil Conservation District Burke",,,write-in,5
Burke,Tax Commissioner,,,write-in,0
Burke,Tax Commissioner,,DEM,Cynthia Kaldor,151
Burke,Tax Commissioner,,LIB,Richard Flattum-Riemers,23
Burke,Tax Commissioner,,REP,Cory Fong,598
Burke,U.S. House,1,,write-in,2
Burke,U.S. House,1,DEM,Earl Pomeroy,261
Burke,U.S. House,1,REP,Rick Berg,518
Burke,U.S. Senate,,,write-in,0
Burke,U.S. Senate,,DEM,Tracy Potter,112
Burke,U.S. Senate,,LIB,Keith J Hanson,11
Burke,U.S. Senate,,REP,John Hoeven,667
Burleigh,Agriculture Commissioner,,,write-in,30
Burleigh,Agriculture Commissioner,,DEM,Merle Boucher,7349
Burleigh,Agriculture Commissioner,,REP,Doug Goehring,24507
Burleigh,Attorney General,,,write-in,19
Burleigh,Attorney General,,DEM,Jeanette Boechler,6184
Burleigh,Attorney General,,REP,Wayne Stenehjem,26071
Burleigh,Constitutional No. 1: Oil and Gas Tax Legacy Fund.,,,No,9920
Burleigh,Constitutional No. 1: Oil and Gas Tax Legacy Fund.,,,Yes,20600
Burleigh,County Auditor/Treasurer Burleigh,,,Kevin J Glatt,26777
Burleigh,County Auditor/Treasurer Burleigh,,,write-in,111
Burleigh,County Commissioner Burleigh,,,Dale Patrick,7770
Burleigh,County Commissioner Burleigh,,,Doug Schonert,17454
Burleigh,County Commissioner Burleigh,,,Jerome P (JP) Moszer,10237
Burleigh,County Commissioner Burleigh,,,Jim Peluso,18446
Burleigh,County Commissioner Burleigh,,,Mark Armstrong,14673
Burleigh,County Commissioner Burleigh,,,William Woodworth,7286
Burleigh,County Commissioner Burleigh,,,write-in,159
Burleigh,County Official Newspaper Burleigh,,,The Bismarck Tribune,25375
Burleigh,County Recorder Burleigh,,,Debbie Kroshus,25876
Burleigh,County Recorder Burleigh,,,write-in,61
Burleigh,County Sheriff Burleigh,,,Patrick D Heinert,20664
Burleigh,County Sheriff Burleigh,,,Steve Berg,10006
Burleigh,County Sheriff Burleigh,,,write-in,60
Burleigh,County States Attorney Burleigh,,,Richard J Riha,25954
Burleigh,County States Attorney Burleigh,,,write-in,132
Burleigh,Initiated Statutory No. 2: Relating to Captive Game Hunting.,,,No,17606
Burleigh,Initiated Statutory No. 2: Relating to Captive Game Hunting.,,,Yes,13954
Burleigh,Judge of the District Court No. 5 South Central,,,Cynthia Feland,16357
Burleigh,Judge of the District Court No. 5 South Central,,,Parrell Grossman,13729
Burleigh,Judge of the District Court No. 5 South Central,,,write-in,46
Burleigh,Justice of the Supreme Court,,,Carol Kapsner,26202
Burleigh,Justice of the Supreme Court,,,write-in,170
Burleigh,Public Service Commissioner,,,write-in,15
Burleigh,Public Service Commissioner,,DEM,Brad Crabtree,9438
Burleigh,Public Service Commissioner,,LIB,Joshua Voytek,1085
Burleigh,Public Service Commissioner,,REP,Kevin Cramer,21321
Burleigh,Secretary of State,,,write-in,21
Burleigh,Secretary of State,,DEM,Corey Mock,10914
Burleigh,Secretary of State,,REP,Alvin A (Al) Jaeger,21103
Burleigh,State House,35,,write-in,16
Burleigh,State House,35,DEM,Mike Frohlich,2005
Burleigh,State House,35,DEM,Nicole Elkin,1691
Burleigh,State House,35,REP,Bob Martinson,3714
Burleigh,State House,35,REP,Karen Karls,3390
Burleigh,State House,47,,George J Keiser,6294
Burleigh,State House,47,,Lawrence R Klemin,5634
Burleigh,State House,47,,Robert (Bob) Lengenfelder,1978
Burleigh,State House,47,,write-in,51
Burleigh,State Senate,35,,write-in,9
Burleigh,State Senate,35,DEM,Nick Archuleta,2343
Burleigh,State Senate,35,REP,Margaret Sitte,3451
Burleigh,State Senate,47,,Garrett Whitecalfe,1648
Burleigh,State Senate,47,,Ralph Kilzer,6739
Burleigh,State Senate,47,,write-in,14
Burleigh,"Supervisor, Soil Conservation District Burleigh",,,Linn Berg,25254
Burleigh,"Supervisor, Soil Conservation District Burleigh",,,write-in,79
Burleigh,Tax Commissioner,,,write-in,17
Burleigh,Tax Commissioner,,DEM,Cynthia Kaldor,6528
Burleigh,Tax Commissioner,,LIB,Richard Flattum-Riemers,914
Burleigh,Tax Commissioner,,REP,Cory Fong,24515
Burleigh,U.S. House,1,,write-in,162
Burleigh,U.S. House,1,DEM,Earl Pomeroy,11713
Burleigh,U.S. House,1,REP,Rick Berg,20474
Burleigh,U.S. Senate,,,write-in,44
Burleigh,U.S. Senate,,DEM,Tracy Potter,6705
Burleigh,U.S. Senate,,LIB,Keith J Hanson,481
Burleigh,U.S. Senate,,REP,John Hoeven,25420
Cass,Agriculture Commissioner,,,write-in,45
Cass,Agriculture Commissioner,,DEM,Merle Boucher,16719
Cass,Agriculture Commissioner,,REP,Doug Goehring,30003
Cass,Attorney General,,,write-in,45
Cass,Attorney General,,DEM,Jeanette Boechler,13761
Cass,Attorney General,,REP,Wayne Stenehjem,33889
Cass,Constitutional No. 1: Oil and Gas Tax Legacy Fund.,,,No,14382
Cass,Constitutional No. 1: Oil and Gas Tax Legacy Fund.,,,Yes,30805
Cass,County Commissioner Cass - District 2,,,Vern S Bennett,37977
Cass,County Commissioner Cass - District 2,,,write-in,306
Cass,County Commissioner Cass - District 4,,,Darrell Vanyo,37269
Cass,County Commissioner Cass - District 4,,,write-in,329
Cass,County Sheriff Cass,,,Paul D Laney,39355
Cass,County Sheriff Cass,,,write-in,488
Cass,Initiated Statutory No. 2: Relating to Captive Game Hunting.,,,No,22176
Cass,Initiated Statutory No. 2: Relating to Captive Game Hunting.,,,Yes,24588
Cass,Justice of the Supreme Court,,,Carol Kapsner,38003
Cass,Justice of the Supreme Court,,,write-in,323
Cass,Public Service Commissioner,,,write-in,37
Cass,Public Service Commissioner,,DEM,Brad Crabtree,18139
Cass,Public Service Commissioner,,LIB,Joshua Voytek,1806
Cass,Public Service Commissioner,,REP,Kevin Cramer,27030
Cass,Secretary of State,,,write-in,50
Cass,Secretary of State,,DEM,Corey Mock,18256
Cass,Secretary of State,,REP,Alvin A (Al) Jaeger,29092
Cass,State House,11,,David Gibb,1516
Cass,State House,11,,Mike Williams,1123
Cass,State House,11,,Ron Guggisberg,2114
Cass,State House,11,,Scot Kelsh,2154
Cass,State House,11,,Zach Heuer,1283
Cass,State House,11,,write-in,8
Cass,State House,13,,write-in,0
Cass,State House,13,DEM,Mary C Tintes,2058
Cass,State House,13,DEM,Michael Halverson,1941
Cass,State House,13,REP,"Alon ""Al"" Wieland",3461
Cass,State House,13,REP,Kim Koppelman,3652
Cass,State House,21,,write-in,21
Cass,State House,21,DEM,Kathy Hogan,1628
Cass,State House,21,DEM,Steve Zaiser,1524
Cass,State House,21,REP,Jay Schmallen,1200
Cass,State House,21,REP,Rachael Disrud,1464
Cass,State House,27,,write-in,31
Cass,State House,27,DEM,Tricia Kelly,2480
Cass,State House,27,REP,Randy G Boehning,3345
Cass,State House,27,REP,Thomas Beadle,2877
Cass,State House,41,,write-in,16
Cass,State House,41,DEM,Ty Hegland,2153
Cass,State House,41,REP,Al Carlson,3016
Cass,State House,41,REP,Bette B Grande,2750
Cass,State House,45,,write-in,2
Cass,State House,45,DEM,Ed Gruchalla,1923
Cass,State House,45,DEM,Prairie Rose Seminole,1379
Cass,State House,45,REP,Andrew Marschall,1915
Cass,State House,45,REP,Joe Heilman,2350
Cass,State Senate,13,,write-in,6
Cass,State Senate,13,DEM,Sylvan Loegering,1982
Cass,State Senate,13,REP,Judy Lee,4064
Cass,State Senate,21,,write-in,14
Cass,State Senate,21,DEM,Carolyn Nelson,1785
Cass,State Senate,21,REP,Cindy Pfeiffer,1433
Cass,State Senate,27,,write-in,17
Cass,State Senate,27,DEM,Lee Myxter,2300
Cass,State Senate,27,REP,Spencer Berry,3641
Cass,State Senate,41,,write-in,85
Cass,State Senate,41,REP,Tony Grindberg,4201
Cass,State Senate,45,,write-in,4
Cass,State Senate,45,DEM,Tom Fiebiger,1836
Cass,State Senate,45,REP,Ronald Sorvaag,2384
Cass,"Supervisor, Soil Conservation District 4 Year Unexpired Term Soil Conservation District",,,John Grove,37196
Cass,"Supervisor, Soil Conservation District 4 Year Unexpired Term Soil Conservation District",,,write-in,140
Cass,"Supervisor, Soil Conservation District Soil Conservation District",,,Terry Hoffmann,37326
Cass,"Supervisor, Soil Conservation District Soil Conservation District",,,write-in,148
Cass,Tax Commissioner,,,write-in,28
Cass,Tax Commissioner,,DEM,Cynthia Kaldor,15432
Cass,Tax Commissioner,,LIB,Richard Flattum-Riemers,1628
Cass,Tax Commissioner,,REP,Cory Fong,29824
Cass,U.S. House,1,,write-in,137
Cass,U.S. House,1,DEM,Earl Pomeroy,23726
Cass,U.S. House,1,REP,Rick Berg,24469
Cass,U.S. Senate,,,write-in,57
Cass,U.S. Senate,,DEM,Tracy Potter,12743
Cass,U.S. Senate,,LIB,Keith J Hanson,786
Cass,U.S. Senate,,REP,John Hoeven,34882
Cavalier,Agriculture Commissioner,,,write-in,1
Cavalier,Agriculture Commissioner,,DEM,Merle Boucher,620
Cavalier,Agriculture Commissioner,,REP,Doug Goehring,1134
Cavalier,Attorney General,,,write-in,0
Cavalier,Attorney General,,DEM,Jeanette Boechler,437
Cavalier,Attorney General,,REP,Wayne Stenehjem,1330
Cavalier,Constitutional No. 1: Oil and Gas Tax Legacy Fund.,,,No,507
Cavalier,Constitutional No. 1: Oil and Gas Tax Legacy Fund.,,,Yes,1128
Cavalier,County Auditor Cavalier,,,Dawn M Roppel,1023
Cavalier,County Auditor Cavalier,,,Lori Peterson,784
Cavalier,County Auditor Cavalier,,,write-in,2
Cavalier,County Commissioner at Large Cavalier,,,Elsie Magnus,883
Cavalier,County Commissioner at Large Cavalier,,,"Harold ""Ole"" Nowatzki",1031
Cavalier,County Commissioner at Large Cavalier,,,Harvey L Hope,792
Cavalier,County Commissioner at Large Cavalier,,,Otto Sperling,560
Cavalier,County Commissioner at Large Cavalier,,,Richard Flanders,932
Cavalier,County Commissioner at Large Cavalier,,,Steve L Thielbar,280
Cavalier,County Commissioner at Large Cavalier,,,write-in,15
Cavalier,County Official Newspaper Cavalier,,,Cavalier County Republican,1537
Cavalier,County Recorder Cavalier,,,Shauna Schneider,232
Cavalier,County Recorder Cavalier,,,Vicki J Kubat,1532
Cavalier,County Recorder Cavalier,,,write-in,0
Cavalier,County Sheriff Cavalier,,,David J Zeis,1551
Cavalier,County Sheriff Cavalier,,,write-in,32
Cavalier,County States Attorney Cavalier,,,Scott Stewart,1457
Cavalier,County States Attorney Cavalier,,,write-in,25
Cavalier,County Treasurer Cavalier,,,Cynthia Stremick,1168
Cavalier,County Treasurer Cavalier,,,Stephanie Fetsch,583
Cavalier,County Treasurer Cavalier,,,write-in,0
Cavalier,Initiated Statutory No. 2: Relating to Captive Game Hunting.,,,No,999
Cavalier,Initiated Statutory No. 2: Relating to Captive Game Hunting.,,,Yes,708
Cavalier,Judge of the District Court No. 1 Northeast,,,Lee A Christofferson,1367
Cavalier,Judge of the District Court No. 1 Northeast,,,write-in,5
Cavalier,Judge of the District Court No. 5 Northeast,,,Laurie A Fontaine,1268
Cavalier,Judge of the District Court No. 5 Northeast,,,write-in,18
Cavalier,Justice of the Supreme Court,,,Carol Kapsner,1336
Cavalier,Justice of the Supreme Court,,,write-in,8
Cavalier,Public Service Commissioner,,,write-in,0
Cavalier,Public Service Commissioner,,DEM,Brad Crabtree,578
Cavalier,Public Service Commissioner,,LIB,Joshua Voytek,51
Cavalier,Public Service Commissioner,,REP,Kevin Cramer,1097
Cavalier,Secretary of State,,,write-in,0
Cavalier,Secretary of State,,DEM,Corey Mock,635
Cavalier,Secretary of State,,REP,Alvin A (Al) Jaeger,1086
Cavalier,"Supervisor, Soil Conservation District Cavalier",,,Karry Krahn,1488
Cavalier,"Supervisor, Soil Conservation District Cavalier",,,write-in,8
Cavalier,Tax Commissioner,,,write-in,3
Cavalier,Tax Commissioner,,DEM,Cynthia Kaldor,625
Cavalier,Tax Commissioner,,LIB,Richard Flattum-Riemers,68
Cavalier,Tax Commissioner,,REP,Cory Fong,1022
Cavalier,U.S. House,1,,write-in,1
Cavalier,U.S. House,1,DEM,Earl Pomeroy,957
Cavalier,U.S. House,1,REP,Rick Berg,849
Cavalier,U.S. Senate,,,write-in,0
Cavalier,U.S. Senate,,DEM,Tracy Potter,322
Cavalier,U.S. Senate,,LIB,Keith J Hanson,16
Cavalier,U.S. Senate,,REP,John Hoeven,1503
Dickey,"9-1-1 COMMUNICATION FEE: Should the current emergency services communication fee of $1.00 per month for wireless access lines and telephone lines used for the operation and maintenance of the emergency 911 communications system be increased to $1.50 per month for an initial period of 6 years commencing January 1, 2011. The revenue generated is dedicated to maintaining and operating the 911 emergency communication system as required by state law. Dickey",,,No,1100
Dickey,"9-1-1 COMMUNICATION FEE: Should the current emergency services communication fee of $1.00 per month for wireless access lines and telephone lines used for the operation and maintenance of the emergency 911 communications system be increased to $1.50 per month for an initial period of 6 years commencing January 1, 2011. The revenue generated is dedicated to maintaining and operating the 911 emergency communication system as required by state law. Dickey",,,Yes,853
Dickey,Agriculture Commissioner,,,write-in,0
Dickey,Agriculture Commissioner,,DEM,Merle Boucher,608
Dickey,Agriculture Commissioner,,REP,Doug Goehring,1371
Dickey,Attorney General,,,write-in,0
Dickey,Attorney General,,DEM,Jeanette Boechler,486
Dickey,Attorney General,,REP,Wayne Stenehjem,1515
Dickey,Constitutional No. 1: Oil and Gas Tax Legacy Fund.,,,No,755
Dickey,Constitutional No. 1: Oil and Gas Tax Legacy Fund.,,,Yes,1079
Dickey,County Auditor Dickey,,,"Beverly ""Bev"" Kuska",1823
Dickey,County Auditor Dickey,,,write-in,3
Dickey,County Commissioner Dickey - District 1,,,Joel Hamar,1735
Dickey,County Commissioner Dickey - District 1,,,write-in,12
Dickey,County Commissioner Dickey - District 3,,,Dean B Simek,1773
Dickey,County Commissioner Dickey - District 3,,,write-in,19
Dickey,County Commissioner Dickey - District 5,,,John M Hokana,1781
Dickey,County Commissioner Dickey - District 5,,,write-in,11
Dickey,County Official Newspaper Dickey,,,Dickey County Leader,1801
Dickey,County Recorder Dickey,,,"Deborah ""Deb"" Anderson",1386
Dickey,County Recorder Dickey,,,"Kristi ""Lacina"" Gilbert",530
Dickey,County Recorder Dickey,,,write-in,2
Dickey,County Sheriff Dickey,,,Jim Bohannon,1658
Dickey,County Sheriff Dickey,,,write-in,43
Dickey,County States Attorney Dickey,,,Gary Neuharth,1718
Dickey,County States Attorney Dickey,,,write-in,15
Dickey,County Treasurer Dickey,,,Deanne Olson,699
Dickey,County Treasurer Dickey,,,Gail Veland,1244
Dickey,County Treasurer Dickey,,,write-in,0
Dickey,Initiated Statutory No. 2: Relating to Captive Game Hunting.,,,No,1310
Dickey,Initiated Statutory No. 2: Relating to Captive Game Hunting.,,,Yes,646
Dickey,Judge of the District Court No. 2 Southeast,,,Brad Cruff,754
Dickey,Judge of the District Court No. 2 Southeast,,,John T (Jack) Paulson,1017
Dickey,Judge of the District Court No. 2 Southeast,,,write-in,2
Dickey,Judge of the District Court No. 5 Southeast,,,Daniel D Narum,1702
Dickey,Judge of the District Court No. 5 Southeast,,,write-in,22
Dickey,Justice of the Supreme Court,,,Carol Kapsner,1648
Dickey,Justice of the Supreme Court,,,write-in,8
Dickey,Public Service Commissioner,,,write-in,0
Dickey,Public Service Commissioner,,DEM,Brad Crabtree,761
Dickey,Public Service Commissioner,,LIB,Joshua Voytek,39
Dickey,Public Service Commissioner,,REP,Kevin Cramer,1198
Dickey,Secretary of State,,,write-in,3
Dickey,Secretary of State,,DEM,Corey Mock,676
Dickey,Secretary of State,,REP,Alvin A (Al) Jaeger,1294
Dickey,"Supervisor, Soil Conservation District James River",,,Dale B Strobel,1670
Dickey,"Supervisor, Soil Conservation District James River",,,write-in,8
Dickey,Tax Commissioner,,,write-in,2
Dickey,Tax Commissioner,,DEM,Cynthia Kaldor,535
Dickey,Tax Commissioner,,LIB,Richard Flattum-Riemers,59
Dickey,Tax Commissioner,,REP,Cory Fong,1369
Dickey,U.S. House,1,,write-in,4
Dickey,U.S. House,1,DEM,Earl Pomeroy,858
Dickey,U.S. House,1,REP,Rick Berg,1141
Dickey,U.S. Senate,,,write-in,2
Dickey,U.S. Senate,,DEM,Tracy Potter,364
Dickey,U.S. Senate,,LIB,Keith J Hanson,26
Dickey,U.S. Senate,,REP,John Hoeven,1635
Divide,Agriculture Commissioner,,,write-in,0
Divide,Agriculture Commissioner,,DEM,Merle Boucher,291
Divide,Agriculture Commissioner,,REP,Doug Goehring,594
Divide,Attorney General,,,write-in,1
Divide,Attorney General,,DEM,Jeanette Boechler,188
Divide,Attorney General,,REP,Wayne Stenehjem,711
Divide,Constitutional No. 1: Oil and Gas Tax Legacy Fund.,,,No,418
Divide,Constitutional No. 1: Oil and Gas Tax Legacy Fund.,,,Yes,432
Divide,County Auditor Divide,,,Gayle Jastrzebski,737
Divide,County Auditor Divide,,,Renea Larson,151
Divide,County Auditor Divide,,,write-in,4
Divide,County Commissioner By District At Large Divide - District 1,,,Gerald Brady,822
Divide,County Commissioner By District At Large Divide - District 1,,,write-in,8
Divide,County Commissioner By District At Large Divide - District 3,,,Tim Selle,775
Divide,County Commissioner By District At Large Divide - District 3,,,write-in,9
Divide,County Official Newspaper Divide,,,The Journal,757
Divide,County Recorder Divide,,,Penny Hagen,840
Divide,County Recorder Divide,,,write-in,1
Divide,County Sheriff Divide,,,Lauren Throntveit,786
Divide,County Sheriff Divide,,,write-in,10
Divide,County States Attorney Divide,,,Elizabeth Pendlay,786
Divide,County States Attorney Divide,,,write-in,4
Divide,County Treasurer Divide,,,Beverly Dokken,807
Divide,County Treasurer Divide,,,write-in,2
Divide,Initiated Statutory No. 2: Relating to Captive Game Hunting.,,,No,548
Divide,Initiated Statutory No. 2: Relating to Captive Game Hunting.,,,Yes,306
Divide,Judge of the District Court No. 1 Northwest,,,Josh B Rustad,600
Divide,Judge of the District Court No. 1 Northwest,,,Paul W Jacobson,210
Divide,Judge of the District Court No. 1 Northwest,,,write-in,1
Divide,Judge of the District Court No. 4 Northwest,,,Gary H Lee,737
Divide,Judge of the District Court No. 4 Northwest,,,write-in,0
Divide,Justice of the Supreme Court,,,Carol Kapsner,724
Divide,Justice of the Supreme Court,,,write-in,3
Divide,Public Service Commissioner,,,write-in,0
Divide,Public Service Commissioner,,DEM,Brad Crabtree,338
Divide,Public Service Commissioner,,LIB,Joshua Voytek,21
Divide,Public Service Commissioner,,REP,Kevin Cramer,522
Divide,Secretary of State,,,write-in,3
Divide,Secretary of State,,DEM,Corey Mock,346
Divide,Secretary of State,,REP,Alvin A (Al) Jaeger,532
Divide,"Supervisor, Soil Conservation District Divide",,,Greg Jacobs,785
Divide,"Supervisor, Soil Conservation District Divide",,,write-in,4
Divide,Tax Commissioner,,,write-in,1
Divide,Tax Commissioner,,DEM,Cynthia Kaldor,294
Divide,Tax Commissioner,,LIB,Richard Flattum-Riemers,21
Divide,Tax Commissioner,,REP,Cory Fong,571
Divide,U.S. House,1,,write-in,8
Divide,U.S. House,1,DEM,Earl Pomeroy,432
Divide,U.S. House,1,REP,Rick Berg,454
Divide,U.S. Senate,,,write-in,2
Divide,U.S. Senate,,DEM,Tracy Potter,210
Divide,U.S. Senate,,LIB,Keith J Hanson,14
Divide,U.S. Senate,,REP,John Hoeven,676
Dunn,Agriculture Commissioner,,,write-in,1
Dunn,Agriculture Commissioner,,DEM,Merle Boucher,410
Dunn,Agriculture Commissioner,,REP,Doug Goehring,1115
Dunn,Attorney General,,,write-in,0
Dunn,Attorney General,,DEM,Jeanette Boechler,358
Dunn,Attorney General,,REP,Wayne Stenehjem,1183
Dunn,Constitutional No. 1: Oil and Gas Tax Legacy Fund.,,,No,851
Dunn,Constitutional No. 1: Oil and Gas Tax Legacy Fund.,,,Yes,654
Dunn,County Auditor/Treasurer Dunn,,,Reinhard Hauck,1427
Dunn,County Auditor/Treasurer Dunn,,,write-in,10
Dunn,County Commissioner at Large 4th Position 2 Year Term Dunn,,,Casey Fredericks,672
Dunn,County Commissioner at Large 4th Position 2 Year Term Dunn,,,Robert Kleemann,819
Dunn,County Commissioner at Large 4th Position 2 Year Term Dunn,,,write-in,12
Dunn,County Commissioner at Large 5th Position 4 Year Term Dunn,,,Glenn Eckelberg,875
Dunn,County Commissioner at Large 5th Position 4 Year Term Dunn,,,Tom Murphy,587
Dunn,County Commissioner at Large 5th Position 4 Year Term Dunn,,,write-in,12
Dunn,County Commissioner at Large Dunn,,,Cliff Ferebee,744
Dunn,County Commissioner at Large Dunn,,,Daryl H Dukart,747
Dunn,County Commissioner at Large Dunn,,,Donna Scott,831
Dunn,County Commissioner at Large Dunn,,,Rick Reems,553
Dunn,County Commissioner at Large Dunn,,,write-in,4
Dunn,County Official Newspaper Dunn,,,Dunn County Herald,1389
Dunn,County Recorder/Clerk of District Court Dunn,,,Christy L Larsen,1361
Dunn,County Recorder/Clerk of District Court Dunn,,,write-in,9
Dunn,County Sheriff Dunn,,,Blake N Seibel,625
Dunn,County Sheriff Dunn,,,Don Rockvoy,803
Dunn,County Sheriff Dunn,,,write-in,8
Dunn,County States Attorney Dunn,,,Ross L Sundeen,1314
Dunn,County States Attorney Dunn,,,write-in,25
Dunn,Initiated Statutory No. 2: Relating to Captive Game Hunting.,,,No,1196
Dunn,Initiated Statutory No. 2: Relating to Captive Game Hunting.,,,Yes,335
Dunn,Justice of the Supreme Court,,,Carol Kapsner,1291
Dunn,Justice of the Supreme Court,,,write-in,5
Dunn,Public Service Commissioner,,,write-in,1
Dunn,Public Service Commissioner,,DEM,Brad Crabtree,453
Dunn,Public Service Commissioner,,LIB,Joshua Voytek,41
Dunn,Public Service Commissioner,,REP,Kevin Cramer,1022
Dunn,Secretary of State,,,write-in,1
Dunn,Secretary of State,,DEM,Corey Mock,447
Dunn,Secretary of State,,REP,Alvin A (Al) Jaeger,1079
Dunn,"Supervisor,Dunn County Soil Conservation District Dunn",,,Larry Knudsvig,1366
Dunn,"Supervisor,Dunn County Soil Conservation District Dunn",,,write-in,9
Dunn,Tax Commissioner,,,write-in,2
Dunn,Tax Commissioner,,DEM,Cynthia Kaldor,366
Dunn,Tax Commissioner,,LIB,Richard Flattum-Riemers,47
Dunn,Tax Commissioner,,REP,Cory Fong,1108
Dunn,U.S. House,1,,write-in,8
Dunn,U.S. House,1,DEM,Earl Pomeroy,543
Dunn,U.S. House,1,REP,Rick Berg,989
Dunn,U.S. Senate,,,write-in,2
Dunn,U.S. Senate,,DEM,Tracy Potter,296
Dunn,U.S. Senate,,LIB,Keith J Hanson,20
Dunn,U.S. Senate,,REP,John Hoeven,1236
Eddy,Agriculture Commissioner,,,write-in,0
Eddy,Agriculture Commissioner,,DEM,Merle Boucher,428
Eddy,Agriculture Commissioner,,REP,Doug Goehring,568
Eddy,Attorney General,,,write-in,0
Eddy,Attorney General,,DEM,Jeanette Boechler,373
Eddy,Attorney General,,REP,Wayne Stenehjem,632
Eddy,Constitutional No. 1: Oil and Gas Tax Legacy Fund.,,,No,418
Eddy,Constitutional No. 1: Oil and Gas Tax Legacy Fund.,,,Yes,522
Eddy,County Auditor Eddy,,,Mary Ripplinger,928
Eddy,County Auditor Eddy,,,write-in,10
Eddy,County Commissioner at Large Eddy,,,Jeff Pfau,782
Eddy,County Commissioner at Large Eddy,,,Neal Rud,835
Eddy,County Commissioner at Large Eddy,,,write-in,35
Eddy,County Official Newspaper Eddy,,,New Rockford Transcript,924
Eddy,County Recorder/Clerk of District Court Eddy,,,"Patricia J ""Patty"" Hilbert",928
Eddy,County Recorder/Clerk of District Court Eddy,,,write-in,1
Eddy,County Sheriff Eddy,,,Brandon Maygra,606
Eddy,County Sheriff Eddy,,,Darrell Hager,166
Eddy,County Sheriff Eddy,,,write-in,168
Eddy,County States Attorney Eddy,,,Travis S Peterson,883
Eddy,County States Attorney Eddy,,,write-in,16
Eddy,County Treasurer Eddy,,,Kathryn Anderson,909
Eddy,County Treasurer Eddy,,,write-in,13
Eddy,Initiated Statutory No. 2: Relating to Captive Game Hunting.,,,No,672
Eddy,Initiated Statutory No. 2: Relating to Captive Game Hunting.,,,Yes,308
Eddy,Judge of the District Court No. 2 Southeast,,,Brad Cruff,488
Eddy,Judge of the District Court No. 2 Southeast,,,John T (Jack) Paulson,377
Eddy,Judge of the District Court No. 2 Southeast,,,write-in,1
Eddy,Judge of the District Court No. 5 Southeast,,,Daniel D Narum,794
Eddy,Judge of the District Court No. 5 Southeast,,,write-in,1
Eddy,Justice of the Supreme Court,,,Carol Kapsner,820
Eddy,Justice of the Supreme Court,,,write-in,1
Eddy,Public Service Commissioner,,,write-in,0
Eddy,Public Service Commissioner,,DEM,Brad Crabtree,425
Eddy,Public Service Commissioner,,LIB,Joshua Voytek,40
Eddy,Public Service Commissioner,,REP,Kevin Cramer,523
Eddy,Secretary of State,,,write-in,0
Eddy,Secretary of State,,DEM,Corey Mock,457
Eddy,Secretary of State,,REP,Alvin A (Al) Jaeger,535
Eddy,State House,23,,write-in,1
Eddy,State House,23,DEM,Ben Vig,478
Eddy,State House,23,DEM,Erich Steven Longie,321
Eddy,State House,23,REP,Bill Devlin,374
Eddy,State House,23,REP,Don Vigesaa,482
Eddy,State House,29,,write-in,0
Eddy,State House,29,DEM,Ellen Linderman,58
Eddy,State House,29,DEM,Jason McKenney,40
Eddy,State House,29,REP,Chet Pollert,60
Eddy,State House,29,REP,Craig Headland,49
Eddy,State Senate,23,,write-in,2
Eddy,State Senate,23,DEM,Joan M Heckaman,601
Eddy,State Senate,23,REP,Frank Walker,302
Eddy,State Senate,29,,write-in,1
Eddy,State Senate,29,DEM,Richard Schlosser,51
Eddy,State Senate,29,REP,Terry M Wanzek,56
Eddy,"Supervisor, Soil Conservation District Eddy",,,James Ludwig,898
Eddy,"Supervisor, Soil Conservation District Eddy",,,write-in,8
Eddy,Tax Commissioner,,,write-in,0
Eddy,Tax Commissioner,,DEM,Cynthia Kaldor,413
Eddy,Tax Commissioner,,LIB,Richard Flattum-Riemers,39
Eddy,Tax Commissioner,,REP,Cory Fong,535
Eddy,U.S. House,1,,write-in,1
Eddy,U.S. House,1,DEM,Earl Pomeroy,575
Eddy,U.S. House,1,REP,Rick Berg,431
Eddy,U.S. Senate,,,write-in,1
Eddy,U.S. Senate,,DEM,Tracy Potter,281
Eddy,U.S. Senate,,LIB,Keith J Hanson,31
Eddy,U.S. Senate,,REP,John Hoeven,695
Emmons,Agriculture Commissioner,,,write-in,0
Emmons,Agriculture Commissioner,,DEM,Merle Boucher,273
Emmons,Agriculture Commissioner,,REP,Doug Goehring,1265
Emmons,Attorney General,,,write-in,1
Emmons,Attorney General,,DEM,Jeanette Boechler,306
Emmons,Attorney General,,REP,Wayne Stenehjem,1233
Emmons,Constitutional No. 1: Oil and Gas Tax Legacy Fund.,,,No,513
Emmons,Constitutional No. 1: Oil and Gas Tax Legacy Fund.,,,Yes,943
Emmons,County Auditor Emmons,,,"Marlys ""Marcy"" Ohlhauser",1059
Emmons,County Auditor Emmons,,,Mary A Baumgartner,457
Emmons,County Auditor Emmons,,,write-in,2
Emmons,County Commissioner Emmons - District 2,,,Deb Ibach,149
Emmons,County Commissioner Emmons - District 2,,,"Francis W ""Pork"" Lawler",175
Emmons,County Commissioner Emmons - District 2,,,write-in,1
Emmons,County Commissioner Emmons - District 4,,,Gary Keller,207
Emmons,County Commissioner Emmons - District 4,,,write-in,4
Emmons,County Official Newspaper Emmons,,,Emmons County Record,1352
Emmons,County Recorder/Clerk of District Court Emmons,,,Anita Ibach,1376
Emmons,County Recorder/Clerk of District Court Emmons,,,write-in,8
Emmons,County Sheriff Emmons,,,Gary R Sanders,1414
Emmons,County Sheriff Emmons,,,write-in,28
Emmons,County States Attorney Emmons,,,Donald R Becker,1105
Emmons,County States Attorney Emmons,,,write-in,39
Emmons,County Treasurer Emmons,,,"Florence ""Rusty"" Plienis",973
Emmons,County Treasurer Emmons,,,Maren Ehley,557
Emmons,County Treasurer Emmons,,,write-in,1
Emmons,Initiated Statutory No. 2: Relating to Captive Game Hunting.,,,No,1000
Emmons,Initiated Statutory No. 2: Relating to Captive Game Hunting.,,,Yes,498
Emmons,Judge of the District Court No. 5 South Central,,,Cynthia Feland,758
Emmons,Judge of the District Court No. 5 South Central,,,Parrell Grossman,666
Emmons,Judge of the District Court No. 5 South Central,,,write-in,1
Emmons,Justice of the Supreme Court,,,Carol Kapsner,1212
Emmons,Justice of the Supreme Court,,,write-in,7
Emmons,Public Service Commissioner,,,write-in,1
Emmons,Public Service Commissioner,,DEM,Brad Crabtree,413
Emmons,Public Service Commissioner,,LIB,Joshua Voytek,65
Emmons,Public Service Commissioner,,REP,Kevin Cramer,1054
Emmons,Secretary of State,,,write-in,2
Emmons,Secretary of State,,DEM,Corey Mock,556
Emmons,Secretary of State,,REP,Alvin A (Al) Jaeger,974
Emmons,"Supervisor, Soil Conservation District Emmons",,,James Vander Vorst,1255
Emmons,"Supervisor, Soil Conservation District Emmons",,,write-in,10
Emmons,Tax Commissioner,,,write-in,3
Emmons,Tax Commissioner,,DEM,Cynthia Kaldor,298
Emmons,Tax Commissioner,,LIB,Richard Flattum-Riemers,63
Emmons,Tax Commissioner,,REP,Cory Fong,1168
Emmons,U.S. House,1,,write-in,6
Emmons,U.S. House,1,DEM,Earl Pomeroy,496
Emmons,U.S. House,1,REP,Rick Berg,1041
Emmons,U.S. Senate,,,write-in,2
Emmons,U.S. Senate,,DEM,Tracy Potter,257
Emmons,U.S. Senate,,LIB,Keith J Hanson,41
Emmons,U.S. Senate,,REP,John Hoeven,1262
Foster,Agriculture Commissioner,,,write-in,4
Foster,Agriculture Commissioner,,DEM,Merle Boucher,399
Foster,Agriculture Commissioner,,REP,Doug Goehring,1028
Foster,Attorney General,,,write-in,2
Foster,Attorney General,,DEM,Jeanette Boechler,324
Foster,Attorney General,,REP,Wayne Stenehjem,1109
Foster,Commissioner At Large Foster,,,Jim Carr,1118
Foster,Commissioner At Large Foster,,,Mark T Linderman,239
Foster,Commissioner At Large Foster,,,Mike Larson,392
Foster,Commissioner At Large Foster,,,Paul J Straley,949
Foster,Commissioner At Large Foster,,,write-in,8
Foster,Constitutional No. 1: Oil and Gas Tax Legacy Fund.,,,No,530
Foster,Constitutional No. 1: Oil and Gas Tax Legacy Fund.,,,Yes,807
Foster,County Auditor Foster,,,Dana Scherr,676
Foster,County Auditor Foster,,,Roger R Schlotman,750
Foster,County Auditor Foster,,,write-in,2
Foster,"County Measure 1: Shall Foster County, North Dakota, approve an increase to the ambulance service levy from 1.5 to 3.00 mills for the primary pupose to replace ambulance vehicles by the Carrington Health Center and McHenry Ambulance Service Districts? Foster",,,No,333
Foster,"County Measure 1: Shall Foster County, North Dakota, approve an increase to the ambulance service levy from 1.5 to 3.00 mills for the primary pupose to replace ambulance vehicles by the Carrington Health Center and McHenry Ambulance Service Districts? Foster",,,Yes,1073
Foster,County Official Newspaper Foster,,,The Foster County Independent,1344
Foster,County Recorder Foster,,,Lynelle Lyman Hoppe,1347
Foster,County Recorder Foster,,,write-in,2
Foster,County Sheriff Foster,,,Michael W Tufte,1376
Foster,County Sheriff Foster,,,write-in,4
Foster,County States Attorney Foster,,,Paul Murphy,1141
Foster,County States Attorney Foster,,,write-in,53
Foster,County Treasurer Foster,,,Noreen Barton,1336
Foster,County Treasurer Foster,,,write-in,2
Foster,Initiated Statutory No. 2: Relating to Captive Game Hunting.,,,No,829
Foster,Initiated Statutory No. 2: Relating to Captive Game Hunting.,,,Yes,556
Foster,Judge of the District Court No. 2 Southeast,,,Brad Cruff,663
Foster,Judge of the District Court No. 2 Southeast,,,John T (Jack) Paulson,636
Foster,Judge of the District Court No. 2 Southeast,,,write-in,2
Foster,Judge of the District Court No. 5 Southeast,,,Daniel D Narum,1157
Foster,Judge of the District Court No. 5 Southeast,,,write-in,3
Foster,Justice of the Supreme Court,,,Carol Kapsner,1184
Foster,Justice of the Supreme Court,,,write-in,6
Foster,Public Service Commissioner,,,write-in,1
Foster,Public Service Commissioner,,DEM,Brad Crabtree,438
Foster,Public Service Commissioner,,LIB,Joshua Voytek,45
Foster,Public Service Commissioner,,REP,Kevin Cramer,932
Foster,Secretary of State,,,write-in,2
Foster,Secretary of State,,DEM,Corey Mock,461
Foster,Secretary of State,,REP,Alvin A (Al) Jaeger,963
Foster,State House,29,,write-in,3
Foster,State House,29,DEM,Ellen Linderman,593
Foster,State House,29,DEM,Jason McKenney,322
Foster,State House,29,REP,Chet Pollert,1056
Foster,State House,29,REP,Craig Headland,757
Foster,State Senate,29,,write-in,3
Foster,State Senate,29,DEM,Richard Schlosser,418
Foster,State Senate,29,REP,Terry M Wanzek,1012
Foster,"Supervisor, Soil Conservation District Foster",,,Curtiss Klein,1304
Foster,"Supervisor, Soil Conservation District Foster",,,write-in,7
Foster,Tax Commissioner,,,write-in,3
Foster,Tax Commissioner,,DEM,Cynthia Kaldor,380
Foster,Tax Commissioner,,LIB,Richard Flattum-Riemers,53
Foster,Tax Commissioner,,REP,Cory Fong,967
Foster,U.S. House,1,,write-in,2
Foster,U.S. House,1,DEM,Earl Pomeroy,667
Foster,U.S. House,1,REP,Rick Berg,778
Foster,U.S. Senate,,,write-in,1
Foster,U.S. Senate,,DEM,Tracy Potter,265
Foster,U.S. Senate,,LIB,Keith J Hanson,29
Foster,U.S. Senate,,REP,John Hoeven,1165
Golden Valley,Agriculture Commissioner,,,write-in,2
Golden Valley,Agriculture Commissioner,,DEM,Merle Boucher,124
Golden Valley,Agriculture Commissioner,,REP,Doug Goehring,589
Golden Valley,Attorney General,,,write-in,3
Golden Valley,Attorney General,,DEM,Jeanette Boechler,123
Golden Valley,Attorney General,,REP,Wayne Stenehjem,608
Golden Valley,Constitutional No. 1: Oil and Gas Tax Legacy Fund.,,,No,291
Golden Valley,Constitutional No. 1: Oil and Gas Tax Legacy Fund.,,,Yes,379
Golden Valley,County Auditor Golden Valley,,,"Cecilia ""Ceil"" Stedman",673
Golden Valley,County Auditor Golden Valley,,,write-in,8
Golden Valley,County Commissioner Golden Valley - District 1,,,John E Thompson,471
Golden Valley,County Commissioner Golden Valley - District 1,,,write-in,161
Golden Valley,County Commissioner Golden Valley - District 3,,,David L Quale,394
Golden Valley,County Commissioner Golden Valley - District 3,,,Paul J Schmitz,296
Golden Valley,County Commissioner Golden Valley - District 3,,,write-in,16
Golden Valley,County Official Newspaper Golden Valley,,,Golden Valley News,622
Golden Valley,County Recorder/Clerk of District Court Golden Valley,,,Susan Davidson,685
Golden Valley,County Recorder/Clerk of District Court Golden Valley,,,write-in,2
Golden Valley,County Sheriff Golden Valley,,,"DaLane ""Dewey"" Stedman",258
Golden Valley,County Sheriff Golden Valley,,,Scott Steele,462
Golden Valley,County Sheriff Golden Valley,,,write-in,12
Golden Valley,County Treasurer Golden Valley,,,Gene Skoglund,665
Golden Valley,County Treasurer Golden Valley,,,write-in,7
Golden Valley,Initiated Statutory No. 2: Relating to Captive Game Hunting.,,,No,490
Golden Valley,Initiated Statutory No. 2: Relating to Captive Game Hunting.,,,Yes,208
Golden Valley,Justice of the Supreme Court,,,Carol Kapsner,552
Golden Valley,Justice of the Supreme Court,,,write-in,4
Golden Valley,Public Service Commissioner,,,write-in,0
Golden Valley,Public Service Commissioner,,DEM,Brad Crabtree,173
Golden Valley,Public Service Commissioner,,LIB,Joshua Voytek,27
Golden Valley,Public Service Commissioner,,REP,Kevin Cramer,512
Golden Valley,Secretary of State,,,write-in,3
Golden Valley,Secretary of State,,DEM,Corey Mock,152
Golden Valley,Secretary of State,,REP,Alvin A (Al) Jaeger,568
Golden Valley,State House,39,,"David ""Skip"" Drovdal",496
Golden Valley,State House,39,,write-in,4
Golden Valley,State House,39,DEM,Aaron Judkins,151
Golden Valley,State House,39,REP,Keith Kempenich,527
Golden Valley,State Senate,39,,write-in,14
Golden Valley,State Senate,39,REP,Bill Bowman,624
Golden Valley,"Supervisor,Golden Valley Soil Conservation District Golden Valley",,,Dick Knopp,604
Golden Valley,"Supervisor,Golden Valley Soil Conservation District Golden Valley",,,write-in,14
Golden Valley,Tax Commissioner,,,write-in,0
Golden Valley,Tax Commissioner,,DEM,Cynthia Kaldor,114
Golden Valley,Tax Commissioner,,LIB,Richard Flattum-Riemers,25
Golden Valley,Tax Commissioner,,REP,Cory Fong,571
Golden Valley,U.S. House,1,,write-in,3
Golden Valley,U.S. House,1,DEM,Earl Pomeroy,219
Golden Valley,U.S. House,1,REP,Rick Berg,514
Golden Valley,U.S. Senate,,,write-in,1
Golden Valley,U.S. Senate,,DEM,Tracy Potter,91
Golden Valley,U.S. Senate,,LIB,Keith J Hanson,11
Golden Valley,U.S. Senate,,REP,John Hoeven,640
Grand Forks,Agriculture Commissioner,,,write-in,27
Grand Forks,Agriculture Commissioner,,DEM,Merle Boucher,7365
Grand Forks,Agriculture Commissioner,,REP,Doug Goehring,11970
Grand Forks,Attorney General,,,write-in,15
Grand Forks,Attorney General,,DEM,Jeanette Boechler,5394
Grand Forks,Attorney General,,REP,Wayne Stenehjem,14540
Grand Forks,Constitutional No. 1: Oil and Gas Tax Legacy Fund.,,,No,5292
Grand Forks,Constitutional No. 1: Oil and Gas Tax Legacy Fund.,,,Yes,13743
Grand Forks,County Commissioner Grand Forks,,,Diane K Knauf,12158
Grand Forks,County Commissioner Grand Forks,,,Gary K Malm,11391
Grand Forks,County Commissioner Grand Forks,,,Michael C Coachman,8521
Grand Forks,County Commissioner Grand Forks,,,"William ""Spud"" Murphy",11179
Grand Forks,County Commissioner Grand Forks,,,write-in,228
Grand Forks,County Official Newspaper Grand Forks,,,Grand Forks Herald,16761
Grand Forks,County Sheriff Grand Forks,,,Bob Rost,10935
Grand Forks,County Sheriff Grand Forks,,,Mike Flannery,7521
Grand Forks,County Sheriff Grand Forks,,,write-in,207
Grand Forks,County States Attorney Grand Forks,,,Peter D Welte,16420
Grand Forks,County States Attorney Grand Forks,,,write-in,110
Grand Forks,Initiated Statutory No. 2: Relating to Captive Game Hunting.,,,No,9363
Grand Forks,Initiated Statutory No. 2: Relating to Captive Game Hunting.,,,Yes,10177
Grand Forks,Judge of the District Court No. 1 Northeast Central,,,Sonja Clapp,16707
Grand Forks,Judge of the District Court No. 1 Northeast Central,,,write-in,113
Grand Forks,Judge of the District Court No. 3 Northeast Central,,,Joel D Medd,16747
Grand Forks,Judge of the District Court No. 3 Northeast Central,,,write-in,128
Grand Forks,Justice of the Supreme Court,,,Carol Kapsner,16280
Grand Forks,Justice of the Supreme Court,,,write-in,146
Grand Forks,Public Service Commissioner,,,write-in,14
Grand Forks,Public Service Commissioner,,DEM,Brad Crabtree,7826
Grand Forks,Public Service Commissioner,,LIB,Joshua Voytek,677
Grand Forks,Public Service Commissioner,,REP,Kevin Cramer,10961
Grand Forks,Secretary of State,,,write-in,23
Grand Forks,Secretary of State,,DEM,Corey Mock,8568
Grand Forks,Secretary of State,,REP,Alvin A (Al) Jaeger,11147
Grand Forks,State House,17,,write-in,14
Grand Forks,State House,17,DEM,Bernell Bachmeier,1606
Grand Forks,State House,17,DEM,"Louise ""Weezie"" Potter",2541
Grand Forks,State House,17,REP,Mark S Owens,2950
Grand Forks,State House,17,REP,Mark Sanford,4018
Grand Forks,State House,19,,write-in,8
Grand Forks,State House,19,DEM,Bernice Kvasager,1070
Grand Forks,State House,19,DEM,Chris Griffin,1550
Grand Forks,State House,19,REP,Gary Paur,1935
Grand Forks,State House,19,REP,Wayne Trottier,1895
Grand Forks,State House,43,,write-in,14
Grand Forks,State House,43,DEM,Donald Vangsnes,1510
Grand Forks,State House,43,DEM,Lois Delmore,1899
Grand Forks,State House,43,REP,Curt Kreun,1972
Grand Forks,State House,43,REP,Donald D Dietrich,1894
Grand Forks,State Senate,17,,write-in,17
Grand Forks,State Senate,17,DEM,Thomas Petros,1915
Grand Forks,State Senate,17,REP,Ray Holmberg,4088
Grand Forks,State Senate,19,,write-in,9
Grand Forks,State Senate,19,DEM,Arthur H Behm,1277
Grand Forks,State Senate,19,REP,Gerald (Gerry) Uglem,2298
Grand Forks,State Senate,43,,write-in,7
Grand Forks,State Senate,43,DEM,JoNell A Bakke,1872
Grand Forks,State Senate,43,REP,Lonnie Laffen,2102
Grand Forks,"Supervisor, Soil Conservation District Grand Forks",,,Steven Sand,16221
Grand Forks,"Supervisor, Soil Conservation District Grand Forks",,,write-in,92
Grand Forks,Tax Commissioner,,,write-in,11
Grand Forks,Tax Commissioner,,DEM,Cynthia Kaldor,7009
Grand Forks,Tax Commissioner,,LIB,Richard Flattum-Riemers,660
Grand Forks,Tax Commissioner,,REP,Cory Fong,11836
Grand Forks,U.S. House,1,,write-in,34
Grand Forks,U.S. House,1,DEM,Earl Pomeroy,10762
Grand Forks,U.S. House,1,REP,Rick Berg,9493
Grand Forks,U.S. Senate,,,write-in,28
Grand Forks,U.S. Senate,,DEM,Tracy Potter,5049
Grand Forks,U.S. Senate,,LIB,Keith J Hanson,267
Grand Forks,U.S. Senate,,REP,John Hoeven,14984
Grant,Agriculture Commissioner,,,write-in,1
Grant,Agriculture Commissioner,,DEM,Merle Boucher,218
Grant,Agriculture Commissioner,,REP,Doug Goehring,923
Grant,Attorney General,,,write-in,0
Grant,Attorney General,,DEM,Jeanette Boechler,227
Grant,Attorney General,,REP,Wayne Stenehjem,916
Grant,Constitutional No. 1: Oil and Gas Tax Legacy Fund.,,,No,435
Grant,Constitutional No. 1: Oil and Gas Tax Legacy Fund.,,,Yes,655
Grant,County Auditor/Treasurer Grant,,,Kelly Bachmeier,718
Grant,County Auditor/Treasurer Grant,,,Misty Hanson,413
Grant,County Auditor/Treasurer Grant,,,write-in,0
Grant,County Commissioner District #2 Grant,,,Bill Koch,613
Grant,County Commissioner District #2 Grant,,,Daniel Stewart,511
Grant,County Commissioner District #2 Grant,,,write-in,5
Grant,County Official Newspaper Grant,,,Grant County News,997
Grant,County Recorder/Clerk of District Court Grant,,,Joyce Stern,1016
Grant,County Recorder/Clerk of District Court Grant,,,write-in,11
Grant,County Sheriff Grant,,,Steven E Bay,996
Grant,County Sheriff Grant,,,write-in,31
Grant,County States Attorney Grant,,,Dan Herbel,925
Grant,County States Attorney Grant,,,write-in,49
Grant,Initiated Statutory No. 2: Relating to Captive Game Hunting.,,,No,763
Grant,Initiated Statutory No. 2: Relating to Captive Game Hunting.,,,Yes,355
Grant,Judge of the District Court No. 5 South Central,,,Cynthia Feland,555
Grant,Judge of the District Court No. 5 South Central,,,Parrell Grossman,558
Grant,Judge of the District Court No. 5 South Central,,,write-in,0
Grant,Justice of the Supreme Court,,,Carol Kapsner,924
Grant,Justice of the Supreme Court,,,write-in,2
Grant,Public Service Commissioner,,,write-in,0
Grant,Public Service Commissioner,,DEM,Brad Crabtree,284
Grant,Public Service Commissioner,,LIB,Joshua Voytek,39
Grant,Public Service Commissioner,,REP,Kevin Cramer,806
Grant,Secretary of State,,,write-in,0
Grant,Secretary of State,,DEM,Corey Mock,348
Grant,Secretary of State,,REP,Alvin A (Al) Jaeger,790
Grant,State House,31,,write-in,2
Grant,State House,31,DEM,Chad M Harrison,286
Grant,State House,31,DEM,James Kerzman,505
Grant,State House,31,REP,James E Schmidt,642
Grant,State House,31,REP,Karen Rohr,631
Grant,State Senate,31,,Donald Schaible,529
Grant,State Senate,31,,George Hsu,285
Grant,State Senate,31,,Rodney J Froelich,335
Grant,State Senate,31,,write-in,1
Grant,"Supervisor, Soil Conservation District Soil Conservation District",,,Natalie (Jodie) Gaugler,1000
Grant,"Supervisor, Soil Conservation District Soil Conservation District",,,write-in,4
Grant,Tax Commissioner,,,write-in,1
Grant,Tax Commissioner,,DEM,Cynthia Kaldor,216
Grant,Tax Commissioner,,LIB,Richard Flattum-Riemers,34
Grant,Tax Commissioner,,REP,Cory Fong,878
Grant,U.S. House,1,,write-in,5
Grant,U.S. House,1,DEM,Earl Pomeroy,400
Grant,U.S. House,1,REP,Rick Berg,734
Grant,U.S. Senate,,,write-in,0
Grant,U.S. Senate,,DEM,Tracy Potter,195
Grant,U.S. Senate,,LIB,Keith J Hanson,17
Grant,U.S. Senate,,REP,John Hoeven,949
Griggs,Agriculture Commissioner,,,write-in,0
Griggs,Agriculture Commissioner,,DEM,Merle Boucher,384
Griggs,Agriculture Commissioner,,REP,Doug Goehring,730
Griggs,Attorney General,,,write-in,0
Griggs,Attorney General,,DEM,Jeanette Boechler,315
Griggs,Attorney General,,REP,Wayne Stenehjem,810
Griggs,Constitutional No. 1: Oil and Gas Tax Legacy Fund.,,,No,407
Griggs,Constitutional No. 1: Oil and Gas Tax Legacy Fund.,,,Yes,665
Griggs,County Auditor Griggs,,,Cynthia M Anton,982
Griggs,County Auditor Griggs,,,write-in,28
Griggs,County Commissioner Griggs - District 1,,,Robert R Roggenbuck,60
Griggs,County Commissioner Griggs - District 1,,,Ron Halvorson,159
Griggs,County Commissioner Griggs - District 1,,,write-in,2
Griggs,County Commissioner Griggs - District 3,,,Dennis L Halvorson,142
Griggs,County Commissioner Griggs - District 3,,,Kent Anderson,140
Griggs,County Commissioner Griggs - District 3,,,write-in,0
Griggs,County Commissioner Griggs - District 5,,,Robert Johnson,184
Griggs,County Commissioner Griggs - District 5,,,write-in,6
Griggs,County Official Newspaper Griggs,,,Griggs County Courier,987
Griggs,County Recorder/Clerk of District Court Griggs,,,Janice M Steffen,1050
Griggs,County Recorder/Clerk of District Court Griggs,,,write-in,3
Griggs,County Sheriff Griggs,,,Robert S Hook,1021
Griggs,County Sheriff Griggs,,,write-in,26
Griggs,County States Attorney Griggs,,,Paul Murphy,685
Griggs,County States Attorney Griggs,,,Phyllis A Ratcliffe,393
Griggs,County States Attorney Griggs,,,write-in,10
Griggs,County Treasurer Griggs,,,Connie E Eslinger,1067
Griggs,County Treasurer Griggs,,,write-in,2
Griggs,Initiated Statutory No. 2: Relating to Captive Game Hunting.,,,No,610
Griggs,Initiated Statutory No. 2: Relating to Captive Game Hunting.,,,Yes,483
Griggs,Judge of the District Court No. 2 Southeast,,,Brad Cruff,604
Griggs,Judge of the District Court No. 2 Southeast,,,John T (Jack) Paulson,399
Griggs,Judge of the District Court No. 2 Southeast,,,write-in,1
Griggs,Judge of the District Court No. 5 Southeast,,,Daniel D Narum,881
Griggs,Judge of the District Court No. 5 Southeast,,,write-in,1
Griggs,Justice of the Supreme Court,,,Carol Kapsner,912
Griggs,Justice of the Supreme Court,,,write-in,1
Griggs,Public Service Commissioner,,,write-in,0
Griggs,Public Service Commissioner,,DEM,Brad Crabtree,404
Griggs,Public Service Commissioner,,LIB,Joshua Voytek,38
Griggs,Public Service Commissioner,,REP,Kevin Cramer,675
Griggs,Secretary of State,,,write-in,1
Griggs,Secretary of State,,DEM,Corey Mock,417
Griggs,Secretary of State,,REP,Alvin A (Al) Jaeger,701
Griggs,State House,23,,write-in,2
Griggs,State House,23,DEM,Ben Vig,425
Griggs,State House,23,DEM,Erich Steven Longie,225
Griggs,State House,23,REP,Bill Devlin,650
Griggs,State House,23,REP,Don Vigesaa,869
Griggs,State Senate,23,,write-in,0
Griggs,State Senate,23,DEM,Joan M Heckaman,496
Griggs,State Senate,23,REP,Frank Walker,617
Griggs,"Supervisor, Soil Conservation District Griggs",,,Carolyn Dekker,1014
Griggs,"Supervisor, Soil Conservation District Griggs",,,write-in,5
Griggs,Tax Commissioner,,,write-in,0
Griggs,Tax Commissioner,,DEM,Cynthia Kaldor,357
Griggs,Tax Commissioner,,LIB,Richard Flattum-Riemers,32
Griggs,Tax Commissioner,,REP,Cory Fong,717
Griggs,U.S. House,1,,write-in,0
Griggs,U.S. House,1,DEM,Earl Pomeroy,552
Griggs,U.S. House,1,REP,Rick Berg,573
Griggs,U.S. Senate,,,write-in,0
Griggs,U.S. Senate,,DEM,Tracy Potter,274
Griggs,U.S. Senate,,LIB,Keith J Hanson,19
Griggs,U.S. Senate,,REP,John Hoeven,845
Hettinger,Agriculture Commissioner,,,write-in,0
Hettinger,Agriculture Commissioner,,DEM,Merle Boucher,263
Hettinger,Agriculture Commissioner,,REP,Doug Goehring,875
Hettinger,Attorney General,,,write-in,0
Hettinger,Attorney General,,DEM,Jeanette Boechler,247
Hettinger,Attorney General,,REP,Wayne Stenehjem,886
Hettinger,Constitutional No. 1: Oil and Gas Tax Legacy Fund.,,,No,483
Hettinger,Constitutional No. 1: Oil and Gas Tax Legacy Fund.,,,Yes,620
Hettinger,County Auditor Hettinger,,,Roy J Steiner,1006
Hettinger,County Auditor Hettinger,,,write-in,11
Hettinger,County Commissioner Hettinger - District 2,,,Carson Kouba,393
Hettinger,County Commissioner Hettinger - District 2,,,Rob Larson,741
Hettinger,County Commissioner Hettinger - District 2,,,write-in,2
Hettinger,County Official Newspaper Hettinger,,,The Herald,1005
Hettinger,County Recorder/Clerk of Court Hettinger,,,Sylvia Gion,1014
Hettinger,County Recorder/Clerk of Court Hettinger,,,write-in,1
Hettinger,County Sheriff Hettinger,,,Josh Bullinger,290
Hettinger,County Sheriff Hettinger,,,Sarah Warner,779
Hettinger,County Sheriff Hettinger,,,write-in,16
Hettinger,County States Attorney Hettinger,,,James D Gion,965
Hettinger,County States Attorney Hettinger,,,write-in,14
Hettinger,County Treasurer Hettinger,,,Loran D Rixen,1012
Hettinger,County Treasurer Hettinger,,,write-in,2
Hettinger,Hettinger County Historical Society Mill Levy Increase: Shall the Hettinger County Commissioners increase the mill levy for the Hettinger County Historical Society from the current .34 mills to .75 mills Hettinger,,,No,584
Hettinger,Hettinger County Historical Society Mill Levy Increase: Shall the Hettinger County Commissioners increase the mill levy for the Hettinger County Historical Society from the current .34 mills to .75 mills Hettinger,,,Yes,546
Hettinger,Initiated Statutory No. 2: Relating to Captive Game Hunting.,,,No,804
Hettinger,Initiated Statutory No. 2: Relating to Captive Game Hunting.,,,Yes,339
Hettinger,Justice of the Supreme Court,,,Carol Kapsner,918
Hettinger,Justice of the Supreme Court,,,write-in,5
Hettinger,Public Service Commissioner,,,write-in,1
Hettinger,Public Service Commissioner,,DEM,Brad Crabtree,317
Hettinger,Public Service Commissioner,,LIB,Joshua Voytek,27
Hettinger,Public Service Commissioner,,REP,Kevin Cramer,797
Hettinger,Secretary of State,,,write-in,1
Hettinger,Secretary of State,,DEM,Corey Mock,322
Hettinger,Secretary of State,,REP,Alvin A (Al) Jaeger,805
Hettinger,State House,31,,write-in,1
Hettinger,State House,31,DEM,Chad M Harrison,152
Hettinger,State House,31,DEM,James Kerzman,408
Hettinger,State House,31,REP,James E Schmidt,368
Hettinger,State House,31,REP,Karen Rohr,493
Hettinger,State Senate,31,,Donald Schaible,679
Hettinger,State Senate,31,,George Hsu,20
Hettinger,State Senate,31,,Rodney J Froelich,105
Hettinger,State Senate,31,,write-in,0
Hettinger,"Supervisor, Soil Conservation District Slope-Hettinger Slope/Hettinger Soil",,,Dale Friedt,1001
Hettinger,"Supervisor, Soil Conservation District Slope-Hettinger Slope/Hettinger Soil",,,write-in,9
Hettinger,Tax Commissioner,,,write-in,0
Hettinger,Tax Commissioner,,DEM,Cynthia Kaldor,231
Hettinger,Tax Commissioner,,LIB,Richard Flattum-Riemers,36
Hettinger,Tax Commissioner,,REP,Cory Fong,870
Hettinger,U.S. House,1,,write-in,1
Hettinger,U.S. House,1,DEM,Earl Pomeroy,397
Hettinger,U.S. House,1,REP,Rick Berg,753
Hettinger,U.S. Senate,,,write-in,2
Hettinger,U.S. Senate,,DEM,Tracy Potter,205
Hettinger,U.S. Senate,,LIB,Keith J Hanson,25
Hettinger,U.S. Senate,,REP,John Hoeven,934
Kidder,Agriculture Commissioner,,,write-in,0
Kidder,Agriculture Commissioner,,DEM,Merle Boucher,269
Kidder,Agriculture Commissioner,,REP,Doug Goehring,871
Kidder,Attorney General,,,write-in,0
Kidder,Attorney General,,DEM,Jeanette Boechler,287
Kidder,Attorney General,,REP,Wayne Stenehjem,863
Kidder,Constitutional No. 1: Oil and Gas Tax Legacy Fund.,,,No,423
Kidder,Constitutional No. 1: Oil and Gas Tax Legacy Fund.,,,Yes,670
Kidder,County Auditor Kidder,,,Michelle Keily,1048
Kidder,County Auditor Kidder,,,write-in,3
Kidder,County Commissioner at Large Kidder,,,Daniel S Moch,603
Kidder,County Commissioner at Large Kidder,,,Don Rudolph,795
Kidder,County Commissioner at Large Kidder,,,Marlin J Kapp,564
Kidder,County Commissioner at Large Kidder,,,write-in,43
Kidder,County Official Newspaper Kidder,,,Steele Ozone & Kidder County Press,1032
Kidder,County Recorder Kidder,,,Barbara J Steinke,1029
Kidder,County Recorder Kidder,,,write-in,4
Kidder,County Sheriff Kidder,,,Douglas L Howard,328
Kidder,County Sheriff Kidder,,,John Lemieux,758
Kidder,County Sheriff Kidder,,,write-in,21
Kidder,County States Attorney Kidder,,,Jerod Tufte,957
Kidder,County States Attorney Kidder,,,write-in,14
Kidder,County Treasurer Kidder,,,Vickie Murray,1063
Kidder,County Treasurer Kidder,,,write-in,2
Kidder,Initiated Statutory No. 2: Relating to Captive Game Hunting.,,,No,830
Kidder,Initiated Statutory No. 2: Relating to Captive Game Hunting.,,,Yes,292
Kidder,Judge of the District Court No. 5 South Central,,,Cynthia Feland,692
Kidder,Judge of the District Court No. 5 South Central,,,Parrell Grossman,380
Kidder,Judge of the District Court No. 5 South Central,,,write-in,1
Kidder,Justice of the Supreme Court,,,Carol Kapsner,927
Kidder,Justice of the Supreme Court,,,write-in,7
Kidder,Public Service Commissioner,,,write-in,1
Kidder,Public Service Commissioner,,DEM,Brad Crabtree,379
Kidder,Public Service Commissioner,,LIB,Joshua Voytek,45
Kidder,Public Service Commissioner,,REP,Kevin Cramer,704
Kidder,Secretary of State,,,write-in,0
Kidder,Secretary of State,,DEM,Corey Mock,461
Kidder,Secretary of State,,REP,Alvin A (Al) Jaeger,680
Kidder,"Supervisor, Soil Conservation District Kidder",,,Jack Spah,1008
Kidder,"Supervisor, Soil Conservation District Kidder",,,write-in,6
Kidder,Tax Commissioner,,,write-in,2
Kidder,Tax Commissioner,,DEM,Cynthia Kaldor,261
Kidder,Tax Commissioner,,LIB,Richard Flattum-Riemers,50
Kidder,Tax Commissioner,,REP,Cory Fong,836
Kidder,U.S. House,1,,write-in,4
Kidder,U.S. House,1,DEM,Earl Pomeroy,428
Kidder,U.S. House,1,REP,Rick Berg,711
Kidder,U.S. Senate,,,write-in,1
Kidder,U.S. Senate,,DEM,Tracy Potter,261
Kidder,U.S. Senate,,LIB,Keith J Hanson,37
Kidder,U.S. Senate,,REP,John Hoeven,857
LaMoure,Agriculture Commissioner,,,write-in,0
LaMoure,Agriculture Commissioner,,DEM,Merle Boucher,575
LaMoure,Agriculture Commissioner,,REP,Doug Goehring,1469
LaMoure,Attorney General,,,write-in,1
LaMoure,Attorney General,,DEM,Jeanette Boechler,515
LaMoure,Attorney General,,REP,Wayne Stenehjem,1538
LaMoure,Constitutional No. 1: Oil and Gas Tax Legacy Fund.,,,No,916
LaMoure,Constitutional No. 1: Oil and Gas Tax Legacy Fund.,,,Yes,986
LaMoure,County Auditor LaMoure,,,Michial H Johnson,1881
LaMoure,County Auditor LaMoure,,,write-in,18
LaMoure,County Commissioner LaMoure - District 2,,,Bruce Klein,244
LaMoure,County Commissioner LaMoure - District 2,,,Dennis Feiken,98
LaMoure,County Commissioner LaMoure - District 2,,,write-in,0
LaMoure,County Commissioner LaMoure - District 4,,,Robert (Bob) Flath,361
LaMoure,County Commissioner LaMoure - District 4,,,write-in,9
LaMoure,County Official Newspaper LaMoure,,,LaMoure Chronicle,1265
LaMoure,County Official Newspaper LaMoure,,,The Edgeley Mail,806
LaMoure,County Recorder LaMoure,,,Donnell (Nell) Walstead,985
LaMoure,County Recorder LaMoure,,,Laurie Good,1053
LaMoure,County Recorder LaMoure,,,write-in,4
LaMoure,County Sheriff LaMoure,,,Gary Jensen,726
LaMoure,County Sheriff LaMoure,,,Robert Fernandes,1330
LaMoure,County Sheriff LaMoure,,,write-in,5
LaMoure,County States Attorney LaMoure,,,Kimberly J. Radermacher,830
LaMoure,County States Attorney LaMoure,,,Ryan Norrell,1222
LaMoure,County States Attorney LaMoure,,,write-in,0
LaMoure,County Treasurer LaMoure,,,Harmony Rode,816
LaMoure,County Treasurer LaMoure,,,Kathy Exner,1219
LaMoure,County Treasurer LaMoure,,,write-in,0
LaMoure,Initiated Statutory No. 2: Relating to Captive Game Hunting.,,,No,1261
LaMoure,Initiated Statutory No. 2: Relating to Captive Game Hunting.,,,Yes,708
LaMoure,Judge of the District Court No. 2 Southeast,,,Brad Cruff,897
LaMoure,Judge of the District Court No. 2 Southeast,,,John T (Jack) Paulson,1014
LaMoure,Judge of the District Court No. 2 Southeast,,,write-in,1
LaMoure,Judge of the District Court No. 5 Southeast,,,Daniel D Narum,1828
LaMoure,Judge of the District Court No. 5 Southeast,,,write-in,19
LaMoure,Justice of the Supreme Court,,,Carol Kapsner,1724
LaMoure,Justice of the Supreme Court,,,write-in,5
LaMoure,Public Service Commissioner,,,write-in,0
LaMoure,Public Service Commissioner,,DEM,Brad Crabtree,682
LaMoure,Public Service Commissioner,,LIB,Joshua Voytek,63
LaMoure,Public Service Commissioner,,REP,Kevin Cramer,1291
LaMoure,Secretary of State,,,write-in,2
LaMoure,Secretary of State,,DEM,Corey Mock,724
LaMoure,Secretary of State,,REP,Alvin A (Al) Jaeger,1313
LaMoure,State House,29,,write-in,1
LaMoure,State House,29,DEM,Ellen Linderman,283
LaMoure,State House,29,DEM,Jason McKenney,272
LaMoure,State House,29,REP,Chet Pollert,334
LaMoure,State House,29,REP,Craig Headland,332
LaMoure,State Senate,29,,write-in,0
LaMoure,State Senate,29,DEM,Richard Schlosser,329
LaMoure,State Senate,29,REP,Terry M Wanzek,317
LaMoure,"Supervisor, Soil Conservation District Soil Conservation District",,,Christof Just,1855
LaMoure,"Supervisor, Soil Conservation District Soil Conservation District",,,write-in,10
LaMoure,Tax Commissioner,,,write-in,0
LaMoure,Tax Commissioner,,DEM,Cynthia Kaldor,566
LaMoure,Tax Commissioner,,LIB,Richard Flattum-Riemers,71
LaMoure,Tax Commissioner,,REP,Cory Fong,1397
LaMoure,U.S. House,1,,write-in,3
LaMoure,U.S. House,1,DEM,Earl Pomeroy,956
LaMoure,U.S. House,1,REP,Rick Berg,1115
LaMoure,U.S. Senate,,,write-in,3
LaMoure,U.S. Senate,,DEM,Tracy Potter,426
LaMoure,U.S. Senate,,LIB,Keith J Hanson,41
LaMoure,U.S. Senate,,REP,John Hoeven,1616
Logan,Agriculture Commissioner,,,write-in,3
Logan,Agriculture Commissioner,,DEM,Merle Boucher,216
Logan,Agriculture Commissioner,,REP,Doug Goehring,724
Logan,Attorney General,,,write-in,0
Logan,Attorney General,,DEM,Jeanette Boechler,188
Logan,Attorney General,,REP,Wayne Stenehjem,765
Logan,Constitutional No. 1: Oil and Gas Tax Legacy Fund.,,,No,417
Logan,Constitutional No. 1: Oil and Gas Tax Legacy Fund.,,,Yes,440
Logan,County Auditor Logan,,,Blanche A Schumacher,853
Logan,County Auditor Logan,,,write-in,10
Logan,County Commissioner at Large Logan,,,Eric Hoberg,357
Logan,County Commissioner at Large Logan,,,Jack T Erbele,578
Logan,County Commissioner at Large Logan,,,write-in,4
Logan,County Official Newspaper Logan,,,Napoleon Homestead,838
Logan,County Recorder Logan,,,Dawne Marquart,491
Logan,County Recorder Logan,,,NeElda (Nell) Essig,442
Logan,County Recorder Logan,,,write-in,2
Logan,County Sheriff Logan,,,Steve Engelhardt,837
Logan,County Sheriff Logan,,,write-in,21
Logan,County States Attorney Logan,,,Gerald A Kuhn,784
Logan,County States Attorney Logan,,,write-in,15
Logan,County Treasurer Logan,,,Cynthia L Doll,500
Logan,County Treasurer Logan,,,Doreen Fettig,457
Logan,County Treasurer Logan,,,write-in,0
Logan,Initiated Statutory No. 2: Relating to Captive Game Hunting.,,,No,663
Logan,Initiated Statutory No. 2: Relating to Captive Game Hunting.,,,Yes,254
Logan,Judge of the District Court No. 5 South Central,,,Cynthia Feland,487
Logan,Judge of the District Court No. 5 South Central,,,Parrell Grossman,292
Logan,Judge of the District Court No. 5 South Central,,,write-in,2
Logan,Justice of the Supreme Court,,,Carol Kapsner,723
Logan,Justice of the Supreme Court,,,write-in,1
Logan,Public Service Commissioner,,,write-in,1
Logan,Public Service Commissioner,,DEM,Brad Crabtree,237
Logan,Public Service Commissioner,,LIB,Joshua Voytek,42
Logan,Public Service Commissioner,,REP,Kevin Cramer,655
Logan,SPECIAL COUNTY MEASURE: Shall the Logan County Commissioners be authorized to levy a tax upon all taxable property in Logan County not to exceed five (5) mills for the improvement of county highways (roads) as authorized under section 24-05-01 of the North Dakota Century Code? Logan,,,No,543
Logan,SPECIAL COUNTY MEASURE: Shall the Logan County Commissioners be authorized to levy a tax upon all taxable property in Logan County not to exceed five (5) mills for the improvement of county highways (roads) as authorized under section 24-05-01 of the North Dakota Century Code? Logan,,,Yes,390
Logan,Secretary of State,,,write-in,0
Logan,Secretary of State,,DEM,Corey Mock,304
Logan,Secretary of State,,REP,Alvin A (Al) Jaeger,632
Logan,"Supervisor, Soil Conservation District Logan",,,Jeffrey Schneider,815
Logan,"Supervisor, Soil Conservation District Logan",,,write-in,4
Logan,Tax Commissioner,,,write-in,0
Logan,Tax Commissioner,,DEM,Cynthia Kaldor,176
Logan,Tax Commissioner,,LIB,Richard Flattum-Riemers,29
Logan,Tax Commissioner,,REP,Cory Fong,733
Logan,U.S. House,1,,write-in,4
Logan,U.S. House,1,DEM,Earl Pomeroy,333
Logan,U.S. House,1,REP,Rick Berg,611
Logan,U.S. Senate,,,write-in,2
Logan,U.S. Senate,,DEM,Tracy Potter,146
Logan,U.S. Senate,,LIB,Keith J Hanson,19
Logan,U.S. Senate,,REP,John Hoeven,800
McHenry,Agriculture Commissioner,,,write-in,1
McHenry,Agriculture Commissioner,,DEM,Merle Boucher,816
McHenry,Agriculture Commissioner,,REP,Doug Goehring,1490
McHenry,Attorney General,,,write-in,0
McHenry,Attorney General,,DEM,Jeanette Boechler,617
McHenry,Attorney General,,REP,Wayne Stenehjem,1713
McHenry,Constitutional No. 1: Oil and Gas Tax Legacy Fund.,,,No,779
McHenry,Constitutional No. 1: Oil and Gas Tax Legacy Fund.,,,Yes,1463
McHenry,County Auditor McHenry,,,Darlene Carpenter,2064
McHenry,County Auditor McHenry,,,write-in,17
McHenry,County Clerk of District Court McHenry,,,Lorraine Myers,2036
McHenry,County Clerk of District Court McHenry,,,write-in,5
McHenry,County Commissioner McHenry - District 1,,,Harry Bergstad,372
McHenry,County Commissioner McHenry - District 1,,,Lyle J Hendrickson,132
McHenry,County Commissioner McHenry - District 1,,,write-in,6
McHenry,County Commissioner McHenry - District 3,,,Brian Erdman,159
McHenry,County Commissioner McHenry - District 3,,,David O Medalen,248
McHenry,County Commissioner McHenry - District 3,,,write-in,0
McHenry,County Commissioner McHenry - District 5,,,Darrell A Haman,225
McHenry,County Commissioner McHenry - District 5,,,Vern Kongslie,257
McHenry,County Commissioner McHenry - District 5,,,write-in,6
McHenry,County Official Newspaper McHenry,,,Mouse River Journal,1565
McHenry,County Official Newspaper McHenry,,,Velva Area Voice,727
McHenry,County Recorder McHenry,,,Pam Kuk,2055
McHenry,County Recorder McHenry,,,write-in,11
McHenry,County Sheriff McHenry,,,Marvin A Sola,2000
McHenry,County Sheriff McHenry,,,write-in,40
McHenry,County States Attorney McHenry,,,Marie A Roller,1241
McHenry,County States Attorney McHenry,,,Robin Thompson Gordon,982
McHenry,County States Attorney McHenry,,,write-in,3
McHenry,County Treasurer McHenry,,,Linda Fairbrother,2065
McHenry,County Treasurer McHenry,,,write-in,10
McHenry,"Director, Garrison Diversion Conservancy McHenry",,,Cliff Hanretty,1920
McHenry,"Director, Garrison Diversion Conservancy McHenry",,,write-in,40
McHenry,Initiated Statutory No. 2: Relating to Captive Game Hunting.,,,No,1345
McHenry,Initiated Statutory No. 2: Relating to Captive Game Hunting.,,,Yes,917
McHenry,Judge of the District Court No. 1 Northeast,,,Lee A Christofferson,1917
McHenry,Judge of the District Court No. 1 Northeast,,,write-in,6
McHenry,Judge of the District Court No. 5 Northeast,,,Laurie A Fontaine,1912
McHenry,Judge of the District Court No. 5 Northeast,,,write-in,5
McHenry,Justice of the Supreme Court,,,Carol Kapsner,1928
McHenry,Justice of the Supreme Court,,,write-in,6
McHenry,Public Service Commissioner,,,write-in,0
McHenry,Public Service Commissioner,,DEM,Brad Crabtree,799
McHenry,Public Service Commissioner,,LIB,Joshua Voytek,86
McHenry,Public Service Commissioner,,REP,Kevin Cramer,1417
McHenry,Secretary of State,,,write-in,2
McHenry,Secretary of State,,DEM,Corey Mock,932
McHenry,Secretary of State,,REP,Alvin A (Al) Jaeger,1379
McHenry,State House,7,,write-in,4
McHenry,State House,7,DEM,Cindy Shattuck,968
McHenry,State House,7,DEM,Marie Marshall,982
McHenry,State House,7,REP,Dick Anderson,1196
McHenry,State House,7,REP,Jon Nelson,1244
McHenry,State Senate,7,,write-in,0
McHenry,State Senate,7,DEM,Ryan M Taylor,1402
McHenry,State Senate,7,REP,Craig Wollenburg,938
McHenry,"Supervisor, Mouse River Soil Conservation District Mouse River Soil",,,Wayne Artz,28
McHenry,"Supervisor, Mouse River Soil Conservation District Mouse River Soil",,,write-in,0
McHenry,"Supervisor, North McHenry Soil Conservation District North McHenry Soil",,,David O Medalen,925
McHenry,"Supervisor, North McHenry Soil Conservation District North McHenry Soil",,,write-in,3
McHenry,"Supervisor, South McHenry Soil Conservation District South McHenry Soil",,,Thomas J Alme,1125
McHenry,"Supervisor, South McHenry Soil Conservation District South McHenry Soil",,,write-in,9
McHenry,Tax Commissioner,,,write-in,3
McHenry,Tax Commissioner,,DEM,Cynthia Kaldor,681
McHenry,Tax Commissioner,,LIB,Richard Flattum-Riemers,85
McHenry,Tax Commissioner,,REP,Cory Fong,1528
McHenry,U.S. House,1,,write-in,6
McHenry,U.S. House,1,DEM,Earl Pomeroy,1035
McHenry,U.S. House,1,REP,Rick Berg,1263
McHenry,U.S. Senate,,,write-in,1
McHenry,U.S. Senate,,DEM,Tracy Potter,516
McHenry,U.S. Senate,,LIB,Keith J Hanson,45
McHenry,U.S. Senate,,REP,John Hoeven,1774
McIntosh,"911 FEE INCREASE QUESTION: Should the current emergency services communication fee of up to $1.00 per month per wireless access line and telephone access line for the operation and maintenance of the emergency 911 communications system be increased to $1.50? Voter approval would allow a fee, not to exeed $1.50 per month per wireless (cellular) access line and telephone access line, to be continued for an initial six-year period, with the revenue dedicated to maintaining and operating the emergency services communications system as required by law. McIntosh",,,No,906
McIntosh,"911 FEE INCREASE QUESTION: Should the current emergency services communication fee of up to $1.00 per month per wireless access line and telephone access line for the operation and maintenance of the emergency 911 communications system be increased to $1.50? Voter approval would allow a fee, not to exeed $1.50 per month per wireless (cellular) access line and telephone access line, to be continued for an initial six-year period, with the revenue dedicated to maintaining and operating the emergency services communications system as required by law. McIntosh",,,Yes,424
McIntosh,Agriculture Commissioner,,,write-in,1
McIntosh,Agriculture Commissioner,,DEM,Merle Boucher,291
McIntosh,Agriculture Commissioner,,REP,Doug Goehring,1082
McIntosh,Attorney General,,,write-in,1
McIntosh,Attorney General,,DEM,Jeanette Boechler,285
McIntosh,Attorney General,,REP,Wayne Stenehjem,1082
McIntosh,Constitutional No. 1: Oil and Gas Tax Legacy Fund.,,,No,502
McIntosh,Constitutional No. 1: Oil and Gas Tax Legacy Fund.,,,Yes,755
McIntosh,County Auditor McIntosh,,,Gina Ketterling,1224
McIntosh,County Auditor McIntosh,,,write-in,12
McIntosh,County Commissioner at Large McIntosh,,,Bob Schumacher,602
McIntosh,County Commissioner at Large McIntosh,,,Neil Meidinger,701
McIntosh,County Commissioner at Large McIntosh,,,Ron J Meidinger,696
McIntosh,County Commissioner at Large McIntosh,,,Tracy Heil,624
McIntosh,County Commissioner at Large McIntosh,,,write-in,8
McIntosh,County Official Newspaper McIntosh,,,Ashley Tribune,714
McIntosh,County Official Newspaper McIntosh,,,Wishek Star,591
McIntosh,County Recorder/Clerk of District Court McIntosh,,,Carol Fey,1243
McIntosh,County Recorder/Clerk of District Court McIntosh,,,write-in,4
McIntosh,County Sheriff McIntosh,,,Laurie Spitzer,1150
McIntosh,County Sheriff McIntosh,,,write-in,48
McIntosh,County States Attorney McIntosh,,,Terry Elhard,1097
McIntosh,County States Attorney McIntosh,,,write-in,54
McIntosh,County Treasurer McIntosh,,,Donna Heupel,1227
McIntosh,County Treasurer McIntosh,,,write-in,10
McIntosh,Initiated Statutory No. 2: Relating to Captive Game Hunting.,,,No,691
McIntosh,Initiated Statutory No. 2: Relating to Captive Game Hunting.,,,Yes,592
McIntosh,Judge of the District Court No. 5 South Central,,,Cynthia Feland,799
McIntosh,Judge of the District Court No. 5 South Central,,,Parrell Grossman,410
McIntosh,Judge of the District Court No. 5 South Central,,,write-in,1
McIntosh,Justice of the Supreme Court,,,Carol Kapsner,1128
McIntosh,Justice of the Supreme Court,,,write-in,3
McIntosh,Public Service Commissioner,,,write-in,0
McIntosh,Public Service Commissioner,,DEM,Brad Crabtree,348
McIntosh,Public Service Commissioner,,LIB,Joshua Voytek,46
McIntosh,Public Service Commissioner,,REP,Kevin Cramer,976
McIntosh,Secretary of State,,,write-in,1
McIntosh,Secretary of State,,DEM,Corey Mock,450
McIntosh,Secretary of State,,REP,Alvin A (Al) Jaeger,910
McIntosh,"Supervisor, Soil Conservation District McIntosh",,,Sandra Meidinger,1194
McIntosh,"Supervisor, Soil Conservation District McIntosh",,,write-in,6
McIntosh,Tax Commissioner,,,write-in,1
McIntosh,Tax Commissioner,,DEM,Cynthia Kaldor,286
McIntosh,Tax Commissioner,,LIB,Richard Flattum-Riemers,41
McIntosh,Tax Commissioner,,REP,Cory Fong,1041
McIntosh,U.S. House,1,,write-in,3
McIntosh,U.S. House,1,DEM,Earl Pomeroy,515
McIntosh,U.S. House,1,REP,Rick Berg,856
McIntosh,U.S. Senate,,,write-in,1
McIntosh,U.S. Senate,,DEM,Tracy Potter,197
McIntosh,U.S. Senate,,LIB,Keith J Hanson,23
McIntosh,U.S. Senate,,REP,John Hoeven,1168
McKenzie,Agriculture Commissioner,,,write-in,5
McKenzie,Agriculture Commissioner,,DEM,Merle Boucher,514
McKenzie,Agriculture Commissioner,,REP,Doug Goehring,1592
McKenzie,Attorney General,,,write-in,2
McKenzie,Attorney General,,DEM,Jeanette Boechler,441
McKenzie,Attorney General,,REP,Wayne Stenehjem,1702
McKenzie,Constitutional No. 1: Oil and Gas Tax Legacy Fund.,,,No,1237
McKenzie,Constitutional No. 1: Oil and Gas Tax Legacy Fund.,,,Yes,820
McKenzie,County Auditor McKenzie,,,Jodi Hayden Hanson,1070
McKenzie,County Auditor McKenzie,,,Sarah A Billing,959
McKenzie,County Auditor McKenzie,,,write-in,3
McKenzie,County Commissioner McKenzie,,,Cameron Arnegard,839
McKenzie,County Commissioner McKenzie,,,Richard (Rick) Lawlar,1434
McKenzie,County Commissioner McKenzie,,,Roger Chinn,1322
McKenzie,County Commissioner McKenzie,,,write-in,21
McKenzie,County Recorder McKenzie,,,Ann M Johnsrud,1833
McKenzie,County Recorder McKenzie,,,write-in,4
McKenzie,County Sheriff McKenzie,,,Ron Rankin,1869
McKenzie,County Sheriff McKenzie,,,write-in,32
McKenzie,County States Attorney McKenzie,,,Dennis Edward Johnson,1656
McKenzie,County States Attorney McKenzie,,,write-in,42
McKenzie,County Treasurer McKenzie,,,Linda Svihovec,1880
McKenzie,County Treasurer McKenzie,,,write-in,6
McKenzie,Initiated Statutory No. 2: Relating to Captive Game Hunting.,,,No,1483
McKenzie,Initiated Statutory No. 2: Relating to Captive Game Hunting.,,,Yes,613
McKenzie,Judge of the District Court No. 1 Northwest,,,Josh B Rustad,1115
McKenzie,Judge of the District Court No. 1 Northwest,,,Paul W Jacobson,654
McKenzie,Judge of the District Court No. 1 Northwest,,,write-in,5
McKenzie,Judge of the District Court No. 4 Northwest,,,Gary H Lee,1587
McKenzie,Judge of the District Court No. 4 Northwest,,,write-in,7
McKenzie,Justice of the Supreme Court,,,Carol Kapsner,1617
McKenzie,Justice of the Supreme Court,,,write-in,7
McKenzie,Official County Newspaper McKenzie,,,McKenzie County Farmer,1821
McKenzie,Public Service Commissioner,,,write-in,2
McKenzie,Public Service Commissioner,,DEM,Brad Crabtree,588
McKenzie,Public Service Commissioner,,LIB,Joshua Voytek,75
McKenzie,Public Service Commissioner,,REP,Kevin Cramer,1439
McKenzie,Secretary of State,,,write-in,2
McKenzie,Secretary of State,,DEM,Corey Mock,607
McKenzie,Secretary of State,,REP,Alvin A (Al) Jaeger,1498
McKenzie,State House,39,,"David ""Skip"" Drovdal",1445
McKenzie,State House,39,,write-in,2
McKenzie,State House,39,DEM,Aaron Judkins,523
McKenzie,State House,39,REP,Keith Kempenich,1305
McKenzie,State Senate,39,,write-in,7
McKenzie,State Senate,39,REP,Bill Bowman,1650
McKenzie,"Supervisor, Soil Conservation District McKenzie Soil",,,Darrel Minow,1737
McKenzie,"Supervisor, Soil Conservation District McKenzie Soil",,,write-in,13
McKenzie,Tax Commissioner,,,write-in,2
McKenzie,Tax Commissioner,,DEM,Cynthia Kaldor,455
McKenzie,Tax Commissioner,,LIB,Richard Flattum-Riemers,59
McKenzie,Tax Commissioner,,REP,Cory Fong,1593
McKenzie,U.S. House,1,,write-in,9
McKenzie,U.S. House,1,DEM,Earl Pomeroy,744
McKenzie,U.S. House,1,REP,Rick Berg,1399
McKenzie,U.S. Senate,,,write-in,1
McKenzie,U.S. Senate,,DEM,Tracy Potter,345
McKenzie,U.S. Senate,,LIB,Keith J Hanson,27
McKenzie,U.S. Senate,,REP,John Hoeven,1803
McLean,Agriculture Commissioner,,,write-in,4
McLean,Agriculture Commissioner,,DEM,Merle Boucher,1131
McLean,Agriculture Commissioner,,REP,Doug Goehring,2772
McLean,Attorney General,,,write-in,2
McLean,Attorney General,,DEM,Jeanette Boechler,994
McLean,Attorney General,,REP,Wayne Stenehjem,2945
McLean,Constitutional No. 1: Oil and Gas Tax Legacy Fund.,,,No,1520
McLean,Constitutional No. 1: Oil and Gas Tax Legacy Fund.,,,Yes,2251
McLean,County Auditor McLean,,,Leslie Dale Korgel,3334
McLean,County Auditor McLean,,,write-in,19
McLean,County Commissioner McLean - District 1,,,Julie Hudson-Schenfisch,3159
McLean,County Commissioner McLean - District 1,,,write-in,71
McLean,County Commissioner McLean - District 3,,,Steve Lee,3329
McLean,County Commissioner McLean - District 3,,,write-in,32
McLean,County Official Newspaper McLean,,,Leader News,1358
McLean,County Official Newspaper McLean,,,McLean County Independent,2405
McLean,County Recorder McLean,,,Pamela Liebel,3324
McLean,County Recorder McLean,,,write-in,19
McLean,County Sheriff McLean,,,Don Charging,3473
McLean,County Sheriff McLean,,,write-in,34
McLean,County States Attorney McLean,,,Ladd Erickson,3186
McLean,County States Attorney McLean,,,write-in,61
McLean,"Director, Garrison Diversion Conservancy McLean",,,Rick Anderson,3169
McLean,"Director, Garrison Diversion Conservancy McLean",,,write-in,19
McLean,Initiated Statutory No. 2: Relating to Captive Game Hunting.,,,No,2855
McLean,Initiated Statutory No. 2: Relating to Captive Game Hunting.,,,Yes,992
McLean,Judge of the District Court No. 5 South Central,,,Cynthia Feland,2318
McLean,Judge of the District Court No. 5 South Central,,,Parrell Grossman,1140
McLean,Judge of the District Court No. 5 South Central,,,write-in,11
McLean,Justice of the Supreme Court,,,Carol Kapsner,3194
McLean,Justice of the Supreme Court,,,write-in,16
McLean,Public Service Commissioner,,,write-in,1
McLean,Public Service Commissioner,,DEM,Brad Crabtree,1322
McLean,Public Service Commissioner,,LIB,Joshua Voytek,126
McLean,Public Service Commissioner,,REP,Kevin Cramer,2458
McLean,Secretary of State,,,write-in,3
McLean,Secretary of State,,DEM,Corey Mock,1524
McLean,Secretary of State,,REP,Alvin A (Al) Jaeger,2385
McLean,"Supervisor, South McLean Soil Conservation District South McLean",,,write-in,259
McLean,"Supervisor, West McLean Soil Conservation District West McLean",,,Mark Retterath,1216
McLean,"Supervisor, West McLean Soil Conservation District West McLean",,,write-in,13
McLean,Tax Commissioner,,,write-in,3
McLean,Tax Commissioner,,DEM,Cynthia Kaldor,1043
McLean,Tax Commissioner,,LIB,Richard Flattum-Riemers,125
McLean,Tax Commissioner,,REP,Cory Fong,2743
McLean,U.S. House,1,,write-in,17
McLean,U.S. House,1,DEM,Earl Pomeroy,1602
McLean,U.S. House,1,REP,Rick Berg,2289
McLean,U.S. Senate,,,write-in,5
McLean,U.S. Senate,,DEM,Tracy Potter,859
McLean,U.S. Senate,,LIB,Keith J Hanson,63
McLean,U.S. Senate,,REP,John Hoeven,3030
Mercer,Agriculture Commissioner,,,write-in,3
Mercer,Agriculture Commissioner,,DEM,Merle Boucher,961
Mercer,Agriculture Commissioner,,REP,Doug Goehring,2619
Mercer,Attorney General,,,write-in,0
Mercer,Attorney General,,DEM,Jeanette Boechler,838
Mercer,Attorney General,,REP,Wayne Stenehjem,2783
Mercer,Constitutional No. 1: Oil and Gas Tax Legacy Fund.,,,No,1257
Mercer,Constitutional No. 1: Oil and Gas Tax Legacy Fund.,,,Yes,2244
Mercer,County Auditor Mercer,,,Monte J Erhardt,3317
Mercer,County Auditor Mercer,,,write-in,4
Mercer,County Commissioner Mercer,,,Frank H Bitterman,2187
Mercer,County Commissioner Mercer,,,Toby Lemer,1078
Mercer,County Commissioner Mercer,,,Wayne Entze,2588
Mercer,County Commissioner Mercer,,,Willy Braun,781
Mercer,County Commissioner Mercer,,,write-in,40
Mercer,County Official Newspaper Mercer,,,Beulah Beacon,1585
Mercer,County Official Newspaper Mercer,,,Hazen Star,1735
Mercer,County Recorder Mercer,,,Brenda L Cook,3303
Mercer,County Recorder Mercer,,,write-in,7
Mercer,County Sheriff Mercer,,,Dean Danzeisen,3073
Mercer,County Sheriff Mercer,,,write-in,101
Mercer,County States Attorney Mercer,,,James O Johnson,816
Mercer,County States Attorney Mercer,,,Jessica J Wolf,2690
Mercer,County States Attorney Mercer,,,write-in,3
Mercer,County Treasurer Mercer,,,Darbie Berger,3238
Mercer,County Treasurer Mercer,,,write-in,7
Mercer,Initiated Statutory No. 2: Relating to Captive Game Hunting.,,,No,2312
Mercer,Initiated Statutory No. 2: Relating to Captive Game Hunting.,,,Yes,1258
Mercer,Judge of the District Court No. 5 South Central,,,Cynthia Feland,2040
Mercer,Judge of the District Court No. 5 South Central,,,Parrell Grossman,1256
Mercer,Judge of the District Court No. 5 South Central,,,write-in,8
Mercer,Justice of the Supreme Court,,,Carol Kapsner,3103
Mercer,Justice of the Supreme Court,,,write-in,12
Mercer,Public Service Commissioner,,,write-in,1
Mercer,Public Service Commissioner,,DEM,Brad Crabtree,1000
Mercer,Public Service Commissioner,,LIB,Joshua Voytek,142
Mercer,Public Service Commissioner,,REP,Kevin Cramer,2446
Mercer,Secretary of State,,,write-in,1
Mercer,Secretary of State,,DEM,Corey Mock,1187
Mercer,Secretary of State,,REP,Alvin A (Al) Jaeger,2424
Mercer,State House,33,,write-in,8
Mercer,State House,33,DEM,Jane Opdahl,1394
Mercer,State House,33,DEM,Judy K Lang,1066
Mercer,State House,33,REP,Brenda Heller,2338
Mercer,State House,33,REP,Gary Kreidt,2206
Mercer,"Supervisor, Soil Conservation District - Four (4) Year Unexpired Term Mercer",,,Jessica K Unruh,3213
Mercer,"Supervisor, Soil Conservation District - Four (4) Year Unexpired Term Mercer",,,write-in,5
Mercer,"Supervisor, Soil Conservation District Mercer",,,Janet L Connolly,3183
Mercer,"Supervisor, Soil Conservation District Mercer",,,write-in,20
Mercer,Tax Commissioner,,,write-in,4
Mercer,Tax Commissioner,,DEM,Cynthia Kaldor,915
Mercer,Tax Commissioner,,LIB,Richard Flattum-Riemers,104
Mercer,Tax Commissioner,,REP,Cory Fong,2563
Mercer,U.S. House,1,,write-in,9
Mercer,U.S. House,1,DEM,Earl Pomeroy,1306
Mercer,U.S. House,1,REP,Rick Berg,2275
Mercer,U.S. Senate,,,write-in,3
Mercer,U.S. Senate,,DEM,Tracy Potter,691
Mercer,U.S. Senate,,LIB,Keith J Hanson,57
Mercer,U.S. Senate,,REP,John Hoeven,2895
Morton,Agriculture Commissioner,,,write-in,9
Morton,Agriculture Commissioner,,DEM,Merle Boucher,2518
Morton,Agriculture Commissioner,,REP,Doug Goehring,7193
Morton,"An initiated ordinance for the City of Mandan Special Election relating to the regulation of noise.: Shall an initiated ordinance relating to the regulation of loud, unnecessary, unnatural or unusual noises which are prolonged, unusual or unnatural and are a detriment to public health, comfort and welfare of the city inhabitants be adopted? Mandan",,,No,2732
Morton,"An initiated ordinance for the City of Mandan Special Election relating to the regulation of noise.: Shall an initiated ordinance relating to the regulation of loud, unnecessary, unnatural or unusual noises which are prolonged, unusual or unnatural and are a detriment to public health, comfort and welfare of the city inhabitants be adopted? Mandan",,,Yes,3594
Morton,Attorney General,,,write-in,4
Morton,Attorney General,,DEM,Jeanette Boechler,2327
Morton,Attorney General,,REP,Wayne Stenehjem,7459
Morton,Constitutional No. 1: Oil and Gas Tax Legacy Fund.,,,No,3478
Morton,Constitutional No. 1: Oil and Gas Tax Legacy Fund.,,,Yes,5820
Morton,County Auditor Morton,,,Dawn Brecht-Rhone,8008
Morton,County Auditor Morton,,,write-in,29
Morton,County Commissioner at Large Morton,,,Andrew (Andy) Zachmeier,6066
Morton,County Commissioner at Large Morton,,,James Boehm,5585
Morton,County Commissioner at Large Morton,,,Scott A Johnson,4371
Morton,County Commissioner at Large Morton,,,write-in,44
Morton,County Recorder Morton,,,Carrole Schaner,8079
Morton,County Recorder Morton,,,write-in,16
Morton,County Sheriff Morton,,,Dave Shipman,8044
Morton,County Sheriff Morton,,,write-in,83
Morton,County States Attorney Morton,,,Allen M Koppy,8047
Morton,County States Attorney Morton,,,write-in,64
Morton,County Treasurer Morton,,,Vicki Lippert,8250
Morton,County Treasurer Morton,,,write-in,17
Morton,Initiated Statutory No. 2: Relating to Captive Game Hunting.,,,No,5894
Morton,Initiated Statutory No. 2: Relating to Captive Game Hunting.,,,Yes,3741
Morton,Judge of the District Court No. 5 South Central,,,Cynthia Feland,5612
Morton,Judge of the District Court No. 5 South Central,,,Parrell Grossman,3594
Morton,Judge of the District Court No. 5 South Central,,,write-in,20
Morton,Justice of the Supreme Court,,,Carol Kapsner,8016
Morton,Justice of the Supreme Court,,,write-in,44
Morton,Official County Newspaper Morton,,,The Morton County & Mandan News,8273
Morton,Public Service Commissioner,,,write-in,5
Morton,Public Service Commissioner,,DEM,Brad Crabtree,2985
Morton,Public Service Commissioner,,LIB,Joshua Voytek,400
Morton,Public Service Commissioner,,REP,Kevin Cramer,6305
Morton,Secretary of State,,,write-in,11
Morton,Secretary of State,,DEM,Corey Mock,3470
Morton,Secretary of State,,REP,Alvin A (Al) Jaeger,6278
Morton,State House,31,,write-in,2
Morton,State House,31,DEM,Chad M Harrison,554
Morton,State House,31,DEM,James Kerzman,763
Morton,State House,31,REP,James E Schmidt,1302
Morton,State House,31,REP,Karen Rohr,1272
Morton,State House,33,,write-in,0
Morton,State House,33,DEM,Jane Opdahl,474
Morton,State House,33,DEM,Judy K Lang,424
Morton,State House,33,REP,Brenda Heller,1017
Morton,State House,33,REP,Gary Kreidt,1062
Morton,State Senate,31,,Donald Schaible,1240
Morton,State Senate,31,,George Hsu,105
Morton,State Senate,31,,Rodney J Froelich,805
Morton,State Senate,31,,write-in,1
Morton,"Supervisor, Soil Conservation District Morton",,,Rocky Bateman,7848
Morton,"Supervisor, Soil Conservation District Morton",,,write-in,53
Morton,Tax Commissioner,,,write-in,6
Morton,Tax Commissioner,,DEM,Cynthia Kaldor,2394
Morton,Tax Commissioner,,LIB,Richard Flattum-Riemers,338
Morton,Tax Commissioner,,REP,Cory Fong,6979
Morton,U.S. House,1,,write-in,48
Morton,U.S. House,1,DEM,Earl Pomeroy,3740
Morton,U.S. House,1,REP,Rick Berg,6030
Morton,U.S. Senate,,,write-in,14
Morton,U.S. Senate,,DEM,Tracy Potter,2242
Morton,U.S. Senate,,LIB,Keith J Hanson,182
Morton,U.S. Senate,,REP,John Hoeven,7422
Mountrail,Agriculture Commissioner,,,write-in,0
Mountrail,Agriculture Commissioner,,DEM,Merle Boucher,854
Mountrail,Agriculture Commissioner,,REP,Doug Goehring,1297
Mountrail,Attorney General,,,write-in,1
Mountrail,Attorney General,,DEM,Jeanette Boechler,757
Mountrail,Attorney General,,REP,Wayne Stenehjem,1406
Mountrail,Constitutional No. 1: Oil and Gas Tax Legacy Fund.,,,No,1366
Mountrail,Constitutional No. 1: Oil and Gas Tax Legacy Fund.,,,Yes,732
Mountrail,County Auditor Mountrail,,,Joan M Hollekim,1913
Mountrail,County Auditor Mountrail,,,write-in,12
Mountrail,County Commissioner Mountrail - District 2,,,Arlo Borud,1894
Mountrail,County Commissioner Mountrail - District 2,,,write-in,22
Mountrail,County Commissioner Mountrail - District 3,,,David J Hynek,1807
Mountrail,County Commissioner Mountrail - District 3,,,write-in,37
Mountrail,County Official Newspaper Mountrail,,,Mountrail County Promoter Inc,1427
Mountrail,County Official Newspaper Mountrail,,,New Town News,693
Mountrail,County Recorder Mountrail,,,Melissa Vachal,1902
Mountrail,County Recorder Mountrail,,,write-in,4
Mountrail,County Sheriff Mountrail,,,Ken G Halvorson,1837
Mountrail,County Sheriff Mountrail,,,write-in,100
Mountrail,County State's Attorney Mountrail,,,Wade G Enget,1830
Mountrail,County State's Attorney Mountrail,,,write-in,36
Mountrail,County Treasurer Mountrail,,,Stephanie A Pappa,1877
Mountrail,County Treasurer Mountrail,,,write-in,4
Mountrail,Initiated Statutory No. 2: Relating to Captive Game Hunting.,,,No,1387
Mountrail,Initiated Statutory No. 2: Relating to Captive Game Hunting.,,,Yes,736
Mountrail,Judge of the District Court No. 1 Northwest,,,Josh B Rustad,1117
Mountrail,Judge of the District Court No. 1 Northwest,,,Paul W Jacobson,720
Mountrail,Judge of the District Court No. 1 Northwest,,,write-in,2
Mountrail,Judge of the District Court No. 4 Northwest,,,Gary H Lee,1833
Mountrail,Judge of the District Court No. 4 Northwest,,,write-in,6
Mountrail,Justice of the Supreme Court,,,Carol Kapsner,1787
Mountrail,Justice of the Supreme Court,,,write-in,13
Mountrail,Public Service Commissioner,,,write-in,0
Mountrail,Public Service Commissioner,,DEM,Brad Crabtree,946
Mountrail,Public Service Commissioner,,LIB,Joshua Voytek,76
Mountrail,Public Service Commissioner,,REP,Kevin Cramer,1115
Mountrail,Secretary of State,,,write-in,0
Mountrail,Secretary of State,,DEM,Corey Mock,972
Mountrail,Secretary of State,,REP,Alvin A (Al) Jaeger,1174
Mountrail,"Supervisor, Soil Conservation District Mountrail",,,Colin Vachal,1842
Mountrail,"Supervisor, Soil Conservation District Mountrail",,,write-in,10
Mountrail,Tax Commissioner,,,write-in,0
Mountrail,Tax Commissioner,,DEM,Cynthia Kaldor,803
Mountrail,Tax Commissioner,,LIB,Richard Flattum-Riemers,78
Mountrail,Tax Commissioner,,REP,Cory Fong,1253
Mountrail,U.S. House,1,,write-in,11
Mountrail,U.S. House,1,DEM,Earl Pomeroy,1109
Mountrail,U.S. House,1,REP,Rick Berg,1041
Mountrail,U.S. Senate,,,write-in,2
Mountrail,U.S. Senate,,DEM,Tracy Potter,664
Mountrail,U.S. Senate,,LIB,Keith J Hanson,51
Mountrail,U.S. Senate,,REP,John Hoeven,1450
Nelson,Agriculture Commissioner,,,write-in,0
Nelson,Agriculture Commissioner,,DEM,Merle Boucher,625
Nelson,Agriculture Commissioner,,REP,Doug Goehring,892
Nelson,Attorney General,,,write-in,3
Nelson,Attorney General,,DEM,Jeanette Boechler,458
Nelson,Attorney General,,REP,Wayne Stenehjem,1092
Nelson,Constitutional No. 1: Oil and Gas Tax Legacy Fund.,,,No,519
Nelson,Constitutional No. 1: Oil and Gas Tax Legacy Fund.,,,Yes,929
Nelson,County Auditor Nelson,,,"W. J. ""Jack"" Davidson",1349
Nelson,County Auditor Nelson,,,write-in,18
Nelson,County Commissioner Nelson - District 1,,,Dan Marquart,782
Nelson,County Commissioner Nelson - District 1,,,Harold J Bergquist,724
Nelson,County Commissioner Nelson - District 1,,,write-in,2
Nelson,County Commissioner Nelson - District 3,,,Donald Fougner,1297
Nelson,County Commissioner Nelson - District 3,,,write-in,6
Nelson,County Commissioner Nelson - District 5,,,Maynard Loibl,818
Nelson,County Commissioner Nelson - District 5,,,Michael Naas,622
Nelson,County Commissioner Nelson - District 5,,,write-in,2
Nelson,County Recorder/Clerk of District Court Nelson,,,Ruth Stevens,1393
Nelson,County Recorder/Clerk of District Court Nelson,,,write-in,4
Nelson,County Sheriff Nelson,,,Kelly J Janke,1331
Nelson,County Sheriff Nelson,,,Thomas Stenvold,208
Nelson,County Sheriff Nelson,,,write-in,1
Nelson,County States Attorney Nelson,,,Douglas G Manbeck,1297
Nelson,County States Attorney Nelson,,,write-in,22
Nelson,County Treasurer Nelson,,,Bernadette Matejcek,1360
Nelson,County Treasurer Nelson,,,write-in,5
Nelson,Initiated Statutory No. 2: Relating to Captive Game Hunting.,,,No,829
Nelson,Initiated Statutory No. 2: Relating to Captive Game Hunting.,,,Yes,646
Nelson,Judge of the District Court No. 1 Northeast Central,,,Sonja Clapp,1300
Nelson,Judge of the District Court No. 1 Northeast Central,,,write-in,1
Nelson,Judge of the District Court No. 3 Northeast Central,,,Joel D Medd,1308
Nelson,Judge of the District Court No. 3 Northeast Central,,,write-in,1
Nelson,Justice of the Supreme Court,,,Carol Kapsner,1285
Nelson,Justice of the Supreme Court,,,write-in,2
Nelson,Official County Newspaper Nelson,,,Lakota American,1009
Nelson,Public Service Commissioner,,,write-in,3
Nelson,Public Service Commissioner,,DEM,Brad Crabtree,606
Nelson,Public Service Commissioner,,LIB,Joshua Voytek,56
Nelson,Public Service Commissioner,,REP,Kevin Cramer,857
Nelson,Secretary of State,,,write-in,2
Nelson,Secretary of State,,DEM,Corey Mock,636
Nelson,Secretary of State,,REP,Alvin A (Al) Jaeger,903
Nelson,State House,23,,write-in,0
Nelson,State House,23,DEM,Ben Vig,732
Nelson,State House,23,DEM,Erich Steven Longie,431
Nelson,State House,23,REP,Bill Devlin,860
Nelson,State House,23,REP,Don Vigesaa,934
Nelson,State Senate,23,,write-in,2
Nelson,State Senate,23,DEM,Joan M Heckaman,863
Nelson,State Senate,23,REP,Frank Walker,687
Nelson,"Supervisor, Soil Conservation District 2 Year Unexpired Term Nelson",,,write-in,147
Nelson,"Supervisor, Soil Conservation District Nelson",,,Delbert Schindele,1340
Nelson,"Supervisor, Soil Conservation District Nelson",,,write-in,10
Nelson,Tax Commissioner,,,write-in,3
Nelson,Tax Commissioner,,DEM,Cynthia Kaldor,572
Nelson,Tax Commissioner,,LIB,Richard Flattum-Riemers,51
Nelson,Tax Commissioner,,REP,Cory Fong,908
Nelson,U.S. House,1,,write-in,7
Nelson,U.S. House,1,DEM,Earl Pomeroy,889
Nelson,U.S. House,1,REP,Rick Berg,666
Nelson,U.S. Senate,,,write-in,1
Nelson,U.S. Senate,,DEM,Tracy Potter,381
Nelson,U.S. Senate,,LIB,Keith J Hanson,30
Nelson,U.S. Senate,,REP,John Hoeven,1160
Oliver,Agriculture Commissioner,,,write-in,0
Oliver,Agriculture Commissioner,,DEM,Merle Boucher,210
Oliver,Agriculture Commissioner,,REP,Doug Goehring,679
Oliver,Attorney General,,,write-in,1
Oliver,Attorney General,,DEM,Jeanette Boechler,191
Oliver,Attorney General,,REP,Wayne Stenehjem,705
Oliver,Constitutional No. 1: Oil and Gas Tax Legacy Fund.,,,No,381
Oliver,Constitutional No. 1: Oil and Gas Tax Legacy Fund.,,,Yes,477
Oliver,County Auditor Oliver,,,Judith Hintz,569
Oliver,County Auditor Oliver,,,Tamara J Larson,298
Oliver,County Auditor Oliver,,,write-in,5
Oliver,County Commissioner Oliver - District 2,,,Greg Rud,288
Oliver,County Commissioner Oliver - District 2,,,Lee Husfloen,553
Oliver,County Commissioner Oliver - District 2,,,write-in,0
Oliver,County Official Newspaper Oliver,,,Center Republican,825
Oliver,County Recorder Oliver,,,Kim Wilkens,793
Oliver,County Recorder Oliver,,,write-in,7
Oliver,County Sheriff Oliver,,,David Hilliard,770
Oliver,County Sheriff Oliver,,,write-in,15
Oliver,County States Attorney Oliver,,,John Mahoney,753
Oliver,County States Attorney Oliver,,,write-in,29
Oliver,County Treasurer Oliver,,,Lee Benjamin,804
Oliver,County Treasurer Oliver,,,write-in,5
Oliver,Initiated Statutory No. 2: Relating to Captive Game Hunting.,,,No,709
Oliver,Initiated Statutory No. 2: Relating to Captive Game Hunting.,,,Yes,177
Oliver,Judge of the District Court No. 5 South Central,,,Cynthia Feland,578
Oliver,Judge of the District Court No. 5 South Central,,,Parrell Grossman,257
Oliver,Judge of the District Court No. 5 South Central,,,write-in,0
Oliver,Justice of the Supreme Court,,,Carol Kapsner,728
Oliver,Justice of the Supreme Court,,,write-in,2
Oliver,Public Service Commissioner,,,write-in,2
Oliver,Public Service Commissioner,,DEM,Brad Crabtree,249
Oliver,Public Service Commissioner,,LIB,Joshua Voytek,40
Oliver,Public Service Commissioner,,REP,Kevin Cramer,598
Oliver,Secretary of State,,,write-in,0
Oliver,Secretary of State,,DEM,Corey Mock,274
Oliver,Secretary of State,,REP,Alvin A (Al) Jaeger,622
Oliver,State House,33,,write-in,0
Oliver,State House,33,DEM,Jane Opdahl,348
Oliver,State House,33,DEM,Judy K Lang,291
Oliver,State House,33,REP,Brenda Heller,537
Oliver,State House,33,REP,Gary Kreidt,534
Oliver,"Supervisor, Soil Conservation District Oliver",,,LeAnn Harner,773
Oliver,"Supervisor, Soil Conservation District Oliver",,,write-in,1
Oliver,Tax Commissioner,,,write-in,0
Oliver,Tax Commissioner,,DEM,Cynthia Kaldor,201
Oliver,Tax Commissioner,,LIB,Richard Flattum-Riemers,48
Oliver,Tax Commissioner,,REP,Cory Fong,635
Oliver,U.S. House,1,,write-in,3
Oliver,U.S. House,1,DEM,Earl Pomeroy,345
Oliver,U.S. House,1,REP,Rick Berg,545
Oliver,U.S. Senate,,,write-in,0
Oliver,U.S. Senate,,DEM,Tracy Potter,154
Oliver,U.S. Senate,,LIB,Keith J Hanson,25
Oliver,U.S. Senate,,REP,John Hoeven,726
Pembina,Agriculture Commissioner,,,write-in,2
Pembina,Agriculture Commissioner,,DEM,Merle Boucher,842
Pembina,Agriculture Commissioner,,REP,Doug Goehring,1736
Pembina,Attorney General,,,write-in,1
Pembina,Attorney General,,DEM,Jeanette Boechler,613
Pembina,Attorney General,,REP,Wayne Stenehjem,2014
Pembina,Constitutional No. 1: Oil and Gas Tax Legacy Fund.,,,No,746
Pembina,Constitutional No. 1: Oil and Gas Tax Legacy Fund.,,,Yes,1795
Pembina,County Auditor/Treasurer Pembina,,,Linda Schlittenhard,2275
Pembina,County Auditor/Treasurer Pembina,,,write-in,27
Pembina,County Commissioner Pembina - District 1,,,Hetty Walker,398
Pembina,County Commissioner Pembina - District 1,,,write-in,18
Pembina,County Commissioner Pembina - District 3,,,Hugh J Ralston,465
Pembina,County Commissioner Pembina - District 3,,,write-in,10
Pembina,County Commissioner Pembina - District 5,,,Andy Adamson Jr,308
Pembina,County Commissioner Pembina - District 5,,,"Charles ""Chip"" Olson",242
Pembina,County Commissioner Pembina - District 5,,,write-in,0
Pembina,County Official Newspaper Pembina,,,The Cavalier Chronicle,2263
Pembina,County Recorder/Clerk of District Court Pembina,,,Kay Newell Braget,2353
Pembina,County Recorder/Clerk of District Court Pembina,,,write-in,13
Pembina,County Sheriff Pembina,,,Brian Erovick,1973
Pembina,County Sheriff Pembina,,,Calvin Cluchie,581
Pembina,County Sheriff Pembina,,,write-in,12
Pembina,County States Attorney Pembina,,,Stuart J Askew,2027
Pembina,County States Attorney Pembina,,,write-in,170
Pembina,Initiated Statutory No. 2: Relating to Captive Game Hunting.,,,No,1382
Pembina,Initiated Statutory No. 2: Relating to Captive Game Hunting.,,,Yes,1178
Pembina,Judge of the District Court No. 1 Northeast,,,Lee A Christofferson,2210
Pembina,Judge of the District Court No. 1 Northeast,,,write-in,8
Pembina,Judge of the District Court No. 5 Northeast,,,Laurie A Fontaine,2298
Pembina,Judge of the District Court No. 5 Northeast,,,write-in,22
Pembina,Justice of the Supreme Court,,,Carol Kapsner,2191
Pembina,Justice of the Supreme Court,,,write-in,9
Pembina,Public Service Commissioner,,,write-in,3
Pembina,Public Service Commissioner,,DEM,Brad Crabtree,792
Pembina,Public Service Commissioner,,LIB,Joshua Voytek,89
Pembina,Public Service Commissioner,,REP,Kevin Cramer,1697
Pembina,Secretary of State,,,write-in,4
Pembina,Secretary of State,,DEM,Corey Mock,883
Pembina,Secretary of State,,REP,Alvin A (Al) Jaeger,1698
Pembina,"Supervisor, Soil Conservation District Pembina",,,John B Hillis,2163
Pembina,"Supervisor, Soil Conservation District Pembina",,,write-in,29
Pembina,Tax Commissioner,,,write-in,1
Pembina,Tax Commissioner,,DEM,Cynthia Kaldor,805
Pembina,Tax Commissioner,,LIB,Richard Flattum-Riemers,82
Pembina,Tax Commissioner,,REP,Cory Fong,1692
Pembina,U.S. House,1,,write-in,4
Pembina,U.S. House,1,DEM,Earl Pomeroy,1263
Pembina,U.S. House,1,REP,Rick Berg,1383
Pembina,U.S. Senate,,,write-in,3
Pembina,U.S. Senate,,DEM,Tracy Potter,447
Pembina,U.S. Senate,,LIB,Keith J Hanson,41
Pembina,U.S. Senate,,REP,John Hoeven,2181
Pierce,Agriculture Commissioner,,,write-in,0
Pierce,Agriculture Commissioner,,DEM,Merle Boucher,733
Pierce,Agriculture Commissioner,,REP,Doug Goehring,1170
Pierce,Attorney General,,,write-in,0
Pierce,Attorney General,,DEM,Jeanette Boechler,450
Pierce,Attorney General,,REP,Wayne Stenehjem,1468
Pierce,Constitutional No. 1: Oil and Gas Tax Legacy Fund.,,,No,754
Pierce,Constitutional No. 1: Oil and Gas Tax Legacy Fund.,,,Yes,1058
Pierce,County Clerk of District Court Pierce,,,Carla Marks,1695
Pierce,County Clerk of District Court Pierce,,,write-in,7
Pierce,County Commissioner Pierce - District 1,,,David Engeland,151
Pierce,County Commissioner Pierce - District 1,,,Joe Bohl,237
Pierce,County Commissioner Pierce - District 1,,,write-in,0
Pierce,County Commissioner Pierce - District 3,,,Richard L Vetsch,151
Pierce,County Commissioner Pierce - District 3,,,Rick Larson,180
Pierce,County Commissioner Pierce - District 3,,,write-in,0
Pierce,County Commissioner Pierce - District 5,,,David Migler,231
Pierce,County Commissioner Pierce - District 5,,,Ronald J Grossman,129
Pierce,County Commissioner Pierce - District 5,,,write-in,1
Pierce,County Official Newspaper Pierce,,,The Pierce County Tribune,1731
Pierce,County Recorder Pierce,,,Lori Miron,1709
Pierce,County Recorder Pierce,,,write-in,2
Pierce,County Sheriff Pierce,,,Kelly Keller,583
Pierce,County Sheriff Pierce,,,Matthew Lunde,1316
Pierce,County Sheriff Pierce,,,write-in,5
Pierce,County States Attorney Pierce,,,Galen J Mack,1635
Pierce,County States Attorney Pierce,,,write-in,43
Pierce,"Director, Garrison Diversion Conservancy Pierce",,,Dave Anderson,1669
Pierce,"Director, Garrison Diversion Conservancy Pierce",,,write-in,12
Pierce,Initiated Statutory No. 2: Relating to Captive Game Hunting.,,,No,1206
Pierce,Initiated Statutory No. 2: Relating to Captive Game Hunting.,,,Yes,649
Pierce,Judge of the District Court No. 1 Northeast,,,Lee A Christofferson,1594
Pierce,Judge of the District Court No. 1 Northeast,,,write-in,1
Pierce,Judge of the District Court No. 5 Northeast,,,Laurie A Fontaine,1556
Pierce,Judge of the District Court No. 5 Northeast,,,write-in,3
Pierce,Justice of the Supreme Court,,,Carol Kapsner,1569
Pierce,Justice of the Supreme Court,,,write-in,2
Pierce,Public Service Commissioner,,,write-in,0
Pierce,Public Service Commissioner,,DEM,Brad Crabtree,576
Pierce,Public Service Commissioner,,LIB,Joshua Voytek,62
Pierce,Public Service Commissioner,,REP,Kevin Cramer,1248
Pierce,Secretary of State,,,write-in,2
Pierce,Secretary of State,,DEM,Corey Mock,672
Pierce,Secretary of State,,REP,Alvin A (Al) Jaeger,1226
Pierce,State House,7,,write-in,1
Pierce,State House,7,DEM,Cindy Shattuck,696
Pierce,State House,7,DEM,Marie Marshall,723
Pierce,State House,7,REP,Dick Anderson,1011
Pierce,State House,7,REP,Jon Nelson,1166
Pierce,State Senate,7,,write-in,1
Pierce,State Senate,7,DEM,Ryan M Taylor,1163
Pierce,State Senate,7,REP,Craig Wollenburg,762
Pierce,"Supervisor, Soil Conservation District Pierce",,,write-in,174
Pierce,Tax Commissioner,,,write-in,0
Pierce,Tax Commissioner,,DEM,Cynthia Kaldor,490
Pierce,Tax Commissioner,,LIB,Richard Flattum-Riemers,57
Pierce,Tax Commissioner,,REP,Cory Fong,1331
Pierce,U.S. House,1,,write-in,7
Pierce,U.S. House,1,DEM,Earl Pomeroy,798
Pierce,U.S. House,1,REP,Rick Berg,1096
Pierce,U.S. Senate,,,write-in,0
Pierce,U.S. Senate,,DEM,Tracy Potter,339
Pierce,U.S. Senate,,LIB,Keith J Hanson,29
Pierce,U.S. Senate,,REP,John Hoeven,1571
Ramsey,"ADVISORY VOTE 1: The Devils Lake City Commission is requesting an advisory vote pursuant to Section 1.17.030 of the Devils Lake City Code. This is an advisory vote & does not require the Devils Lake City Commission to be bound by the outcome of the vote. The Ordinance upon which the Devils Lake City Commission is seeking this advisory vote is set out as follows: AN ORDINANCE, WHICH UPON ADOPTION, SHALL BE CODIFIED AS CHAPTER 8.30 OF THE DEVILS LAKE MUNICIPAL CODE. BE IT ORDAINED, by the City Commission of the City of Devils Lake, North Dakota, pursuant to the Home Rule Charter of the City of Devils Lake, that Ordinance No._____ shall be codified as Chapter 8.30 of the Municipal Code, shall be ad Devils Lake",,,No,936
Ramsey,"ADVISORY VOTE 1: The Devils Lake City Commission is requesting an advisory vote pursuant to Section 1.17.030 of the Devils Lake City Code. This is an advisory vote & does not require the Devils Lake City Commission to be bound by the outcome of the vote. The Ordinance upon which the Devils Lake City Commission is seeking this advisory vote is set out as follows: AN ORDINANCE, WHICH UPON ADOPTION, SHALL BE CODIFIED AS CHAPTER 8.30 OF THE DEVILS LAKE MUNICIPAL CODE. BE IT ORDAINED, by the City Commission of the City of Devils Lake, North Dakota, pursuant to the Home Rule Charter of the City of Devils Lake, that Ordinance No._____ shall be codified as Chapter 8.30 of the Municipal Code, shall be ad Devils Lake",,,Yes,1281
Ramsey,Agriculture Commissioner,,,write-in,4
Ramsey,Agriculture Commissioner,,DEM,Merle Boucher,1483
Ramsey,Agriculture Commissioner,,REP,Doug Goehring,2573
Ramsey,Attorney General,,,write-in,1
Ramsey,Attorney General,,DEM,Jeanette Boechler,1145
Ramsey,Attorney General,,REP,Wayne Stenehjem,2973
Ramsey,Commissioner Unexpired 2 Year Term Devils Lake,,,Dale Robbins,1931
Ramsey,Commissioner Unexpired 2 Year Term Devils Lake,,,write-in,21
Ramsey,Constitutional No. 1: Oil and Gas Tax Legacy Fund.,,,No,1323
Ramsey,Constitutional No. 1: Oil and Gas Tax Legacy Fund.,,,Yes,2600
Ramsey,County Auditor Ramsey,,,Elizabeth V Fischer,3659
Ramsey,County Auditor Ramsey,,,write-in,5
Ramsey,County Commissioner at Large Ramsey,,,Ed Brown,1947
Ramsey,County Commissioner at Large Ramsey,,,Kevin W Frith,1809
Ramsey,County Commissioner at Large Ramsey,,,Mike Klemetsrud,1475
Ramsey,County Commissioner at Large Ramsey,,,Scott Diseth,2285
Ramsey,County Commissioner at Large Ramsey,,,write-in,20
Ramsey,"County Measure 1: Shall the County of Ramsey, State of North Dakota, levy an additional .50 mills in accordance with Section 11-11-53 North Dakota Century Code, on the net taxable valuation of all property in the County, for the promotion of historical works within the borders of such county and in general defray the expense of carrying on historical work in the county. Said levy shall not be subject to the County Mill Levy Limitations. Ramsey",,,No,1924
Ramsey,"County Measure 1: Shall the County of Ramsey, State of North Dakota, levy an additional .50 mills in accordance with Section 11-11-53 North Dakota Century Code, on the net taxable valuation of all property in the County, for the promotion of historical works within the borders of such county and in general defray the expense of carrying on historical work in the county. Said levy shall not be subject to the County Mill Levy Limitations. Ramsey",,,Yes,2082
Ramsey,County Official Newspaper Ramsey,,,The Devils Lake Journal,3711
Ramsey,County Recorder Ramsey,,,Katie Nadeau,3641
Ramsey,County Recorder Ramsey,,,write-in,4
Ramsey,County Sheriff Ramsey,,,Rob Hach,1667
Ramsey,County Sheriff Ramsey,,,Steven K Nelson,2363
Ramsey,County Sheriff Ramsey,,,write-in,9
Ramsey,County States Attorney Ramsey,,,Lonnie W Olson,3644
Ramsey,County States Attorney Ramsey,,,write-in,52
Ramsey,County Treasurer Ramsey,,,Lisa Diseth,3726
Ramsey,County Treasurer Ramsey,,,write-in,5
Ramsey,"Director, Garrison Diversion Conservancy Ramsey",,,John V Peyerl,3565
Ramsey,"Director, Garrison Diversion Conservancy Ramsey",,,write-in,7
Ramsey,Initiated Statutory No. 2: Relating to Captive Game Hunting.,,,No,2206
Ramsey,Initiated Statutory No. 2: Relating to Captive Game Hunting.,,,Yes,1767
Ramsey,Judge of the District Court No. 1 Northeast,,,Lee A Christofferson,3635
Ramsey,Judge of the District Court No. 1 Northeast,,,write-in,46
Ramsey,Judge of the District Court No. 5 Northeast,,,Laurie A Fontaine,3386
Ramsey,Judge of the District Court No. 5 Northeast,,,write-in,9
Ramsey,Justice of the Supreme Court,,,Carol Kapsner,3445
Ramsey,Justice of the Supreme Court,,,write-in,17
Ramsey,Public Service Commissioner,,,write-in,3
Ramsey,Public Service Commissioner,,DEM,Brad Crabtree,1388
Ramsey,Public Service Commissioner,,LIB,Joshua Voytek,165
Ramsey,Public Service Commissioner,,REP,Kevin Cramer,2474
Ramsey,Secretary of State,,,write-in,4
Ramsey,Secretary of State,,DEM,Corey Mock,1498
Ramsey,Secretary of State,,REP,Alvin A (Al) Jaeger,2564
Ramsey,State House,15,,write-in,74
Ramsey,State House,15,REP,Curt Hofstad,2975
Ramsey,State House,15,REP,Dennis E Johnson,3092
Ramsey,State Senate,15,,write-in,57
Ramsey,State Senate,15,REP,Dave Oehlke,3508
Ramsey,"Supervisor, Soil Conservation District Ramsey",,,Dennis Windjue,3670
Ramsey,"Supervisor, Soil Conservation District Ramsey",,,write-in,4
Ramsey,Tax Commissioner,,,write-in,2
Ramsey,Tax Commissioner,,DEM,Cynthia Kaldor,1464
Ramsey,Tax Commissioner,,LIB,Richard Flattum-Riemers,139
Ramsey,Tax Commissioner,,REP,Cory Fong,2434
Ramsey,U.S. House,1,,write-in,7
Ramsey,U.S. House,1,DEM,Earl Pomeroy,2229
Ramsey,U.S. House,1,REP,Rick Berg,1932
Ramsey,U.S. Senate,,,write-in,4
Ramsey,U.S. Senate,,DEM,Tracy Potter,862
Ramsey,U.S. Senate,,LIB,Keith J Hanson,68
Ramsey,U.S. Senate,,REP,John Hoeven,3253
Ransom,Agriculture Commissioner,,,write-in,0
Ransom,Agriculture Commissioner,,DEM,Merle Boucher,777
Ransom,Agriculture Commissioner,,REP,Doug Goehring,1057
Ransom,Attorney General,,,write-in,1
Ransom,Attorney General,,DEM,Jeanette Boechler,649
Ransom,Attorney General,,REP,Wayne Stenehjem,1215
Ransom,Constitutional No. 1: Oil and Gas Tax Legacy Fund.,,,No,662
Ransom,Constitutional No. 1: Oil and Gas Tax Legacy Fund.,,,Yes,1087
Ransom,County Auditor Ransom,,,Connie Gilbert,1725
Ransom,County Auditor Ransom,,,write-in,2
Ransom,County Commissioner Ransom,,,Mike Martin,617
Ransom,County Commissioner Ransom,,,Neil B Olerud,1114
Ransom,County Commissioner Ransom,,,Norm Hansen,1168
Ransom,County Commissioner Ransom,,,Todd Anderson,586
Ransom,County Commissioner Ransom,,,write-in,5
Ransom,County Official Newspaper Ransom,,,Enderlin Independent,436
Ransom,County Official Newspaper Ransom,,,Ransom County Gazette,1424
Ransom,County Recorder Ransom,,,Susan J Froemke,1735
Ransom,County Recorder Ransom,,,write-in,3
Ransom,County Sheriff Ransom,,,Darren J Benneweis,1679
Ransom,County Sheriff Ransom,,,write-in,19
Ransom,County States Attorney Ransom,,,Fallon Kelly,1150
Ransom,County States Attorney Ransom,,,Lyle P Thomason,682
Ransom,County States Attorney Ransom,,,write-in,2
Ransom,County Treasurer Ransom,,,Norine Erickson,1720
Ransom,County Treasurer Ransom,,,write-in,0
Ransom,Initiated Statutory No. 2: Relating to Captive Game Hunting.,,,No,1022
Ransom,Initiated Statutory No. 2: Relating to Captive Game Hunting.,,,Yes,790
Ransom,Judge of the District Court No. 2 Southeast,,,Brad Cruff,750
Ransom,Judge of the District Court No. 2 Southeast,,,John T (Jack) Paulson,922
Ransom,Judge of the District Court No. 2 Southeast,,,write-in,2
Ransom,Judge of the District Court No. 5 Southeast,,,Daniel D Narum,1617
Ransom,Judge of the District Court No. 5 Southeast,,,write-in,9
Ransom,Justice of the Supreme Court,,,Carol Kapsner,1577
Ransom,Justice of the Supreme Court,,,write-in,4
Ransom,Public Service Commissioner,,,write-in,0
Ransom,Public Service Commissioner,,DEM,Brad Crabtree,872
Ransom,Public Service Commissioner,,LIB,Joshua Voytek,65
Ransom,Public Service Commissioner,,REP,Kevin Cramer,903
Ransom,Secretary of State,,,write-in,2
Ransom,Secretary of State,,DEM,Corey Mock,861
Ransom,Secretary of State,,REP,Alvin A (Al) Jaeger,977
Ransom,"Supervisor, Soil Conservation District Ransom",,,Robert Birklid,1648
Ransom,"Supervisor, Soil Conservation District Ransom",,,write-in,13
Ransom,Tax Commissioner,,,write-in,1
Ransom,Tax Commissioner,,DEM,Cynthia Kaldor,737
Ransom,Tax Commissioner,,LIB,Richard Flattum-Riemers,65
Ransom,Tax Commissioner,,REP,Cory Fong,1041
Ransom,U.S. House,1,,write-in,1
Ransom,U.S. House,1,DEM,Earl Pomeroy,1179
Ransom,U.S. House,1,REP,Rick Berg,689
Ransom,U.S. Senate,,,write-in,2
Ransom,U.S. Senate,,DEM,Tracy Potter,538
Ransom,U.S. Senate,,LIB,Keith J Hanson,28
Ransom,U.S. Senate,,REP,John Hoeven,1313
Renville,Agriculture Commissioner,,,write-in,0
Renville,Agriculture Commissioner,,DEM,Merle Boucher,315
Renville,Agriculture Commissioner,,REP,Doug Goehring,725
Renville,Attorney General,,,write-in,2
Renville,Attorney General,,DEM,Jeanette Boechler,236
Renville,Attorney General,,REP,Wayne Stenehjem,808
Renville,Constitutional No. 1: Oil and Gas Tax Legacy Fund.,,,No,455
Renville,Constitutional No. 1: Oil and Gas Tax Legacy Fund.,,,Yes,542
Renville,County Auditor Renville,,,LeAnn Fisher,961
Renville,County Auditor Renville,,,write-in,6
Renville,County Commissioner Renville - District 1,,,Richard Cameron,312
Renville,County Commissioner Renville - District 1,,,write-in,6
Renville,County Commissioner Renville - District 3,,,Arnold Langehaug,249
Renville,County Commissioner Renville - District 3,,,write-in,40
Renville,County Official Newspaper Renville,,,Renville County Farmer,915
Renville,County Recorder Renville,,,Jerene A Bender,893
Renville,County Recorder Renville,,,write-in,42
Renville,County Sheriff Renville,,,Barry Vannatta,897
Renville,County Sheriff Renville,,,write-in,49
Renville,County States Attorney Renville,,,Marvin K Madsen,906
Renville,County States Attorney Renville,,,write-in,7
Renville,"Director, Garrison Diversion Conservancy Renville",,,James Burbidge,895
Renville,"Director, Garrison Diversion Conservancy Renville",,,write-in,4
Renville,Initiated Statutory No. 2: Relating to Captive Game Hunting.,,,No,770
Renville,Initiated Statutory No. 2: Relating to Captive Game Hunting.,,,Yes,254
Renville,Judge of the District Court No. 1 Northeast,,,Lee A Christofferson,923
Renville,Judge of the District Court No. 1 Northeast,,,write-in,0
Renville,Judge of the District Court No. 5 Northeast,,,Laurie A Fontaine,911
Renville,Judge of the District Court No. 5 Northeast,,,write-in,0
Renville,Justice of the Supreme Court,,,Carol Kapsner,910
Renville,Justice of the Supreme Court,,,write-in,0
Renville,Public Service Commissioner,,,write-in,0
Renville,Public Service Commissioner,,DEM,Brad Crabtree,357
Renville,Public Service Commissioner,,LIB,Joshua Voytek,36
Renville,Public Service Commissioner,,REP,Kevin Cramer,645
Renville,Secretary of State,,,write-in,2
Renville,Secretary of State,,DEM,Corey Mock,400
Renville,Secretary of State,,REP,Alvin A (Al) Jaeger,640
Renville,"Supervisor, Soil Conservation District Renville",,,Jeff Aalund,885
Renville,"Supervisor, Soil Conservation District Renville",,,write-in,10
Renville,Tax Commissioner,,,write-in,2
Renville,Tax Commissioner,,DEM,Cynthia Kaldor,262
Renville,Tax Commissioner,,LIB,Richard Flattum-Riemers,33
Renville,Tax Commissioner,,REP,Cory Fong,745
Renville,U.S. House,1,,write-in,3
Renville,U.S. House,1,DEM,Earl Pomeroy,429
Renville,U.S. House,1,REP,Rick Berg,606
Renville,U.S. Senate,,,write-in,1
Renville,U.S. Senate,,DEM,Tracy Potter,209
Renville,U.S. Senate,,LIB,Keith J Hanson,18
Renville,U.S. Senate,,REP,John Hoeven,832
Richland,Agriculture Commissioner,,,write-in,4
Richland,Agriculture Commissioner,,DEM,Merle Boucher,1848
Richland,Agriculture Commissioner,,REP,Doug Goehring,3598
Richland,Attorney General,,,write-in,5
Richland,Attorney General,,DEM,Jeanette Boechler,1395
Richland,Attorney General,,REP,Wayne Stenehjem,4152
Richland,Constitutional No. 1: Oil and Gas Tax Legacy Fund.,,,No,1991
Richland,Constitutional No. 1: Oil and Gas Tax Legacy Fund.,,,Yes,3177
Richland,County Commissioner Richland,,,Bryan L Flaa,1725
Richland,County Commissioner Richland,,,Jason G Heitkamp,2262
Richland,County Commissioner Richland,,,Jim Oliver,1534
Richland,County Commissioner Richland,,,Perry Miller,3519
Richland,County Commissioner Richland,,,Sid Berg,2644
Richland,County Commissioner Richland,,,write-in,1860
Richland,County Official Newspaper Richland,,,Daily News,4661
Richland,County Sheriff Richland,,,Larry Leshovsky,4535
Richland,County Sheriff Richland,,,Ray Zajac,824
Richland,County Sheriff Richland,,,write-in,10
Richland,County States Attorney Richland,,,"A.W. ""Warren"" Stokes",4628
Richland,County States Attorney Richland,,,write-in,47
Richland,"Director, Garrison Diversion Conservancy Richland",,,Kelly C Klosterman,4626
Richland,"Director, Garrison Diversion Conservancy Richland",,,write-in,26
Richland,Initiated Statutory No. 2: Relating to Captive Game Hunting.,,,No,2934
Richland,Initiated Statutory No. 2: Relating to Captive Game Hunting.,,,Yes,2516
Richland,Judge of the District Court No. 2 Southeast,,,Brad Cruff,1921
Richland,Judge of the District Court No. 2 Southeast,,,John T (Jack) Paulson,2826
Richland,Judge of the District Court No. 2 Southeast,,,write-in,13
Richland,Judge of the District Court No. 5 Southeast,,,Daniel D Narum,4408
Richland,Judge of the District Court No. 5 Southeast,,,write-in,13
Richland,Justice of the Supreme Court,,,Carol Kapsner,4393
Richland,Justice of the Supreme Court,,,write-in,25
Richland,Public Service Commissioner,,,write-in,4
Richland,Public Service Commissioner,,DEM,Brad Crabtree,2089
Richland,Public Service Commissioner,,LIB,Joshua Voytek,181
Richland,Public Service Commissioner,,REP,Kevin Cramer,3161
Richland,Secretary of State,,,write-in,6
Richland,Secretary of State,,DEM,Corey Mock,2091
Richland,Secretary of State,,REP,Alvin A (Al) Jaeger,3380
Richland,State House,25,,write-in,4
Richland,State House,25,DEM,Clark Williams,2043
Richland,State House,25,DEM,Larry Gast,1389
Richland,State House,25,REP,John D Wall,2754
Richland,State House,25,REP,Ron Flesland,1652
Richland,State Senate,25,,write-in,4
Richland,State Senate,25,DEM,Arden C Anderson,2089
Richland,State Senate,25,REP,Larry Luick,2125
Richland,"Supervisor, Soil Conservation District Richland",,,Michael Haverland,4578
Richland,"Supervisor, Soil Conservation District Richland",,,write-in,16
Richland,Tax Commissioner,,,write-in,3
Richland,Tax Commissioner,,DEM,Cynthia Kaldor,1693
Richland,Tax Commissioner,,LIB,Richard Flattum-Riemers,195
Richland,Tax Commissioner,,REP,Cory Fong,3551
Richland,U.S. House,1,,write-in,13
Richland,U.S. House,1,DEM,Earl Pomeroy,2786
Richland,U.S. House,1,REP,Rick Berg,2803
Richland,U.S. Senate,,,write-in,6
Richland,U.S. Senate,,DEM,Tracy Potter,1205
Richland,U.S. Senate,,LIB,Keith J Hanson,98
Richland,U.S. Senate,,REP,John Hoeven,4322
Rolette,Agriculture Commissioner,,,write-in,5
Rolette,Agriculture Commissioner,,DEM,Merle Boucher,3178
Rolette,Agriculture Commissioner,,REP,Doug Goehring,758
Rolette,Attorney General,,,write-in,5
Rolette,Attorney General,,DEM,Jeanette Boechler,2228
Rolette,Attorney General,,REP,Wayne Stenehjem,1639
Rolette,Constitutional No. 1: Oil and Gas Tax Legacy Fund.,,,No,1835
Rolette,Constitutional No. 1: Oil and Gas Tax Legacy Fund.,,,Yes,1722
Rolette,County Auditor Rolette,,,Valerie McCloud,3390
Rolette,County Auditor Rolette,,,write-in,64
Rolette,County Commissioner at Large Rolette,,,Bob Leonard Sr,1672
Rolette,County Commissioner at Large Rolette,,,Eldon R Moors Sr,1932
Rolette,County Commissioner at Large Rolette,,,Peter D Allard,1414
Rolette,County Commissioner at Large Rolette,,,Raphael J Decoteau,1179
Rolette,County Commissioner at Large Rolette,,,write-in,17
Rolette,County Official Newspaper Rolette,,,Turtle Mountain Star,2113
Rolette,County Official Newspaper Rolette,,,Turtle Mountain Times,1392
Rolette,County Recorder Rolette,,,Colleen J (Cooky) Bertsch,3269
Rolette,County Recorder Rolette,,,write-in,16
Rolette,County Sheriff Rolette,,,Brandon J Mathiason,422
Rolette,County Sheriff Rolette,,,Kelly Brunelle,513
Rolette,County Sheriff Rolette,,,Kenny LaRocque,539
Rolette,County Sheriff Rolette,,,Melvin (Jocko) Frank,830
Rolette,County Sheriff Rolette,,,Rodney P Trottier,1710
Rolette,County Sheriff Rolette,,,write-in,2
Rolette,County States Attorney Rolette,,,"Mary K O""Donnell",2346
Rolette,County States Attorney Rolette,,,write-in,126
Rolette,County Treasurer Rolette,,,Janelle Disrud,1474
Rolette,County Treasurer Rolette,,,Shelby L Cain,2300
Rolette,County Treasurer Rolette,,,write-in,7
Rolette,Initiated Statutory No. 2: Relating to Captive Game Hunting.,,,No,2251
Rolette,Initiated Statutory No. 2: Relating to Captive Game Hunting.,,,Yes,1507
Rolette,Judge of the District Court No. 1 Northeast,,,Lee A Christofferson,3245
Rolette,Judge of the District Court No. 1 Northeast,,,write-in,19
Rolette,Judge of the District Court No. 5 Northeast,,,Laurie A Fontaine,3161
Rolette,Judge of the District Court No. 5 Northeast,,,write-in,18
Rolette,Justice of the Supreme Court,,,Carol Kapsner,3150
Rolette,Justice of the Supreme Court,,,write-in,18
Rolette,Public Service Commissioner,,,write-in,5
Rolette,Public Service Commissioner,,DEM,Brad Crabtree,2496
Rolette,Public Service Commissioner,,LIB,Joshua Voytek,126
Rolette,Public Service Commissioner,,REP,Kevin Cramer,1180
Rolette,Secretary of State,,,write-in,5
Rolette,Secretary of State,,DEM,Corey Mock,2533
Rolette,Secretary of State,,REP,Alvin A (Al) Jaeger,1280
Rolette,State House,9,,write-in,43
Rolette,State House,9,DEM,Marvin Nelson,1920
Rolette,State House,9,DEM,Tracy Boe,2874
Rolette,State Senate,9,,write-in,8
Rolette,State Senate,9,DEM,Richard Marcellais,2208
Rolette,State Senate,9,REP,Christopher Albertson,1716
Rolette,"Supervisor, Soil Conservation District Rolette",,,David Hill,3188
Rolette,"Supervisor, Soil Conservation District Rolette",,,write-in,14
Rolette,Tax Commissioner,,,write-in,5
Rolette,Tax Commissioner,,DEM,Cynthia Kaldor,2390
Rolette,Tax Commissioner,,LIB,Richard Flattum-Riemers,161
Rolette,Tax Commissioner,,REP,Cory Fong,1249
Rolette,U.S. House,1,,write-in,7
Rolette,U.S. House,1,DEM,Earl Pomeroy,2928
Rolette,U.S. House,1,REP,Rick Berg,1025
Rolette,U.S. Senate,,,write-in,10
Rolette,U.S. Senate,,DEM,Tracy Potter,1754
Rolette,U.S. Senate,,LIB,Keith J Hanson,113
Rolette,U.S. Senate,,REP,John Hoeven,2089
Sargent,Agriculture Commissioner,,,write-in,2
Sargent,Agriculture Commissioner,,DEM,Merle Boucher,746
Sargent,Agriculture Commissioner,,REP,Doug Goehring,822
Sargent,Attorney General,,,write-in,1
Sargent,Attorney General,,DEM,Jeanette Boechler,591
Sargent,Attorney General,,REP,Wayne Stenehjem,989
Sargent,Constitutional No. 1: Oil and Gas Tax Legacy Fund.,,,No,591
Sargent,Constitutional No. 1: Oil and Gas Tax Legacy Fund.,,,Yes,910
Sargent,County Auditor Sargent,,,Sherry Hosford,1434
Sargent,County Auditor Sargent,,,write-in,9
Sargent,County Commissioner Combined Sargent - District 1,,,Steven Wyum,1259
Sargent,County Commissioner Combined Sargent - District 1,,,write-in,73
Sargent,County Commissioner Sargent - District 2,,,David L Jacobson,760
Sargent,County Commissioner Sargent - District 2,,,Jerry Dill,231
Sargent,County Commissioner Sargent - District 2,,,Mike Walstead,1079
Sargent,County Commissioner Sargent - District 2,,,Richard Ruch,753
Sargent,County Commissioner Sargent - District 2,,,write-in,9
Sargent,"County Measure 1: Should the current emergency services communication fee of up to $1.00 per month per wireless access line and telephone access line for the operation and maintenance of the emergency 911 communications system be increased by up to $0.50? Voter approval would allow a fee, not to exceed $1.50 per month per wireless (cellular) access line and telephone access line, to be continued for an initial six-year period, with the revenue dedicated to maintaining and operating the emergency services communication system as required by law. Sargent",,,No,754
Sargent,"County Measure 1: Should the current emergency services communication fee of up to $1.00 per month per wireless access line and telephone access line for the operation and maintenance of the emergency 911 communications system be increased by up to $0.50? Voter approval would allow a fee, not to exceed $1.50 per month per wireless (cellular) access line and telephone access line, to be continued for an initial six-year period, with the revenue dedicated to maintaining and operating the emergency services communication system as required by law. Sargent",,,Yes,813
Sargent,County Official Newspaper Sargent,,,The Sargent County Teller,1465
Sargent,County Sheriff Sargent,,,Travis A Paeper,1397
Sargent,County Sheriff Sargent,,,write-in,37
Sargent,County States Attorney Sargent,,,Lyle R Bopp,939
Sargent,County States Attorney Sargent,,,Trent W Mahler,641
Sargent,County States Attorney Sargent,,,write-in,2
Sargent,County Treasurer/Recorder/Clerk of District Court Sargent,,,Gina Hillestad,1406
Sargent,County Treasurer/Recorder/Clerk of District Court Sargent,,,write-in,17
Sargent,Initiated Statutory No. 2: Relating to Captive Game Hunting.,,,No,849
Sargent,Initiated Statutory No. 2: Relating to Captive Game Hunting.,,,Yes,705
Sargent,Judge of the District Court No. 2 Southeast,,,Brad Cruff,576
Sargent,Judge of the District Court No. 2 Southeast,,,John T (Jack) Paulson,768
Sargent,Judge of the District Court No. 2 Southeast,,,write-in,3
Sargent,Judge of the District Court No. 5 Southeast,,,Daniel D Narum,1397
Sargent,Judge of the District Court No. 5 Southeast,,,write-in,12
Sargent,Justice of the Supreme Court,,,Carol Kapsner,1280
Sargent,Justice of the Supreme Court,,,write-in,7
Sargent,Public Service Commissioner,,,write-in,1
Sargent,Public Service Commissioner,,DEM,Brad Crabtree,777
Sargent,Public Service Commissioner,,LIB,Joshua Voytek,44
Sargent,Public Service Commissioner,,REP,Kevin Cramer,755
Sargent,Secretary of State,,,write-in,1
Sargent,Secretary of State,,DEM,Corey Mock,784
Sargent,Secretary of State,,REP,Alvin A (Al) Jaeger,786
Sargent,"Supervisor, Wild Rice Soil Conservation District Sargent",,,Joseph C Breker,1364
Sargent,"Supervisor, Wild Rice Soil Conservation District Sargent",,,write-in,22
Sargent,Tax Commissioner,,,write-in,3
Sargent,Tax Commissioner,,DEM,Cynthia Kaldor,692
Sargent,Tax Commissioner,,LIB,Richard Flattum-Riemers,37
Sargent,Tax Commissioner,,REP,Cory Fong,841
Sargent,U.S. House,1,,write-in,5
Sargent,U.S. House,1,DEM,Earl Pomeroy,975
Sargent,U.S. House,1,REP,Rick Berg,619
Sargent,U.S. Senate,,,write-in,2
Sargent,U.S. Senate,,DEM,Tracy Potter,546
Sargent,U.S. Senate,,LIB,Keith J Hanson,15
Sargent,U.S. Senate,,REP,John Hoeven,1038
Sheridan,Agriculture Commissioner,,,write-in,0
Sheridan,Agriculture Commissioner,,DEM,Merle Boucher,175
Sheridan,Agriculture Commissioner,,REP,Doug Goehring,597
Sheridan,Attorney General,,,write-in,0
Sheridan,Attorney General,,DEM,Jeanette Boechler,132
Sheridan,Attorney General,,REP,Wayne Stenehjem,639
Sheridan,Constitutional No. 1: Oil and Gas Tax Legacy Fund.,,,No,250
Sheridan,Constitutional No. 1: Oil and Gas Tax Legacy Fund.,,,Yes,489
Sheridan,County Auditor Sheridan,,,Shirley A Murray,702
Sheridan,County Auditor Sheridan,,,write-in,4
Sheridan,County Commissioner Sheridan - District 1,,,Eldon J Ehrman,387
Sheridan,County Commissioner Sheridan - District 1,,,Richard Bentz,377
Sheridan,County Commissioner Sheridan - District 1,,,write-in,0
Sheridan,County Commissioner Sheridan - District 3,,,Howard F Erdmann,421
Sheridan,County Commissioner Sheridan - District 3,,,Timothy J Strobel,343
Sheridan,County Commissioner Sheridan - District 3,,,write-in,2
Sheridan,County Official Newspaper Sheridan,,,McClusky Gazette,693
Sheridan,County Recorder Sheridan,,,Joyce H Dockter,688
Sheridan,County Recorder Sheridan,,,write-in,19
Sheridan,County Sheriff Sheridan,,,Trent Naser,697
Sheridan,County Sheriff Sheridan,,,write-in,18
Sheridan,County States Attorney Sheridan,,,Jerod Tufte,654
Sheridan,County States Attorney Sheridan,,,write-in,14
Sheridan,County Treasurer Sheridan,,,Janice D Erdmann,712
Sheridan,County Treasurer Sheridan,,,write-in,1
Sheridan,Initiated Statutory No. 2: Relating to Captive Game Hunting.,,,No,484
Sheridan,Initiated Statutory No. 2: Relating to Captive Game Hunting.,,,Yes,269
Sheridan,Judge of the District Court No. 5 South Central,,,Cynthia Feland,407
Sheridan,Judge of the District Court No. 5 South Central,,,Parrell Grossman,265
Sheridan,Judge of the District Court No. 5 South Central,,,write-in,2
Sheridan,Justice of the Supreme Court,,,Carol Kapsner,646
Sheridan,Justice of the Supreme Court,,,write-in,2
Sheridan,Public Service Commissioner,,,write-in,0
Sheridan,Public Service Commissioner,,DEM,Brad Crabtree,179
Sheridan,Public Service Commissioner,,LIB,Joshua Voytek,29
Sheridan,Public Service Commissioner,,REP,Kevin Cramer,560
Sheridan,Secretary of State,,,write-in,0
Sheridan,Secretary of State,,DEM,Corey Mock,211
Sheridan,Secretary of State,,REP,Alvin A (Al) Jaeger,557
Sheridan,State House,7,,write-in,0
Sheridan,State House,7,DEM,Cindy Shattuck,132
Sheridan,State House,7,DEM,Marie Marshall,119
Sheridan,State House,7,REP,Dick Anderson,225
Sheridan,State House,7,REP,Jon Nelson,230
Sheridan,State Senate,7,,write-in,1
Sheridan,State Senate,7,DEM,Ryan M Taylor,193
Sheridan,State Senate,7,REP,Craig Wollenburg,187
Sheridan,"Supervisor, Soil Conservation District Sheridan Co Soil Conservation",,,Alvin Burkart,687
Sheridan,"Supervisor, Soil Conservation District Sheridan Co Soil Conservation",,,write-in,5
Sheridan,Tax Commissioner,,,write-in,0
Sheridan,Tax Commissioner,,DEM,Cynthia Kaldor,132
Sheridan,Tax Commissioner,,LIB,Richard Flattum-Riemers,24
Sheridan,Tax Commissioner,,REP,Cory Fong,616
Sheridan,U.S. House,1,,write-in,1
Sheridan,U.S. House,1,DEM,Earl Pomeroy,249
Sheridan,U.S. House,1,REP,Rick Berg,516
Sheridan,U.S. Senate,,,write-in,1
Sheridan,U.S. Senate,,DEM,Tracy Potter,111
Sheridan,U.S. Senate,,LIB,Keith J Hanson,8
Sheridan,U.S. Senate,,REP,John Hoeven,661
Sioux,Agriculture Commissioner,,,write-in,4
Sioux,Agriculture Commissioner,,DEM,Merle Boucher,469
Sioux,Agriculture Commissioner,,REP,Doug Goehring,285
Sioux,Attorney General,,,write-in,5
Sioux,Attorney General,,DEM,Jeanette Boechler,430
Sioux,Attorney General,,REP,Wayne Stenehjem,331
Sioux,Constitutional No. 1: Oil and Gas Tax Legacy Fund.,,,No,352
Sioux,Constitutional No. 1: Oil and Gas Tax Legacy Fund.,,,Yes,350
Sioux,County Auditor Sioux,,,Barbara J Hettich,647
Sioux,County Auditor Sioux,,,write-in,19
Sioux,County Commissioner Sioux - District 1,,,Cole Hatzenbuhler,113
Sioux,County Commissioner Sioux - District 1,,,Glen Bahm,160
Sioux,County Commissioner Sioux - District 1,,,write-in,5
Sioux,County Commissioner Sioux - District 3,,,David Volk,141
Sioux,County Commissioner Sioux - District 3,,,Dusty Kraft,167
Sioux,County Commissioner Sioux - District 3,,,write-in,60
Sioux,County Official Newspaper Sioux,,,Carson Press,564
Sioux,County Sheriff Sioux,,,Frank Landeis,675
Sioux,County Sheriff Sioux,,,write-in,26
Sioux,County States Attorney Sioux,,,John J Gosbee,572
Sioux,County States Attorney Sioux,,,write-in,21
Sioux,County Treasurer/Recorder/Clerk of District Court Sioux,,,Sandra L Waliser,647
Sioux,County Treasurer/Recorder/Clerk of District Court Sioux,,,write-in,15
Sioux,Initiated Statutory No. 2: Relating to Captive Game Hunting.,,,No,353
Sioux,Initiated Statutory No. 2: Relating to Captive Game Hunting.,,,Yes,375
Sioux,Judge of the District Court No. 5 South Central,,,Cynthia Feland,518
Sioux,Judge of the District Court No. 5 South Central,,,Parrell Grossman,181
Sioux,Judge of the District Court No. 5 South Central,,,write-in,4
Sioux,Justice of the Supreme Court,,,Carol Kapsner,585
Sioux,Justice of the Supreme Court,,,write-in,17
Sioux,Public Service Commissioner,,,write-in,0
Sioux,Public Service Commissioner,,DEM,Brad Crabtree,470
Sioux,Public Service Commissioner,,LIB,Joshua Voytek,27
Sioux,Public Service Commissioner,,REP,Kevin Cramer,258
Sioux,School Board Member Fort Yates School,,,Clayton Hagel,222
Sioux,School Board Member Fort Yates School,,,Dana Yellow Fat,128
Sioux,School Board Member Fort Yates School,,,Elliot Rhoades,44
Sioux,School Board Member Fort Yates School,,,James Molash Sr,118
Sioux,School Board Member Fort Yates School,,,Kimberly Rhoads,45
Sioux,School Board Member Fort Yates School,,,Michael Lawrence,73
Sioux,School Board Member Fort Yates School,,,Monique Pleets,45
Sioux,School Board Member Fort Yates School,,,Ramona M Antell,169
Sioux,School Board Member Fort Yates School,,,Ronald G Walters Jr,71
Sioux,School Board Member Fort Yates School,,,Shane Luger,143
Sioux,School Board Member Fort Yates School,,,Sheila White Mountain,62
Sioux,School Board Member Fort Yates School,,,Wilber L. Pleets,22
Sioux,School Board Member Fort Yates School,,,write-in,4
Sioux,Secretary of State,,,write-in,4
Sioux,Secretary of State,,DEM,Corey Mock,482
Sioux,Secretary of State,,REP,Alvin A (Al) Jaeger,268
Sioux,State House,31,,write-in,2
Sioux,State House,31,DEM,Chad M Harrison,586
Sioux,State House,31,DEM,James Kerzman,291
Sioux,State House,31,REP,James E Schmidt,122
Sioux,State House,31,REP,Karen Rohr,127
Sioux,State Senate,31,,Donald Schaible,144
Sioux,State Senate,31,,George Hsu,54
Sioux,State Senate,31,,Rodney J Froelich,574
Sioux,State Senate,31,,write-in,2
Sioux,"Supervisor, Soil Conservation District Sioux",,,write-in,116
Sioux,Tax Commissioner,,,write-in,1
Sioux,Tax Commissioner,,DEM,Cynthia Kaldor,445
Sioux,Tax Commissioner,,LIB,Richard Flattum-Riemers,41
Sioux,Tax Commissioner,,REP,Cory Fong,264
Sioux,U.S. House,1,,write-in,0
Sioux,U.S. House,1,DEM,Earl Pomeroy,568
Sioux,U.S. House,1,REP,Rick Berg,208
Sioux,U.S. Senate,,,write-in,3
Sioux,U.S. Senate,,DEM,Tracy Potter,327
Sioux,U.S. Senate,,LIB,Keith J Hanson,25
Sioux,U.S. Senate,,REP,John Hoeven,426
Slope,Agriculture Commissioner,,,write-in,0
Slope,Agriculture Commissioner,,DEM,Merle Boucher,58
Slope,Agriculture Commissioner,,REP,Doug Goehring,270
Slope,Attorney General,,,write-in,0
Slope,Attorney General,,DEM,Jeanette Boechler,52
Slope,Attorney General,,REP,Wayne Stenehjem,282
Slope,Constitutional No. 1: Oil and Gas Tax Legacy Fund.,,,No,141
Slope,Constitutional No. 1: Oil and Gas Tax Legacy Fund.,,,Yes,181
Slope,County Auditor Slope,,,Lorrie Buzalsky,290
Slope,County Auditor Slope,,,write-in,7
Slope,County Commissioner Slope - District 1,,,Mike Teske,278
Slope,County Commissioner Slope - District 1,,,write-in,6
Slope,County Commissioner Slope - District 3,,,Mike H Sonsalla,287
Slope,County Commissioner Slope - District 3,,,write-in,8
Slope,County Official Newspaper Slope,,,The Herald,285
Slope,County Recorder/Clerk of District Court Slope,,,"Marguerite ""Muggsy"" Schatz",301
Slope,County Recorder/Clerk of District Court Slope,,,write-in,4
Slope,County Sheriff Slope,,,Pat Lorge,303
Slope,County Sheriff Slope,,,write-in,7
Slope,County States Attorney Slope,,,Nici Meyer Clarkson,279
Slope,County States Attorney Slope,,,write-in,8
Slope,County Treasurer Slope,,,Stacey Miller,292
Slope,County Treasurer Slope,,,write-in,3
Slope,Initiated Statutory No. 2: Relating to Captive Game Hunting.,,,No,281
Slope,Initiated Statutory No. 2: Relating to Captive Game Hunting.,,,Yes,53
Slope,Justice of the Supreme Court,,,Carol Kapsner,268
Slope,Justice of the Supreme Court,,,write-in,2
Slope,Public Service Commissioner,,,write-in,0
Slope,Public Service Commissioner,,DEM,Brad Crabtree,86
Slope,Public Service Commissioner,,LIB,Joshua Voytek,12
Slope,Public Service Commissioner,,REP,Kevin Cramer,231
Slope,Secretary of State,,,write-in,1
Slope,Secretary of State,,DEM,Corey Mock,77
Slope,Secretary of State,,REP,Alvin A (Al) Jaeger,251
Slope,State House,39,,"David ""Skip"" Drovdal",235
Slope,State House,39,,write-in,1
Slope,State House,39,DEM,Aaron Judkins,72
Slope,State House,39,REP,Keith Kempenich,252
Slope,State Senate,39,,write-in,6
Slope,State Senate,39,REP,Bill Bowman,283
Slope,"Supervisor, Soil Conservation District Bowman-Slope Bowman/Slope Soil",,,write-in,48
Slope,"Supervisor, Soil Conservation District Bowman-Slope Unexpired Two (2) Year Term Bowman/Slope Soil",,,Jerry Jeffers,202
Slope,"Supervisor, Soil Conservation District Bowman-Slope Unexpired Two (2) Year Term Bowman/Slope Soil",,,write-in,6
Slope,"Supervisor, Soil Conservation District Slope-Hettinger Slope/Hettinger Soil",,,Dale Friedt,79
Slope,"Supervisor, Soil Conservation District Slope-Hettinger Slope/Hettinger Soil",,,write-in,0
Slope,Tax Commissioner,,,write-in,1
Slope,Tax Commissioner,,DEM,Cynthia Kaldor,57
Slope,Tax Commissioner,,LIB,Richard Flattum-Riemers,15
Slope,Tax Commissioner,,REP,Cory Fong,255
Slope,U.S. House,1,,write-in,1
Slope,U.S. House,1,DEM,Earl Pomeroy,109
Slope,U.S. House,1,REP,Rick Berg,229
Slope,U.S. Senate,,,write-in,0
Slope,U.S. Senate,,DEM,Tracy Potter,49
Slope,U.S. Senate,,LIB,Keith J Hanson,10
Slope,U.S. Senate,,REP,John Hoeven,279
Stark,Agriculture Commissioner,,,write-in,2
Stark,Agriculture Commissioner,,DEM,Merle Boucher,1655
Stark,Agriculture Commissioner,,REP,Doug Goehring,5900
Stark,Attorney General,,,write-in,7
Stark,Attorney General,,DEM,Jeanette Boechler,1520
Stark,Attorney General,,REP,Wayne Stenehjem,6122
Stark,Constitutional No. 1: Oil and Gas Tax Legacy Fund.,,,No,2627
Stark,Constitutional No. 1: Oil and Gas Tax Legacy Fund.,,,Yes,4639
Stark,County Auditor/Treasurer Stark,,,Kay Haag,6390
Stark,County Auditor/Treasurer Stark,,,write-in,21
Stark,County Commissioner Stark - District 2,,,Ken Zander,6201
Stark,County Commissioner Stark - District 2,,,write-in,53
Stark,County Commissioner Stark - District 4,,,Russ Hoff,6314
Stark,County Commissioner Stark - District 4,,,write-in,39
Stark,County Official Newspaper Stark,,,The Dickinson Press,6171
Stark,County Sheriff Stark,,,Clarence A Tuhy,5499
Stark,County Sheriff Stark,,,Ray Becker,2053
Stark,County Sheriff Stark,,,write-in,29
Stark,County States Attorney Stark,,,Tom Henning,6277
Stark,County States Attorney Stark,,,write-in,61
Stark,Initiated Statutory No. 2: Relating to Captive Game Hunting.,,,No,4750
Stark,Initiated Statutory No. 2: Relating to Captive Game Hunting.,,,Yes,2701
Stark,Justice of the Supreme Court,,,Carol Kapsner,6199
Stark,Justice of the Supreme Court,,,write-in,27
Stark,Public Service Commissioner,,,write-in,7
Stark,Public Service Commissioner,,DEM,Brad Crabtree,1994
Stark,Public Service Commissioner,,LIB,Joshua Voytek,315
Stark,Public Service Commissioner,,REP,Kevin Cramer,5236
Stark,Secretary of State,,,write-in,4
Stark,Secretary of State,,DEM,Corey Mock,1929
Stark,Secretary of State,,REP,Alvin A (Al) Jaeger,5667
Stark,State House,37,,write-in,15
Stark,State House,37,DEM,Cindy L Klein,1488
Stark,State House,37,REP,Nancy Johnson,3088
Stark,State House,37,REP,Vicky Steiner,3464
Stark,State Senate,37,,write-in,42
Stark,State Senate,37,REP,Rich Wardner,4064
Stark,"Supervisor, Central Stark Soil Conservation District Central Stark",,,Dennis R Reich,676
Stark,"Supervisor, Central Stark Soil Conservation District Central Stark",,,write-in,6
Stark,"Supervisor, Western Soil Conservation District Western",,,Ronald K Obritsch,5419
Stark,"Supervisor, Western Soil Conservation District Western",,,write-in,18
Stark,Tax Commissioner,,,write-in,2
Stark,Tax Commissioner,,DEM,Cynthia Kaldor,1467
Stark,Tax Commissioner,,LIB,Richard Flattum-Riemers,243
Stark,Tax Commissioner,,REP,Cory Fong,5866
Stark,U.S. House,1,,write-in,21
Stark,U.S. House,1,DEM,Earl Pomeroy,2567
Stark,U.S. House,1,REP,Rick Berg,5086
Stark,U.S. Senate,,,write-in,7
Stark,U.S. Senate,,DEM,Tracy Potter,1179
Stark,U.S. Senate,,LIB,Keith J Hanson,141
Stark,U.S. Senate,,REP,John Hoeven,6421
Steele,Agriculture Commissioner,,,write-in,2
Steele,Agriculture Commissioner,,DEM,Merle Boucher,396
Steele,Agriculture Commissioner,,REP,Doug Goehring,491
Steele,Attorney General,,,write-in,0
Steele,Attorney General,,DEM,Jeanette Boechler,304
Steele,Attorney General,,REP,Wayne Stenehjem,595
Steele,Constitutional No. 1: Oil and Gas Tax Legacy Fund.,,,No,316
Steele,Constitutional No. 1: Oil and Gas Tax Legacy Fund.,,,Yes,508
Steele,County Auditor Steele,,,Linda Leadbetter,787
Steele,County Auditor Steele,,,write-in,30
Steele,County Commissioner Steele - District 1,,,Dennis Lindstrom,158
Steele,County Commissioner Steele - District 1,,,write-in,2
Steele,County Commissioner Steele - District 3,,,Nick Brendemuhl,68
Steele,County Commissioner Steele - District 3,,,Ted S Johnson,107
Steele,County Commissioner Steele - District 3,,,write-in,1
Steele,County Commissioner Steele - District 5,,,Jane Amundson,135
Steele,County Commissioner Steele - District 5,,,write-in,18
Steele,County Official Newspaper Steele,,,Steele County Press,777
Steele,County Sheriff Steele,,,Wayne Beckman,773
Steele,County Sheriff Steele,,,write-in,29
Steele,County Treasurer Steele,,,Kari Dekker Crawford,790
Steele,County Treasurer Steele,,,write-in,7
Steele,Initiated Statutory No. 2: Relating to Captive Game Hunting.,,,No,476
Steele,Initiated Statutory No. 2: Relating to Captive Game Hunting.,,,Yes,377
Steele,Justice of the Supreme Court,,,Carol Kapsner,749
Steele,Justice of the Supreme Court,,,write-in,2
Steele,Public Service Commissioner,,,write-in,0
Steele,Public Service Commissioner,,DEM,Brad Crabtree,413
Steele,Public Service Commissioner,,LIB,Joshua Voytek,22
Steele,Public Service Commissioner,,REP,Kevin Cramer,456
Steele,Secretary of State,,,write-in,0
Steele,Secretary of State,,DEM,Corey Mock,424
Steele,Secretary of State,,REP,Alvin A (Al) Jaeger,466
Steele,State House,23,,write-in,0
Steele,State House,23,DEM,Ben Vig,181
Steele,State House,23,DEM,Erich Steven Longie,125
Steele,State House,23,REP,Bill Devlin,223
Steele,State House,23,REP,Don Vigesaa,228
Steele,State Senate,23,,write-in,0
Steele,State Senate,23,DEM,Joan M Heckaman,213
Steele,State Senate,23,REP,Frank Walker,175
Steele,"Supervisor, Soil Conservation District Steele",,,Gerald E Flickinger,786
Steele,"Supervisor, Soil Conservation District Steele",,,write-in,3
Steele,Tax Commissioner,,,write-in,0
Steele,Tax Commissioner,,DEM,Cynthia Kaldor,424
Steele,Tax Commissioner,,LIB,Richard Flattum-Riemers,22
Steele,Tax Commissioner,,REP,Cory Fong,449
Steele,U.S. House,1,,write-in,1
Steele,U.S. House,1,DEM,Earl Pomeroy,543
Steele,U.S. House,1,REP,Rick Berg,354
Steele,U.S. Senate,,,write-in,1
Steele,U.S. Senate,,DEM,Tracy Potter,293
Steele,U.S. Senate,,LIB,Keith J Hanson,9
Steele,U.S. Senate,,REP,John Hoeven,602
Stutsman,Agriculture Commissioner,,,write-in,9
Stutsman,Agriculture Commissioner,,DEM,Merle Boucher,2333
Stutsman,Agriculture Commissioner,,REP,Doug Goehring,5042
Stutsman,Attorney General,,,write-in,4
Stutsman,Attorney General,,DEM,Jeanette Boechler,2026
Stutsman,Attorney General,,REP,Wayne Stenehjem,5553
Stutsman,Constitutional No. 1: Oil and Gas Tax Legacy Fund.,,,No,2893
Stutsman,Constitutional No. 1: Oil and Gas Tax Legacy Fund.,,,Yes,4005
Stutsman,County Commissioner Stutsman,,,Ben Maulding,2622
Stutsman,County Commissioner Stutsman,,,Craig Neys,3839
Stutsman,County Commissioner Stutsman,,,Dale Marks,4062
Stutsman,County Commissioner Stutsman,,,Dennis (Denny) Ova,4456
Stutsman,County Commissioner Stutsman,,,Nellie Degen,2044
Stutsman,County Commissioner Stutsman,,,Patrick J Folk,2389
Stutsman,County Commissioner Stutsman,,,write-in,98
Stutsman,County Official Newspaper Stutsman,,,The Jamestown Sun,6053
Stutsman,County Sheriff Stutsman,,,Chad Kaiser,5512
Stutsman,County Sheriff Stutsman,,,David F Orr,2010
Stutsman,County Sheriff Stutsman,,,write-in,12
Stutsman,County States Attorney Stutsman,,,Fritz Fremgen,5703
Stutsman,County States Attorney Stutsman,,,write-in,73
Stutsman,"Director, Garrison Diversion Conservancy Stutsman",,,Thomas M Olson,5675
Stutsman,"Director, Garrison Diversion Conservancy Stutsman",,,write-in,24
Stutsman,Initiated Statutory No. 2: Relating to Captive Game Hunting.,,,No,4388
Stutsman,Initiated Statutory No. 2: Relating to Captive Game Hunting.,,,Yes,3037
Stutsman,Judge of the District Court No. 2 Southeast,,,Brad Cruff,2923
Stutsman,Judge of the District Court No. 2 Southeast,,,John T (Jack) Paulson,3846
Stutsman,Judge of the District Court No. 2 Southeast,,,write-in,20
Stutsman,Judge of the District Court No. 5 Southeast,,,Daniel D Narum,5473
Stutsman,Judge of the District Court No. 5 Southeast,,,write-in,33
Stutsman,Justice of the Supreme Court,,,Carol Kapsner,5608
Stutsman,Justice of the Supreme Court,,,write-in,41
Stutsman,Public Service Commissioner,,,write-in,7
Stutsman,Public Service Commissioner,,DEM,Brad Crabtree,2712
Stutsman,Public Service Commissioner,,LIB,Joshua Voytek,266
Stutsman,Public Service Commissioner,,REP,Kevin Cramer,4422
Stutsman,"Public board of directors to oversee the Stutsman County Road Department: Do you approve an amendment to article 6 of the Stutsman County, North Dakota Home Rule Charter to provide for creation of a public board of directors to provide oversight for the Stutsman County Road Department and the Stutsman County Road System and prescribe the board's powers and duties. Stutsman",,,No,4541
Stutsman,"Public board of directors to oversee the Stutsman County Road Department: Do you approve an amendment to article 6 of the Stutsman County, North Dakota Home Rule Charter to provide for creation of a public board of directors to provide oversight for the Stutsman County Road Department and the Stutsman County Road System and prescribe the board's powers and duties. Stutsman",,,Yes,2733
Stutsman,Secretary of State,,,write-in,11
Stutsman,Secretary of State,,DEM,Corey Mock,2756
Stutsman,Secretary of State,,REP,Alvin A (Al) Jaeger,4692
Stutsman,State House,29,,write-in,1
Stutsman,State House,29,DEM,Ellen Linderman,1180
Stutsman,State House,29,DEM,Jason McKenney,1133
Stutsman,State House,29,REP,Chet Pollert,1906
Stutsman,State House,29,REP,Craig Headland,1794
Stutsman,State Senate,29,,write-in,5
Stutsman,State Senate,29,DEM,Richard Schlosser,1076
Stutsman,State Senate,29,REP,Terry M Wanzek,2108
Stutsman,"Supervisor, Soil Conservation District Stutsman",,,Bernard Wanzek,5762
Stutsman,"Supervisor, Soil Conservation District Stutsman",,,write-in,28
Stutsman,Tax Commissioner,,,write-in,9
Stutsman,Tax Commissioner,,DEM,Cynthia Kaldor,2152
Stutsman,Tax Commissioner,,LIB,Richard Flattum-Riemers,273
Stutsman,Tax Commissioner,,REP,Cory Fong,4962
Stutsman,U.S. House,1,,write-in,32
Stutsman,U.S. House,1,DEM,Earl Pomeroy,3571
Stutsman,U.S. House,1,REP,Rick Berg,4055
Stutsman,U.S. Senate,,,write-in,13
Stutsman,U.S. Senate,,DEM,Tracy Potter,1596
Stutsman,U.S. Senate,,LIB,Keith J Hanson,143
Stutsman,U.S. Senate,,REP,John Hoeven,6011
Towner,Agriculture Commissioner,,,write-in,1
Towner,Agriculture Commissioner,,DEM,Merle Boucher,432
Towner,Agriculture Commissioner,,REP,Doug Goehring,570
Towner,Attorney General,,,write-in,3
Towner,Attorney General,,DEM,Jeanette Boechler,291
Towner,Attorney General,,REP,Wayne Stenehjem,714
Towner,Constitutional No. 1: Oil and Gas Tax Legacy Fund.,,,No,361
Towner,Constitutional No. 1: Oil and Gas Tax Legacy Fund.,,,Yes,613
Towner,County Auditor/Treasurer Towner,,,Joni Morlock,608
Towner,County Auditor/Treasurer Towner,,,Kent M Haugen,417
Towner,County Auditor/Treasurer Towner,,,write-in,1
Towner,County Commissioner #DistrictName# Towner - District 2,,,Doug Berg,868
Towner,County Commissioner #DistrictName# Towner - District 2,,,write-in,30
Towner,County Commissioner #DistrictName# Towner - District 4,,,David Lagein,569
Towner,County Commissioner #DistrictName# Towner - District 4,,,Wesley Yoder,416
Towner,County Commissioner #DistrictName# Towner - District 4,,,write-in,3
Towner,County Official Newspaper Towner,,,Towner County Record Herald,882
Towner,County Recorder/Clerk of District Court Towner,,,Jolene D Hoffert,920
Towner,County Recorder/Clerk of District Court Towner,,,write-in,4
Towner,County Sheriff Towner,,,Vaughn C Klier,875
Towner,County Sheriff Towner,,,write-in,31
Towner,County States Attorney Towner,,,Robert G Ackre,901
Towner,County States Attorney Towner,,,write-in,15
Towner,Initiated Statutory No. 2: Relating to Captive Game Hunting.,,,No,620
Towner,Initiated Statutory No. 2: Relating to Captive Game Hunting.,,,Yes,362
Towner,Judge of the District Court No. 1 Northeast,,,Lee A Christofferson,918
Towner,Judge of the District Court No. 1 Northeast,,,write-in,6
Towner,Judge of the District Court No. 5 Northeast,,,Laurie A Fontaine,838
Towner,Judge of the District Court No. 5 Northeast,,,write-in,4
Towner,Justice of the Supreme Court,,,Carol Kapsner,835
Towner,Justice of the Supreme Court,,,write-in,4
Towner,Public Service Commissioner,,,write-in,2
Towner,Public Service Commissioner,,DEM,Brad Crabtree,411
Towner,Public Service Commissioner,,LIB,Joshua Voytek,28
Towner,Public Service Commissioner,,REP,Kevin Cramer,546
Towner,Secretary of State,,,write-in,1
Towner,Secretary of State,,DEM,Corey Mock,405
Towner,Secretary of State,,REP,Alvin A (Al) Jaeger,587
Towner,State House,15,,write-in,10
Towner,State House,15,REP,Curt Hofstad,467
Towner,State House,15,REP,Dennis E Johnson,461
Towner,State Senate,15,,write-in,11
Towner,State Senate,15,REP,Dave Oehlke,529
Towner,"Supervisor, Soil Conservation District Soil Conservation District",,,Kirk Larson,850
Towner,"Supervisor, Soil Conservation District Soil Conservation District",,,write-in,12
Towner,Tax Commissioner,,,write-in,0
Towner,Tax Commissioner,,DEM,Cynthia Kaldor,377
Towner,Tax Commissioner,,LIB,Richard Flattum-Riemers,35
Towner,Tax Commissioner,,REP,Cory Fong,574
Towner,U.S. House,1,,write-in,1
Towner,U.S. House,1,DEM,Earl Pomeroy,550
Towner,U.S. House,1,REP,Rick Berg,471
Towner,U.S. Senate,,,write-in,1
Towner,U.S. Senate,,DEM,Tracy Potter,247
Towner,U.S. Senate,,LIB,Keith J Hanson,15
Towner,U.S. Senate,,REP,John Hoeven,767
Traill,Agriculture Commissioner,,,write-in,2
Traill,Agriculture Commissioner,,DEM,Merle Boucher,1173
Traill,Agriculture Commissioner,,REP,Doug Goehring,1844
Traill,Attorney General,,,write-in,1
Traill,Attorney General,,DEM,Jeanette Boechler,826
Traill,Attorney General,,REP,Wayne Stenehjem,2232
Traill,Constitutional No. 1: Oil and Gas Tax Legacy Fund.,,,No,1007
Traill,Constitutional No. 1: Oil and Gas Tax Legacy Fund.,,,Yes,1938
Traill,County Auditor Traill,,,Rebecca M Braaten,2820
Traill,County Auditor Traill,,,write-in,5
Traill,County Clerk of District Court Traill,,,Paulette Bowersox,2722
Traill,County Clerk of District Court Traill,,,write-in,4
Traill,County Commissioner Traill - District 1,,,Thomas Eblen,611
Traill,County Commissioner Traill - District 1,,,write-in,13
Traill,County Commissioner Traill - District 3,,,Gail A Mooney,263
Traill,County Commissioner Traill - District 3,,,Ronald Peterson,216
Traill,County Commissioner Traill - District 3,,,write-in,0
Traill,County Commissioner Traill - District 5,,,Arne Osland,594
Traill,County Commissioner Traill - District 5,,,write-in,7
Traill,County Official Newspaper Traill,,,Hillsboro Banner,1101
Traill,County Official Newspaper Traill,,,Traill County Tribune,1919
Traill,County Recorder Traill,,,Julie R Foss,2794
Traill,County Recorder Traill,,,write-in,7
Traill,County Sheriff Traill,,,Mike Crocker,2762
Traill,County Sheriff Traill,,,write-in,86
Traill,County States Attorney Traill,,,Brett A Brudvik,1249
Traill,County States Attorney Traill,,,Stuart A Larson,1740
Traill,County States Attorney Traill,,,write-in,14
Traill,County Treasurer Traill,,,Connie M Weber,2797
Traill,County Treasurer Traill,,,write-in,3
Traill,"Director, Garrison Diversion Conservancy Traill",,,Bill E Krivarchka,2673
Traill,"Director, Garrison Diversion Conservancy Traill",,,write-in,15
Traill,Initiated Statutory No. 2: Relating to Captive Game Hunting.,,,No,1640
Traill,Initiated Statutory No. 2: Relating to Captive Game Hunting.,,,Yes,1327
Traill,Justice of the Supreme Court,,,Carol Kapsner,2653
Traill,Justice of the Supreme Court,,,write-in,11
Traill,Public Service Commissioner,,,write-in,0
Traill,Public Service Commissioner,,DEM,Brad Crabtree,1218
Traill,Public Service Commissioner,,LIB,Joshua Voytek,93
Traill,Public Service Commissioner,,REP,Kevin Cramer,1704
Traill,Secretary of State,,,write-in,0
Traill,Secretary of State,,DEM,Corey Mock,1305
Traill,Secretary of State,,REP,Alvin A (Al) Jaeger,1728
Traill,"Supervisor, Soil Conservation District Traill",,,Bradley J Vaagene,2711
Traill,"Supervisor, Soil Conservation District Traill",,,write-in,4
Traill,Tax Commissioner,,,write-in,0
Traill,Tax Commissioner,,DEM,Cynthia Kaldor,1490
Traill,Tax Commissioner,,LIB,Richard Flattum-Riemers,62
Traill,Tax Commissioner,,REP,Cory Fong,1501
Traill,U.S. House,1,,write-in,11
Traill,U.S. House,1,DEM,Earl Pomeroy,1655
Traill,U.S. House,1,REP,Rick Berg,1400
Traill,U.S. Senate,,,write-in,3
Traill,U.S. Senate,,DEM,Tracy Potter,765
Traill,U.S. Senate,,LIB,Keith J Hanson,45
Traill,U.S. Senate,,REP,John Hoeven,2262
Walsh,Agriculture Commissioner,,,write-in,3
Walsh,Agriculture Commissioner,,DEM,Merle Boucher,1312
Walsh,Agriculture Commissioner,,REP,Doug Goehring,2615
Walsh,Attorney General,,,write-in,2
Walsh,Attorney General,,DEM,Jeanette Boechler,960
Walsh,Attorney General,,REP,Wayne Stenehjem,3024
Walsh,Constitutional No. 1: Oil and Gas Tax Legacy Fund.,,,No,1238
Walsh,Constitutional No. 1: Oil and Gas Tax Legacy Fund.,,,Yes,2518
Walsh,County Auditor Walsh,,,Sharon Kinsala,3571
Walsh,County Auditor Walsh,,,write-in,17
Walsh,County Commissioner Walsh,,,Allen Ruzicka,2434
Walsh,County Commissioner Walsh,,,Ernie Barta,2643
Walsh,County Commissioner Walsh,,,Luther Meberg,2618
Walsh,County Commissioner Walsh,,,Pat Koehmstedt,2254
Walsh,County Commissioner Walsh,,,write-in,31
Walsh,County Official Newspaper Walsh,,,The Walsh County Record,3450
Walsh,County Recorder Walsh,,,Diane M Link,3480
Walsh,County Recorder Walsh,,,write-in,11
Walsh,County Sheriff Walsh,,,Lauren W Wild,2548
Walsh,County Sheriff Walsh,,,Ronald E Nord,1459
Walsh,County Sheriff Walsh,,,write-in,6
Walsh,County States Attorney Walsh,,,Barbara L Whelan,3483
Walsh,County States Attorney Walsh,,,write-in,30
Walsh,County Treasurer Walsh,,,Jill Trenda,3534
Walsh,County Treasurer Walsh,,,write-in,8
Walsh,Initiated Statutory No. 2: Relating to Captive Game Hunting.,,,No,2234
Walsh,Initiated Statutory No. 2: Relating to Captive Game Hunting.,,,Yes,1615
Walsh,Judge of the District Court No. 1 Northeast,,,Lee A Christofferson,3329
Walsh,Judge of the District Court No. 1 Northeast,,,write-in,8
Walsh,Judge of the District Court No. 5 Northeast,,,Laurie A Fontaine,3354
Walsh,Judge of the District Court No. 5 Northeast,,,write-in,17
Walsh,Justice of the Supreme Court,,,Carol Kapsner,3272
Walsh,Justice of the Supreme Court,,,write-in,24
Walsh,Public Service Commissioner,,,write-in,0
Walsh,Public Service Commissioner,,DEM,Brad Crabtree,1268
Walsh,Public Service Commissioner,,LIB,Joshua Voytek,102
Walsh,Public Service Commissioner,,REP,Kevin Cramer,2538
Walsh,Secretary of State,,,write-in,1
Walsh,Secretary of State,,DEM,Corey Mock,1504
Walsh,Secretary of State,,REP,Alvin A (Al) Jaeger,2450
Walsh,"Supervisor, Soil Conservation District Walsh",,,Jim Miller,2409
Walsh,"Supervisor, Soil Conservation District Walsh",,,Vernon Russum,1325
Walsh,"Supervisor, Soil Conservation District Walsh",,,write-in,7
Walsh,Tax Commissioner,,,write-in,1
Walsh,Tax Commissioner,,DEM,Cynthia Kaldor,1283
Walsh,Tax Commissioner,,LIB,Richard Flattum-Riemers,115
Walsh,Tax Commissioner,,REP,Cory Fong,2524
Walsh,U.S. House,1,,write-in,8
Walsh,U.S. House,1,DEM,Earl Pomeroy,2001
Walsh,U.S. House,1,REP,Rick Berg,2029
Walsh,U.S. Senate,,,write-in,9
Walsh,U.S. Senate,,DEM,Tracy Potter,767
Walsh,U.S. Senate,,LIB,Keith J Hanson,46
Walsh,U.S. Senate,,REP,John Hoeven,3235
Ward,Agriculture Commissioner,,,write-in,23
Ward,Agriculture Commissioner,,DEM,Merle Boucher,5330
Ward,Agriculture Commissioner,,REP,Doug Goehring,13417
Ward,Attorney General,,,write-in,20
Ward,Attorney General,,DEM,Jeanette Boechler,4208
Ward,Attorney General,,REP,Wayne Stenehjem,14753
Ward,"City Measure 1: Shall the Home Rule Charter for the City of Surrey as published in the official newspaper on August 31, 2010 be adopted? Surrey",,,No,107
Ward,"City Measure 1: Shall the Home Rule Charter for the City of Surrey as published in the official newspaper on August 31, 2010 be adopted? Surrey",,,Yes,158
Ward,Constitutional No. 1: Oil and Gas Tax Legacy Fund.,,,No,7195
Ward,Constitutional No. 1: Oil and Gas Tax Legacy Fund.,,,Yes,10993
Ward,Council Member Unexpired Two Year Term Minot Ward 5,,,Richard Allende,369
Ward,Council Member Unexpired Two Year Term Minot Ward 5,,,Tom Seymour,961
Ward,Council Member Unexpired Two Year Term Minot Ward 5,,,write-in,6
Ward,County Commissioner at Large Ward,,,Jerome Gruenberg,10747
Ward,County Commissioner at Large Ward,,,John Fjeldahl,11600
Ward,County Commissioner at Large Ward,,,Sue Weston,9216
Ward,County Commissioner at Large Ward,,,write-in,131
Ward,County Official Newspaper Ward,,,Minot Daily News,15026
Ward,County Official Newspaper Ward,,,The Kenmare News,2522
Ward,County Sheriff Ward,,,Steve Kukowski,9425
Ward,County Sheriff Ward,,,Todd Keller,9171
Ward,County Sheriff Ward,,,write-in,32
Ward,County States Attorney Ward,,,Rozanna (Roza) C Larson,15321
Ward,County States Attorney Ward,,,write-in,182
Ward,"Director, Garrison Diversion Conservancy Ward",,,Alan M Walter,15578
Ward,"Director, Garrison Diversion Conservancy Ward",,,write-in,145
Ward,Initiated Statutory No. 2: Relating to Captive Game Hunting.,,,No,11051
Ward,Initiated Statutory No. 2: Relating to Captive Game Hunting.,,,Yes,7639
Ward,Judge of the District Court No. 1 Northwest,,,Josh B Rustad,7887
Ward,Judge of the District Court No. 1 Northwest,,,Paul W Jacobson,7314
Ward,Judge of the District Court No. 1 Northwest,,,write-in,94
Ward,Judge of the District Court No. 4 Northwest,,,Gary H Lee,15987
Ward,Judge of the District Court No. 4 Northwest,,,write-in,173
Ward,Justice of the Supreme Court,,,Carol Kapsner,15594
Ward,Justice of the Supreme Court,,,write-in,130
Ward,Public Service Commissioner,,,write-in,17
Ward,Public Service Commissioner,,DEM,Brad Crabtree,5920
Ward,Public Service Commissioner,,LIB,Joshua Voytek,703
Ward,Public Service Commissioner,,REP,Kevin Cramer,12063
Ward,Secretary of State,,,write-in,24
Ward,Secretary of State,,DEM,Corey Mock,7309
Ward,Secretary of State,,REP,Alvin A (Al) Jaeger,11546
Ward,State House,3,,write-in,7
Ward,State House,3,DEM,Kari Lee Conrad,1764
Ward,State House,3,DEM,Lisa Wolf,1982
Ward,State House,3,REP,Andrew Maragos,2425
Ward,State House,3,REP,Roscoe Streyle,2294
Ward,State House,5,,write-in,10
Ward,State House,5,DEM,Heidi E Rintoul,1476
Ward,State House,5,DEM,Louis Pinkerton,2733
Ward,State House,5,REP,Roger Brabandt,2794
Ward,State House,5,REP,Scott Louser,3285
Ward,State Senate,3,,write-in,6
Ward,State Senate,3,DEM,Robert M Horne,2035
Ward,State Senate,3,REP,Oley Larsen,2424
Ward,State Senate,5,,write-in,11
Ward,State Senate,5,DEM,Frank Mayer,1353
Ward,State Senate,5,REP,Randy Burckhard,4055
Ward,"Supervisor, Soil Conservation District Ward",,,Greg Simonson,15564
Ward,"Supervisor, Soil Conservation District Ward",,,write-in,66
Ward,Tax Commissioner,,,write-in,23
Ward,Tax Commissioner,,DEM,Cynthia Kaldor,4539
Ward,Tax Commissioner,,LIB,Richard Flattum-Riemers,617
Ward,Tax Commissioner,,REP,Cory Fong,13539
Ward,U.S. House,1,,write-in,102
Ward,U.S. House,1,DEM,Earl Pomeroy,7722
Ward,U.S. House,1,REP,Rick Berg,11189
Ward,U.S. Senate,,,write-in,15
Ward,U.S. Senate,,DEM,Tracy Potter,3453
Ward,U.S. Senate,,LIB,Keith J Hanson,260
Ward,U.S. Senate,,REP,John Hoeven,15465
Wells,Agriculture Commissioner,,,write-in,0
Wells,Agriculture Commissioner,,DEM,Merle Boucher,545
Wells,Agriculture Commissioner,,REP,Doug Goehring,1598
Wells,Attorney General,,,write-in,2
Wells,Attorney General,,DEM,Jeanette Boechler,442
Wells,Attorney General,,REP,Wayne Stenehjem,1719
Wells,Constitutional No. 1: Oil and Gas Tax Legacy Fund.,,,No,805
Wells,Constitutional No. 1: Oil and Gas Tax Legacy Fund.,,,Yes,1251
Wells,County Auditor Wells,,,Janell Rudel,2003
Wells,County Auditor Wells,,,write-in,12
Wells,County Commissioner Wells - District 2,,,Randi Suckut,1914
Wells,County Commissioner Wells - District 2,,,write-in,14
Wells,County Commissioner Wells - District 4,,,Richard Leintz,1857
Wells,County Commissioner Wells - District 4,,,write-in,19
Wells,County Official Newspaper Wells,,,The Herald-Press,1898
Wells,County Recorder Wells,,,Carrie K Krause,1924
Wells,County Recorder Wells,,,write-in,5
Wells,County Sheriff Wells,,,Curtis Pellett,1155
Wells,County Sheriff Wells,,,Ron (Ron K) Krivoruchka,996
Wells,County Sheriff Wells,,,write-in,5
Wells,County States Attorney Wells,,,Kathleen K Trosen,1150
Wells,County States Attorney Wells,,,write-in,798
Wells,County Treasurer Wells,,,Joyce R Larson,1991
Wells,County Treasurer Wells,,,write-in,7
Wells,"Director, Garrison Diversion Conservancy Wells",,,Bill Ongstad,1902
Wells,"Director, Garrison Diversion Conservancy Wells",,,write-in,13
Wells,Initiated Statutory No. 2: Relating to Captive Game Hunting.,,,No,1379
Wells,Initiated Statutory No. 2: Relating to Captive Game Hunting.,,,Yes,740
Wells,Judge of the District Court No. 2 Southeast,,,Brad Cruff,1014
Wells,Judge of the District Court No. 2 Southeast,,,John T (Jack) Paulson,813
Wells,Judge of the District Court No. 2 Southeast,,,write-in,7
Wells,Judge of the District Court No. 5 Southeast,,,Daniel D Narum,1690
Wells,Judge of the District Court No. 5 Southeast,,,write-in,9
Wells,Justice of the Supreme Court,,,Carol Kapsner,1739
Wells,Justice of the Supreme Court,,,write-in,9
Wells,Public Service Commissioner,,,write-in,2
Wells,Public Service Commissioner,,DEM,Brad Crabtree,628
Wells,Public Service Commissioner,,LIB,Joshua Voytek,52
Wells,Public Service Commissioner,,REP,Kevin Cramer,1452
Wells,Secretary of State,,,write-in,1
Wells,Secretary of State,,DEM,Corey Mock,657
Wells,Secretary of State,,REP,Alvin A (Al) Jaeger,1487
Wells,"Supervisor, Soil Conservation District Wells",,,David Lautt,1936
Wells,"Supervisor, Soil Conservation District Wells",,,write-in,6
Wells,Tax Commissioner,,,write-in,2
Wells,Tax Commissioner,,DEM,Cynthia Kaldor,470
Wells,Tax Commissioner,,LIB,Richard Flattum-Riemers,57
Wells,Tax Commissioner,,REP,Cory Fong,1611
Wells,U.S. House,1,,write-in,5
Wells,U.S. House,1,DEM,Earl Pomeroy,828
Wells,U.S. House,1,REP,Rick Berg,1335
Wells,U.S. Senate,,,write-in,2
Wells,U.S. Senate,,DEM,Tracy Potter,387
Wells,U.S. Senate,,LIB,Keith J Hanson,29
Wells,U.S. Senate,,REP,John Hoeven,1774
Williams,Agriculture Commissioner,,,write-in,10
Williams,Agriculture Commissioner,,DEM,Merle Boucher,1439
Williams,Agriculture Commissioner,,REP,Doug Goehring,4743
Williams,Attorney General,,,write-in,6
Williams,Attorney General,,DEM,Jeanette Boechler,1139
Williams,Attorney General,,REP,Wayne Stenehjem,5129
Williams,Constitutional No. 1: Oil and Gas Tax Legacy Fund.,,,No,2674
Williams,Constitutional No. 1: Oil and Gas Tax Legacy Fund.,,,Yes,3265
Williams,County Auditor Williams,,,Beth M Innis,5405
Williams,County Auditor Williams,,,write-in,34
Williams,County Commissioner Williams - District 1,,,Martin Hanson,906
Williams,County Commissioner Williams - District 1,,,write-in,23
Williams,County Commissioner Williams - District 3,,,Al Millette,446
Williams,County Commissioner Williams - District 3,,,Wayne Aberle,650
Williams,County Commissioner Williams - District 3,,,write-in,4
Williams,County Commissioner Williams - District 5,,,Barry Ramberg,1145
Williams,County Commissioner Williams - District 5,,,write-in,18
Williams,County Official Newspaper Williams,,,The Tioga Tribune,1307
Williams,County Official Newspaper Williams,,,Williston Herald,4576
Williams,County Sheriff Williams,,,Scott Busching,5369
Williams,County Sheriff Williams,,,write-in,84
Williams,County States Attorney Williams,,,Marlyce A Wilder,5170
Williams,County States Attorney Williams,,,write-in,60
Williams,County Treasurer/Recorder Williams,,,Kari Rognlien-Evenson,5358
Williams,County Treasurer/Recorder Williams,,,write-in,24
Williams,Initiated Statutory No. 2: Relating to Captive Game Hunting.,,,No,3581
Williams,Initiated Statutory No. 2: Relating to Captive Game Hunting.,,,Yes,2459
Williams,Judge of the District Court No. 1 Northwest,,,Josh B Rustad,3577
Williams,Judge of the District Court No. 1 Northwest,,,Paul W Jacobson,2218
Williams,Judge of the District Court No. 1 Northwest,,,write-in,8
Williams,Judge of the District Court No. 4 Northwest,,,Gary H Lee,5011
Williams,Judge of the District Court No. 4 Northwest,,,write-in,25
Williams,Justice of the Supreme Court,,,Carol Kapsner,4943
Williams,Justice of the Supreme Court,,,write-in,38
Williams,MOSQUITO CONTROL CHARGE: TOTAL NOT TO EXCEED $4.00 PER OCCUPIED UNIT PER MONTH IN WILLISTON VECTOR CONTROL DISTRICT #1. Shall the Williston Vector Control District #1 be authorized to charge four dollars ($4.00) per month in the Williston Vector Control District #1. This would be a total of four dollars per month per occupied unit in the Williston Vector Control District #1. The charge will sunset after December of 2014. Williston,,,No,1037
Williams,MOSQUITO CONTROL CHARGE: TOTAL NOT TO EXCEED $4.00 PER OCCUPIED UNIT PER MONTH IN WILLISTON VECTOR CONTROL DISTRICT #1. Shall the Williston Vector Control District #1 be authorized to charge four dollars ($4.00) per month in the Williston Vector Control District #1. This would be a total of four dollars per month per occupied unit in the Williston Vector Control District #1. The charge will sunset after December of 2014. Williston,,,Yes,3307
Williams,Public Service Commissioner,,,write-in,3
Williams,Public Service Commissioner,,DEM,Brad Crabtree,1599
Williams,Public Service Commissioner,,LIB,Joshua Voytek,263
Williams,Public Service Commissioner,,REP,Kevin Cramer,4330
Williams,Secretary of State,,,write-in,7
Williams,Secretary of State,,DEM,Corey Mock,1764
Williams,Secretary of State,,REP,Alvin A (Al) Jaeger,4455
Williams,State House,1,,write-in,58
Williams,State House,1,REP,Gary R Sukut,2939
Williams,State House,1,REP,Patrick Hatlestad,3015
Williams,State Senate,1,,write-in,58
Williams,State Senate,1,REP,Stanley W Lyson,3396
Williams,"Supervisor, Soil Conservation District Williams",,,Lester Larson,5115
Williams,"Supervisor, Soil Conservation District Williams",,,write-in,24
Williams,Tax Commissioner,,,write-in,3
Williams,Tax Commissioner,,DEM,Cynthia Kaldor,1254
Williams,Tax Commissioner,,LIB,Richard Flattum-Riemers,231
Williams,Tax Commissioner,,REP,Cory Fong,4706
Williams,U.S. House,1,,write-in,23
Williams,U.S. House,1,DEM,Earl Pomeroy,2024
Williams,U.S. House,1,REP,Rick Berg,4231
Williams,U.S. Senate,,,write-in,4
Williams,U.S. Senate,,DEM,Tracy Potter,939
Williams,U.S. Senate,,LIB,Keith J Hanson,118
Williams,U.S. Senate,,REP,John Hoeven,5274
