county,office,district,party,candidate,votes
Adams,Council Member Hettinger,,,David C Parrill,210
Adams,Council Member Hettinger,,,David L Timm,155
Adams,Council Member Hettinger,,,Suzanne R Reuther,329
Adams,Council Member Hettinger,,,write-in,4
Adams,County Commissioner at Large Adams,,,Anthony D Larson,473
Adams,County Commissioner at Large Adams,,,Dustin M Laufer,572
Adams,County Commissioner at Large Adams,,,Melana N Howe,378
Adams,County Commissioner at Large Adams,,,write-in,33
Adams,"Director, Southwest Water Authority Adams",,,Jonathon L Eaton,761
Adams,"Director, Southwest Water Authority Adams",,,write-in,6
Adams,Governor and Lt. Governor,,,DuWayne Hendrickson and<br/>Joshua Voytek,3
Adams,Governor and Lt. Governor,,,write-in,0
Adams,Governor and Lt. Governor,,DEM,Shelley Lenz and Ben Vig,105
Adams,Governor and Lt. Governor,,DEM,write-in,0
Adams,Governor and Lt. Governor,,REP,Doug Burgum and Brent Sanford,625
Adams,Governor and Lt. Governor,,REP,Michael Coachman and Joel H Hylden,38
Adams,Governor and Lt. Governor,,REP,write-in,0
Adams,Insurance Commissioner,,,write-in,0
Adams,Insurance Commissioner,,DEM,Travisia Martin,108
Adams,Insurance Commissioner,,DEM,write-in,0
Adams,Insurance Commissioner,,REP,Jon Godfread,610
Adams,Insurance Commissioner,,REP,write-in,0
Adams,Justice of the Supreme Court,,,Jon Jay Jensen,729
Adams,Justice of the Supreme Court,,,write-in,1
Adams,Park Board Member Hettinger Park,,,Jennifer A Jahner,369
Adams,Park Board Member Hettinger Park,,,write-in,50
Adams,Public Service Commissioner,,,write-in,0
Adams,Public Service Commissioner,,DEM,Casey D Buchmann,108
Adams,Public Service Commissioner,,DEM,write-in,0
Adams,Public Service Commissioner,,REP,Brian Kroshus,605
Adams,Public Service Commissioner,,REP,write-in,0
Adams,Publication of Minutes - Hettinger Hettinger,,,No,21
Adams,Publication of Minutes - Hettinger Hettinger,,,Yes,358
Adams,School Board Member City Position Hettinger School,,,Christi L Schmitz,630
Adams,School Board Member City Position Hettinger School,,,write-in,10
Adams,School Board Member Rural Position Hettinger School,,,Jordan J Christman,369
Adams,School Board Member Rural Position Hettinger School,,,Molly K Wolf,326
Adams,School Board Member Rural Position Hettinger School,,,write-in,8
Adams,State Auditor,,,write-in,0
Adams,State Auditor,,DEM,Patrick Hart,107
Adams,State Auditor,,DEM,write-in,0
Adams,State Auditor,,REP,Joshua C Gallion,604
Adams,State Auditor,,REP,write-in,3
Adams,State Treasurer,,,write-in,0
Adams,State Treasurer,,DEM,Mark Haugen,108
Adams,State Treasurer,,DEM,write-in,0
Adams,State Treasurer,,REP,Daniel Johnston,298
Adams,State Treasurer,,REP,Thomas Beadle,310
Adams,State Treasurer,,REP,write-in,0
Adams,Superintendent of Public Instruction,,,Brandt J Dick,176
Adams,Superintendent of Public Instruction,,,Charles J Tuttle,96
Adams,Superintendent of Public Instruction,,,Kirsten Baesler,489
Adams,Superintendent of Public Instruction,,,write-in,0
Adams,U.S. House,1,,Steven James Peterson,3
Adams,U.S. House,1,,write-in,0
Adams,U.S. House,1,DEM,Roland Clifford Riemers,55
Adams,U.S. House,1,DEM,Zach Raknerud,50
Adams,U.S. House,1,DEM,write-in,2
Adams,U.S. House,1,REP,Kelly Armstrong,630
Adams,U.S. House,1,REP,write-in,0
Barnes,"ADVISORY VOTE ON PROPOSAL TO EXTEND CITY SALES, USE AND GROSS RECEIPTS TAX DEDICATED TO FUND PERMANENT FLOOD PROTECTION Valley City",,,No,419
Barnes,"ADVISORY VOTE ON PROPOSAL TO EXTEND CITY SALES, USE AND GROSS RECEIPTS TAX DEDICATED TO FUND PERMANENT FLOOD PROTECTION Valley City",,,Yes,1049
Barnes,Alderperson Kathryn,,,David John Majerus,12
Barnes,Alderperson Kathryn,,,Jeffrey Allen Hoover,16
Barnes,Alderperson Kathryn,,,write-in,18
Barnes,Alderperson Leal,,,Dale Lynn Undem,8
Barnes,Alderperson Leal,,,write-in,0
Barnes,Alderperson Litchville,,,write-in,40
Barnes,Alderperson Nome,,,write-in,13
Barnes,Alderperson Oriska,,,Carl William Trader Jr,21
Barnes,Alderperson Oriska,,,David William Pfau,24
Barnes,Alderperson Oriska,,,write-in,7
Barnes,Alderperson Pillsbury,,,Carol Jean Mcguire,4
Barnes,Alderperson Pillsbury,,,Joachim Volk,7
Barnes,Alderperson Pillsbury,,,write-in,0
Barnes,Alderperson Rogers,,,Kaye Marie Omdahl,16
Barnes,Alderperson Rogers,,,write-in,2
Barnes,Alderperson Sanborn,,,Nickolas Hoffart,30
Barnes,Alderperson Sanborn,,,Robert Allen Podoll,30
Barnes,Alderperson Sanborn,,,write-in,2
Barnes,Alderperson Sibley,,,Dennis James Cossette,12
Barnes,Alderperson Sibley,,,write-in,0
Barnes,Alderperson Unexpired 2-Year Term Sibley,,,Michael Gerald Schuler,12
Barnes,Alderperson Unexpired 2-Year Term Sibley,,,write-in,0
Barnes,Commissioner Valley City,,,Michael Thomas Bishop,1186
Barnes,Commissioner Valley City,,,Richard Albert Gulmon,1220
Barnes,Commissioner Valley City,,,write-in,40
Barnes,Council Member Dazey,,,Casey James Heinze,19
Barnes,Council Member Dazey,,,Daryl Bernard Kunze,23
Barnes,Council Member Dazey,,,write-in,1
Barnes,Council Member Fingal,,,Terri Lynn Meyer,17
Barnes,Council Member Fingal,,,Travis Lee Koller,17
Barnes,Council Member Fingal,,,write-in,2
Barnes,Council Member Wimbledon,,,Chad Vernon Bakken,38
Barnes,Council Member Wimbledon,,,Mary Katherine Plumb,34
Barnes,Council Member Wimbledon,,,write-in,3
Barnes,County Commissioner By District Barnes - District 1,,,Cindy Louise Schwehr,462
Barnes,County Commissioner By District Barnes - District 1,,,Rockne Gerard Earles,196
Barnes,County Commissioner By District Barnes - District 1,,,write-in,3
Barnes,County Commissioner By District Barnes - District 5,,,Scott Alan Cole,473
Barnes,County Commissioner By District Barnes - District 5,,,write-in,80
Barnes,"Director, Garrison Diversion Conservancy Barnes",,,Gregory Paul Bischoff,2358
Barnes,"Director, Garrison Diversion Conservancy Barnes",,,write-in,6
Barnes,Governor and Lt. Governor,,,DuWayne Hendrickson and<br/>Joshua Voytek,10
Barnes,Governor and Lt. Governor,,,write-in,1
Barnes,Governor and Lt. Governor,,DEM,Shelley Lenz and Ben Vig,876
Barnes,Governor and Lt. Governor,,DEM,write-in,1
Barnes,Governor and Lt. Governor,,REP,Doug Burgum and Brent Sanford,1405
Barnes,Governor and Lt. Governor,,REP,Michael Coachman and Joel H Hylden,183
Barnes,Governor and Lt. Governor,,REP,write-in,5
Barnes,Insurance Commissioner,,,write-in,2
Barnes,Insurance Commissioner,,DEM,Travisia Martin,892
Barnes,Insurance Commissioner,,DEM,write-in,1
Barnes,Insurance Commissioner,,REP,Jon Godfread,1443
Barnes,Insurance Commissioner,,REP,write-in,5
Barnes,Judge of the District Court No. 1 Unexpired 4-Year Term Southeast,,,Cherie L Clark,2319
Barnes,Judge of the District Court No. 1 Unexpired 4-Year Term Southeast,,,write-in,4
Barnes,Justice of the Supreme Court,,,Jon Jay Jensen,2353
Barnes,Justice of the Supreme Court,,,write-in,1
Barnes,Mayor Dazey,,,Justin James Sherlock,20
Barnes,Mayor Dazey,,,write-in,4
Barnes,Mayor Leal,,,David Allen Lokken Jr,7
Barnes,Mayor Leal,,,write-in,1
Barnes,Mayor Litchville,,,write-in,27
Barnes,Mayor Nome,,,write-in,8
Barnes,Mayor Rogers,,,Lynn Leonard Koebernick,17
Barnes,Mayor Rogers,,,write-in,1
Barnes,Mayor Sanborn,,,Charles Brandenberg,34
Barnes,Mayor Sanborn,,,write-in,0
Barnes,Mayor Sibley,,,write-in,9
Barnes,Municipal Judge Valley City,,,Thomas Edward Goven,1362
Barnes,Municipal Judge Valley City,,,write-in,5
Barnes,Park Board Commissioner Litchville Park,,,write-in,33
Barnes,Park Board Member Sanborn Park,,,Kimberley Dawn Risser,30
Barnes,Park Board Member Sanborn Park,,,Richard Alan Risser,26
Barnes,Park Board Member Sanborn Park,,,write-in,5
Barnes,Park Board Member Unexpired 2-Year Term Sanborn Park,,,Betty Fern Risser,29
Barnes,Park Board Member Unexpired 2-Year Term Sanborn Park,,,write-in,2
Barnes,Park Board Member Unexpired 2-Year Term Valley City Park,,,write-in,185
Barnes,Park Board Member Valley City Park,,,Jordyn Todd Heck,1307
Barnes,Park Board Member Valley City Park,,,Ross William Powell,1145
Barnes,Park Board Member Valley City Park,,,write-in,39
Barnes,Public Service Commissioner,,,write-in,2
Barnes,Public Service Commissioner,,DEM,Casey D Buchmann,900
Barnes,Public Service Commissioner,,DEM,write-in,1
Barnes,Public Service Commissioner,,REP,Brian Kroshus,1445
Barnes,Public Service Commissioner,,REP,write-in,4
Barnes,State Auditor,,,write-in,2
Barnes,State Auditor,,DEM,Patrick Hart,894
Barnes,State Auditor,,DEM,write-in,0
Barnes,State Auditor,,REP,Joshua C Gallion,1433
Barnes,State Auditor,,REP,write-in,3
Barnes,State House,24,,write-in,4
Barnes,State House,24,DEM,Bradley Edin,797
Barnes,State House,24,DEM,Naomi T Muscha,860
Barnes,State House,24,DEM,write-in,0
Barnes,State House,24,REP,Cole Christensen,1249
Barnes,State House,24,REP,Dwight Kiefert,1350
Barnes,State House,24,REP,write-in,7
Barnes,State Senate,24,,write-in,2
Barnes,State Senate,24,DEM,Larry J Robinson,941
Barnes,State Senate,24,DEM,write-in,3
Barnes,State Senate,24,REP,Mike Wobbema,1430
Barnes,State Senate,24,REP,write-in,5
Barnes,State Treasurer,,,write-in,2
Barnes,State Treasurer,,DEM,Mark Haugen,903
Barnes,State Treasurer,,DEM,write-in,0
Barnes,State Treasurer,,REP,Daniel Johnston,889
Barnes,State Treasurer,,REP,Thomas Beadle,634
Barnes,State Treasurer,,REP,write-in,2
Barnes,Superintendent of Public Instruction,,,Brandt J Dick,570
Barnes,Superintendent of Public Instruction,,,Charles J Tuttle,488
Barnes,Superintendent of Public Instruction,,,Kirsten Baesler,1453
Barnes,Superintendent of Public Instruction,,,write-in,2
Barnes,U.S. House,1,,Steven James Peterson,11
Barnes,U.S. House,1,,write-in,1
Barnes,U.S. House,1,DEM,Roland Clifford Riemers,455
Barnes,U.S. House,1,DEM,Zach Raknerud,392
Barnes,U.S. House,1,DEM,write-in,1
Barnes,U.S. House,1,REP,Kelly Armstrong,1493
Barnes,U.S. House,1,REP,write-in,2
Barnes,VALLEY CITY MEASURE NO. 2 - PUBLICATION Valley City,,,No,136
Barnes,VALLEY CITY MEASURE NO. 2 - PUBLICATION Valley City,,,Yes,1353
Benson,County Commissioner Benson - District 2,,,write-in,290
Benson,County Commissioner Benson - District 4,,,David (Davey) Davidson,761
Benson,County Commissioner Benson - District 4,,,write-in,11
Benson,Governor and Lt. Governor,,,DuWayne Hendrickson and<br/>Joshua Voytek,2
Benson,Governor and Lt. Governor,,,write-in,1
Benson,Governor and Lt. Governor,,DEM,Shelley Lenz and Ben Vig,276
Benson,Governor and Lt. Governor,,DEM,write-in,0
Benson,Governor and Lt. Governor,,REP,Doug Burgum and Brent Sanford,527
Benson,Governor and Lt. Governor,,REP,Michael Coachman and Joel H Hylden,69
Benson,Governor and Lt. Governor,,REP,write-in,0
Benson,Insurance Commissioner,,,write-in,0
Benson,Insurance Commissioner,,DEM,Travisia Martin,272
Benson,Insurance Commissioner,,DEM,write-in,0
Benson,Insurance Commissioner,,REP,Jon Godfread,551
Benson,Insurance Commissioner,,REP,write-in,0
Benson,Judge of the District Court No. 2 Unexpired 4-Year Term Northeast,,,Michael Hurly,813
Benson,Judge of the District Court No. 2 Unexpired 4-Year Term Northeast,,,write-in,3
Benson,Judge of the District Court No. 3 Northeast,,,Anthony Swain Benson,798
Benson,Judge of the District Court No. 3 Northeast,,,write-in,2
Benson,Judge of the District Court No. 4 Northeast,,,Donovan Foughty,820
Benson,Judge of the District Court No. 4 Northeast,,,write-in,12
Benson,Judge of the District Court No. 6 Unexpired 4-Year Term Northeast,,,Barbara L Whelan,796
Benson,Judge of the District Court No. 6 Unexpired 4-Year Term Northeast,,,write-in,0
Benson,Justice of the Supreme Court,,,Jon Jay Jensen,819
Benson,Justice of the Supreme Court,,,write-in,1
Benson,Public Service Commissioner,,,write-in,1
Benson,Public Service Commissioner,,DEM,Casey D Buchmann,275
Benson,Public Service Commissioner,,DEM,write-in,0
Benson,Public Service Commissioner,,REP,Brian Kroshus,542
Benson,Public Service Commissioner,,REP,write-in,0
Benson,State Auditor,,,write-in,1
Benson,State Auditor,,DEM,Patrick Hart,274
Benson,State Auditor,,DEM,write-in,1
Benson,State Auditor,,REP,Joshua C Gallion,548
Benson,State Auditor,,REP,write-in,0
Benson,State House,14,,write-in,2
Benson,State House,14,DEM,Mark Nelson,158
Benson,State House,14,DEM,Richard Lynne,172
Benson,State House,14,DEM,write-in,0
Benson,State House,14,REP,Jon Nelson,374
Benson,State House,14,REP,Robin Weisz,354
Benson,State House,14,REP,write-in,2
Benson,State Senate,14,,write-in,2
Benson,State Senate,14,DEM,Jenna Vanhorne,185
Benson,State Senate,14,DEM,write-in,0
Benson,State Senate,14,REP,Jerry Klein,399
Benson,State Senate,14,REP,write-in,0
Benson,State Treasurer,,,write-in,1
Benson,State Treasurer,,DEM,Mark Haugen,275
Benson,State Treasurer,,DEM,write-in,0
Benson,State Treasurer,,REP,Daniel Johnston,307
Benson,State Treasurer,,REP,Thomas Beadle,255
Benson,State Treasurer,,REP,write-in,0
Benson,Superintendent of Public Instruction,,,Brandt J Dick,243
Benson,Superintendent of Public Instruction,,,Charles J Tuttle,143
Benson,Superintendent of Public Instruction,,,Kirsten Baesler,500
Benson,Superintendent of Public Instruction,,,write-in,1
Benson,U.S. House,1,,Steven James Peterson,3
Benson,U.S. House,1,,write-in,0
Benson,U.S. House,1,DEM,Roland Clifford Riemers,117
Benson,U.S. House,1,DEM,Zach Raknerud,149
Benson,U.S. House,1,DEM,write-in,0
Benson,U.S. House,1,REP,Kelly Armstrong,560
Benson,U.S. House,1,REP,write-in,3
Billings,County Commissioner Billings - District 1,,,James Haag,207
Billings,County Commissioner Billings - District 1,,,Lester Iverson,165
Billings,County Commissioner Billings - District 1,,,write-in,1
Billings,County Commissioner Billings - District 3,,,James Arthaud,271
Billings,County Commissioner Billings - District 3,,,write-in,77
Billings,"Director, Southwest Water Authority Billings",,,James Odermann,336
Billings,"Director, Southwest Water Authority Billings",,,write-in,10
Billings,Governor and Lt. Governor,,,DuWayne Hendrickson and<br/>Joshua Voytek,1
Billings,Governor and Lt. Governor,,,write-in,0
Billings,Governor and Lt. Governor,,DEM,Shelley Lenz and Ben Vig,40
Billings,Governor and Lt. Governor,,DEM,write-in,0
Billings,Governor and Lt. Governor,,REP,Doug Burgum and Brent Sanford,265
Billings,Governor and Lt. Governor,,REP,Michael Coachman and Joel H Hylden,74
Billings,Governor and Lt. Governor,,REP,write-in,0
Billings,Insurance Commissioner,,,write-in,0
Billings,Insurance Commissioner,,DEM,Travisia Martin,40
Billings,Insurance Commissioner,,DEM,write-in,0
Billings,Insurance Commissioner,,REP,Jon Godfread,318
Billings,Insurance Commissioner,,REP,write-in,0
Billings,Justice of the Supreme Court,,,Jon Jay Jensen,343
Billings,Justice of the Supreme Court,,,write-in,0
Billings,Public Service Commissioner,,,write-in,0
Billings,Public Service Commissioner,,DEM,Casey D Buchmann,40
Billings,Public Service Commissioner,,DEM,write-in,0
Billings,Public Service Commissioner,,REP,Brian Kroshus,317
Billings,Public Service Commissioner,,REP,write-in,0
Billings,School Board Member District 1 Billings County School District #1,,,Eric J Bock,352
Billings,School Board Member District 1 Billings County School District #1,,,write-in,9
Billings,School Board Member District 2 Billings County School District #1,,,Joseph G Kessel,360
Billings,School Board Member District 2 Billings County School District #1,,,write-in,5
Billings,School Minutes Publication Billings County School District #1,,,No,83
Billings,School Minutes Publication Billings County School District #1,,,Yes,287
Billings,State Auditor,,,write-in,0
Billings,State Auditor,,DEM,Patrick Hart,39
Billings,State Auditor,,DEM,write-in,0
Billings,State Auditor,,REP,Joshua C Gallion,319
Billings,State Auditor,,REP,write-in,0
Billings,State Treasurer,,,write-in,0
Billings,State Treasurer,,DEM,Mark Haugen,40
Billings,State Treasurer,,DEM,write-in,0
Billings,State Treasurer,,REP,Daniel Johnston,186
Billings,State Treasurer,,REP,Thomas Beadle,136
Billings,State Treasurer,,REP,write-in,1
Billings,Superintendent of Public Instruction,,,Brandt J Dick,91
Billings,Superintendent of Public Instruction,,,Charles J Tuttle,89
Billings,Superintendent of Public Instruction,,,Kirsten Baesler,190
Billings,Superintendent of Public Instruction,,,write-in,2
Billings,U.S. House,1,,Steven James Peterson,1
Billings,U.S. House,1,,write-in,0
Billings,U.S. House,1,DEM,Roland Clifford Riemers,13
Billings,U.S. House,1,DEM,Zach Raknerud,26
Billings,U.S. House,1,DEM,write-in,1
Billings,U.S. House,1,REP,Kelly Armstrong,329
Billings,U.S. House,1,REP,write-in,1
Bottineau,City of Lansford Minutes Lansford,,,No,6
Bottineau,City of Lansford Minutes Lansford,,,Yes,44
Bottineau,City of Westhope Minutes Westhope,,,No,4
Bottineau,City of Westhope Minutes Westhope,,,Yes,112
Bottineau,Council Member Antler,,,Sharon L Tennyson,7
Bottineau,Council Member Antler,,,write-in,0
Bottineau,Council Member Bottineau,,,Gregory Lee Stewart,404
Bottineau,Council Member Bottineau,,,Harlan Leroy Getzlaff,354
Bottineau,Council Member Bottineau,,,Mitchell Duane Schmidt,425
Bottineau,Council Member Bottineau,,,write-in,75
Bottineau,Council Member Kramer,,,Lorraine A Belisle,15
Bottineau,Council Member Kramer,,,write-in,0
Bottineau,Council Member Landa,,,Garrett Lee Grover,7
Bottineau,Council Member Landa,,,Steven Walter Beckedahl,3
Bottineau,Council Member Landa,,,write-in,4
Bottineau,Council Member Lansford,,,Donald Ray Bierman,46
Bottineau,Council Member Lansford,,,Karen Joan Gates,44
Bottineau,Council Member Lansford,,,write-in,2
Bottineau,Council Member Maxbass,,,Shelby Colleen Schlag,9
Bottineau,Council Member Maxbass,,,write-in,0
Bottineau,Council Member Newburg,,,Dave Alan Tonneson,23
Bottineau,Council Member Newburg,,,David Mark Heintzleman,22
Bottineau,Council Member Newburg,,,write-in,0
Bottineau,Council Member Souris,,,write-in,21
Bottineau,Council Member Unexpired 2-Year Term Bottineau,,,Douglas Lee Marsden,411
Bottineau,Council Member Unexpired 2-Year Term Bottineau,,,write-in,17
Bottineau,Council Member Unexpired 2-Year Term Maxbass,,,Andrew Cole Rosenthal,10
Bottineau,Council Member Unexpired 2-Year Term Maxbass,,,Leslie Ann Laber,5
Bottineau,Council Member Unexpired 2-Year Term Maxbass,,,write-in,0
Bottineau,Council Member Westhope,,,Jeffrey Jay Cooper,104
Bottineau,Council Member Westhope,,,Ricky Lynn Mckay,107
Bottineau,Council Member Westhope,,,write-in,1
Bottineau,Council Member Willow City,,,write-in,71
Bottineau,County Commissioner By District Bottineau - District 2,,,Andrew Arlan Pederson,34
Bottineau,County Commissioner By District Bottineau - District 2,,,Brian Donavon Glinz,45
Bottineau,County Commissioner By District Bottineau - District 2,,,Jeffrey Todd Beyer,303
Bottineau,County Commissioner By District Bottineau - District 2,,,Timothy Monson,97
Bottineau,County Commissioner By District Bottineau - District 2,,,write-in,0
Bottineau,County Commissioner By District Bottineau - District 4,,,Lance Michael Kjelshus,370
Bottineau,County Commissioner By District Bottineau - District 4,,,write-in,9
Bottineau,"Director, Garrison Diversion Conservancy Bottineau",,,Kenneth Jack Rogers,1693
Bottineau,"Director, Garrison Diversion Conservancy Bottineau",,,write-in,7
Bottineau,Governor and Lt. Governor,,,DuWayne Hendrickson and<br/>Joshua Voytek,5
Bottineau,Governor and Lt. Governor,,,write-in,0
Bottineau,Governor and Lt. Governor,,DEM,Shelley Lenz and Ben Vig,371
Bottineau,Governor and Lt. Governor,,DEM,write-in,1
Bottineau,Governor and Lt. Governor,,REP,Doug Burgum and Brent Sanford,1325
Bottineau,Governor and Lt. Governor,,REP,Michael Coachman and Joel H Hylden,67
Bottineau,Governor and Lt. Governor,,REP,write-in,1
Bottineau,Insurance Commissioner,,,write-in,0
Bottineau,Insurance Commissioner,,DEM,Travisia Martin,370
Bottineau,Insurance Commissioner,,DEM,write-in,0
Bottineau,Insurance Commissioner,,REP,Jon Godfread,1304
Bottineau,Insurance Commissioner,,REP,write-in,0
Bottineau,Judge of the District Court No. 2 Unexpired 4-Year Term Northeast,,,Michael Hurly,1671
Bottineau,Judge of the District Court No. 2 Unexpired 4-Year Term Northeast,,,write-in,2
Bottineau,Judge of the District Court No. 3 Northeast,,,Anthony Swain Benson,1742
Bottineau,Judge of the District Court No. 3 Northeast,,,write-in,12
Bottineau,Judge of the District Court No. 4 Northeast,,,Donovan Foughty,1664
Bottineau,Judge of the District Court No. 4 Northeast,,,write-in,2
Bottineau,Judge of the District Court No. 6 Unexpired 4-Year Term Northeast,,,Barbara L Whelan,1653
Bottineau,Judge of the District Court No. 6 Unexpired 4-Year Term Northeast,,,write-in,2
Bottineau,Justice of the Supreme Court,,,Jon Jay Jensen,1680
Bottineau,Justice of the Supreme Court,,,write-in,2
Bottineau,Mayor Kramer,,,David Allen Gonitzke,15
Bottineau,Mayor Kramer,,,write-in,0
Bottineau,Mayor Landa,,,Craig Lewis George,3
Bottineau,Mayor Landa,,,write-in,4
Bottineau,Mayor Lansford,,,Byron Robert Gates,47
Bottineau,Mayor Lansford,,,write-in,1
Bottineau,Mayor Maxbass,,,Kevin Boyd Naumann,9
Bottineau,Mayor Maxbass,,,write-in,1
Bottineau,Mayor Souris,,,write-in,14
Bottineau,Park Board Member Bottineau Park,,,write-in,215
Bottineau,Park Board Member Lansford Park,,,write-in,32
Bottineau,Park Board Member Westhope Park,,,write-in,86
Bottineau,Public Service Commissioner,,,write-in,0
Bottineau,Public Service Commissioner,,DEM,Casey D Buchmann,370
Bottineau,Public Service Commissioner,,DEM,write-in,1
Bottineau,Public Service Commissioner,,REP,Brian Kroshus,1305
Bottineau,Public Service Commissioner,,REP,write-in,0
Bottineau,Publish minutes Bottineau,,,No,18
Bottineau,Publish minutes Bottineau,,,Yes,500
Bottineau,State Auditor,,,write-in,0
Bottineau,State Auditor,,DEM,Patrick Hart,373
Bottineau,State Auditor,,DEM,write-in,0
Bottineau,State Auditor,,REP,Joshua C Gallion,1298
Bottineau,State Auditor,,REP,write-in,1
Bottineau,State House,6,,write-in,0
Bottineau,State House,6,DEM,Arnold W Langehaug,340
Bottineau,State House,6,DEM,Trygve Hammer,309
Bottineau,State House,6,DEM,write-in,0
Bottineau,State House,6,REP,Paul J Thomas,1066
Bottineau,State House,6,REP,Richard Anderson,1245
Bottineau,State House,6,REP,write-in,1
Bottineau,State Senate,6,,write-in,0
Bottineau,State Senate,6,DEM,Morris Holen Jr,393
Bottineau,State Senate,6,DEM,write-in,0
Bottineau,State Senate,6,REP,Shawn Vedaa,1315
Bottineau,State Senate,6,REP,write-in,3
Bottineau,State Treasurer,,,write-in,0
Bottineau,State Treasurer,,DEM,Mark Haugen,374
Bottineau,State Treasurer,,DEM,write-in,0
Bottineau,State Treasurer,,REP,Daniel Johnston,712
Bottineau,State Treasurer,,REP,Thomas Beadle,576
Bottineau,State Treasurer,,REP,write-in,2
Bottineau,Superintendent of Public Instruction,,,Brandt J Dick,349
Bottineau,Superintendent of Public Instruction,,,Charles J Tuttle,350
Bottineau,Superintendent of Public Instruction,,,Kirsten Baesler,1082
Bottineau,Superintendent of Public Instruction,,,write-in,3
Bottineau,U.S. House,1,,Steven James Peterson,6
Bottineau,U.S. House,1,,write-in,0
Bottineau,U.S. House,1,DEM,Roland Clifford Riemers,151
Bottineau,U.S. House,1,DEM,Zach Raknerud,204
Bottineau,U.S. House,1,DEM,write-in,1
Bottineau,U.S. House,1,REP,Kelly Armstrong,1342
Bottineau,U.S. House,1,REP,write-in,2
Bowman,Commission President Bowman,,,Lyn James,327
Bowman,Commission President Bowman,,,write-in,13
Bowman,Commissioner Bowman,,,"Myron ""Tiger"" Vail",381
Bowman,Commissioner Bowman,,,Ryan Shear,340
Bowman,Commissioner Bowman,,,write-in,5
Bowman,County Commissioner at Large Bowman,,,Jerry Jeffers,711
Bowman,County Commissioner at Large Bowman,,,Pine A. Abrahamson,688
Bowman,County Commissioner at Large Bowman,,,Rick Braaten,763
Bowman,County Commissioner at Large Bowman,,,write-in,33
Bowman,Governor and Lt. Governor,,,DuWayne Hendrickson and<br/>Joshua Voytek,6
Bowman,Governor and Lt. Governor,,,write-in,0
Bowman,Governor and Lt. Governor,,DEM,Shelley Lenz and Ben Vig,94
Bowman,Governor and Lt. Governor,,DEM,write-in,0
Bowman,Governor and Lt. Governor,,REP,Doug Burgum and Brent Sanford,638
Bowman,Governor and Lt. Governor,,REP,Michael Coachman and Joel H Hylden,59
Bowman,Governor and Lt. Governor,,REP,write-in,0
Bowman,Insurance Commissioner,,,write-in,0
Bowman,Insurance Commissioner,,DEM,Travisia Martin,92
Bowman,Insurance Commissioner,,DEM,write-in,0
Bowman,Insurance Commissioner,,REP,Jon Godfread,651
Bowman,Insurance Commissioner,,REP,write-in,1
Bowman,Justice of the Supreme Court,,,Jon Jay Jensen,747
Bowman,Justice of the Supreme Court,,,write-in,2
Bowman,Park Board Commissioner Bowman Park,,,Ed Kvaale,368
Bowman,Park Board Commissioner Bowman Park,,,write-in,32
Bowman,Public Service Commissioner,,,write-in,0
Bowman,Public Service Commissioner,,DEM,Casey D Buchmann,92
Bowman,Public Service Commissioner,,DEM,write-in,0
Bowman,Public Service Commissioner,,REP,Brian Kroshus,652
Bowman,Public Service Commissioner,,REP,write-in,0
Bowman,Publication of City Governing Body Minutes Bowman,,,No,27
Bowman,Publication of City Governing Body Minutes Bowman,,,Yes,376
Bowman,Publication of School Minutes Bowman School,,,No,44
Bowman,Publication of School Minutes Bowman School,,,Yes,645
Bowman,School Board Member Representative from the Bowman Area Bowman School,,,Trevor Kulseth,643
Bowman,School Board Member Representative from the Bowman Area Bowman School,,,write-in,6
Bowman,School Board Member Representative from the Rhame Area Bowman School,,,Amy Fischer,618
Bowman,School Board Member Representative from the Rhame Area Bowman School,,,Andrea Bowman,582
Bowman,School Board Member Representative from the Rhame Area Bowman School,,,write-in,7
Bowman,State Auditor,,,write-in,0
Bowman,State Auditor,,DEM,Patrick Hart,93
Bowman,State Auditor,,DEM,write-in,1
Bowman,State Auditor,,REP,Joshua C Gallion,651
Bowman,State Auditor,,REP,write-in,0
Bowman,State Treasurer,,,write-in,0
Bowman,State Treasurer,,DEM,Mark Haugen,93
Bowman,State Treasurer,,DEM,write-in,0
Bowman,State Treasurer,,REP,Daniel Johnston,350
Bowman,State Treasurer,,REP,Thomas Beadle,296
Bowman,State Treasurer,,REP,write-in,1
Bowman,Superintendent of Public Instruction,,,Brandt J Dick,158
Bowman,Superintendent of Public Instruction,,,Charles J Tuttle,136
Bowman,Superintendent of Public Instruction,,,Kirsten Baesler,495
Bowman,Superintendent of Public Instruction,,,write-in,0
Bowman,U.S. House,1,,Steven James Peterson,6
Bowman,U.S. House,1,,write-in,0
Bowman,U.S. House,1,DEM,Roland Clifford Riemers,41
Bowman,U.S. House,1,DEM,Zach Raknerud,49
Bowman,U.S. House,1,DEM,write-in,0
Bowman,U.S. House,1,REP,Kelly Armstrong,669
Bowman,U.S. House,1,REP,write-in,0
Burke,County Commissioner By District Burke - District 1,,,David Robert Black,27
Burke,County Commissioner By District Burke - District 1,,,Nicholas John Timm,47
Burke,County Commissioner By District Burke - District 1,,,Shannon Duane Holter,120
Burke,County Commissioner By District Burke - District 1,,,write-in,0
Burke,County Commissioner By District Burke - District 3,,,Jarret Michael Vanberkom,138
Burke,County Commissioner By District Burke - District 3,,,Keith Allen Kallberg,84
Burke,County Commissioner By District Burke - District 3,,,write-in,2
Burke,Governor and Lt. Governor,,,DuWayne Hendrickson and<br/>Joshua Voytek,1
Burke,Governor and Lt. Governor,,,write-in,0
Burke,Governor and Lt. Governor,,DEM,Shelley Lenz and Ben Vig,54
Burke,Governor and Lt. Governor,,DEM,write-in,0
Burke,Governor and Lt. Governor,,REP,Doug Burgum and Brent Sanford,496
Burke,Governor and Lt. Governor,,REP,Michael Coachman and Joel H Hylden,54
Burke,Governor and Lt. Governor,,REP,write-in,0
Burke,Insurance Commissioner,,,write-in,0
Burke,Insurance Commissioner,,DEM,Travisia Martin,51
Burke,Insurance Commissioner,,DEM,write-in,0
Burke,Insurance Commissioner,,REP,Jon Godfread,520
Burke,Insurance Commissioner,,REP,write-in,0
Burke,Judge of the District Court No. 1 North Central,,,Doug Mattson,557
Burke,Judge of the District Court No. 1 North Central,,,write-in,6
Burke,Justice of the Supreme Court,,,Jon Jay Jensen,552
Burke,Justice of the Supreme Court,,,write-in,0
Burke,Public Service Commissioner,,,write-in,0
Burke,Public Service Commissioner,,DEM,Casey D Buchmann,53
Burke,Public Service Commissioner,,DEM,write-in,0
Burke,Public Service Commissioner,,REP,Brian Kroshus,524
Burke,Public Service Commissioner,,REP,write-in,1
Burke,State Auditor,,,write-in,0
Burke,State Auditor,,DEM,Patrick Hart,51
Burke,State Auditor,,DEM,write-in,0
Burke,State Auditor,,REP,Joshua C Gallion,516
Burke,State Auditor,,REP,write-in,0
Burke,State House,2,,write-in,0
Burke,State House,2,DEM,write-in,4
Burke,State House,2,REP,Bert Anderson,460
Burke,State House,2,REP,Donald Longmuir,462
Burke,State House,2,REP,write-in,0
Burke,State Senate,2,,write-in,0
Burke,State Senate,2,DEM,write-in,4
Burke,State Senate,2,REP,David S Rust,533
Burke,State Senate,2,REP,write-in,0
Burke,State Treasurer,,,write-in,0
Burke,State Treasurer,,DEM,Mark Haugen,55
Burke,State Treasurer,,DEM,write-in,0
Burke,State Treasurer,,REP,Daniel Johnston,273
Burke,State Treasurer,,REP,Thomas Beadle,241
Burke,State Treasurer,,REP,write-in,0
Burke,Superintendent of Public Instruction,,,Brandt J Dick,118
Burke,Superintendent of Public Instruction,,,Charles J Tuttle,111
Burke,Superintendent of Public Instruction,,,Kirsten Baesler,342
Burke,Superintendent of Public Instruction,,,write-in,0
Burke,U.S. House,1,,Steven James Peterson,1
Burke,U.S. House,1,,write-in,0
Burke,U.S. House,1,DEM,Roland Clifford Riemers,32
Burke,U.S. House,1,DEM,Zach Raknerud,23
Burke,U.S. House,1,DEM,write-in,0
Burke,U.S. House,1,REP,Kelly Armstrong,533
Burke,U.S. House,1,REP,write-in,1
Burleigh,Bismarck Public School Dist. 1 School District Measure No. 1 Bismarck Public School Dist. 1,,,No,4654
Burleigh,Bismarck Public School Dist. 1 School District Measure No. 1 Bismarck Public School Dist. 1,,,Yes,16211
Burleigh,Burleigh County Measure No. 1 08 - Burleigh,,,No,14277
Burleigh,Burleigh County Measure No. 1 08 - Burleigh,,,Yes,7036
Burleigh,City of Bismarck City Measure No. 1 City of Bismarck,,,No,10498
Burleigh,City of Bismarck City Measure No. 1 City of Bismarck,,,Yes,6293
Burleigh,City of Bismarck City Measure No. 2 City of Bismarck,,,No,4109
Burleigh,City of Bismarck City Measure No. 2 City of Bismarck,,,Yes,12533
Burleigh,City of Lincoln City Measure No. 1 City of Lincoln,,,No,113
Burleigh,City of Lincoln City Measure No. 1 City of Lincoln,,,Yes,391
Burleigh,City of Regan City Measure No. 1 City of Regan,,,No,8
Burleigh,City of Regan City Measure No. 1 City of Regan,,,Yes,0
Burleigh,City of Wilton City Measure No. 1 City of Wilton,,,No,0
Burleigh,City of Wilton City Measure No. 1 City of Wilton,,,Yes,33
Burleigh,City of Wing City Measure No. 1 City of Wing,,,No,12
Burleigh,City of Wing City Measure No. 1 City of Wing,,,Yes,20
Burleigh,Commissioner City of Bismarck,,,Brandi Jude,7160
Burleigh,Commissioner City of Bismarck,,,Mark Splonskowski,8317
Burleigh,Commissioner City of Bismarck,,,Michael Connelly,4627
Burleigh,Commissioner City of Bismarck,,,Steve Marquardt,8797
Burleigh,Commissioner City of Bismarck,,,write-in,26
Burleigh,Commissioner City of Wilton,,,Lisa Hedstrom,19
Burleigh,Commissioner City of Wilton,,,William (Bill) Kary,24
Burleigh,Commissioner City of Wilton,,,write-in,10
Burleigh,Council Member City of Lincoln,,,Amanda Sager,391
Burleigh,Council Member City of Lincoln,,,Thomas Volk,376
Burleigh,Council Member City of Lincoln,,,write-in,27
Burleigh,Council Member City of Regan,,,write-in,13
Burleigh,Council Member City of Wing,,,Ron Dockter,21
Burleigh,Council Member City of Wing,,,write-in,11
Burleigh,Council Member Unexpired 2-Year Term City of Wing,,,Glynn Buell,22
Burleigh,Council Member Unexpired 2-Year Term City of Wing,,,write-in,9
Burleigh,County Auditor/Treasurer Unexpired 2-Year Term Burleigh,,,Dale Patrick,4461
Burleigh,County Auditor/Treasurer Unexpired 2-Year Term Burleigh,,,Leo Vetter,7520
Burleigh,County Auditor/Treasurer Unexpired 2-Year Term Burleigh,,,Tracy Potter,8137
Burleigh,County Auditor/Treasurer Unexpired 2-Year Term Burleigh,,,write-in,27
Burleigh,County Commissioner Burleigh,,,Becky Matthews,10685
Burleigh,County Commissioner Burleigh,,,Brian Bitner,10318
Burleigh,County Commissioner Burleigh,,,Brian Geloff,8230
Burleigh,County Commissioner Burleigh,,,Jerry Woodcox,9611
Burleigh,County Commissioner Burleigh,,,write-in,51
Burleigh,"Director, Garrison Diversion Conservancy Burleigh",,,Larry Kassian,17097
Burleigh,"Director, Garrison Diversion Conservancy Burleigh",,,write-in,49
Burleigh,Governor and Lt. Governor,,,DuWayne Hendrickson and<br/>Joshua Voytek,93
Burleigh,Governor and Lt. Governor,,,write-in,2
Burleigh,Governor and Lt. Governor,,DEM,Shelley Lenz and Ben Vig,4138
Burleigh,Governor and Lt. Governor,,DEM,write-in,8
Burleigh,Governor and Lt. Governor,,REP,Doug Burgum and Brent Sanford,13487
Burleigh,Governor and Lt. Governor,,REP,Michael Coachman and Joel H Hylden,2294
Burleigh,Governor and Lt. Governor,,REP,write-in,18
Burleigh,Insurance Commissioner,,,write-in,15
Burleigh,Insurance Commissioner,,DEM,Travisia Martin,4081
Burleigh,Insurance Commissioner,,DEM,write-in,7
Burleigh,Insurance Commissioner,,REP,Jon Godfread,14296
Burleigh,Insurance Commissioner,,REP,write-in,21
Burleigh,Judge of the District Court No. 1 South Central,,,David Reich,18395
Burleigh,Judge of the District Court No. 1 South Central,,,write-in,58
Burleigh,Judge of the District Court No. 2 Unexpired 2-Year Term South Central,,,Douglas Bahr,18056
Burleigh,Judge of the District Court No. 2 Unexpired 2-Year Term South Central,,,write-in,45
Burleigh,Judge of the District Court No. 7 South Central,,,Bonnie Storbakken,9289
Burleigh,Judge of the District Court No. 7 South Central,,,Gabrielle Goter,3868
Burleigh,Judge of the District Court No. 7 South Central,,,Scott R Miller,5410
Burleigh,Judge of the District Court No. 7 South Central,,,write-in,51
Burleigh,Judge of the District Court No. 8 South Central,,,James S Hill,17908
Burleigh,Judge of the District Court No. 8 South Central,,,write-in,49
Burleigh,Justice of the Supreme Court,,,Jon Jay Jensen,18291
Burleigh,Justice of the Supreme Court,,,write-in,81
Burleigh,Mayor City of Lincoln,,,Gerarld L Wise,410
Burleigh,Mayor City of Lincoln,,,write-in,19
Burleigh,Mayor City of Regan,,,write-in,7
Burleigh,Municipal Judge City of Bismarck,,,William Severin,13595
Burleigh,Municipal Judge City of Bismarck,,,write-in,34
Burleigh,Municipal Judge City of Lincoln,,,Charles Isakson,420
Burleigh,Municipal Judge City of Lincoln,,,write-in,6
Burleigh,Municipal Judge City of Wilton,,,Jamie Schurhamer,30
Burleigh,Municipal Judge City of Wilton,,,write-in,0
Burleigh,Park Board Member City of Bismarck,,,Andrew Jordan,12194
Burleigh,Park Board Member City of Bismarck,,,Wayne Munson,12230
Burleigh,Park Board Member City of Bismarck,,,write-in,79
Burleigh,Park Board Member City of Lincoln,,,Dan Cox,381
Burleigh,Park Board Member City of Lincoln,,,Juan Thomas,376
Burleigh,Park Board Member City of Lincoln,,,Keli Berglund,403
Burleigh,Park Board Member City of Lincoln,,,write-in,5
Burleigh,Park Board Member City of Wilton,,,write-in,10
Burleigh,Public Service Commissioner,,,write-in,17
Burleigh,Public Service Commissioner,,DEM,Casey D Buchmann,4097
Burleigh,Public Service Commissioner,,DEM,write-in,9
Burleigh,Public Service Commissioner,,REP,Brian Kroshus,14155
Burleigh,Public Service Commissioner,,REP,write-in,29
Burleigh,Sales & Use Tax Administrator City of Wilton,,,write-in,10
Burleigh,School Board Member Bismarck Public School Dist. 1,,,Brooke LeBeau,3008
Burleigh,School Board Member Bismarck Public School Dist. 1,,,Dan Eastgate,12228
Burleigh,School Board Member Bismarck Public School Dist. 1,,,Donnell Preskey Hushka,7408
Burleigh,School Board Member Bismarck Public School Dist. 1,,,Karen Dunlap,3727
Burleigh,School Board Member Bismarck Public School Dist. 1,,,Kristine Johnson,4361
Burleigh,School Board Member Bismarck Public School Dist. 1,,,Nicholas K Thueson,2333
Burleigh,School Board Member Bismarck Public School Dist. 1,,,Sargianna Wutzke,3389
Burleigh,School Board Member Bismarck Public School Dist. 1,,,write-in,26
Burleigh,State Auditor,,,write-in,16
Burleigh,State Auditor,,DEM,Patrick Hart,4132
Burleigh,State Auditor,,DEM,write-in,2
Burleigh,State Auditor,,REP,Joshua C Gallion,13836
Burleigh,State Auditor,,REP,write-in,85
Burleigh,State House,28,,write-in,0
Burleigh,State House,28,DEM,Rebecca Phillips,81
Burleigh,State House,28,DEM,write-in,1
Burleigh,State House,28,REP,Jeffery J Magrum,404
Burleigh,State House,28,REP,Jim Grueneich,183
Burleigh,State House,28,REP,Mike Brandenburg,266
Burleigh,State House,28,REP,write-in,7
Burleigh,State House,30,,write-in,2
Burleigh,State House,30,DEM,write-in,62
Burleigh,State House,30,REP,Glenn Bosch,1941
Burleigh,State House,30,REP,Mike Nathe,1925
Burleigh,State House,30,REP,write-in,4
Burleigh,State House,32,,write-in,3
Burleigh,State House,32,DEM,Carl Young,590
Burleigh,State House,32,DEM,Krisanna Holkup Peterson,633
Burleigh,State House,32,DEM,write-in,2
Burleigh,State House,32,REP,Lisa Meier,1629
Burleigh,State House,32,REP,Pat Heinert,1715
Burleigh,State House,32,REP,write-in,5
Burleigh,State House,8,,write-in,2
Burleigh,State House,8,DEM,Kathrin Volochenko,253
Burleigh,State House,8,DEM,Linda Babb,224
Burleigh,State House,8,DEM,write-in,0
Burleigh,State House,8,REP,Bob Wheeler,520
Burleigh,State House,8,REP,Dave Nehring,1057
Burleigh,State House,8,REP,David Andahl,1025
Burleigh,State House,8,REP,Jeff Delzer,591
Burleigh,State House,8,REP,write-in,2
Burleigh,State Senate,28,,write-in,0
Burleigh,State Senate,28,DEM,write-in,8
Burleigh,State Senate,28,REP,Robert S Erbele,438
Burleigh,State Senate,28,REP,write-in,6
Burleigh,State Senate,30,,write-in,1
Burleigh,State Senate,30,DEM,write-in,52
Burleigh,State Senate,30,REP,Diane Larson,2033
Burleigh,State Senate,30,REP,write-in,13
Burleigh,State Senate,32,,Jody Vetter,31
Burleigh,State Senate,32,,write-in,0
Burleigh,State Senate,32,DEM,Amelia Doll,676
Burleigh,State Senate,32,DEM,write-in,2
Burleigh,State Senate,32,REP,Dick Dever,1737
Burleigh,State Senate,32,REP,write-in,10
Burleigh,State Senate,8,,write-in,1
Burleigh,State Senate,8,DEM,write-in,25
Burleigh,State Senate,8,REP,Howard C Anderson Jr,1466
Burleigh,State Senate,8,REP,write-in,8
Burleigh,State Treasurer,,,write-in,16
Burleigh,State Treasurer,,DEM,Mark Haugen,4158
Burleigh,State Treasurer,,DEM,write-in,2
Burleigh,State Treasurer,,REP,Daniel Johnston,7629
Burleigh,State Treasurer,,REP,Thomas Beadle,7164
Burleigh,State Treasurer,,REP,write-in,14
Burleigh,Superintendent of Public Instruction,,,Brandt J Dick,7388
Burleigh,Superintendent of Public Instruction,,,Charles J Tuttle,3970
Burleigh,Superintendent of Public Instruction,,,Kirsten Baesler,9732
Burleigh,Superintendent of Public Instruction,,,write-in,47
Burleigh,U.S. House,1,,Steven James Peterson,98
Burleigh,U.S. House,1,,write-in,0
Burleigh,U.S. House,1,DEM,Roland Clifford Riemers,1312
Burleigh,U.S. House,1,DEM,Zach Raknerud,2810
Burleigh,U.S. House,1,DEM,write-in,7
Burleigh,U.S. House,1,REP,Kelly Armstrong,14625
Burleigh,U.S. House,1,REP,write-in,80
Cass,Commissioner Fargo,,,Arlette Preston,9893
Cass,Commissioner Fargo,,,Bradford Shaffer,3095
Cass,Commissioner Fargo,,,Doug Rymph,3360
Cass,Commissioner Fargo,,,Edward Krystosek,3787
Cass,Commissioner Fargo,,,John Strand,10393
Cass,Commissioner Fargo,,,Ritchell Aboah,2976
Cass,Commissioner Fargo,,,Tony Grindberg,9196
Cass,Commissioner Fargo,,,write-in,155
Cass,Commissioner West Fargo,,,Mandy George,3305
Cass,Commissioner West Fargo,,,Mark Simmons,2811
Cass,Commissioner West Fargo,,,Roben Anderson,2383
Cass,Commissioner West Fargo,,,write-in,27
Cass,Council Member Alice,,,Jonathan Anderson,10
Cass,Council Member Alice,,,write-in,3
Cass,Council Member Amenia,,,Christina Kapaun,6
Cass,Council Member Amenia,,,write-in,17
Cass,Council Member Argusville,,,Jenna Saewert,59
Cass,Council Member Argusville,,,Katie Shipley,66
Cass,Council Member Argusville,,,Laura Bryson,47
Cass,Council Member Argusville,,,write-in,10
Cass,Council Member Arthur,,,Joel Moore,62
Cass,Council Member Arthur,,,Kenny Hochhalter,62
Cass,Council Member Arthur,,,write-in,0
Cass,Council Member Ayr,,,Candi Wills,2
Cass,Council Member Ayr,,,Frank Mullen,2
Cass,Council Member Ayr,,,write-in,2
Cass,Council Member Briarwood,,,Matthew (Dan) Butler,22
Cass,Council Member Briarwood,,,Richard Oksendahl,20
Cass,Council Member Briarwood,,,write-in,0
Cass,Council Member Buffalo,,,Brian Steckler,67
Cass,Council Member Buffalo,,,Charles Kasin,60
Cass,Council Member Buffalo,,,write-in,39
Cass,Council Member Casselton,,,Char Gust,255
Cass,Council Member Casselton,,,Daniel Leino,99
Cass,Council Member Casselton,,,Jessica Weber,206
Cass,Council Member Casselton,,,Joan Carvell,351
Cass,Council Member Casselton,,,Luke Faleide,280
Cass,Council Member Casselton,,,Steven McNab,147
Cass,Council Member Casselton,,,write-in,1
Cass,Council Member Davenport,,,Dale Leslie,44
Cass,Council Member Davenport,,,Jason Lotzer,50
Cass,Council Member Davenport,,,write-in,12
Cass,Council Member Frontier,,,Adam Silbernagel,48
Cass,Council Member Frontier,,,Jon Whiting,42
Cass,Council Member Frontier,,,write-in,1
Cass,Council Member Gardner,,,Carey Hanson,8
Cass,Council Member Gardner,,,Patrick Nelson,8
Cass,Council Member Gardner,,,Timothy Giffey,18
Cass,Council Member Gardner,,,write-in,7
Cass,Council Member Grandin,,,Brandon Bates,15
Cass,Council Member Grandin,,,Doug Tate,21
Cass,Council Member Grandin,,,Konnor Kyllo,19
Cass,Council Member Grandin,,,write-in,0
Cass,Council Member Harwood,,,write-in,86
Cass,Council Member Horace,,,Bryan Schmidt,379
Cass,Council Member Horace,,,David Fenelon,362
Cass,Council Member Horace,,,write-in,147
Cass,Council Member Hunter,,,Anthony Murch,47
Cass,Council Member Hunter,,,Benjamin Olson,59
Cass,Council Member Hunter,,,write-in,2
Cass,Council Member Kindred,,,Ozzie Peraza,100
Cass,Council Member Kindred,,,Shad Stoddard,112
Cass,Council Member Kindred,,,write-in,8
Cass,Council Member Leonard,,,Bill Bjerke,42
Cass,Council Member Leonard,,,Onica Johnson,30
Cass,Council Member Leonard,,,Tony Plante,37
Cass,Council Member Leonard,,,write-in,0
Cass,Council Member Mapleton,,,Joshua Radcliffe,123
Cass,Council Member Mapleton,,,Nicholas Thornton,120
Cass,Council Member Mapleton,,,write-in,8
Cass,Council Member North River,,,Carla St Germain,12
Cass,Council Member North River,,,Jeremy Jewison,14
Cass,Council Member North River,,,write-in,3
Cass,Council Member Oxbow,,,Jon Althoff,66
Cass,Council Member Oxbow,,,Roger Campbell,65
Cass,Council Member Oxbow,,,write-in,21
Cass,Council Member Page,,,Arnold Bankers,17
Cass,Council Member Page,,,Eryn Jager,20
Cass,Council Member Page,,,Julie A Bankers,18
Cass,Council Member Page,,,Sarah Ritter,28
Cass,Council Member Page,,,write-in,0
Cass,Council Member Prairie Rose,,,Madeline Nordmeyer,17
Cass,Council Member Prairie Rose,,,write-in,2
Cass,Council Member Reiles Acres,,,Joel Prudhomme,99
Cass,Council Member Reiles Acres,,,Tim Hager,123
Cass,Council Member Reiles Acres,,,Tom Krantz,104
Cass,Council Member Reiles Acres,,,write-in,9
Cass,Council Member Tower City,,,David Singleton,26
Cass,Council Member Tower City,,,John Blaskowski,56
Cass,Council Member Tower City,,,Peter Lunder,58
Cass,Council Member Tower City,,,write-in,19
Cass,County Commissioner Cass - District 1,,,Chad Peterson,12952
Cass,County Commissioner Cass - District 1,,,Lydia Tackett,10027
Cass,County Commissioner Cass - District 1,,,write-in,154
Cass,County Commissioner Cass - District 3,,,Al Carlson,6083
Cass,County Commissioner Cass - District 3,,,Jim Kapitan,8244
Cass,County Commissioner Cass - District 3,,,Ken Pawluk,9660
Cass,County Commissioner Cass - District 3,,,write-in,201
Cass,County Commissioner Cass - District 5,,,Marty Johnson,7791
Cass,County Commissioner Cass - District 5,,,Mary Scherling,15006
Cass,County Commissioner Cass - District 5,,,write-in,164
Cass,Governor and Lt. Governor,,,DuWayne Hendrickson and<br/>Joshua Voytek,163
Cass,Governor and Lt. Governor,,,write-in,50
Cass,Governor and Lt. Governor,,DEM,Shelley Lenz and Ben Vig,9970
Cass,Governor and Lt. Governor,,DEM,write-in,57
Cass,Governor and Lt. Governor,,REP,Doug Burgum and Brent Sanford,13869
Cass,Governor and Lt. Governor,,REP,Michael Coachman and Joel H Hylden,1236
Cass,Governor and Lt. Governor,,REP,write-in,73
Cass,Home Rule Charter Amendment 09 - Cass,,,No,14364
Cass,Home Rule Charter Amendment 09 - Cass,,,Yes,11536
Cass,Insurance Commissioner,,,write-in,38
Cass,Insurance Commissioner,,DEM,Travisia Martin,9888
Cass,Insurance Commissioner,,DEM,write-in,54
Cass,Insurance Commissioner,,REP,Jon Godfread,13232
Cass,Insurance Commissioner,,REP,write-in,64
Cass,Judge of the District Court No. 1 East Central,,,Susan L Bailey,21838
Cass,Judge of the District Court No. 1 East Central,,,write-in,205
Cass,Judge of the District Court No. 5 East Central,,,Reid Brady,21651
Cass,Judge of the District Court No. 5 East Central,,,write-in,162
Cass,Judge of the District Court No. 6 East Central,,,Tom Olson,21463
Cass,Judge of the District Court No. 6 East Central,,,write-in,171
Cass,Judge of the District Court No. 7 East Central,,,Wade Webb,21854
Cass,Judge of the District Court No. 7 East Central,,,write-in,193
Cass,Judge of the District Court No. 9 East Central,,,Stephannie Stiel,21524
Cass,Judge of the District Court No. 9 East Central,,,write-in,168
Cass,Justice of the Supreme Court,,,Jon Jay Jensen,21808
Cass,Justice of the Supreme Court,,,write-in,192
Cass,Mayor Alice,,,Daniel Lund,10
Cass,Mayor Alice,,,write-in,3
Cass,Mayor Arthur,,,Greg Nelson,61
Cass,Mayor Arthur,,,write-in,2
Cass,Mayor Ayr,,,Terry Wills,1
Cass,Mayor Ayr,,,write-in,1
Cass,Mayor Harwood,,,Blake Hankey,145
Cass,Mayor Harwood,,,write-in,12
Cass,Mayor Horace,,,Kory Peterson,401
Cass,Mayor Horace,,,write-in,71
Cass,Mayor Hunter,,,Johnny Jorgensen,56
Cass,Mayor Hunter,,,write-in,2
Cass,Mayor Leonard,,,Tracey Jacobson,30
Cass,Mayor Leonard,,,write-in,23
Cass,Mayor Mapleton,,,Andrew Draeger,139
Cass,Mayor Mapleton,,,write-in,6
Cass,Mayor Page,,,James Heidorn,41
Cass,Mayor Page,,,write-in,0
Cass,Mayor Reiles Acres,,,Shane Amundson,168
Cass,Mayor Reiles Acres,,,write-in,6
Cass,Mayor Tower City,,,Stacey Lilja,40
Cass,Mayor Tower City,,,write-in,40
Cass,Municipal Judge Davenport,,,write-in,7
Cass,Municipal Judge Fargo,,,Steve Dawson,13874
Cass,Municipal Judge Fargo,,,write-in,92
Cass,Municipal Judge Horace,,,Jessica Chomitzky,425
Cass,Municipal Judge Horace,,,write-in,13
Cass,Park Board Member Argusville Park,,,Melissa Becker,96
Cass,Park Board Member Argusville Park,,,write-in,22
Cass,Park Board Member Arthur Park,,,Jeremy Nelson,59
Cass,Park Board Member Arthur Park,,,Kari Jo Olson,63
Cass,Park Board Member Arthur Park,,,Michelle Nelson,59
Cass,Park Board Member Arthur Park,,,write-in,0
Cass,Park Board Member Briarwood Park,,,Christina Adams,20
Cass,Park Board Member Briarwood Park,,,Martha Kearns,20
Cass,Park Board Member Briarwood Park,,,write-in,0
Cass,Park Board Member Buffalo Park,,,Jodi Combs,65
Cass,Park Board Member Buffalo Park,,,Mari Ketterer,66
Cass,Park Board Member Buffalo Park,,,Tracie Zaun,64
Cass,Park Board Member Buffalo Park,,,write-in,18
Cass,Park Board Member Casselton Park,,,write-in,173
Cass,Park Board Member Davenport Park,,,Lisa Hosman-Davis,26
Cass,Park Board Member Davenport Park,,,Matt Palluck,45
Cass,Park Board Member Davenport Park,,,Steve Hans,42
Cass,Park Board Member Davenport Park,,,write-in,10
Cass,Park Board Member Fargo Park,,,Dawn Morgan,9353
Cass,Park Board Member Fargo Park,,,Jerry Rostad,10123
Cass,Park Board Member Fargo Park,,,Rick Graalum,6922
Cass,Park Board Member Fargo Park,,,write-in,87
Cass,Park Board Member Harwood Park,,,write-in,43
Cass,Park Board Member Horace Park,,,Jason Olsen,397
Cass,Park Board Member Horace Park,,,Shannon Kist,397
Cass,Park Board Member Horace Park,,,Wade Frank,392
Cass,Park Board Member Horace Park,,,write-in,61
Cass,Park Board Member Hunter Park,,,Taylor Jorgensen,58
Cass,Park Board Member Hunter Park,,,write-in,30
Cass,Park Board Member Kindred Park,,,Kimbra Amerman,110
Cass,Park Board Member Kindred Park,,,write-in,33
Cass,Park Board Member Leonard Park,,,Ryan Johnson,45
Cass,Park Board Member Leonard Park,,,write-in,9
Cass,Park Board Member Mapleton Park,,,Jodi Meisch,122
Cass,Park Board Member Mapleton Park,,,Mandi Radcliffe,121
Cass,Park Board Member Mapleton Park,,,write-in,13
Cass,Park Board Member Oxbow Park,,,write-in,22
Cass,Park Board Member Tower City Park,,,Amanda Pilgrim,70
Cass,Park Board Member Tower City Park,,,Scott Tichy,78
Cass,Park Board Member Tower City Park,,,write-in,6
Cass,Park Board Member Unexpired 2-Year Term Buffalo Park,,,Edythe (Becca) Klemick,24
Cass,Park Board Member Unexpired 2-Year Term Buffalo Park,,,Tiana Henry,38
Cass,Park Board Member Unexpired 2-Year Term Buffalo Park,,,write-in,4
Cass,Park Board Member Unexpired 2-Year Term Davenport Park,,,Bridget Besette,50
Cass,Park Board Member Unexpired 2-Year Term Davenport Park,,,write-in,4
Cass,Park Board Member Unexpired 2-Year Term Harwood Park,,,write-in,23
Cass,Park Board Member West Fargo Park,,,Ken Zetocha,2384
Cass,Park Board Member West Fargo Park,,,Ryan Gellner,3026
Cass,Park Board Member West Fargo Park,,,Todd Rheault,3106
Cass,Park Board Member West Fargo Park,,,write-in,54
Cass,Public Service Commissioner,,,write-in,41
Cass,Public Service Commissioner,,DEM,Casey D Buchmann,9905
Cass,Public Service Commissioner,,DEM,write-in,51
Cass,Public Service Commissioner,,REP,Brian Kroshus,13209
Cass,Public Service Commissioner,,REP,write-in,61
Cass,Publication of Minutes Alice,,,No,9
Cass,Publication of Minutes Alice,,,Yes,4
Cass,Publication of Minutes Amenia,,,No,1
Cass,Publication of Minutes Amenia,,,Yes,13
Cass,Publication of Minutes Argusville,,,No,16
Cass,Publication of Minutes Argusville,,,Yes,87
Cass,Publication of Minutes Arthur,,,No,7
Cass,Publication of Minutes Arthur,,,Yes,59
Cass,Publication of Minutes Ayr,,,No,0
Cass,Publication of Minutes Ayr,,,Yes,2
Cass,Publication of Minutes Briarwood,,,No,15
Cass,Publication of Minutes Briarwood,,,Yes,8
Cass,Publication of Minutes Buffalo,,,No,8
Cass,Publication of Minutes Buffalo,,,Yes,60
Cass,Publication of Minutes Casselton,,,No,34
Cass,Publication of Minutes Casselton,,,Yes,465
Cass,Publication of Minutes Davenport,,,No,9
Cass,Publication of Minutes Davenport,,,Yes,46
Cass,Publication of Minutes Fargo,,,No,2706
Cass,Publication of Minutes Fargo,,,Yes,15064
Cass,Publication of Minutes Fargo School District #1,,,No,2509
Cass,Publication of Minutes Fargo School District #1,,,Yes,13167
Cass,Publication of Minutes Frontier,,,No,25
Cass,Publication of Minutes Frontier,,,Yes,35
Cass,Publication of Minutes Gardner,,,No,11
Cass,Publication of Minutes Gardner,,,Yes,12
Cass,Publication of Minutes Grandin,,,No,6
Cass,Publication of Minutes Grandin,,,Yes,25
Cass,Publication of Minutes Harwood,,,No,57
Cass,Publication of Minutes Harwood,,,Yes,107
Cass,Publication of Minutes Horace,,,No,65
Cass,Publication of Minutes Horace,,,Yes,478
Cass,Publication of Minutes Hunter,,,No,11
Cass,Publication of Minutes Hunter,,,Yes,52
Cass,Publication of Minutes Kindred,,,No,15
Cass,Publication of Minutes Kindred,,,Yes,120
Cass,Publication of Minutes Leonard,,,No,5
Cass,Publication of Minutes Leonard,,,Yes,52
Cass,Publication of Minutes Mapleton,,,No,33
Cass,Publication of Minutes Mapleton,,,Yes,124
Cass,Publication of Minutes Oxbow,,,No,36
Cass,Publication of Minutes Oxbow,,,Yes,47
Cass,Publication of Minutes Page,,,No,8
Cass,Publication of Minutes Page,,,Yes,36
Cass,Publication of Minutes Prairie Rose,,,No,2
Cass,Publication of Minutes Prairie Rose,,,Yes,16
Cass,Publication of Minutes Reiles Acres,,,No,119
Cass,Publication of Minutes Reiles Acres,,,Yes,73
Cass,Publication of Minutes Tower City,,,No,14
Cass,Publication of Minutes Tower City,,,Yes,73
Cass,Publication of Minutes West Fargo,,,No,692
Cass,Publication of Minutes West Fargo,,,Yes,4553
Cass,Publication of Minutes West Fargo School Dist #6,,,No,1261
Cass,Publication of Minutes West Fargo School Dist #6,,,Yes,7437
Cass,School Board Member - Southeast #4 Central Cass School #17,,,Shiloh Becher,640
Cass,School Board Member - Southeast #4 Central Cass School #17,,,write-in,9
Cass,School Board Member Fargo School District #1,,,Brandi Aune,2577
Cass,School Board Member Fargo School District #1,,,Eric Evenson,2506
Cass,School Board Member Fargo School District #1,,,Jenaah McLeod-Hanson,2941
Cass,School Board Member Fargo School District #1,,,Jim Johnson,4626
Cass,School Board Member Fargo School District #1,,,John Rodenbiker,4157
Cass,School Board Member Fargo School District #1,,,Kristi Ulrich,4492
Cass,School Board Member Fargo School District #1,,,Mary Schultz,3377
Cass,School Board Member Fargo School District #1,,,Nikkie Gullickson,5091
Cass,School Board Member Fargo School District #1,,,Robin Kee,1016
Cass,School Board Member Fargo School District #1,,,Seth Holden,5163
Cass,School Board Member Fargo School District #1,,,Stacey Piechowski,3706
Cass,School Board Member Fargo School District #1,,,Tracie Newman,5896
Cass,School Board Member Fargo School District #1,,,Victoria Johnson,2472
Cass,School Board Member Fargo School District #1,,,write-in,74
Cass,School Board Member West Fargo School Dist #6,,,Anthony Bryant,2058
Cass,School Board Member West Fargo School Dist #6,,,Connie M Faulkner,1930
Cass,School Board Member West Fargo School Dist #6,,,Dan Schaeffer,2887
Cass,School Board Member West Fargo School Dist #6,,,Jason McLean,2410
Cass,School Board Member West Fargo School Dist #6,,,Matuor Alier,1265
Cass,School Board Member West Fargo School Dist #6,,,Patti F Stedman,3643
Cass,School Board Member West Fargo School Dist #6,,,Shannon Grave,2869
Cass,School Board Member West Fargo School Dist #6,,,Trisha Page,3347
Cass,School Board Member West Fargo School Dist #6,,,write-in,42
Cass,School Board Member-Area #4 Northern Cass School Dist #97,,,Lori Steffes,437
Cass,School Board Member-Area #4 Northern Cass School Dist #97,,,write-in,9
Cass,School Board Member-Area #5 Northern Cass School Dist #97,,,Brad Bjerke,433
Cass,School Board Member-Area #5 Northern Cass School Dist #97,,,write-in,11
Cass,School Board Member-At Large Central Cass School #17,,,Stefanie Meyer,662
Cass,School Board Member-At Large Central Cass School #17,,,write-in,14
Cass,School Board Member-City Seat Mapleton School Dist #7,,,Josh Radcliffe,183
Cass,School Board Member-City Seat Mapleton School Dist #7,,,write-in,9
Cass,School Board Member-Rural Seat Mapleton School Dist #7,,,Kara Hendrickson,184
Cass,School Board Member-Rural Seat Mapleton School Dist #7,,,write-in,5
Cass,School Board Member-Zone 3 & 4 Mayport CG School Dist #14,,,Corey Moen,1
Cass,School Board Member-Zone 3 & 4 Mayport CG School Dist #14,,,write-in,0
Cass,School Board Member-Zone 6 & 7 Mayport CG School Dist #14,,,Tami (Iverson) Parker,1
Cass,School Board Member-Zone 6 & 7 Mayport CG School Dist #14,,,write-in,0
Cass,School Board Member-Zone 8 & 9 Mayport CG School Dist #14,,,Lynn Sand,0
Cass,School Board Member-Zone 8 & 9 Mayport CG School Dist #14,,,write-in,1
Cass,State Auditor,,,write-in,40
Cass,State Auditor,,DEM,Patrick Hart,9923
Cass,State Auditor,,DEM,write-in,50
Cass,State Auditor,,REP,Joshua C Gallion,13056
Cass,State Auditor,,REP,write-in,123
Cass,State House,16,,write-in,15
Cass,State House,16,DEM,Hamida Dakane,707
Cass,State House,16,DEM,Tracey L Wilkie,779
Cass,State House,16,DEM,write-in,33
Cass,State House,16,REP,Andrew Marschall,838
Cass,State House,16,REP,Ben Koppelman,976
Cass,State House,16,REP,write-in,18
Cass,State House,20,,write-in,4
Cass,State House,20,DEM,John Martin Pederson,33
Cass,State House,20,DEM,Zachary Blotsky,28
Cass,State House,20,DEM,write-in,0
Cass,State House,20,REP,Aaron McWilliams,49
Cass,State House,20,REP,Jared Hagert,65
Cass,State House,20,REP,Mike Beltz,72
Cass,State House,20,REP,write-in,0
Cass,State House,22,,write-in,47
Cass,State House,22,DEM,Jodi Meisch,886
Cass,State House,22,DEM,Will Thompson,731
Cass,State House,22,DEM,write-in,105
Cass,State House,22,REP,Brandy L Pyle,1802
Cass,State House,22,REP,Michael Howe,1779
Cass,State House,22,REP,write-in,81
Cass,State House,24,,write-in,10
Cass,State House,24,DEM,Bradley Edin,50
Cass,State House,24,DEM,Naomi T Muscha,85
Cass,State House,24,DEM,write-in,12
Cass,State House,24,REP,Cole Christensen,121
Cass,State House,24,REP,Dwight Kiefert,128
Cass,State House,24,REP,write-in,14
Cass,State House,44,,write-in,4
Cass,State House,44,DEM,Joshua A Boschee,1336
Cass,State House,44,DEM,Karla Rose Hanson,1293
Cass,State House,44,DEM,write-in,1
Cass,State House,44,REP,Scott Wagner,1056
Cass,State House,44,REP,write-in,22
Cass,State House,46,,write-in,4
Cass,State House,46,DEM,Ben M Hanson,1004
Cass,State House,46,DEM,Ben W Hanson,939
Cass,State House,46,DEM,write-in,1
Cass,State House,46,REP,Jim Kasper,1369
Cass,State House,46,REP,Shannon Roers Jones,1431
Cass,State House,46,REP,write-in,11
Cass,State Senate,16,,write-in,6
Cass,State Senate,16,DEM,Kari Breker,909
Cass,State Senate,16,DEM,write-in,8
Cass,State Senate,16,REP,David A Clemens,1013
Cass,State Senate,16,REP,write-in,6
Cass,State Senate,20,,write-in,2
Cass,State Senate,20,DEM,Paul R Hanson,38
Cass,State Senate,20,DEM,write-in,0
Cass,State Senate,20,REP,Randy D Lemm,104
Cass,State Senate,20,REP,write-in,0
Cass,State Senate,22,,write-in,18
Cass,State Senate,22,DEM,Laetitia Hellerud,949
Cass,State Senate,22,DEM,write-in,30
Cass,State Senate,22,REP,Mark Weber,1960
Cass,State Senate,22,REP,write-in,23
Cass,State Senate,24,,write-in,5
Cass,State Senate,24,DEM,Larry J Robinson,86
Cass,State Senate,24,DEM,write-in,4
Cass,State Senate,24,REP,Mike Wobbema,131
Cass,State Senate,24,REP,write-in,4
Cass,State Senate,44,,write-in,4
Cass,State Senate,44,DEM,Merrill Piepkorn,1430
Cass,State Senate,44,DEM,write-in,4
Cass,State Senate,44,REP,Tim Flakoll,1089
Cass,State Senate,44,REP,write-in,8
Cass,State Senate,46,,write-in,2
Cass,State Senate,46,DEM,Terri Hedman,1108
Cass,State Senate,46,DEM,write-in,0
Cass,State Senate,46,REP,Jim Roers,1545
Cass,State Senate,46,REP,write-in,12
Cass,State Treasurer,,,write-in,41
Cass,State Treasurer,,DEM,Mark Haugen,10014
Cass,State Treasurer,,DEM,write-in,54
Cass,State Treasurer,,REP,Daniel Johnston,5411
Cass,State Treasurer,,REP,Thomas Beadle,8963
Cass,State Treasurer,,REP,write-in,77
Cass,Superintendent of Public Instruction,,,Brandt J Dick,5963
Cass,Superintendent of Public Instruction,,,Charles J Tuttle,4497
Cass,Superintendent of Public Instruction,,,Kirsten Baesler,14261
Cass,Superintendent of Public Instruction,,,write-in,197
Cass,U.S. House,1,,Steven James Peterson,176
Cass,U.S. House,1,,write-in,48
Cass,U.S. House,1,DEM,Roland Clifford Riemers,3336
Cass,U.S. House,1,DEM,Zach Raknerud,6475
Cass,U.S. House,1,DEM,write-in,85
Cass,U.S. House,1,REP,Kelly Armstrong,13513
Cass,U.S. House,1,REP,write-in,141
Cavalier,Council Member Langdon,,,Darin Kaercher,357
Cavalier,Council Member Langdon,,,Lawrence Henry,377
Cavalier,Council Member Langdon,,,write-in,2
Cavalier,Council Member Unexpired 2-Year Term Langdon,,,Christopher Vandal,333
Cavalier,Council Member Unexpired 2-Year Term Langdon,,,write-in,8
Cavalier,County Commissioner Cavalier,,,David Zeis,903
Cavalier,County Commissioner Cavalier,,,Gregory Goodman,856
Cavalier,County Commissioner Cavalier,,,write-in,14
Cavalier,Governor and Lt. Governor,,,DuWayne Hendrickson and<br/>Joshua Voytek,3
Cavalier,Governor and Lt. Governor,,,write-in,0
Cavalier,Governor and Lt. Governor,,DEM,Shelley Lenz and Ben Vig,197
Cavalier,Governor and Lt. Governor,,DEM,write-in,0
Cavalier,Governor and Lt. Governor,,REP,Doug Burgum and Brent Sanford,716
Cavalier,Governor and Lt. Governor,,REP,Michael Coachman and Joel H Hylden,60
Cavalier,Governor and Lt. Governor,,REP,write-in,0
Cavalier,Insurance Commissioner,,,write-in,0
Cavalier,Insurance Commissioner,,DEM,Travisia Martin,191
Cavalier,Insurance Commissioner,,DEM,write-in,0
Cavalier,Insurance Commissioner,,REP,Jon Godfread,704
Cavalier,Insurance Commissioner,,REP,write-in,1
Cavalier,Judge of the District Court No. 2 Unexpired 4-Year Term Northeast,,,Michael Hurly,826
Cavalier,Judge of the District Court No. 2 Unexpired 4-Year Term Northeast,,,write-in,2
Cavalier,Judge of the District Court No. 3 Northeast,,,Anthony Swain Benson,824
Cavalier,Judge of the District Court No. 3 Northeast,,,write-in,1
Cavalier,Judge of the District Court No. 4 Northeast,,,Donovan Foughty,833
Cavalier,Judge of the District Court No. 4 Northeast,,,write-in,1
Cavalier,Judge of the District Court No. 6 Unexpired 4-Year Term Northeast,,,Barbara L Whelan,817
Cavalier,Judge of the District Court No. 6 Unexpired 4-Year Term Northeast,,,write-in,4
Cavalier,Justice of the Supreme Court,,,Jon Jay Jensen,852
Cavalier,Justice of the Supreme Court,,,write-in,1
Cavalier,Park Board Member Langdon Park,,,Holly Lyons,394
Cavalier,Park Board Member Langdon Park,,,Sandra Mack,359
Cavalier,Park Board Member Langdon Park,,,write-in,18
Cavalier,Public Service Commissioner,,,write-in,0
Cavalier,Public Service Commissioner,,DEM,Casey D Buchmann,192
Cavalier,Public Service Commissioner,,DEM,write-in,0
Cavalier,Public Service Commissioner,,REP,Brian Kroshus,697
Cavalier,Public Service Commissioner,,REP,write-in,1
Cavalier,Publish Minutes in Official Newspaper Langdon,,,No,24
Cavalier,Publish Minutes in Official Newspaper Langdon,,,Yes,395
Cavalier,State Auditor,,,write-in,0
Cavalier,State Auditor,,DEM,Patrick Hart,194
Cavalier,State Auditor,,DEM,write-in,0
Cavalier,State Auditor,,REP,Joshua C Gallion,702
Cavalier,State Auditor,,REP,write-in,2
Cavalier,State House,10,,write-in,0
Cavalier,State House,10,DEM,Elsie Blair Magnus,190
Cavalier,State House,10,DEM,Melissa Anderson,169
Cavalier,State House,10,DEM,write-in,0
Cavalier,State House,10,REP,Chuck Damschen,696
Cavalier,State House,10,REP,David Monson,708
Cavalier,State House,10,REP,write-in,6
Cavalier,State Senate,10,,write-in,0
Cavalier,State Senate,10,DEM,Charlie Hart,202
Cavalier,State Senate,10,DEM,write-in,0
Cavalier,State Senate,10,REP,Janne Myrdal,734
Cavalier,State Senate,10,REP,write-in,2
Cavalier,State Treasurer,,,write-in,0
Cavalier,State Treasurer,,DEM,Mark Haugen,196
Cavalier,State Treasurer,,DEM,write-in,0
Cavalier,State Treasurer,,REP,Daniel Johnston,449
Cavalier,State Treasurer,,REP,Thomas Beadle,262
Cavalier,State Treasurer,,REP,write-in,0
Cavalier,Superintendent of Public Instruction,,,Brandt J Dick,397
Cavalier,Superintendent of Public Instruction,,,Charles J Tuttle,104
Cavalier,Superintendent of Public Instruction,,,Kirsten Baesler,439
Cavalier,Superintendent of Public Instruction,,,write-in,1
Cavalier,U.S. House,1,,Steven James Peterson,3
Cavalier,U.S. House,1,,write-in,0
Cavalier,U.S. House,1,DEM,Roland Clifford Riemers,72
Cavalier,U.S. House,1,DEM,Zach Raknerud,122
Cavalier,U.S. House,1,DEM,write-in,0
Cavalier,U.S. House,1,REP,Kelly Armstrong,756
Cavalier,U.S. House,1,REP,write-in,0
Dickey,Council Member Ellendale,,,Justin Meidinger,239
Dickey,Council Member Ellendale,,,Richard Wadholm,234
Dickey,Council Member Ellendale,,,Thomas Denison,242
Dickey,Council Member Ellendale,,,write-in,11
Dickey,Council Member Fullerton,,,Deb Hahn,17
Dickey,Council Member Fullerton,,,write-in,17
Dickey,Council Member Oakes,,,Cindy Bagley,313
Dickey,Council Member Oakes,,,write-in,54
Dickey,Council Member Unexpired 2-Year Term Ellendale,,,Bruce Crabtree,249
Dickey,Council Member Unexpired 2-Year Term Ellendale,,,write-in,3
Dickey,County Commissioner Dickey - District 2,,,Gerald Walsh,929
Dickey,County Commissioner Dickey - District 2,,,write-in,12
Dickey,County Commissioner Dickey - District 4,,,Marke Roberts,945
Dickey,County Commissioner Dickey - District 4,,,write-in,10
Dickey,County State's Attorney Unexpired 2-Year Term Dickey,,,Kimberly J Radermacher,911
Dickey,County State's Attorney Unexpired 2-Year Term Dickey,,,write-in,20
Dickey,County Treasurer Unexpired 2-Year Term Dickey,,,Wonada Lematta,985
Dickey,County Treasurer Unexpired 2-Year Term Dickey,,,write-in,6
Dickey,"Director, Garrison Diversion Conservancy Dickey",,,Donald K Zimbleman,931
Dickey,"Director, Garrison Diversion Conservancy Dickey",,,write-in,15
Dickey,Ellendale City Measure #1 Ellendale,,,No,10
Dickey,Ellendale City Measure #1 Ellendale,,,Yes,270
Dickey,Fullerton City Measure #1 Fullerton,,,No,5
Dickey,Fullerton City Measure #1 Fullerton,,,Yes,5
Dickey,Governor and Lt. Governor,,,DuWayne Hendrickson and<br/>Joshua Voytek,11
Dickey,Governor and Lt. Governor,,,write-in,0
Dickey,Governor and Lt. Governor,,DEM,Shelley Lenz and Ben Vig,235
Dickey,Governor and Lt. Governor,,DEM,write-in,0
Dickey,Governor and Lt. Governor,,REP,Doug Burgum and Brent Sanford,672
Dickey,Governor and Lt. Governor,,REP,Michael Coachman and Joel H Hylden,92
Dickey,Governor and Lt. Governor,,REP,write-in,0
Dickey,Insurance Commissioner,,,write-in,1
Dickey,Insurance Commissioner,,DEM,Travisia Martin,233
Dickey,Insurance Commissioner,,DEM,write-in,0
Dickey,Insurance Commissioner,,REP,Jon Godfread,703
Dickey,Insurance Commissioner,,REP,write-in,0
Dickey,Judge of the District Court No. 1 Unexpired 4-Year Term Southeast,,,Cherie L Clark,941
Dickey,Judge of the District Court No. 1 Unexpired 4-Year Term Southeast,,,write-in,2
Dickey,Justice of the Supreme Court,,,Jon Jay Jensen,950
Dickey,Justice of the Supreme Court,,,write-in,3
Dickey,Mayor Fullerton,,,write-in,15
Dickey,Oakes City Measure #1 Oakes,,,No,14
Dickey,Oakes City Measure #1 Oakes,,,Yes,322
Dickey,Oakes City Measure #2 Oakes,,,No,70
Dickey,Oakes City Measure #2 Oakes,,,Yes,265
Dickey,Park Board Member Ellendale Park,,,Colette Middlestead,180
Dickey,Park Board Member Ellendale Park,,,Kerry Waldo,217
Dickey,Park Board Member Ellendale Park,,,Lucas Van Zee,182
Dickey,Park Board Member Ellendale Park,,,Melissa Johnson,189
Dickey,Park Board Member Ellendale Park,,,write-in,1
Dickey,Park Board Member Fullerton Park,,,write-in,24
Dickey,Park Board Member Oakes Park,,,Mikayla McClean,300
Dickey,Park Board Member Oakes Park,,,write-in,25
Dickey,Park Board Member Unexpired 2-Year Term Fullerton Park,,,write-in,12
Dickey,Park Board Member Unexpired 2-Year Term Oakes Park,,,write-in,40
Dickey,Public Service Commissioner,,,write-in,1
Dickey,Public Service Commissioner,,DEM,Casey D Buchmann,238
Dickey,Public Service Commissioner,,DEM,write-in,0
Dickey,Public Service Commissioner,,REP,Brian Kroshus,704
Dickey,Public Service Commissioner,,REP,write-in,3
Dickey,State Auditor,,,write-in,1
Dickey,State Auditor,,DEM,Patrick Hart,234
Dickey,State Auditor,,DEM,write-in,0
Dickey,State Auditor,,REP,Joshua C Gallion,704
Dickey,State Auditor,,REP,write-in,0
Dickey,State House,26,,Mattie J Richardson,11
Dickey,State House,26,,write-in,0
Dickey,State House,26,DEM,Alan J Peterson,124
Dickey,State House,26,DEM,John M Hokana,163
Dickey,State House,26,DEM,write-in,2
Dickey,State House,26,REP,Kathy Skroch,303
Dickey,State House,26,REP,Sebastian Ertelt,283
Dickey,State House,26,REP,write-in,2
Dickey,State House,28,,write-in,0
Dickey,State House,28,DEM,Rebecca Phillips,65
Dickey,State House,28,DEM,write-in,0
Dickey,State House,28,REP,Jeffery J Magrum,192
Dickey,State House,28,REP,Jim Grueneich,249
Dickey,State House,28,REP,Mike Brandenburg,296
Dickey,State House,28,REP,write-in,3
Dickey,State Senate,26,,write-in,3
Dickey,State Senate,26,DEM,Jim Dotzenrod,179
Dickey,State Senate,26,DEM,write-in,0
Dickey,State Senate,26,REP,Jason Heitkamp,335
Dickey,State Senate,26,REP,write-in,0
Dickey,State Senate,28,,write-in,0
Dickey,State Senate,28,DEM,write-in,4
Dickey,State Senate,28,REP,Robert S Erbele,382
Dickey,State Senate,28,REP,write-in,2
Dickey,State Treasurer,,,write-in,1
Dickey,State Treasurer,,DEM,Mark Haugen,240
Dickey,State Treasurer,,DEM,write-in,0
Dickey,State Treasurer,,REP,Daniel Johnston,312
Dickey,State Treasurer,,REP,Thomas Beadle,393
Dickey,State Treasurer,,REP,write-in,0
Dickey,Superintendent of Public Instruction,,,Brandt J Dick,269
Dickey,Superintendent of Public Instruction,,,Charles J Tuttle,167
Dickey,Superintendent of Public Instruction,,,Kirsten Baesler,550
Dickey,Superintendent of Public Instruction,,,write-in,1
Dickey,U.S. House,1,,Steven James Peterson,11
Dickey,U.S. House,1,,write-in,0
Dickey,U.S. House,1,DEM,Roland Clifford Riemers,114
Dickey,U.S. House,1,DEM,Zach Raknerud,113
Dickey,U.S. House,1,DEM,write-in,0
Dickey,U.S. House,1,REP,Kelly Armstrong,721
Dickey,U.S. House,1,REP,write-in,0
Divide,1% Sales Tax Crosby,,,No,64
Divide,1% Sales Tax Crosby,,,Yes,159
Divide,Council Member Crosby,,,Don Wolf,163
Divide,Council Member Crosby,,,Kjell Vassen,200
Divide,Council Member Crosby,,,Steve Dhuyvetter,206
Divide,Council Member Crosby,,,write-in,14
Divide,Council Member Unexpired 2-Year Term Crosby,,,Denise Johnson,205
Divide,Council Member Unexpired 2-Year Term Crosby,,,write-in,0
Divide,County Commissioner At Large By District Divide - District 2,,,Rodney Johnson,414
Divide,County Commissioner At Large By District Divide - District 2,,,write-in,10
Divide,Governor and Lt. Governor,,,DuWayne Hendrickson and<br/>Joshua Voytek,2
Divide,Governor and Lt. Governor,,,write-in,0
Divide,Governor and Lt. Governor,,DEM,Shelley Lenz and Ben Vig,87
Divide,Governor and Lt. Governor,,DEM,write-in,0
Divide,Governor and Lt. Governor,,REP,Doug Burgum and Brent Sanford,333
Divide,Governor and Lt. Governor,,REP,Michael Coachman and Joel H Hylden,19
Divide,Governor and Lt. Governor,,REP,write-in,0
Divide,Insurance Commissioner,,,write-in,0
Divide,Insurance Commissioner,,DEM,Travisia Martin,86
Divide,Insurance Commissioner,,DEM,write-in,0
Divide,Insurance Commissioner,,REP,Jon Godfread,317
Divide,Insurance Commissioner,,REP,write-in,0
Divide,Judge of the District Court No. 2 Northwest,,,Benjamen J Johnson,399
Divide,Judge of the District Court No. 2 Northwest,,,write-in,1
Divide,Judge of the District Court No. 3 Northwest,,,Paul W Jacobson,397
Divide,Judge of the District Court No. 3 Northwest,,,write-in,1
Divide,Judge of the District Court No. 4 Northwest,,,Robin Schmidt,395
Divide,Judge of the District Court No. 4 Northwest,,,write-in,0
Divide,Justice of the Supreme Court,,,Jon Jay Jensen,393
Divide,Justice of the Supreme Court,,,write-in,0
Divide,Park Board Member Crosby Park,,,Patrick Wolf,191
Divide,Park Board Member Crosby Park,,,Traci Lund,209
Divide,Park Board Member Crosby Park,,,write-in,24
Divide,Public Service Commissioner,,,write-in,0
Divide,Public Service Commissioner,,DEM,Casey D Buchmann,87
Divide,Public Service Commissioner,,DEM,write-in,0
Divide,Public Service Commissioner,,REP,Brian Kroshus,323
Divide,Public Service Commissioner,,REP,write-in,1
Divide,Publishing City Minutes Crosby,,,No,23
Divide,Publishing City Minutes Crosby,,,Yes,204
Divide,State Auditor,,,write-in,0
Divide,State Auditor,,DEM,Patrick Hart,87
Divide,State Auditor,,DEM,write-in,0
Divide,State Auditor,,REP,Joshua C Gallion,316
Divide,State Auditor,,REP,write-in,1
Divide,State House,2,,write-in,0
Divide,State House,2,DEM,write-in,6
Divide,State House,2,REP,Bert Anderson,301
Divide,State House,2,REP,Donald Longmuir,276
Divide,State House,2,REP,write-in,1
Divide,State Senate,2,,write-in,0
Divide,State Senate,2,DEM,write-in,5
Divide,State Senate,2,REP,David S Rust,339
Divide,State Senate,2,REP,write-in,0
Divide,State Treasurer,,,write-in,0
Divide,State Treasurer,,DEM,Mark Haugen,88
Divide,State Treasurer,,DEM,write-in,0
Divide,State Treasurer,,REP,Daniel Johnston,160
Divide,State Treasurer,,REP,Thomas Beadle,161
Divide,State Treasurer,,REP,write-in,0
Divide,Superintendent of Public Instruction,,,Brandt J Dick,87
Divide,Superintendent of Public Instruction,,,Charles J Tuttle,60
Divide,Superintendent of Public Instruction,,,Kirsten Baesler,275
Divide,Superintendent of Public Instruction,,,write-in,0
Divide,U.S. House,1,,Steven James Peterson,2
Divide,U.S. House,1,,write-in,0
Divide,U.S. House,1,DEM,Roland Clifford Riemers,39
Divide,U.S. House,1,DEM,Zach Raknerud,49
Divide,U.S. House,1,DEM,write-in,0
Divide,U.S. House,1,REP,Kelly Armstrong,329
Divide,U.S. House,1,REP,write-in,0
Dunn,Commission President Halliday,,,Blair Selle,47
Dunn,Commission President Halliday,,,write-in,0
Dunn,Commissioner Halliday,,,Jeremy Hausauer,43
Dunn,Commissioner Halliday,,,Linda Gietzen,39
Dunn,Commissioner Halliday,,,write-in,5
Dunn,Commissioner Killdeer,,,Carey Praus,184
Dunn,Commissioner Killdeer,,,Kelly Summerfield,181
Dunn,Commissioner Killdeer,,,write-in,8
Dunn,Commissioner Unexpired 2-Year Term Halliday,,,Dean Huhta,41
Dunn,Commissioner Unexpired 2-Year Term Halliday,,,write-in,3
Dunn,Commissioner Unexpired 2-Year Term Killdeer,,,Logan Wallace,219
Dunn,Commissioner Unexpired 2-Year Term Killdeer,,,write-in,4
Dunn,Council Member Dodge,,,Amy Gervers,23
Dunn,Council Member Dodge,,,Kendall Joki,17
Dunn,Council Member Dodge,,,Melinda Duttenhefer,19
Dunn,Council Member Dodge,,,Toni Jones,20
Dunn,Council Member Dodge,,,write-in,1
Dunn,Council Member Dunn Center,,,Al Rogers,51
Dunn,Council Member Dunn Center,,,Carol Hicks,15
Dunn,Council Member Dunn Center,,,Larry Kittilson,45
Dunn,Council Member Dunn Center,,,write-in,1
Dunn,County Commissioner Dunn - Districts At-Large,,,Cody Buehner,758
Dunn,County Commissioner Dunn - Districts At-Large,,,Larry Lundberg,818
Dunn,County Commissioner Dunn - Districts At-Large,,,write-in,129
Dunn,Dickinson School District Publication of Minutes Dickinson School,,,No,55
Dunn,Dickinson School District Publication of Minutes Dickinson School,,,Yes,51
Dunn,"Director, Southwest Water Authority Dunn",,,Glenn Eckelberg,897
Dunn,"Director, Southwest Water Authority Dunn",,,write-in,24
Dunn,Governor and Lt. Governor,,,DuWayne Hendrickson and<br/>Joshua Voytek,5
Dunn,Governor and Lt. Governor,,,write-in,0
Dunn,Governor and Lt. Governor,,DEM,Shelley Lenz and Ben Vig,97
Dunn,Governor and Lt. Governor,,DEM,write-in,0
Dunn,Governor and Lt. Governor,,REP,Doug Burgum and Brent Sanford,810
Dunn,Governor and Lt. Governor,,REP,Michael Coachman and Joel H Hylden,116
Dunn,Governor and Lt. Governor,,REP,write-in,0
Dunn,Insurance Commissioner,,,write-in,0
Dunn,Insurance Commissioner,,DEM,Travisia Martin,119
Dunn,Insurance Commissioner,,DEM,write-in,0
Dunn,Insurance Commissioner,,REP,Jon Godfread,831
Dunn,Insurance Commissioner,,REP,write-in,0
Dunn,Justice of the Supreme Court,,,Jon Jay Jensen,901
Dunn,Justice of the Supreme Court,,,write-in,5
Dunn,Mayor Dunn Center,,,Harley Binek,24
Dunn,Mayor Dunn Center,,,Larry Pavlenko,25
Dunn,Mayor Dunn Center,,,write-in,12
Dunn,Municipal Judge Halliday,,,Myron Stern,42
Dunn,Municipal Judge Halliday,,,write-in,0
Dunn,PUBLICATION OF CITY GOVERNING BODY MINUTES Dodge,,,No,9
Dunn,PUBLICATION OF CITY GOVERNING BODY MINUTES Dodge,,,Yes,21
Dunn,PUBLICATION OF CITY GOVERNING BODY MINUTES Dunn Center,,,No,10
Dunn,PUBLICATION OF CITY GOVERNING BODY MINUTES Dunn Center,,,Yes,50
Dunn,PUBLICATION OF CITY GOVERNING BODY MINUTES Halliday,,,No,8
Dunn,PUBLICATION OF CITY GOVERNING BODY MINUTES Halliday,,,Yes,44
Dunn,PUBLICATION OF CITY GOVERNING BODY MINUTES Killdeer,,,No,15
Dunn,PUBLICATION OF CITY GOVERNING BODY MINUTES Killdeer,,,Yes,209
Dunn,Park Board Commissioner Halliday Park,,,Harvey Schmitz,31
Dunn,Park Board Commissioner Halliday Park,,,Jody Saari,43
Dunn,Park Board Commissioner Halliday Park,,,write-in,22
Dunn,Park Board Member Dodge Park,,,Dianne Duttenhefer,2
Dunn,Park Board Member Dodge Park,,,write-in,15
Dunn,Park Board Member Killdeer Park,,,write-in,56
Dunn,Public Service Commissioner,,,write-in,0
Dunn,Public Service Commissioner,,DEM,Casey D Buchmann,120
Dunn,Public Service Commissioner,,DEM,write-in,0
Dunn,Public Service Commissioner,,REP,Brian Kroshus,832
Dunn,Public Service Commissioner,,REP,write-in,1
Dunn,School Board Member - Killdeer City Killdeer School,,,April Dutchuk,494
Dunn,School Board Member - Killdeer City Killdeer School,,,write-in,43
Dunn,School Board Member -North Area Killdeer School,,,Levi Bang,597
Dunn,School Board Member -North Area Killdeer School,,,write-in,9
Dunn,School Board Member Beulah School,,,Auston Biles,45
Dunn,School Board Member Beulah School,,,Daniel Ziman,53
Dunn,School Board Member Beulah School,,,Dwight Hatzenbuhler,46
Dunn,School Board Member Beulah School,,,write-in,0
Dunn,School Board Member Dickinson School,,,Brent Seaks,84
Dunn,School Board Member Dickinson School,,,David W Wilkie,84
Dunn,School Board Member Dickinson School,,,write-in,0
Dunn,School Board Member Halliday School,,,Jennifer Kuntz,130
Dunn,School Board Member Halliday School,,,write-in,21
Dunn,School Board Member Rural Richardton/Taylor School,,,Clay Kennington,19
Dunn,School Board Member Rural Richardton/Taylor School,,,Judy Hoff,18
Dunn,School Board Member Rural Richardton/Taylor School,,,write-in,0
Dunn,School Board Member South Heart School,,,Barbara Meduna,15
Dunn,School Board Member South Heart School,,,Bobby Kubas,24
Dunn,School Board Member South Heart School,,,Emily Perhus-Zarak,23
Dunn,School Board Member South Heart School,,,Josh Wilke,14
Dunn,School Board Member South Heart School,,,Sarah Ewoniuk,25
Dunn,School Board Member South Heart School,,,write-in,0
Dunn,South Heart School District Publication of Minutes South Heart School,,,No,5
Dunn,South Heart School District Publication of Minutes South Heart School,,,Yes,32
Dunn,State Auditor,,,write-in,0
Dunn,State Auditor,,DEM,Patrick Hart,119
Dunn,State Auditor,,DEM,write-in,0
Dunn,State Auditor,,REP,Joshua C Gallion,841
Dunn,State Auditor,,REP,write-in,0
Dunn,State House,36,,write-in,0
Dunn,State House,36,DEM,Linda Weiss,34
Dunn,State House,36,DEM,Steve Krebs,29
Dunn,State House,36,DEM,write-in,0
Dunn,State House,36,REP,Luke Simons,176
Dunn,State House,36,REP,Mike Schatz,241
Dunn,State House,36,REP,write-in,1
Dunn,State House,4,,write-in,0
Dunn,State House,4,DEM,Hunter L Andes,48
Dunn,State House,4,DEM,Thomasina Mandan,53
Dunn,State House,4,DEM,write-in,0
Dunn,State House,4,REP,Clayton Fegley,268
Dunn,State House,4,REP,Terry Burton Jones,263
Dunn,State House,4,REP,write-in,0
Dunn,State Senate,36,,write-in,0
Dunn,State Senate,36,DEM,write-in,2
Dunn,State Senate,36,REP,Jay Elkin,216
Dunn,State Senate,36,REP,Steven Hanel,60
Dunn,State Senate,36,REP,write-in,0
Dunn,State Senate,4,,write-in,0
Dunn,State Senate,4,DEM,Lisa Finley-DeVille,61
Dunn,State Senate,4,DEM,write-in,0
Dunn,State Senate,4,REP,Jordan Kannianen,288
Dunn,State Senate,4,REP,write-in,0
Dunn,State Treasurer,,,write-in,0
Dunn,State Treasurer,,DEM,Mark Haugen,119
Dunn,State Treasurer,,DEM,write-in,0
Dunn,State Treasurer,,REP,Daniel Johnston,419
Dunn,State Treasurer,,REP,Thomas Beadle,422
Dunn,State Treasurer,,REP,write-in,3
Dunn,Superintendent of Public Instruction,,,Brandt J Dick,204
Dunn,Superintendent of Public Instruction,,,Charles J Tuttle,227
Dunn,Superintendent of Public Instruction,,,Kirsten Baesler,576
Dunn,Superintendent of Public Instruction,,,write-in,2
Dunn,U.S. House,1,,Steven James Peterson,5
Dunn,U.S. House,1,,write-in,0
Dunn,U.S. House,1,DEM,Roland Clifford Riemers,54
Dunn,U.S. House,1,DEM,Zach Raknerud,63
Dunn,U.S. House,1,DEM,write-in,0
Dunn,U.S. House,1,REP,Kelly Armstrong,902
Dunn,U.S. House,1,REP,write-in,2
Eddy,Commission President New Rockford,,,Calvin Packard,140
Eddy,Commission President New Rockford,,,Stuart Richter,290
Eddy,Commission President New Rockford,,,write-in,0
Eddy,Commissioner New Rockford,,,Justin Ystaas,333
Eddy,Commissioner New Rockford,,,Kelly McKnight,376
Eddy,Commissioner New Rockford,,,write-in,13
Eddy,Commissioner Unexpired 2-Year Term New Rockford,,,write-in,110
Eddy,County Commissioner Eddy,,,Glenda Collier,661
Eddy,County Commissioner Eddy,,,write-in,26
Eddy,"Director, Garrison Diversion Conservancy Eddy",,,Mike Tweed,686
Eddy,"Director, Garrison Diversion Conservancy Eddy",,,write-in,4
Eddy,Governor and Lt. Governor,,,DuWayne Hendrickson and<br/>Joshua Voytek,3
Eddy,Governor and Lt. Governor,,,write-in,0
Eddy,Governor and Lt. Governor,,DEM,Shelley Lenz and Ben Vig,182
Eddy,Governor and Lt. Governor,,DEM,write-in,1
Eddy,Governor and Lt. Governor,,REP,Doug Burgum and Brent Sanford,476
Eddy,Governor and Lt. Governor,,REP,Michael Coachman and Joel H Hylden,45
Eddy,Governor and Lt. Governor,,REP,write-in,1
Eddy,Insurance Commissioner,,,write-in,0
Eddy,Insurance Commissioner,,DEM,Travisia Martin,178
Eddy,Insurance Commissioner,,DEM,write-in,0
Eddy,Insurance Commissioner,,REP,Jon Godfread,472
Eddy,Insurance Commissioner,,REP,write-in,0
Eddy,Judge of the District Court No. 1 Unexpired 4-Year Term Southeast,,,Cherie L Clark,649
Eddy,Judge of the District Court No. 1 Unexpired 4-Year Term Southeast,,,write-in,2
Eddy,Justice of the Supreme Court,,,Jon Jay Jensen,649
Eddy,Justice of the Supreme Court,,,write-in,5
Eddy,Park Board Commissioner New Rockford Park,,,Kristi Swenson,389
Eddy,Park Board Commissioner New Rockford Park,,,write-in,123
Eddy,Public Service Commissioner,,,write-in,0
Eddy,Public Service Commissioner,,DEM,Casey D Buchmann,176
Eddy,Public Service Commissioner,,DEM,write-in,0
Eddy,Public Service Commissioner,,REP,Brian Kroshus,469
Eddy,Public Service Commissioner,,REP,write-in,0
Eddy,Publication of City Governing Body Minutes New Rockford,,,No,11
Eddy,Publication of City Governing Body Minutes New Rockford,,,Yes,409
Eddy,State Auditor,,,write-in,0
Eddy,State Auditor,,DEM,Patrick Hart,179
Eddy,State Auditor,,DEM,write-in,0
Eddy,State Auditor,,REP,Joshua C Gallion,465
Eddy,State Auditor,,REP,write-in,0
Eddy,State Treasurer,,,write-in,0
Eddy,State Treasurer,,DEM,Mark Haugen,180
Eddy,State Treasurer,,DEM,write-in,0
Eddy,State Treasurer,,REP,Daniel Johnston,248
Eddy,State Treasurer,,REP,Thomas Beadle,236
Eddy,State Treasurer,,REP,write-in,0
Eddy,Superintendent of Public Instruction,,,Brandt J Dick,179
Eddy,Superintendent of Public Instruction,,,Charles J Tuttle,144
Eddy,Superintendent of Public Instruction,,,Kirsten Baesler,384
Eddy,Superintendent of Public Instruction,,,write-in,1
Eddy,U.S. House,1,,Steven James Peterson,3
Eddy,U.S. House,1,,write-in,0
Eddy,U.S. House,1,DEM,Roland Clifford Riemers,86
Eddy,U.S. House,1,DEM,Zach Raknerud,89
Eddy,U.S. House,1,DEM,write-in,0
Eddy,U.S. House,1,REP,Kelly Armstrong,483
Eddy,U.S. House,1,REP,write-in,1
Emmons,Alderperson Hague City,,,write-in,17
Emmons,Alderperson Strasburg City,,,Lonnie Roth,72
Emmons,Alderperson Strasburg City,,,Mark Pearson,102
Emmons,Alderperson Strasburg City,,,write-in,56
Emmons,Commissioner Hazelton City,,,Darwin Opp,50
Emmons,Commissioner Hazelton City,,,Justin Long,52
Emmons,Commissioner Hazelton City,,,Pete Gesellchen,32
Emmons,Commissioner Hazelton City,,,write-in,13
Emmons,Council Member Braddock City,,,Charles Aune,11
Emmons,Council Member Braddock City,,,Christa Kron,8
Emmons,Council Member Braddock City,,,write-in,1
Emmons,Council Member Linton City-Ward 1,,,Dennis Morris,153
Emmons,Council Member Linton City-Ward 1,,,write-in,17
Emmons,Council Member Linton City-Ward 2,,,Randall Meidinger,91
Emmons,Council Member Linton City-Ward 2,,,write-in,11
Emmons,Council Member Linton City-Ward 3,,,Clarence Herz,15
Emmons,Council Member Linton City-Ward 3,,,Eric Paul,43
Emmons,Council Member Linton City-Ward 3,,,Travis Dockter,48
Emmons,Council Member Linton City-Ward 3,,,write-in,2
Emmons,Council Member Unexpired 2-Year Term Braddock City,,,Theodore Naaden,11
Emmons,Council Member Unexpired 2-Year Term Braddock City,,,write-in,0
Emmons,Council Member Unexpired 2-Year Term Linton City-Ward 2,,,Wayne Ehley,109
Emmons,Council Member Unexpired 2-Year Term Linton City-Ward 2,,,write-in,2
Emmons,County Commissioner By District Emmons - District 1,,,David Kalberer,164
Emmons,County Commissioner By District Emmons - District 1,,,Justin Rebenitsch,43
Emmons,County Commissioner By District Emmons - District 1,,,Paul Foertsch,106
Emmons,County Commissioner By District Emmons - District 1,,,write-in,3
Emmons,County Commissioner By District Emmons - District 3,,,Alex Jahner,141
Emmons,County Commissioner By District Emmons - District 3,,,Gary Hulm,149
Emmons,County Commissioner By District Emmons - District 3,,,write-in,0
Emmons,County Commissioner By District Emmons - District 5,,,Don Eberle,156
Emmons,County Commissioner By District Emmons - District 5,,,Tim Langeliers,82
Emmons,County Commissioner By District Emmons - District 5,,,write-in,2
Emmons,Governor and Lt. Governor,,,DuWayne Hendrickson and<br/>Joshua Voytek,1
Emmons,Governor and Lt. Governor,,,write-in,0
Emmons,Governor and Lt. Governor,,DEM,Shelley Lenz and Ben Vig,57
Emmons,Governor and Lt. Governor,,DEM,write-in,0
Emmons,Governor and Lt. Governor,,REP,Doug Burgum and Brent Sanford,1018
Emmons,Governor and Lt. Governor,,REP,Michael Coachman and Joel H Hylden,196
Emmons,Governor and Lt. Governor,,REP,write-in,2
Emmons,Insurance Commissioner,,,write-in,0
Emmons,Insurance Commissioner,,DEM,Travisia Martin,57
Emmons,Insurance Commissioner,,DEM,write-in,0
Emmons,Insurance Commissioner,,REP,Jon Godfread,1064
Emmons,Insurance Commissioner,,REP,write-in,4
Emmons,Judge of the District Court No. 1 South Central,,,David Reich,1092
Emmons,Judge of the District Court No. 1 South Central,,,write-in,2
Emmons,Judge of the District Court No. 2 Unexpired 2-Year Term South Central,,,Douglas Bahr,1079
Emmons,Judge of the District Court No. 2 Unexpired 2-Year Term South Central,,,write-in,2
Emmons,Judge of the District Court No. 7 South Central,,,Bonnie Storbakken,342
Emmons,Judge of the District Court No. 7 South Central,,,Gabrielle Goter,183
Emmons,Judge of the District Court No. 7 South Central,,,Scott R Miller,548
Emmons,Judge of the District Court No. 7 South Central,,,write-in,5
Emmons,Judge of the District Court No. 8 South Central,,,James S Hill,1069
Emmons,Judge of the District Court No. 8 South Central,,,write-in,2
Emmons,Justice of the Supreme Court,,,Jon Jay Jensen,1089
Emmons,Justice of the Supreme Court,,,write-in,2
Emmons,Linton City Measure No. 1 Linton City,,,No,11
Emmons,Linton City Measure No. 1 Linton City,,,Yes,422
Emmons,Mayor Hague City,,,write-in,21
Emmons,Measure 1 Braddock City,,,No,9
Emmons,Measure 1 Braddock City,,,Yes,1
Emmons,Measure 1 Hague City,,,No,2
Emmons,Measure 1 Hague City,,,Yes,25
Emmons,Measure 1 Hazelton City,,,No,14
Emmons,Measure 1 Hazelton City,,,Yes,71
Emmons,Municipal Judge Strasburg City,,,Jay Schmaltz,89
Emmons,Municipal Judge Strasburg City,,,write-in,8
Emmons,Park Board Member Braddock City Park,,,Audrey Rambough,8
Emmons,Park Board Member Braddock City Park,,,Del Svalen,9
Emmons,Park Board Member Braddock City Park,,,Rosalie Rambough,7
Emmons,Park Board Member Braddock City Park,,,write-in,5
Emmons,Park Board Member Hazelton City Park,,,write-in,75
Emmons,Park Board Member Linton City Park,,,Mark Weber,402
Emmons,Park Board Member Linton City Park,,,write-in,61
Emmons,Park Board Member Strasburg City Park,,,Bridget Mattern,99
Emmons,Park Board Member Strasburg City Park,,,write-in,20
Emmons,Park Board Member Unexpired 2-Year Term Hazelton City Park,,,write-in,19
Emmons,Public Service Commissioner,,,write-in,0
Emmons,Public Service Commissioner,,DEM,Casey D Buchmann,52
Emmons,Public Service Commissioner,,DEM,write-in,0
Emmons,Public Service Commissioner,,REP,Brian Kroshus,1070
Emmons,Public Service Commissioner,,REP,write-in,4
Emmons,State Auditor,,,write-in,0
Emmons,State Auditor,,DEM,Patrick Hart,57
Emmons,State Auditor,,DEM,write-in,0
Emmons,State Auditor,,REP,Joshua C Gallion,1060
Emmons,State Auditor,,REP,write-in,2
Emmons,State House,28,,write-in,0
Emmons,State House,28,DEM,Rebecca Phillips,58
Emmons,State House,28,DEM,write-in,2
Emmons,State House,28,REP,Jeffery J Magrum,791
Emmons,State House,28,REP,Jim Grueneich,542
Emmons,State House,28,REP,Mike Brandenburg,743
Emmons,State House,28,REP,write-in,8
Emmons,State Senate,28,,write-in,0
Emmons,State Senate,28,DEM,write-in,7
Emmons,State Senate,28,REP,Robert S Erbele,1069
Emmons,State Senate,28,REP,write-in,9
Emmons,State Treasurer,,,write-in,0
Emmons,State Treasurer,,DEM,Mark Haugen,58
Emmons,State Treasurer,,DEM,write-in,0
Emmons,State Treasurer,,REP,Daniel Johnston,630
Emmons,State Treasurer,,REP,Thomas Beadle,470
Emmons,State Treasurer,,REP,write-in,2
Emmons,Strasburg City Measure No. 1 Strasburg City,,,No,7
Emmons,Strasburg City Measure No. 1 Strasburg City,,,Yes,104
Emmons,Superintendent of Public Instruction,,,Brandt J Dick,401
Emmons,Superintendent of Public Instruction,,,Charles J Tuttle,257
Emmons,Superintendent of Public Instruction,,,Kirsten Baesler,604
Emmons,Superintendent of Public Instruction,,,write-in,5
Emmons,U.S. House,1,,Steven James Peterson,1
Emmons,U.S. House,1,,write-in,0
Emmons,U.S. House,1,DEM,Roland Clifford Riemers,36
Emmons,U.S. House,1,DEM,Zach Raknerud,21
Emmons,U.S. House,1,DEM,write-in,0
Emmons,U.S. House,1,REP,Kelly Armstrong,1124
Emmons,U.S. House,1,REP,write-in,6
Foster,Council Member Carrington,,,Doug Smith,433
Foster,Council Member Carrington,,,write-in,2
Foster,Council Member Carrington-Ward 1,,,Trygg Olson,188
Foster,Council Member Carrington-Ward 1,,,write-in,0
Foster,Council Member Carrington-Ward 2,,,Neil Fandrich,225
Foster,Council Member Carrington-Ward 2,,,write-in,6
Foster,Council Member Glenfield,,,Jeff Edland,19
Foster,Council Member Glenfield,,,Kent Johnson,18
Foster,Council Member Glenfield,,,write-in,0
Foster,Council Member Grace City,,,Cole Ellingson,14
Foster,Council Member Grace City,,,Lynelle Lyman Hoppe,13
Foster,Council Member Grace City,,,write-in,1
Foster,Council Member McHenry,,,Joshua Dreher,35
Foster,Council Member McHenry,,,Shane Black,35
Foster,Council Member McHenry,,,write-in,1
Foster,Council Member Unexpired 2-Year Term Carrington-Ward 1,,,Greg Edland,188
Foster,Council Member Unexpired 2-Year Term Carrington-Ward 1,,,write-in,0
Foster,Council Member Unexpired 2-Year Term Glenfield,,,Aaron Lund Johnson,18
Foster,Council Member Unexpired 2-Year Term Glenfield,,,write-in,0
Foster,County Commissioner By District Foster - Commissioner District 1,,,Patrick S Copenhaver,132
Foster,County Commissioner By District Foster - Commissioner District 1,,,write-in,6
Foster,County Commissioner By District Foster - Commissioner District 3,,,David Lawrence Utke,130
Foster,County Commissioner By District Foster - Commissioner District 3,,,write-in,0
Foster,County Commissioner By District Foster - Commissioner District 5,,,Becky Sue Hagel,178
Foster,County Commissioner By District Foster - Commissioner District 5,,,write-in,6
Foster,"Director, Garrison Diversion Conservancy Foster",,,Steve Metzger,757
Foster,"Director, Garrison Diversion Conservancy Foster",,,write-in,2
Foster,Governor and Lt. Governor,,,DuWayne Hendrickson and<br/>Joshua Voytek,1
Foster,Governor and Lt. Governor,,,write-in,1
Foster,Governor and Lt. Governor,,DEM,Shelley Lenz and Ben Vig,157
Foster,Governor and Lt. Governor,,DEM,write-in,0
Foster,Governor and Lt. Governor,,REP,Doug Burgum and Brent Sanford,565
Foster,Governor and Lt. Governor,,REP,Michael Coachman and Joel H Hylden,43
Foster,Governor and Lt. Governor,,REP,write-in,0
Foster,Insurance Commissioner,,,write-in,0
Foster,Insurance Commissioner,,DEM,Travisia Martin,157
Foster,Insurance Commissioner,,DEM,write-in,0
Foster,Insurance Commissioner,,REP,Jon Godfread,563
Foster,Insurance Commissioner,,REP,write-in,2
Foster,Judge of the District Court No. 1 Unexpired 4-Year Term Southeast,,,Cherie L Clark,718
Foster,Judge of the District Court No. 1 Unexpired 4-Year Term Southeast,,,write-in,5
Foster,Justice of the Supreme Court,,,Jon Jay Jensen,727
Foster,Justice of the Supreme Court,,,write-in,2
Foster,Mayor Glenfield,,,Iris Brandt,19
Foster,Mayor Glenfield,,,write-in,3
Foster,Mayor Grace City,,,Justin Topp,14
Foster,Mayor Grace City,,,write-in,0
Foster,Mayor McHenry,,,Jeanne Hoyt,12
Foster,Mayor McHenry,,,write-in,22
Foster,Park Board Member Carrington Park,,,Josh Kerbaugh,324
Foster,Park Board Member Carrington Park,,,Kris Skadberg,400
Foster,Park Board Member Carrington Park,,,write-in,10
Foster,Park Board Member Grace City Park,,,Rayette Lyman,13
Foster,Park Board Member Grace City Park,,,Sheri Ellingson,13
Foster,Park Board Member Grace City Park,,,write-in,0
Foster,Public Service Commissioner,,,write-in,0
Foster,Public Service Commissioner,,DEM,Casey D Buchmann,157
Foster,Public Service Commissioner,,DEM,write-in,0
Foster,Public Service Commissioner,,REP,Brian Kroshus,567
Foster,Public Service Commissioner,,REP,write-in,1
Foster,Publication of City Governing Body Minutes Carrington,,,No,22
Foster,Publication of City Governing Body Minutes Carrington,,,Yes,433
Foster,State Auditor,,,write-in,0
Foster,State Auditor,,DEM,Patrick Hart,161
Foster,State Auditor,,DEM,write-in,0
Foster,State Auditor,,REP,Joshua C Gallion,564
Foster,State Auditor,,REP,write-in,2
Foster,State Treasurer,,,write-in,0
Foster,State Treasurer,,DEM,Mark Haugen,161
Foster,State Treasurer,,DEM,write-in,0
Foster,State Treasurer,,REP,Daniel Johnston,268
Foster,State Treasurer,,REP,Thomas Beadle,295
Foster,State Treasurer,,REP,write-in,0
Foster,Superintendent of Public Instruction,,,Brandt J Dick,175
Foster,Superintendent of Public Instruction,,,Charles J Tuttle,151
Foster,Superintendent of Public Instruction,,,Kirsten Baesler,438
Foster,Superintendent of Public Instruction,,,write-in,3
Foster,U.S. House,1,,Steven James Peterson,3
Foster,U.S. House,1,,write-in,0
Foster,U.S. House,1,DEM,Roland Clifford Riemers,72
Foster,U.S. House,1,DEM,Zach Raknerud,84
Foster,U.S. House,1,DEM,write-in,0
Foster,U.S. House,1,REP,Kelly Armstrong,575
Foster,U.S. House,1,REP,write-in,1
Golden Valley,Beach School District Publication of School Board Governing Body Minutes. Beach School District,,,No,35
Golden Valley,Beach School District Publication of School Board Governing Body Minutes. Beach School District,,,Yes,401
Golden Valley,City School Board Member Beach School District,,,Carrie Zachmann,365
Golden Valley,City School Board Member Beach School District,,,write-in,19
Golden Valley,Council Member Beach,,,Jeanne Larson,195
Golden Valley,Council Member Beach,,,Lynn Swanson Puckett,223
Golden Valley,Council Member Beach,,,Nicholas Hegel,233
Golden Valley,Council Member Beach,,,write-in,60
Golden Valley,County Commissioner By District Golden Valley - District 2,,,Adam Smith,403
Golden Valley,County Commissioner By District Golden Valley - District 2,,,write-in,51
Golden Valley,Governor and Lt. Governor,,,DuWayne Hendrickson and<br/>Joshua Voytek,2
Golden Valley,Governor and Lt. Governor,,,write-in,0
Golden Valley,Governor and Lt. Governor,,DEM,Shelley Lenz and Ben Vig,41
Golden Valley,Governor and Lt. Governor,,DEM,write-in,0
Golden Valley,Governor and Lt. Governor,,REP,Doug Burgum and Brent Sanford,431
Golden Valley,Governor and Lt. Governor,,REP,Michael Coachman and Joel H Hylden,53
Golden Valley,Governor and Lt. Governor,,REP,write-in,0
Golden Valley,Insurance Commissioner,,,write-in,0
Golden Valley,Insurance Commissioner,,DEM,Travisia Martin,41
Golden Valley,Insurance Commissioner,,DEM,write-in,0
Golden Valley,Insurance Commissioner,,REP,Jon Godfread,422
Golden Valley,Insurance Commissioner,,REP,write-in,1
Golden Valley,Justice of the Supreme Court,,,Jon Jay Jensen,456
Golden Valley,Justice of the Supreme Court,,,write-in,4
Golden Valley,Park Board Member Beach City Park,,,Cassandra Szudera,240
Golden Valley,Park Board Member Beach City Park,,,Jennifer Erickson,255
Golden Valley,Park Board Member Beach City Park,,,Michael Braden,253
Golden Valley,Park Board Member Beach City Park,,,write-in,1
Golden Valley,Public Service Commissioner,,,write-in,0
Golden Valley,Public Service Commissioner,,DEM,Casey D Buchmann,41
Golden Valley,Public Service Commissioner,,DEM,write-in,0
Golden Valley,Public Service Commissioner,,REP,Brian Kroshus,423
Golden Valley,Public Service Commissioner,,REP,write-in,2
Golden Valley,Publication of City Governing Body Minutes Beach,,,No,19
Golden Valley,Publication of City Governing Body Minutes Beach,,,Yes,288
Golden Valley,Rural School Board Member Beach School District,,,Mike Van Horn,411
Golden Valley,Rural School Board Member Beach School District,,,write-in,4
Golden Valley,School Board Member Lone Tree School District,,,Jennifer Steiner,50
Golden Valley,School Board Member Lone Tree School District,,,Katie Zachmann,104
Golden Valley,School Board Member Lone Tree School District,,,write-in,32
Golden Valley,State Auditor,,,write-in,0
Golden Valley,State Auditor,,DEM,Patrick Hart,41
Golden Valley,State Auditor,,DEM,write-in,0
Golden Valley,State Auditor,,REP,Joshua C Gallion,423
Golden Valley,State Auditor,,REP,write-in,2
Golden Valley,State Treasurer,,,write-in,0
Golden Valley,State Treasurer,,DEM,Mark Haugen,41
Golden Valley,State Treasurer,,DEM,write-in,0
Golden Valley,State Treasurer,,REP,Daniel Johnston,255
Golden Valley,State Treasurer,,REP,Thomas Beadle,173
Golden Valley,State Treasurer,,REP,write-in,1
Golden Valley,Superintendent of Public Instruction,,,Brandt J Dick,138
Golden Valley,Superintendent of Public Instruction,,,Charles J Tuttle,84
Golden Valley,Superintendent of Public Instruction,,,Kirsten Baesler,276
Golden Valley,Superintendent of Public Instruction,,,write-in,0
Golden Valley,U.S. House,1,,Steven James Peterson,2
Golden Valley,U.S. House,1,,write-in,0
Golden Valley,U.S. House,1,DEM,Roland Clifford Riemers,12
Golden Valley,U.S. House,1,DEM,Zach Raknerud,22
Golden Valley,U.S. House,1,DEM,write-in,0
Golden Valley,U.S. House,1,REP,Kelly Armstrong,457
Golden Valley,U.S. House,1,REP,write-in,1
Grand Forks,Council Member Emerado,,,Terry Kramer,28
Grand Forks,Council Member Emerado,,,Tony Hanson,31
Grand Forks,Council Member Emerado,,,write-in,2
Grand Forks,Council Member Gilby,,,Emily Goodoien,60
Grand Forks,Council Member Gilby,,,Scott Hulst,63
Grand Forks,Council Member Gilby,,,write-in,6
Grand Forks,Council Member Grand Forks Ward 1,,,Danny Weigel,501
Grand Forks,Council Member Grand Forks Ward 1,,,write-in,7
Grand Forks,Council Member Grand Forks Ward 3,,,Bret Alan Weber,885
Grand Forks,Council Member Grand Forks Ward 3,,,write-in,46
Grand Forks,Council Member Grand Forks Ward 5,,,Kyle Kvamme,1988
Grand Forks,Council Member Grand Forks Ward 5,,,write-in,14
Grand Forks,Council Member Grand Forks Ward 7,,,Kenneth Vein,1408
Grand Forks,Council Member Grand Forks Ward 7,,,write-in,19
Grand Forks,Council Member Inkster,,,Linda Johnson,6
Grand Forks,Council Member Inkster,,,Raymond Umphrey,7
Grand Forks,Council Member Inkster,,,write-in,0
Grand Forks,Council Member Larimore Ward 1,,,Dominic Capp,87
Grand Forks,Council Member Larimore Ward 1,,,write-in,4
Grand Forks,Council Member Larimore Ward 2,,,Dusty Huntley,25
Grand Forks,Council Member Larimore Ward 2,,,Sarah Kallock,72
Grand Forks,Council Member Larimore Ward 2,,,write-in,0
Grand Forks,Council Member Larimore Ward 3,,,Joseph Voelker,114
Grand Forks,Council Member Larimore Ward 3,,,write-in,3
Grand Forks,Council Member Manvel,,,Mitch Meyer,54
Grand Forks,Council Member Manvel,,,Paul Osowski,71
Grand Forks,Council Member Manvel,,,write-in,6
Grand Forks,Council Member Niagara,,,Jack Halstenson,10
Grand Forks,Council Member Niagara,,,Tim Halstenson,12
Grand Forks,Council Member Niagara,,,write-in,0
Grand Forks,Council Member Northwood Ward 1,,,Aaron Bjerke,75
Grand Forks,Council Member Northwood Ward 1,,,write-in,0
Grand Forks,Council Member Northwood Ward 2,,,Sarah Ferguson,36
Grand Forks,Council Member Northwood Ward 2,,,write-in,0
Grand Forks,Council Member Northwood Ward 3,,,write-in,14
Grand Forks,Council Member Reynolds,,,Everett Severinson,17
Grand Forks,Council Member Reynolds,,,Linda Dockter,16
Grand Forks,Council Member Reynolds,,,write-in,2
Grand Forks,Council Member Thompson,,,Dean Larimer,191
Grand Forks,Council Member Thompson,,,Jeremy Hughes,194
Grand Forks,Council Member Thompson,,,write-in,15
Grand Forks,Council Member Unexpired 2-Year Term Inkster,,,Robert Hall,7
Grand Forks,Council Member Unexpired 2-Year Term Inkster,,,write-in,0
Grand Forks,Council Member Unexpired 2-Year Term Northwood Ward 2,,,write-in,3
Grand Forks,County Commissioner Grand Forks,,,Cynthia L Pic,9798
Grand Forks,County Commissioner Grand Forks,,,David Engen,9567
Grand Forks,County Commissioner Grand Forks,,,write-in,283
Grand Forks,"Director, Garrison Diversion Conservancy Grand Forks",,,Ken Vein,10662
Grand Forks,"Director, Garrison Diversion Conservancy Grand Forks",,,write-in,87
Grand Forks,Emerado City Publication of Minutes Emerado,,,No,8
Grand Forks,Emerado City Publication of Minutes Emerado,,,Yes,24
Grand Forks,Gilby City Publication of Minutes Gilby,,,No,20
Grand Forks,Gilby City Publication of Minutes Gilby,,,Yes,47
Grand Forks,Governor and Lt. Governor,,,DuWayne Hendrickson and<br/>Joshua Voytek,54
Grand Forks,Governor and Lt. Governor,,,write-in,0
Grand Forks,Governor and Lt. Governor,,DEM,Shelley Lenz and Ben Vig,3949
Grand Forks,Governor and Lt. Governor,,DEM,write-in,4
Grand Forks,Governor and Lt. Governor,,REP,Doug Burgum and Brent Sanford,7561
Grand Forks,Governor and Lt. Governor,,REP,Michael Coachman and Joel H Hylden,790
Grand Forks,Governor and Lt. Governor,,REP,write-in,4
Grand Forks,Grand Forks City Publication of Minutes Grand Forks,,,No,4398
Grand Forks,Grand Forks City Publication of Minutes Grand Forks,,,Yes,6631
Grand Forks,Grand Forks School Dist #1 Publication of Minutes Grand Forks School Dist,,,No,3510
Grand Forks,Grand Forks School Dist #1 Publication of Minutes Grand Forks School Dist,,,Yes,7707
Grand Forks,Inkster City Publication of Minutes Inkster,,,No,4
Grand Forks,Inkster City Publication of Minutes Inkster,,,Yes,3
Grand Forks,Insurance Commissioner,,,write-in,5
Grand Forks,Insurance Commissioner,,DEM,Travisia Martin,3863
Grand Forks,Insurance Commissioner,,DEM,write-in,3
Grand Forks,Insurance Commissioner,,REP,Jon Godfread,7359
Grand Forks,Insurance Commissioner,,REP,write-in,9
Grand Forks,Judge of the District Court No. 3 Unexpired 2-Year Term Northeast Central,,,Jay Knudson,11054
Grand Forks,Judge of the District Court No. 3 Unexpired 2-Year Term Northeast Central,,,write-in,39
Grand Forks,Judge of the District Court No. 4 Northeast Central,,,John A Thelen,11217
Grand Forks,Judge of the District Court No. 4 Northeast Central,,,write-in,33
Grand Forks,Judge of the District Court No. 5 Northeast Central,,,Jason McCarthy,11055
Grand Forks,Judge of the District Court No. 5 Northeast Central,,,write-in,28
Grand Forks,Justice of the Supreme Court,,,Jon Jay Jensen,11287
Grand Forks,Justice of the Supreme Court,,,write-in,36
Grand Forks,Larimore City Publication of Minutes Larimore,,,No,8
Grand Forks,Larimore City Publication of Minutes Larimore,,,Yes,307
Grand Forks,Manvel City Publication of Minutes Manvel,,,No,25
Grand Forks,Manvel City Publication of Minutes Manvel,,,Yes,50
Grand Forks,Mayor Gilby,,,Jeremy Dombrowski,11
Grand Forks,Mayor Gilby,,,Robert Mclean,59
Grand Forks,Mayor Gilby,,,write-in,1
Grand Forks,Mayor Grand Forks,,,Brandon Bochenski,5684
Grand Forks,Mayor Grand Forks,,,Michael R Brown,3641
Grand Forks,Mayor Grand Forks,,,Robin David,2000
Grand Forks,Mayor Grand Forks,,,write-in,132
Grand Forks,Mayor Inkster,,,Dennis Johnson,7
Grand Forks,Mayor Inkster,,,write-in,0
Grand Forks,Mayor Manvel,,,Justan Mishler,60
Grand Forks,Mayor Manvel,,,write-in,8
Grand Forks,Mayor Thompson,,,Desmond Sporbert,203
Grand Forks,Mayor Thompson,,,write-in,12
Grand Forks,Niagara City Publication of Minutes Niagara,,,No,3
Grand Forks,Niagara City Publication of Minutes Niagara,,,Yes,8
Grand Forks,Northwood City Election of City Council Members Northwood,,,No,46
Grand Forks,Northwood City Election of City Council Members Northwood,,,Yes,150
Grand Forks,Northwood City Home Rule Charter Amendment Northwood,,,No,20
Grand Forks,Northwood City Home Rule Charter Amendment Northwood,,,Yes,182
Grand Forks,Northwood City Minutes Publication Northwood,,,No,8
Grand Forks,Northwood City Minutes Publication Northwood,,,Yes,193
Grand Forks,Park Board Commissioner Grand Forks Park,,,Russell Kraft,8759
Grand Forks,Park Board Commissioner Grand Forks Park,,,write-in,1097
Grand Forks,Park Board Commissioner Manvel Park,,,Mark Gerszewski,57
Grand Forks,Park Board Commissioner Manvel Park,,,write-in,9
Grand Forks,Park Board Member Emerado Park,,,Angie Berger,32
Grand Forks,Park Board Member Emerado Park,,,write-in,5
Grand Forks,Park Board Member Larimore Park,,,Jeremy Nesdahl,247
Grand Forks,Park Board Member Larimore Park,,,Rocky Ritterman,181
Grand Forks,Park Board Member Larimore Park,,,Todd Elfman,137
Grand Forks,Park Board Member Larimore Park,,,write-in,5
Grand Forks,Park Board Member Manvel Park,,,Aaron Westphal,67
Grand Forks,Park Board Member Manvel Park,,,Russell Hatt,74
Grand Forks,Park Board Member Manvel Park,,,write-in,1
Grand Forks,Park Board Member Northwood Park,,,Jason Gader,150
Grand Forks,Park Board Member Northwood Park,,,Nikki Nelson,170
Grand Forks,Park Board Member Northwood Park,,,write-in,23
Grand Forks,Park Board Member Thompson Park,,,write-in,83
Grand Forks,Park Board Member Unexpired 2-Year Term Manvel Park,,,Cody Zeman,72
Grand Forks,Park Board Member Unexpired 2-Year Term Manvel Park,,,write-in,1
Grand Forks,Public Service Commissioner,,,write-in,5
Grand Forks,Public Service Commissioner,,DEM,Casey D Buchmann,3893
Grand Forks,Public Service Commissioner,,DEM,write-in,3
Grand Forks,Public Service Commissioner,,REP,Brian Kroshus,7221
Grand Forks,Public Service Commissioner,,REP,write-in,13
Grand Forks,Reynolds City Publication of Minutes Reynolds,,,No,4
Grand Forks,Reynolds City Publication of Minutes Reynolds,,,Yes,14
Grand Forks,School Board Member Grand Forks School Dist,,,Amber Flynn,6968
Grand Forks,School Board Member Grand Forks School Dist,,,Cynthia Shabb,6526
Grand Forks,School Board Member Grand Forks School Dist,,,Eric R Lunn,7878
Grand Forks,School Board Member Grand Forks School Dist,,,Jeff Manley,6463
Grand Forks,School Board Member Grand Forks School Dist,,,Lee Hensrud,5086
Grand Forks,School Board Member Grand Forks School Dist,,,write-in,156
Grand Forks,School Board Member Unexpired 2-Year Term Grand Forks School Dist,,,Brad Raymond,2050
Grand Forks,School Board Member Unexpired 2-Year Term Grand Forks School Dist,,,Christopher Douthit,4796
Grand Forks,School Board Member Unexpired 2-Year Term Grand Forks School Dist,,,Linda G Jenkins,2713
Grand Forks,School Board Member Unexpired 2-Year Term Grand Forks School Dist,,,write-in,45
Grand Forks,State Auditor,,,write-in,3
Grand Forks,State Auditor,,DEM,Patrick Hart,3896
Grand Forks,State Auditor,,DEM,write-in,2
Grand Forks,State Auditor,,REP,Joshua C Gallion,7199
Grand Forks,State Auditor,,REP,write-in,16
Grand Forks,State House,18,,write-in,5
Grand Forks,State House,18,DEM,Corey Mock,812
Grand Forks,State House,18,DEM,Jacqueline Hoffarth,714
Grand Forks,State House,18,DEM,write-in,2
Grand Forks,State House,18,REP,Cindy Kaml,940
Grand Forks,State House,18,REP,Steve Vetter,1036
Grand Forks,State House,18,REP,write-in,10
Grand Forks,State House,20,,write-in,1
Grand Forks,State House,20,DEM,John Martin Pederson,172
Grand Forks,State House,20,DEM,Zachary Blotsky,154
Grand Forks,State House,20,DEM,write-in,0
Grand Forks,State House,20,REP,Aaron McWilliams,215
Grand Forks,State House,20,REP,Jared Hagert,377
Grand Forks,State House,20,REP,Mike Beltz,297
Grand Forks,State House,20,REP,write-in,1
Grand Forks,State House,42,,write-in,0
Grand Forks,State House,42,DEM,Adam Fortwengler,355
Grand Forks,State House,42,DEM,Zachary Stephen Tomczik,369
Grand Forks,State House,42,DEM,write-in,1
Grand Forks,State House,42,REP,Claire Cory,538
Grand Forks,State House,42,REP,"Emily O""Brien",572
Grand Forks,State House,42,REP,write-in,3
Grand Forks,State Senate,18,,write-in,2
Grand Forks,State Senate,18,DEM,Kyle Thorson,894
Grand Forks,State Senate,18,DEM,write-in,3
Grand Forks,State Senate,18,REP,Scott Meyer,1124
Grand Forks,State Senate,18,REP,write-in,1
Grand Forks,State Senate,20,,write-in,1
Grand Forks,State Senate,20,DEM,Paul R Hanson,181
Grand Forks,State Senate,20,DEM,write-in,0
Grand Forks,State Senate,20,REP,Randy D Lemm,482
Grand Forks,State Senate,20,REP,write-in,1
Grand Forks,State Senate,42,,write-in,0
Grand Forks,State Senate,42,DEM,Melissa Gjellstad,420
Grand Forks,State Senate,42,DEM,write-in,0
Grand Forks,State Senate,42,REP,Curt Kreun,636
Grand Forks,State Senate,42,REP,write-in,2
Grand Forks,State Treasurer,,,write-in,5
Grand Forks,State Treasurer,,DEM,Mark Haugen,3926
Grand Forks,State Treasurer,,DEM,write-in,4
Grand Forks,State Treasurer,,REP,Daniel Johnston,3306
Grand Forks,State Treasurer,,REP,Thomas Beadle,4234
Grand Forks,State Treasurer,,REP,write-in,7
Grand Forks,Superintendent of Public Instruction,,,Brandt J Dick,2800
Grand Forks,Superintendent of Public Instruction,,,Charles J Tuttle,2427
Grand Forks,Superintendent of Public Instruction,,,Kirsten Baesler,6620
Grand Forks,Superintendent of Public Instruction,,,write-in,36
Grand Forks,Thompson City Home Rule Charter Thompson,,,No,91
Grand Forks,Thompson City Home Rule Charter Thompson,,,Yes,147
Grand Forks,Thompson City Publication of Minutes Thompson,,,No,74
Grand Forks,Thompson City Publication of Minutes Thompson,,,Yes,172
Grand Forks,"Thompson City Sales, Use and Gross Receipt Tax Thompson",,,No,94
Grand Forks,"Thompson City Sales, Use and Gross Receipt Tax Thompson",,,Yes,153
Grand Forks,U.S. House,1,,Steven James Peterson,54
Grand Forks,U.S. House,1,,write-in,2
Grand Forks,U.S. House,1,DEM,Roland Clifford Riemers,787
Grand Forks,U.S. House,1,DEM,Zach Raknerud,3218
Grand Forks,U.S. House,1,DEM,write-in,7
Grand Forks,U.S. House,1,REP,Kelly Armstrong,7604
Grand Forks,U.S. House,1,REP,write-in,44
Grant,Council Member Carson,,,Barb Kraft,50
Grant,Council Member Carson,,,Patrick Diehl,56
Grant,Council Member Carson,,,Tony Zenker,65
Grant,Council Member Carson,,,write-in,1
Grant,Council Member Elgin,,,Charles Oien,158
Grant,Council Member Elgin,,,Robert Mead,146
Grant,Council Member Elgin,,,Trisha Weishaar,143
Grant,Council Member Elgin,,,write-in,31
Grant,Council Member New Leipzig,,,Charles Snider,67
Grant,Council Member New Leipzig,,,Marissa Sprenger,68
Grant,Council Member New Leipzig,,,write-in,33
Grant,County Commissioner Grant - District 1,,,John Reinhardt,649
Grant,County Commissioner Grant - District 1,,,write-in,58
Grant,County Commissioner Grant - District 2,,,Al Roy Hochhalter,527
Grant,County Commissioner Grant - District 2,,,Myles Stoller,309
Grant,County Commissioner Grant - District 2,,,write-in,4
Grant,"Director, Southwest Water Authority Grant",,,Brian Roth,759
Grant,"Director, Southwest Water Authority Grant",,,write-in,11
Grant,Governor and Lt. Governor,,,DuWayne Hendrickson and<br/>Joshua Voytek,3
Grant,Governor and Lt. Governor,,,write-in,0
Grant,Governor and Lt. Governor,,DEM,Shelley Lenz and Ben Vig,74
Grant,Governor and Lt. Governor,,DEM,write-in,0
Grant,Governor and Lt. Governor,,REP,Doug Burgum and Brent Sanford,647
Grant,Governor and Lt. Governor,,REP,Michael Coachman and Joel H Hylden,91
Grant,Governor and Lt. Governor,,REP,write-in,0
Grant,Insurance Commissioner,,,write-in,0
Grant,Insurance Commissioner,,DEM,Travisia Martin,76
Grant,Insurance Commissioner,,DEM,write-in,0
Grant,Insurance Commissioner,,REP,Jon Godfread,675
Grant,Insurance Commissioner,,REP,write-in,1
Grant,Judge of the District Court No. 1 South Central,,,David Reich,722
Grant,Judge of the District Court No. 1 South Central,,,write-in,0
Grant,Judge of the District Court No. 2 Unexpired 2-Year Term South Central,,,Douglas Bahr,714
Grant,Judge of the District Court No. 2 Unexpired 2-Year Term South Central,,,write-in,0
Grant,Judge of the District Court No. 7 South Central,,,Bonnie Storbakken,232
Grant,Judge of the District Court No. 7 South Central,,,Gabrielle Goter,132
Grant,Judge of the District Court No. 7 South Central,,,Scott R Miller,348
Grant,Judge of the District Court No. 7 South Central,,,write-in,0
Grant,Judge of the District Court No. 8 South Central,,,James S Hill,700
Grant,Judge of the District Court No. 8 South Central,,,write-in,2
Grant,Justice of the Supreme Court,,,Jon Jay Jensen,719
Grant,Justice of the Supreme Court,,,write-in,0
Grant,Mayor Carson,,,Donna Vandenburg,73
Grant,Mayor Carson,,,write-in,10
Grant,Mayor New Leipzig,,,Benjamin Morgan,84
Grant,Mayor New Leipzig,,,write-in,3
Grant,Municipal Judge Carson,,,Julie Fischer,88
Grant,Municipal Judge Carson,,,write-in,0
Grant,Park Board Commissioner New Leipzig City,,,write-in,66
Grant,Park Board Member Carson City Park,,,Jean Hambrick,84
Grant,Park Board Member Carson City Park,,,write-in,4
Grant,Park Board Member Elgin Park,,,Bonnie Kautz,145
Grant,Park Board Member Elgin Park,,,write-in,59
Grant,Public Service Commissioner,,,write-in,0
Grant,Public Service Commissioner,,DEM,Casey D Buchmann,76
Grant,Public Service Commissioner,,DEM,write-in,0
Grant,Public Service Commissioner,,REP,Brian Kroshus,670
Grant,Public Service Commissioner,,REP,write-in,1
Grant,Publication of minutes - Carson Carson,,,No,2
Grant,Publication of minutes - Carson Carson,,,Yes,86
Grant,Publication of minutes - Elgin Elgin,,,No,9
Grant,Publication of minutes - Elgin Elgin,,,Yes,179
Grant,Publication of minutes - New Leipzig New Leipzig,,,No,6
Grant,Publication of minutes - New Leipzig New Leipzig,,,Yes,84
Grant,State Auditor,,,write-in,0
Grant,State Auditor,,DEM,Patrick Hart,76
Grant,State Auditor,,DEM,write-in,0
Grant,State Auditor,,REP,Joshua C Gallion,668
Grant,State Auditor,,REP,write-in,1
Grant,State Treasurer,,,write-in,0
Grant,State Treasurer,,DEM,Mark Haugen,77
Grant,State Treasurer,,DEM,write-in,1
Grant,State Treasurer,,REP,Daniel Johnston,330
Grant,State Treasurer,,REP,Thomas Beadle,375
Grant,State Treasurer,,REP,write-in,0
Grant,Superintendent of Public Instruction,,,Brandt J Dick,227
Grant,Superintendent of Public Instruction,,,Charles J Tuttle,189
Grant,Superintendent of Public Instruction,,,Kirsten Baesler,414
Grant,Superintendent of Public Instruction,,,write-in,0
Grant,U.S. House,1,,Steven James Peterson,3
Grant,U.S. House,1,,write-in,0
Grant,U.S. House,1,DEM,Roland Clifford Riemers,44
Grant,U.S. House,1,DEM,Zach Raknerud,34
Grant,U.S. House,1,DEM,write-in,2
Grant,U.S. House,1,REP,Kelly Armstrong,713
Grant,U.S. House,1,REP,write-in,1
Griggs,2% City Sales Tax Binford,,,No,19
Griggs,2% City Sales Tax Binford,,,Yes,44
Griggs,5 mill Road Levy 20 - Griggs,,,No,90
Griggs,5 mill Road Levy 20 - Griggs,,,Yes,708
Griggs,Council Member Binford,,,write-in,93
Griggs,Council Member Cooperstown,,,Steven Perry,206
Griggs,Council Member Cooperstown,,,Timothy Erickson,214
Griggs,Council Member Cooperstown,,,write-in,46
Griggs,Council Member Hannaford,,,Donna Hankins,43
Griggs,Council Member Hannaford,,,Russell Fliflet,40
Griggs,Council Member Hannaford,,,write-in,3
Griggs,County Commissioner By District Griggs - District 2,,,Stephanie Edland,141
Griggs,County Commissioner By District Griggs - District 2,,,write-in,9
Griggs,County Commissioner By District Griggs - District 4,,,Scott Tranby,106
Griggs,County Commissioner By District Griggs - District 4,,,Troy Olson,47
Griggs,County Commissioner By District Griggs - District 4,,,write-in,0
Griggs,"Director, Garrison Diversion Conservancy Griggs",,,Loren Alfson,300
Griggs,"Director, Garrison Diversion Conservancy Griggs",,,Nicole Boote,455
Griggs,"Director, Garrison Diversion Conservancy Griggs",,,write-in,2
Griggs,Governor and Lt. Governor,,,DuWayne Hendrickson and<br/>Joshua Voytek,4
Griggs,Governor and Lt. Governor,,,write-in,0
Griggs,Governor and Lt. Governor,,DEM,Shelley Lenz and Ben Vig,176
Griggs,Governor and Lt. Governor,,DEM,write-in,0
Griggs,Governor and Lt. Governor,,REP,Doug Burgum and Brent Sanford,552
Griggs,Governor and Lt. Governor,,REP,Michael Coachman and Joel H Hylden,36
Griggs,Governor and Lt. Governor,,REP,write-in,1
Griggs,Home Rule Charter Binford,,,No,20
Griggs,Home Rule Charter Binford,,,Yes,43
Griggs,Insurance Commissioner,,,write-in,1
Griggs,Insurance Commissioner,,DEM,Travisia Martin,172
Griggs,Insurance Commissioner,,DEM,write-in,0
Griggs,Insurance Commissioner,,REP,Jon Godfread,535
Griggs,Insurance Commissioner,,REP,write-in,0
Griggs,Judge of the District Court No. 1 Unexpired 4-Year Term Southeast,,,Cherie L Clark,663
Griggs,Judge of the District Court No. 1 Unexpired 4-Year Term Southeast,,,write-in,0
Griggs,Justice of the Supreme Court,,,Jon Jay Jensen,666
Griggs,Justice of the Supreme Court,,,write-in,1
Griggs,Mayor Binford,,,write-in,48
Griggs,Mayor Hannaford,,,Debra Dahl,39
Griggs,Mayor Hannaford,,,write-in,6
Griggs,None Bidding Extension Service 20 - Griggs,,,No,221
Griggs,None Bidding Extension Service 20 - Griggs,,,Yes,570
Griggs,PUBLICATION OF CITY MINUTES Cooperstown,,,No,23
Griggs,PUBLICATION OF CITY MINUTES Cooperstown,,,Yes,273
Griggs,Park Board Member Binford Park,,,write-in,37
Griggs,Park Board Member Cooperstown Park,,,write-in,94
Griggs,Park Board Member Hannaford Park,,,Jason Grover,46
Griggs,Park Board Member Hannaford Park,,,write-in,0
Griggs,Park Board Member Unexpired 2-Year Term Cooperstown Park,,,write-in,19
Griggs,Public Service Commissioner,,,write-in,1
Griggs,Public Service Commissioner,,DEM,Casey D Buchmann,173
Griggs,Public Service Commissioner,,DEM,write-in,0
Griggs,Public Service Commissioner,,REP,Brian Kroshus,530
Griggs,Public Service Commissioner,,REP,write-in,1
Griggs,State Auditor,,,write-in,1
Griggs,State Auditor,,DEM,Patrick Hart,171
Griggs,State Auditor,,DEM,write-in,0
Griggs,State Auditor,,REP,Joshua C Gallion,526
Griggs,State Auditor,,REP,write-in,0
Griggs,State Treasurer,,,write-in,1
Griggs,State Treasurer,,DEM,Mark Haugen,173
Griggs,State Treasurer,,DEM,write-in,0
Griggs,State Treasurer,,REP,Daniel Johnston,238
Griggs,State Treasurer,,REP,Thomas Beadle,302
Griggs,State Treasurer,,REP,write-in,0
Griggs,Superintendent of Public Instruction,,,Brandt J Dick,175
Griggs,Superintendent of Public Instruction,,,Charles J Tuttle,110
Griggs,Superintendent of Public Instruction,,,Kirsten Baesler,442
Griggs,Superintendent of Public Instruction,,,write-in,1
Griggs,U.S. House,1,,Steven James Peterson,4
Griggs,U.S. House,1,,write-in,0
Griggs,U.S. House,1,DEM,Roland Clifford Riemers,98
Griggs,U.S. House,1,DEM,Zach Raknerud,73
Griggs,U.S. House,1,DEM,write-in,0
Griggs,U.S. House,1,REP,Kelly Armstrong,545
Griggs,U.S. House,1,REP,write-in,0
Hettinger,County Commissioner Hettinger - District 1,,,write-in,120
Hettinger,County Commissioner Hettinger - District 3,,,Thomas Geerts,603
Hettinger,County Commissioner Hettinger - District 3,,,write-in,16
Hettinger,Governor and Lt. Governor,,,DuWayne Hendrickson and<br/>Joshua Voytek,7
Hettinger,Governor and Lt. Governor,,,write-in,0
Hettinger,Governor and Lt. Governor,,DEM,Shelley Lenz and Ben Vig,82
Hettinger,Governor and Lt. Governor,,DEM,write-in,0
Hettinger,Governor and Lt. Governor,,REP,Doug Burgum and Brent Sanford,518
Hettinger,Governor and Lt. Governor,,REP,Michael Coachman and Joel H Hylden,70
Hettinger,Governor and Lt. Governor,,REP,write-in,1
Hettinger,Insurance Commissioner,,,write-in,0
Hettinger,Insurance Commissioner,,DEM,Travisia Martin,85
Hettinger,Insurance Commissioner,,DEM,write-in,0
Hettinger,Insurance Commissioner,,REP,Jon Godfread,558
Hettinger,Insurance Commissioner,,REP,write-in,2
Hettinger,Justice of the Supreme Court,,,Jon Jay Jensen,572
Hettinger,Justice of the Supreme Court,,,write-in,3
Hettinger,Public Service Commissioner,,,write-in,0
Hettinger,Public Service Commissioner,,DEM,Casey D Buchmann,85
Hettinger,Public Service Commissioner,,DEM,write-in,0
Hettinger,Public Service Commissioner,,REP,Brian Kroshus,552
Hettinger,Public Service Commissioner,,REP,write-in,2
Hettinger,State Auditor,,,write-in,0
Hettinger,State Auditor,,DEM,Patrick Hart,85
Hettinger,State Auditor,,DEM,write-in,0
Hettinger,State Auditor,,REP,Joshua C Gallion,554
Hettinger,State Auditor,,REP,write-in,2
Hettinger,State House,36,,write-in,0
Hettinger,State House,36,DEM,Linda Weiss,37
Hettinger,State House,36,DEM,Steve Krebs,37
Hettinger,State House,36,DEM,write-in,0
Hettinger,State House,36,REP,Luke Simons,200
Hettinger,State House,36,REP,Mike Schatz,247
Hettinger,State House,36,REP,write-in,3
Hettinger,State Senate,36,,write-in,0
Hettinger,State Senate,36,DEM,write-in,3
Hettinger,State Senate,36,REP,Jay Elkin,205
Hettinger,State Senate,36,REP,Steven Hanel,67
Hettinger,State Senate,36,REP,write-in,0
Hettinger,State Treasurer,,,write-in,0
Hettinger,State Treasurer,,DEM,Mark Haugen,85
Hettinger,State Treasurer,,DEM,write-in,1
Hettinger,State Treasurer,,REP,Daniel Johnston,269
Hettinger,State Treasurer,,REP,Thomas Beadle,296
Hettinger,State Treasurer,,REP,write-in,0
Hettinger,Superintendent of Public Instruction,,,Brandt J Dick,147
Hettinger,Superintendent of Public Instruction,,,Charles J Tuttle,127
Hettinger,Superintendent of Public Instruction,,,Kirsten Baesler,367
Hettinger,Superintendent of Public Instruction,,,write-in,1
Hettinger,U.S. House,1,,Steven James Peterson,7
Hettinger,U.S. House,1,,write-in,0
Hettinger,U.S. House,1,DEM,Roland Clifford Riemers,46
Hettinger,U.S. House,1,DEM,Zach Raknerud,40
Hettinger,U.S. House,1,DEM,write-in,0
Hettinger,U.S. House,1,REP,Kelly Armstrong,575
Hettinger,U.S. House,1,REP,write-in,4
Kidder,Council Member Dawson,,,Randy Kinev,16
Kidder,Council Member Dawson,,,Trent Anderson,21
Kidder,Council Member Dawson,,,write-in,10
Kidder,Council Member Pettibone,,,write-in,22
Kidder,Council Member Robinson,,,Dustin Peterson,18
Kidder,Council Member Robinson,,,write-in,0
Kidder,Council Member Steele,,,Jason Rutledge,142
Kidder,Council Member Steele,,,Jerrud Larson,162
Kidder,Council Member Steele,,,Jorey Kartes,157
Kidder,Council Member Steele,,,write-in,15
Kidder,Council Member Tappen,,,Dale Dockter,47
Kidder,Council Member Tappen,,,Doug Kinnischtzke,45
Kidder,Council Member Tappen,,,write-in,14
Kidder,Council Member Tuttle,,,Delila Larson,17
Kidder,Council Member Tuttle,,,Doreen Holm,16
Kidder,Council Member Tuttle,,,write-in,15
Kidder,County Commissioner Kidder,,,Dan P Mittleider,322
Kidder,County Commissioner Kidder,,,Donnie Rudolph,271
Kidder,County Commissioner Kidder,,,write-in,201
Kidder,Dawson City Publication of Minutes Dawson,,,No,5
Kidder,Dawson City Publication of Minutes Dawson,,,Yes,18
Kidder,Governor and Lt. Governor,,,DuWayne Hendrickson and<br/>Joshua Voytek,5
Kidder,Governor and Lt. Governor,,,write-in,0
Kidder,Governor and Lt. Governor,,DEM,Shelley Lenz and Ben Vig,104
Kidder,Governor and Lt. Governor,,DEM,write-in,0
Kidder,Governor and Lt. Governor,,REP,Doug Burgum and Brent Sanford,569
Kidder,Governor and Lt. Governor,,REP,Michael Coachman and Joel H Hylden,85
Kidder,Governor and Lt. Governor,,REP,write-in,1
Kidder,Insurance Commissioner,,,write-in,0
Kidder,Insurance Commissioner,,DEM,Travisia Martin,105
Kidder,Insurance Commissioner,,DEM,write-in,0
Kidder,Insurance Commissioner,,REP,Jon Godfread,580
Kidder,Insurance Commissioner,,REP,write-in,1
Kidder,Judge of the District Court No. 1 Unexpired 4-Year Term Southeast,,,Cherie L Clark,664
Kidder,Judge of the District Court No. 1 Unexpired 4-Year Term Southeast,,,write-in,3
Kidder,Justice of the Supreme Court,,,Jon Jay Jensen,669
Kidder,Justice of the Supreme Court,,,write-in,5
Kidder,Mayor Dawson,,,Kenneth Albrecht Sr,16
Kidder,Mayor Dawson,,,write-in,9
Kidder,Mayor Pettibone,,,write-in,23
Kidder,Mayor Robinson,,,William Bender,9
Kidder,Mayor Robinson,,,write-in,9
Kidder,Municipal Judge Steele,,,Ladonna Draeger,158
Kidder,Municipal Judge Steele,,,write-in,2
Kidder,Park Board Member Steele Park,,,James Simmers,122
Kidder,Park Board Member Steele Park,,,write-in,111
Kidder,Pettibone City Publication of Minutes Pettibone,,,No,15
Kidder,Pettibone City Publication of Minutes Pettibone,,,Yes,13
Kidder,Public Service Commissioner,,,write-in,0
Kidder,Public Service Commissioner,,DEM,Casey D Buchmann,104
Kidder,Public Service Commissioner,,DEM,write-in,0
Kidder,Public Service Commissioner,,REP,Brian Kroshus,576
Kidder,Public Service Commissioner,,REP,write-in,1
Kidder,Robinson City Publication of Minutes Robinson,,,No,10
Kidder,Robinson City Publication of Minutes Robinson,,,Yes,6
Kidder,State Auditor,,,write-in,0
Kidder,State Auditor,,DEM,Patrick Hart,106
Kidder,State Auditor,,DEM,write-in,0
Kidder,State Auditor,,REP,Joshua C Gallion,571
Kidder,State Auditor,,REP,write-in,1
Kidder,State House,14,,write-in,0
Kidder,State House,14,DEM,Mark Nelson,97
Kidder,State House,14,DEM,Richard Lynne,87
Kidder,State House,14,DEM,write-in,2
Kidder,State House,14,REP,Jon Nelson,512
Kidder,State House,14,REP,Robin Weisz,547
Kidder,State House,14,REP,write-in,5
Kidder,State Senate,14,,write-in,0
Kidder,State Senate,14,DEM,Jenna Vanhorne,97
Kidder,State Senate,14,DEM,write-in,1
Kidder,State Senate,14,REP,Jerry Klein,593
Kidder,State Senate,14,REP,write-in,6
Kidder,State Treasurer,,,write-in,0
Kidder,State Treasurer,,DEM,Mark Haugen,106
Kidder,State Treasurer,,DEM,write-in,0
Kidder,State Treasurer,,REP,Daniel Johnston,311
Kidder,State Treasurer,,REP,Thomas Beadle,275
Kidder,State Treasurer,,REP,write-in,4
Kidder,Steele City Publication of Minutes Steele,,,No,7
Kidder,Steele City Publication of Minutes Steele,,,Yes,173
Kidder,Superintendent of Public Instruction,,,Brandt J Dick,193
Kidder,Superintendent of Public Instruction,,,Charles J Tuttle,199
Kidder,Superintendent of Public Instruction,,,Kirsten Baesler,360
Kidder,Superintendent of Public Instruction,,,write-in,3
Kidder,Tappen City Publication of Minutes Tappen,,,No,6
Kidder,Tappen City Publication of Minutes Tappen,,,Yes,54
Kidder,Tuttle City Publication of Minutes Tuttle,,,No,18
Kidder,Tuttle City Publication of Minutes Tuttle,,,Yes,9
Kidder,U.S. House,1,,Steven James Peterson,5
Kidder,U.S. House,1,,write-in,0
Kidder,U.S. House,1,DEM,Roland Clifford Riemers,49
Kidder,U.S. House,1,DEM,Zach Raknerud,52
Kidder,U.S. House,1,DEM,write-in,0
Kidder,U.S. House,1,REP,Kelly Armstrong,610
Kidder,U.S. House,1,REP,write-in,4
LaMoure,Alderperson Berlin,,,write-in,10
LaMoure,Council Member Dickey,,,write-in,10
LaMoure,Council Member Edgeley,,,Michelle Berry,169
LaMoure,Council Member Edgeley,,,Preston Sitzmann,105
LaMoure,Council Member Edgeley,,,Richard Gutschmidt,166
LaMoure,Council Member Edgeley,,,write-in,40
LaMoure,Council Member Jud,,,Darrel Hertel,19
LaMoure,Council Member Jud,,,Darrel Pfaff,17
LaMoure,Council Member Jud,,,write-in,4
LaMoure,Council Member Kulm,,,Benjamin Pesek,83
LaMoure,Council Member Kulm,,,Joshua Gackle,97
LaMoure,Council Member Kulm,,,Nathan Klusmann,78
LaMoure,Council Member Kulm,,,write-in,15
LaMoure,Council Member LaMoure,,,Steve Sandness,123
LaMoure,Council Member LaMoure,,,write-in,89
LaMoure,Council Member Marion,,,Bryant Noot,37
LaMoure,Council Member Marion,,,Isaac Van Enk,34
LaMoure,Council Member Marion,,,write-in,23
LaMoure,Council Member Unexpired 2-Year Term LaMoure,,,Brad Nogosek,179
LaMoure,Council Member Unexpired 2-Year Term LaMoure,,,write-in,3
LaMoure,Council Member Verona,,,Barb Nannenga,11
LaMoure,Council Member Verona,,,Jeff Werder,8
LaMoure,Council Member Verona,,,write-in,1
LaMoure,County Commissioner By District LaMoure - District 1,,,Lee Miller,200
LaMoure,County Commissioner By District LaMoure - District 1,,,write-in,6
LaMoure,County Commissioner By District LaMoure - District 3,,,Keith Heidinger,143
LaMoure,County Commissioner By District LaMoure - District 3,,,Michael E. Taszarek,144
LaMoure,County Commissioner By District LaMoure - District 3,,,write-in,24
LaMoure,County Commissioner By District LaMoure - District 5,,,Jason Weigel,160
LaMoure,County Commissioner By District LaMoure - District 5,,,Marvin Schulz,145
LaMoure,County Commissioner By District LaMoure - District 5,,,write-in,6
LaMoure,"Director, Garrison Diversion Conservancy LaMoure",,,Bruce Klein,1088
LaMoure,"Director, Garrison Diversion Conservancy LaMoure",,,write-in,20
LaMoure,Emergency Services Communications(9-1-1)Fee Increase 23 - LaMoure,,,No,484
LaMoure,Emergency Services Communications(9-1-1)Fee Increase 23 - LaMoure,,,Yes,707
LaMoure,Governor and Lt. Governor,,,DuWayne Hendrickson and<br/>Joshua Voytek,8
LaMoure,Governor and Lt. Governor,,,write-in,26
LaMoure,Governor and Lt. Governor,,DEM,Shelley Lenz and Ben Vig,225
LaMoure,Governor and Lt. Governor,,DEM,write-in,21
LaMoure,Governor and Lt. Governor,,REP,Doug Burgum and Brent Sanford,884
LaMoure,Governor and Lt. Governor,,REP,Michael Coachman and Joel H Hylden,51
LaMoure,Governor and Lt. Governor,,REP,write-in,39
LaMoure,Insurance Commissioner,,,write-in,13
LaMoure,Insurance Commissioner,,DEM,Travisia Martin,221
LaMoure,Insurance Commissioner,,DEM,write-in,26
LaMoure,Insurance Commissioner,,REP,Jon Godfread,862
LaMoure,Insurance Commissioner,,REP,write-in,21
LaMoure,Judge of the District Court No. 1 Unexpired 4-Year Term Southeast,,,Cherie L Clark,1055
LaMoure,Judge of the District Court No. 1 Unexpired 4-Year Term Southeast,,,write-in,33
LaMoure,Justice of the Supreme Court,,,Jon Jay Jensen,1072
LaMoure,Justice of the Supreme Court,,,write-in,51
LaMoure,Mayor Berlin,,,write-in,8
LaMoure,Mayor Dickey,,,write-in,4
LaMoure,Park Board Member Edgeley Park,,,Jessica Irey,175
LaMoure,Park Board Member Edgeley Park,,,Melissa Entzi,178
LaMoure,Park Board Member Edgeley Park,,,write-in,44
LaMoure,Park Board Member Jud Park,,,Alan Nitschke,22
LaMoure,Park Board Member Jud Park,,,Lisa Nitschke,19
LaMoure,Park Board Member Jud Park,,,write-in,1
LaMoure,Park Board Member Kulm Park,,,Krista Lundgren,120
LaMoure,Park Board Member Kulm Park,,,Rodney Kinzler,120
LaMoure,Park Board Member Kulm Park,,,write-in,3
LaMoure,Park Board Member LaMoure Park,,,write-in,80
LaMoure,Park Board Member Marion Park,,,"Annetta ""Netta"" Ihli",40
LaMoure,Park Board Member Marion Park,,,write-in,22
LaMoure,Park Board Member Unexpired 2-Year Term Edgeley Park,,,Amber Brummund,187
LaMoure,Park Board Member Unexpired 2-Year Term Edgeley Park,,,write-in,3
LaMoure,Public Service Commissioner,,,write-in,13
LaMoure,Public Service Commissioner,,DEM,Casey D Buchmann,224
LaMoure,Public Service Commissioner,,DEM,write-in,26
LaMoure,Public Service Commissioner,,REP,Brian Kroshus,866
LaMoure,Public Service Commissioner,,REP,write-in,12
LaMoure,Publishing of minute for City of Edgeley Edgeley,,,No,18
LaMoure,Publishing of minute for City of Edgeley Edgeley,,,Yes,175
LaMoure,Publishing of minutes for City of Berlin Berlin,,,No,8
LaMoure,Publishing of minutes for City of Berlin Berlin,,,Yes,3
LaMoure,Publishing of minutes for City of Dickey Dickey,,,No,7
LaMoure,Publishing of minutes for City of Dickey Dickey,,,Yes,5
LaMoure,Publishing of minutes for City of Jud Jud,,,No,16
LaMoure,Publishing of minutes for City of Jud Jud,,,Yes,7
LaMoure,Publishing of minutes for City of Kulm Kulm,,,No,2
LaMoure,Publishing of minutes for City of Kulm Kulm,,,Yes,130
LaMoure,Publishing of minutes for City of LaMoure LaMoure,,,No,13
LaMoure,Publishing of minutes for City of LaMoure LaMoure,,,Yes,177
LaMoure,Publishing of minutes for City of Marion Marion,,,No,3
LaMoure,Publishing of minutes for City of Marion Marion,,,Yes,46
LaMoure,Publishing of minutes for the City of Verona Verona,,,No,3
LaMoure,Publishing of minutes for the City of Verona Verona,,,Yes,9
LaMoure,State Auditor,,,write-in,13
LaMoure,State Auditor,,DEM,Patrick Hart,221
LaMoure,State Auditor,,DEM,write-in,26
LaMoure,State Auditor,,REP,Joshua C Gallion,856
LaMoure,State Auditor,,REP,write-in,26
LaMoure,State House,28,,write-in,12
LaMoure,State House,28,DEM,Rebecca Phillips,67
LaMoure,State House,28,DEM,write-in,1
LaMoure,State House,28,REP,Jeffery J Magrum,175
LaMoure,State House,28,REP,Jim Grueneich,266
LaMoure,State House,28,REP,Mike Brandenburg,284
LaMoure,State House,28,REP,write-in,36
LaMoure,State Senate,28,,write-in,4
LaMoure,State Senate,28,DEM,write-in,6
LaMoure,State Senate,28,REP,Robert S Erbele,354
LaMoure,State Senate,28,REP,write-in,3
LaMoure,State Treasurer,,,write-in,13
LaMoure,State Treasurer,,DEM,Mark Haugen,226
LaMoure,State Treasurer,,DEM,write-in,26
LaMoure,State Treasurer,,REP,Daniel Johnston,439
LaMoure,State Treasurer,,REP,Thomas Beadle,435
LaMoure,State Treasurer,,REP,write-in,39
LaMoure,Superintendent of Public Instruction,,,Brandt J Dick,242
LaMoure,Superintendent of Public Instruction,,,Charles J Tuttle,211
LaMoure,Superintendent of Public Instruction,,,Kirsten Baesler,669
LaMoure,Superintendent of Public Instruction,,,write-in,64
LaMoure,U.S. House,1,,Steven James Peterson,8
LaMoure,U.S. House,1,,write-in,26
LaMoure,U.S. House,1,DEM,Roland Clifford Riemers,113
LaMoure,U.S. House,1,DEM,Zach Raknerud,107
LaMoure,U.S. House,1,DEM,write-in,39
LaMoure,U.S. House,1,REP,Kelly Armstrong,873
LaMoure,U.S. House,1,REP,write-in,18
Logan,Council Member Napoleon,,,April Nogosek,91
Logan,Council Member Napoleon,,,Arron Marquart,180
Logan,Council Member Napoleon,,,Clark Haas,257
Logan,Council Member Napoleon,,,Rod Kleppe,240
Logan,Council Member Napoleon,,,write-in,12
Logan,Council Member Unexpired 2-Year Term Napoleon,,,Bob Humann,251
Logan,Council Member Unexpired 2-Year Term Napoleon,,,write-in,7
Logan,County Commissioner at Large Logan,,,Charlie Johs,315
Logan,County Commissioner at Large Logan,,,Eric Hoberg,196
Logan,County Commissioner at Large Logan,,,John W Wald,275
Logan,County Commissioner at Large Logan,,,Loren L Muller,285
Logan,County Commissioner at Large Logan,,,Rick Marquart,138
Logan,County Commissioner at Large Logan,,,Ruben Auch,215
Logan,County Commissioner at Large Logan,,,Troy Nogosek,49
Logan,County Commissioner at Large Logan,,,write-in,4
Logan,Governor and Lt. Governor,,,DuWayne Hendrickson and<br/>Joshua Voytek,3
Logan,Governor and Lt. Governor,,,write-in,0
Logan,Governor and Lt. Governor,,DEM,Shelley Lenz and Ben Vig,37
Logan,Governor and Lt. Governor,,DEM,write-in,0
Logan,Governor and Lt. Governor,,REP,Doug Burgum and Brent Sanford,584
Logan,Governor and Lt. Governor,,REP,Michael Coachman and Joel H Hylden,106
Logan,Governor and Lt. Governor,,REP,write-in,1
Logan,Insurance Commissioner,,,write-in,0
Logan,Insurance Commissioner,,DEM,Travisia Martin,35
Logan,Insurance Commissioner,,DEM,write-in,0
Logan,Insurance Commissioner,,REP,Jon Godfread,580
Logan,Insurance Commissioner,,REP,write-in,2
Logan,Judge of the District Court No. 1 Unexpired 4-Year Term Southeast,,,Cherie L Clark,612
Logan,Judge of the District Court No. 1 Unexpired 4-Year Term Southeast,,,write-in,3
Logan,Justice of the Supreme Court,,,Jon Jay Jensen,621
Logan,Justice of the Supreme Court,,,write-in,2
Logan,Mayor Napoleon,,,Todd Moos,249
Logan,Mayor Napoleon,,,write-in,15
Logan,Municipal Judge Napoleon,,,Amanda Hayen,113
Logan,Municipal Judge Napoleon,,,Anton Braun,184
Logan,Municipal Judge Napoleon,,,write-in,1
Logan,Park Board Member Napoleon Park,,,write-in,147
Logan,Public Service Commissioner,,,write-in,0
Logan,Public Service Commissioner,,DEM,Casey D Buchmann,37
Logan,Public Service Commissioner,,DEM,write-in,0
Logan,Public Service Commissioner,,REP,Brian Kroshus,581
Logan,Public Service Commissioner,,REP,write-in,2
Logan,Publication of minutes Napoleon,,,No,11
Logan,Publication of minutes Napoleon,,,Yes,285
Logan,State Auditor,,,write-in,0
Logan,State Auditor,,DEM,Patrick Hart,37
Logan,State Auditor,,DEM,write-in,0
Logan,State Auditor,,REP,Joshua C Gallion,583
Logan,State Auditor,,REP,write-in,1
Logan,State House,28,,write-in,0
Logan,State House,28,DEM,Rebecca Phillips,37
Logan,State House,28,DEM,write-in,3
Logan,State House,28,REP,Jeffery J Magrum,466
Logan,State House,28,REP,Jim Grueneich,270
Logan,State House,28,REP,Mike Brandenburg,420
Logan,State House,28,REP,write-in,5
Logan,State Senate,28,,write-in,0
Logan,State Senate,28,DEM,write-in,6
Logan,State Senate,28,REP,Robert S Erbele,577
Logan,State Senate,28,REP,write-in,16
Logan,State Treasurer,,,write-in,0
Logan,State Treasurer,,DEM,Mark Haugen,38
Logan,State Treasurer,,DEM,write-in,0
Logan,State Treasurer,,REP,Daniel Johnston,303
Logan,State Treasurer,,REP,Thomas Beadle,296
Logan,State Treasurer,,REP,write-in,2
Logan,Superintendent of Public Instruction,,,Brandt J Dick,165
Logan,Superintendent of Public Instruction,,,Charles J Tuttle,127
Logan,Superintendent of Public Instruction,,,Kirsten Baesler,413
Logan,Superintendent of Public Instruction,,,write-in,2
Logan,U.S. House,1,,Steven James Peterson,3
Logan,U.S. House,1,,write-in,0
Logan,U.S. House,1,DEM,Roland Clifford Riemers,13
Logan,U.S. House,1,DEM,Zach Raknerud,23
Logan,U.S. House,1,DEM,write-in,0
Logan,U.S. House,1,REP,Kelly Armstrong,629
Logan,U.S. House,1,REP,write-in,3
McHenry,Commissioner Towner,,,Jessica Bailey,120
McHenry,Commissioner Towner,,,Shawn Anderson,135
McHenry,Commissioner Towner,,,write-in,17
McHenry,Commissioner Velva,,,Benjamin Zietz,226
McHenry,Commissioner Velva,,,Ken Kitelinger,155
McHenry,Commissioner Velva,,,Thomas Foley,155
McHenry,Commissioner Velva,,,write-in,29
McHenry,County Commissioner By District McHenry - District 2,,,Bryan Bruner,263
McHenry,County Commissioner By District McHenry - District 2,,,write-in,19
McHenry,County Commissioner By District McHenry - District 4,,,Allen O Thompson,124
McHenry,County Commissioner By District McHenry - District 4,,,Brady Nelson,226
McHenry,County Commissioner By District McHenry - District 4,,,write-in,6
McHenry,County Commissioner By District Unexpired 2-Year Term McHenry - District 1,,,Armann Anderson,169
McHenry,County Commissioner By District Unexpired 2-Year Term McHenry - District 1,,,Bruce Degenstein,107
McHenry,County Commissioner By District Unexpired 2-Year Term McHenry - District 1,,,Keith Cederstrom,131
McHenry,County Commissioner By District Unexpired 2-Year Term McHenry - District 1,,,write-in,2
McHenry,Governor and Lt. Governor,,,DuWayne Hendrickson and<br/>Joshua Voytek,10
McHenry,Governor and Lt. Governor,,,write-in,0
McHenry,Governor and Lt. Governor,,DEM,Shelley Lenz and Ben Vig,294
McHenry,Governor and Lt. Governor,,DEM,write-in,2
McHenry,Governor and Lt. Governor,,REP,Doug Burgum and Brent Sanford,1288
McHenry,Governor and Lt. Governor,,REP,Michael Coachman and Joel H Hylden,114
McHenry,Governor and Lt. Governor,,REP,write-in,0
McHenry,Insurance Commissioner,,,write-in,0
McHenry,Insurance Commissioner,,DEM,Travisia Martin,305
McHenry,Insurance Commissioner,,DEM,write-in,0
McHenry,Insurance Commissioner,,REP,Jon Godfread,1316
McHenry,Insurance Commissioner,,REP,write-in,2
McHenry,Judge of the District Court No. 2 Unexpired 4-Year Term Northeast,,,Michael Hurly,1543
McHenry,Judge of the District Court No. 2 Unexpired 4-Year Term Northeast,,,write-in,15
McHenry,Judge of the District Court No. 3 Northeast,,,Anthony Swain Benson,1560
McHenry,Judge of the District Court No. 3 Northeast,,,write-in,8
McHenry,Judge of the District Court No. 4 Northeast,,,Donovan Foughty,1543
McHenry,Judge of the District Court No. 4 Northeast,,,write-in,6
McHenry,Judge of the District Court No. 6 Unexpired 4-Year Term Northeast,,,Barbara L Whelan,1540
McHenry,Judge of the District Court No. 6 Unexpired 4-Year Term Northeast,,,write-in,5
McHenry,Justice of the Supreme Court,,,Jon Jay Jensen,1563
McHenry,Justice of the Supreme Court,,,write-in,5
McHenry,Park Board Member Velva Park,,,Deanna Frantsen,274
McHenry,Park Board Member Velva Park,,,Gerald Lohnes II,244
McHenry,Park Board Member Velva Park,,,write-in,11
McHenry,Public Service Commissioner,,,write-in,0
McHenry,Public Service Commissioner,,DEM,Casey D Buchmann,305
McHenry,Public Service Commissioner,,DEM,write-in,1
McHenry,Public Service Commissioner,,REP,Brian Kroshus,1315
McHenry,Public Service Commissioner,,REP,write-in,2
McHenry,Publication of City Governing Body Minutes Velva,,,No,9
McHenry,Publication of City Governing Body Minutes Velva,,,Yes,299
McHenry,Publication of the City Governing Body Minutes Towner,,,No,13
McHenry,Publication of the City Governing Body Minutes Towner,,,Yes,160
McHenry,State Auditor,,,write-in,0
McHenry,State Auditor,,DEM,Patrick Hart,304
McHenry,State Auditor,,DEM,write-in,0
McHenry,State Auditor,,REP,Joshua C Gallion,1308
McHenry,State Auditor,,REP,write-in,0
McHenry,State House,6,,write-in,0
McHenry,State House,6,DEM,Arnold W Langehaug,259
McHenry,State House,6,DEM,Trygve Hammer,263
McHenry,State House,6,DEM,write-in,0
McHenry,State House,6,REP,Paul J Thomas,1176
McHenry,State House,6,REP,Richard Anderson,1130
McHenry,State House,6,REP,write-in,3
McHenry,State Senate,6,,write-in,0
McHenry,State Senate,6,DEM,Morris Holen Jr,314
McHenry,State Senate,6,DEM,write-in,1
McHenry,State Senate,6,REP,Shawn Vedaa,1361
McHenry,State Senate,6,REP,write-in,3
McHenry,State Treasurer,,,write-in,1
McHenry,State Treasurer,,DEM,Mark Haugen,309
McHenry,State Treasurer,,DEM,write-in,0
McHenry,State Treasurer,,REP,Daniel Johnston,610
McHenry,State Treasurer,,REP,Thomas Beadle,676
McHenry,State Treasurer,,REP,write-in,0
McHenry,Superintendent of Public Instruction,,,Brandt J Dick,448
McHenry,Superintendent of Public Instruction,,,Charles J Tuttle,343
McHenry,Superintendent of Public Instruction,,,Kirsten Baesler,900
McHenry,Superintendent of Public Instruction,,,write-in,1
McHenry,U.S. House,1,,Steven James Peterson,9
McHenry,U.S. House,1,,write-in,0
McHenry,U.S. House,1,DEM,Roland Clifford Riemers,128
McHenry,U.S. House,1,DEM,Zach Raknerud,168
McHenry,U.S. House,1,DEM,write-in,0
McHenry,U.S. House,1,REP,Kelly Armstrong,1362
McHenry,U.S. House,1,REP,write-in,0
McIntosh,Ashley CITY MEASURE No. 001 Ashley,,,No,16
McIntosh,Ashley CITY MEASURE No. 001 Ashley,,,Yes,212
McIntosh,Council Member Ashley,,,write-in,155
McIntosh,Council Member Unexpired 2-Year Term Ashley,,,write-in,59
McIntosh,Council Member Wishek,,,Chris Opsahl,163
McIntosh,Council Member Wishek,,,Jay Kamletz,164
McIntosh,Council Member Wishek,,,Kathleen Welder,220
McIntosh,Council Member Wishek,,,write-in,220
McIntosh,County Commissioner McIntosh,,,Neal Schnieder,384
McIntosh,County Commissioner McIntosh,,,Perry Turner,509
McIntosh,County Commissioner McIntosh,,,write-in,3
McIntosh,Governor and Lt. Governor,,,DuWayne Hendrickson and<br/>Joshua Voytek,2
McIntosh,Governor and Lt. Governor,,,write-in,0
McIntosh,Governor and Lt. Governor,,DEM,Shelley Lenz and Ben Vig,67
McIntosh,Governor and Lt. Governor,,DEM,write-in,0
McIntosh,Governor and Lt. Governor,,REP,Doug Burgum and Brent Sanford,737
McIntosh,Governor and Lt. Governor,,REP,Michael Coachman and Joel H Hylden,59
McIntosh,Governor and Lt. Governor,,REP,write-in,0
McIntosh,Insurance Commissioner,,,write-in,1
McIntosh,Insurance Commissioner,,DEM,Travisia Martin,66
McIntosh,Insurance Commissioner,,DEM,write-in,0
McIntosh,Insurance Commissioner,,REP,Jon Godfread,723
McIntosh,Insurance Commissioner,,REP,write-in,1
McIntosh,Judge of the District Court No. 1 Unexpired 4-Year Term Southeast,,,Cherie L Clark,805
McIntosh,Judge of the District Court No. 1 Unexpired 4-Year Term Southeast,,,write-in,0
McIntosh,Justice of the Supreme Court,,,Jon Jay Jensen,806
McIntosh,Justice of the Supreme Court,,,write-in,0
McIntosh,Mayor Unexpired 2-Year Term Ashley,,,Kyle Thiery,199
McIntosh,Mayor Unexpired 2-Year Term Ashley,,,write-in,20
McIntosh,Park Board Member Ashley Park,,,Brenda Meyer,189
McIntosh,Park Board Member Ashley Park,,,Jason Schmidt,191
McIntosh,Park Board Member Ashley Park,,,write-in,2
McIntosh,Park Board Member Wishek Park,,,Robin Opsahl,228
McIntosh,Park Board Member Wishek Park,,,Taisha Volk,253
McIntosh,Park Board Member Wishek Park,,,write-in,20
McIntosh,Public Service Commissioner,,,write-in,1
McIntosh,Public Service Commissioner,,DEM,Casey D Buchmann,68
McIntosh,Public Service Commissioner,,DEM,write-in,0
McIntosh,Public Service Commissioner,,REP,Brian Kroshus,726
McIntosh,Public Service Commissioner,,REP,write-in,1
McIntosh,State Auditor,,,write-in,1
McIntosh,State Auditor,,DEM,Patrick Hart,68
McIntosh,State Auditor,,DEM,write-in,0
McIntosh,State Auditor,,REP,Joshua C Gallion,716
McIntosh,State Auditor,,REP,write-in,1
McIntosh,State House,28,,write-in,1
McIntosh,State House,28,DEM,Rebecca Phillips,68
McIntosh,State House,28,DEM,write-in,1
McIntosh,State House,28,REP,Jeffery J Magrum,428
McIntosh,State House,28,REP,Jim Grueneich,437
McIntosh,State House,28,REP,Mike Brandenburg,563
McIntosh,State House,28,REP,write-in,1
McIntosh,State Senate,28,,write-in,1
McIntosh,State Senate,28,DEM,write-in,4
McIntosh,State Senate,28,REP,Robert S Erbele,732
McIntosh,State Senate,28,REP,write-in,3
McIntosh,State Treasurer,,,write-in,1
McIntosh,State Treasurer,,DEM,Mark Haugen,67
McIntosh,State Treasurer,,DEM,write-in,0
McIntosh,State Treasurer,,REP,Daniel Johnston,344
McIntosh,State Treasurer,,REP,Thomas Beadle,384
McIntosh,State Treasurer,,REP,write-in,0
McIntosh,Superintendent of Public Instruction,,,Brandt J Dick,189
McIntosh,Superintendent of Public Instruction,,,Charles J Tuttle,145
McIntosh,Superintendent of Public Instruction,,,Kirsten Baesler,527
McIntosh,Superintendent of Public Instruction,,,write-in,0
McIntosh,U.S. House,1,,Steven James Peterson,2
McIntosh,U.S. House,1,,write-in,0
McIntosh,U.S. House,1,DEM,Roland Clifford Riemers,39
McIntosh,U.S. House,1,DEM,Zach Raknerud,30
McIntosh,U.S. House,1,DEM,write-in,0
McIntosh,U.S. House,1,REP,Kelly Armstrong,742
McIntosh,U.S. House,1,REP,write-in,4
McIntosh,Wishek CITY MEASURE No. 001 Wishek,,,No,33
McIntosh,Wishek CITY MEASURE No. 001 Wishek,,,Yes,261
McKenzie,Council Member Alexander,,,Terrille Jacobson,58
McKenzie,Council Member Alexander,,,Wesley Peterson,62
McKenzie,Council Member Alexander,,,write-in,2
McKenzie,Council Member Arnegard,,,Lowell Mosby,43
McKenzie,Council Member Arnegard,,,Richard Schreiber,37
McKenzie,Council Member Arnegard,,,write-in,11
McKenzie,Council Member Unexpired 2-Year Term Arnegard,,,write-in,39
McKenzie,Council Member Unexpired 2-Year Term Watford City,,,Heidi Brenna,408
McKenzie,Council Member Unexpired 2-Year Term Watford City,,,write-in,6
McKenzie,Council Member Watford City,,,Bethany Devlin,384
McKenzie,Council Member Watford City,,,Kenneth Liebel,395
McKenzie,Council Member Watford City,,,Matthew Beard,400
McKenzie,Council Member Watford City,,,write-in,3
McKenzie,County Commissioner McKenzie,,,Clint Wold,468
McKenzie,County Commissioner McKenzie,,,Craig Hystad,473
McKenzie,County Commissioner McKenzie,,,H Wayne Olson,466
McKenzie,County Commissioner McKenzie,,,Jeremy Olson,447
McKenzie,County Commissioner McKenzie,,,Joel Brown,583
McKenzie,County Commissioner McKenzie,,,Joseph Kummer,257
McKenzie,County Commissioner McKenzie,,,Lee Geiger,324
McKenzie,County Commissioner McKenzie,,,Marco Pelton,301
McKenzie,County Commissioner McKenzie,,,Nathan Thibodeau,167
McKenzie,County Commissioner McKenzie,,,Nevin Dahl,254
McKenzie,County Commissioner McKenzie,,,Paula Slow,150
McKenzie,County Commissioner McKenzie,,,Shanon Maki,203
McKenzie,County Commissioner McKenzie,,,Thomas McCabe,720
McKenzie,County Commissioner McKenzie,,,Tim Transtrom,416
McKenzie,County Commissioner McKenzie,,,write-in,6
McKenzie,"Director, Garrison Diversion Conservancy McKenzie",,,Richard Cayko,1456
McKenzie,"Director, Garrison Diversion Conservancy McKenzie",,,write-in,2
McKenzie,Governor and Lt. Governor,,,DuWayne Hendrickson and<br/>Joshua Voytek,8
McKenzie,Governor and Lt. Governor,,,write-in,0
McKenzie,Governor and Lt. Governor,,DEM,Shelley Lenz and Ben Vig,156
McKenzie,Governor and Lt. Governor,,DEM,write-in,0
McKenzie,Governor and Lt. Governor,,REP,Doug Burgum and Brent Sanford,1552
McKenzie,Governor and Lt. Governor,,REP,Michael Coachman and Joel H Hylden,117
McKenzie,Governor and Lt. Governor,,REP,write-in,4
McKenzie,Home Rule Charter City of Arnegard Arnegard,,,No,31
McKenzie,Home Rule Charter City of Arnegard Arnegard,,,Yes,31
McKenzie,Insurance Commissioner,,,write-in,2
McKenzie,Insurance Commissioner,,DEM,Travisia Martin,157
McKenzie,Insurance Commissioner,,DEM,write-in,0
McKenzie,Insurance Commissioner,,REP,Jon Godfread,1403
McKenzie,Insurance Commissioner,,REP,write-in,3
McKenzie,Judge of the District Court No. 2 Northwest,,,Benjamen J Johnson,1485
McKenzie,Judge of the District Court No. 2 Northwest,,,write-in,2
McKenzie,Judge of the District Court No. 3 Northwest,,,Paul W Jacobson,1485
McKenzie,Judge of the District Court No. 3 Northwest,,,write-in,2
McKenzie,Judge of the District Court No. 4 Northwest,,,Robin Schmidt,1558
McKenzie,Judge of the District Court No. 4 Northwest,,,write-in,12
McKenzie,Justice of the Supreme Court,,,Jon Jay Jensen,1505
McKenzie,Justice of the Supreme Court,,,write-in,3
McKenzie,Mayor Alexander,,,Kenneth Willcox,67
McKenzie,Mayor Alexander,,,write-in,0
McKenzie,McKenzie County Senior Citizens Mill Levy 27 - McKenzie,,,No,964
McKenzie,McKenzie County Senior Citizens Mill Levy 27 - McKenzie,,,Yes,855
McKenzie,Park Board Member Alexander Park,,,write-in,8
McKenzie,Park Board Member Arnegard Park,,,Margaret Carter,47
McKenzie,Park Board Member Arnegard Park,,,write-in,18
McKenzie,Park Board Member Unexpired 2-Year Term Alexander Park,,,write-in,4
McKenzie,Park Board Member Watford City Park,,,Justin Johnsrud,422
McKenzie,Park Board Member Watford City Park,,,write-in,22
McKenzie,Public Service Commissioner,,,write-in,2
McKenzie,Public Service Commissioner,,DEM,Casey D Buchmann,160
McKenzie,Public Service Commissioner,,DEM,write-in,0
McKenzie,Public Service Commissioner,,REP,Brian Kroshus,1402
McKenzie,Public Service Commissioner,,REP,write-in,4
McKenzie,Publication of Minutes Alexander,,,No,13
McKenzie,Publication of Minutes Alexander,,,Yes,59
McKenzie,Publication of Minutes Alexander SD#2,,,No,21
McKenzie,Publication of Minutes Alexander SD#2,,,Yes,161
McKenzie,Publication of Minutes Arnegard,,,No,9
McKenzie,Publication of Minutes Arnegard,,,Yes,54
McKenzie,Publication of Minutes McKenzie SD#1,,,No,156
McKenzie,Publication of Minutes McKenzie SD#1,,,Yes,1312
McKenzie,Publication of Minutes Watford City,,,No,50
McKenzie,Publication of Minutes Watford City,,,Yes,449
McKenzie,Publication of Minutes Yellowstone SD#14,,,No,22
McKenzie,Publication of Minutes Yellowstone SD#14,,,Yes,95
McKenzie,School Board Member Alexander SD#2,,,Christopher Cloud,83
McKenzie,School Board Member Alexander SD#2,,,Christopher Link,135
McKenzie,School Board Member Alexander SD#2,,,Darcy Delaney,145
McKenzie,School Board Member Alexander SD#2,,,write-in,46
McKenzie,School Board Member Area 1 McKenzie SD#1,,,Dawn Maki,1196
McKenzie,School Board Member Area 1 McKenzie SD#1,,,write-in,8
McKenzie,School Board Member Area 6 McKenzie SD#1,,,Heather Wisness,1222
McKenzie,School Board Member Area 6 McKenzie SD#1,,,write-in,7
McKenzie,School Board Member Areas 2 & 3 McKenzie SD#1,,,Virginia Ceynar,1253
McKenzie,School Board Member Areas 2 & 3 McKenzie SD#1,,,write-in,1
McKenzie,School Board Member Areas 4 & 5 McKenzie SD#1,,,Lisa Samuelson,1207
McKenzie,School Board Member Areas 4 & 5 McKenzie SD#1,,,write-in,4
McKenzie,School Board Member Yellowstone SD#14,,,Jason Rau,91
McKenzie,School Board Member Yellowstone SD#14,,,Jessica Cayko,87
McKenzie,School Board Member Yellowstone SD#14,,,write-in,0
McKenzie,State Auditor,,,write-in,2
McKenzie,State Auditor,,DEM,Patrick Hart,158
McKenzie,State Auditor,,DEM,write-in,0
McKenzie,State Auditor,,REP,Joshua C Gallion,1402
McKenzie,State Auditor,,REP,write-in,5
McKenzie,State House,4,,write-in,0
McKenzie,State House,4,DEM,Hunter L Andes,24
McKenzie,State House,4,DEM,Thomasina Mandan,43
McKenzie,State House,4,DEM,write-in,0
McKenzie,State House,4,REP,Clayton Fegley,9
McKenzie,State House,4,REP,Terry Burton Jones,8
McKenzie,State House,4,REP,write-in,0
McKenzie,State Senate,4,,write-in,0
McKenzie,State Senate,4,DEM,Lisa Finley-DeVille,44
McKenzie,State Senate,4,DEM,write-in,0
McKenzie,State Senate,4,REP,Jordan Kannianen,10
McKenzie,State Senate,4,REP,write-in,0
McKenzie,State Treasurer,,,write-in,2
McKenzie,State Treasurer,,DEM,Mark Haugen,160
McKenzie,State Treasurer,,DEM,write-in,1
McKenzie,State Treasurer,,REP,Daniel Johnston,763
McKenzie,State Treasurer,,REP,Thomas Beadle,677
McKenzie,State Treasurer,,REP,write-in,1
McKenzie,Superintendent of Public Instruction,,,Brandt J Dick,310
McKenzie,Superintendent of Public Instruction,,,Charles J Tuttle,354
McKenzie,Superintendent of Public Instruction,,,Kirsten Baesler,1041
McKenzie,Superintendent of Public Instruction,,,write-in,5
McKenzie,U.S. House,1,,Steven James Peterson,8
McKenzie,U.S. House,1,,write-in,0
McKenzie,U.S. House,1,DEM,Roland Clifford Riemers,85
McKenzie,U.S. House,1,DEM,Zach Raknerud,75
McKenzie,U.S. House,1,DEM,write-in,1
McKenzie,U.S. House,1,REP,Kelly Armstrong,1524
McKenzie,U.S. House,1,REP,write-in,3
McLean,5 Mill Levy-Max Park Board Max,,,No,42
McLean,5 Mill Levy-Max Park Board Max,,,Yes,69
McLean,Commission President Underwood,,,write-in,83
McLean,Commission President Washburn,,,Larry Thomas,321
McLean,Commission President Washburn,,,write-in,25
McLean,Commissioner Turtle Lake,,,David D. Freborg,125
McLean,Commissioner Turtle Lake,,,Jeramie Love,131
McLean,Commissioner Turtle Lake,,,write-in,0
McLean,Commissioner Underwood,,,Daniel Saxberg,160
McLean,Commissioner Underwood,,,Paul Cabrera,186
McLean,Commissioner Underwood,,,write-in,21
McLean,Commissioner Washburn,,,write-in,111
McLean,Commissioner Wilton,,,Lisa Hedstrom,108
McLean,Commissioner Wilton,,,William Kary,112
McLean,Commissioner Wilton,,,write-in,13
McLean,Council Member Benedict,,,Matthew Kielman,13
McLean,Council Member Benedict,,,write-in,7
McLean,Council Member Butte,,,Larry Riba,27
McLean,Council Member Butte,,,Manuel Alves,23
McLean,Council Member Butte,,,Mirissa Anderson,11
McLean,Council Member Butte,,,write-in,6
McLean,Council Member Coleharbor,,,write-in,28
McLean,Council Member Garrison,,,Billee Jo Iglehart,274
McLean,Council Member Garrison,,,Curtis Olson,348
McLean,Council Member Garrison,,,David Jeffrey,222
McLean,Council Member Garrison,,,John Matthews,200
McLean,Council Member Garrison,,,Marcus Matthews,152
McLean,Council Member Garrison,,,write-in,15
McLean,Council Member Max,,,Kathryn Huettl,43
McLean,Council Member Max,,,Nathan Schneider,66
McLean,Council Member Max,,,Samuel Adams,88
McLean,Council Member Max,,,write-in,7
McLean,Council Member Mercer,,,Kathrin Volochenko,13
McLean,Council Member Mercer,,,Kenneth Thomsen,28
McLean,Council Member Mercer,,,Randy Zinke,26
McLean,Council Member Mercer,,,write-in,14
McLean,Council Member Riverdale,,,Garth Zimbelman,87
McLean,Council Member Riverdale,,,Richard Cheatley,87
McLean,Council Member Riverdale,,,write-in,11
McLean,County Commissioner McLean - District 2,,,Barry Suydam,2588
McLean,County Commissioner McLean - District 2,,,write-in,35
McLean,County Commissioner Unexpired 2-Year Term McLean - District 1,,,Steve Cottingham,2534
McLean,County Commissioner Unexpired 2-Year Term McLean - District 1,,,write-in,65
McLean,Garrison-Max Amb Dist Increase Benedict,,,No,8
McLean,Garrison-Max Amb Dist Increase Benedict,,,Yes,6
McLean,Garrison-Max Amb Dist Increase Garrison,,,No,185
McLean,Garrison-Max Amb Dist Increase Garrison,,,Yes,250
McLean,Garrison-Max Amb Dist Increase Max,,,No,51
McLean,Garrison-Max Amb Dist Increase Max,,,Yes,60
McLean,Governor and Lt. Governor,,,DuWayne Hendrickson and<br/>Joshua Voytek,8
McLean,Governor and Lt. Governor,,,write-in,0
McLean,Governor and Lt. Governor,,DEM,Shelley Lenz and Ben Vig,446
McLean,Governor and Lt. Governor,,DEM,write-in,0
McLean,Governor and Lt. Governor,,REP,Doug Burgum and Brent Sanford,2074
McLean,Governor and Lt. Governor,,REP,Michael Coachman and Joel H Hylden,328
McLean,Governor and Lt. Governor,,REP,write-in,1
McLean,Insurance Commissioner,,,write-in,0
McLean,Insurance Commissioner,,DEM,Travisia Martin,442
McLean,Insurance Commissioner,,DEM,write-in,0
McLean,Insurance Commissioner,,REP,Jon Godfread,2189
McLean,Insurance Commissioner,,REP,write-in,7
McLean,Judge of the District Court No. 1 South Central,,,David Reich,2551
McLean,Judge of the District Court No. 1 South Central,,,write-in,8
McLean,Judge of the District Court No. 2 Unexpired 2-Year Term South Central,,,Douglas Bahr,2534
McLean,Judge of the District Court No. 2 Unexpired 2-Year Term South Central,,,write-in,9
McLean,Judge of the District Court No. 7 South Central,,,Bonnie Storbakken,1142
McLean,Judge of the District Court No. 7 South Central,,,Gabrielle Goter,424
McLean,Judge of the District Court No. 7 South Central,,,Scott R Miller,934
McLean,Judge of the District Court No. 7 South Central,,,write-in,6
McLean,Judge of the District Court No. 8 South Central,,,James S Hill,2518
McLean,Judge of the District Court No. 8 South Central,,,write-in,9
McLean,Justice of the Supreme Court,,,Jon Jay Jensen,2552
McLean,Justice of the Supreme Court,,,write-in,8
McLean,Mayor Benedict,,,Becky Tebby,10
McLean,Mayor Benedict,,,write-in,0
McLean,Mayor Butte,,,write-in,26
McLean,Municipal Judge Garrison,,,Arlan Swanson,392
McLean,Municipal Judge Garrison,,,write-in,2
McLean,Municipal Judge Max,,,Donald Krebsbach,94
McLean,Municipal Judge Max,,,write-in,8
McLean,Municipal Judge Riverdale,,,Toni Ganje,95
McLean,Municipal Judge Riverdale,,,write-in,5
McLean,Municipal Judge Washburn,,,Lauren Hunze,370
McLean,Municipal Judge Washburn,,,write-in,4
McLean,Municipal Judge Wilton,,,Jamie Schurhamer,134
McLean,Municipal Judge Wilton,,,write-in,4
McLean,Park Board Member Garrison Park,,,Amber Klingbeil,349
McLean,Park Board Member Garrison Park,,,Heidi Smith,345
McLean,Park Board Member Garrison Park,,,Tyson Smedstad Ziemann,327
McLean,Park Board Member Garrison Park,,,write-in,29
McLean,Park Board Member Max Park,,,Heather Lee,90
McLean,Park Board Member Max Park,,,Tia Kittleson,101
McLean,Park Board Member Max Park,,,write-in,4
McLean,Park Board Member Riverdale Park,,,Amy Orth,95
McLean,Park Board Member Riverdale Park,,,write-in,59
McLean,Park Board Member Turtle Lake Park,,,Brad Hahn,134
McLean,Park Board Member Turtle Lake Park,,,Roby Anderson,126
McLean,Park Board Member Turtle Lake Park,,,write-in,2
McLean,Park Board Member Underwood Park,,,Tyler Hotten,215
McLean,Park Board Member Underwood Park,,,write-in,32
McLean,Park Board Member Unexpired 2-Year Term Underwood Park,,,Alix Auck,175
McLean,Park Board Member Unexpired 2-Year Term Underwood Park,,,Brenda Schantz,196
McLean,Park Board Member Unexpired 2-Year Term Underwood Park,,,write-in,1
McLean,Park Board Member Washburn Park,,,Judith Beaudry,330
McLean,Park Board Member Washburn Park,,,Mark Lelm,327
McLean,Park Board Member Washburn Park,,,write-in,29
McLean,Park Board Member Wilton Park,,,write-in,55
McLean,Public Service Commissioner,,,write-in,0
McLean,Public Service Commissioner,,DEM,Casey D Buchmann,445
McLean,Public Service Commissioner,,DEM,write-in,0
McLean,Public Service Commissioner,,REP,Brian Kroshus,2175
McLean,Public Service Commissioner,,REP,write-in,4
McLean,Publication of Minutes-Benedict Benedict,,,No,2
McLean,Publication of Minutes-Benedict Benedict,,,Yes,13
McLean,Publication of Minutes-Butte Butte,,,No,3
McLean,Publication of Minutes-Butte Butte,,,Yes,32
McLean,Publication of Minutes-Coleharbor Coleharbor,,,No,1
McLean,Publication of Minutes-Coleharbor Coleharbor,,,Yes,20
McLean,Publication of Minutes-Garrison Garrison,,,No,26
McLean,Publication of Minutes-Garrison Garrison,,,Yes,415
McLean,Publication of Minutes-Max Max,,,No,5
McLean,Publication of Minutes-Max Max,,,Yes,108
McLean,Publication of Minutes-Mercer Mercer,,,No,6
McLean,Publication of Minutes-Mercer Mercer,,,Yes,35
McLean,Publication of Minutes-Riverdale Riverdale,,,No,50
McLean,Publication of Minutes-Riverdale Riverdale,,,Yes,60
McLean,Publication of Minutes-Ruso Ruso,,,No,0
McLean,Publication of Minutes-Ruso Ruso,,,Yes,0
McLean,Publication of Minutes-Turtle Lake Turtle Lake,,,No,6
McLean,Publication of Minutes-Turtle Lake Turtle Lake,,,Yes,145
McLean,Publication of Minutes-Underwood Underwood,,,No,8
McLean,Publication of Minutes-Underwood Underwood,,,Yes,233
McLean,Publication of Minutes-Washburn Washburn,,,No,16
McLean,Publication of Minutes-Washburn Washburn,,,Yes,375
McLean,Publication of Minutes-Wilton Wilton,,,No,7
McLean,Publication of Minutes-Wilton Wilton,,,Yes,151
McLean,Sales & Use Tax Administrator Wilton,,,write-in,61
McLean,State Auditor,,,write-in,0
McLean,State Auditor,,DEM,Patrick Hart,443
McLean,State Auditor,,DEM,write-in,0
McLean,State Auditor,,REP,Joshua C Gallion,2181
McLean,State Auditor,,REP,write-in,4
McLean,State House,4,,write-in,0
McLean,State House,4,DEM,Hunter L Andes,78
McLean,State House,4,DEM,Thomasina Mandan,72
McLean,State House,4,DEM,write-in,0
McLean,State House,4,REP,Clayton Fegley,242
McLean,State House,4,REP,Terry Burton Jones,231
McLean,State House,4,REP,write-in,3
McLean,State House,8,,write-in,0
McLean,State House,8,DEM,Kathrin Volochenko,309
McLean,State House,8,DEM,Linda Babb,296
McLean,State House,8,DEM,write-in,0
McLean,State House,8,REP,Bob Wheeler,831
McLean,State House,8,REP,Dave Nehring,1157
McLean,State House,8,REP,David Andahl,1094
McLean,State House,8,REP,Jeff Delzer,1026
McLean,State House,8,REP,write-in,1
McLean,State Senate,4,,write-in,0
McLean,State Senate,4,DEM,Lisa Finley-DeVille,87
McLean,State Senate,4,DEM,write-in,1
McLean,State Senate,4,REP,Jordan Kannianen,270
McLean,State Senate,4,REP,write-in,0
McLean,State Senate,8,,write-in,0
McLean,State Senate,8,DEM,write-in,33
McLean,State Senate,8,REP,Howard C Anderson Jr,1974
McLean,State Senate,8,REP,write-in,9
McLean,State Treasurer,,,write-in,0
McLean,State Treasurer,,DEM,Mark Haugen,444
McLean,State Treasurer,,DEM,write-in,0
McLean,State Treasurer,,REP,Daniel Johnston,1118
McLean,State Treasurer,,REP,Thomas Beadle,1135
McLean,State Treasurer,,REP,write-in,4
McLean,Superintendent of Public Instruction,,,Brandt J Dick,1146
McLean,Superintendent of Public Instruction,,,Charles J Tuttle,493
McLean,Superintendent of Public Instruction,,,Kirsten Baesler,1267
McLean,Superintendent of Public Instruction,,,write-in,5
McLean,U.S. House,1,,Steven James Peterson,7
McLean,U.S. House,1,,write-in,0
McLean,U.S. House,1,DEM,Roland Clifford Riemers,211
McLean,U.S. House,1,DEM,Zach Raknerud,219
McLean,U.S. House,1,DEM,write-in,1
McLean,U.S. House,1,REP,Kelly Armstrong,2294
McLean,U.S. House,1,REP,write-in,12
Mercer,Commissioner Hazen,,,Casey Stern,571
Mercer,Commissioner Hazen,,,Danial Pillar,587
Mercer,Commissioner Hazen,,,write-in,3
Mercer,Council Member Beulah Ward 1,,,write-in,22
Mercer,Council Member Beulah Ward 2,,,Ben Lenzen,172
Mercer,Council Member Beulah Ward 2,,,write-in,9
Mercer,Council Member Beulah Ward 3,,,Adrienne Biles,46
Mercer,Council Member Beulah Ward 3,,,Eric Hoffer,122
Mercer,Council Member Beulah Ward 3,,,Kurt Zazeski,34
Mercer,Council Member Beulah Ward 3,,,write-in,0
Mercer,Council Member Beulah Ward 4,,,Sean Cheatley,82
Mercer,Council Member Beulah Ward 4,,,write-in,2
Mercer,Council Member Golden Valley,,,Kenton Richau,40
Mercer,Council Member Golden Valley,,,Shannon Mckay,43
Mercer,Council Member Golden Valley,,,write-in,1
Mercer,Council Member Pick City,,,Brandon Reiser,33
Mercer,Council Member Pick City,,,Kelwayne Westman,30
Mercer,Council Member Pick City,,,Rita Skraba,18
Mercer,Council Member Pick City,,,write-in,0
Mercer,Council Member Stanton,,,Marvin Ballensky,93
Mercer,Council Member Stanton,,,write-in,83
Mercer,Council Member Unexpired 2-Year Term Golden Valley,,,Rodney Brecht,44
Mercer,Council Member Unexpired 2-Year Term Golden Valley,,,write-in,1
Mercer,Council Member Unexpired 2-Year Term Zap,,,write-in,13
Mercer,Council Member Zap,,,Joseph Grammond,37
Mercer,Council Member Zap,,,Rhonda Pfenning,31
Mercer,Council Member Zap,,,write-in,15
Mercer,County Commissioner at Large Mercer,,,Dwight Berger,1190
Mercer,County Commissioner at Large Mercer,,,Liza Taylor,1411
Mercer,County Commissioner at Large Mercer,,,Travis Frey,1634
Mercer,County Commissioner at Large Mercer,,,write-in,20
Mercer,County Commissioner at Large Unexpired 2-Year Term Mercer,,,Eric Brost,817
Mercer,County Commissioner at Large Unexpired 2-Year Term Mercer,,,Gene Wolf,1475
Mercer,County Commissioner at Large Unexpired 2-Year Term Mercer,,,write-in,10
Mercer,Governor and Lt. Governor,,,DuWayne Hendrickson and<br/>Joshua Voytek,14
Mercer,Governor and Lt. Governor,,,write-in,0
Mercer,Governor and Lt. Governor,,DEM,Shelley Lenz and Ben Vig,319
Mercer,Governor and Lt. Governor,,DEM,write-in,0
Mercer,Governor and Lt. Governor,,REP,Doug Burgum and Brent Sanford,1875
Mercer,Governor and Lt. Governor,,REP,Michael Coachman and Joel H Hylden,151
Mercer,Governor and Lt. Governor,,REP,write-in,0
Mercer,Insurance Commissioner,,,write-in,0
Mercer,Insurance Commissioner,,DEM,Travisia Martin,322
Mercer,Insurance Commissioner,,DEM,write-in,0
Mercer,Insurance Commissioner,,REP,Jon Godfread,1903
Mercer,Insurance Commissioner,,REP,write-in,1
Mercer,Judge of the District Court No. 1 South Central,,,David Reich,2180
Mercer,Judge of the District Court No. 1 South Central,,,write-in,1
Mercer,Judge of the District Court No. 2 Unexpired 2-Year Term South Central,,,Douglas Bahr,2143
Mercer,Judge of the District Court No. 2 Unexpired 2-Year Term South Central,,,write-in,4
Mercer,Judge of the District Court No. 7 South Central,,,Bonnie Storbakken,965
Mercer,Judge of the District Court No. 7 South Central,,,Gabrielle Goter,389
Mercer,Judge of the District Court No. 7 South Central,,,Scott R Miller,740
Mercer,Judge of the District Court No. 7 South Central,,,write-in,4
Mercer,Judge of the District Court No. 8 South Central,,,James S Hill,2134
Mercer,Judge of the District Court No. 8 South Central,,,write-in,4
Mercer,Justice of the Supreme Court,,,Jon Jay Jensen,2180
Mercer,Justice of the Supreme Court,,,write-in,1
Mercer,Mayor Stanton,,,write-in,82
Mercer,Mayor Unexpired 2-Year Term Zap,,,Michael Duttenhefner,29
Mercer,Mayor Unexpired 2-Year Term Zap,,,write-in,13
Mercer,Municipal Judge Golden Valley,,,Myron Stern,44
Mercer,Municipal Judge Golden Valley,,,write-in,1
Mercer,Municipal Judge Zap,,,Myron Stern,32
Mercer,Municipal Judge Zap,,,write-in,3
Mercer,Park Board Member Beulah Park,,,Kris Martens,615
Mercer,Park Board Member Beulah Park,,,Logan Kessler,658
Mercer,Park Board Member Beulah Park,,,Richard (Rick) Alexander,641
Mercer,Park Board Member Beulah Park,,,write-in,13
Mercer,Park Board Member Hazen Park,,,Allan (Al) Mautz,576
Mercer,Park Board Member Hazen Park,,,Bret Johnsrud,595
Mercer,Park Board Member Hazen Park,,,write-in,5
Mercer,Park Board Member Stanton Park,,,write-in,103
Mercer,Park Board Member Unexpired 2-Year Term Zap Park,,,James Frank,38
Mercer,Park Board Member Unexpired 2-Year Term Zap Park,,,write-in,4
Mercer,Park Board Member Zap Park,,,write-in,11
Mercer,Public Service Commissioner,,,write-in,0
Mercer,Public Service Commissioner,,DEM,Casey D Buchmann,319
Mercer,Public Service Commissioner,,DEM,write-in,0
Mercer,Public Service Commissioner,,REP,Brian Kroshus,1897
Mercer,Public Service Commissioner,,REP,write-in,3
Mercer,Publication Of City Minutes Pick City,,,No,14
Mercer,Publication Of City Minutes Pick City,,,Yes,30
Mercer,Publication of City Governing Body Minutes Beulah,,,No,39
Mercer,Publication of City Governing Body Minutes Beulah,,,Yes,760
Mercer,Publication of City Governing Body Minutes Zap,,,No,3
Mercer,Publication of City Governing Body Minutes Zap,,,Yes,43
Mercer,Publication of City Minutes Golden Valley,,,No,5
Mercer,Publication of City Minutes Golden Valley,,,Yes,43
Mercer,Publication of City Minutes Hazen,,,No,27
Mercer,Publication of City Minutes Hazen,,,Yes,667
Mercer,Publication of City Minutes Stanton,,,No,6
Mercer,Publication of City Minutes Stanton,,,Yes,138
Mercer,Publication of School Board Minutes Center/Stanton School District,,,No,16
Mercer,Publication of School Board Minutes Center/Stanton School District,,,Yes,186
Mercer,Sales Tax Resolution Hazen,,,No,178
Mercer,Sales Tax Resolution Hazen,,,Yes,515
Mercer,School Board Member Beulah School,,,Auston Biles,872
Mercer,School Board Member Beulah School,,,Daniel Ziman,984
Mercer,School Board Member Beulah School,,,Dwight Hatzenbuhler,967
Mercer,School Board Member Beulah School,,,write-in,23
Mercer,School Board Member Hazen #3 School Dist,,,Sonya Hansana,851
Mercer,School Board Member Hazen #3 School Dist,,,Stephanie Huber,799
Mercer,School Board Member Hazen #3 School Dist,,,write-in,1
Mercer,State Auditor,,,write-in,0
Mercer,State Auditor,,DEM,Patrick Hart,322
Mercer,State Auditor,,DEM,write-in,0
Mercer,State Auditor,,REP,Joshua C Gallion,1884
Mercer,State Auditor,,REP,write-in,1
Mercer,State House,4,,write-in,0
Mercer,State House,4,DEM,Hunter L Andes,1
Mercer,State House,4,DEM,Thomasina Mandan,1
Mercer,State House,4,DEM,write-in,0
Mercer,State House,4,REP,Clayton Fegley,3
Mercer,State House,4,REP,Terry Burton Jones,4
Mercer,State House,4,REP,write-in,0
Mercer,State Senate,4,,write-in,0
Mercer,State Senate,4,DEM,Lisa Finley-DeVille,1
Mercer,State Senate,4,DEM,write-in,0
Mercer,State Senate,4,REP,Jordan Kannianen,4
Mercer,State Senate,4,REP,write-in,0
Mercer,State Treasurer,,,write-in,0
Mercer,State Treasurer,,DEM,Mark Haugen,323
Mercer,State Treasurer,,DEM,write-in,0
Mercer,State Treasurer,,REP,Daniel Johnston,913
Mercer,State Treasurer,,REP,Thomas Beadle,983
Mercer,State Treasurer,,REP,write-in,3
Mercer,Superintendent of Public Instruction,,,Brandt J Dick,636
Mercer,Superintendent of Public Instruction,,,Charles J Tuttle,423
Mercer,Superintendent of Public Instruction,,,Kirsten Baesler,1350
Mercer,Superintendent of Public Instruction,,,write-in,4
Mercer,U.S. House,1,,Steven James Peterson,15
Mercer,U.S. House,1,,write-in,0
Mercer,U.S. House,1,DEM,Roland Clifford Riemers,57
Mercer,U.S. House,1,DEM,Zach Raknerud,270
Mercer,U.S. House,1,DEM,write-in,0
Mercer,U.S. House,1,REP,Kelly Armstrong,1947
Mercer,U.S. House,1,REP,write-in,6
Morton,Commissioner Flasher,,,Alesia Medeiros,38
Morton,Commissioner Flasher,,,Joanie Rossow,37
Morton,Commissioner Flasher,,,write-in,9
Morton,Commissioner Mandan,,,Joseph (Joe) Camisa,3418
Morton,Commissioner Mandan,,,Michael Braun,3593
Morton,Commissioner Mandan,,,write-in,50
Morton,Council Member Almont,,,Anthony Bachler,12
Morton,Council Member Almont,,,write-in,8
Morton,Council Member Glen Ullin,,,Anthony Schirado,95
Morton,Council Member Glen Ullin,,,Gary Glasser,111
Morton,Council Member Glen Ullin,,,Raquel Helgeson,103
Morton,Council Member Glen Ullin,,,write-in,69
Morton,Council Member Hebron,,,Harvey Tibor,136
Morton,Council Member Hebron,,,Ray Torres,124
Morton,Council Member Hebron,,,write-in,34
Morton,Council Member New Salem,,,Chad Goetzfridt,181
Morton,Council Member New Salem,,,Josh Gaebe,182
Morton,Council Member New Salem,,,write-in,56
Morton,County Commissioner Morton,,,Nathan Boehm,4490
Morton,County Commissioner Morton,,,Raymond S Morrell,3467
Morton,County Commissioner Morton,,,Ron Leingang,4013
Morton,County Commissioner Morton,,,Tom Peters,2792
Morton,County Commissioner Morton,,,Wayne Papke,2289
Morton,County Commissioner Morton,,,write-in,192
Morton,Governor and Lt. Governor,,,DuWayne Hendrickson and<br/>Joshua Voytek,19
Morton,Governor and Lt. Governor,,,write-in,0
Morton,Governor and Lt. Governor,,DEM,Shelley Lenz and Ben Vig,1215
Morton,Governor and Lt. Governor,,DEM,write-in,2
Morton,Governor and Lt. Governor,,REP,Doug Burgum and Brent Sanford,4470
Morton,Governor and Lt. Governor,,REP,Michael Coachman and Joel H Hylden,654
Morton,Governor and Lt. Governor,,REP,write-in,7
Morton,Insurance Commissioner,,,write-in,0
Morton,Insurance Commissioner,,DEM,Travisia Martin,1214
Morton,Insurance Commissioner,,DEM,write-in,0
Morton,Insurance Commissioner,,REP,Jon Godfread,4687
Morton,Insurance Commissioner,,REP,write-in,3
Morton,Judge of the District Court No. 1 South Central,,,David Reich,5768
Morton,Judge of the District Court No. 1 South Central,,,write-in,16
Morton,Judge of the District Court No. 2 Unexpired 2-Year Term South Central,,,Douglas Bahr,5715
Morton,Judge of the District Court No. 2 Unexpired 2-Year Term South Central,,,write-in,17
Morton,Judge of the District Court No. 7 South Central,,,Bonnie Storbakken,1978
Morton,Judge of the District Court No. 7 South Central,,,Gabrielle Goter,2168
Morton,Judge of the District Court No. 7 South Central,,,Scott R Miller,1773
Morton,Judge of the District Court No. 7 South Central,,,write-in,5
Morton,Judge of the District Court No. 8 South Central,,,James S Hill,5639
Morton,Judge of the District Court No. 8 South Central,,,write-in,25
Morton,Justice of the Supreme Court,,,Jon Jay Jensen,5768
Morton,Justice of the Supreme Court,,,write-in,18
Morton,Mayor Almont,,,Russell Kramer,14
Morton,Mayor Almont,,,write-in,5
Morton,Mayor Glen Ullin,,,write-in,82
Morton,Mayor Mandan,,,Timothy Helbling,3744
Morton,Mayor Mandan,,,write-in,83
Morton,Municipal Judge Mandan,,,DeNae Kautzmann,3824
Morton,Municipal Judge Mandan,,,write-in,29
Morton,Park Board Member Flasher Park,,,Natallie Schmidt,43
Morton,Park Board Member Flasher Park,,,Rainy Mauch-Morff,33
Morton,Park Board Member Flasher Park,,,Shawna Marion,43
Morton,Park Board Member Flasher Park,,,write-in,2
Morton,Park Board Member Glen Ullin Park,,,Brent Swanson,68
Morton,Park Board Member Glen Ullin Park,,,Kent Glasser,98
Morton,Park Board Member Glen Ullin Park,,,Kerry Fitterer,111
Morton,Park Board Member Glen Ullin Park,,,Shane Hellman,80
Morton,Park Board Member Glen Ullin Park,,,write-in,0
Morton,Park Board Member Hebron Park,,,Claudia Wehri,139
Morton,Park Board Member Hebron Park,,,Jim Tibor,137
Morton,Park Board Member Hebron Park,,,write-in,1
Morton,Park Board Member Mandan Park,,,Jennifer Froehlich,3625
Morton,Park Board Member Mandan Park,,,Wade Meschke,3560
Morton,Park Board Member Mandan Park,,,write-in,24
Morton,Park Board Member New Salem Park,,,Robert Boehm,183
Morton,Park Board Member New Salem Park,,,write-in,61
Morton,Park Board Member Unexpired 2-Year Term Glen Ullin Park,,,Adam Schantz,131
Morton,Park Board Member Unexpired 2-Year Term Glen Ullin Park,,,write-in,0
Morton,Public Service Commissioner,,,write-in,0
Morton,Public Service Commissioner,,DEM,Casey D Buchmann,1217
Morton,Public Service Commissioner,,DEM,write-in,2
Morton,Public Service Commissioner,,REP,Brian Kroshus,4643
Morton,Public Service Commissioner,,REP,write-in,11
Morton,Publication of city Governing Body Minutes Almont,,,No,5
Morton,Publication of city Governing Body Minutes Almont,,,Yes,13
Morton,Publication of city Governing Body Minutes Flasher,,,No,6
Morton,Publication of city Governing Body Minutes Flasher,,,Yes,44
Morton,Publication of city Governing Body Minutes Glen Ullin,,,No,2
Morton,Publication of city Governing Body Minutes Glen Ullin,,,Yes,134
Morton,Publication of city Governing Body Minutes Hebron,,,No,4
Morton,Publication of city Governing Body Minutes Hebron,,,Yes,140
Morton,Publication of city Governing Body Minutes Mandan,,,No,518
Morton,Publication of city Governing Body Minutes Mandan,,,Yes,3953
Morton,Publication of city Governing Body Minutes New Salem,,,No,5
Morton,Publication of city Governing Body Minutes New Salem,,,Yes,209
Morton,School Board Member Mandan School District,,,Darren Haugen,3516
Morton,School Board Member Mandan School District,,,Ellie Shockley,3109
Morton,School Board Member Mandan School District,,,Kama Hoovestol,3651
Morton,School Board Member Mandan School District,,,Marnie Piehl,3392
Morton,School Board Member Mandan School District,,,write-in,32
Morton,School District Measure 1 Mandan School District,,,No,702
Morton,School District Measure 1 Mandan School District,,,Yes,4883
Morton,State Auditor,,,write-in,0
Morton,State Auditor,,DEM,Patrick Hart,1217
Morton,State Auditor,,DEM,write-in,1
Morton,State Auditor,,REP,Joshua C Gallion,4592
Morton,State Auditor,,REP,write-in,20
Morton,State House,34,,write-in,0
Morton,State House,34,DEM,Bernie Parkhurst,656
Morton,State House,34,DEM,Joshua Johnson,675
Morton,State House,34,DEM,write-in,1
Morton,State House,34,REP,Nathan Toman,2024
Morton,State House,34,REP,Todd Porter,2140
Morton,State House,34,REP,write-in,11
Morton,State House,36,,write-in,0
Morton,State House,36,DEM,Linda Weiss,29
Morton,State House,36,DEM,Steve Krebs,27
Morton,State House,36,DEM,write-in,0
Morton,State House,36,REP,Luke Simons,255
Morton,State House,36,REP,Mike Schatz,298
Morton,State House,36,REP,write-in,0
Morton,State Senate,34,,write-in,0
Morton,State Senate,34,DEM,Adam Michal,735
Morton,State Senate,34,DEM,write-in,0
Morton,State Senate,34,REP,Alan R Anderson,1065
Morton,State Senate,34,REP,Doug Larsen,1411
Morton,State Senate,34,REP,write-in,3
Morton,State Senate,36,,write-in,0
Morton,State Senate,36,DEM,write-in,1
Morton,State Senate,36,REP,Jay Elkin,248
Morton,State Senate,36,REP,Steven Hanel,84
Morton,State Senate,36,REP,write-in,0
Morton,State Treasurer,,,write-in,1
Morton,State Treasurer,,DEM,Mark Haugen,1221
Morton,State Treasurer,,DEM,write-in,1
Morton,State Treasurer,,REP,Daniel Johnston,2442
Morton,State Treasurer,,REP,Thomas Beadle,2323
Morton,State Treasurer,,REP,write-in,5
Morton,Superintendent of Public Instruction,,,Brandt J Dick,2123
Morton,Superintendent of Public Instruction,,,Charles J Tuttle,1398
Morton,Superintendent of Public Instruction,,,Kirsten Baesler,2977
Morton,Superintendent of Public Instruction,,,write-in,13
Morton,U.S. House,1,,Steven James Peterson,20
Morton,U.S. House,1,,write-in,0
Morton,U.S. House,1,DEM,Roland Clifford Riemers,428
Morton,U.S. House,1,DEM,Zach Raknerud,785
Morton,U.S. House,1,DEM,write-in,2
Morton,U.S. House,1,REP,Kelly Armstrong,4810
Morton,U.S. House,1,REP,write-in,20
Mountrail,City Measure 1 Parshall,,,No,12
Mountrail,City Measure 1 Parshall,,,Yes,94
Mountrail,Council Member New Town,,,Douglas Bratvold,114
Mountrail,Council Member New Town,,,Nathaniel Mayer,74
Mountrail,Council Member New Town,,,write-in,3
Mountrail,Council Member Parshall,,,Tommy Huus,95
Mountrail,Council Member Parshall,,,write-in,50
Mountrail,Council Member Stanley,,,Linda Wienbar,330
Mountrail,Council Member Stanley,,,write-in,126
Mountrail,County Commissioner Mountrail - District 1,,,Bert Hauge,650
Mountrail,County Commissioner Mountrail - District 1,,,Wayne Olson,662
Mountrail,County Commissioner Mountrail - District 1,,,write-in,5
Mountrail,County Commissioner Mountrail - District 5,,,Clayton Howell,114
Mountrail,County Commissioner Mountrail - District 5,,,Jason Rice,359
Mountrail,County Commissioner Mountrail - District 5,,,Lancer Labar,270
Mountrail,County Commissioner Mountrail - District 5,,,Lyle Gorseth,295
Mountrail,County Commissioner Mountrail - District 5,,,Theresa Heinle,380
Mountrail,County Commissioner Mountrail - District 5,,,write-in,2
Mountrail,Governor and Lt. Governor,,,DuWayne Hendrickson and<br/>Joshua Voytek,3
Mountrail,Governor and Lt. Governor,,,write-in,0
Mountrail,Governor and Lt. Governor,,DEM,Shelley Lenz and Ben Vig,255
Mountrail,Governor and Lt. Governor,,DEM,write-in,0
Mountrail,Governor and Lt. Governor,,REP,Doug Burgum and Brent Sanford,964
Mountrail,Governor and Lt. Governor,,REP,Michael Coachman and Joel H Hylden,106
Mountrail,Governor and Lt. Governor,,REP,write-in,0
Mountrail,Insurance Commissioner,,,write-in,0
Mountrail,Insurance Commissioner,,DEM,Travisia Martin,250
Mountrail,Insurance Commissioner,,DEM,write-in,0
Mountrail,Insurance Commissioner,,REP,Jon Godfread,1012
Mountrail,Insurance Commissioner,,REP,write-in,1
Mountrail,Judge of the District Court No. 1 North Central,,,Doug Mattson,1233
Mountrail,Judge of the District Court No. 1 North Central,,,write-in,8
Mountrail,Justice of the Supreme Court,,,Jon Jay Jensen,1208
Mountrail,Justice of the Supreme Court,,,write-in,7
Mountrail,NEW TOWN CITY PUBLICATION OF MINUTES New Town,,,No,3
Mountrail,NEW TOWN CITY PUBLICATION OF MINUTES New Town,,,Yes,129
Mountrail,Park Board Member New Town Park,,,write-in,58
Mountrail,Park Board Member Parshall Park,,,Lori Brugh,69
Mountrail,Park Board Member Parshall Park,,,write-in,77
Mountrail,Park Board Member Stanley Park,,,Brandi Larson,354
Mountrail,Park Board Member Stanley Park,,,write-in,52
Mountrail,Public Service Commissioner,,,write-in,0
Mountrail,Public Service Commissioner,,DEM,Casey D Buchmann,251
Mountrail,Public Service Commissioner,,DEM,write-in,0
Mountrail,Public Service Commissioner,,REP,Brian Kroshus,992
Mountrail,Public Service Commissioner,,REP,write-in,0
Mountrail,STANLEY CITY PUBLICATION OF MINUTES Stanley,,,No,12
Mountrail,STANLEY CITY PUBLICATION OF MINUTES Stanley,,,Yes,354
Mountrail,STANLEY CITY SALES & USE TAX MEASURE Stanley,,,No,92
Mountrail,STANLEY CITY SALES & USE TAX MEASURE Stanley,,,Yes,269
Mountrail,State Auditor,,,write-in,0
Mountrail,State Auditor,,DEM,Patrick Hart,250
Mountrail,State Auditor,,DEM,write-in,0
Mountrail,State Auditor,,REP,Joshua C Gallion,982
Mountrail,State Auditor,,REP,write-in,1
Mountrail,State House,2,,write-in,0
Mountrail,State House,2,DEM,write-in,5
Mountrail,State House,2,REP,Bert Anderson,398
Mountrail,State House,2,REP,Donald Longmuir,502
Mountrail,State House,2,REP,write-in,0
Mountrail,State House,4,,write-in,0
Mountrail,State House,4,DEM,Hunter L Andes,142
Mountrail,State House,4,DEM,Thomasina Mandan,163
Mountrail,State House,4,DEM,write-in,2
Mountrail,State House,4,REP,Clayton Fegley,456
Mountrail,State House,4,REP,Terry Burton Jones,417
Mountrail,State House,4,REP,write-in,2
Mountrail,State Senate,2,,write-in,0
Mountrail,State Senate,2,DEM,write-in,4
Mountrail,State Senate,2,REP,David S Rust,507
Mountrail,State Senate,2,REP,write-in,0
Mountrail,State Senate,4,,write-in,0
Mountrail,State Senate,4,DEM,Lisa Finley-DeVille,198
Mountrail,State Senate,4,DEM,write-in,1
Mountrail,State Senate,4,REP,Jordan Kannianen,514
Mountrail,State Senate,4,REP,write-in,4
Mountrail,State Treasurer,,,write-in,0
Mountrail,State Treasurer,,DEM,Mark Haugen,254
Mountrail,State Treasurer,,DEM,write-in,0
Mountrail,State Treasurer,,REP,Daniel Johnston,494
Mountrail,State Treasurer,,REP,Thomas Beadle,497
Mountrail,State Treasurer,,REP,write-in,0
Mountrail,Superintendent of Public Instruction,,,Brandt J Dick,263
Mountrail,Superintendent of Public Instruction,,,Charles J Tuttle,325
Mountrail,Superintendent of Public Instruction,,,Kirsten Baesler,719
Mountrail,Superintendent of Public Instruction,,,write-in,2
Mountrail,U.S. House,1,,Steven James Peterson,3
Mountrail,U.S. House,1,,write-in,0
Mountrail,U.S. House,1,DEM,Roland Clifford Riemers,137
Mountrail,U.S. House,1,DEM,Zach Raknerud,113
Mountrail,U.S. House,1,DEM,write-in,0
Mountrail,U.S. House,1,REP,Kelly Armstrong,1032
Mountrail,U.S. House,1,REP,write-in,3
Nelson,COUNTY LIBRARY MILL 32 - Nelson,,,No,34
Nelson,COUNTY LIBRARY MILL 32 - Nelson,,,Yes,1026
Nelson,Council Member Aneta,,,Jaima Curry,50
Nelson,Council Member Aneta,,,Manley Hegna,62
Nelson,Council Member Aneta,,,write-in,10
Nelson,Council Member Lakota,,,Dennis Mattern,168
Nelson,Council Member Lakota,,,James Vasichek,177
Nelson,Council Member Lakota,,,Robert Zeug,94
Nelson,Council Member Lakota,,,William Solberg,204
Nelson,Council Member Lakota,,,write-in,20
Nelson,Council Member McVille,,,Brent Messner,78
Nelson,Council Member McVille,,,Jeff Altendorf,39
Nelson,Council Member McVille,,,Jennifer Bachmeier,48
Nelson,Council Member McVille,,,Melissa Joramo,37
Nelson,Council Member McVille,,,Michael Donahue,34
Nelson,Council Member McVille,,,write-in,0
Nelson,Council Member Michigan,,,David Daws,83
Nelson,Council Member Michigan,,,write-in,29
Nelson,Council Member Pekin,,,James Rude,25
Nelson,Council Member Pekin,,,Marvin Massey,7
Nelson,Council Member Pekin,,,Steven Johnston,31
Nelson,Council Member Pekin,,,write-in,2
Nelson,Council Member Petersburg,,,James Schmidt,38
Nelson,Council Member Petersburg,,,Susan Dahl,38
Nelson,Council Member Petersburg,,,write-in,9
Nelson,Council Member Tolna,,,Brian Nelson,56
Nelson,Council Member Tolna,,,write-in,10
Nelson,Council Member Unexpired 2-Year Term Tolna,,,Bret Poehls,56
Nelson,Council Member Unexpired 2-Year Term Tolna,,,write-in,4
Nelson,County Commissioner Nelson - District 2,,,Bruce Ellertson,519
Nelson,County Commissioner Nelson - District 2,,,Cody Johnson,483
Nelson,County Commissioner Nelson - District 2,,,write-in,1
Nelson,County Commissioner Nelson - District 4,,,Alan Klefstad,379
Nelson,County Commissioner Nelson - District 4,,,Steven Forde,654
Nelson,County Commissioner Nelson - District 4,,,write-in,1
Nelson,County Recorder/Clerk of District Court Unexpired 2-Year Term Nelson,,,Erin Fossen,961
Nelson,County Recorder/Clerk of District Court Unexpired 2-Year Term Nelson,,,write-in,13
Nelson,"Director, Garrison Diversion Conservancy Nelson",,,Nancy Marquart,928
Nelson,"Director, Garrison Diversion Conservancy Nelson",,,write-in,17
Nelson,Governor and Lt. Governor,,,DuWayne Hendrickson and<br/>Joshua Voytek,6
Nelson,Governor and Lt. Governor,,,write-in,0
Nelson,Governor and Lt. Governor,,DEM,Shelley Lenz and Ben Vig,274
Nelson,Governor and Lt. Governor,,DEM,write-in,0
Nelson,Governor and Lt. Governor,,REP,Doug Burgum and Brent Sanford,664
Nelson,Governor and Lt. Governor,,REP,Michael Coachman and Joel H Hylden,43
Nelson,Governor and Lt. Governor,,REP,write-in,1
Nelson,Insurance Commissioner,,,write-in,0
Nelson,Insurance Commissioner,,DEM,Travisia Martin,266
Nelson,Insurance Commissioner,,DEM,write-in,0
Nelson,Insurance Commissioner,,REP,Jon Godfread,630
Nelson,Insurance Commissioner,,REP,write-in,1
Nelson,Judge of the District Court No. 3 Unexpired 2-Year Term Northeast Central,,,Jay Knudson,888
Nelson,Judge of the District Court No. 3 Unexpired 2-Year Term Northeast Central,,,write-in,1
Nelson,Judge of the District Court No. 4 Northeast Central,,,John A Thelen,875
Nelson,Judge of the District Court No. 4 Northeast Central,,,write-in,1
Nelson,Judge of the District Court No. 5 Northeast Central,,,Jason McCarthy,864
Nelson,Judge of the District Court No. 5 Northeast Central,,,write-in,3
Nelson,Justice of the Supreme Court,,,Jon Jay Jensen,881
Nelson,Justice of the Supreme Court,,,write-in,0
Nelson,Mayor Aneta,,,Todd Whitman,59
Nelson,Mayor Aneta,,,write-in,4
Nelson,Mayor Lakota,,,Brad Hooey,118
Nelson,Mayor Lakota,,,Jeff Russo,115
Nelson,Mayor Lakota,,,write-in,3
Nelson,Mayor Petersburg,,,Amber Vickaryous,42
Nelson,Mayor Petersburg,,,write-in,4
Nelson,Mayor Tolna,,,write-in,36
Nelson,PUBLICATION OF CITY GOVERNING MINUTES Aneta,,,No,3
Nelson,PUBLICATION OF CITY GOVERNING MINUTES Aneta,,,Yes,65
Nelson,PUBLICATION OF CITY GOVERNING MINUTES Lakota,,,No,7
Nelson,PUBLICATION OF CITY GOVERNING MINUTES Lakota,,,Yes,230
Nelson,PUBLICATION OF CITY GOVERNING MINUTES McVille,,,No,13
Nelson,PUBLICATION OF CITY GOVERNING MINUTES McVille,,,Yes,114
Nelson,PUBLICATION OF CITY GOVERNING MINUTES Michigan,,,No,10
Nelson,PUBLICATION OF CITY GOVERNING MINUTES Michigan,,,Yes,84
Nelson,PUBLICATION OF CITY GOVERNING MINUTES Pekin,,,No,22
Nelson,PUBLICATION OF CITY GOVERNING MINUTES Pekin,,,Yes,12
Nelson,PUBLICATION OF CITY GOVERNING MINUTES Petersburg,,,No,1
Nelson,PUBLICATION OF CITY GOVERNING MINUTES Petersburg,,,Yes,48
Nelson,PUBLICATION OF CITY GOVERNING MINUTES Tolna,,,No,12
Nelson,PUBLICATION OF CITY GOVERNING MINUTES Tolna,,,Yes,51
Nelson,Park Board Member Aneta Park,,,James Knutson,56
Nelson,Park Board Member Aneta Park,,,Melissa Kueber,60
Nelson,Park Board Member Aneta Park,,,Vicki Brakke,55
Nelson,Park Board Member Aneta Park,,,write-in,6
Nelson,Park Board Member Lakota Park,,,Rachel Karna,193
Nelson,Park Board Member Lakota Park,,,Tate Aronson,208
Nelson,Park Board Member Lakota Park,,,write-in,19
Nelson,Park Board Member McVille Park,,,write-in,171
Nelson,Park Board Member Michigan Park,,,Shannah Lenz,83
Nelson,Park Board Member Michigan Park,,,Shaun Watkins,83
Nelson,Park Board Member Michigan Park,,,write-in,5
Nelson,Park Board Member Petersburg Park,,,Joshua Dahl,50
Nelson,Park Board Member Petersburg Park,,,write-in,35
Nelson,Park Board Member Tolna Park,,,write-in,39
Nelson,Public Service Commissioner,,,write-in,0
Nelson,Public Service Commissioner,,DEM,Casey D Buchmann,265
Nelson,Public Service Commissioner,,DEM,write-in,0
Nelson,Public Service Commissioner,,REP,Brian Kroshus,622
Nelson,Public Service Commissioner,,REP,write-in,1
Nelson,State Auditor,,,write-in,0
Nelson,State Auditor,,DEM,Patrick Hart,267
Nelson,State Auditor,,DEM,write-in,0
Nelson,State Auditor,,REP,Joshua C Gallion,625
Nelson,State Auditor,,REP,write-in,1
Nelson,State Treasurer,,,write-in,0
Nelson,State Treasurer,,DEM,Mark Haugen,270
Nelson,State Treasurer,,DEM,write-in,0
Nelson,State Treasurer,,REP,Daniel Johnston,257
Nelson,State Treasurer,,REP,Thomas Beadle,388
Nelson,State Treasurer,,REP,write-in,1
Nelson,Superintendent of Public Instruction,,,Brandt J Dick,198
Nelson,Superintendent of Public Instruction,,,Charles J Tuttle,119
Nelson,Superintendent of Public Instruction,,,Kirsten Baesler,650
Nelson,Superintendent of Public Instruction,,,write-in,0
Nelson,U.S. House,1,,Steven James Peterson,6
Nelson,U.S. House,1,,write-in,0
Nelson,U.S. House,1,DEM,Roland Clifford Riemers,115
Nelson,U.S. House,1,DEM,Zach Raknerud,140
Nelson,U.S. House,1,DEM,write-in,1
Nelson,U.S. House,1,REP,Kelly Armstrong,648
Nelson,U.S. House,1,REP,write-in,2
Oliver,Council Member Center,,,Jody Lee Wolf,86
Oliver,Council Member Center,,,Michael Emmanuel Schutt,114
Oliver,Council Member Center,,,write-in,122
Oliver,County Commissioner Oliver - District 1,,,Blake Louis Wilkens,493
Oliver,County Commissioner Oliver - District 1,,,write-in,25
Oliver,County Commissioner Oliver - District 3,,,Darrell Wayne Berger,486
Oliver,County Commissioner Oliver - District 3,,,write-in,15
Oliver,"Director, Southwest Water Authority Oliver",,,Michael Alan Tietz,500
Oliver,"Director, Southwest Water Authority Oliver",,,write-in,4
Oliver,Governor and Lt. Governor,,,DuWayne Hendrickson and<br/>Joshua Voytek,2
Oliver,Governor and Lt. Governor,,,write-in,0
Oliver,Governor and Lt. Governor,,DEM,Shelley Lenz and Ben Vig,60
Oliver,Governor and Lt. Governor,,DEM,write-in,0
Oliver,Governor and Lt. Governor,,REP,Doug Burgum and Brent Sanford,405
Oliver,Governor and Lt. Governor,,REP,Michael Coachman and Joel H Hylden,56
Oliver,Governor and Lt. Governor,,REP,write-in,0
Oliver,Insurance Commissioner,,,write-in,0
Oliver,Insurance Commissioner,,DEM,Travisia Martin,58
Oliver,Insurance Commissioner,,DEM,write-in,0
Oliver,Insurance Commissioner,,REP,Jon Godfread,426
Oliver,Insurance Commissioner,,REP,write-in,0
Oliver,Judge of the District Court No. 1 South Central,,,David Reich,493
Oliver,Judge of the District Court No. 1 South Central,,,write-in,1
Oliver,Judge of the District Court No. 2 Unexpired 2-Year Term South Central,,,Douglas Bahr,489
Oliver,Judge of the District Court No. 2 Unexpired 2-Year Term South Central,,,write-in,1
Oliver,Judge of the District Court No. 7 South Central,,,Bonnie Storbakken,173
Oliver,Judge of the District Court No. 7 South Central,,,Gabrielle Goter,117
Oliver,Judge of the District Court No. 7 South Central,,,Scott R Miller,198
Oliver,Judge of the District Court No. 7 South Central,,,write-in,0
Oliver,Judge of the District Court No. 8 South Central,,,James S Hill,490
Oliver,Judge of the District Court No. 8 South Central,,,write-in,1
Oliver,Justice of the Supreme Court,,,Jon Jay Jensen,498
Oliver,Justice of the Supreme Court,,,write-in,0
Oliver,Mayor Center,,,Harold Wilkens,76
Oliver,Mayor Center,,,Kevin Gene Hoffman,111
Oliver,Mayor Center,,,write-in,8
Oliver,Park Board Member Center Park,,,write-in,183
Oliver,Public Service Commissioner,,,write-in,0
Oliver,Public Service Commissioner,,DEM,Casey D Buchmann,60
Oliver,Public Service Commissioner,,DEM,write-in,0
Oliver,Public Service Commissioner,,REP,Brian Kroshus,426
Oliver,Public Service Commissioner,,REP,write-in,0
Oliver,Publication of City Governing Body Minutes Center,,,No,6
Oliver,Publication of City Governing Body Minutes Center,,,Yes,191
Oliver,Publication of School Board Minutes Center/Stanton School District,,,No,32
Oliver,Publication of School Board Minutes Center/Stanton School District,,,Yes,436
Oliver,State Auditor,,,write-in,0
Oliver,State Auditor,,DEM,Patrick Hart,59
Oliver,State Auditor,,DEM,write-in,0
Oliver,State Auditor,,REP,Joshua C Gallion,421
Oliver,State Auditor,,REP,write-in,1
Oliver,State Treasurer,,,write-in,0
Oliver,State Treasurer,,DEM,Mark Haugen,60
Oliver,State Treasurer,,DEM,write-in,0
Oliver,State Treasurer,,REP,Daniel Johnston,243
Oliver,State Treasurer,,REP,Thomas Beadle,188
Oliver,State Treasurer,,REP,write-in,0
Oliver,Superintendent of Public Instruction,,,Brandt J Dick,158
Oliver,Superintendent of Public Instruction,,,Charles J Tuttle,112
Oliver,Superintendent of Public Instruction,,,Kirsten Baesler,277
Oliver,Superintendent of Public Instruction,,,write-in,0
Oliver,U.S. House,1,,Steven James Peterson,2
Oliver,U.S. House,1,,write-in,0
Oliver,U.S. House,1,DEM,Roland Clifford Riemers,27
Oliver,U.S. House,1,DEM,Zach Raknerud,33
Oliver,U.S. House,1,DEM,write-in,0
Oliver,U.S. House,1,REP,Kelly Armstrong,439
Oliver,U.S. House,1,REP,write-in,0
Pembina,Council Member Bathgate,,,Kim Schwartz,14
Pembina,Council Member Bathgate,,,Mark Ramsay,14
Pembina,Council Member Bathgate,,,write-in,0
Pembina,Council Member Canton,,,write-in,4
Pembina,Council Member Cavalier Ward 1,,,write-in,101
Pembina,Council Member Cavalier Ward 2,,,Mike Carpenter,264
Pembina,Council Member Cavalier Ward 2,,,write-in,14
Pembina,Council Member Cavalier Ward 3,,,Al Berry,271
Pembina,Council Member Cavalier Ward 3,,,write-in,16
Pembina,Council Member Crystal,,,Charlotte Reilly,16
Pembina,Council Member Crystal,,,Frank Olimb,39
Pembina,Council Member Crystal,,,Shane Feltman,38
Pembina,Council Member Crystal,,,write-in,0
Pembina,Council Member Drayton,,,Bryanna Halvorson,154
Pembina,Council Member Drayton,,,Kerri VanCamp,162
Pembina,Council Member Drayton,,,write-in,72
Pembina,Council Member Hamilton,,,Nancy Maxwell,16
Pembina,Council Member Hamilton,,,Sue Enerson,17
Pembina,Council Member Hamilton,,,write-in,19
Pembina,Council Member Mountain,,,Brittiany Knutson,10
Pembina,Council Member Mountain,,,Jeremy Heck,10
Pembina,Council Member Mountain,,,write-in,4
Pembina,Council Member Neche,,,write-in,36
Pembina,Council Member Pembina,,,Cody Carpenter,67
Pembina,Council Member Pembina,,,Connor Snitker,61
Pembina,Council Member Pembina,,,Gregory Koropatnicki,103
Pembina,Council Member Pembina,,,Jeffrey Watts,92
Pembina,Council Member Pembina,,,Jennifer Martin,71
Pembina,Council Member Pembina,,,Melissa Hilliard,45
Pembina,Council Member Pembina,,,Patrick Burton,122
Pembina,Council Member Pembina,,,write-in,1
Pembina,Council Member St Thomas,,,write-in,83
Pembina,Council Member Unexpired 2-Year Term Mountain,,,write-in,7
Pembina,Council Member Unexpired 2-Year Term Neche,,,write-in,21
Pembina,Council Member Walhalla,,,Douglas Hill,88
Pembina,Council Member Walhalla,,,Karen Dumas,195
Pembina,Council Member Walhalla,,,LaRae Horgan,184
Pembina,Council Member Walhalla,,,Leeroy Carpenter,138
Pembina,Council Member Walhalla,,,write-in,18
Pembina,County Commissioner By District Pembina - District 2,,,James A Benjaminson,295
Pembina,County Commissioner By District Pembina - District 2,,,write-in,25
Pembina,County Commissioner By District Pembina - District 4,,,Laverne J Doyle,322
Pembina,County Commissioner By District Pembina - District 4,,,write-in,6
Pembina,Governor and Lt. Governor,,,DuWayne Hendrickson and<br/>Joshua Voytek,7
Pembina,Governor and Lt. Governor,,,write-in,0
Pembina,Governor and Lt. Governor,,DEM,Shelley Lenz and Ben Vig,393
Pembina,Governor and Lt. Governor,,DEM,write-in,0
Pembina,Governor and Lt. Governor,,REP,Doug Burgum and Brent Sanford,1225
Pembina,Governor and Lt. Governor,,REP,Michael Coachman and Joel H Hylden,132
Pembina,Governor and Lt. Governor,,REP,write-in,0
Pembina,Insurance Commissioner,,,write-in,0
Pembina,Insurance Commissioner,,DEM,Travisia Martin,391
Pembina,Insurance Commissioner,,DEM,write-in,0
Pembina,Insurance Commissioner,,REP,Jon Godfread,1252
Pembina,Insurance Commissioner,,REP,write-in,1
Pembina,Judge of the District Court No. 2 Unexpired 4-Year Term Northeast,,,Michael Hurly,1584
Pembina,Judge of the District Court No. 2 Unexpired 4-Year Term Northeast,,,write-in,1
Pembina,Judge of the District Court No. 3 Northeast,,,Anthony Swain Benson,1574
Pembina,Judge of the District Court No. 3 Northeast,,,write-in,2
Pembina,Judge of the District Court No. 4 Northeast,,,Donovan Foughty,1582
Pembina,Judge of the District Court No. 4 Northeast,,,write-in,5
Pembina,Judge of the District Court No. 6 Unexpired 4-Year Term Northeast,,,Barbara L Whelan,1585
Pembina,Judge of the District Court No. 6 Unexpired 4-Year Term Northeast,,,write-in,31
Pembina,Justice of the Supreme Court,,,Jon Jay Jensen,1629
Pembina,Justice of the Supreme Court,,,write-in,2
Pembina,Mayor Bathgate,,,Ted Zaharia,14
Pembina,Mayor Bathgate,,,write-in,0
Pembina,Mayor Canton,,,write-in,2
Pembina,Mayor Hamilton,,,Wendy Keena,17
Pembina,Mayor Hamilton,,,write-in,8
Pembina,Park Board Member Cavalier Park,,,write-in,236
Pembina,Park Board Member Crystal Park,,,Kristi Ganssle,44
Pembina,Park Board Member Crystal Park,,,Larry Mccollum,41
Pembina,Park Board Member Crystal Park,,,Nicholas Otto,46
Pembina,Park Board Member Crystal Park,,,write-in,0
Pembina,Park Board Member Drayton Park,,,Jessica Aasand,156
Pembina,Park Board Member Drayton Park,,,Tyler McFarland,161
Pembina,Park Board Member Drayton Park,,,write-in,22
Pembina,Park Board Member Neche Park,,,write-in,30
Pembina,Park Board Member St Thomas Park,,,write-in,71
Pembina,Park Board Member Unexpired 2-Year Term Drayton Park,,,write-in,55
Pembina,Park Board Member Walhalla Park,,,Jed Sullivan,181
Pembina,Park Board Member Walhalla Park,,,Tammy Sullivan,189
Pembina,Park Board Member Walhalla Park,,,write-in,41
Pembina,Public Service Commissioner,,,write-in,0
Pembina,Public Service Commissioner,,DEM,Casey D Buchmann,393
Pembina,Public Service Commissioner,,DEM,write-in,0
Pembina,Public Service Commissioner,,REP,Brian Kroshus,1249
Pembina,Public Service Commissioner,,REP,write-in,0
Pembina,Publication of minutes. Cavalier,,,No,23
Pembina,Publication of minutes. Cavalier,,,Yes,311
Pembina,Publication of minutes. Drayton,,,No,8
Pembina,Publication of minutes. Drayton,,,Yes,174
Pembina,Publication of minutes. Neche,,,No,10
Pembina,Publication of minutes. Neche,,,Yes,44
Pembina,Publication of minutes. Pembina,,,No,11
Pembina,Publication of minutes. Pembina,,,Yes,167
Pembina,Publication of minutes. St Thomas,,,No,16
Pembina,Publication of minutes. St Thomas,,,Yes,51
Pembina,Publication of minutes. Walhalla,,,No,25
Pembina,Publication of minutes. Walhalla,,,Yes,187
Pembina,State Auditor,,,write-in,0
Pembina,State Auditor,,DEM,Patrick Hart,401
Pembina,State Auditor,,DEM,write-in,0
Pembina,State Auditor,,REP,Joshua C Gallion,1259
Pembina,State Auditor,,REP,write-in,0
Pembina,State House,10,,write-in,0
Pembina,State House,10,DEM,Elsie Blair Magnus,350
Pembina,State House,10,DEM,Melissa Anderson,324
Pembina,State House,10,DEM,write-in,0
Pembina,State House,10,REP,Chuck Damschen,1101
Pembina,State House,10,REP,David Monson,1231
Pembina,State House,10,REP,write-in,3
Pembina,State Senate,10,,write-in,0
Pembina,State Senate,10,DEM,Charlie Hart,412
Pembina,State Senate,10,DEM,write-in,0
Pembina,State Senate,10,REP,Janne Myrdal,1284
Pembina,State Senate,10,REP,write-in,9
Pembina,State Treasurer,,,write-in,0
Pembina,State Treasurer,,DEM,Mark Haugen,399
Pembina,State Treasurer,,DEM,write-in,0
Pembina,State Treasurer,,REP,Daniel Johnston,571
Pembina,State Treasurer,,REP,Thomas Beadle,703
Pembina,State Treasurer,,REP,write-in,1
Pembina,Superintendent of Public Instruction,,,Brandt J Dick,405
Pembina,Superintendent of Public Instruction,,,Charles J Tuttle,375
Pembina,Superintendent of Public Instruction,,,Kirsten Baesler,923
Pembina,Superintendent of Public Instruction,,,write-in,5
Pembina,U.S. House,1,,Steven James Peterson,7
Pembina,U.S. House,1,,write-in,0
Pembina,U.S. House,1,DEM,Roland Clifford Riemers,168
Pembina,U.S. House,1,DEM,Zach Raknerud,215
Pembina,U.S. House,1,DEM,write-in,1
Pembina,U.S. House,1,REP,Kelly Armstrong,1310
Pembina,U.S. House,1,REP,write-in,1
Pierce,Council Member Rugby Ward 1,,,write-in,16
Pierce,Council Member Rugby Ward 2,,,David Schneibel,68
Pierce,Council Member Rugby Ward 2,,,Gary Kraft,90
Pierce,Council Member Rugby Ward 2,,,write-in,1
Pierce,Council Member Rugby Ward 3,,,Frank LaRocque,163
Pierce,Council Member Rugby Ward 3,,,write-in,2
Pierce,Council Member Rugby Ward 4,,,write-in,19
Pierce,County Commissioner By District Pierce - District 2,,,Mike Christenson,210
Pierce,County Commissioner By District Pierce - District 2,,,write-in,1
Pierce,County Commissioner By District Pierce - District 4,,,Terry Hoffert,224
Pierce,County Commissioner By District Pierce - District 4,,,write-in,9
Pierce,Governor and Lt. Governor,,,DuWayne Hendrickson and<br/>Joshua Voytek,3
Pierce,Governor and Lt. Governor,,,write-in,0
Pierce,Governor and Lt. Governor,,DEM,Shelley Lenz and Ben Vig,190
Pierce,Governor and Lt. Governor,,DEM,write-in,0
Pierce,Governor and Lt. Governor,,REP,Doug Burgum and Brent Sanford,799
Pierce,Governor and Lt. Governor,,REP,Michael Coachman and Joel H Hylden,73
Pierce,Governor and Lt. Governor,,REP,write-in,0
Pierce,Insurance Commissioner,,,write-in,0
Pierce,Insurance Commissioner,,DEM,Travisia Martin,195
Pierce,Insurance Commissioner,,DEM,write-in,0
Pierce,Insurance Commissioner,,REP,Jon Godfread,786
Pierce,Insurance Commissioner,,REP,write-in,0
Pierce,Judge of the District Court No. 2 Unexpired 4-Year Term Northeast,,,Michael Hurly,1004
Pierce,Judge of the District Court No. 2 Unexpired 4-Year Term Northeast,,,write-in,7
Pierce,Judge of the District Court No. 3 Northeast,,,Anthony Swain Benson,979
Pierce,Judge of the District Court No. 3 Northeast,,,write-in,1
Pierce,Judge of the District Court No. 4 Northeast,,,Donovan Foughty,961
Pierce,Judge of the District Court No. 4 Northeast,,,write-in,2
Pierce,Judge of the District Court No. 6 Unexpired 4-Year Term Northeast,,,Barbara L Whelan,956
Pierce,Judge of the District Court No. 6 Unexpired 4-Year Term Northeast,,,write-in,0
Pierce,Justice of the Supreme Court,,,Jon Jay Jensen,971
Pierce,Justice of the Supreme Court,,,write-in,2
Pierce,Park Board Member Rugby Park,,,Rick Larson,275
Pierce,Park Board Member Rugby Park,,,Sara Radomski,451
Pierce,Park Board Member Rugby Park,,,Tim Bartsch,543
Pierce,Park Board Member Rugby Park,,,write-in,6
Pierce,Public Service Commissioner,,,write-in,0
Pierce,Public Service Commissioner,,DEM,Casey D Buchmann,194
Pierce,Public Service Commissioner,,DEM,write-in,0
Pierce,Public Service Commissioner,,REP,Brian Kroshus,791
Pierce,Public Service Commissioner,,REP,write-in,0
Pierce,Publication of Minutes Rugby,,,No,29
Pierce,Publication of Minutes Rugby,,,Yes,654
Pierce,State Auditor,,,write-in,0
Pierce,State Auditor,,DEM,Patrick Hart,198
Pierce,State Auditor,,DEM,write-in,0
Pierce,State Auditor,,REP,Joshua C Gallion,780
Pierce,State Auditor,,REP,write-in,0
Pierce,State House,14,,write-in,0
Pierce,State House,14,DEM,Mark Nelson,173
Pierce,State House,14,DEM,Richard Lynne,160
Pierce,State House,14,DEM,write-in,0
Pierce,State House,14,REP,Jon Nelson,758
Pierce,State House,14,REP,Robin Weisz,675
Pierce,State House,14,REP,write-in,8
Pierce,State Senate,14,,write-in,0
Pierce,State Senate,14,DEM,Jenna Vanhorne,196
Pierce,State Senate,14,DEM,write-in,0
Pierce,State Senate,14,REP,Jerry Klein,805
Pierce,State Senate,14,REP,write-in,5
Pierce,State Treasurer,,,write-in,0
Pierce,State Treasurer,,DEM,Mark Haugen,199
Pierce,State Treasurer,,DEM,write-in,0
Pierce,State Treasurer,,REP,Daniel Johnston,386
Pierce,State Treasurer,,REP,Thomas Beadle,416
Pierce,State Treasurer,,REP,write-in,0
Pierce,Superintendent of Public Instruction,,,Brandt J Dick,211
Pierce,Superintendent of Public Instruction,,,Charles J Tuttle,225
Pierce,Superintendent of Public Instruction,,,Kirsten Baesler,614
Pierce,Superintendent of Public Instruction,,,write-in,0
Pierce,U.S. House,1,,Steven James Peterson,3
Pierce,U.S. House,1,,write-in,0
Pierce,U.S. House,1,DEM,Roland Clifford Riemers,89
Pierce,U.S. House,1,DEM,Zach Raknerud,106
Pierce,U.S. House,1,DEM,write-in,1
Pierce,U.S. House,1,REP,Kelly Armstrong,815
Pierce,U.S. House,1,REP,write-in,2
Ramsey,City Measure 1 Devils Lake,,,No,144
Ramsey,City Measure 1 Devils Lake,,,Yes,1108
Ramsey,Commissioner Devils Lake,,,Dale Robbins,1067
Ramsey,Commissioner Devils Lake,,,Shane Hamre,1074
Ramsey,Commissioner Devils Lake,,,write-in,14
Ramsey,County Commissioner Ramsey,,,Blaine Volk,1301
Ramsey,County Commissioner Ramsey,,,Jeff Frith,2124
Ramsey,County Commissioner Ramsey,,,Lucas Wakefield,1816
Ramsey,County Commissioner Ramsey,,,Mark E Olson,1363
Ramsey,County Commissioner Ramsey,,,write-in,17
Ramsey,Governor and Lt. Governor,,,DuWayne Hendrickson and<br/>Joshua Voytek,5
Ramsey,Governor and Lt. Governor,,,write-in,0
Ramsey,Governor and Lt. Governor,,DEM,Shelley Lenz and Ben Vig,511
Ramsey,Governor and Lt. Governor,,DEM,write-in,1
Ramsey,Governor and Lt. Governor,,REP,Doug Burgum and Brent Sanford,1643
Ramsey,Governor and Lt. Governor,,REP,Michael Coachman and Joel H Hylden,126
Ramsey,Governor and Lt. Governor,,REP,write-in,1
Ramsey,Insurance Commissioner,,,write-in,1
Ramsey,Insurance Commissioner,,DEM,Travisia Martin,516
Ramsey,Insurance Commissioner,,DEM,write-in,0
Ramsey,Insurance Commissioner,,REP,Jon Godfread,1581
Ramsey,Insurance Commissioner,,REP,write-in,4
Ramsey,Judge of the District Court No. 2 Unexpired 4-Year Term Northeast,,,Michael Hurly,2152
Ramsey,Judge of the District Court No. 2 Unexpired 4-Year Term Northeast,,,write-in,8
Ramsey,Judge of the District Court No. 3 Northeast,,,Anthony Swain Benson,2079
Ramsey,Judge of the District Court No. 3 Northeast,,,write-in,5
Ramsey,Judge of the District Court No. 4 Northeast,,,Donovan Foughty,2289
Ramsey,Judge of the District Court No. 4 Northeast,,,write-in,22
Ramsey,Judge of the District Court No. 6 Unexpired 4-Year Term Northeast,,,Barbara L Whelan,2090
Ramsey,Judge of the District Court No. 6 Unexpired 4-Year Term Northeast,,,write-in,5
Ramsey,Justice of the Supreme Court,,,Jon Jay Jensen,2142
Ramsey,Justice of the Supreme Court,,,write-in,10
Ramsey,Municipal Judge Devils Lake,,,Peter Halbach,1162
Ramsey,Municipal Judge Devils Lake,,,write-in,6
Ramsey,Park Board Member Devils Lake Park,,,Lisa Uhlenkamp,1133
Ramsey,Park Board Member Devils Lake Park,,,Peter Jerome,1156
Ramsey,Park Board Member Devils Lake Park,,,write-in,7
Ramsey,Public Service Commissioner,,,write-in,1
Ramsey,Public Service Commissioner,,DEM,Casey D Buchmann,518
Ramsey,Public Service Commissioner,,DEM,write-in,0
Ramsey,Public Service Commissioner,,REP,Brian Kroshus,1585
Ramsey,Public Service Commissioner,,REP,write-in,2
Ramsey,State Auditor,,,write-in,1
Ramsey,State Auditor,,DEM,Patrick Hart,516
Ramsey,State Auditor,,DEM,write-in,1
Ramsey,State Auditor,,REP,Joshua C Gallion,1587
Ramsey,State Auditor,,REP,write-in,4
Ramsey,State Treasurer,,,write-in,1
Ramsey,State Treasurer,,DEM,Mark Haugen,520
Ramsey,State Treasurer,,DEM,write-in,0
Ramsey,State Treasurer,,REP,Daniel Johnston,852
Ramsey,State Treasurer,,REP,Thomas Beadle,792
Ramsey,State Treasurer,,REP,write-in,1
Ramsey,Superintendent of Public Instruction,,,Brandt J Dick,616
Ramsey,Superintendent of Public Instruction,,,Charles J Tuttle,384
Ramsey,Superintendent of Public Instruction,,,Kirsten Baesler,1299
Ramsey,Superintendent of Public Instruction,,,write-in,2
Ramsey,U.S. House,1,,Steven James Peterson,5
Ramsey,U.S. House,1,,write-in,0
Ramsey,U.S. House,1,DEM,Roland Clifford Riemers,230
Ramsey,U.S. House,1,DEM,Zach Raknerud,280
Ramsey,U.S. House,1,DEM,write-in,1
Ramsey,U.S. House,1,REP,Kelly Armstrong,1634
Ramsey,U.S. House,1,REP,write-in,4
Ransom,Council Member Enderlin,,,Kevin Bunn,179
Ransom,Council Member Enderlin,,,Shelly Hanson,167
Ransom,Council Member Enderlin,,,Steven Friederichs,175
Ransom,Council Member Enderlin,,,write-in,4
Ransom,Council Member Lisbon,,,Jeremy Waliser,317
Ransom,Council Member Lisbon,,,Kenneth Williams II,321
Ransom,Council Member Lisbon,,,Lydell Mairs,349
Ransom,Council Member Lisbon,,,write-in,26
Ransom,County Commissioner Ransom,,,Connie Gilbert,773
Ransom,County Commissioner Ransom,,,Greg Schwab,509
Ransom,County Commissioner Ransom,,,Heather Hanna,440
Ransom,County Commissioner Ransom,,,Joe Mathern,628
Ransom,County Commissioner Ransom,,,Kevin Bishop,482
Ransom,County Commissioner Ransom,,,Lyle Thomason,370
Ransom,County Commissioner Ransom,,,write-in,6
Ransom,"Director, Garrison Diversion Conservancy Ransom",,,Jay Anderson,1020
Ransom,"Director, Garrison Diversion Conservancy Ransom",,,write-in,1
Ransom,Governor and Lt. Governor,,,DuWayne Hendrickson and<br/>Joshua Voytek,19
Ransom,Governor and Lt. Governor,,,write-in,0
Ransom,Governor and Lt. Governor,,DEM,Shelley Lenz and Ben Vig,382
Ransom,Governor and Lt. Governor,,DEM,write-in,0
Ransom,Governor and Lt. Governor,,REP,Doug Burgum and Brent Sanford,552
Ransom,Governor and Lt. Governor,,REP,Michael Coachman and Joel H Hylden,55
Ransom,Governor and Lt. Governor,,REP,write-in,0
Ransom,Insurance Commissioner,,,write-in,0
Ransom,Insurance Commissioner,,DEM,Travisia Martin,382
Ransom,Insurance Commissioner,,DEM,write-in,0
Ransom,Insurance Commissioner,,REP,Jon Godfread,551
Ransom,Insurance Commissioner,,REP,write-in,0
Ransom,Judge of the District Court No. 1 Unexpired 4-Year Term Southeast,,,Cherie L Clark,1004
Ransom,Judge of the District Court No. 1 Unexpired 4-Year Term Southeast,,,write-in,1
Ransom,Justice of the Supreme Court,,,Jon Jay Jensen,1008
Ransom,Justice of the Supreme Court,,,write-in,2
Ransom,Park Board Member Enderlin Park,,,Gary Adair,177
Ransom,Park Board Member Enderlin Park,,,Ross Berglund,181
Ransom,Park Board Member Enderlin Park,,,Scott Groth,173
Ransom,Park Board Member Enderlin Park,,,write-in,1
Ransom,Park Board Member Lisbon Park,,,write-in,49
Ransom,Public Service Commissioner,,,write-in,0
Ransom,Public Service Commissioner,,DEM,Casey D Buchmann,382
Ransom,Public Service Commissioner,,DEM,write-in,0
Ransom,Public Service Commissioner,,REP,Brian Kroshus,554
Ransom,Public Service Commissioner,,REP,write-in,0
Ransom,Publication of Enderlin City Governing Body Minutes Enderlin,,,No,8
Ransom,Publication of Enderlin City Governing Body Minutes Enderlin,,,Yes,183
Ransom,Publication of Lisbon City Governing Body Minutes Lisbon,,,No,15
Ransom,Publication of Lisbon City Governing Body Minutes Lisbon,,,Yes,392
Ransom,State Auditor,,,write-in,0
Ransom,State Auditor,,DEM,Patrick Hart,380
Ransom,State Auditor,,DEM,write-in,1
Ransom,State Auditor,,REP,Joshua C Gallion,552
Ransom,State Auditor,,REP,write-in,1
Ransom,State House,24,,write-in,0
Ransom,State House,24,DEM,Bradley Edin,167
Ransom,State House,24,DEM,Naomi T Muscha,200
Ransom,State House,24,DEM,write-in,2
Ransom,State House,24,REP,Cole Christensen,231
Ransom,State House,24,REP,Dwight Kiefert,233
Ransom,State House,24,REP,write-in,0
Ransom,State House,26,,Mattie J Richardson,29
Ransom,State House,26,,write-in,0
Ransom,State House,26,DEM,Alan J Peterson,169
Ransom,State House,26,DEM,John M Hokana,155
Ransom,State House,26,DEM,write-in,1
Ransom,State House,26,REP,Kathy Skroch,290
Ransom,State House,26,REP,Sebastian Ertelt,270
Ransom,State House,26,REP,write-in,5
Ransom,State Senate,24,,write-in,0
Ransom,State Senate,24,DEM,Larry J Robinson,206
Ransom,State Senate,24,DEM,write-in,0
Ransom,State Senate,24,REP,Mike Wobbema,239
Ransom,State Senate,24,REP,write-in,2
Ransom,State Senate,26,,write-in,1
Ransom,State Senate,26,DEM,Jim Dotzenrod,198
Ransom,State Senate,26,DEM,write-in,0
Ransom,State Senate,26,REP,Jason Heitkamp,305
Ransom,State Senate,26,REP,write-in,2
Ransom,State Treasurer,,,write-in,0
Ransom,State Treasurer,,DEM,Mark Haugen,388
Ransom,State Treasurer,,DEM,write-in,0
Ransom,State Treasurer,,REP,Daniel Johnston,263
Ransom,State Treasurer,,REP,Thomas Beadle,323
Ransom,State Treasurer,,REP,write-in,0
Ransom,Superintendent of Public Instruction,,,Brandt J Dick,383
Ransom,Superintendent of Public Instruction,,,Charles J Tuttle,154
Ransom,Superintendent of Public Instruction,,,Kirsten Baesler,526
Ransom,Superintendent of Public Instruction,,,write-in,0
Ransom,U.S. House,1,,Steven James Peterson,20
Ransom,U.S. House,1,,write-in,0
Ransom,U.S. House,1,DEM,Roland Clifford Riemers,188
Ransom,U.S. House,1,DEM,Zach Raknerud,178
Ransom,U.S. House,1,DEM,write-in,1
Ransom,U.S. House,1,REP,Kelly Armstrong,574
Ransom,U.S. House,1,REP,write-in,2
Renville,Council Member Glenburn,,,Brian Bennett,89
Renville,Council Member Glenburn,,,David Hoff,91
Renville,Council Member Glenburn,,,Rochelle Gilleney,25
Renville,Council Member Glenburn,,,write-in,2
Renville,Council Member Mohall,,,Dawn Larson,148
Renville,Council Member Mohall,,,James R Bender,146
Renville,Council Member Mohall,,,Mary Marmon,150
Renville,Council Member Mohall,,,write-in,18
Renville,Council Member Sherwood,,,Brett Hefter,56
Renville,Council Member Sherwood,,,write-in,21
Renville,Council Member Tolley,,,Jessica Stark,11
Renville,Council Member Tolley,,,Shelley Iverson,8
Renville,Council Member Tolley,,,write-in,0
Renville,Council Member Unexpired 2-Year Term Tolley,,,Kolby Iverson,16
Renville,Council Member Unexpired 2-Year Term Tolley,,,write-in,1
Renville,County Commissioner By District Renville - District 2,,,Robert Marmon,188
Renville,County Commissioner By District Renville - District 2,,,write-in,6
Renville,Governor and Lt. Governor,,,DuWayne Hendrickson and<br/>Joshua Voytek,5
Renville,Governor and Lt. Governor,,,write-in,0
Renville,Governor and Lt. Governor,,DEM,Shelley Lenz and Ben Vig,93
Renville,Governor and Lt. Governor,,DEM,write-in,0
Renville,Governor and Lt. Governor,,REP,Doug Burgum and Brent Sanford,534
Renville,Governor and Lt. Governor,,REP,Michael Coachman and Joel H Hylden,25
Renville,Governor and Lt. Governor,,REP,write-in,0
Renville,Insurance Commissioner,,,write-in,0
Renville,Insurance Commissioner,,DEM,Travisia Martin,91
Renville,Insurance Commissioner,,DEM,write-in,0
Renville,Insurance Commissioner,,REP,Jon Godfread,514
Renville,Insurance Commissioner,,REP,write-in,0
Renville,Judge of the District Court No. 2 Unexpired 4-Year Term Northeast,,,Michael Hurly,611
Renville,Judge of the District Court No. 2 Unexpired 4-Year Term Northeast,,,write-in,0
Renville,Judge of the District Court No. 3 Northeast,,,Anthony Swain Benson,607
Renville,Judge of the District Court No. 3 Northeast,,,write-in,4
Renville,Judge of the District Court No. 4 Northeast,,,Donovan Foughty,598
Renville,Judge of the District Court No. 4 Northeast,,,write-in,0
Renville,Judge of the District Court No. 6 Unexpired 4-Year Term Northeast,,,Barbara L Whelan,599
Renville,Judge of the District Court No. 6 Unexpired 4-Year Term Northeast,,,write-in,0
Renville,Justice of the Supreme Court,,,Jon Jay Jensen,614
Renville,Justice of the Supreme Court,,,write-in,0
Renville,Mayor Glenburn,,,Christopher Clementich,29
Renville,Mayor Glenburn,,,Eric Folstad,79
Renville,Mayor Glenburn,,,write-in,0
Renville,Mayor Mohall,,,Tom Witteman,168
Renville,Mayor Mohall,,,write-in,3
Renville,Mayor Unexpired 2-Year Term Tolley,,,Richard Tohm,14
Renville,Mayor Unexpired 2-Year Term Tolley,,,write-in,3
Renville,Municipal Judge Mohall,,,write-in,12
Renville,PUBLICATION OF CITY GOVERNING BODY MINUTES Glenburn,,,No,14
Renville,PUBLICATION OF CITY GOVERNING BODY MINUTES Glenburn,,,Yes,90
Renville,PUBLICATION OF CITY GOVERNING BODY MINUTES Mohall,,,No,14
Renville,PUBLICATION OF CITY GOVERNING BODY MINUTES Mohall,,,Yes,173
Renville,PUBLICATION OF CITY GOVERNING BODY MINUTES Sherwood,,,No,2
Renville,PUBLICATION OF CITY GOVERNING BODY MINUTES Sherwood,,,Yes,51
Renville,PUBLICATION OF CITY GOVERNING BODY MINUTES Tolley,,,No,5
Renville,PUBLICATION OF CITY GOVERNING BODY MINUTES Tolley,,,Yes,13
Renville,Park Board Member Glenburn Park,,,Martha Harrison,101
Renville,Park Board Member Glenburn Park,,,Timothy Zeltinger,87
Renville,Park Board Member Glenburn Park,,,write-in,2
Renville,Park Board Member Mohall Park,,,Carri Helwig,162
Renville,Park Board Member Mohall Park,,,write-in,22
Renville,Park Board Member Sherwood Park,,,Jeanette Daeley,44
Renville,Park Board Member Sherwood Park,,,write-in,8
Renville,Public Service Commissioner,,,write-in,0
Renville,Public Service Commissioner,,DEM,Casey D Buchmann,91
Renville,Public Service Commissioner,,DEM,write-in,0
Renville,Public Service Commissioner,,REP,Brian Kroshus,513
Renville,Public Service Commissioner,,REP,write-in,0
Renville,State Auditor,,,write-in,0
Renville,State Auditor,,DEM,Patrick Hart,91
Renville,State Auditor,,DEM,write-in,0
Renville,State Auditor,,REP,Joshua C Gallion,514
Renville,State Auditor,,REP,write-in,0
Renville,State House,6,,write-in,0
Renville,State House,6,DEM,Arnold W Langehaug,83
Renville,State House,6,DEM,Trygve Hammer,78
Renville,State House,6,DEM,write-in,0
Renville,State House,6,REP,Paul J Thomas,450
Renville,State House,6,REP,Richard Anderson,490
Renville,State House,6,REP,write-in,1
Renville,State Senate,6,,write-in,0
Renville,State Senate,6,DEM,Morris Holen Jr,96
Renville,State Senate,6,DEM,write-in,0
Renville,State Senate,6,REP,Shawn Vedaa,523
Renville,State Senate,6,REP,write-in,1
Renville,State Treasurer,,,write-in,0
Renville,State Treasurer,,DEM,Mark Haugen,91
Renville,State Treasurer,,DEM,write-in,0
Renville,State Treasurer,,REP,Daniel Johnston,236
Renville,State Treasurer,,REP,Thomas Beadle,273
Renville,State Treasurer,,REP,write-in,0
Renville,Superintendent of Public Instruction,,,Brandt J Dick,165
Renville,Superintendent of Public Instruction,,,Charles J Tuttle,101
Renville,Superintendent of Public Instruction,,,Kirsten Baesler,366
Renville,Superintendent of Public Instruction,,,write-in,2
Renville,U.S. House,1,,Steven James Peterson,5
Renville,U.S. House,1,,write-in,0
Renville,U.S. House,1,DEM,Roland Clifford Riemers,48
Renville,U.S. House,1,DEM,Zach Raknerud,47
Renville,U.S. House,1,DEM,write-in,0
Renville,U.S. House,1,REP,Kelly Armstrong,542
Renville,U.S. House,1,REP,write-in,0
Richland,"City Sales, Use, and Gross Receipts Tax Lidgerwood",,,No,51
Richland,"City Sales, Use, and Gross Receipts Tax Lidgerwood",,,Yes,127
Richland,Council Member Abercrombie,,,David Hammond,46
Richland,Council Member Abercrombie,,,Shawn Paczkowski,43
Richland,Council Member Abercrombie,,,write-in,3
Richland,Council Member Barney,,,Jean Akers,19
Richland,Council Member Barney,,,Paul Berneking,16
Richland,Council Member Barney,,,write-in,1
Richland,Council Member Christine,,,Jeremy Klumper,27
Richland,Council Member Christine,,,write-in,7
Richland,Council Member Colfax,,,Justin Reiland,48
Richland,Council Member Colfax,,,Kyle Krump,51
Richland,Council Member Colfax,,,write-in,0
Richland,Council Member Dwight,,,Aaron Petersen,9
Richland,Council Member Dwight,,,Andrew Rowland,9
Richland,Council Member Dwight,,,Miles Helgeson,10
Richland,Council Member Dwight,,,write-in,1
Richland,Council Member Fairmount,,,Leo Taylor,52
Richland,Council Member Fairmount,,,Renae Swanson,46
Richland,Council Member Fairmount,,,write-in,4
Richland,Council Member Great Bend,,,Paul Hentges,24
Richland,Council Member Great Bend,,,Steven Jensen,21
Richland,Council Member Great Bend,,,write-in,4
Richland,Council Member Hankinson,,,"Joline O""Hara",121
Richland,Council Member Hankinson,,,write-in,108
Richland,Council Member Lidgerwood,,,Stephanie Hejtmanek,139
Richland,Council Member Lidgerwood,,,write-in,82
Richland,Council Member Mantador,,,Travis Haase,9
Richland,Council Member Mantador,,,write-in,4
Richland,Council Member Mooreton,,,write-in,47
Richland,Council Member Unexpired 2-Year Term Colfax,,,Paul Lucas,41
Richland,Council Member Unexpired 2-Year Term Colfax,,,write-in,9
Richland,Council Member Unexpired 2-Year Term Mooreton,,,write-in,19
Richland,Council Member Unexpired 2-Year Term Wahpeton Ward 1,,,Abby Heitkamp,244
Richland,Council Member Unexpired 2-Year Term Wahpeton Ward 1,,,write-in,0
Richland,Council Member Unexpired 2-Year Term Wahpeton Ward 3,,,Bruce Eckre,69
Richland,Council Member Unexpired 2-Year Term Wahpeton Ward 3,,,Tiana Bohn,117
Richland,Council Member Unexpired 2-Year Term Wahpeton Ward 3,,,write-in,0
Richland,Council Member Wahpeton,,,Brett Lambrecht,1046
Richland,Council Member Wahpeton,,,Renata Fobb,784
Richland,Council Member Wahpeton,,,write-in,12
Richland,Council Member Wahpeton Ward 2,,,Jason Goltz,274
Richland,Council Member Wahpeton Ward 2,,,write-in,0
Richland,Council Member Wahpeton Ward 4,,,Bryan Wolfgram,167
Richland,Council Member Wahpeton Ward 4,,,David Woods II,214
Richland,Council Member Wahpeton Ward 4,,,write-in,0
Richland,Council Member Walcott,,,Greg Oestreich,48
Richland,Council Member Walcott,,,write-in,4
Richland,Council Member Wyndmere,,,Timothy Hetland,112
Richland,Council Member Wyndmere,,,write-in,25
Richland,County Commissioner at Large Richland,,,Danny Thompson,1654
Richland,County Commissioner at Large Richland,,,Perry Miller,1818
Richland,County Commissioner at Large Richland,,,Tim Campbell,1928
Richland,County Commissioner at Large Richland,,,write-in,19
Richland,Governor and Lt. Governor,,,DuWayne Hendrickson and<br/>Joshua Voytek,21
Richland,Governor and Lt. Governor,,,write-in,0
Richland,Governor and Lt. Governor,,DEM,Shelley Lenz and Ben Vig,859
Richland,Governor and Lt. Governor,,DEM,write-in,3
Richland,Governor and Lt. Governor,,REP,Doug Burgum and Brent Sanford,1764
Richland,Governor and Lt. Governor,,REP,Michael Coachman and Joel H Hylden,188
Richland,Governor and Lt. Governor,,REP,write-in,1
Richland,"Increase City Sales, Use & Gross Receipts Tax Wyndmere",,,No,34
Richland,"Increase City Sales, Use & Gross Receipts Tax Wyndmere",,,Yes,84
Richland,Insurance Commissioner,,,write-in,0
Richland,Insurance Commissioner,,DEM,Travisia Martin,839
Richland,Insurance Commissioner,,DEM,write-in,0
Richland,Insurance Commissioner,,REP,Jon Godfread,1741
Richland,Insurance Commissioner,,REP,write-in,3
Richland,Judge of the District Court No. 1 Unexpired 4-Year Term Southeast,,,Cherie L Clark,2574
Richland,Judge of the District Court No. 1 Unexpired 4-Year Term Southeast,,,write-in,6
Richland,Justice of the Supreme Court,,,Jon Jay Jensen,2578
Richland,Justice of the Supreme Court,,,write-in,7
Richland,Mayor Abercrombie,,,Christie Bauer,5
Richland,Mayor Abercrombie,,,Joe Storbakken,46
Richland,Mayor Abercrombie,,,write-in,1
Richland,Mayor Christine,,,Randy Monson,23
Richland,Mayor Christine,,,write-in,5
Richland,Mayor Colfax,,,Jeff Olson,42
Richland,Mayor Colfax,,,write-in,15
Richland,Mayor Dwight,,,Leo Griffin,12
Richland,Mayor Dwight,,,write-in,0
Richland,Mayor Fairmount,,,Jon Nelk,44
Richland,Mayor Fairmount,,,write-in,13
Richland,Mayor Great Bend,,,Steven Manock,22
Richland,Mayor Great Bend,,,write-in,3
Richland,Mayor Mantador,,,Michael Jentz,6
Richland,Mayor Mantador,,,write-in,7
Richland,Mayor Mooreton,,,write-in,28
Richland,Mayor Walcott,,,Lee Vining,45
Richland,Mayor Walcott,,,write-in,4
Richland,Municipal Judge Lidgerwood,,,Leigha Johanson,120
Richland,Municipal Judge Lidgerwood,,,write-in,6
Richland,Park Board Member Abercrombie Park,,,Jennifer Clark,49
Richland,Park Board Member Abercrombie Park,,,Kelly Peterson,45
Richland,Park Board Member Abercrombie Park,,,write-in,3
Richland,Park Board Member Barney Park,,,Ardes Moore,14
Richland,Park Board Member Barney Park,,,Sarah Geray,20
Richland,Park Board Member Barney Park,,,write-in,0
Richland,Park Board Member Christine Park,,,write-in,17
Richland,Park Board Member Colfax Park,,,Jason Frankl,53
Richland,Park Board Member Colfax Park,,,Jon Erdahl,44
Richland,Park Board Member Colfax Park,,,Pamela Krump,45
Richland,Park Board Member Colfax Park,,,write-in,13
Richland,Park Board Member Dwight Park,,,write-in,3
Richland,Park Board Member Fairmount Park,,,David Sanborn,59
Richland,Park Board Member Fairmount Park,,,write-in,20
Richland,Park Board Member Great Bend Park,,,Dale Ziegelman,24
Richland,Park Board Member Great Bend Park,,,write-in,2
Richland,Park Board Member Hankinson Park,,,Jason Monilaws,146
Richland,Park Board Member Hankinson Park,,,Samuel Hernandez,154
Richland,Park Board Member Hankinson Park,,,write-in,16
Richland,Park Board Member Lidgerwood Park,,,write-in,74
Richland,Park Board Member Mantador Park,,,write-in,11
Richland,Park Board Member Mooreton Park,,,write-in,37
Richland,Park Board Member Unexpired 2-Year Term Fairmount Park,,,write-in,11
Richland,Park Board Member Unexpired 2-Year Term Great Bend Park,,,Darlene Ziegelman,22
Richland,Park Board Member Unexpired 2-Year Term Great Bend Park,,,write-in,2
Richland,Park Board Member Unexpired 2-Year Term Hankinson Park,,,Jason Semerad,153
Richland,Park Board Member Unexpired 2-Year Term Hankinson Park,,,write-in,44
Richland,Park Board Member Unexpired 2-Year Term Lidgerwood Park,,,write-in,30
Richland,Park Board Member Wahpeton Park,,,Tyler Gripentrog,1081
Richland,Park Board Member Wahpeton Park,,,write-in,62
Richland,Park Board Member Walcott Park,,,Kaelan Akvik,48
Richland,Park Board Member Walcott Park,,,write-in,6
Richland,Park Board Member Wyndmere Park,,,Jerry Arneson,99
Richland,Park Board Member Wyndmere Park,,,write-in,33
Richland,Public Service Commissioner,,,write-in,0
Richland,Public Service Commissioner,,DEM,Casey D Buchmann,843
Richland,Public Service Commissioner,,DEM,write-in,0
Richland,Public Service Commissioner,,REP,Brian Kroshus,1739
Richland,Public Service Commissioner,,REP,write-in,2
Richland,Publication of City Governing Body Minutes Lidgerwood,,,No,23
Richland,Publication of City Governing Body Minutes Lidgerwood,,,Yes,154
Richland,Publication of City Governing Body Minutes Wahpeton,,,No,134
Richland,Publication of City Governing Body Minutes Wahpeton,,,Yes,1020
Richland,Publication of Governing Body Minutes Wyndmere,,,No,23
Richland,Publication of Governing Body Minutes Wyndmere,,,Yes,93
Richland,Publication of Minutes Abercrombie,,,No,21
Richland,Publication of Minutes Abercrombie,,,Yes,31
Richland,Publication of Minutes Barney,,,No,11
Richland,Publication of Minutes Barney,,,Yes,8
Richland,Publication of Minutes Christine,,,No,9
Richland,Publication of Minutes Christine,,,Yes,18
Richland,Publication of Minutes Colfax,,,No,34
Richland,Publication of Minutes Colfax,,,Yes,20
Richland,Publication of Minutes Dwight,,,No,8
Richland,Publication of Minutes Dwight,,,Yes,4
Richland,Publication of Minutes Fairmount,,,No,12
Richland,Publication of Minutes Fairmount,,,Yes,43
Richland,Publication of Minutes Great Bend,,,No,14
Richland,Publication of Minutes Great Bend,,,Yes,11
Richland,Publication of Minutes Hankinson,,,No,10
Richland,Publication of Minutes Hankinson,,,Yes,167
Richland,Publication of Minutes Mantador,,,No,6
Richland,Publication of Minutes Mantador,,,Yes,6
Richland,Publication of Minutes Mooreton,,,No,8
Richland,Publication of Minutes Mooreton,,,Yes,32
Richland,Publication of Minutes Walcott,,,No,19
Richland,Publication of Minutes Walcott,,,Yes,32
Richland,State Auditor,,,write-in,0
Richland,State Auditor,,DEM,Patrick Hart,840
Richland,State Auditor,,DEM,write-in,0
Richland,State Auditor,,REP,Joshua C Gallion,1727
Richland,State Auditor,,REP,write-in,6
Richland,State House,26,,Mattie J Richardson,15
Richland,State House,26,,write-in,0
Richland,State House,26,DEM,Alan J Peterson,271
Richland,State House,26,DEM,John M Hokana,260
Richland,State House,26,DEM,write-in,1
Richland,State House,26,REP,Kathy Skroch,424
Richland,State House,26,REP,Sebastian Ertelt,382
Richland,State House,26,REP,write-in,9
Richland,State Senate,26,,write-in,0
Richland,State Senate,26,DEM,Jim Dotzenrod,327
Richland,State Senate,26,DEM,write-in,0
Richland,State Senate,26,REP,Jason Heitkamp,396
Richland,State Senate,26,REP,write-in,17
Richland,State Treasurer,,,write-in,0
Richland,State Treasurer,,DEM,Mark Haugen,854
Richland,State Treasurer,,DEM,write-in,0
Richland,State Treasurer,,REP,Daniel Johnston,761
Richland,State Treasurer,,REP,Thomas Beadle,1027
Richland,State Treasurer,,REP,write-in,3
Richland,Superintendent of Public Instruction,,,Brandt J Dick,597
Richland,Superintendent of Public Instruction,,,Charles J Tuttle,562
Richland,Superintendent of Public Instruction,,,Kirsten Baesler,1659
Richland,Superintendent of Public Instruction,,,write-in,4
Richland,U.S. House,1,,Steven James Peterson,22
Richland,U.S. House,1,,write-in,0
Richland,U.S. House,1,DEM,Roland Clifford Riemers,419
Richland,U.S. House,1,DEM,Zach Raknerud,410
Richland,U.S. House,1,DEM,write-in,0
Richland,U.S. House,1,REP,Kelly Armstrong,1814
Richland,U.S. House,1,REP,write-in,8
Rolette,Council Member Dunseith,,,Carl Lagerquist,51
Rolette,Council Member Dunseith,,,Harold Bruce,17
Rolette,Council Member Dunseith,,,James Burcham,17
Rolette,Council Member Dunseith,,,Randy Vivier,38
Rolette,Council Member Dunseith,,,write-in,0
Rolette,Council Member Rolette,,,Andrew Gilje,86
Rolette,Council Member Rolette,,,Randy Rost,75
Rolette,Council Member Rolette,,,write-in,4
Rolette,Council Member Rolla,,,Blake Gottbreht,224
Rolette,Council Member Rolla,,,Hovi Mitchell,233
Rolette,Council Member Rolla,,,Paula J Wilkie,221
Rolette,Council Member Rolla,,,write-in,8
Rolette,Council Member St John,,,write-in,57
Rolette,Council Member Unexpired 2-Year Term Mylo,,,write-in,10
Rolette,Council Member Unexpired 2-Year Term St John,,,write-in,28
Rolette,County Commissioner at Large Rolette,,,Alex Albert,656
Rolette,County Commissioner at Large Rolette,,,Allen Schlenvogt,843
Rolette,County Commissioner at Large Rolette,,,Archie Metcalfe,746
Rolette,County Commissioner at Large Rolette,,,Clarence Counts,265
Rolette,County Commissioner at Large Rolette,,,Donna M Jay,367
Rolette,County Commissioner at Large Rolette,,,Doranna Poitra,144
Rolette,County Commissioner at Large Rolette,,,Elton Davis,103
Rolette,County Commissioner at Large Rolette,,,Henry Larocque,757
Rolette,County Commissioner at Large Rolette,,,Lisa Rogers,146
Rolette,County Commissioner at Large Rolette,,,Shawn Marcellais,199
Rolette,County Commissioner at Large Rolette,,,write-in,21
Rolette,County State's Attorney Unexpired 2-Year Term Rolette,,,Brian Grosinger,1253
Rolette,County State's Attorney Unexpired 2-Year Term Rolette,,,write-in,8
Rolette,Governor and Lt. Governor,,,DuWayne Hendrickson and<br/>Joshua Voytek,3
Rolette,Governor and Lt. Governor,,,write-in,0
Rolette,Governor and Lt. Governor,,DEM,Shelley Lenz and Ben Vig,572
Rolette,Governor and Lt. Governor,,DEM,write-in,0
Rolette,Governor and Lt. Governor,,REP,Doug Burgum and Brent Sanford,825
Rolette,Governor and Lt. Governor,,REP,Michael Coachman and Joel H Hylden,30
Rolette,Governor and Lt. Governor,,REP,write-in,0
Rolette,Insurance Commissioner,,,write-in,0
Rolette,Insurance Commissioner,,DEM,Travisia Martin,582
Rolette,Insurance Commissioner,,DEM,write-in,0
Rolette,Insurance Commissioner,,REP,Jon Godfread,691
Rolette,Insurance Commissioner,,REP,write-in,1
Rolette,Judge of the District Court No. 2 Unexpired 4-Year Term Northeast,,,Michael Hurly,1263
Rolette,Judge of the District Court No. 2 Unexpired 4-Year Term Northeast,,,write-in,2
Rolette,Judge of the District Court No. 3 Northeast,,,Anthony Swain Benson,1282
Rolette,Judge of the District Court No. 3 Northeast,,,write-in,10
Rolette,Judge of the District Court No. 4 Northeast,,,Donovan Foughty,1278
Rolette,Judge of the District Court No. 4 Northeast,,,write-in,4
Rolette,Judge of the District Court No. 6 Unexpired 4-Year Term Northeast,,,Barbara L Whelan,1249
Rolette,Judge of the District Court No. 6 Unexpired 4-Year Term Northeast,,,write-in,3
Rolette,Justice of the Supreme Court,,,Jon Jay Jensen,1277
Rolette,Justice of the Supreme Court,,,write-in,4
Rolette,Mayor Mylo,,,write-in,5
Rolette,Municipal Judge Rolette,,,Keith Benning,75
Rolette,Municipal Judge Rolette,,,write-in,2
Rolette,Park Board Member Dunseith,,,Cheryl Evans,59
Rolette,Park Board Member Dunseith,,,Cheryl Haagenson,76
Rolette,Park Board Member Dunseith,,,Rose Gottbreht,57
Rolette,Park Board Member Dunseith,,,write-in,0
Rolette,Park Board Member Rolette,,,Karolann Kaufman,78
Rolette,Park Board Member Rolette,,,Tara Nelson,82
Rolette,Park Board Member Rolette,,,write-in,0
Rolette,Park Board Member Rolla,,,Brock Mitchell,251
Rolette,Park Board Member Rolla,,,write-in,71
Rolette,Public Service Commissioner,,,write-in,0
Rolette,Public Service Commissioner,,DEM,Casey D Buchmann,584
Rolette,Public Service Commissioner,,DEM,write-in,0
Rolette,Public Service Commissioner,,REP,Brian Kroshus,681
Rolette,Public Service Commissioner,,REP,write-in,2
Rolette,Publication of City Governing Body Minutes Dunseith,,,No,17
Rolette,Publication of City Governing Body Minutes Dunseith,,,Yes,63
Rolette,Publication of City Governing Body Minutes Mylo,,,No,5
Rolette,Publication of City Governing Body Minutes Mylo,,,Yes,1
Rolette,Publication of City Governing Body Minutes Rolette,,,No,4
Rolette,Publication of City Governing Body Minutes Rolette,,,Yes,85
Rolette,Publication of City Governing Body Minutes Rolla,,,No,13
Rolette,Publication of City Governing Body Minutes Rolla,,,Yes,249
Rolette,Publication of City Governing Body Minutes St John,,,No,2
Rolette,Publication of City Governing Body Minutes St John,,,Yes,63
Rolette,State Auditor,,,write-in,0
Rolette,State Auditor,,DEM,Patrick Hart,582
Rolette,State Auditor,,DEM,write-in,1
Rolette,State Auditor,,REP,Joshua C Gallion,688
Rolette,State Auditor,,REP,write-in,1
Rolette,State Treasurer,,,write-in,0
Rolette,State Treasurer,,DEM,Mark Haugen,586
Rolette,State Treasurer,,DEM,write-in,0
Rolette,State Treasurer,,REP,Daniel Johnston,390
Rolette,State Treasurer,,REP,Thomas Beadle,327
Rolette,State Treasurer,,REP,write-in,1
Rolette,Superintendent of Public Instruction,,,Brandt J Dick,275
Rolette,Superintendent of Public Instruction,,,Charles J Tuttle,326
Rolette,Superintendent of Public Instruction,,,Kirsten Baesler,845
Rolette,Superintendent of Public Instruction,,,write-in,5
Rolette,U.S. House,1,,Steven James Peterson,2
Rolette,U.S. House,1,,write-in,0
Rolette,U.S. House,1,DEM,Roland Clifford Riemers,273
Rolette,U.S. House,1,DEM,Zach Raknerud,289
Rolette,U.S. House,1,DEM,write-in,0
Rolette,U.S. House,1,REP,Kelly Armstrong,730
Rolette,U.S. House,1,REP,write-in,0
Sargent,Council Member Cayuga,,,Paul Kiefer,9
Sargent,Council Member Cayuga,,,write-in,1
Sargent,Council Member Cogswell,,,Jesse Anderson,13
Sargent,Council Member Cogswell,,,write-in,9
Sargent,Council Member Forman,,,Allen Colemer,109
Sargent,Council Member Forman,,,Neil Weaving,103
Sargent,Council Member Forman,,,write-in,5
Sargent,Council Member Gwinner,,,Auston Creech,156
Sargent,Council Member Gwinner,,,Bryton Ciesynski,143
Sargent,Council Member Gwinner,,,Jaimie Gavin,160
Sargent,Council Member Gwinner,,,write-in,6
Sargent,Council Member Havana,,,Jason Wolff,18
Sargent,Council Member Havana,,,Leif Nelson,18
Sargent,Council Member Havana,,,write-in,0
Sargent,Council Member Milnor,,,Monty Haugen,111
Sargent,Council Member Milnor,,,Ryan Weber,135
Sargent,Council Member Milnor,,,write-in,51
Sargent,Council Member Rutland,,,Bert Siemieniewski,42
Sargent,Council Member Rutland,,,Delores Lysne,51
Sargent,Council Member Rutland,,,write-in,16
Sargent,Council Member Unexpired 2-Year Term Gwinner,,,Brian Gilje,182
Sargent,Council Member Unexpired 2-Year Term Gwinner,,,write-in,2
Sargent,Council Member Unexpired 2-Year Term Milnor,,,write-in,29
Sargent,County Commissioner at Large Sargent,,,Bill Anderson,464
Sargent,County Commissioner at Large Sargent,,,Jason Arth,756
Sargent,County Commissioner at Large Sargent,,,Mark Breker,443
Sargent,County Commissioner at Large Sargent,,,Timothy Peterson,365
Sargent,County Commissioner at Large Sargent,,,write-in,3
Sargent,"Director, Garrison Diversion Conservancy Sargent",,,Brian Orn,985
Sargent,"Director, Garrison Diversion Conservancy Sargent",,,write-in,4
Sargent,Governor and Lt. Governor,,,DuWayne Hendrickson and<br/>Joshua Voytek,8
Sargent,Governor and Lt. Governor,,,write-in,0
Sargent,Governor and Lt. Governor,,DEM,Shelley Lenz and Ben Vig,390
Sargent,Governor and Lt. Governor,,DEM,write-in,0
Sargent,Governor and Lt. Governor,,REP,Doug Burgum and Brent Sanford,525
Sargent,Governor and Lt. Governor,,REP,Michael Coachman and Joel H Hylden,33
Sargent,Governor and Lt. Governor,,REP,write-in,0
Sargent,Insurance Commissioner,,,write-in,0
Sargent,Insurance Commissioner,,DEM,Travisia Martin,389
Sargent,Insurance Commissioner,,DEM,write-in,1
Sargent,Insurance Commissioner,,REP,Jon Godfread,505
Sargent,Insurance Commissioner,,REP,write-in,1
Sargent,Judge of the District Court No. 1 Unexpired 4-Year Term Southeast,,,Cherie L Clark,914
Sargent,Judge of the District Court No. 1 Unexpired 4-Year Term Southeast,,,write-in,1
Sargent,Justice of the Supreme Court,,,Jon Jay Jensen,913
Sargent,Justice of the Supreme Court,,,write-in,3
Sargent,Mayor Cayuga,,,Mary Saunders,9
Sargent,Mayor Cayuga,,,write-in,1
Sargent,Mayor Gwinner,,,Dan McKeever,179
Sargent,Mayor Gwinner,,,write-in,5
Sargent,Mayor Rutland,,,Michael Mahrer,55
Sargent,Mayor Rutland,,,Ronald Narum,4
Sargent,Mayor Rutland,,,write-in,2
Sargent,Park Board Member Forman Park,,,Daniel Warcken,104
Sargent,Park Board Member Forman Park,,,Michael Keiper,109
Sargent,Park Board Member Forman Park,,,Tansey Hosford,112
Sargent,Park Board Member Forman Park,,,write-in,2
Sargent,Park Board Member Gwinner Park,,,Ashlee Lien,169
Sargent,Park Board Member Gwinner Park,,,Michael Sorlie,166
Sargent,Park Board Member Gwinner Park,,,Torrey Gavin,164
Sargent,Park Board Member Gwinner Park,,,write-in,6
Sargent,Park Board Member Milnor Park,,,Cole Bogart,143
Sargent,Park Board Member Milnor Park,,,Greta L Buskohl,143
Sargent,Park Board Member Milnor Park,,,Keely Lehmann,137
Sargent,Park Board Member Milnor Park,,,write-in,2
Sargent,Park Board Member Rutland Park,,,Hal Nelson,61
Sargent,Park Board Member Rutland Park,,,write-in,31
Sargent,Public Service Commissioner,,,write-in,0
Sargent,Public Service Commissioner,,DEM,Casey D Buchmann,391
Sargent,Public Service Commissioner,,DEM,write-in,0
Sargent,Public Service Commissioner,,REP,Brian Kroshus,505
Sargent,Public Service Commissioner,,REP,write-in,2
Sargent,Publishing of City Minutes Cayuga,,,No,6
Sargent,Publishing of City Minutes Cayuga,,,Yes,4
Sargent,Publishing of City Minutes Cogswell,,,No,5
Sargent,Publishing of City Minutes Cogswell,,,Yes,7
Sargent,Publishing of City Minutes Forman,,,No,13
Sargent,Publishing of City Minutes Forman,,,Yes,110
Sargent,Publishing of City Minutes Gwinner,,,No,4
Sargent,Publishing of City Minutes Gwinner,,,Yes,189
Sargent,Publishing of City Minutes Havana,,,No,1
Sargent,Publishing of City Minutes Havana,,,Yes,18
Sargent,Publishing of City Minutes Milnor,,,No,6
Sargent,Publishing of City Minutes Milnor,,,Yes,144
Sargent,Publishing of City Minutes Rutland,,,No,9
Sargent,Publishing of City Minutes Rutland,,,Yes,47
Sargent,State Auditor,,,write-in,0
Sargent,State Auditor,,DEM,Patrick Hart,389
Sargent,State Auditor,,DEM,write-in,0
Sargent,State Auditor,,REP,Joshua C Gallion,500
Sargent,State Auditor,,REP,write-in,0
Sargent,State House,26,,Mattie J Richardson,13
Sargent,State House,26,,write-in,2
Sargent,State House,26,DEM,Alan J Peterson,368
Sargent,State House,26,DEM,John M Hokana,375
Sargent,State House,26,DEM,write-in,3
Sargent,State House,26,REP,Kathy Skroch,502
Sargent,State House,26,REP,Sebastian Ertelt,463
Sargent,State House,26,REP,write-in,4
Sargent,State Senate,26,,write-in,3
Sargent,State Senate,26,DEM,Jim Dotzenrod,412
Sargent,State Senate,26,DEM,write-in,0
Sargent,State Senate,26,REP,Jason Heitkamp,517
Sargent,State Senate,26,REP,write-in,2
Sargent,State Treasurer,,,write-in,0
Sargent,State Treasurer,,DEM,Mark Haugen,395
Sargent,State Treasurer,,DEM,write-in,1
Sargent,State Treasurer,,REP,Daniel Johnston,238
Sargent,State Treasurer,,REP,Thomas Beadle,275
Sargent,State Treasurer,,REP,write-in,1
Sargent,Superintendent of Public Instruction,,,Brandt J Dick,230
Sargent,Superintendent of Public Instruction,,,Charles J Tuttle,155
Sargent,Superintendent of Public Instruction,,,Kirsten Baesler,575
Sargent,Superintendent of Public Instruction,,,write-in,0
Sargent,U.S. House,1,,Steven James Peterson,7
Sargent,U.S. House,1,,write-in,1
Sargent,U.S. House,1,DEM,Roland Clifford Riemers,172
Sargent,U.S. House,1,DEM,Zach Raknerud,191
Sargent,U.S. House,1,DEM,write-in,0
Sargent,U.S. House,1,REP,Kelly Armstrong,527
Sargent,U.S. House,1,REP,write-in,2
Sheridan,Alderperson - WARD II McClusky,,,Cheryl Helm,70
Sheridan,Alderperson - WARD II McClusky,,,Frank Teumer,41
Sheridan,Alderperson - WARD II McClusky,,,Tracy Stein,38
Sheridan,Alderperson - WARD II McClusky,,,write-in,0
Sheridan,Alderperson Martin,,,Gus Grade,34
Sheridan,Alderperson Martin,,,Travis Monge,19
Sheridan,Alderperson Martin,,,write-in,15
Sheridan,Alderperson Unexpired 2-Year Term - WARD I McClusky,,,Lee Wahl,117
Sheridan,Alderperson Unexpired 2-Year Term - WARD I McClusky,,,write-in,6
Sheridan,City Measure 1 Martin,,,No,5
Sheridan,City Measure 1 Martin,,,Yes,32
Sheridan,City Measure 1 McClusky,,,No,46
Sheridan,City Measure 1 McClusky,,,Yes,98
Sheridan,Council Member Goodrich,,,Morris Broeckel,27
Sheridan,Council Member Goodrich,,,write-in,4
Sheridan,Council Member Unexpired 2-Year Term Goodrich,,,Larry Zeeb,29
Sheridan,Council Member Unexpired 2-Year Term Goodrich,,,Les Larson,38
Sheridan,Council Member Unexpired 2-Year Term Goodrich,,,write-in,3
Sheridan,County Commissioner Sheridan - District 2,,,Michael Axt,205
Sheridan,County Commissioner Sheridan - District 2,,,Rod Schilling,242
Sheridan,County Commissioner Sheridan - District 2,,,Trevor Boehm,80
Sheridan,County Commissioner Sheridan - District 2,,,write-in,4
Sheridan,"Director, Garrison Diversion Conservancy Sheridan",,,James Pellman,460
Sheridan,"Director, Garrison Diversion Conservancy Sheridan",,,write-in,6
Sheridan,Governor and Lt. Governor,,,DuWayne Hendrickson and<br/>Joshua Voytek,1
Sheridan,Governor and Lt. Governor,,,write-in,0
Sheridan,Governor and Lt. Governor,,DEM,Shelley Lenz and Ben Vig,55
Sheridan,Governor and Lt. Governor,,DEM,write-in,1
Sheridan,Governor and Lt. Governor,,REP,Doug Burgum and Brent Sanford,386
Sheridan,Governor and Lt. Governor,,REP,Michael Coachman and Joel H Hylden,71
Sheridan,Governor and Lt. Governor,,REP,write-in,0
Sheridan,Insurance Commissioner,,,write-in,0
Sheridan,Insurance Commissioner,,DEM,Travisia Martin,58
Sheridan,Insurance Commissioner,,DEM,write-in,0
Sheridan,Insurance Commissioner,,REP,Jon Godfread,418
Sheridan,Insurance Commissioner,,REP,write-in,0
Sheridan,Judge of the District Court No. 1 South Central,,,David Reich,467
Sheridan,Judge of the District Court No. 1 South Central,,,write-in,3
Sheridan,Judge of the District Court No. 2 Unexpired 2-Year Term South Central,,,Douglas Bahr,464
Sheridan,Judge of the District Court No. 2 Unexpired 2-Year Term South Central,,,write-in,1
Sheridan,Judge of the District Court No. 7 South Central,,,Bonnie Storbakken,138
Sheridan,Judge of the District Court No. 7 South Central,,,Gabrielle Goter,89
Sheridan,Judge of the District Court No. 7 South Central,,,Scott R Miller,219
Sheridan,Judge of the District Court No. 7 South Central,,,write-in,1
Sheridan,Judge of the District Court No. 8 South Central,,,James S Hill,463
Sheridan,Judge of the District Court No. 8 South Central,,,write-in,1
Sheridan,Justice of the Supreme Court,,,Jon Jay Jensen,470
Sheridan,Justice of the Supreme Court,,,write-in,1
Sheridan,Mayor Martin,,,Milton Hase,22
Sheridan,Mayor Martin,,,Timothy Baird,16
Sheridan,Mayor Martin,,,write-in,0
Sheridan,Mayor Unexpired 2-Year Term McClusky,,,Bryon Belile,103
Sheridan,Mayor Unexpired 2-Year Term McClusky,,,write-in,21
Sheridan,Park Board Member Goodrich Park,,,Donna Sauter,37
Sheridan,Park Board Member Goodrich Park,,,Janna Diviney,35
Sheridan,Park Board Member Goodrich Park,,,write-in,2
Sheridan,Park Board Member McClusky Park,,,Larry Gessner,125
Sheridan,Park Board Member McClusky Park,,,write-in,14
Sheridan,Park Board Member Unexpired 2-Year Term McClusky Park,,,Kristee Tanner,129
Sheridan,Park Board Member Unexpired 2-Year Term McClusky Park,,,write-in,3
Sheridan,Public Service Commissioner,,,write-in,0
Sheridan,Public Service Commissioner,,DEM,Casey D Buchmann,57
Sheridan,Public Service Commissioner,,DEM,write-in,0
Sheridan,Public Service Commissioner,,REP,Brian Kroshus,420
Sheridan,Public Service Commissioner,,REP,write-in,0
Sheridan,School Board Member Goodrich School #16,,,Deneen Richter,91
Sheridan,School Board Member Goodrich School #16,,,Elizabeth Stober,86
Sheridan,School Board Member Goodrich School #16,,,write-in,1
Sheridan,School Board Member at Large McClusky School #19,,,Todd Rath,260
Sheridan,School Board Member at Large McClusky School #19,,,write-in,12
Sheridan,School Board Member from McClusky City McClusky School #19,,,Jason Axt,196
Sheridan,School Board Member from McClusky City McClusky School #19,,,write-in,41
Sheridan,School Board Member from Rural Area McClusky School #19,,,Sarah Crimmins,242
Sheridan,School Board Member from Rural Area McClusky School #19,,,write-in,13
Sheridan,School District Measure 1 Goodrich School #16,,,No,9
Sheridan,School District Measure 1 Goodrich School #16,,,Yes,84
Sheridan,School District Measure 1 McClusky School #19,,,No,17
Sheridan,School District Measure 1 McClusky School #19,,,Yes,267
Sheridan,State Auditor,,,write-in,0
Sheridan,State Auditor,,DEM,Patrick Hart,58
Sheridan,State Auditor,,DEM,write-in,0
Sheridan,State Auditor,,REP,Joshua C Gallion,423
Sheridan,State Auditor,,REP,write-in,0
Sheridan,State House,14,,write-in,0
Sheridan,State House,14,DEM,Mark Nelson,53
Sheridan,State House,14,DEM,Richard Lynne,45
Sheridan,State House,14,DEM,write-in,0
Sheridan,State House,14,REP,Jon Nelson,351
Sheridan,State House,14,REP,Robin Weisz,410
Sheridan,State House,14,REP,write-in,2
Sheridan,State Senate,14,,write-in,1
Sheridan,State Senate,14,DEM,Jenna Vanhorne,57
Sheridan,State Senate,14,DEM,write-in,0
Sheridan,State Senate,14,REP,Jerry Klein,431
Sheridan,State Senate,14,REP,write-in,1
Sheridan,State Treasurer,,,write-in,0
Sheridan,State Treasurer,,DEM,Mark Haugen,58
Sheridan,State Treasurer,,DEM,write-in,0
Sheridan,State Treasurer,,REP,Daniel Johnston,198
Sheridan,State Treasurer,,REP,Thomas Beadle,242
Sheridan,State Treasurer,,REP,write-in,0
Sheridan,Superintendent of Public Instruction,,,Brandt J Dick,194
Sheridan,Superintendent of Public Instruction,,,Charles J Tuttle,93
Sheridan,Superintendent of Public Instruction,,,Kirsten Baesler,236
Sheridan,Superintendent of Public Instruction,,,write-in,0
Sheridan,U.S. House,1,,Steven James Peterson,1
Sheridan,U.S. House,1,,write-in,0
Sheridan,U.S. House,1,DEM,Roland Clifford Riemers,31
Sheridan,U.S. House,1,DEM,Zach Raknerud,29
Sheridan,U.S. House,1,DEM,write-in,0
Sheridan,U.S. House,1,REP,Kelly Armstrong,436
Sheridan,U.S. House,1,REP,write-in,0
Sioux,Council Member Fort Yates,,,Jory Christopher Whitebull,15
Sioux,Council Member Fort Yates,,,Virginia M Bahm,10
Sioux,Council Member Fort Yates,,,write-in,0
Sioux,Council Member Selfridge,,,Bella Marie Volk,15
Sioux,Council Member Selfridge,,,Giles Joseph Heinen,16
Sioux,Council Member Selfridge,,,write-in,2
Sioux,Council Member Solen,,,Mark Colton Hettich Jr,10
Sioux,Council Member Solen,,,Sharon Rae Seewalker,7
Sioux,Council Member Solen,,,write-in,12
Sioux,County Commissioner By District Sioux - District 2,,,Larry J Silbernagel,35
Sioux,County Commissioner By District Sioux - District 2,,,write-in,5
Sioux,County State's Attorney Sioux,,,write-in,0
Sioux,Dissolve the Sioux County Public Library 43 - Sioux,,,No,90
Sioux,Dissolve the Sioux County Public Library 43 - Sioux,,,Yes,163
Sioux,Governor and Lt. Governor,,,DuWayne Hendrickson and<br/>Joshua Voytek,1
Sioux,Governor and Lt. Governor,,,write-in,0
Sioux,Governor and Lt. Governor,,DEM,Shelley Lenz and Ben Vig,110
Sioux,Governor and Lt. Governor,,DEM,write-in,0
Sioux,Governor and Lt. Governor,,REP,Doug Burgum and Brent Sanford,112
Sioux,Governor and Lt. Governor,,REP,Michael Coachman and Joel H Hylden,17
Sioux,Governor and Lt. Governor,,REP,write-in,0
Sioux,Insurance Commissioner,,,write-in,1
Sioux,Insurance Commissioner,,DEM,Travisia Martin,112
Sioux,Insurance Commissioner,,DEM,write-in,0
Sioux,Insurance Commissioner,,REP,Jon Godfread,113
Sioux,Insurance Commissioner,,REP,write-in,0
Sioux,Judge of the District Court No. 1 South Central,,,David Reich,200
Sioux,Judge of the District Court No. 1 South Central,,,write-in,0
Sioux,Judge of the District Court No. 2 Unexpired 2-Year Term South Central,,,Douglas Bahr,201
Sioux,Judge of the District Court No. 2 Unexpired 2-Year Term South Central,,,write-in,0
Sioux,Judge of the District Court No. 7 South Central,,,Bonnie Storbakken,91
Sioux,Judge of the District Court No. 7 South Central,,,Gabrielle Goter,61
Sioux,Judge of the District Court No. 7 South Central,,,Scott R Miller,65
Sioux,Judge of the District Court No. 7 South Central,,,write-in,0
Sioux,Judge of the District Court No. 8 South Central,,,James S Hill,200
Sioux,Judge of the District Court No. 8 South Central,,,write-in,0
Sioux,Justice of the Supreme Court,,,Jon Jay Jensen,204
Sioux,Justice of the Supreme Court,,,write-in,0
Sioux,Mayor Fort Yates,,,Larry J Silbernagel,12
Sioux,Mayor Fort Yates,,,write-in,6
Sioux,Mayor Selfridge,,,Andrew Franklin Deason,12
Sioux,Mayor Selfridge,,,Beverly Jean Fischer,5
Sioux,Mayor Selfridge,,,write-in,1
Sioux,Mayor Solen,,,Simon Hoffman,9
Sioux,Mayor Solen,,,write-in,3
Sioux,PUBLICATION OF MINUTES FOR SOLEN Solen,,,No,10
Sioux,PUBLICATION OF MINUTES FOR SOLEN Solen,,,Yes,5
Sioux,Public Service Commissioner,,,write-in,1
Sioux,Public Service Commissioner,,DEM,Casey D Buchmann,110
Sioux,Public Service Commissioner,,DEM,write-in,0
Sioux,Public Service Commissioner,,REP,Brian Kroshus,112
Sioux,Public Service Commissioner,,REP,write-in,0
Sioux,School Board Member Fort Yates School,,,Gayleen Marie Yellowfat,62
Sioux,School Board Member Fort Yates School,,,Lawrence M Montclair,63
Sioux,School Board Member Fort Yates School,,,Palani Diel Luger,75
Sioux,School Board Member Fort Yates School,,,write-in,11
Sioux,State Auditor,,,write-in,1
Sioux,State Auditor,,DEM,Patrick Hart,112
Sioux,State Auditor,,DEM,write-in,0
Sioux,State Auditor,,REP,Joshua C Gallion,108
Sioux,State Auditor,,REP,write-in,0
Sioux,State Treasurer,,,write-in,1
Sioux,State Treasurer,,DEM,Mark Haugen,110
Sioux,State Treasurer,,DEM,write-in,0
Sioux,State Treasurer,,REP,Daniel Johnston,60
Sioux,State Treasurer,,REP,Thomas Beadle,59
Sioux,State Treasurer,,REP,write-in,0
Sioux,Superintendent of Public Instruction,,,Brandt J Dick,53
Sioux,Superintendent of Public Instruction,,,Charles J Tuttle,57
Sioux,Superintendent of Public Instruction,,,Kirsten Baesler,126
Sioux,Superintendent of Public Instruction,,,write-in,0
Sioux,U.S. House,1,,Steven James Peterson,1
Sioux,U.S. House,1,,write-in,0
Sioux,U.S. House,1,DEM,Roland Clifford Riemers,65
Sioux,U.S. House,1,DEM,Zach Raknerud,44
Sioux,U.S. House,1,DEM,write-in,1
Sioux,U.S. House,1,REP,Kelly Armstrong,117
Sioux,U.S. House,1,REP,write-in,1
Slope,Commissioner Marmarth,,,Donald Sonsalla,21
Slope,Commissioner Marmarth,,,Ward Clark,19
Slope,Commissioner Marmarth,,,write-in,8
Slope,County Commissioner Slope - District 2,,,Len Sadler,73
Slope,County Commissioner Slope - District 2,,,Scott Ouradnik,132
Slope,County Commissioner Slope - District 2,,,write-in,12
Slope,"Director, Southwest Water Authority Slope",,,David Juntunen,198
Slope,"Director, Southwest Water Authority Slope",,,write-in,1
Slope,Governor and Lt. Governor,,,DuWayne Hendrickson and<br/>Joshua Voytek,1
Slope,Governor and Lt. Governor,,,write-in,0
Slope,Governor and Lt. Governor,,DEM,Shelley Lenz and Ben Vig,20
Slope,Governor and Lt. Governor,,DEM,write-in,0
Slope,Governor and Lt. Governor,,REP,Doug Burgum and Brent Sanford,176
Slope,Governor and Lt. Governor,,REP,Michael Coachman and Joel H Hylden,19
Slope,Governor and Lt. Governor,,REP,write-in,1
Slope,Insurance Commissioner,,,write-in,0
Slope,Insurance Commissioner,,DEM,Travisia Martin,22
Slope,Insurance Commissioner,,DEM,write-in,0
Slope,Insurance Commissioner,,REP,Jon Godfread,175
Slope,Insurance Commissioner,,REP,write-in,0
Slope,Justice of the Supreme Court,,,Jon Jay Jensen,183
Slope,Justice of the Supreme Court,,,write-in,0
Slope,Public Service Commissioner,,,write-in,0
Slope,Public Service Commissioner,,DEM,Casey D Buchmann,22
Slope,Public Service Commissioner,,DEM,write-in,0
Slope,Public Service Commissioner,,REP,Brian Kroshus,175
Slope,Public Service Commissioner,,REP,write-in,1
Slope,Publication of School Minutes Bowman School,,,No,2
Slope,Publication of School Minutes Bowman School,,,Yes,43
Slope,School Board Member Representative from the Bowman Area Bowman School,,,Trevor Kulseth,45
Slope,School Board Member Representative from the Bowman Area Bowman School,,,write-in,0
Slope,School Board Member Representative from the Rhame Area Bowman School,,,Amy Fischer,36
Slope,School Board Member Representative from the Rhame Area Bowman School,,,Andrea Bowman,37
Slope,School Board Member Representative from the Rhame Area Bowman School,,,write-in,0
Slope,State Auditor,,,write-in,0
Slope,State Auditor,,DEM,Patrick Hart,22
Slope,State Auditor,,DEM,write-in,0
Slope,State Auditor,,REP,Joshua C Gallion,175
Slope,State Auditor,,REP,write-in,0
Slope,State Treasurer,,,write-in,0
Slope,State Treasurer,,DEM,Mark Haugen,22
Slope,State Treasurer,,DEM,write-in,0
Slope,State Treasurer,,REP,Daniel Johnston,92
Slope,State Treasurer,,REP,Thomas Beadle,84
Slope,State Treasurer,,REP,write-in,0
Slope,Superintendent of Public Instruction,,,Brandt J Dick,46
Slope,Superintendent of Public Instruction,,,Charles J Tuttle,37
Slope,Superintendent of Public Instruction,,,Kirsten Baesler,120
Slope,Superintendent of Public Instruction,,,write-in,0
Slope,U.S. House,1,,Steven James Peterson,1
Slope,U.S. House,1,,write-in,0
Slope,U.S. House,1,DEM,Roland Clifford Riemers,16
Slope,U.S. House,1,DEM,Zach Raknerud,5
Slope,U.S. House,1,DEM,write-in,0
Slope,U.S. House,1,REP,Kelly Armstrong,186
Slope,U.S. House,1,REP,write-in,0
Stark,City of Belfield Publication of Minutes Belfield,,,No,37
Stark,City of Belfield Publication of Minutes Belfield,,,Yes,176
Stark,City of South Heart Publication of Minutes South Heart,,,No,12
Stark,City of South Heart Publication of Minutes South Heart,,,Yes,84
Stark,City of Taylor Publication of Minutes Taylor,,,No,3
Stark,City of Taylor Publication of Minutes Taylor,,,Yes,56
Stark,Commission President Richardton,,,Frank Kirschenheiter,72
Stark,Commission President Richardton,,,write-in,81
Stark,Commissioner Dickinson,,,John Odermann,2305
Stark,Commissioner Dickinson,,,"Peggy O""Brien",1455
Stark,Commissioner Dickinson,,,Sarah Trustem,1990
Stark,Commissioner Dickinson,,,Suzi Sobolik,2335
Stark,Commissioner Dickinson,,,write-in,12
Stark,Commissioner Richardton,,,Shannon Chambers,133
Stark,Commissioner Richardton,,,write-in,94
Stark,Commissioner Unexpired 2-Year Term Richardton,,,write-in,87
Stark,Council Member Belfield,,,Breanna Haspert,76
Stark,Council Member Belfield,,,write-in,252
Stark,Council Member Gladstone,,,Randy Wyatt,29
Stark,Council Member Gladstone,,,write-in,15
Stark,Council Member South Heart,,,Brock White,58
Stark,Council Member South Heart,,,Chris Splichal,58
Stark,Council Member South Heart,,,Leon Keator,55
Stark,Council Member South Heart,,,write-in,0
Stark,Council Member Taylor,,,Melissa Gjermundson,47
Stark,Council Member Taylor,,,Travis Christensen,53
Stark,Council Member Taylor,,,write-in,11
Stark,Council Member Unexpired 2-Year Term Belfield,,,Pamela Gross,98
Stark,Council Member Unexpired 2-Year Term Belfield,,,write-in,105
Stark,Council Member Unexpired 2-Year Term Gladstone,,,Paul Reinbold,27
Stark,Council Member Unexpired 2-Year Term Gladstone,,,write-in,3
Stark,County Commissioner Stark - District 1,,,Bernie Marsh,2761
Stark,County Commissioner Stark - District 1,,,Pete Kuntz,3566
Stark,County Commissioner Stark - District 1,,,write-in,7
Stark,County Commissioner Stark - District 3,,,Dean Franchuk,5581
Stark,County Commissioner Stark - District 3,,,write-in,39
Stark,County Commissioner Stark - District 5,,,Leslie Ross,2652
Stark,County Commissioner Stark - District 5,,,Neal Messer,3562
Stark,County Commissioner Stark - District 5,,,write-in,18
Stark,Dickinson School District Publication of Minutes Dickinson School,,,No,2982
Stark,Dickinson School District Publication of Minutes Dickinson School,,,Yes,2136
Stark,"Director, Southwest Water Authority Dickinson",,,Jason Bentz,3736
Stark,"Director, Southwest Water Authority Dickinson",,,write-in,14
Stark,Governor and Lt. Governor,,,DuWayne Hendrickson and<br/>Joshua Voytek,33
Stark,Governor and Lt. Governor,,,write-in,1
Stark,Governor and Lt. Governor,,DEM,Shelley Lenz and Ben Vig,747
Stark,Governor and Lt. Governor,,DEM,write-in,3
Stark,Governor and Lt. Governor,,REP,Doug Burgum and Brent Sanford,4611
Stark,Governor and Lt. Governor,,REP,Michael Coachman and Joel H Hylden,754
Stark,Governor and Lt. Governor,,REP,write-in,2
Stark,Insurance Commissioner,,,write-in,2
Stark,Insurance Commissioner,,DEM,Travisia Martin,750
Stark,Insurance Commissioner,,DEM,write-in,0
Stark,Insurance Commissioner,,REP,Jon Godfread,4765
Stark,Insurance Commissioner,,REP,write-in,8
Stark,Justice of the Supreme Court,,,Jon Jay Jensen,5598
Stark,Justice of the Supreme Court,,,write-in,16
Stark,Mayor Dickinson,,,LeRoy Hendrickson,1301
Stark,Mayor Dickinson,,,Scott Decker,2957
Stark,Mayor Dickinson,,,write-in,16
Stark,Mayor South Heart,,,Floyd R Hurt,86
Stark,Mayor South Heart,,,write-in,4
Stark,Mayor Taylor,,,Emory R Vaagen,56
Stark,Mayor Taylor,,,write-in,1
Stark,Mayor Unexpired 2-Year Term Belfield,,,Erica Lee,79
Stark,Mayor Unexpired 2-Year Term Belfield,,,Marriann Mross,139
Stark,Mayor Unexpired 2-Year Term Belfield,,,write-in,2
Stark,Park Board Commissioner Dickinson Park,,,Eric Kittelson,2009
Stark,Park Board Commissioner Dickinson Park,,,Jeremy Easum,1079
Stark,Park Board Commissioner Dickinson Park,,,Jo Marie Kadrmas,2482
Stark,Park Board Commissioner Dickinson Park,,,Zach Keller,2064
Stark,Park Board Commissioner Dickinson Park,,,write-in,17
Stark,Park Board Commissioner South Heart Park,,,Kristen Jung,70
Stark,Park Board Commissioner South Heart Park,,,Michaela Fuchs,24
Stark,Park Board Commissioner South Heart Park,,,Shelly Jacobson,79
Stark,Park Board Commissioner South Heart Park,,,write-in,3
Stark,Park Board Member Belfield Park,,,Nicole Zacher,148
Stark,Park Board Member Belfield Park,,,Theron Lee,160
Stark,Park Board Member Belfield Park,,,write-in,78
Stark,Park Board Member Taylor Park,,,write-in,32
Stark,Public Service Commissioner,,,write-in,1
Stark,Public Service Commissioner,,DEM,Casey D Buchmann,750
Stark,Public Service Commissioner,,DEM,write-in,2
Stark,Public Service Commissioner,,REP,Brian Kroshus,4742
Stark,Public Service Commissioner,,REP,write-in,11
Stark,School Board Member Dickinson School,,,Brent Seaks,3737
Stark,School Board Member Dickinson School,,,David W Wilkie,3922
Stark,School Board Member Dickinson School,,,write-in,98
Stark,School Board Member Rural Belfield School,,,Terry L Johnson,291
Stark,School Board Member Rural Belfield School,,,write-in,5
Stark,School Board Member Rural Richardton/Taylor School,,,Clay Kennington,230
Stark,School Board Member Rural Richardton/Taylor School,,,Judy Hoff,209
Stark,School Board Member Rural Richardton/Taylor School,,,write-in,2
Stark,School Board Member South Heart School,,,Barbara Meduna,241
Stark,School Board Member South Heart School,,,Bobby Kubas,203
Stark,School Board Member South Heart School,,,Emily Perhus-Zarak,199
Stark,School Board Member South Heart School,,,Josh Wilke,187
Stark,School Board Member South Heart School,,,Sarah Ewoniuk,220
Stark,School Board Member South Heart School,,,write-in,2
Stark,School Board Member at Large Belfield School,,,Curt Buckman,288
Stark,School Board Member at Large Belfield School,,,write-in,11
Stark,School Board Member at Large Unexpired 2-Year Term Belfield School,,,Wesley Krebs,311
Stark,School Board Member at Large Unexpired 2-Year Term Belfield School,,,write-in,2
Stark,South Heart School District Publication of Minutes South Heart School,,,No,51
Stark,South Heart School District Publication of Minutes South Heart School,,,Yes,343
Stark,State Auditor,,,write-in,2
Stark,State Auditor,,DEM,Patrick Hart,755
Stark,State Auditor,,DEM,write-in,1
Stark,State Auditor,,REP,Joshua C Gallion,4760
Stark,State Auditor,,REP,write-in,12
Stark,State House,36,,write-in,0
Stark,State House,36,DEM,Linda Weiss,268
Stark,State House,36,DEM,Steve Krebs,229
Stark,State House,36,DEM,write-in,0
Stark,State House,36,REP,Luke Simons,1633
Stark,State House,36,REP,Mike Schatz,2022
Stark,State House,36,REP,write-in,37
Stark,State Senate,36,,write-in,0
Stark,State Senate,36,DEM,write-in,33
Stark,State Senate,36,REP,Jay Elkin,1813
Stark,State Senate,36,REP,Steven Hanel,691
Stark,State Senate,36,REP,write-in,4
Stark,State Treasurer,,,write-in,2
Stark,State Treasurer,,DEM,Mark Haugen,760
Stark,State Treasurer,,DEM,write-in,1
Stark,State Treasurer,,REP,Daniel Johnston,2560
Stark,State Treasurer,,REP,Thomas Beadle,2349
Stark,State Treasurer,,REP,write-in,6
Stark,Superintendent of Public Instruction,,,Brandt J Dick,1225
Stark,Superintendent of Public Instruction,,,Charles J Tuttle,1377
Stark,Superintendent of Public Instruction,,,Kirsten Baesler,3488
Stark,Superintendent of Public Instruction,,,write-in,7
Stark,U.S. House,1,,Steven James Peterson,34
Stark,U.S. House,1,,write-in,1
Stark,U.S. House,1,DEM,Roland Clifford Riemers,300
Stark,U.S. House,1,DEM,Zach Raknerud,462
Stark,U.S. House,1,DEM,write-in,0
Stark,U.S. House,1,REP,Kelly Armstrong,5157
Stark,U.S. House,1,REP,write-in,21
Steele,Council Member Finley,,,Tyler Christian Midstokke,124
Steele,Council Member Finley,,,write-in,28
Steele,County Commissioner By District Steele - District 2,,,Richard Clarence Strand,106
Steele,County Commissioner By District Steele - District 2,,,write-in,3
Steele,County Commissioner By District Steele - District 4,,,Brandon Martin Krueger,75
Steele,County Commissioner By District Steele - District 4,,,Randy Martin Richards,47
Steele,County Commissioner By District Steele - District 4,,,write-in,0
Steele,"Director, Garrison Diversion Conservancy Steele",,,Brandon Martin Krueger,486
Steele,"Director, Garrison Diversion Conservancy Steele",,,write-in,9
Steele,Governor and Lt. Governor,,,DuWayne Hendrickson and<br/>Joshua Voytek,0
Steele,Governor and Lt. Governor,,,write-in,0
Steele,Governor and Lt. Governor,,DEM,Shelley Lenz and Ben Vig,172
Steele,Governor and Lt. Governor,,DEM,write-in,0
Steele,Governor and Lt. Governor,,REP,Doug Burgum and Brent Sanford,328
Steele,Governor and Lt. Governor,,REP,Michael Coachman and Joel H Hylden,25
Steele,Governor and Lt. Governor,,REP,write-in,2
Steele,Insurance Commissioner,,,write-in,0
Steele,Insurance Commissioner,,DEM,Travisia Martin,169
Steele,Insurance Commissioner,,DEM,write-in,0
Steele,Insurance Commissioner,,REP,Jon Godfread,327
Steele,Insurance Commissioner,,REP,write-in,1
Steele,Judge of the District Court No. 1 East Central,,,Susan L Bailey,472
Steele,Judge of the District Court No. 1 East Central,,,write-in,4
Steele,Judge of the District Court No. 5 East Central,,,Reid Brady,466
Steele,Judge of the District Court No. 5 East Central,,,write-in,3
Steele,Judge of the District Court No. 6 East Central,,,Tom Olson,467
Steele,Judge of the District Court No. 6 East Central,,,write-in,3
Steele,Judge of the District Court No. 7 East Central,,,Wade Webb,473
Steele,Judge of the District Court No. 7 East Central,,,write-in,3
Steele,Judge of the District Court No. 9 East Central,,,Stephannie Stiel,469
Steele,Judge of the District Court No. 9 East Central,,,write-in,3
Steele,Justice of the Supreme Court,,,Jon Jay Jensen,478
Steele,Justice of the Supreme Court,,,write-in,4
Steele,Municipal Judge Finley,,,write-in,16
Steele,Park Board Member Finley Park,,,Reed Lee Oien,121
Steele,Park Board Member Finley Park,,,write-in,20
Steele,Public Service Commissioner,,,write-in,0
Steele,Public Service Commissioner,,DEM,Casey D Buchmann,169
Steele,Public Service Commissioner,,DEM,write-in,0
Steele,Public Service Commissioner,,REP,Brian Kroshus,324
Steele,Public Service Commissioner,,REP,write-in,1
Steele,Publication of City Governing Body Minutes Finley,,,No,9
Steele,Publication of City Governing Body Minutes Finley,,,Yes,122
Steele,State Auditor,,,write-in,0
Steele,State Auditor,,DEM,Patrick Hart,169
Steele,State Auditor,,DEM,write-in,0
Steele,State Auditor,,REP,Joshua C Gallion,322
Steele,State Auditor,,REP,write-in,2
Steele,State Treasurer,,,write-in,0
Steele,State Treasurer,,DEM,Mark Haugen,169
Steele,State Treasurer,,DEM,write-in,0
Steele,State Treasurer,,REP,Daniel Johnston,147
Steele,State Treasurer,,REP,Thomas Beadle,181
Steele,State Treasurer,,REP,write-in,1
Steele,Superintendent of Public Instruction,,,Brandt J Dick,96
Steele,Superintendent of Public Instruction,,,Charles J Tuttle,94
Steele,Superintendent of Public Instruction,,,Kirsten Baesler,335
Steele,Superintendent of Public Instruction,,,write-in,0
Steele,U.S. House,1,,Steven James Peterson,0
Steele,U.S. House,1,,write-in,0
Steele,U.S. House,1,DEM,Roland Clifford Riemers,74
Steele,U.S. House,1,DEM,Zach Raknerud,86
Steele,U.S. House,1,DEM,write-in,0
Steele,U.S. House,1,REP,Kelly Armstrong,332
Steele,U.S. House,1,REP,write-in,2
Stutsman,Council Member Jamestown,,,Brian Kamlitz,2407
Stutsman,Council Member Jamestown,,,Dan Buchanan,1987
Stutsman,Council Member Jamestown,,,David Schloegel,1997
Stutsman,Council Member Jamestown,,,Pam Phillips,1764
Stutsman,Council Member Jamestown,,,write-in,19
Stutsman,County Commissioner Stutsman,,,Jill Gainer,2337
Stutsman,County Commissioner Stutsman,,,Joan Morris,2765
Stutsman,County Commissioner Stutsman,,,Mark T Klose,2731
Stutsman,County Commissioner Stutsman,,,write-in,32
Stutsman,Governor and Lt. Governor,,,DuWayne Hendrickson and<br/>Joshua Voytek,14
Stutsman,Governor and Lt. Governor,,,write-in,0
Stutsman,Governor and Lt. Governor,,DEM,Shelley Lenz and Ben Vig,1041
Stutsman,Governor and Lt. Governor,,DEM,write-in,2
Stutsman,Governor and Lt. Governor,,REP,Doug Burgum and Brent Sanford,2991
Stutsman,Governor and Lt. Governor,,REP,Michael Coachman and Joel H Hylden,243
Stutsman,Governor and Lt. Governor,,REP,write-in,0
Stutsman,Insurance Commissioner,,,write-in,1
Stutsman,Insurance Commissioner,,DEM,Travisia Martin,1055
Stutsman,Insurance Commissioner,,DEM,write-in,4
Stutsman,Insurance Commissioner,,REP,Jon Godfread,2784
Stutsman,Insurance Commissioner,,REP,write-in,2
Stutsman,Judge of the District Court No. 1 Unexpired 4-Year Term Southeast,,,Cherie L Clark,3832
Stutsman,Judge of the District Court No. 1 Unexpired 4-Year Term Southeast,,,write-in,33
Stutsman,Justice of the Supreme Court,,,Jon Jay Jensen,3807
Stutsman,Justice of the Supreme Court,,,write-in,11
Stutsman,Park Board Member Jamestown Park,,,Mark A Ukestad,2525
Stutsman,Park Board Member Jamestown Park,,,Ron Olson,2254
Stutsman,Park Board Member Jamestown Park,,,write-in,193
Stutsman,Public Service Commissioner,,,write-in,0
Stutsman,Public Service Commissioner,,DEM,Casey D Buchmann,1058
Stutsman,Public Service Commissioner,,DEM,write-in,5
Stutsman,Public Service Commissioner,,REP,Brian Kroshus,2753
Stutsman,Public Service Commissioner,,REP,write-in,3
Stutsman,Publication of Minutes Jamestown,,,No,328
Stutsman,Publication of Minutes Jamestown,,,Yes,2913
Stutsman,Publication of School Board Proceedings Jamestown School Dist #1,,,No,407
Stutsman,Publication of School Board Proceedings Jamestown School Dist #1,,,Yes,3512
Stutsman,School Board Member Jamestown School Dist #1,,,Aaron Roberts,1943
Stutsman,School Board Member Jamestown School Dist #1,,,Diane Hanson,2487
Stutsman,School Board Member Jamestown School Dist #1,,,Gayle Nelson,2507
Stutsman,School Board Member Jamestown School Dist #1,,,Jamie Bear,2364
Stutsman,School Board Member Jamestown School Dist #1,,,Roger Haut,2439
Stutsman,School Board Member Jamestown School Dist #1,,,Steve Veldkamp,1320
Stutsman,School Board Member Jamestown School Dist #1,,,write-in,31
Stutsman,State Auditor,,,write-in,0
Stutsman,State Auditor,,DEM,Patrick Hart,1065
Stutsman,State Auditor,,DEM,write-in,2
Stutsman,State Auditor,,REP,Joshua C Gallion,2768
Stutsman,State Auditor,,REP,write-in,9
Stutsman,State House,12,,write-in,3
Stutsman,State House,12,DEM,George Barnes,694
Stutsman,State House,12,DEM,Pam Musland,731
Stutsman,State House,12,DEM,write-in,0
Stutsman,State House,12,REP,Bernie Satrom,1276
Stutsman,State House,12,REP,Grant Christensen,1017
Stutsman,State House,12,REP,Mitch Ostlie,1071
Stutsman,State House,12,REP,write-in,7
Stutsman,State Senate,12,,write-in,2
Stutsman,State Senate,12,DEM,John Grabinger,789
Stutsman,State Senate,12,DEM,write-in,0
Stutsman,State Senate,12,REP,Cole Conley,1386
Stutsman,State Senate,12,REP,Willy Mickelson,314
Stutsman,State Senate,12,REP,write-in,3
Stutsman,State Treasurer,,,write-in,0
Stutsman,State Treasurer,,DEM,Mark Haugen,1073
Stutsman,State Treasurer,,DEM,write-in,2
Stutsman,State Treasurer,,REP,Daniel Johnston,1180
Stutsman,State Treasurer,,REP,Thomas Beadle,1708
Stutsman,State Treasurer,,REP,write-in,4
Stutsman,Superintendent of Public Instruction,,,Brandt J Dick,963
Stutsman,Superintendent of Public Instruction,,,Charles J Tuttle,883
Stutsman,Superintendent of Public Instruction,,,Kirsten Baesler,2419
Stutsman,Superintendent of Public Instruction,,,write-in,6
Stutsman,U.S. House,1,,Steven James Peterson,15
Stutsman,U.S. House,1,,write-in,0
Stutsman,U.S. House,1,DEM,Roland Clifford Riemers,503
Stutsman,U.S. House,1,DEM,Zach Raknerud,530
Stutsman,U.S. House,1,DEM,write-in,3
Stutsman,U.S. House,1,REP,Kelly Armstrong,2932
Stutsman,U.S. House,1,REP,write-in,13
Towner,Additional Levy for County Historical Society 48 - Towner,,,No,361
Towner,Additional Levy for County Historical Society 48 - Towner,,,Yes,279
Towner,Council Member Cando,,,Bruce Ford,204
Towner,Council Member Cando,,,Duane Holien,240
Towner,Council Member Cando,,,Jeremy Olson,218
Towner,Council Member Cando,,,write-in,22
Towner,County Commissioner Towner - District 1,,,Lance Teubner,565
Towner,County Commissioner Towner - District 1,,,write-in,5
Towner,County Commissioner Towner - District 3,,,Bob Hallaway,426
Towner,County Commissioner Towner - District 3,,,Ken Teubner,203
Towner,County Commissioner Towner - District 3,,,write-in,3
Towner,County Commissioner Towner - District 5,,,Matt Odermann,562
Towner,County Commissioner Towner - District 5,,,write-in,11
Towner,Governor and Lt. Governor,,,DuWayne Hendrickson and<br/>Joshua Voytek,5
Towner,Governor and Lt. Governor,,,write-in,0
Towner,Governor and Lt. Governor,,DEM,Shelley Lenz and Ben Vig,139
Towner,Governor and Lt. Governor,,DEM,write-in,0
Towner,Governor and Lt. Governor,,REP,Doug Burgum and Brent Sanford,410
Towner,Governor and Lt. Governor,,REP,Michael Coachman and Joel H Hylden,38
Towner,Governor and Lt. Governor,,REP,write-in,0
Towner,Insurance Commissioner,,,write-in,0
Towner,Insurance Commissioner,,DEM,Travisia Martin,137
Towner,Insurance Commissioner,,DEM,write-in,0
Towner,Insurance Commissioner,,REP,Jon Godfread,410
Towner,Insurance Commissioner,,REP,write-in,0
Towner,Judge of the District Court No. 2 Unexpired 4-Year Term Northeast,,,Michael Hurly,527
Towner,Judge of the District Court No. 2 Unexpired 4-Year Term Northeast,,,write-in,14
Towner,Judge of the District Court No. 3 Northeast,,,Anthony Swain Benson,542
Towner,Judge of the District Court No. 3 Northeast,,,write-in,1
Towner,Judge of the District Court No. 4 Northeast,,,Donovan Foughty,562
Towner,Judge of the District Court No. 4 Northeast,,,write-in,2
Towner,Judge of the District Court No. 6 Unexpired 4-Year Term Northeast,,,Barbara L Whelan,529
Towner,Judge of the District Court No. 6 Unexpired 4-Year Term Northeast,,,write-in,3
Towner,Justice of the Supreme Court,,,Jon Jay Jensen,542
Towner,Justice of the Supreme Court,,,write-in,1
Towner,Park Board Member Cando Park,,,write-in,41
Towner,Public Service Commissioner,,,write-in,0
Towner,Public Service Commissioner,,DEM,Casey D Buchmann,138
Towner,Public Service Commissioner,,DEM,write-in,0
Towner,Public Service Commissioner,,REP,Brian Kroshus,405
Towner,Public Service Commissioner,,REP,write-in,1
Towner,Publication of City Governing Body Minutes Cando,,,No,14
Towner,Publication of City Governing Body Minutes Cando,,,Yes,287
Towner,State Auditor,,,write-in,0
Towner,State Auditor,,DEM,Patrick Hart,135
Towner,State Auditor,,DEM,write-in,0
Towner,State Auditor,,REP,Joshua C Gallion,400
Towner,State Auditor,,REP,write-in,1
Towner,State Treasurer,,,write-in,0
Towner,State Treasurer,,DEM,Mark Haugen,138
Towner,State Treasurer,,DEM,write-in,0
Towner,State Treasurer,,REP,Daniel Johnston,199
Towner,State Treasurer,,REP,Thomas Beadle,224
Towner,State Treasurer,,REP,write-in,0
Towner,Superintendent of Public Instruction,,,Brandt J Dick,186
Towner,Superintendent of Public Instruction,,,Charles J Tuttle,85
Towner,Superintendent of Public Instruction,,,Kirsten Baesler,319
Towner,Superintendent of Public Instruction,,,write-in,0
Towner,U.S. House,1,,Steven James Peterson,5
Towner,U.S. House,1,,write-in,0
Towner,U.S. House,1,DEM,Roland Clifford Riemers,74
Towner,U.S. House,1,DEM,Zach Raknerud,62
Towner,U.S. House,1,DEM,write-in,0
Towner,U.S. House,1,REP,Kelly Armstrong,414
Towner,U.S. House,1,REP,write-in,1
Traill,Commissioner Hillsboro,,,Michael Kress,371
Traill,Commissioner Hillsboro,,,Shawn Skager,385
Traill,Commissioner Hillsboro,,,write-in,14
Traill,Council Member Buxton,,,Ben Hershey,49
Traill,Council Member Buxton,,,Jeff Siewert,67
Traill,Council Member Buxton,,,Keaton Flanagan,61
Traill,Council Member Buxton,,,write-in,1
Traill,Council Member Clifford,,,write-in,7
Traill,Council Member Galesburg,,,write-in,68
Traill,Council Member Hatton,,,Ben Naastad,180
Traill,Council Member Hatton,,,Kim Ostlie,100
Traill,Council Member Hatton,,,Mark Duncan,158
Traill,Council Member Hatton,,,Matthew Kempel,121
Traill,Council Member Hatton,,,write-in,6
Traill,Council Member Mayville,,,Ben Gates,303
Traill,Council Member Mayville,,,Bill Bohnsack,320
Traill,Council Member Mayville,,,"Larry O""Brien",289
Traill,Council Member Mayville,,,write-in,5
Traill,Council Member Portland,,,Craig Klabo,127
Traill,Council Member Portland,,,Jerod Basol,140
Traill,Council Member Portland,,,write-in,6
Traill,Council Member Reynolds,,,Everett Severinson,42
Traill,Council Member Reynolds,,,Linda Dockter,35
Traill,Council Member Reynolds,,,write-in,1
Traill,County Clerk of District Court Unexpired 2-Year Term Traill,,,Jody Schill,1918
Traill,County Clerk of District Court Unexpired 2-Year Term Traill,,,write-in,5
Traill,County Commissioner By District Traill - District 2,,,Kurt Elliott,476
Traill,County Commissioner By District Traill - District 2,,,write-in,9
Traill,County Commissioner By District Traill - District 4,,,Larry Young,257
Traill,County Commissioner By District Traill - District 4,,,write-in,1
Traill,Emergency Medical Services 49 - Traill,,,No,576
Traill,Emergency Medical Services 49 - Traill,,,Yes,1520
Traill,Governor and Lt. Governor,,,DuWayne Hendrickson and<br/>Joshua Voytek,5
Traill,Governor and Lt. Governor,,,write-in,0
Traill,Governor and Lt. Governor,,DEM,Shelley Lenz and Ben Vig,665
Traill,Governor and Lt. Governor,,DEM,write-in,0
Traill,Governor and Lt. Governor,,REP,Doug Burgum and Brent Sanford,1288
Traill,Governor and Lt. Governor,,REP,Michael Coachman and Joel H Hylden,105
Traill,Governor and Lt. Governor,,REP,write-in,2
Traill,Hillsboro City Measure #2 Hillsboro,,,No,156
Traill,Hillsboro City Measure #2 Hillsboro,,,Yes,284
Traill,Insurance Commissioner,,,write-in,0
Traill,Insurance Commissioner,,DEM,Travisia Martin,666
Traill,Insurance Commissioner,,DEM,write-in,1
Traill,Insurance Commissioner,,REP,Jon Godfread,1274
Traill,Insurance Commissioner,,REP,write-in,5
Traill,Judge of the District Court No. 1 East Central,,,Susan L Bailey,1893
Traill,Judge of the District Court No. 1 East Central,,,write-in,2
Traill,Judge of the District Court No. 5 East Central,,,Reid Brady,1870
Traill,Judge of the District Court No. 5 East Central,,,write-in,5
Traill,Judge of the District Court No. 6 East Central,,,Tom Olson,1881
Traill,Judge of the District Court No. 6 East Central,,,write-in,3
Traill,Judge of the District Court No. 7 East Central,,,Wade Webb,1870
Traill,Judge of the District Court No. 7 East Central,,,write-in,5
Traill,Judge of the District Court No. 9 East Central,,,Stephannie Stiel,1866
Traill,Judge of the District Court No. 9 East Central,,,write-in,4
Traill,Justice of the Supreme Court,,,Jon Jay Jensen,1890
Traill,Justice of the Supreme Court,,,write-in,4
Traill,Mayor Buxton,,,Gene Rosholt,53
Traill,Mayor Buxton,,,write-in,29
Traill,Mayor Galesburg,,,write-in,35
Traill,Mayor Portland,,,Sven Mickels,116
Traill,Mayor Portland,,,write-in,16
Traill,Mayville City Publishing Minutes Mayville,,,No,16
Traill,Mayville City Publishing Minutes Mayville,,,Yes,347
Traill,Minutes Publication Hillsboro,,,No,23
Traill,Minutes Publication Hillsboro,,,Yes,421
Traill,Municipal Judge Portland,,,write-in,14
Traill,Park Board Member Buxton Park,,,write-in,43
Traill,Park Board Member Hatton Park,,,Justin Askim,178
Traill,Park Board Member Hatton Park,,,write-in,21
Traill,Park Board Member Hillsboro Park,,,Cody Harstad,390
Traill,Park Board Member Hillsboro Park,,,Martin Iverson,376
Traill,Park Board Member Hillsboro Park,,,write-in,5
Traill,Park Board Member Mayville Park,,,Albert Koshney,302
Traill,Park Board Member Mayville Park,,,Emily Halvorson,312
Traill,Park Board Member Mayville Park,,,Jennifer Kohls,313
Traill,Park Board Member Mayville Park,,,write-in,3
Traill,Park Board Member Portland Park,,,Jackie Ulrich,128
Traill,Park Board Member Portland Park,,,John Peterson,135
Traill,Park Board Member Portland Park,,,Terry Tabor,133
Traill,Park Board Member Portland Park,,,write-in,7
Traill,Park Board Member Unexpired 2-Year Term Mayville Park,,,Jeremy Marquardt,347
Traill,Park Board Member Unexpired 2-Year Term Mayville Park,,,write-in,0
Traill,Public Service Commissioner,,,write-in,0
Traill,Public Service Commissioner,,DEM,Casey D Buchmann,665
Traill,Public Service Commissioner,,DEM,write-in,1
Traill,Public Service Commissioner,,REP,Brian Kroshus,1272
Traill,Public Service Commissioner,,REP,write-in,3
Traill,Reynolds City Publication of Minutes Reynolds,,,No,12
Traill,Reynolds City Publication of Minutes Reynolds,,,Yes,31
Traill,School Board Member Area 2 Hillsboro School,,,Brooke Duval,366
Traill,School Board Member Area 2 Hillsboro School,,,Travis Allen,269
Traill,School Board Member Area 2 Hillsboro School,,,write-in,4
Traill,School Board Member Area City of Hillsboro Hillsboro School,,,Paul Kozojed,612
Traill,School Board Member Area City of Hillsboro Hillsboro School,,,write-in,15
Traill,School Board Member-Area #4 Northern Cass School Dist #97,,,Lori Steffes,30
Traill,School Board Member-Area #4 Northern Cass School Dist #97,,,write-in,0
Traill,School Board Member-Area #5 Northern Cass School Dist #97,,,Brad Bjerke,24
Traill,School Board Member-Area #5 Northern Cass School Dist #97,,,write-in,0
Traill,School Board Member-Zone 3 & 4 Mayport CG School Dist #14,,,Corey Moen,768
Traill,School Board Member-Zone 3 & 4 Mayport CG School Dist #14,,,write-in,5
Traill,School Board Member-Zone 6 & 7 Mayport CG School Dist #14,,,Tami (Iverson) Parker,765
Traill,School Board Member-Zone 6 & 7 Mayport CG School Dist #14,,,write-in,4
Traill,School Board Member-Zone 8 & 9 Mayport CG School Dist #14,,,Lynn Sand,766
Traill,School Board Member-Zone 8 & 9 Mayport CG School Dist #14,,,write-in,2
Traill,State Auditor,,,write-in,0
Traill,State Auditor,,DEM,Patrick Hart,669
Traill,State Auditor,,DEM,write-in,0
Traill,State Auditor,,REP,Joshua C Gallion,1269
Traill,State Auditor,,REP,write-in,5
Traill,State House,20,,write-in,0
Traill,State House,20,DEM,John Martin Pederson,610
Traill,State House,20,DEM,Zachary Blotsky,551
Traill,State House,20,DEM,write-in,3
Traill,State House,20,REP,Aaron McWilliams,558
Traill,State House,20,REP,Jared Hagert,914
Traill,State House,20,REP,Mike Beltz,1016
Traill,State House,20,REP,write-in,1
Traill,State Senate,20,,write-in,0
Traill,State Senate,20,DEM,Paul R Hanson,678
Traill,State Senate,20,DEM,write-in,1
Traill,State Senate,20,REP,Randy D Lemm,1347
Traill,State Senate,20,REP,write-in,2
Traill,State Treasurer,,,write-in,0
Traill,State Treasurer,,DEM,Mark Haugen,671
Traill,State Treasurer,,DEM,write-in,1
Traill,State Treasurer,,REP,Daniel Johnston,608
Traill,State Treasurer,,REP,Thomas Beadle,682
Traill,State Treasurer,,REP,write-in,4
Traill,Superintendent of Public Instruction,,,Brandt J Dick,419
Traill,Superintendent of Public Instruction,,,Charles J Tuttle,392
Traill,Superintendent of Public Instruction,,,Kirsten Baesler,1167
Traill,Superintendent of Public Instruction,,,write-in,4
Traill,U.S. House,1,,Steven James Peterson,5
Traill,U.S. House,1,,write-in,0
Traill,U.S. House,1,DEM,Roland Clifford Riemers,290
Traill,U.S. House,1,DEM,Zach Raknerud,356
Traill,U.S. House,1,DEM,write-in,3
Traill,U.S. House,1,REP,Kelly Armstrong,1317
Traill,U.S. House,1,REP,write-in,4
Walsh,Adams Publication Adams,,,No,21
Walsh,Adams Publication Adams,,,Yes,18
Walsh,Conway Publication Conway,,,No,5
Walsh,Conway Publication Conway,,,Yes,3
Walsh,Council Member Adams,,,JoAnn Bylin,34
Walsh,Council Member Adams,,,Patrick Restad,33
Walsh,Council Member Adams,,,write-in,8
Walsh,Council Member Ardoch,,,write-in,2
Walsh,Council Member Conway,,,write-in,1
Walsh,Council Member Edinburg,,,Michael Evenson,57
Walsh,Council Member Edinburg,,,Taylor Hall,60
Walsh,Council Member Edinburg,,,write-in,2
Walsh,Council Member Fairdale,,,write-in,22
Walsh,Council Member Fordville,,,Luke Wilcox,52
Walsh,Council Member Fordville,,,Robert Bennett,37
Walsh,Council Member Fordville,,,write-in,17
Walsh,Council Member Forest River,,,Eric Hegstrom,35
Walsh,Council Member Forest River,,,Harold Peugh,32
Walsh,Council Member Forest River,,,write-in,1
Walsh,Council Member Grafton Ward 1,,,Shane Mohn,134
Walsh,Council Member Grafton Ward 1,,,write-in,15
Walsh,Council Member Grafton Ward 2,,,Greg Young,133
Walsh,Council Member Grafton Ward 2,,,write-in,15
Walsh,Council Member Grafton Ward 3,,,Philip Ray,262
Walsh,Council Member Grafton Ward 3,,,write-in,15
Walsh,Council Member Grafton Ward 4,,,Don Hutson,198
Walsh,Council Member Grafton Ward 4,,,write-in,4
Walsh,Council Member Hoople,,,Aaron Larman,61
Walsh,Council Member Hoople,,,Scott Salwei,53
Walsh,Council Member Hoople,,,write-in,2
Walsh,Council Member Lankin,,,Dennis Brodina,26
Walsh,Council Member Lankin,,,Evan Koenig,37
Walsh,Council Member Lankin,,,write-in,1
Walsh,Council Member Minto,,,John Narloch,114
Walsh,Council Member Minto,,,Keith Shutt,63
Walsh,Council Member Minto,,,write-in,25
Walsh,Council Member Park River Ward 1,,,Derek Pokrzywinski,81
Walsh,Council Member Park River Ward 1,,,Dwight Byron,53
Walsh,Council Member Park River Ward 1,,,write-in,18
Walsh,Council Member Park River Ward 2,,,Cory Seim,116
Walsh,Council Member Park River Ward 2,,,Robert Lundquist III,43
Walsh,Council Member Park River Ward 2,,,write-in,0
Walsh,Council Member Park River Ward 3,,,Kenneth Gillespie,71
Walsh,Council Member Park River Ward 3,,,Michael Lorton,46
Walsh,Council Member Park River Ward 3,,,write-in,1
Walsh,Council Member Pisek,,,write-in,24
Walsh,Council Member Unexpired 2-Year Term Minto,,,write-in,41
Walsh,County Commissioner Walsh,,,Karen A Anderson,1978
Walsh,County Commissioner Walsh,,,Kristi Brintnell,1975
Walsh,County Commissioner Walsh,,,write-in,53
Walsh,Edinburg Publication Edinburg,,,No,25
Walsh,Edinburg Publication Edinburg,,,Yes,36
Walsh,Fordville Publication Fordville,,,No,2
Walsh,Fordville Publication Fordville,,,Yes,53
Walsh,Forest River Publication Forest River,,,No,17
Walsh,Forest River Publication Forest River,,,Yes,17
Walsh,Governor and Lt. Governor,,,DuWayne Hendrickson and<br/>Joshua Voytek,18
Walsh,Governor and Lt. Governor,,,write-in,120
Walsh,Governor and Lt. Governor,,DEM,Shelley Lenz and Ben Vig,474
Walsh,Governor and Lt. Governor,,DEM,write-in,120
Walsh,Governor and Lt. Governor,,REP,Doug Burgum and Brent Sanford,1696
Walsh,Governor and Lt. Governor,,REP,Michael Coachman and Joel H Hylden,247
Walsh,Governor and Lt. Governor,,REP,write-in,180
Walsh,Grafton Publication Grafton,,,No,70
Walsh,Grafton Publication Grafton,,,Yes,720
Walsh,Hoople Publication Hoople,,,No,27
Walsh,Hoople Publication Hoople,,,Yes,34
Walsh,Increase 9-1-1 Fee 50 - Walsh,,,No,1199
Walsh,Increase 9-1-1 Fee 50 - Walsh,,,Yes,1378
Walsh,Insurance Commissioner,,,write-in,26
Walsh,Insurance Commissioner,,DEM,Travisia Martin,467
Walsh,Insurance Commissioner,,DEM,write-in,49
Walsh,Insurance Commissioner,,REP,Jon Godfread,1698
Walsh,Insurance Commissioner,,REP,write-in,119
Walsh,Judge of the District Court No. 2 Unexpired 4-Year Term Northeast,,,Michael Hurly,2131
Walsh,Judge of the District Court No. 2 Unexpired 4-Year Term Northeast,,,write-in,123
Walsh,Judge of the District Court No. 3 Northeast,,,Anthony Swain Benson,2113
Walsh,Judge of the District Court No. 3 Northeast,,,write-in,4
Walsh,Judge of the District Court No. 4 Northeast,,,Donovan Foughty,2120
Walsh,Judge of the District Court No. 4 Northeast,,,write-in,124
Walsh,Judge of the District Court No. 6 Unexpired 4-Year Term Northeast,,,Barbara L Whelan,2282
Walsh,Judge of the District Court No. 6 Unexpired 4-Year Term Northeast,,,write-in,17
Walsh,Justice of the Supreme Court,,,Jon Jay Jensen,2158
Walsh,Justice of the Supreme Court,,,write-in,7
Walsh,Lankin Publication Lankin,,,No,11
Walsh,Lankin Publication Lankin,,,Yes,22
Walsh,Mayor Adams,,,Scot Grove,35
Walsh,Mayor Adams,,,write-in,3
Walsh,Mayor Conway,,,write-in,5
Walsh,Mayor Fordville,,,Cameron Korynta,49
Walsh,Mayor Fordville,,,write-in,5
Walsh,Mayor Lankin,,,Francis W Praska,33
Walsh,Mayor Lankin,,,write-in,1
Walsh,Mayor Unexpired 2-Year Term Pisek,,,write-in,15
Walsh,Minto Publication Minto,,,No,8
Walsh,Minto Publication Minto,,,Yes,128
Walsh,Municipal Judge Grafton,,,Darcie Einarson,725
Walsh,Municipal Judge Grafton,,,write-in,24
Walsh,Park Board Member Adams Park,,,write-in,12
Walsh,Park Board Member Edinburg Park,,,Chuck Mielke,56
Walsh,Park Board Member Edinburg Park,,,write-in,8
Walsh,Park Board Member Fordville Park,,,Lacey Wilcox,48
Walsh,Park Board Member Fordville Park,,,Morgan Smestad,48
Walsh,Park Board Member Fordville Park,,,write-in,1
Walsh,Park Board Member Forest River Park,,,Jared Muir,36
Walsh,Park Board Member Forest River Park,,,write-in,9
Walsh,Park Board Member Grafton Park,,,Jonathan Jelinek,610
Walsh,Park Board Member Grafton Park,,,Ryer Stark,630
Walsh,Park Board Member Grafton Park,,,write-in,2
Walsh,Park Board Member Hoople Park,,,write-in,14
Walsh,Park Board Member Lankin Park,,,Johnny Lapic,30
Walsh,Park Board Member Lankin Park,,,write-in,10
Walsh,Park Board Member Minto Park,,,write-in,46
Walsh,Park Board Member Park River Park,,,write-in,69
Walsh,Park River Publication Park River,,,No,28
Walsh,Park River Publication Park River,,,Yes,392
Walsh,Public Service Commissioner,,,write-in,26
Walsh,Public Service Commissioner,,DEM,Casey D Buchmann,468
Walsh,Public Service Commissioner,,DEM,write-in,49
Walsh,Public Service Commissioner,,REP,Brian Kroshus,1681
Walsh,Public Service Commissioner,,REP,write-in,51
Walsh,State Auditor,,,write-in,26
Walsh,State Auditor,,DEM,Patrick Hart,472
Walsh,State Auditor,,DEM,write-in,120
Walsh,State Auditor,,REP,Joshua C Gallion,1680
Walsh,State Auditor,,REP,write-in,49
Walsh,State House,10,,write-in,72
Walsh,State House,10,DEM,Elsie Blair Magnus,172
Walsh,State House,10,DEM,Melissa Anderson,184
Walsh,State House,10,DEM,write-in,168
Walsh,State House,10,REP,Chuck Damschen,513
Walsh,State House,10,REP,David Monson,575
Walsh,State House,10,REP,write-in,3
Walsh,State Senate,10,,write-in,24
Walsh,State Senate,10,DEM,Charlie Hart,199
Walsh,State Senate,10,DEM,write-in,1
Walsh,State Senate,10,REP,Janne Myrdal,604
Walsh,State Senate,10,REP,write-in,7
Walsh,State Treasurer,,,write-in,26
Walsh,State Treasurer,,DEM,Mark Haugen,475
Walsh,State Treasurer,,DEM,write-in,73
Walsh,State Treasurer,,REP,Daniel Johnston,944
Walsh,State Treasurer,,REP,Thomas Beadle,811
Walsh,State Treasurer,,REP,write-in,73
Walsh,Superintendent of Public Instruction,,,Brandt J Dick,521
Walsh,Superintendent of Public Instruction,,,Charles J Tuttle,454
Walsh,Superintendent of Public Instruction,,,Kirsten Baesler,1392
Walsh,Superintendent of Public Instruction,,,write-in,2
Walsh,U.S. House,1,,Steven James Peterson,19
Walsh,U.S. House,1,,write-in,120
Walsh,U.S. House,1,DEM,Roland Clifford Riemers,221
Walsh,U.S. House,1,DEM,Zach Raknerud,244
Walsh,U.S. House,1,DEM,write-in,180
Walsh,U.S. House,1,REP,Kelly Armstrong,1806
Walsh,U.S. House,1,REP,write-in,3
Ward,City Council Minot,,,Carrie Evans,4529
Ward,City Council Minot,,,Roscoe Streyle,3907
Ward,City Council Minot,,,Scott Burlingame,3683
Ward,City Council Minot,,,Stephan Podrygula,4674
Ward,City Council Minot,,,Tom Ross,5277
Ward,City Council Minot,,,write-in,32
Ward,Continuation of Weather Modification 51 - Ward,,,No,10908
Ward,Continuation of Weather Modification 51 - Ward,,,Yes,1891
Ward,Council Member Berthold,,,Cynthia Debilt,101
Ward,Council Member Berthold,,,Troy Enga,111
Ward,Council Member Berthold,,,write-in,4
Ward,Council Member Burlington,,,Jesse Cannon,180
Ward,Council Member Burlington,,,Zachary Walker,173
Ward,Council Member Burlington,,,write-in,7
Ward,Council Member Carpio,,,write-in,27
Ward,Council Member Des Lacs,,,Alton Nygaard,58
Ward,Council Member Des Lacs,,,Brandon Quam,62
Ward,Council Member Des Lacs,,,write-in,17
Ward,Council Member Donnybrook,,,Larry Goettle,22
Ward,Council Member Donnybrook,,,Nicholas Wooster,23
Ward,Council Member Donnybrook,,,write-in,0
Ward,Council Member Douglas,,,Jeffrey Kay,26
Ward,Council Member Douglas,,,write-in,14
Ward,Council Member Kenmare,,,Deral Ramsdell,87
Ward,Council Member Kenmare,,,Jeremy Grohs,147
Ward,Council Member Kenmare,,,Jim Burud,225
Ward,Council Member Kenmare,,,Miles Mibeck,219
Ward,Council Member Kenmare,,,write-in,15
Ward,Council Member Makoti,,,Chris Huus,32
Ward,Council Member Makoti,,,write-in,12
Ward,Council Member Ryder,,,Merle Dreher,21
Ward,Council Member Ryder,,,Rick Sherven,24
Ward,Council Member Ryder,,,write-in,0
Ward,Council Member Sawyer,,,Andy Hoff,49
Ward,Council Member Sawyer,,,Eileen Darkow,44
Ward,Council Member Sawyer,,,write-in,5
Ward,Council Member Surrey Ward 1,,,Elaine Christianson,81
Ward,Council Member Surrey Ward 1,,,Steve Fennewald,62
Ward,Council Member Surrey Ward 1,,,Travis Dalby,49
Ward,Council Member Surrey Ward 1,,,write-in,6
Ward,Council Member Surrey Ward 2,,,Brent Dickinson,72
Ward,Council Member Surrey Ward 2,,,Twila Gantzer,111
Ward,Council Member Surrey Ward 2,,,write-in,53
Ward,County Commissioner at Large Ward,,,Alan Walter,7017
Ward,County Commissioner at Large Ward,,,Howard Anderson,6329
Ward,County Commissioner at Large Ward,,,James Rostad,7796
Ward,County Commissioner at Large Ward,,,Larry Louser,6070
Ward,County Commissioner at Large Ward,,,Shelly Weppler,6380
Ward,County Commissioner at Large Ward,,,write-in,59
Ward,Governor and Lt. Governor,,,DuWayne Hendrickson and<br/>Joshua Voytek,59
Ward,Governor and Lt. Governor,,,write-in,1
Ward,Governor and Lt. Governor,,DEM,Shelley Lenz and Ben Vig,2226
Ward,Governor and Lt. Governor,,DEM,write-in,2
Ward,Governor and Lt. Governor,,REP,Doug Burgum and Brent Sanford,8829
Ward,Governor and Lt. Governor,,REP,Michael Coachman and Joel H Hylden,665
Ward,Governor and Lt. Governor,,REP,write-in,1
Ward,Insurance Commissioner,,,write-in,5
Ward,Insurance Commissioner,,DEM,Travisia Martin,2216
Ward,Insurance Commissioner,,DEM,write-in,2
Ward,Insurance Commissioner,,REP,Jon Godfread,8607
Ward,Insurance Commissioner,,REP,write-in,10
Ward,Judge of the District Court No. 1 North Central,,,Doug Mattson,11144
Ward,Judge of the District Court No. 1 North Central,,,write-in,87
Ward,Justice of the Supreme Court,,,Jon Jay Jensen,10892
Ward,Justice of the Supreme Court,,,write-in,37
Ward,Mayor Burlington,,,Jeanine Kabanuk,181
Ward,Mayor Burlington,,,write-in,16
Ward,Mayor Carpio,,,write-in,19
Ward,Mayor Ryder,,,Jody Reinisch,25
Ward,Mayor Ryder,,,write-in,0
Ward,Mayor Sawyer,,,write-in,27
Ward,Municipal Judge Burlington,,,Codie Miller,202
Ward,Municipal Judge Burlington,,,write-in,2
Ward,Municipal Judge Kenmare,,,William Jansky,239
Ward,Municipal Judge Kenmare,,,write-in,2
Ward,Park Board Member Berthold Park,,,Marissa Shelkey,110
Ward,Park Board Member Berthold Park,,,Sarah Kallhoff,105
Ward,Park Board Member Berthold Park,,,write-in,7
Ward,Park Board Member Carpio Park,,,Jay Kurtz,26
Ward,Park Board Member Carpio Park,,,Randy Bryans,26
Ward,Park Board Member Carpio Park,,,write-in,5
Ward,Park Board Member Donnybrook Park,,,Josie Sauder,22
Ward,Park Board Member Donnybrook Park,,,Sara Keen,20
Ward,Park Board Member Donnybrook Park,,,write-in,15
Ward,Park Board Member Kenmare Park,,,Laura Williams,242
Ward,Park Board Member Kenmare Park,,,write-in,33
Ward,Park Board Member Makoti Park,,,Ralph Butterfield,24
Ward,Park Board Member Makoti Park,,,write-in,25
Ward,Park Board Member Minot Park Board,,,Cliff Hovda,2963
Ward,Park Board Member Minot Park Board,,,Jeffrey Risk,2615
Ward,Park Board Member Minot Park Board,,,Justin Hammer,2630
Ward,Park Board Member Minot Park Board,,,Ken Kitzman,3643
Ward,Park Board Member Minot Park Board,,,Steve Wharton,2258
Ward,Park Board Member Minot Park Board,,,write-in,18
Ward,Park Board Member Ryder Park,,,write-in,34
Ward,Park Board Member Surrey Park,,,Brenda Quist,199
Ward,Park Board Member Surrey Park,,,Melita Dalby,195
Ward,Park Board Member Surrey Park,,,Steve Quist,193
Ward,Park Board Member Surrey Park,,,write-in,14
Ward,Public Service Commissioner,,,write-in,5
Ward,Public Service Commissioner,,DEM,Casey D Buchmann,2219
Ward,Public Service Commissioner,,DEM,write-in,5
Ward,Public Service Commissioner,,REP,Brian Kroshus,8561
Ward,Public Service Commissioner,,REP,write-in,8
Ward,Publication of Minutes Carpio,,,No,7
Ward,Publication of Minutes Carpio,,,Yes,25
Ward,Publication of Minutes Des Lacs,,,No,42
Ward,Publication of Minutes Des Lacs,,,Yes,33
Ward,Publication of Minutes Douglas,,,No,16
Ward,Publication of Minutes Douglas,,,Yes,15
Ward,Publication of Minutes Kenmare,,,No,17
Ward,Publication of Minutes Kenmare,,,Yes,257
Ward,Publication of Minutes Makoti,,,No,14
Ward,Publication of Minutes Makoti,,,Yes,20
Ward,Publication of Minutes Minot School District,,,No,1473
Ward,Publication of Minutes Minot School District,,,Yes,7496
Ward,Publication of Minutes Ryder,,,No,14
Ward,Publication of Minutes Ryder,,,Yes,11
Ward,Publication of Minutes Sawyer,,,No,29
Ward,Publication of Minutes Sawyer,,,Yes,30
Ward,Publication of Minutes Surrey,,,No,56
Ward,Publication of Minutes Surrey,,,Yes,204
Ward,Sales Tax Extension 51 - Ward,,,No,4052
Ward,Sales Tax Extension 51 - Ward,,,Yes,8715
Ward,School Board Member Minot School District,,,Bonny Berryman,4465
Ward,School Board Member Minot School District,,,Jim Rostad,4458
Ward,School Board Member Minot School District,,,Justin Ahmann,3585
Ward,School Board Member Minot School District,,,Mark Lyman,3961
Ward,School Board Member Minot School District,,,Michael Gessner,4073
Ward,School Board Member Minot School District,,,Mitchell Kraft,2630
Ward,School Board Member Minot School District,,,write-in,17
Ward,State Auditor,,,write-in,6
Ward,State Auditor,,DEM,Patrick Hart,2219
Ward,State Auditor,,DEM,write-in,1
Ward,State Auditor,,REP,Joshua C Gallion,8559
Ward,State Auditor,,REP,write-in,23
Ward,State House,38,,write-in,2
Ward,State House,38,DEM,write-in,59
Ward,State House,38,REP,Dan Ruby,2190
Ward,State House,38,REP,Larry Bellew,2129
Ward,State House,38,REP,write-in,20
Ward,State House,4,,write-in,0
Ward,State House,4,DEM,Hunter L Andes,194
Ward,State House,4,DEM,Thomasina Mandan,161
Ward,State House,4,DEM,write-in,3
Ward,State House,4,REP,Clayton Fegley,956
Ward,State House,4,REP,Terry Burton Jones,845
Ward,State House,4,REP,write-in,4
Ward,State House,40,,write-in,2
Ward,State House,40,DEM,Kalyn June Dewitt,419
Ward,State House,40,DEM,Robert E Kibler,362
Ward,State House,40,DEM,write-in,0
Ward,State House,40,REP,Matthew Ruby,1228
Ward,State House,40,REP,Randy A Schobinger,1243
Ward,State House,40,REP,write-in,4
Ward,State Senate,38,,write-in,1
Ward,State Senate,38,DEM,write-in,48
Ward,State Senate,38,REP,David Hogue,2312
Ward,State Senate,38,REP,write-in,2
Ward,State Senate,4,,write-in,0
Ward,State Senate,4,DEM,Lisa Finley-DeVille,203
Ward,State Senate,4,DEM,write-in,0
Ward,State Senate,4,REP,Jordan Kannianen,969
Ward,State Senate,4,REP,write-in,0
Ward,State Senate,40,,write-in,1
Ward,State Senate,40,DEM,write-in,44
Ward,State Senate,40,REP,Karen Kay Krebsbach,1293
Ward,State Senate,40,REP,write-in,8
Ward,State Treasurer,,,write-in,5
Ward,State Treasurer,,DEM,Mark Haugen,2244
Ward,State Treasurer,,DEM,write-in,1
Ward,State Treasurer,,REP,Daniel Johnston,4021
Ward,State Treasurer,,REP,Thomas Beadle,4711
Ward,State Treasurer,,REP,write-in,8
Ward,Superintendent of Public Instruction,,,Brandt J Dick,2577
Ward,Superintendent of Public Instruction,,,Charles J Tuttle,2829
Ward,Superintendent of Public Instruction,,,Kirsten Baesler,6433
Ward,Superintendent of Public Instruction,,,write-in,11
Ward,U.S. House,1,,Steven James Peterson,57
Ward,U.S. House,1,,write-in,1
Ward,U.S. House,1,DEM,Roland Clifford Riemers,895
Ward,U.S. House,1,DEM,Zach Raknerud,1324
Ward,U.S. House,1,DEM,write-in,3
Ward,U.S. House,1,REP,Kelly Armstrong,8928
Ward,U.S. House,1,REP,write-in,28
Wells,City of Harvey Measure #2 Harvey,,,No,252
Wells,City of Harvey Measure #2 Harvey,,,Yes,323
Wells,Council Member Fessenden,,,Eric Bollingberg,146
Wells,Council Member Fessenden,,,Jason Skiftun,125
Wells,Council Member Fessenden,,,Keith Middleman,112
Wells,Council Member Fessenden,,,Mark Weiss,46
Wells,Council Member Fessenden,,,Michael Buckman,76
Wells,Council Member Fessenden,,,write-in,4
Wells,Council Member Harvey,,,Ann Adams,345
Wells,Council Member Harvey,,,Christopher A. Kara,467
Wells,Council Member Harvey,,,Susan Bartz,460
Wells,Council Member Harvey,,,write-in,43
Wells,County Commissioner At Large By District Wells - District 1,,,Danny Maxwell,1235
Wells,County Commissioner At Large By District Wells - District 1,,,write-in,95
Wells,County Commissioner At Large By District Wells - District 3,,,Stanley Buxa,1376
Wells,County Commissioner At Large By District Wells - District 3,,,write-in,4
Wells,County Commissioner At Large by District Wells - District 5,,,Bryan Lautt,753
Wells,County Commissioner At Large by District Wells - District 5,,,Mary Hager,485
Wells,County Commissioner At Large by District Wells - District 5,,,Neil Thormodsgaard,262
Wells,County Commissioner At Large by District Wells - District 5,,,write-in,2
Wells,Governor and Lt. Governor,,,DuWayne Hendrickson and<br/>Joshua Voytek,4
Wells,Governor and Lt. Governor,,,write-in,0
Wells,Governor and Lt. Governor,,DEM,Shelley Lenz and Ben Vig,208
Wells,Governor and Lt. Governor,,DEM,write-in,0
Wells,Governor and Lt. Governor,,REP,Doug Burgum and Brent Sanford,1032
Wells,Governor and Lt. Governor,,REP,Michael Coachman and Joel H Hylden,166
Wells,Governor and Lt. Governor,,REP,write-in,3
Wells,Insurance Commissioner,,,write-in,1
Wells,Insurance Commissioner,,DEM,Travisia Martin,206
Wells,Insurance Commissioner,,DEM,write-in,0
Wells,Insurance Commissioner,,REP,Jon Godfread,1097
Wells,Insurance Commissioner,,REP,write-in,0
Wells,Judge of the District Court No. 1 Unexpired 4-Year Term Southeast,,,Cherie L Clark,1263
Wells,Judge of the District Court No. 1 Unexpired 4-Year Term Southeast,,,write-in,3
Wells,Justice of the Supreme Court,,,Jon Jay Jensen,1276
Wells,Justice of the Supreme Court,,,write-in,3
Wells,Mayor Harvey,,,Rick Eckart,528
Wells,Mayor Harvey,,,write-in,12
Wells,Park Board Member Fessenden Park,,,write-in,190
Wells,Park Board Member Harvey Park,,,Bradley J. Kline,491
Wells,Park Board Member Harvey Park,,,Marcella M. Eckart,444
Wells,Park Board Member Harvey Park,,,write-in,17
Wells,Public Service Commissioner,,,write-in,1
Wells,Public Service Commissioner,,DEM,Casey D Buchmann,208
Wells,Public Service Commissioner,,DEM,write-in,1
Wells,Public Service Commissioner,,REP,Brian Kroshus,1086
Wells,Public Service Commissioner,,REP,write-in,2
Wells,Publication of City Governing Body Minutes Fessenden,,,No,7
Wells,Publication of City Governing Body Minutes Fessenden,,,Yes,165
Wells,Publication of City Governing Body Minutes Harvey,,,No,27
Wells,Publication of City Governing Body Minutes Harvey,,,Yes,556
Wells,State Auditor,,,write-in,1
Wells,State Auditor,,DEM,Patrick Hart,208
Wells,State Auditor,,DEM,write-in,1
Wells,State Auditor,,REP,Joshua C Gallion,1081
Wells,State Auditor,,REP,write-in,1
Wells,State House,14,,write-in,1
Wells,State House,14,DEM,Mark Nelson,199
Wells,State House,14,DEM,Richard Lynne,173
Wells,State House,14,DEM,write-in,0
Wells,State House,14,REP,Jon Nelson,968
Wells,State House,14,REP,Robin Weisz,1013
Wells,State House,14,REP,write-in,11
Wells,State Senate,14,,write-in,1
Wells,State Senate,14,DEM,Jenna Vanhorne,209
Wells,State Senate,14,DEM,write-in,0
Wells,State Senate,14,REP,Jerry Klein,1165
Wells,State Senate,14,REP,write-in,8
Wells,State Treasurer,,,write-in,1
Wells,State Treasurer,,DEM,Mark Haugen,207
Wells,State Treasurer,,DEM,write-in,0
Wells,State Treasurer,,REP,Daniel Johnston,561
Wells,State Treasurer,,REP,Thomas Beadle,526
Wells,State Treasurer,,REP,write-in,1
Wells,Superintendent of Public Instruction,,,Brandt J Dick,310
Wells,Superintendent of Public Instruction,,,Charles J Tuttle,330
Wells,Superintendent of Public Instruction,,,Kirsten Baesler,747
Wells,Superintendent of Public Instruction,,,write-in,1
Wells,U.S. House,1,,Steven James Peterson,4
Wells,U.S. House,1,,write-in,0
Wells,U.S. House,1,DEM,Roland Clifford Riemers,91
Wells,U.S. House,1,DEM,Zach Raknerud,106
Wells,U.S. House,1,DEM,write-in,0
Wells,U.S. House,1,REP,Kelly Armstrong,1147
Wells,U.S. House,1,REP,write-in,0
Williams,Alderperson Grenora,,,write-in,60
Williams,Alderperson Springbrook,,,Jacob (Jake) Smith,7
Williams,Alderperson Springbrook,,,write-in,0
Williams,Approval of Amended Home Rule Charter 53 - Williams,,,No,2137
Williams,Approval of Amended Home Rule Charter 53 - Williams,,,Yes,1965
Williams,Approval of Grenora Minutes Grenora,,,No,3
Williams,Approval of Grenora Minutes Grenora,,,Yes,54
Williams,Approval of minutes. Tioga,,,No,11
Williams,Approval of minutes. Tioga,,,Yes,239
Williams,Ballot Title: Mosquito Control Charge; Continuation of $4.00 per month per occupied unit. Williston,,,No,298
Williams,Ballot Title: Mosquito Control Charge; Continuation of $4.00 per month per occupied unit. Williston,,,Yes,2690
Williams,Commission President Tioga,,,Drake McClelland,159
Williams,Commission President Tioga,,,write-in,56
Williams,Commissioner Ray,,,Richard Liesener,85
Williams,Commissioner Ray,,,Troy Kupper,88
Williams,Commissioner Ray,,,write-in,22
Williams,Commissioner Tioga,,,Lawerance Maize,177
Williams,Commissioner Tioga,,,Timothy Sundhagen,204
Williams,Commissioner Tioga,,,write-in,33
Williams,Commissioner Unexpired 2-Year Term Ray,,,Shilo Kilber,80
Williams,Commissioner Unexpired 2-Year Term Ray,,,Zachary Haase,87
Williams,Commissioner Unexpired 2-Year Term Ray,,,write-in,22
Williams,Commissioner Williston,,,Brad Bekkedahl,2484
Williams,Commissioner Williston,,,Deanette Piesik,2062
Williams,Commissioner Williston,,,write-in,25
Williams,Council Member Epping,,,Marci Damm,13
Williams,Council Member Epping,,,Nancy Gantzler,11
Williams,Council Member Epping,,,write-in,2
Williams,Council Member Unexpired 2-Year Term Epping,,,Debbie Sattler,11
Williams,Council Member Unexpired 2-Year Term Epping,,,Susan Shaffner,12
Williams,Council Member Unexpired 2-Year Term Epping,,,write-in,2
Williams,Council Member Wildrose,,,Karla Magnuson,20
Williams,Council Member Wildrose,,,Sarah Herland,18
Williams,Council Member Wildrose,,,write-in,3
Williams,County Commissioner By District Williams - District 2,,,Steve Kemp,751
Williams,County Commissioner By District Williams - District 2,,,write-in,11
Williams,County Commissioner By District Williams - District 4,,,Bob Eynon,341
Williams,County Commissioner By District Williams - District 4,,,David Montgomery,569
Williams,County Commissioner By District Williams - District 4,,,write-in,2
Williams,"Director, Garrison Diversion Conservancy Williams",,,Ward Koeser,3864
Williams,"Director, Garrison Diversion Conservancy Williams",,,write-in,33
Williams,Governor and Lt. Governor,,,DuWayne Hendrickson and<br/>Joshua Voytek,25
Williams,Governor and Lt. Governor,,,write-in,0
Williams,Governor and Lt. Governor,,DEM,Shelley Lenz and Ben Vig,544
Williams,Governor and Lt. Governor,,DEM,write-in,2
Williams,Governor and Lt. Governor,,REP,Doug Burgum and Brent Sanford,3391
Williams,Governor and Lt. Governor,,REP,Michael Coachman and Joel H Hylden,337
Williams,Governor and Lt. Governor,,REP,write-in,3
Williams,Insurance Commissioner,,,write-in,4
Williams,Insurance Commissioner,,DEM,Travisia Martin,541
Williams,Insurance Commissioner,,DEM,write-in,0
Williams,Insurance Commissioner,,REP,Jon Godfread,3384
Williams,Insurance Commissioner,,REP,write-in,5
Williams,Judge of the District Court No. 2 Northwest,,,Benjamen J Johnson,3803
Williams,Judge of the District Court No. 2 Northwest,,,write-in,22
Williams,Judge of the District Court No. 3 Northwest,,,Paul W Jacobson,3822
Williams,Judge of the District Court No. 3 Northwest,,,write-in,23
Williams,Judge of the District Court No. 4 Northwest,,,Robin Schmidt,3780
Williams,Judge of the District Court No. 4 Northwest,,,write-in,11
Williams,Justice of the Supreme Court,,,Jon Jay Jensen,3811
Williams,Justice of the Supreme Court,,,write-in,14
Williams,Mayor Epping,,,Trevor Bemis,11
Williams,Mayor Epping,,,write-in,3
Williams,Municipal Judge Grenora,,,write-in,28
Williams,Municipal Judge Ray,,,Michael Weyrauch,104
Williams,Municipal Judge Ray,,,write-in,0
Williams,Municipal Judge Tioga,,,write-in,69
Williams,Park Board Commissioner Williston Park,,,John Liffrig,1570
Williams,Park Board Commissioner Williston Park,,,Kyle Harris,1388
Williams,Park Board Commissioner Williston Park,,,Michael Owens,1448
Williams,Park Board Commissioner Williston Park,,,write-in,395
Williams,Park Board Member Grenora Park,,,write-in,56
Williams,Park Board Member Ray Park,,,Brent Bingeman,98
Williams,Park Board Member Ray Park,,,Jeremy Becker,98
Williams,Park Board Member Ray Park,,,Lance Daniel,100
Williams,Park Board Member Ray Park,,,write-in,11
Williams,Park Board Member Tioga Park,,,William Fischer,204
Williams,Park Board Member Tioga Park,,,write-in,134
Williams,Park Board Member Wildrose Park,,,write-in,21
Williams,Public Service Commissioner,,,write-in,4
Williams,Public Service Commissioner,,DEM,Casey D Buchmann,540
Williams,Public Service Commissioner,,DEM,write-in,1
Williams,Public Service Commissioner,,REP,Brian Kroshus,3387
Williams,Public Service Commissioner,,REP,write-in,2
Williams,Publication of City of Williston Minutes Williston,,,No,282
Williams,Publication of City of Williston Minutes Williston,,,Yes,2639
Williams,Rural Fire Protection District Representative Grenora,,,Kari Pittenger,48
Williams,Rural Fire Protection District Representative Grenora,,,write-in,2
Williams,School Board Member Williston School District,,,Cory Swint,2085
Williams,School Board Member Williston School District,,,Heather Wheeler,2095
Williams,School Board Member Williston School District,,,Laurie Garbel,2233
Williams,School Board Member Williston School District,,,write-in,53
Williams,"Shall Williston Public School District No. 1 of Williams County, North Dakota, be authorized to increase its school building fund levy from ten (10) mills to twenty (20) mills Williston School District",,,No,1746
Williams,"Shall Williston Public School District No. 1 of Williams County, North Dakota, be authorized to increase its school building fund levy from ten (10) mills to twenty (20) mills Williston School District",,,Yes,1292
Williams,"Shall Williston Public School District No. 1 of Williams County, North Dakota, issue its general obligation bonds in the amount not to exceed $10,000,000, maturing within a maximum of 20 years Williston School District",,,No,1633
Williams,"Shall Williston Public School District No. 1 of Williams County, North Dakota, issue its general obligation bonds in the amount not to exceed $10,000,000, maturing within a maximum of 20 years Williston School District",,,Yes,1405
Williams,State Auditor,,,write-in,6
Williams,State Auditor,,DEM,Patrick Hart,541
Williams,State Auditor,,DEM,write-in,0
Williams,State Auditor,,REP,Joshua C Gallion,3360
Williams,State Auditor,,REP,write-in,4
Williams,State House,2,,write-in,2
Williams,State House,2,DEM,write-in,29
Williams,State House,2,REP,Bert Anderson,1357
Williams,State House,2,REP,Donald Longmuir,1313
Williams,State House,2,REP,write-in,4
Williams,State Senate,2,,write-in,2
Williams,State Senate,2,DEM,write-in,24
Williams,State Senate,2,REP,David S Rust,1499
Williams,State Senate,2,REP,write-in,6
Williams,State Treasurer,,,write-in,4
Williams,State Treasurer,,DEM,Mark Haugen,549
Williams,State Treasurer,,DEM,write-in,0
Williams,State Treasurer,,REP,Daniel Johnston,1544
Williams,State Treasurer,,REP,Thomas Beadle,1875
Williams,State Treasurer,,REP,write-in,2
Williams,Superintendent of Public Instruction,,,Brandt J Dick,935
Williams,Superintendent of Public Instruction,,,Charles J Tuttle,840
Williams,Superintendent of Public Instruction,,,Kirsten Baesler,2319
Williams,Superintendent of Public Instruction,,,write-in,5
Williams,"To extend and approve the City of Tioga's existing Infrastructure Tax beyond its present expiration date, which would otherwise occur on December 31, 2020. Tioga",,,No,71
Williams,"To extend and approve the City of Tioga's existing Infrastructure Tax beyond its present expiration date, which would otherwise occur on December 31, 2020. Tioga",,,Yes,176
Williams,U.S. House,1,,Steven James Peterson,25
Williams,U.S. House,1,,write-in,0
Williams,U.S. House,1,DEM,Roland Clifford Riemers,226
Williams,U.S. House,1,DEM,Zach Raknerud,309
Williams,U.S. House,1,DEM,write-in,2
Williams,U.S. House,1,REP,Kelly Armstrong,3476
Williams,U.S. House,1,REP,write-in,4
