county,office,district,party,candidate,votes
Adams,Agriculture Commissioner,,DEM,Roger Johnson,275
Adams,Agriculture Commissioner,,REP,Clare Carlson,233
Adams,Attorney General,,DEM,Glenn Pomeroy,279
Adams,Attorney General,,REP,Wayne Stenehjem,244
Adams,Attorney General Constitution,,CON,Peter Crary,1
Adams,Constitutional Measure No. 1: Relates to the membership of the State Board of Higher Education,,,No,241
Adams,Constitutional Measure No. 1: Relates to the membership of the State Board of Higher Education,,,Yes,324
Adams,Constitutional Measure No. 2: Relates to the election of statewide executive officers.,,,No,209
Adams,Constitutional Measure No. 2: Relates to the election of statewide executive officers.,,,Yes,344
Adams,Constitutional Measure No. 3: Relates to the elimination of the State Treasurers Office.,,,No,395
Adams,Constitutional Measure No. 3: Relates to the elimination of the State Treasurers Office.,,,Yes,189
Adams,Constitutional Measure No. 4: Relates to the filling of legislative vacancies.,,,No,221
Adams,Constitutional Measure No. 4: Relates to the filling of legislative vacancies.,,,Yes,353
Adams,Governor and Lt. Governor,,DEM,Heidi Heitkamp & Aaron Krauter,281
Adams,Governor and Lt. Governor,,REP,John Hoeven & Jack Dalrymple,255
Adams,Governor and Lt. Governor Constitution,,CON,Wayne JC Anderson & Martin Wishnatsky,1
Adams,Insurance Commissioner,,DEM,Gorman King Jr,249
Adams,Insurance Commissioner,,REP,Jim Poolman,234
Adams,Justice of the Supreme Court,,NON,Carol Kapsner,181
Adams,Justice of the Supreme Court,,NON,Kathryn L Dietz,260
Adams,Public Service Commissioner,,DEM,Vern Thompson,269
Adams,Public Service Commissioner,,REP,Tony Clark,241
Adams,Representative in Congress Reform,,REF,Dana Paul Brandenburg,2
Adams,Secretary of State,,DEM,Dennis Bercier,251
Adams,Secretary of State,,REP,Alvin A. (Al) Jaeger,246
Adams,State Auditor,,DEM,Mary Ekstrom,259
Adams,State Auditor,,REP,Robert R. (Bob) Peterson,244
Adams,State Treasurer,,DEM,Kathi Gilmore,286
Adams,State Treasurer,,REP,Randy A Schobinger,247
Adams,Superintendent of Public Instruction,,NON,Ray Holmberg,163
Adams,Superintendent of Public Instruction,,NON,Wayne G Sanstead,384
Adams,Tax Commissioner,,DEM,Steve Tomac,284
Adams,Tax Commissioner,,REP,Rick Clayburgh,255
Adams,U.S. House,1,DEM,Earl Pomeroy,279
Adams,U.S. House,1,REP,John Dorso,238
Adams,U.S. Senate,,DEM,Kent Conrad,300
Adams,U.S. Senate,,REP,Duane Sand,253
Barnes,Agriculture Commissioner,,DEM,Roger Johnson,939
Barnes,Agriculture Commissioner,,REP,Clare Carlson,735
Barnes,Attorney General,,DEM,Glenn Pomeroy,996
Barnes,Attorney General,,REP,Wayne Stenehjem,767
Barnes,Attorney General Constitution,,CON,Peter Crary,6
Barnes,Constitutional Measure No. 1: Relates to the membership of the State Board of Higher Education,,,No,1000
Barnes,Constitutional Measure No. 1: Relates to the membership of the State Board of Higher Education,,,Yes,954
Barnes,Constitutional Measure No. 2: Relates to the election of statewide executive officers.,,,No,752
Barnes,Constitutional Measure No. 2: Relates to the election of statewide executive officers.,,,Yes,1213
Barnes,Constitutional Measure No. 3: Relates to the elimination of the State Treasurers Office.,,,No,1167
Barnes,Constitutional Measure No. 3: Relates to the elimination of the State Treasurers Office.,,,Yes,843
Barnes,Constitutional Measure No. 4: Relates to the filling of legislative vacancies.,,,No,983
Barnes,Constitutional Measure No. 4: Relates to the filling of legislative vacancies.,,,Yes,989
Barnes,Governor and Lt. Governor,,DEM,Heidi Heitkamp & Aaron Krauter,942
Barnes,Governor and Lt. Governor,,REP,John Hoeven & Jack Dalrymple,830
Barnes,Governor and Lt. Governor Constitution,,CON,Wayne JC Anderson & Martin Wishnatsky,5
Barnes,Insurance Commissioner,,DEM,Gorman King Jr,845
Barnes,Insurance Commissioner,,REP,Jim Poolman,734
Barnes,Justice of the Supreme Court,,NON,Carol Kapsner,519
Barnes,Justice of the Supreme Court,,NON,Kathryn L Dietz,1068
Barnes,Public Service Commissioner,,DEM,Vern Thompson,885
Barnes,Public Service Commissioner,,REP,Tony Clark,734
Barnes,Representative in Congress Reform,,REF,Dana Paul Brandenburg,2
Barnes,Secretary of State,,DEM,Dennis Bercier,873
Barnes,Secretary of State,,REP,Alvin A. (Al) Jaeger,799
Barnes,State Auditor,,DEM,Mary Ekstrom,888
Barnes,State Auditor,,REP,Robert R. (Bob) Peterson,811
Barnes,State House Legislative,24,DEM,Phillip Mueller,937
Barnes,State House Legislative,24,DEM,Ralph Metcalf,948
Barnes,State House Legislative,24,REP,Gereld F (Gerry) Gerntholz,804
Barnes,State House Legislative,24,REP,Rita M Greer,714
Barnes,State Senate Legislative District 24,,DEM,Larry Robinson,979
Barnes,State Treasurer,,DEM,Kathi Gilmore,911
Barnes,State Treasurer,,REP,Randy A Schobinger,763
Barnes,Superintendent of Public Instruction,,NON,Ray Holmberg,601
Barnes,Superintendent of Public Instruction,,NON,Wayne G Sanstead,1233
Barnes,Tax Commissioner,,DEM,Steve Tomac,885
Barnes,Tax Commissioner,,REP,Rick Clayburgh,767
Barnes,U.S. House,1,DEM,Earl Pomeroy,1013
Barnes,U.S. House,1,REP,John Dorso,776
Barnes,U.S. Senate,,DEM,Kent Conrad,1015
Barnes,U.S. Senate,,REP,Duane Sand,808
Benson,Agriculture Commissioner,,DEM,Roger Johnson,352
Benson,Agriculture Commissioner,,REP,Clare Carlson,258
Benson,Attorney General,,DEM,Glenn Pomeroy,355
Benson,Attorney General,,REP,Wayne Stenehjem,267
Benson,Attorney General Constitution,,CON,Peter Crary,0
Benson,Constitutional Measure No. 1: Relates to the membership of the State Board of Higher Education,,,No,280
Benson,Constitutional Measure No. 1: Relates to the membership of the State Board of Higher Education,,,Yes,356
Benson,Constitutional Measure No. 2: Relates to the election of statewide executive officers.,,,No,265
Benson,Constitutional Measure No. 2: Relates to the election of statewide executive officers.,,,Yes,382
Benson,Constitutional Measure No. 3: Relates to the elimination of the State Treasurers Office.,,,No,391
Benson,Constitutional Measure No. 3: Relates to the elimination of the State Treasurers Office.,,,Yes,262
Benson,Constitutional Measure No. 4: Relates to the filling of legislative vacancies.,,,No,390
Benson,Constitutional Measure No. 4: Relates to the filling of legislative vacancies.,,,Yes,248
Benson,Governor and Lt. Governor,,DEM,Heidi Heitkamp & Aaron Krauter,358
Benson,Governor and Lt. Governor,,REP,John Hoeven & Jack Dalrymple,267
Benson,Governor and Lt. Governor Constitution,,CON,Wayne JC Anderson & Martin Wishnatsky,0
Benson,Insurance Commissioner,,DEM,Gorman King Jr,327
Benson,Insurance Commissioner,,REP,Jim Poolman,254
Benson,Justice of the Supreme Court,,NON,Carol Kapsner,132
Benson,Justice of the Supreme Court,,NON,Kathryn L Dietz,238
Benson,Public Service Commissioner,,DEM,Vern Thompson,353
Benson,Public Service Commissioner,,REP,Tony Clark,256
Benson,Representative in Congress Reform,,REF,Dana Paul Brandenburg,1
Benson,Secretary of State,,DEM,Dennis Bercier,333
Benson,Secretary of State,,REP,Alvin A. (Al) Jaeger,267
Benson,State Auditor,,DEM,Mary Ekstrom,335
Benson,State Auditor,,REP,Robert R. (Bob) Peterson,265
Benson,State House Legislative,12,DEM,Arlo E Schmidt,363
Benson,State House Legislative,12,DEM,Dewey Heckaman,284
Benson,State House Legislative,12,REP,Dennis E Johnson,272
Benson,State House Legislative,12,REP,Myron Jury,230
Benson,State Senate Legislative District 12,,DEM,Darren A Kimmerly,11
Benson,State Senate Legislative District 12,,DEM,Mike Every,334
Benson,State Senate Legislative District 12,,REP,Ron Hofstrand,266
Benson,State Treasurer,,DEM,Kathi Gilmore,335
Benson,State Treasurer,,REP,Randy A Schobinger,253
Benson,Superintendent of Public Instruction,,NON,Ray Holmberg,167
Benson,Superintendent of Public Instruction,,NON,Wayne G Sanstead,274
Benson,Tax Commissioner,,DEM,Steve Tomac,337
Benson,Tax Commissioner,,REP,Rick Clayburgh,267
Benson,U.S. House,1,DEM,Earl Pomeroy,367
Benson,U.S. House,1,REP,John Dorso,250
Benson,U.S. Senate,,DEM,Kent Conrad,370
Benson,U.S. Senate,,REP,Duane Sand,261
Billings,Agriculture Commissioner,,DEM,Roger Johnson,107
Billings,Agriculture Commissioner,,REP,Clare Carlson,141
Billings,Attorney General,,DEM,Glenn Pomeroy,107
Billings,Attorney General,,REP,Wayne Stenehjem,150
Billings,Attorney General Constitution,,CON,Peter Crary,0
Billings,Constitutional Measure No. 1: Relates to the membership of the State Board of Higher Education,,,No,144
Billings,Constitutional Measure No. 1: Relates to the membership of the State Board of Higher Education,,,Yes,149
Billings,Constitutional Measure No. 2: Relates to the election of statewide executive officers.,,,No,139
Billings,Constitutional Measure No. 2: Relates to the election of statewide executive officers.,,,Yes,157
Billings,Constitutional Measure No. 3: Relates to the elimination of the State Treasurers Office.,,,No,178
Billings,Constitutional Measure No. 3: Relates to the elimination of the State Treasurers Office.,,,Yes,120
Billings,Constitutional Measure No. 4: Relates to the filling of legislative vacancies.,,,No,173
Billings,Constitutional Measure No. 4: Relates to the filling of legislative vacancies.,,,Yes,119
Billings,Governor and Lt. Governor,,DEM,Heidi Heitkamp & Aaron Krauter,113
Billings,Governor and Lt. Governor,,REP,John Hoeven & Jack Dalrymple,157
Billings,Governor and Lt. Governor Constitution,,CON,Wayne JC Anderson & Martin Wishnatsky,0
Billings,Insurance Commissioner,,DEM,Gorman King Jr,91
Billings,Insurance Commissioner,,REP,Jim Poolman,141
Billings,Justice of the Supreme Court,,NON,Carol Kapsner,102
Billings,Justice of the Supreme Court,,NON,Kathryn L Dietz,132
Billings,Public Service Commissioner,,DEM,Vern Thompson,98
Billings,Public Service Commissioner,,REP,Tony Clark,143
Billings,Representative in Congress Reform,,REF,Dana Paul Brandenburg,2
Billings,Secretary of State,,DEM,Dennis Bercier,93
Billings,Secretary of State,,REP,Alvin A. (Al) Jaeger,153
Billings,State Auditor,,DEM,Mary Ekstrom,95
Billings,State Auditor,,REP,Robert R. (Bob) Peterson,152
Billings,State Treasurer,,DEM,Kathi Gilmore,101
Billings,State Treasurer,,REP,Randy A Schobinger,144
Billings,Superintendent of Public Instruction,,NON,Ray Holmberg,91
Billings,Superintendent of Public Instruction,,NON,Wayne G Sanstead,183
Billings,Tax Commissioner,,DEM,Steve Tomac,100
Billings,Tax Commissioner,,REP,Rick Clayburgh,152
Billings,U.S. House,1,DEM,Earl Pomeroy,115
Billings,U.S. House,1,REP,John Dorso,147
Billings,U.S. Senate,,DEM,Kent Conrad,114
Billings,U.S. Senate,,REP,Duane Sand,151
Bottineau,Agriculture Commissioner,,DEM,Roger Johnson,643
Bottineau,Agriculture Commissioner,,REP,Clare Carlson,677
Bottineau,Attorney General,,DEM,Glenn Pomeroy,687
Bottineau,Attorney General,,REP,Wayne Stenehjem,700
Bottineau,Attorney General Constitution,,CON,Peter Crary,4
Bottineau,Constitutional Measure No. 1: Relates to the membership of the State Board of Higher Education,,,No,727
Bottineau,Constitutional Measure No. 1: Relates to the membership of the State Board of Higher Education,,,Yes,716
Bottineau,Constitutional Measure No. 2: Relates to the election of statewide executive officers.,,,No,562
Bottineau,Constitutional Measure No. 2: Relates to the election of statewide executive officers.,,,Yes,886
Bottineau,Constitutional Measure No. 3: Relates to the elimination of the State Treasurers Office.,,,No,877
Bottineau,Constitutional Measure No. 3: Relates to the elimination of the State Treasurers Office.,,,Yes,647
Bottineau,Constitutional Measure No. 4: Relates to the filling of legislative vacancies.,,,No,805
Bottineau,Constitutional Measure No. 4: Relates to the filling of legislative vacancies.,,,Yes,655
Bottineau,Governor and Lt. Governor,,DEM,Heidi Heitkamp & Aaron Krauter,672
Bottineau,Governor and Lt. Governor,,REP,John Hoeven & Jack Dalrymple,768
Bottineau,Governor and Lt. Governor Constitution,,CON,Wayne JC Anderson & Martin Wishnatsky,5
Bottineau,Insurance Commissioner,,DEM,Gorman King Jr,585
Bottineau,Insurance Commissioner,,REP,Jim Poolman,680
Bottineau,Justice of the Supreme Court,,NON,Carol Kapsner,387
Bottineau,Justice of the Supreme Court,,NON,Kathryn L Dietz,645
Bottineau,Public Service Commissioner,,DEM,Vern Thompson,631
Bottineau,Public Service Commissioner,,REP,Tony Clark,673
Bottineau,Representative in Congress Reform,,REF,Dana Paul Brandenburg,2
Bottineau,Secretary of State,,DEM,Dennis Bercier,610
Bottineau,Secretary of State,,REP,Alvin A. (Al) Jaeger,712
Bottineau,State Auditor,,DEM,Mary Ekstrom,610
Bottineau,State Auditor,,REP,Robert R. (Bob) Peterson,718
Bottineau,State House Legislative,6,DEM,Bob Hunskor,636
Bottineau,State House Legislative,6,DEM,David R Sigloh,503
Bottineau,State House Legislative,6,REP,Gerald O Sveen,694
Bottineau,State House Legislative,6,REP,Glen Froseth,690
Bottineau,State Senate Legislative District 6,,DEM,"David Paul O""Connell",711
Bottineau,State Senate Legislative District 6,,REP,Jim Grueneich,679
Bottineau,State Treasurer,,DEM,Kathi Gilmore,691
Bottineau,State Treasurer,,REP,Randy A Schobinger,696
Bottineau,Superintendent of Public Instruction,,NON,Ray Holmberg,479
Bottineau,Superintendent of Public Instruction,,NON,Wayne G Sanstead,854
Bottineau,Tax Commissioner,,DEM,Steve Tomac,618
Bottineau,Tax Commissioner,,REP,Rick Clayburgh,686
Bottineau,U.S. House,1,DEM,Earl Pomeroy,719
Bottineau,U.S. House,1,REP,John Dorso,678
Bottineau,U.S. Senate,,DEM,Kent Conrad,734
Bottineau,U.S. Senate,,REP,Duane Sand,707
Bowman,Agriculture Commissioner,,DEM,Roger Johnson,315
Bowman,Agriculture Commissioner,,REP,Clare Carlson,359
Bowman,Attorney General,,DEM,Glenn Pomeroy,323
Bowman,Attorney General,,REP,Wayne Stenehjem,364
Bowman,Attorney General Constitution,,CON,Peter Crary,1
Bowman,Constitutional Measure No. 1: Relates to the membership of the State Board of Higher Education,,,No,384
Bowman,Constitutional Measure No. 1: Relates to the membership of the State Board of Higher Education,,,Yes,393
Bowman,Constitutional Measure No. 2: Relates to the election of statewide executive officers.,,,No,324
Bowman,Constitutional Measure No. 2: Relates to the election of statewide executive officers.,,,Yes,454
Bowman,Constitutional Measure No. 3: Relates to the elimination of the State Treasurers Office.,,,No,478
Bowman,Constitutional Measure No. 3: Relates to the elimination of the State Treasurers Office.,,,Yes,295
Bowman,Constitutional Measure No. 4: Relates to the filling of legislative vacancies.,,,No,342
Bowman,Constitutional Measure No. 4: Relates to the filling of legislative vacancies.,,,Yes,437
Bowman,Governor and Lt. Governor,,DEM,Heidi Heitkamp & Aaron Krauter,312
Bowman,Governor and Lt. Governor,,REP,John Hoeven & Jack Dalrymple,382
Bowman,Governor and Lt. Governor Constitution,,CON,Wayne JC Anderson & Martin Wishnatsky,2
Bowman,Insurance Commissioner,,DEM,Gorman King Jr,294
Bowman,Insurance Commissioner,,REP,Jim Poolman,356
Bowman,Justice of the Supreme Court,,NON,Carol Kapsner,226
Bowman,Justice of the Supreme Court,,NON,Kathryn L Dietz,402
Bowman,Public Service Commissioner,,DEM,Vern Thompson,303
Bowman,Public Service Commissioner,,REP,Tony Clark,359
Bowman,Representative in Congress Reform,,REF,Dana Paul Brandenburg,1
Bowman,Secretary of State,,DEM,Dennis Bercier,290
Bowman,Secretary of State,,REP,Alvin A. (Al) Jaeger,374
Bowman,State Auditor,,DEM,Mary Ekstrom,294
Bowman,State Auditor,,REP,Robert R. (Bob) Peterson,372
Bowman,State Treasurer,,DEM,Kathi Gilmore,307
Bowman,State Treasurer,,REP,Randy A Schobinger,353
Bowman,Superintendent of Public Instruction,,NON,Ray Holmberg,239
Bowman,Superintendent of Public Instruction,,NON,Wayne G Sanstead,491
Bowman,Tax Commissioner,,DEM,Steve Tomac,314
Bowman,Tax Commissioner,,REP,Rick Clayburgh,366
Bowman,U.S. House,1,DEM,Earl Pomeroy,330
Bowman,U.S. House,1,REP,John Dorso,357
Bowman,U.S. Senate,,DEM,Kent Conrad,342
Bowman,U.S. Senate,,REP,Duane Sand,358
Burke,Agriculture Commissioner,,DEM,Roger Johnson,204
Burke,Agriculture Commissioner,,REP,Clare Carlson,162
Burke,Attorney General,,DEM,Glenn Pomeroy,204
Burke,Attorney General,,REP,Wayne Stenehjem,164
Burke,Attorney General Constitution,,CON,Peter Crary,1
Burke,Constitutional Measure No. 1: Relates to the membership of the State Board of Higher Education,,,No,180
Burke,Constitutional Measure No. 1: Relates to the membership of the State Board of Higher Education,,,Yes,198
Burke,Constitutional Measure No. 2: Relates to the election of statewide executive officers.,,,No,155
Burke,Constitutional Measure No. 2: Relates to the election of statewide executive officers.,,,Yes,225
Burke,Constitutional Measure No. 3: Relates to the elimination of the State Treasurers Office.,,,No,218
Burke,Constitutional Measure No. 3: Relates to the elimination of the State Treasurers Office.,,,Yes,171
Burke,Constitutional Measure No. 4: Relates to the filling of legislative vacancies.,,,No,135
Burke,Constitutional Measure No. 4: Relates to the filling of legislative vacancies.,,,Yes,241
Burke,Governor and Lt. Governor,,DEM,Heidi Heitkamp & Aaron Krauter,200
Burke,Governor and Lt. Governor,,REP,John Hoeven & Jack Dalrymple,181
Burke,Governor and Lt. Governor Constitution,,CON,Wayne JC Anderson & Martin Wishnatsky,1
Burke,Insurance Commissioner,,DEM,Gorman King Jr,183
Burke,Insurance Commissioner,,REP,Jim Poolman,158
Burke,Justice of the Supreme Court,,NON,Carol Kapsner,106
Burke,Justice of the Supreme Court,,NON,Kathryn L Dietz,165
Burke,Public Service Commissioner,,DEM,Vern Thompson,191
Burke,Public Service Commissioner,,REP,Tony Clark,164
Burke,Representative in Congress Reform,,REF,Dana Paul Brandenburg,1
Burke,Secretary of State,,DEM,Dennis Bercier,178
Burke,Secretary of State,,REP,Alvin A. (Al) Jaeger,168
Burke,State Auditor,,DEM,Mary Ekstrom,184
Burke,State Auditor,,REP,Robert R. (Bob) Peterson,166
Burke,State House Legislative,2,DEM,Bob Stefonowicz,203
Burke,State House Legislative,2,DEM,Dorvan Solberg,179
Burke,State House Legislative,2,REP,Bob Skarphol,150
Burke,State House Legislative,2,REP,Kent Horntvedt,152
Burke,State Senate Legislative District 2,,DEM,Alvina Skogen,181
Burke,State Senate Legislative District 2,,REP,John M Andrist,169
Burke,State Treasurer,,DEM,Kathi Gilmore,190
Burke,State Treasurer,,REP,Randy A Schobinger,164
Burke,Superintendent of Public Instruction,,NON,Ray Holmberg,132
Burke,Superintendent of Public Instruction,,NON,Wayne G Sanstead,212
Burke,Tax Commissioner,,DEM,Steve Tomac,192
Burke,Tax Commissioner,,REP,Rick Clayburgh,163
Burke,U.S. House,1,DEM,Earl Pomeroy,211
Burke,U.S. House,1,REP,John Dorso,154
Burke,U.S. Senate,,DEM,Kent Conrad,216
Burke,U.S. Senate,,REP,Duane Sand,166
Burleigh,Agriculture Commissioner,,DEM,Roger Johnson,2820
Burleigh,Agriculture Commissioner,,REP,Clare Carlson,4145
Burleigh,Attorney General,,DEM,Glenn Pomeroy,2929
Burleigh,Attorney General,,REP,Wayne Stenehjem,4287
Burleigh,Attorney General Constitution,,CON,Peter Crary,17
Burleigh,Constitutional Measure No. 1: Relates to the membership of the State Board of Higher Education,,,No,3193
Burleigh,Constitutional Measure No. 1: Relates to the membership of the State Board of Higher Education,,,Yes,4961
Burleigh,Constitutional Measure No. 2: Relates to the election of statewide executive officers.,,,No,3167
Burleigh,Constitutional Measure No. 2: Relates to the election of statewide executive officers.,,,Yes,5003
Burleigh,Constitutional Measure No. 3: Relates to the elimination of the State Treasurers Office.,,,No,3844
Burleigh,Constitutional Measure No. 3: Relates to the elimination of the State Treasurers Office.,,,Yes,4462
Burleigh,Constitutional Measure No. 4: Relates to the filling of legislative vacancies.,,,No,4221
Burleigh,Constitutional Measure No. 4: Relates to the filling of legislative vacancies.,,,Yes,3771
Burleigh,Governor and Lt. Governor,,DEM,Heidi Heitkamp & Aaron Krauter,2931
Burleigh,Governor and Lt. Governor,,REP,John Hoeven & Jack Dalrymple,4568
Burleigh,Governor and Lt. Governor Constitution,,CON,Wayne JC Anderson & Martin Wishnatsky,17
Burleigh,Insurance Commissioner,,DEM,Gorman King Jr,2536
Burleigh,Insurance Commissioner,,REP,Jim Poolman,4125
Burleigh,Justice of the Supreme Court,,NON,Carol Kapsner,3105
Burleigh,Justice of the Supreme Court,,NON,Kathryn L Dietz,2310
Burleigh,Public Service Commissioner,,DEM,Vern Thompson,2684
Burleigh,Public Service Commissioner,,REP,Tony Clark,4122
Burleigh,Representative in Congress Reform,,REF,Dana Paul Brandenburg,17
Burleigh,Secretary of State,,DEM,Dennis Bercier,2677
Burleigh,Secretary of State,,REP,Alvin A. (Al) Jaeger,4386
Burleigh,State Auditor,,DEM,Mary Ekstrom,2688
Burleigh,State Auditor,,REP,Robert R. (Bob) Peterson,4376
Burleigh,State House Legislative,14,DEM,Arlene Olson,104
Burleigh,State House Legislative,14,DEM,Patti Patrie,78
Burleigh,State House Legislative,14,REP,Duane DeKrey,153
Burleigh,State House Legislative,14,REP,Robin Weisz,136
Burleigh,State House Legislative,30,DEM,Dave Meiers,447
Burleigh,State House Legislative,30,DEM,Phyllis Kerr,438
Burleigh,State House Legislative,30,REP,Dave Weiler,635
Burleigh,State House Legislative,30,REP,Ron Carlisle,689
Burleigh,State House Legislative,32,DEM,Serenus Hoffner,456
Burleigh,State House Legislative,32,DEM,Wanda Rose,461
Burleigh,State House Legislative,32,REP,Lisa Meier,425
Burleigh,State House Legislative,32,REP,Mark Dosch,413
Burleigh,State House Legislative,8,DEM,"Harold ""Hank"" Tweeten",241
Burleigh,State House Legislative,8,DEM,Wes Weibel,232
Burleigh,State House Legislative,8,REP,Dwight Wrangham,314
Burleigh,State House Legislative,8,REP,Jeff Delzer,337
Burleigh,State Senate Legislative District 14,,DEM,Brad Webster,90
Burleigh,State Senate Legislative District 14,,REP,Jerry Klein,142
Burleigh,State Senate Legislative District 30,,DEM,Mark Haugen,502
Burleigh,State Senate Legislative District 30,,REP,Bob Stenehjem,705
Burleigh,State Senate Legislative District 32,,DEM,Marv Mutzenberger,496
Burleigh,State Senate Legislative District 32,,REP,Dick Dever,449
Burleigh,State Senate Legislative District 8,,DEM,Gene Hilken,283
Burleigh,State Senate Legislative District 8,,REP,Layton Freborg,349
Burleigh,State Treasurer,,DEM,Kathi Gilmore,2741
Burleigh,State Treasurer,,REP,Randy A Schobinger,4164
Burleigh,Superintendent of Public Instruction,,NON,Ray Holmberg,3012
Burleigh,Superintendent of Public Instruction,,NON,Wayne G Sanstead,2965
Burleigh,Tax Commissioner,,DEM,Steve Tomac,2782
Burleigh,Tax Commissioner,,REP,Rick Clayburgh,4274
Burleigh,U.S. House,1,DEM,Earl Pomeroy,2994
Burleigh,U.S. House,1,REP,John Dorso,4156
Burleigh,U.S. Senate,,DEM,Kent Conrad,3029
Burleigh,U.S. Senate,,REP,Duane Sand,4337
Cass,Agriculture Commissioner,,DEM,Roger Johnson,2294
Cass,Agriculture Commissioner,,REP,Clare Carlson,2775
Cass,Attorney General,,DEM,Glenn Pomeroy,2368
Cass,Attorney General,,REP,Wayne Stenehjem,2864
Cass,Attorney General Constitution,,CON,Peter Crary,79
Cass,Constitutional Measure No. 1: Relates to the membership of the State Board of Higher Education,,,No,2113
Cass,Constitutional Measure No. 1: Relates to the membership of the State Board of Higher Education,,,Yes,3928
Cass,Constitutional Measure No. 2: Relates to the election of statewide executive officers.,,,No,1970
Cass,Constitutional Measure No. 2: Relates to the election of statewide executive officers.,,,Yes,4053
Cass,Constitutional Measure No. 3: Relates to the elimination of the State Treasurers Office.,,,No,2999
Cass,Constitutional Measure No. 3: Relates to the elimination of the State Treasurers Office.,,,Yes,3131
Cass,Constitutional Measure No. 4: Relates to the filling of legislative vacancies.,,,No,3170
Cass,Constitutional Measure No. 4: Relates to the filling of legislative vacancies.,,,Yes,2858
Cass,Governor and Lt. Governor,,DEM,Heidi Heitkamp & Aaron Krauter,2409
Cass,Governor and Lt. Governor,,REP,John Hoeven & Jack Dalrymple,3024
Cass,Governor and Lt. Governor Constitution,,CON,Wayne JC Anderson & Martin Wishnatsky,77
Cass,Insurance Commissioner,,DEM,Gorman King Jr,2194
Cass,Insurance Commissioner,,REP,Jim Poolman,2794
Cass,Justice of the Supreme Court,,NON,Carol Kapsner,1932
Cass,Justice of the Supreme Court,,NON,Kathryn L Dietz,2702
Cass,Public Service Commissioner,,DEM,Vern Thompson,2235
Cass,Public Service Commissioner,,REP,Tony Clark,2790
Cass,Representative in Congress Reform,,REF,Dana Paul Brandenburg,12
Cass,Secretary of State,,DEM,Dennis Bercier,2196
Cass,Secretary of State,,REP,Alvin A. (Al) Jaeger,2936
Cass,State Auditor,,DEM,Mary Ekstrom,2243
Cass,State Auditor,,REP,Robert R. (Bob) Peterson,2910
Cass,State House Legislative,20,DEM,Carol A Niemeier,54
Cass,State House Legislative,20,DEM,Ole Aarsvold,58
Cass,State House Legislative,20,REP,Arnold Osland,5
Cass,State House Legislative,20,REP,Bob Brown,4
Cass,State House Legislative,22,DEM,Michael Drew,491
Cass,State House Legislative,22,DEM,Roger Torgerson,479
Cass,State House Legislative,22,REP,Wesley R Belter,712
Cass,State House Legislative,22,REP,William H Pietsch,683
Cass,State House Legislative,44,DEM,Brad W Pavek,192
Cass,State House Legislative,44,DEM,Joanne Ellingson,208
Cass,State House Legislative,44,REP,Blair Thoreson,310
Cass,State House Legislative,44,REP,Byron Clark,317
Cass,State House Legislative,46,DEM,Dorothy G Haugen,164
Cass,State House Legislative,46,DEM,Gini Duval,159
Cass,State House Legislative,46,REP,Jim Kasper,325
Cass,State House Legislative,46,REP,Kathy Hawken,326
Cass,State Senate Legislative District 20,,DEM,Elroy N Lindaas,41
Cass,State Senate Legislative District 20,,REP,David J Holter,55
Cass,State Senate Legislative District 22,,DEM,Rita M Halland,596
Cass,State Senate Legislative District 22,,REP,Gary J Nelson,748
Cass,State Senate Legislative District 44,,DEM,Ray J Gross,224
Cass,State Senate Legislative District 44,,REP,Tim Flakoll,321
Cass,State Senate Legislative District 46,,DEM,Diane Briggs,184
Cass,State Senate Legislative District 46,,REP,Tom Fischer,354
Cass,State Treasurer,,DEM,Kathi Gilmore,2253
Cass,State Treasurer,,REP,Randy A Schobinger,2809
Cass,Superintendent of Public Instruction,,NON,Ray Holmberg,1928
Cass,Superintendent of Public Instruction,,NON,Wayne G Sanstead,3540
Cass,Tax Commissioner,,DEM,Steve Tomac,2225
Cass,Tax Commissioner,,REP,Rick Clayburgh,2850
Cass,U.S. House,1,DEM,Earl Pomeroy,2455
Cass,U.S. House,1,REP,John Dorso,2877
Cass,U.S. Senate,,DEM,Kent Conrad,2488
Cass,U.S. Senate,,REP,Duane Sand,2957
Cavalier,Agriculture Commissioner,,DEM,Roger Johnson,433
Cavalier,Agriculture Commissioner,,REP,Clare Carlson,344
Cavalier,Attorney General,,DEM,Glenn Pomeroy,458
Cavalier,Attorney General,,REP,Wayne Stenehjem,355
Cavalier,Attorney General Constitution,,CON,Peter Crary,9
Cavalier,Constitutional Measure No. 1: Relates to the membership of the State Board of Higher Education,,,No,454
Cavalier,Constitutional Measure No. 1: Relates to the membership of the State Board of Higher Education,,,Yes,415
Cavalier,Constitutional Measure No. 2: Relates to the election of statewide executive officers.,,,No,379
Cavalier,Constitutional Measure No. 2: Relates to the election of statewide executive officers.,,,Yes,502
Cavalier,Constitutional Measure No. 3: Relates to the elimination of the State Treasurers Office.,,,No,539
Cavalier,Constitutional Measure No. 3: Relates to the elimination of the State Treasurers Office.,,,Yes,374
Cavalier,Constitutional Measure No. 4: Relates to the filling of legislative vacancies.,,,No,411
Cavalier,Constitutional Measure No. 4: Relates to the filling of legislative vacancies.,,,Yes,478
Cavalier,Governor and Lt. Governor,,DEM,Heidi Heitkamp & Aaron Krauter,467
Cavalier,Governor and Lt. Governor,,REP,John Hoeven & Jack Dalrymple,395
Cavalier,Governor and Lt. Governor Constitution,,CON,Wayne JC Anderson & Martin Wishnatsky,10
Cavalier,Insurance Commissioner,,DEM,Gorman King Jr,382
Cavalier,Insurance Commissioner,,REP,Jim Poolman,342
Cavalier,Justice of the Supreme Court,,NON,Carol Kapsner,276
Cavalier,Justice of the Supreme Court,,NON,Kathryn L Dietz,415
Cavalier,Public Service Commissioner,,DEM,Vern Thompson,410
Cavalier,Public Service Commissioner,,REP,Tony Clark,345
Cavalier,Representative in Congress Reform,,REF,Dana Paul Brandenburg,0
Cavalier,Secretary of State,,DEM,Dennis Bercier,389
Cavalier,Secretary of State,,REP,Alvin A. (Al) Jaeger,356
Cavalier,State Auditor,,DEM,Mary Ekstrom,396
Cavalier,State Auditor,,REP,Robert R. (Bob) Peterson,357
Cavalier,State House Legislative,10,DEM,Bob Nowatzki,409
Cavalier,State House Legislative,10,DEM,Hetty Walker,346
Cavalier,State House Legislative,10,REP,David Monson,335
Cavalier,State House Legislative,10,REP,Wayne W Tieman,300
Cavalier,State House Legislative,12,DEM,Arlo E Schmidt,17
Cavalier,State House Legislative,12,DEM,Dewey Heckaman,15
Cavalier,State House Legislative,12,REP,Dennis E Johnson,21
Cavalier,State House Legislative,12,REP,Myron Jury,16
Cavalier,State Senate Legislative District 10,,DEM,Leon F Dubourt,376
Cavalier,State Senate Legislative District 10,,REP,Thomas L Trenbeath,332
Cavalier,State Senate Legislative District 12,,DEM,Darren A Kimmerly,0
Cavalier,State Senate Legislative District 12,,DEM,Mike Every,18
Cavalier,State Senate Legislative District 12,,REP,Ron Hofstrand,23
Cavalier,State Treasurer,,DEM,Kathi Gilmore,405
Cavalier,State Treasurer,,REP,Randy A Schobinger,342
Cavalier,Superintendent of Public Instruction,,NON,Ray Holmberg,243
Cavalier,Superintendent of Public Instruction,,NON,Wayne G Sanstead,618
Cavalier,Tax Commissioner,,DEM,Steve Tomac,397
Cavalier,Tax Commissioner,,REP,Rick Clayburgh,360
Cavalier,U.S. House,1,DEM,Earl Pomeroy,484
Cavalier,U.S. House,1,REP,John Dorso,348
Cavalier,U.S. Senate,,DEM,Kent Conrad,508
Cavalier,U.S. Senate,,REP,Duane Sand,369
Dickey,Agriculture Commissioner,,DEM,Roger Johnson,355
Dickey,Agriculture Commissioner,,REP,Clare Carlson,407
Dickey,Attorney General,,DEM,Glenn Pomeroy,369
Dickey,Attorney General,,REP,Wayne Stenehjem,406
Dickey,Attorney General Constitution,,CON,Peter Crary,4
Dickey,Constitutional Measure No. 1: Relates to the membership of the State Board of Higher Education,,,No,306
Dickey,Constitutional Measure No. 1: Relates to the membership of the State Board of Higher Education,,,Yes,423
Dickey,Constitutional Measure No. 2: Relates to the election of statewide executive officers.,,,No,242
Dickey,Constitutional Measure No. 2: Relates to the election of statewide executive officers.,,,Yes,482
Dickey,Constitutional Measure No. 3: Relates to the elimination of the State Treasurers Office.,,,No,410
Dickey,Constitutional Measure No. 3: Relates to the elimination of the State Treasurers Office.,,,Yes,340
Dickey,Constitutional Measure No. 4: Relates to the filling of legislative vacancies.,,,No,346
Dickey,Constitutional Measure No. 4: Relates to the filling of legislative vacancies.,,,Yes,388
Dickey,Governor and Lt. Governor,,DEM,Heidi Heitkamp & Aaron Krauter,372
Dickey,Governor and Lt. Governor,,REP,John Hoeven & Jack Dalrymple,413
Dickey,Governor and Lt. Governor Constitution,,CON,Wayne JC Anderson & Martin Wishnatsky,5
Dickey,Insurance Commissioner,,DEM,Gorman King Jr,345
Dickey,Insurance Commissioner,,REP,Jim Poolman,401
Dickey,Justice of the Supreme Court,,NON,Carol Kapsner,234
Dickey,Justice of the Supreme Court,,NON,Kathryn L Dietz,283
Dickey,Public Service Commissioner,,DEM,Vern Thompson,347
Dickey,Public Service Commissioner,,REP,Tony Clark,403
Dickey,Representative in Congress Reform,,REF,Dana Paul Brandenburg,4
Dickey,Secretary of State,,DEM,Dennis Bercier,347
Dickey,Secretary of State,,REP,Alvin A. (Al) Jaeger,402
Dickey,State Auditor,,DEM,Mary Ekstrom,346
Dickey,State Auditor,,REP,Robert R. (Bob) Peterson,403
Dickey,State House Legislative,26,DEM,Jerel Skattum,283
Dickey,State House Legislative,26,DEM,Pam Gulleson,345
Dickey,State House Legislative,26,REP,Joan L Shockman,321
Dickey,State House Legislative,26,REP,Michael D Brandenburg,347
Dickey,State House Legislative,28,DEM,Arden Fuher,30
Dickey,State House Legislative,28,DEM,Deb Lundgren,29
Dickey,State House Legislative,28,REP,Ray H Wikenheiser,37
Dickey,State House Legislative,28,REP,William E Kretschmar,38
Dickey,State Senate Legislative District 26,,DEM,"Jerome ""Jerry"" Kelsh",353
Dickey,State Senate Legislative District 26,,REP,Mark L Johnson,360
Dickey,State Senate Legislative District 28,,DEM,Adam A Baumstarck,26
Dickey,State Senate Legislative District 28,,REP,Robert S (Bob) Erbele,39
Dickey,State Treasurer,,DEM,Kathi Gilmore,355
Dickey,State Treasurer,,REP,Randy A Schobinger,389
Dickey,Superintendent of Public Instruction,,NON,Ray Holmberg,222
Dickey,Superintendent of Public Instruction,,NON,Wayne G Sanstead,387
Dickey,Tax Commissioner,,DEM,Steve Tomac,347
Dickey,Tax Commissioner,,REP,Rick Clayburgh,409
Dickey,U.S. House,1,DEM,Earl Pomeroy,358
Dickey,U.S. House,1,REP,John Dorso,381
Dickey,U.S. Senate,,DEM,Kent Conrad,374
Dickey,U.S. Senate,,REP,Duane Sand,403
Divide,Agriculture Commissioner,,DEM,Roger Johnson,147
Divide,Agriculture Commissioner,,REP,Clare Carlson,119
Divide,Attorney General,,DEM,Glenn Pomeroy,149
Divide,Attorney General,,REP,Wayne Stenehjem,123
Divide,Attorney General Constitution,,CON,Peter Crary,0
Divide,Constitutional Measure No. 1: Relates to the membership of the State Board of Higher Education,,,No,126
Divide,Constitutional Measure No. 1: Relates to the membership of the State Board of Higher Education,,,Yes,152
Divide,Constitutional Measure No. 2: Relates to the election of statewide executive officers.,,,No,90
Divide,Constitutional Measure No. 2: Relates to the election of statewide executive officers.,,,Yes,188
Divide,Constitutional Measure No. 3: Relates to the elimination of the State Treasurers Office.,,,No,170
Divide,Constitutional Measure No. 3: Relates to the elimination of the State Treasurers Office.,,,Yes,121
Divide,Constitutional Measure No. 4: Relates to the filling of legislative vacancies.,,,No,124
Divide,Constitutional Measure No. 4: Relates to the filling of legislative vacancies.,,,Yes,155
Divide,Governor and Lt. Governor,,DEM,Heidi Heitkamp & Aaron Krauter,143
Divide,Governor and Lt. Governor,,REP,John Hoeven & Jack Dalrymple,129
Divide,Governor and Lt. Governor Constitution,,CON,Wayne JC Anderson & Martin Wishnatsky,0
Divide,Insurance Commissioner,,DEM,Gorman King Jr,137
Divide,Insurance Commissioner,,REP,Jim Poolman,110
Divide,Justice of the Supreme Court,,NON,Carol Kapsner,70
Divide,Justice of the Supreme Court,,NON,Kathryn L Dietz,94
Divide,Public Service Commissioner,,DEM,Vern Thompson,144
Divide,Public Service Commissioner,,REP,Tony Clark,109
Divide,Representative in Congress Reform,,REF,Dana Paul Brandenburg,0
Divide,Secretary of State,,DEM,Dennis Bercier,141
Divide,Secretary of State,,REP,Alvin A. (Al) Jaeger,118
Divide,State Auditor,,DEM,Mary Ekstrom,140
Divide,State Auditor,,REP,Robert R. (Bob) Peterson,120
Divide,State House Legislative,2,DEM,Bob Stefonowicz,146
Divide,State House Legislative,2,DEM,Dorvan Solberg,135
Divide,State House Legislative,2,REP,Bob Skarphol,118
Divide,State House Legislative,2,REP,Kent Horntvedt,119
Divide,State Senate Legislative District 2,,DEM,Alvina Skogen,132
Divide,State Senate Legislative District 2,,REP,John M Andrist,120
Divide,State Treasurer,,DEM,Kathi Gilmore,142
Divide,State Treasurer,,REP,Randy A Schobinger,112
Divide,Superintendent of Public Instruction,,NON,Ray Holmberg,70
Divide,Superintendent of Public Instruction,,NON,Wayne G Sanstead,149
Divide,Tax Commissioner,,DEM,Steve Tomac,142
Divide,Tax Commissioner,,REP,Rick Clayburgh,117
Divide,U.S. House,1,DEM,Earl Pomeroy,151
Divide,U.S. House,1,REP,John Dorso,110
Divide,U.S. Senate,,DEM,Kent Conrad,156
Divide,U.S. Senate,,REP,Duane Sand,119
Dunn,Agriculture Commissioner,,DEM,Roger Johnson,363
Dunn,Agriculture Commissioner,,REP,Clare Carlson,358
Dunn,Attorney General,,DEM,Glenn Pomeroy,362
Dunn,Attorney General,,REP,Wayne Stenehjem,381
Dunn,Attorney General Constitution,,CON,Peter Crary,0
Dunn,Constitutional Measure No. 1: Relates to the membership of the State Board of Higher Education,,,No,427
Dunn,Constitutional Measure No. 1: Relates to the membership of the State Board of Higher Education,,,Yes,383
Dunn,Constitutional Measure No. 2: Relates to the election of statewide executive officers.,,,No,344
Dunn,Constitutional Measure No. 2: Relates to the election of statewide executive officers.,,,Yes,471
Dunn,Constitutional Measure No. 3: Relates to the elimination of the State Treasurers Office.,,,No,452
Dunn,Constitutional Measure No. 3: Relates to the elimination of the State Treasurers Office.,,,Yes,361
Dunn,Constitutional Measure No. 4: Relates to the filling of legislative vacancies.,,,No,430
Dunn,Constitutional Measure No. 4: Relates to the filling of legislative vacancies.,,,Yes,376
Dunn,Governor and Lt. Governor,,DEM,Heidi Heitkamp & Aaron Krauter,373
Dunn,Governor and Lt. Governor,,REP,John Hoeven & Jack Dalrymple,401
Dunn,Governor and Lt. Governor Constitution,,CON,Wayne JC Anderson & Martin Wishnatsky,0
Dunn,Insurance Commissioner,,DEM,Gorman King Jr,318
Dunn,Insurance Commissioner,,REP,Jim Poolman,359
Dunn,Justice of the Supreme Court,,NON,Carol Kapsner,264
Dunn,Justice of the Supreme Court,,NON,Kathryn L Dietz,441
Dunn,Public Service Commissioner,,DEM,Vern Thompson,337
Dunn,Public Service Commissioner,,REP,Tony Clark,363
Dunn,Representative in Congress Reform,,REF,Dana Paul Brandenburg,2
Dunn,Secretary of State,,DEM,Dennis Bercier,316
Dunn,Secretary of State,,REP,Alvin A. (Al) Jaeger,381
Dunn,State Auditor,,DEM,Mary Ekstrom,320
Dunn,State Auditor,,REP,Robert R. (Bob) Peterson,379
Dunn,State House Legislative,36,DEM,Archie D Jalbert,171
Dunn,State House Legislative,36,DEM,Shirley Meyer,251
Dunn,State House Legislative,36,REP,C B Buck Haas,273
Dunn,State House Legislative,36,REP,Frank Klein,244
Dunn,State House Legislative,4,DEM,John M Warner,16
Dunn,State House Legislative,4,DEM,Kenton Onstad,12
Dunn,State House Legislative,4,REP,Jerry R Wurtz,1
Dunn,State House Legislative,4,REP,Rita Wilhelmi,1
Dunn,State Senate Legislative District 36,,DEM,Kathy Kooren,237
Dunn,State Senate Legislative District 36,,REP,Herb Urlacher,285
Dunn,State Senate Legislative District 4,,DEM,Ronald Nichols,16
Dunn,State Senate Legislative District 4,,REP,Curt Trulson,2
Dunn,State Treasurer,,DEM,Kathi Gilmore,333
Dunn,State Treasurer,,REP,Randy A Schobinger,365
Dunn,Superintendent of Public Instruction,,NON,Ray Holmberg,283
Dunn,Superintendent of Public Instruction,,NON,Wayne G Sanstead,547
Dunn,Tax Commissioner,,DEM,Steve Tomac,348
Dunn,Tax Commissioner,,REP,Rick Clayburgh,375
Dunn,U.S. House,1,DEM,Earl Pomeroy,377
Dunn,U.S. House,1,REP,John Dorso,362
Dunn,U.S. Senate,,DEM,Kent Conrad,390
Dunn,U.S. Senate,,REP,Duane Sand,372
Eddy,Agriculture Commissioner,,DEM,Roger Johnson,339
Eddy,Agriculture Commissioner,,REP,Clare Carlson,186
Eddy,Attorney General,,DEM,Glenn Pomeroy,354
Eddy,Attorney General,,REP,Wayne Stenehjem,190
Eddy,Attorney General Constitution,,CON,Peter Crary,0
Eddy,Constitutional Measure No. 1: Relates to the membership of the State Board of Higher Education,,,No,244
Eddy,Constitutional Measure No. 1: Relates to the membership of the State Board of Higher Education,,,Yes,288
Eddy,Constitutional Measure No. 2: Relates to the election of statewide executive officers.,,,No,226
Eddy,Constitutional Measure No. 2: Relates to the election of statewide executive officers.,,,Yes,315
Eddy,Constitutional Measure No. 3: Relates to the elimination of the State Treasurers Office.,,,No,341
Eddy,Constitutional Measure No. 3: Relates to the elimination of the State Treasurers Office.,,,Yes,209
Eddy,Constitutional Measure No. 4: Relates to the filling of legislative vacancies.,,,No,285
Eddy,Constitutional Measure No. 4: Relates to the filling of legislative vacancies.,,,Yes,244
Eddy,Governor and Lt. Governor,,DEM,Heidi Heitkamp & Aaron Krauter,340
Eddy,Governor and Lt. Governor,,REP,John Hoeven & Jack Dalrymple,199
Eddy,Governor and Lt. Governor Constitution,,CON,Wayne JC Anderson & Martin Wishnatsky,0
Eddy,Insurance Commissioner,,DEM,Gorman King Jr,315
Eddy,Insurance Commissioner,,REP,Jim Poolman,183
Eddy,Justice of the Supreme Court,,NON,Carol Kapsner,143
Eddy,Justice of the Supreme Court,,NON,Kathryn L Dietz,238
Eddy,Public Service Commissioner,,DEM,Vern Thompson,346
Eddy,Public Service Commissioner,,REP,Tony Clark,179
Eddy,Representative in Congress Reform,,REF,Dana Paul Brandenburg,2
Eddy,Secretary of State,,DEM,Dennis Bercier,313
Eddy,Secretary of State,,REP,Alvin A. (Al) Jaeger,186
Eddy,State Auditor,,DEM,Mary Ekstrom,323
Eddy,State Auditor,,REP,Robert R. (Bob) Peterson,189
Eddy,State House Legislative,12,DEM,Arlo E Schmidt,349
Eddy,State House Legislative,12,DEM,Dewey Heckaman,315
Eddy,State House Legislative,12,REP,Dennis E Johnson,192
Eddy,State House Legislative,12,REP,Myron Jury,170
Eddy,State Senate Legislative District 12,,DEM,Darren A Kimmerly,0
Eddy,State Senate Legislative District 12,,DEM,Mike Every,308
Eddy,State Senate Legislative District 12,,REP,Ron Hofstrand,186
Eddy,State Treasurer,,DEM,Kathi Gilmore,325
Eddy,State Treasurer,,REP,Randy A Schobinger,183
Eddy,Superintendent of Public Instruction,,NON,Ray Holmberg,152
Eddy,Superintendent of Public Instruction,,NON,Wayne G Sanstead,322
Eddy,Tax Commissioner,,DEM,Steve Tomac,323
Eddy,Tax Commissioner,,REP,Rick Clayburgh,188
Eddy,U.S. House,1,DEM,Earl Pomeroy,356
Eddy,U.S. House,1,REP,John Dorso,185
Eddy,U.S. Senate,,DEM,Kent Conrad,367
Eddy,U.S. Senate,,REP,Duane Sand,194
Emmons,Agriculture Commissioner,,DEM,Roger Johnson,301
Emmons,Agriculture Commissioner,,REP,Clare Carlson,423
Emmons,Attorney General,,DEM,Glenn Pomeroy,310
Emmons,Attorney General,,REP,Wayne Stenehjem,428
Emmons,Attorney General Constitution,,CON,Peter Crary,3
Emmons,Constitutional Measure No. 1: Relates to the membership of the State Board of Higher Education,,,No,483
Emmons,Constitutional Measure No. 1: Relates to the membership of the State Board of Higher Education,,,Yes,324
Emmons,Constitutional Measure No. 2: Relates to the election of statewide executive officers.,,,No,371
Emmons,Constitutional Measure No. 2: Relates to the election of statewide executive officers.,,,Yes,440
Emmons,Constitutional Measure No. 3: Relates to the elimination of the State Treasurers Office.,,,No,507
Emmons,Constitutional Measure No. 3: Relates to the elimination of the State Treasurers Office.,,,Yes,319
Emmons,Constitutional Measure No. 4: Relates to the filling of legislative vacancies.,,,No,479
Emmons,Constitutional Measure No. 4: Relates to the filling of legislative vacancies.,,,Yes,334
Emmons,Governor and Lt. Governor,,DEM,Heidi Heitkamp & Aaron Krauter,313
Emmons,Governor and Lt. Governor,,REP,John Hoeven & Jack Dalrymple,484
Emmons,Governor and Lt. Governor Constitution,,CON,Wayne JC Anderson & Martin Wishnatsky,4
Emmons,Insurance Commissioner,,DEM,Gorman King Jr,276
Emmons,Insurance Commissioner,,REP,Jim Poolman,417
Emmons,Justice of the Supreme Court,,NON,Carol Kapsner,356
Emmons,Justice of the Supreme Court,,NON,Kathryn L Dietz,364
Emmons,Public Service Commissioner,,DEM,Vern Thompson,292
Emmons,Public Service Commissioner,,REP,Tony Clark,417
Emmons,Representative in Congress Reform,,REF,Dana Paul Brandenburg,2
Emmons,Secretary of State,,DEM,Dennis Bercier,278
Emmons,Secretary of State,,REP,Alvin A. (Al) Jaeger,435
Emmons,State Auditor,,DEM,Mary Ekstrom,281
Emmons,State Auditor,,REP,Robert R. (Bob) Peterson,434
Emmons,State House Legislative,28,DEM,Arden Fuher,200
Emmons,State House Legislative,28,DEM,Deb Lundgren,282
Emmons,State House Legislative,28,REP,Ray H Wikenheiser,468
Emmons,State House Legislative,28,REP,William E Kretschmar,344
Emmons,State Senate Legislative District 28,,DEM,Adam A Baumstarck,283
Emmons,State Senate Legislative District 28,,REP,Robert S (Bob) Erbele,419
Emmons,State Treasurer,,DEM,Kathi Gilmore,278
Emmons,State Treasurer,,REP,Randy A Schobinger,410
Emmons,Superintendent of Public Instruction,,NON,Ray Holmberg,384
Emmons,Superintendent of Public Instruction,,NON,Wayne G Sanstead,446
Emmons,Tax Commissioner,,DEM,Steve Tomac,300
Emmons,Tax Commissioner,,REP,Rick Clayburgh,434
Emmons,U.S. House,1,DEM,Earl Pomeroy,313
Emmons,U.S. House,1,REP,John Dorso,419
Emmons,U.S. Senate,,DEM,Kent Conrad,327
Emmons,U.S. Senate,,REP,Duane Sand,441
Foster,Agriculture Commissioner,,DEM,Roger Johnson,234
Foster,Agriculture Commissioner,,REP,Clare Carlson,169
Foster,Attorney General,,DEM,Glenn Pomeroy,242
Foster,Attorney General,,REP,Wayne Stenehjem,198
Foster,Attorney General Constitution,,CON,Peter Crary,2
Foster,Constitutional Measure No. 1: Relates to the membership of the State Board of Higher Education,,,No,215
Foster,Constitutional Measure No. 1: Relates to the membership of the State Board of Higher Education,,,Yes,268
Foster,Constitutional Measure No. 2: Relates to the election of statewide executive officers.,,,No,156
Foster,Constitutional Measure No. 2: Relates to the election of statewide executive officers.,,,Yes,329
Foster,Constitutional Measure No. 3: Relates to the elimination of the State Treasurers Office.,,,No,299
Foster,Constitutional Measure No. 3: Relates to the elimination of the State Treasurers Office.,,,Yes,195
Foster,Constitutional Measure No. 4: Relates to the filling of legislative vacancies.,,,No,213
Foster,Constitutional Measure No. 4: Relates to the filling of legislative vacancies.,,,Yes,270
Foster,Governor and Lt. Governor,,DEM,Heidi Heitkamp & Aaron Krauter,243
Foster,Governor and Lt. Governor,,REP,John Hoeven & Jack Dalrymple,212
Foster,Governor and Lt. Governor Constitution,,CON,Wayne JC Anderson & Martin Wishnatsky,2
Foster,Insurance Commissioner,,DEM,Gorman King Jr,201
Foster,Insurance Commissioner,,REP,Jim Poolman,173
Foster,Justice of the Supreme Court,,NON,Carol Kapsner,137
Foster,Justice of the Supreme Court,,NON,Kathryn L Dietz,238
Foster,Public Service Commissioner,,DEM,Vern Thompson,219
Foster,Public Service Commissioner,,REP,Tony Clark,168
Foster,Representative in Congress Reform,,REF,Dana Paul Brandenburg,0
Foster,Secretary of State,,DEM,Dennis Bercier,210
Foster,Secretary of State,,REP,Alvin A. (Al) Jaeger,196
Foster,State Auditor,,DEM,Mary Ekstrom,210
Foster,State Auditor,,REP,Robert R. (Bob) Peterson,195
Foster,State Treasurer,,DEM,Kathi Gilmore,222
Foster,State Treasurer,,REP,Randy A Schobinger,185
Foster,Superintendent of Public Instruction,,NON,Ray Holmberg,129
Foster,Superintendent of Public Instruction,,NON,Wayne G Sanstead,322
Foster,Tax Commissioner,,DEM,Steve Tomac,217
Foster,Tax Commissioner,,REP,Rick Clayburgh,178
Foster,U.S. House,1,DEM,Earl Pomeroy,241
Foster,U.S. House,1,REP,John Dorso,200
Foster,U.S. Senate,,DEM,Kent Conrad,243
Foster,U.S. Senate,,REP,Duane Sand,202
Golden Valley,Agriculture Commissioner,,DEM,Roger Johnson,105
Golden Valley,Agriculture Commissioner,,REP,Clare Carlson,146
Golden Valley,Attorney General,,DEM,Glenn Pomeroy,113
Golden Valley,Attorney General,,REP,Wayne Stenehjem,154
Golden Valley,Attorney General Constitution,,CON,Peter Crary,0
Golden Valley,Constitutional Measure No. 1: Relates to the membership of the State Board of Higher Education,,,No,123
Golden Valley,Constitutional Measure No. 1: Relates to the membership of the State Board of Higher Education,,,Yes,142
Golden Valley,Constitutional Measure No. 2: Relates to the election of statewide executive officers.,,,No,135
Golden Valley,Constitutional Measure No. 2: Relates to the election of statewide executive officers.,,,Yes,132
Golden Valley,Constitutional Measure No. 3: Relates to the elimination of the State Treasurers Office.,,,No,175
Golden Valley,Constitutional Measure No. 3: Relates to the elimination of the State Treasurers Office.,,,Yes,98
Golden Valley,Constitutional Measure No. 4: Relates to the filling of legislative vacancies.,,,No,135
Golden Valley,Constitutional Measure No. 4: Relates to the filling of legislative vacancies.,,,Yes,135
Golden Valley,Governor and Lt. Governor,,DEM,Heidi Heitkamp & Aaron Krauter,111
Golden Valley,Governor and Lt. Governor,,REP,John Hoeven & Jack Dalrymple,163
Golden Valley,Governor and Lt. Governor Constitution,,CON,Wayne JC Anderson & Martin Wishnatsky,0
Golden Valley,Insurance Commissioner,,DEM,Gorman King Jr,92
Golden Valley,Insurance Commissioner,,REP,Jim Poolman,142
Golden Valley,Justice of the Supreme Court,,NON,Carol Kapsner,63
Golden Valley,Justice of the Supreme Court,,NON,Kathryn L Dietz,139
Golden Valley,Public Service Commissioner,,DEM,Vern Thompson,100
Golden Valley,Public Service Commissioner,,REP,Tony Clark,143
Golden Valley,Representative in Congress Reform,,REF,Dana Paul Brandenburg,2
Golden Valley,Secretary of State,,DEM,Dennis Bercier,94
Golden Valley,Secretary of State,,REP,Alvin A. (Al) Jaeger,151
Golden Valley,State Auditor,,DEM,Mary Ekstrom,94
Golden Valley,State Auditor,,REP,Robert R. (Bob) Peterson,151
Golden Valley,State Treasurer,,DEM,Kathi Gilmore,101
Golden Valley,State Treasurer,,REP,Randy A Schobinger,143
Golden Valley,Superintendent of Public Instruction,,NON,Ray Holmberg,87
Golden Valley,Superintendent of Public Instruction,,NON,Wayne G Sanstead,159
Golden Valley,Tax Commissioner,,DEM,Steve Tomac,98
Golden Valley,Tax Commissioner,,REP,Rick Clayburgh,152
Golden Valley,U.S. House,1,DEM,Earl Pomeroy,116
Golden Valley,U.S. House,1,REP,John Dorso,144
Golden Valley,U.S. Senate,,DEM,Kent Conrad,120
Golden Valley,U.S. Senate,,REP,Duane Sand,148
Grand Forks,Agriculture Commissioner,,DEM,Roger Johnson,4267
Grand Forks,Agriculture Commissioner,,REP,Clare Carlson,4329
Grand Forks,Attorney General,,DEM,Glenn Pomeroy,4651
Grand Forks,Attorney General,,REP,Wayne Stenehjem,4521
Grand Forks,Attorney General Constitution,,CON,Peter Crary,20
Grand Forks,Constitutional Measure No. 1: Relates to the membership of the State Board of Higher Education,,,No,2940
Grand Forks,Constitutional Measure No. 1: Relates to the membership of the State Board of Higher Education,,,Yes,7429
Grand Forks,Constitutional Measure No. 2: Relates to the election of statewide executive officers.,,,No,3929
Grand Forks,Constitutional Measure No. 2: Relates to the election of statewide executive officers.,,,Yes,6351
Grand Forks,Constitutional Measure No. 3: Relates to the elimination of the State Treasurers Office.,,,No,4651
Grand Forks,Constitutional Measure No. 3: Relates to the elimination of the State Treasurers Office.,,,Yes,5843
Grand Forks,Constitutional Measure No. 4: Relates to the filling of legislative vacancies.,,,No,4656
Grand Forks,Constitutional Measure No. 4: Relates to the filling of legislative vacancies.,,,Yes,5741
Grand Forks,Governor and Lt. Governor,,DEM,Heidi Heitkamp & Aaron Krauter,4717
Grand Forks,Governor and Lt. Governor,,REP,John Hoeven & Jack Dalrymple,4759
Grand Forks,Governor and Lt. Governor Constitution,,CON,Wayne JC Anderson & Martin Wishnatsky,20
Grand Forks,Insurance Commissioner,,DEM,Gorman King Jr,4100
Grand Forks,Insurance Commissioner,,REP,Jim Poolman,4394
Grand Forks,Justice of the Supreme Court,,NON,Carol Kapsner,2688
Grand Forks,Justice of the Supreme Court,,NON,Kathryn L Dietz,6156
Grand Forks,Public Service Commissioner,,DEM,Vern Thompson,4206
Grand Forks,Public Service Commissioner,,REP,Tony Clark,4263
Grand Forks,Representative in Congress Reform,,REF,Dana Paul Brandenburg,22
Grand Forks,Secretary of State,,DEM,Dennis Bercier,4145
Grand Forks,Secretary of State,,REP,Alvin A. (Al) Jaeger,4413
Grand Forks,State Auditor,,DEM,Mary Ekstrom,4191
Grand Forks,State Auditor,,REP,Robert R. (Bob) Peterson,4446
Grand Forks,State House Legislative,18,DEM,Eliot Glassheim,507
Grand Forks,State House Legislative,18,DEM,Lonny Winrich,566
Grand Forks,State House Legislative,18,REP,Mark Owens,406
Grand Forks,State House Legislative,20,DEM,Carol A Niemeier,191
Grand Forks,State House Legislative,20,DEM,Ole Aarsvold,186
Grand Forks,State House Legislative,20,REP,Arnold Osland,38
Grand Forks,State House Legislative,20,REP,Bob Brown,36
Grand Forks,State House Legislative,42,DEM,Jesse Maxson,500
Grand Forks,State House Legislative,42,DEM,Sherryl Weisenberger,630
Grand Forks,State House Legislative,42,REP,Amy N Kliniske,499
Grand Forks,State House Legislative,42,REP,Michael Grosz,472
Grand Forks,State Senate Legislative District 18,,DEM,Linda Christenson,685
Grand Forks,State Senate Legislative District 18,,REP,Tom Kuchera,406
Grand Forks,State Senate Legislative District 20,,DEM,Elroy N Lindaas,209
Grand Forks,State Senate Legislative District 20,,REP,David J Holter,162
Grand Forks,State Senate Legislative District 42,,DEM,Michael Polovitz,695
Grand Forks,State Senate Legislative District 42,,REP,Jerry Youngberg,533
Grand Forks,State Treasurer,,DEM,Kathi Gilmore,4203
Grand Forks,State Treasurer,,REP,Randy A Schobinger,4255
Grand Forks,Superintendent of Public Instruction,,NON,Ray Holmberg,4662
Grand Forks,Superintendent of Public Instruction,,NON,Wayne G Sanstead,6056
Grand Forks,Tax Commissioner,,DEM,Steve Tomac,4159
Grand Forks,Tax Commissioner,,REP,Rick Clayburgh,4552
Grand Forks,U.S. House,1,DEM,Earl Pomeroy,4951
Grand Forks,U.S. House,1,REP,John Dorso,4343
Grand Forks,U.S. Senate,,DEM,Kent Conrad,4999
Grand Forks,U.S. Senate,,REP,Duane Sand,4501
Grant,Agriculture Commissioner,,DEM,Roger Johnson,333
Grant,Agriculture Commissioner,,REP,Clare Carlson,452
Grant,Attorney General,,DEM,Glenn Pomeroy,332
Grant,Attorney General,,REP,Wayne Stenehjem,468
Grant,Attorney General Constitution,,CON,Peter Crary,2
Grant,Constitutional Measure No. 1: Relates to the membership of the State Board of Higher Education,,,No,470
Grant,Constitutional Measure No. 1: Relates to the membership of the State Board of Higher Education,,,Yes,386
Grant,Constitutional Measure No. 2: Relates to the election of statewide executive officers.,,,No,408
Grant,Constitutional Measure No. 2: Relates to the election of statewide executive officers.,,,Yes,457
Grant,Constitutional Measure No. 3: Relates to the elimination of the State Treasurers Office.,,,No,580
Grant,Constitutional Measure No. 3: Relates to the elimination of the State Treasurers Office.,,,Yes,308
Grant,Constitutional Measure No. 4: Relates to the filling of legislative vacancies.,,,No,446
Grant,Constitutional Measure No. 4: Relates to the filling of legislative vacancies.,,,Yes,411
Grant,Governor and Lt. Governor,,DEM,Heidi Heitkamp & Aaron Krauter,332
Grant,Governor and Lt. Governor,,REP,John Hoeven & Jack Dalrymple,506
Grant,Governor and Lt. Governor Constitution,,CON,Wayne JC Anderson & Martin Wishnatsky,3
Grant,Insurance Commissioner,,DEM,Gorman King Jr,288
Grant,Insurance Commissioner,,REP,Jim Poolman,443
Grant,Justice of the Supreme Court,,NON,Carol Kapsner,321
Grant,Justice of the Supreme Court,,NON,Kathryn L Dietz,393
Grant,Public Service Commissioner,,DEM,Vern Thompson,308
Grant,Public Service Commissioner,,REP,Tony Clark,444
Grant,Representative in Congress Reform,,REF,Dana Paul Brandenburg,1
Grant,Secretary of State,,DEM,Dennis Bercier,298
Grant,Secretary of State,,REP,Alvin A. (Al) Jaeger,478
Grant,State Auditor,,DEM,Mary Ekstrom,297
Grant,State Auditor,,REP,Robert R. (Bob) Peterson,473
Grant,State Treasurer,,DEM,Kathi Gilmore,311
Grant,State Treasurer,,REP,Randy A Schobinger,451
Grant,Superintendent of Public Instruction,,NON,Ray Holmberg,307
Grant,Superintendent of Public Instruction,,NON,Wayne G Sanstead,536
Grant,Tax Commissioner,,DEM,Steve Tomac,342
Grant,Tax Commissioner,,REP,Rick Clayburgh,473
Grant,U.S. House,1,DEM,Earl Pomeroy,338
Grant,U.S. House,1,REP,John Dorso,451
Grant,U.S. Senate,,DEM,Kent Conrad,346
Grant,U.S. Senate,,REP,Duane Sand,462
Griggs,Agriculture Commissioner,,DEM,Roger Johnson,299
Griggs,Agriculture Commissioner,,REP,Clare Carlson,248
Griggs,Attorney General,,DEM,Glenn Pomeroy,316
Griggs,Attorney General,,REP,Wayne Stenehjem,251
Griggs,Attorney General Constitution,,CON,Peter Crary,0
Griggs,Constitutional Measure No. 1: Relates to the membership of the State Board of Higher Education,,,No,252
Griggs,Constitutional Measure No. 1: Relates to the membership of the State Board of Higher Education,,,Yes,302
Griggs,Constitutional Measure No. 2: Relates to the election of statewide executive officers.,,,No,214
Griggs,Constitutional Measure No. 2: Relates to the election of statewide executive officers.,,,Yes,349
Griggs,Constitutional Measure No. 3: Relates to the elimination of the State Treasurers Office.,,,No,338
Griggs,Constitutional Measure No. 3: Relates to the elimination of the State Treasurers Office.,,,Yes,235
Griggs,Constitutional Measure No. 4: Relates to the filling of legislative vacancies.,,,No,239
Griggs,Constitutional Measure No. 4: Relates to the filling of legislative vacancies.,,,Yes,322
Griggs,Governor and Lt. Governor,,DEM,Heidi Heitkamp & Aaron Krauter,297
Griggs,Governor and Lt. Governor,,REP,John Hoeven & Jack Dalrymple,264
Griggs,Governor and Lt. Governor Constitution,,CON,Wayne JC Anderson & Martin Wishnatsky,0
Griggs,Insurance Commissioner,,DEM,Gorman King Jr,283
Griggs,Insurance Commissioner,,REP,Jim Poolman,245
Griggs,Justice of the Supreme Court,,NON,Carol Kapsner,197
Griggs,Justice of the Supreme Court,,NON,Kathryn L Dietz,269
Griggs,Public Service Commissioner,,DEM,Vern Thompson,289
Griggs,Public Service Commissioner,,REP,Tony Clark,250
Griggs,Representative in Congress Reform,,REF,Dana Paul Brandenburg,0
Griggs,Secretary of State,,DEM,Dennis Bercier,278
Griggs,Secretary of State,,REP,Alvin A. (Al) Jaeger,249
Griggs,State Auditor,,DEM,Mary Ekstrom,280
Griggs,State Auditor,,REP,Robert R. (Bob) Peterson,251
Griggs,State Treasurer,,DEM,Kathi Gilmore,286
Griggs,State Treasurer,,REP,Randy A Schobinger,242
Griggs,Superintendent of Public Instruction,,NON,Ray Holmberg,175
Griggs,Superintendent of Public Instruction,,NON,Wayne G Sanstead,385
Griggs,Tax Commissioner,,DEM,Steve Tomac,285
Griggs,Tax Commissioner,,REP,Rick Clayburgh,252
Griggs,U.S. House,1,DEM,Earl Pomeroy,309
Griggs,U.S. House,1,REP,John Dorso,249
Griggs,U.S. Senate,,DEM,Kent Conrad,320
Griggs,U.S. Senate,,REP,Duane Sand,251
Hettinger,Agriculture Commissioner,,DEM,Roger Johnson,412
Hettinger,Agriculture Commissioner,,REP,Clare Carlson,371
Hettinger,Attorney General,,DEM,Glenn Pomeroy,407
Hettinger,Attorney General,,REP,Wayne Stenehjem,382
Hettinger,Attorney General Constitution,,CON,Peter Crary,0
Hettinger,Constitutional Measure No. 1: Relates to the membership of the State Board of Higher Education,,,No,443
Hettinger,Constitutional Measure No. 1: Relates to the membership of the State Board of Higher Education,,,Yes,420
Hettinger,Constitutional Measure No. 2: Relates to the election of statewide executive officers.,,,No,347
Hettinger,Constitutional Measure No. 2: Relates to the election of statewide executive officers.,,,Yes,529
Hettinger,Constitutional Measure No. 3: Relates to the elimination of the State Treasurers Office.,,,No,530
Hettinger,Constitutional Measure No. 3: Relates to the elimination of the State Treasurers Office.,,,Yes,348
Hettinger,Constitutional Measure No. 4: Relates to the filling of legislative vacancies.,,,No,415
Hettinger,Constitutional Measure No. 4: Relates to the filling of legislative vacancies.,,,Yes,455
Hettinger,Governor and Lt. Governor,,DEM,Heidi Heitkamp & Aaron Krauter,409
Hettinger,Governor and Lt. Governor,,REP,John Hoeven & Jack Dalrymple,405
Hettinger,Governor and Lt. Governor Constitution,,CON,Wayne JC Anderson & Martin Wishnatsky,0
Hettinger,Insurance Commissioner,,DEM,Gorman King Jr,371
Hettinger,Insurance Commissioner,,REP,Jim Poolman,368
Hettinger,Justice of the Supreme Court,,NON,Carol Kapsner,235
Hettinger,Justice of the Supreme Court,,NON,Kathryn L Dietz,417
Hettinger,Public Service Commissioner,,DEM,Vern Thompson,389
Hettinger,Public Service Commissioner,,REP,Tony Clark,369
Hettinger,Representative in Congress Reform,,REF,Dana Paul Brandenburg,1
Hettinger,Secretary of State,,DEM,Dennis Bercier,377
Hettinger,Secretary of State,,REP,Alvin A. (Al) Jaeger,385
Hettinger,State Auditor,,DEM,Mary Ekstrom,380
Hettinger,State Auditor,,REP,Robert R. (Bob) Peterson,388
Hettinger,State Treasurer,,DEM,Kathi Gilmore,389
Hettinger,State Treasurer,,REP,Randy A Schobinger,374
Hettinger,Superintendent of Public Instruction,,NON,Ray Holmberg,296
Hettinger,Superintendent of Public Instruction,,NON,Wayne G Sanstead,487
Hettinger,Tax Commissioner,,DEM,Steve Tomac,415
Hettinger,Tax Commissioner,,REP,Rick Clayburgh,385
Hettinger,U.S. House,1,DEM,Earl Pomeroy,422
Hettinger,U.S. House,1,REP,John Dorso,377
Hettinger,U.S. Senate,,DEM,Kent Conrad,440
Hettinger,U.S. Senate,,REP,Duane Sand,377
Kidder,Agriculture Commissioner,,DEM,Roger Johnson,222
Kidder,Agriculture Commissioner,,REP,Clare Carlson,243
Kidder,Attorney General,,DEM,Glenn Pomeroy,224
Kidder,Attorney General,,REP,Wayne Stenehjem,249
Kidder,Attorney General Constitution,,CON,Peter Crary,1
Kidder,Constitutional Measure No. 1: Relates to the membership of the State Board of Higher Education,,,No,250
Kidder,Constitutional Measure No. 1: Relates to the membership of the State Board of Higher Education,,,Yes,234
Kidder,Constitutional Measure No. 2: Relates to the election of statewide executive officers.,,,No,214
Kidder,Constitutional Measure No. 2: Relates to the election of statewide executive officers.,,,Yes,265
Kidder,Constitutional Measure No. 3: Relates to the elimination of the State Treasurers Office.,,,No,306
Kidder,Constitutional Measure No. 3: Relates to the elimination of the State Treasurers Office.,,,Yes,189
Kidder,Constitutional Measure No. 4: Relates to the filling of legislative vacancies.,,,No,261
Kidder,Constitutional Measure No. 4: Relates to the filling of legislative vacancies.,,,Yes,226
Kidder,Governor and Lt. Governor,,DEM,Heidi Heitkamp & Aaron Krauter,221
Kidder,Governor and Lt. Governor,,REP,John Hoeven & Jack Dalrymple,272
Kidder,Governor and Lt. Governor Constitution,,CON,Wayne JC Anderson & Martin Wishnatsky,1
Kidder,Insurance Commissioner,,DEM,Gorman King Jr,189
Kidder,Insurance Commissioner,,REP,Jim Poolman,245
Kidder,Justice of the Supreme Court,,NON,Carol Kapsner,201
Kidder,Justice of the Supreme Court,,NON,Kathryn L Dietz,229
Kidder,Public Service Commissioner,,DEM,Vern Thompson,203
Kidder,Public Service Commissioner,,REP,Tony Clark,240
Kidder,Representative in Congress Reform,,REF,Dana Paul Brandenburg,1
Kidder,Secretary of State,,DEM,Dennis Bercier,196
Kidder,Secretary of State,,REP,Alvin A. (Al) Jaeger,248
Kidder,State Auditor,,DEM,Mary Ekstrom,195
Kidder,State Auditor,,REP,Robert R. (Bob) Peterson,255
Kidder,State House Legislative,14,DEM,Arlene Olson,164
Kidder,State House Legislative,14,DEM,Patti Patrie,170
Kidder,State House Legislative,14,REP,Duane DeKrey,244
Kidder,State House Legislative,14,REP,Robin Weisz,220
Kidder,State Senate Legislative District 14,,DEM,Brad Webster,187
Kidder,State Senate Legislative District 14,,REP,Jerry Klein,245
Kidder,State Treasurer,,DEM,Kathi Gilmore,205
Kidder,State Treasurer,,REP,Randy A Schobinger,248
Kidder,Superintendent of Public Instruction,,NON,Ray Holmberg,219
Kidder,Superintendent of Public Instruction,,NON,Wayne G Sanstead,280
Kidder,Tax Commissioner,,DEM,Steve Tomac,212
Kidder,Tax Commissioner,,REP,Rick Clayburgh,259
Kidder,U.S. House,1,DEM,Earl Pomeroy,220
Kidder,U.S. House,1,REP,John Dorso,249
Kidder,U.S. Senate,,DEM,Kent Conrad,242
Kidder,U.S. Senate,,REP,Duane Sand,258
LaMoure,Agriculture Commissioner,,DEM,Roger Johnson,369
LaMoure,Agriculture Commissioner,,REP,Clare Carlson,391
LaMoure,Attorney General,,DEM,Glenn Pomeroy,384
LaMoure,Attorney General,,REP,Wayne Stenehjem,396
LaMoure,Attorney General Constitution,,CON,Peter Crary,0
LaMoure,Constitutional Measure No. 1: Relates to the membership of the State Board of Higher Education,,,No,430
LaMoure,Constitutional Measure No. 1: Relates to the membership of the State Board of Higher Education,,,Yes,357
LaMoure,Constitutional Measure No. 2: Relates to the election of statewide executive officers.,,,No,334
LaMoure,Constitutional Measure No. 2: Relates to the election of statewide executive officers.,,,Yes,470
LaMoure,Constitutional Measure No. 3: Relates to the elimination of the State Treasurers Office.,,,No,495
LaMoure,Constitutional Measure No. 3: Relates to the elimination of the State Treasurers Office.,,,Yes,321
LaMoure,Constitutional Measure No. 4: Relates to the filling of legislative vacancies.,,,No,432
LaMoure,Constitutional Measure No. 4: Relates to the filling of legislative vacancies.,,,Yes,376
LaMoure,Governor and Lt. Governor,,DEM,Heidi Heitkamp & Aaron Krauter,382
LaMoure,Governor and Lt. Governor,,REP,John Hoeven & Jack Dalrymple,405
LaMoure,Governor and Lt. Governor Constitution,,CON,Wayne JC Anderson & Martin Wishnatsky,2
LaMoure,Insurance Commissioner,,DEM,Gorman King Jr,346
LaMoure,Insurance Commissioner,,REP,Jim Poolman,388
LaMoure,Justice of the Supreme Court,,NON,Carol Kapsner,197
LaMoure,Justice of the Supreme Court,,NON,Kathryn L Dietz,320
LaMoure,Public Service Commissioner,,DEM,Vern Thompson,357
LaMoure,Public Service Commissioner,,REP,Tony Clark,382
LaMoure,Representative in Congress Reform,,REF,Dana Paul Brandenburg,5
LaMoure,Secretary of State,,DEM,Dennis Bercier,356
LaMoure,Secretary of State,,REP,Alvin A. (Al) Jaeger,393
LaMoure,State Auditor,,DEM,Mary Ekstrom,351
LaMoure,State Auditor,,REP,Robert R. (Bob) Peterson,396
LaMoure,State House Legislative,26,DEM,Jerel Skattum,302
LaMoure,State House Legislative,26,DEM,Pam Gulleson,314
LaMoure,State House Legislative,26,REP,Joan L Shockman,301
LaMoure,State House Legislative,26,REP,Michael D Brandenburg,312
LaMoure,State House Legislative,28,DEM,Arden Fuher,57
LaMoure,State House Legislative,28,DEM,Deb Lundgren,56
LaMoure,State House Legislative,28,REP,Ray H Wikenheiser,66
LaMoure,State House Legislative,28,REP,William E Kretschmar,66
LaMoure,State Senate Legislative District 26,,DEM,"Jerome ""Jerry"" Kelsh",328
LaMoure,State Senate Legislative District 26,,REP,Mark L Johnson,305
LaMoure,State Senate Legislative District 28,,DEM,Adam A Baumstarck,52
LaMoure,State Senate Legislative District 28,,REP,Robert S (Bob) Erbele,73
LaMoure,State Treasurer,,DEM,Kathi Gilmore,368
LaMoure,State Treasurer,,REP,Randy A Schobinger,382
LaMoure,Superintendent of Public Instruction,,NON,Ray Holmberg,232
LaMoure,Superintendent of Public Instruction,,NON,Wayne G Sanstead,414
LaMoure,Tax Commissioner,,DEM,Steve Tomac,361
LaMoure,Tax Commissioner,,REP,Rick Clayburgh,390
LaMoure,U.S. House,1,DEM,Earl Pomeroy,383
LaMoure,U.S. House,1,REP,John Dorso,365
LaMoure,U.S. Senate,,DEM,Kent Conrad,396
LaMoure,U.S. Senate,,REP,Duane Sand,386
Logan,Agriculture Commissioner,,DEM,Roger Johnson,216
Logan,Agriculture Commissioner,,REP,Clare Carlson,272
Logan,Attorney General,,DEM,Glenn Pomeroy,215
Logan,Attorney General,,REP,Wayne Stenehjem,285
Logan,Attorney General Constitution,,CON,Peter Crary,0
Logan,Constitutional Measure No. 1: Relates to the membership of the State Board of Higher Education,,,No,337
Logan,Constitutional Measure No. 1: Relates to the membership of the State Board of Higher Education,,,Yes,199
Logan,Constitutional Measure No. 2: Relates to the election of statewide executive officers.,,,No,314
Logan,Constitutional Measure No. 2: Relates to the election of statewide executive officers.,,,Yes,223
Logan,Constitutional Measure No. 3: Relates to the elimination of the State Treasurers Office.,,,No,359
Logan,Constitutional Measure No. 3: Relates to the elimination of the State Treasurers Office.,,,Yes,193
Logan,Constitutional Measure No. 4: Relates to the filling of legislative vacancies.,,,No,330
Logan,Constitutional Measure No. 4: Relates to the filling of legislative vacancies.,,,Yes,201
Logan,Governor and Lt. Governor,,DEM,Heidi Heitkamp & Aaron Krauter,210
Logan,Governor and Lt. Governor,,REP,John Hoeven & Jack Dalrymple,324
Logan,Governor and Lt. Governor Constitution,,CON,Wayne JC Anderson & Martin Wishnatsky,0
Logan,Insurance Commissioner,,DEM,Gorman King Jr,162
Logan,Insurance Commissioner,,REP,Jim Poolman,272
Logan,Justice of the Supreme Court,,NON,Carol Kapsner,178
Logan,Justice of the Supreme Court,,NON,Kathryn L Dietz,233
Logan,Public Service Commissioner,,DEM,Vern Thompson,179
Logan,Public Service Commissioner,,REP,Tony Clark,266
Logan,Representative in Congress Reform,,REF,Dana Paul Brandenburg,1
Logan,Secretary of State,,DEM,Dennis Bercier,169
Logan,Secretary of State,,REP,Alvin A. (Al) Jaeger,293
Logan,State Auditor,,DEM,Mary Ekstrom,167
Logan,State Auditor,,REP,Robert R. (Bob) Peterson,285
Logan,State House Legislative,28,DEM,Arden Fuher,133
Logan,State House Legislative,28,DEM,Deb Lundgren,207
Logan,State House Legislative,28,REP,Ray H Wikenheiser,268
Logan,State House Legislative,28,REP,William E Kretschmar,248
Logan,State Senate Legislative District 28,,DEM,Adam A Baumstarck,177
Logan,State Senate Legislative District 28,,REP,Robert S (Bob) Erbele,299
Logan,State Treasurer,,DEM,Kathi Gilmore,178
Logan,State Treasurer,,REP,Randy A Schobinger,275
Logan,Superintendent of Public Instruction,,NON,Ray Holmberg,184
Logan,Superintendent of Public Instruction,,NON,Wayne G Sanstead,325
Logan,Tax Commissioner,,DEM,Steve Tomac,193
Logan,Tax Commissioner,,REP,Rick Clayburgh,285
Logan,U.S. House,1,DEM,Earl Pomeroy,218
Logan,U.S. House,1,REP,John Dorso,263
Logan,U.S. Senate,,DEM,Kent Conrad,234
Logan,U.S. Senate,,REP,Duane Sand,286
McHenry,Agriculture Commissioner,,DEM,Roger Johnson,536
McHenry,Agriculture Commissioner,,REP,Clare Carlson,489
McHenry,Attorney General,,DEM,Glenn Pomeroy,552
McHenry,Attorney General,,REP,Wayne Stenehjem,498
McHenry,Attorney General Constitution,,CON,Peter Crary,1
McHenry,Constitutional Measure No. 1: Relates to the membership of the State Board of Higher Education,,,No,512
McHenry,Constitutional Measure No. 1: Relates to the membership of the State Board of Higher Education,,,Yes,593
McHenry,Constitutional Measure No. 2: Relates to the election of statewide executive officers.,,,No,448
McHenry,Constitutional Measure No. 2: Relates to the election of statewide executive officers.,,,Yes,678
McHenry,Constitutional Measure No. 3: Relates to the elimination of the State Treasurers Office.,,,No,670
McHenry,Constitutional Measure No. 3: Relates to the elimination of the State Treasurers Office.,,,Yes,485
McHenry,Constitutional Measure No. 4: Relates to the filling of legislative vacancies.,,,No,487
McHenry,Constitutional Measure No. 4: Relates to the filling of legislative vacancies.,,,Yes,621
McHenry,Governor and Lt. Governor,,DEM,Heidi Heitkamp & Aaron Krauter,545
McHenry,Governor and Lt. Governor,,REP,John Hoeven & Jack Dalrymple,551
McHenry,Governor and Lt. Governor Constitution,,CON,Wayne JC Anderson & Martin Wishnatsky,2
McHenry,Insurance Commissioner,,DEM,Gorman King Jr,475
McHenry,Insurance Commissioner,,REP,Jim Poolman,475
McHenry,Justice of the Supreme Court,,NON,Carol Kapsner,361
McHenry,Justice of the Supreme Court,,NON,Kathryn L Dietz,458
McHenry,Public Service Commissioner,,DEM,Vern Thompson,515
McHenry,Public Service Commissioner,,REP,Tony Clark,480
McHenry,Representative in Congress Reform,,REF,Dana Paul Brandenburg,2
McHenry,Secretary of State,,DEM,Dennis Bercier,497
McHenry,Secretary of State,,REP,Alvin A. (Al) Jaeger,515
McHenry,State Auditor,,DEM,Mary Ekstrom,497
McHenry,State Auditor,,REP,Robert R. (Bob) Peterson,499
McHenry,State Treasurer,,DEM,Kathi Gilmore,515
McHenry,State Treasurer,,REP,Randy A Schobinger,505
McHenry,Superintendent of Public Instruction,,NON,Ray Holmberg,450
McHenry,Superintendent of Public Instruction,,NON,Wayne G Sanstead,567
McHenry,Tax Commissioner,,DEM,Steve Tomac,504
McHenry,Tax Commissioner,,REP,Rick Clayburgh,502
McHenry,U.S. House,1,DEM,Earl Pomeroy,565
McHenry,U.S. House,1,REP,John Dorso,479
McHenry,U.S. Senate,,DEM,Kent Conrad,584
McHenry,U.S. Senate,,REP,Duane Sand,492
McIntosh,Agriculture Commissioner,,DEM,Roger Johnson,133
McIntosh,Agriculture Commissioner,,REP,Clare Carlson,334
McIntosh,Attorney General,,DEM,Glenn Pomeroy,136
McIntosh,Attorney General,,REP,Wayne Stenehjem,340
McIntosh,Attorney General Constitution,,CON,Peter Crary,3
McIntosh,Constitutional Measure No. 1: Relates to the membership of the State Board of Higher Education,,,No,249
McIntosh,Constitutional Measure No. 1: Relates to the membership of the State Board of Higher Education,,,Yes,251
McIntosh,Constitutional Measure No. 2: Relates to the election of statewide executive officers.,,,No,228
McIntosh,Constitutional Measure No. 2: Relates to the election of statewide executive officers.,,,Yes,277
McIntosh,Constitutional Measure No. 3: Relates to the elimination of the State Treasurers Office.,,,No,332
McIntosh,Constitutional Measure No. 3: Relates to the elimination of the State Treasurers Office.,,,Yes,192
McIntosh,Constitutional Measure No. 4: Relates to the filling of legislative vacancies.,,,No,267
McIntosh,Constitutional Measure No. 4: Relates to the filling of legislative vacancies.,,,Yes,239
McIntosh,Governor and Lt. Governor,,DEM,Heidi Heitkamp & Aaron Krauter,136
McIntosh,Governor and Lt. Governor,,REP,John Hoeven & Jack Dalrymple,363
McIntosh,Governor and Lt. Governor Constitution,,CON,Wayne JC Anderson & Martin Wishnatsky,4
McIntosh,Insurance Commissioner,,DEM,Gorman King Jr,123
McIntosh,Insurance Commissioner,,REP,Jim Poolman,337
McIntosh,Justice of the Supreme Court,,NON,Carol Kapsner,141
McIntosh,Justice of the Supreme Court,,NON,Kathryn L Dietz,210
McIntosh,Public Service Commissioner,,DEM,Vern Thompson,127
McIntosh,Public Service Commissioner,,REP,Tony Clark,336
McIntosh,Representative in Congress Reform,,REF,Dana Paul Brandenburg,0
McIntosh,Secretary of State,,DEM,Dennis Bercier,126
McIntosh,Secretary of State,,REP,Alvin A. (Al) Jaeger,350
McIntosh,State Auditor,,DEM,Mary Ekstrom,127
McIntosh,State Auditor,,REP,Robert R. (Bob) Peterson,338
McIntosh,State House Legislative,28,DEM,Arden Fuher,103
McIntosh,State House Legislative,28,DEM,Deb Lundgren,138
McIntosh,State House Legislative,28,REP,Ray H Wikenheiser,287
McIntosh,State House Legislative,28,REP,William E Kretschmar,343
McIntosh,State Senate Legislative District 28,,DEM,Adam A Baumstarck,127
McIntosh,State Senate Legislative District 28,,REP,Robert S (Bob) Erbele,334
McIntosh,State Treasurer,,DEM,Kathi Gilmore,133
McIntosh,State Treasurer,,REP,Randy A Schobinger,333
McIntosh,Superintendent of Public Instruction,,NON,Ray Holmberg,166
McIntosh,Superintendent of Public Instruction,,NON,Wayne G Sanstead,233
McIntosh,Tax Commissioner,,DEM,Steve Tomac,133
McIntosh,Tax Commissioner,,REP,Rick Clayburgh,350
McIntosh,U.S. House,1,DEM,Earl Pomeroy,141
McIntosh,U.S. House,1,REP,John Dorso,314
McIntosh,U.S. Senate,,DEM,Kent Conrad,140
McIntosh,U.S. Senate,,REP,Duane Sand,324
McKenzie,Agriculture Commissioner,,DEM,Roger Johnson,337
McKenzie,Agriculture Commissioner,,REP,Clare Carlson,411
McKenzie,Attorney General,,DEM,Glenn Pomeroy,341
McKenzie,Attorney General,,REP,Wayne Stenehjem,432
McKenzie,Attorney General Constitution,,CON,Peter Crary,0
McKenzie,Constitutional Measure No. 1: Relates to the membership of the State Board of Higher Education,,,No,384
McKenzie,Constitutional Measure No. 1: Relates to the membership of the State Board of Higher Education,,,Yes,456
McKenzie,Constitutional Measure No. 2: Relates to the election of statewide executive officers.,,,No,351
McKenzie,Constitutional Measure No. 2: Relates to the election of statewide executive officers.,,,Yes,518
McKenzie,Constitutional Measure No. 3: Relates to the elimination of the State Treasurers Office.,,,No,526
McKenzie,Constitutional Measure No. 3: Relates to the elimination of the State Treasurers Office.,,,Yes,366
McKenzie,Constitutional Measure No. 4: Relates to the filling of legislative vacancies.,,,No,407
McKenzie,Constitutional Measure No. 4: Relates to the filling of legislative vacancies.,,,Yes,459
McKenzie,Governor and Lt. Governor,,DEM,Heidi Heitkamp & Aaron Krauter,372
McKenzie,Governor and Lt. Governor,,REP,John Hoeven & Jack Dalrymple,479
McKenzie,Governor and Lt. Governor Constitution,,CON,Wayne JC Anderson & Martin Wishnatsky,0
McKenzie,Insurance Commissioner,,DEM,Gorman King Jr,300
McKenzie,Insurance Commissioner,,REP,Jim Poolman,408
McKenzie,Justice of the Supreme Court,,NON,Carol Kapsner,288
McKenzie,Justice of the Supreme Court,,NON,Kathryn L Dietz,329
McKenzie,Public Service Commissioner,,DEM,Vern Thompson,312
McKenzie,Public Service Commissioner,,REP,Tony Clark,410
McKenzie,Representative in Congress Reform,,REF,Dana Paul Brandenburg,0
McKenzie,Secretary of State,,DEM,Dennis Bercier,298
McKenzie,Secretary of State,,REP,Alvin A. (Al) Jaeger,431
McKenzie,State Auditor,,DEM,Mary Ekstrom,303
McKenzie,State Auditor,,REP,Robert R. (Bob) Peterson,450
McKenzie,State House Legislative,4,DEM,John M Warner,30
McKenzie,State House Legislative,4,DEM,Kenton Onstad,26
McKenzie,State House Legislative,4,REP,Jerry R Wurtz,2
McKenzie,State House Legislative,4,REP,Rita Wilhelmi,2
McKenzie,State Senate Legislative District 4,,DEM,Ronald Nichols,39
McKenzie,State Senate Legislative District 4,,REP,Curt Trulson,2
McKenzie,State Treasurer,,DEM,Kathi Gilmore,315
McKenzie,State Treasurer,,REP,Randy A Schobinger,428
McKenzie,Superintendent of Public Instruction,,NON,Ray Holmberg,330
McKenzie,Superintendent of Public Instruction,,NON,Wayne G Sanstead,481
McKenzie,Tax Commissioner,,DEM,Steve Tomac,324
McKenzie,Tax Commissioner,,REP,Rick Clayburgh,426
McKenzie,U.S. House,1,DEM,Earl Pomeroy,348
McKenzie,U.S. House,1,REP,John Dorso,418
McKenzie,U.S. Senate,,DEM,Kent Conrad,371
McKenzie,U.S. Senate,,REP,Duane Sand,440
McLean,Agriculture Commissioner,,DEM,Roger Johnson,625
McLean,Agriculture Commissioner,,REP,Clare Carlson,794
McLean,Attorney General,,DEM,Glenn Pomeroy,638
McLean,Attorney General,,REP,Wayne Stenehjem,820
McLean,Attorney General Constitution,,CON,Peter Crary,0
McLean,Constitutional Measure No. 1: Relates to the membership of the State Board of Higher Education,,,No,701
McLean,Constitutional Measure No. 1: Relates to the membership of the State Board of Higher Education,,,Yes,832
McLean,Constitutional Measure No. 2: Relates to the election of statewide executive officers.,,,No,587
McLean,Constitutional Measure No. 2: Relates to the election of statewide executive officers.,,,Yes,981
McLean,Constitutional Measure No. 3: Relates to the elimination of the State Treasurers Office.,,,No,878
McLean,Constitutional Measure No. 3: Relates to the elimination of the State Treasurers Office.,,,Yes,723
McLean,Constitutional Measure No. 4: Relates to the filling of legislative vacancies.,,,No,710
McLean,Constitutional Measure No. 4: Relates to the filling of legislative vacancies.,,,Yes,847
McLean,Governor and Lt. Governor,,DEM,Heidi Heitkamp & Aaron Krauter,641
McLean,Governor and Lt. Governor,,REP,John Hoeven & Jack Dalrymple,899
McLean,Governor and Lt. Governor Constitution,,CON,Wayne JC Anderson & Martin Wishnatsky,0
McLean,Insurance Commissioner,,DEM,Gorman King Jr,565
McLean,Insurance Commissioner,,REP,Jim Poolman,782
McLean,Justice of the Supreme Court,,NON,Carol Kapsner,543
McLean,Justice of the Supreme Court,,NON,Kathryn L Dietz,681
McLean,Public Service Commissioner,,DEM,Vern Thompson,590
McLean,Public Service Commissioner,,REP,Tony Clark,787
McLean,Representative in Congress Reform,,REF,Dana Paul Brandenburg,2
McLean,Secretary of State,,DEM,Dennis Bercier,560
McLean,Secretary of State,,REP,Alvin A. (Al) Jaeger,835
McLean,State Auditor,,DEM,Mary Ekstrom,578
McLean,State Auditor,,REP,Robert R. (Bob) Peterson,830
McLean,State House Legislative,4,DEM,John M Warner,76
McLean,State House Legislative,4,DEM,Kenton Onstad,66
McLean,State House Legislative,4,REP,Jerry R Wurtz,44
McLean,State House Legislative,4,REP,Rita Wilhelmi,37
McLean,State House Legislative,8,DEM,"Harold ""Hank"" Tweeten",453
McLean,State House Legislative,8,DEM,Wes Weibel,448
McLean,State House Legislative,8,REP,Dwight Wrangham,643
McLean,State House Legislative,8,REP,Jeff Delzer,794
McLean,State Senate Legislative District 4,,DEM,Ronald Nichols,81
McLean,State Senate Legislative District 4,,REP,Curt Trulson,43
McLean,State Senate Legislative District 8,,DEM,Gene Hilken,517
McLean,State Senate Legislative District 8,,REP,Layton Freborg,814
McLean,State Treasurer,,DEM,Kathi Gilmore,595
McLean,State Treasurer,,REP,Randy A Schobinger,809
McLean,Superintendent of Public Instruction,,NON,Ray Holmberg,623
McLean,Superintendent of Public Instruction,,NON,Wayne G Sanstead,944
McLean,Tax Commissioner,,DEM,Steve Tomac,615
McLean,Tax Commissioner,,REP,Rick Clayburgh,807
McLean,U.S. House,1,DEM,Earl Pomeroy,647
McLean,U.S. House,1,REP,John Dorso,796
McLean,U.S. Senate,,DEM,Kent Conrad,667
McLean,U.S. Senate,,REP,Duane Sand,836
Mercer,Agriculture Commissioner,,DEM,Roger Johnson,787
Mercer,Agriculture Commissioner,,REP,Clare Carlson,947
Mercer,Attorney General,,DEM,Glenn Pomeroy,814
Mercer,Attorney General,,REP,Wayne Stenehjem,985
Mercer,Attorney General Constitution,,CON,Peter Crary,3
Mercer,Constitutional Measure No. 1: Relates to the membership of the State Board of Higher Education,,,No,987
Mercer,Constitutional Measure No. 1: Relates to the membership of the State Board of Higher Education,,,Yes,1040
Mercer,Constitutional Measure No. 2: Relates to the election of statewide executive officers.,,,No,852
Mercer,Constitutional Measure No. 2: Relates to the election of statewide executive officers.,,,Yes,1173
Mercer,Constitutional Measure No. 3: Relates to the elimination of the State Treasurers Office.,,,No,1205
Mercer,Constitutional Measure No. 3: Relates to the elimination of the State Treasurers Office.,,,Yes,831
Mercer,Constitutional Measure No. 4: Relates to the filling of legislative vacancies.,,,No,891
Mercer,Constitutional Measure No. 4: Relates to the filling of legislative vacancies.,,,Yes,1143
Mercer,Governor and Lt. Governor,,DEM,Heidi Heitkamp & Aaron Krauter,830
Mercer,Governor and Lt. Governor,,REP,John Hoeven & Jack Dalrymple,1063
Mercer,Governor and Lt. Governor Constitution,,CON,Wayne JC Anderson & Martin Wishnatsky,6
Mercer,Insurance Commissioner,,DEM,Gorman King Jr,748
Mercer,Insurance Commissioner,,REP,Jim Poolman,950
Mercer,Justice of the Supreme Court,,NON,Carol Kapsner,782
Mercer,Justice of the Supreme Court,,NON,Kathryn L Dietz,987
Mercer,Public Service Commissioner,,DEM,Vern Thompson,762
Mercer,Public Service Commissioner,,REP,Tony Clark,940
Mercer,Representative in Congress Reform,,REF,Dana Paul Brandenburg,1
Mercer,Secretary of State,,DEM,Dennis Bercier,758
Mercer,Secretary of State,,REP,Alvin A. (Al) Jaeger,1024
Mercer,State Auditor,,DEM,Mary Ekstrom,774
Mercer,State Auditor,,REP,Robert R. (Bob) Peterson,1002
Mercer,State Treasurer,,DEM,Kathi Gilmore,778
Mercer,State Treasurer,,REP,Randy A Schobinger,984
Mercer,Superintendent of Public Instruction,,NON,Ray Holmberg,703
Mercer,Superintendent of Public Instruction,,NON,Wayne G Sanstead,1359
Mercer,Tax Commissioner,,DEM,Steve Tomac,798
Mercer,Tax Commissioner,,REP,Rick Clayburgh,959
Mercer,U.S. House,1,DEM,Earl Pomeroy,836
Mercer,U.S. House,1,REP,John Dorso,963
Mercer,U.S. Senate,,DEM,Kent Conrad,861
Mercer,U.S. Senate,,REP,Duane Sand,999
Morton,Agriculture Commissioner,,DEM,Roger Johnson,1171
Morton,Agriculture Commissioner,,REP,Clare Carlson,1473
Morton,Attorney General,,DEM,Glenn Pomeroy,1198
Morton,Attorney General,,REP,Wayne Stenehjem,1533
Morton,Attorney General Constitution,,CON,Peter Crary,3
Morton,Constitutional Measure No. 1: Relates to the membership of the State Board of Higher Education,,,No,1470
Morton,Constitutional Measure No. 1: Relates to the membership of the State Board of Higher Education,,,Yes,1655
Morton,Constitutional Measure No. 2: Relates to the election of statewide executive officers.,,,No,1307
Morton,Constitutional Measure No. 2: Relates to the election of statewide executive officers.,,,Yes,1846
Morton,Constitutional Measure No. 3: Relates to the elimination of the State Treasurers Office.,,,No,1738
Morton,Constitutional Measure No. 3: Relates to the elimination of the State Treasurers Office.,,,Yes,1470
Morton,Constitutional Measure No. 4: Relates to the filling of legislative vacancies.,,,No,1594
Morton,Constitutional Measure No. 4: Relates to the filling of legislative vacancies.,,,Yes,1552
Morton,Governor and Lt. Governor,,DEM,Heidi Heitkamp & Aaron Krauter,1236
Morton,Governor and Lt. Governor,,REP,John Hoeven & Jack Dalrymple,1671
Morton,Governor and Lt. Governor Constitution,,CON,Wayne JC Anderson & Martin Wishnatsky,5
Morton,Insurance Commissioner,,DEM,Gorman King Jr,1026
Morton,Insurance Commissioner,,REP,Jim Poolman,1471
Morton,Justice of the Supreme Court,,NON,Carol Kapsner,1300
Morton,Justice of the Supreme Court,,NON,Kathryn L Dietz,1443
Morton,Public Service Commissioner,,DEM,Vern Thompson,1091
Morton,Public Service Commissioner,,REP,Tony Clark,1459
Morton,Representative in Congress Reform,,REF,Dana Paul Brandenburg,5
Morton,Secretary of State,,DEM,Dennis Bercier,1053
Morton,Secretary of State,,REP,Alvin A. (Al) Jaeger,1541
Morton,State Auditor,,DEM,Mary Ekstrom,1078
Morton,State Auditor,,REP,Robert R. (Bob) Peterson,1543
Morton,State House Legislative,34,DEM,Brian D Grosinger,538
Morton,State House Legislative,34,DEM,Dale A Ekstrom,567
Morton,State House Legislative,34,REP,Rae Ann Kelsch,667
Morton,State House Legislative,34,REP,Todd Porter,684
Morton,State Senate Legislative District 34,,DEM,Bob Dykshoorn,583
Morton,State Senate Legislative District 34,,REP,Dwight Cook,705
Morton,State Treasurer,,DEM,Kathi Gilmore,1108
Morton,State Treasurer,,REP,Randy A Schobinger,1473
Morton,Superintendent of Public Instruction,,NON,Ray Holmberg,1235
Morton,Superintendent of Public Instruction,,NON,Wayne G Sanstead,1914
Morton,Tax Commissioner,,DEM,Steve Tomac,1228
Morton,Tax Commissioner,,REP,Rick Clayburgh,1494
Morton,U.S. House,1,DEM,Earl Pomeroy,1245
Morton,U.S. House,1,REP,John Dorso,1497
Morton,U.S. Senate,,DEM,Kent Conrad,1289
Morton,U.S. Senate,,REP,Duane Sand,1566
Mountrail,Agriculture Commissioner,,DEM,Roger Johnson,466
Mountrail,Agriculture Commissioner,,REP,Clare Carlson,311
Mountrail,Attorney General,,DEM,Glenn Pomeroy,475
Mountrail,Attorney General,,REP,Wayne Stenehjem,319
Mountrail,Attorney General Constitution,,CON,Peter Crary,2
Mountrail,Constitutional Measure No. 1: Relates to the membership of the State Board of Higher Education,,,No,396
Mountrail,Constitutional Measure No. 1: Relates to the membership of the State Board of Higher Education,,,Yes,411
Mountrail,Constitutional Measure No. 2: Relates to the election of statewide executive officers.,,,No,342
Mountrail,Constitutional Measure No. 2: Relates to the election of statewide executive officers.,,,Yes,481
Mountrail,Constitutional Measure No. 3: Relates to the elimination of the State Treasurers Office.,,,No,484
Mountrail,Constitutional Measure No. 3: Relates to the elimination of the State Treasurers Office.,,,Yes,365
Mountrail,Constitutional Measure No. 4: Relates to the filling of legislative vacancies.,,,No,410
Mountrail,Constitutional Measure No. 4: Relates to the filling of legislative vacancies.,,,Yes,415
Mountrail,Governor and Lt. Governor,,DEM,Heidi Heitkamp & Aaron Krauter,449
Mountrail,Governor and Lt. Governor,,REP,John Hoeven & Jack Dalrymple,342
Mountrail,Governor and Lt. Governor Constitution,,CON,Wayne JC Anderson & Martin Wishnatsky,2
Mountrail,Insurance Commissioner,,DEM,Gorman King Jr,404
Mountrail,Insurance Commissioner,,REP,Jim Poolman,298
Mountrail,Justice of the Supreme Court,,NON,Carol Kapsner,251
Mountrail,Justice of the Supreme Court,,NON,Kathryn L Dietz,327
Mountrail,Public Service Commissioner,,DEM,Vern Thompson,441
Mountrail,Public Service Commissioner,,REP,Tony Clark,304
Mountrail,Representative in Congress Reform,,REF,Dana Paul Brandenburg,0
Mountrail,Secretary of State,,DEM,Dennis Bercier,412
Mountrail,Secretary of State,,REP,Alvin A. (Al) Jaeger,317
Mountrail,State Auditor,,DEM,Mary Ekstrom,421
Mountrail,State Auditor,,REP,Robert R. (Bob) Peterson,318
Mountrail,State House Legislative,4,DEM,John M Warner,405
Mountrail,State House Legislative,4,DEM,Kenton Onstad,426
Mountrail,State House Legislative,4,REP,Jerry R Wurtz,280
Mountrail,State House Legislative,4,REP,Rita Wilhelmi,309
Mountrail,State Senate Legislative District 4,,DEM,Ronald Nichols,479
Mountrail,State Senate Legislative District 4,,REP,Curt Trulson,318
Mountrail,State Treasurer,,DEM,Kathi Gilmore,435
Mountrail,State Treasurer,,REP,Randy A Schobinger,309
Mountrail,Superintendent of Public Instruction,,NON,Ray Holmberg,292
Mountrail,Superintendent of Public Instruction,,NON,Wayne G Sanstead,451
Mountrail,Tax Commissioner,,DEM,Steve Tomac,443
Mountrail,Tax Commissioner,,REP,Rick Clayburgh,316
Mountrail,U.S. House,1,DEM,Earl Pomeroy,480
Mountrail,U.S. House,1,REP,John Dorso,290
Mountrail,U.S. Senate,,DEM,Kent Conrad,504
Mountrail,U.S. Senate,,REP,Duane Sand,317
Nelson,Agriculture Commissioner,,DEM,Roger Johnson,220
Nelson,Agriculture Commissioner,,REP,Clare Carlson,165
Nelson,Attorney General,,DEM,Glenn Pomeroy,235
Nelson,Attorney General,,REP,Wayne Stenehjem,200
Nelson,Attorney General Constitution,,CON,Peter Crary,0
Nelson,Constitutional Measure No. 1: Relates to the membership of the State Board of Higher Education,,,No,203
Nelson,Constitutional Measure No. 1: Relates to the membership of the State Board of Higher Education,,,Yes,287
Nelson,Constitutional Measure No. 2: Relates to the election of statewide executive officers.,,,No,174
Nelson,Constitutional Measure No. 2: Relates to the election of statewide executive officers.,,,Yes,319
Nelson,Constitutional Measure No. 3: Relates to the elimination of the State Treasurers Office.,,,No,269
Nelson,Constitutional Measure No. 3: Relates to the elimination of the State Treasurers Office.,,,Yes,239
Nelson,Constitutional Measure No. 4: Relates to the filling of legislative vacancies.,,,No,222
Nelson,Constitutional Measure No. 4: Relates to the filling of legislative vacancies.,,,Yes,271
Nelson,Governor and Lt. Governor,,DEM,Heidi Heitkamp & Aaron Krauter,244
Nelson,Governor and Lt. Governor,,REP,John Hoeven & Jack Dalrymple,217
Nelson,Governor and Lt. Governor Constitution,,CON,Wayne JC Anderson & Martin Wishnatsky,0
Nelson,Insurance Commissioner,,DEM,Gorman King Jr,187
Nelson,Insurance Commissioner,,REP,Jim Poolman,185
Nelson,Justice of the Supreme Court,,NON,Carol Kapsner,125
Nelson,Justice of the Supreme Court,,NON,Kathryn L Dietz,244
Nelson,Public Service Commissioner,,DEM,Vern Thompson,217
Nelson,Public Service Commissioner,,REP,Tony Clark,164
Nelson,Representative in Congress Reform,,REF,Dana Paul Brandenburg,1
Nelson,Secretary of State,,DEM,Dennis Bercier,204
Nelson,Secretary of State,,REP,Alvin A. (Al) Jaeger,198
Nelson,State Auditor,,DEM,Mary Ekstrom,212
Nelson,State Auditor,,REP,Robert R. (Bob) Peterson,191
Nelson,State Treasurer,,DEM,Kathi Gilmore,205
Nelson,State Treasurer,,REP,Randy A Schobinger,183
Nelson,Superintendent of Public Instruction,,NON,Ray Holmberg,202
Nelson,Superintendent of Public Instruction,,NON,Wayne G Sanstead,282
Nelson,Tax Commissioner,,DEM,Steve Tomac,206
Nelson,Tax Commissioner,,REP,Rick Clayburgh,179
Nelson,U.S. House,1,DEM,Earl Pomeroy,255
Nelson,U.S. House,1,REP,John Dorso,182
Nelson,U.S. Senate,,DEM,Kent Conrad,258
Nelson,U.S. Senate,,REP,Duane Sand,201
Oliver,Agriculture Commissioner,,DEM,Roger Johnson,308
Oliver,Agriculture Commissioner,,REP,Clare Carlson,296
Oliver,Attorney General,,DEM,Glenn Pomeroy,311
Oliver,Attorney General,,REP,Wayne Stenehjem,303
Oliver,Attorney General Constitution,,CON,Peter Crary,12
Oliver,Constitutional Measure No. 1: Relates to the membership of the State Board of Higher Education,,,No,322
Oliver,Constitutional Measure No. 1: Relates to the membership of the State Board of Higher Education,,,Yes,336
Oliver,Constitutional Measure No. 2: Relates to the election of statewide executive officers.,,,No,288
Oliver,Constitutional Measure No. 2: Relates to the election of statewide executive officers.,,,Yes,371
Oliver,Constitutional Measure No. 3: Relates to the elimination of the State Treasurers Office.,,,No,429
Oliver,Constitutional Measure No. 3: Relates to the elimination of the State Treasurers Office.,,,Yes,236
Oliver,Constitutional Measure No. 4: Relates to the filling of legislative vacancies.,,,No,323
Oliver,Constitutional Measure No. 4: Relates to the filling of legislative vacancies.,,,Yes,338
Oliver,Governor and Lt. Governor,,DEM,Heidi Heitkamp & Aaron Krauter,317
Oliver,Governor and Lt. Governor,,REP,John Hoeven & Jack Dalrymple,321
Oliver,Governor and Lt. Governor Constitution,,CON,Wayne JC Anderson & Martin Wishnatsky,12
Oliver,Insurance Commissioner,,DEM,Gorman King Jr,287
Oliver,Insurance Commissioner,,REP,Jim Poolman,290
Oliver,Justice of the Supreme Court,,NON,Carol Kapsner,231
Oliver,Justice of the Supreme Court,,NON,Kathryn L Dietz,362
Oliver,Public Service Commissioner,,DEM,Vern Thompson,297
Oliver,Public Service Commissioner,,REP,Tony Clark,291
Oliver,Representative in Congress Reform,,REF,Dana Paul Brandenburg,4
Oliver,Secretary of State,,DEM,Dennis Bercier,281
Oliver,Secretary of State,,REP,Alvin A. (Al) Jaeger,314
Oliver,State Auditor,,DEM,Mary Ekstrom,293
Oliver,State Auditor,,REP,Robert R. (Bob) Peterson,308
Oliver,State Treasurer,,DEM,Kathi Gilmore,305
Oliver,State Treasurer,,REP,Randy A Schobinger,290
Oliver,Superintendent of Public Instruction,,NON,Ray Holmberg,272
Oliver,Superintendent of Public Instruction,,NON,Wayne G Sanstead,411
Oliver,Tax Commissioner,,DEM,Steve Tomac,314
Oliver,Tax Commissioner,,REP,Rick Clayburgh,301
Oliver,U.S. House,1,DEM,Earl Pomeroy,314
Oliver,U.S. House,1,REP,John Dorso,289
Oliver,U.S. Senate,,DEM,Kent Conrad,330
Oliver,U.S. Senate,,REP,Duane Sand,317
Pembina,Agriculture Commissioner,,DEM,Roger Johnson,390
Pembina,Agriculture Commissioner,,REP,Clare Carlson,579
Pembina,Attorney General,,DEM,Glenn Pomeroy,408
Pembina,Attorney General,,REP,Wayne Stenehjem,594
Pembina,Attorney General Constitution,,CON,Peter Crary,3
Pembina,Constitutional Measure No. 1: Relates to the membership of the State Board of Higher Education,,,No,501
Pembina,Constitutional Measure No. 1: Relates to the membership of the State Board of Higher Education,,,Yes,633
Pembina,Constitutional Measure No. 2: Relates to the election of statewide executive officers.,,,No,439
Pembina,Constitutional Measure No. 2: Relates to the election of statewide executive officers.,,,Yes,707
Pembina,Constitutional Measure No. 3: Relates to the elimination of the State Treasurers Office.,,,No,601
Pembina,Constitutional Measure No. 3: Relates to the elimination of the State Treasurers Office.,,,Yes,566
Pembina,Constitutional Measure No. 4: Relates to the filling of legislative vacancies.,,,No,553
Pembina,Constitutional Measure No. 4: Relates to the filling of legislative vacancies.,,,Yes,591
Pembina,Governor and Lt. Governor,,DEM,Heidi Heitkamp & Aaron Krauter,416
Pembina,Governor and Lt. Governor,,REP,John Hoeven & Jack Dalrymple,636
Pembina,Governor and Lt. Governor Constitution,,CON,Wayne JC Anderson & Martin Wishnatsky,4
Pembina,Insurance Commissioner,,DEM,Gorman King Jr,361
Pembina,Insurance Commissioner,,REP,Jim Poolman,564
Pembina,Justice of the Supreme Court,,NON,Carol Kapsner,317
Pembina,Justice of the Supreme Court,,NON,Kathryn L Dietz,516
Pembina,Public Service Commissioner,,DEM,Vern Thompson,372
Pembina,Public Service Commissioner,,REP,Tony Clark,561
Pembina,Representative in Congress Reform,,REF,Dana Paul Brandenburg,0
Pembina,Secretary of State,,DEM,Dennis Bercier,362
Pembina,Secretary of State,,REP,Alvin A. (Al) Jaeger,607
Pembina,State Auditor,,DEM,Mary Ekstrom,369
Pembina,State Auditor,,REP,Robert R. (Bob) Peterson,622
Pembina,State House Legislative,10,DEM,Bob Nowatzki,284
Pembina,State House Legislative,10,DEM,Hetty Walker,312
Pembina,State House Legislative,10,REP,David Monson,433
Pembina,State House Legislative,10,REP,Wayne W Tieman,435
Pembina,State House Legislative,16,DEM,Claude R Sheldon,57
Pembina,State House Legislative,16,DEM,"Robert ""Tork"" Kilichowski",64
Pembina,State House Legislative,16,REP,Gil Herbel,152
Pembina,State House Legislative,16,REP,Joyce Kingsbury,143
Pembina,State Senate Legislative District 10,,DEM,Leon F Dubourt,345
Pembina,State Senate Legislative District 10,,REP,Thomas L Trenbeath,444
Pembina,State Senate Legislative District 16,,DEM,Harvey D Tallackson,65
Pembina,State Senate Legislative District 16,,REP,"Charles ""Mac"" Halcrow",169
Pembina,State Treasurer,,DEM,Kathi Gilmore,380
Pembina,State Treasurer,,REP,Randy A Schobinger,579
Pembina,Superintendent of Public Instruction,,NON,Ray Holmberg,353
Pembina,Superintendent of Public Instruction,,NON,Wayne G Sanstead,654
Pembina,Tax Commissioner,,DEM,Steve Tomac,367
Pembina,Tax Commissioner,,REP,Rick Clayburgh,597
Pembina,U.S. House,1,DEM,Earl Pomeroy,439
Pembina,U.S. House,1,REP,John Dorso,592
Pembina,U.S. Senate,,DEM,Kent Conrad,445
Pembina,U.S. Senate,,REP,Duane Sand,619
Pierce,Agriculture Commissioner,,DEM,Roger Johnson,224
Pierce,Agriculture Commissioner,,REP,Clare Carlson,273
Pierce,Attorney General,,DEM,Glenn Pomeroy,234
Pierce,Attorney General,,REP,Wayne Stenehjem,290
Pierce,Attorney General Constitution,,CON,Peter Crary,4
Pierce,Constitutional Measure No. 1: Relates to the membership of the State Board of Higher Education,,,No,313
Pierce,Constitutional Measure No. 1: Relates to the membership of the State Board of Higher Education,,,Yes,286
Pierce,Constitutional Measure No. 2: Relates to the election of statewide executive officers.,,,No,263
Pierce,Constitutional Measure No. 2: Relates to the election of statewide executive officers.,,,Yes,343
Pierce,Constitutional Measure No. 3: Relates to the elimination of the State Treasurers Office.,,,No,331
Pierce,Constitutional Measure No. 3: Relates to the elimination of the State Treasurers Office.,,,Yes,283
Pierce,Constitutional Measure No. 4: Relates to the filling of legislative vacancies.,,,No,308
Pierce,Constitutional Measure No. 4: Relates to the filling of legislative vacancies.,,,Yes,288
Pierce,Governor and Lt. Governor,,DEM,Heidi Heitkamp & Aaron Krauter,242
Pierce,Governor and Lt. Governor,,REP,John Hoeven & Jack Dalrymple,315
Pierce,Governor and Lt. Governor Constitution,,CON,Wayne JC Anderson & Martin Wishnatsky,4
Pierce,Insurance Commissioner,,DEM,Gorman King Jr,206
Pierce,Insurance Commissioner,,REP,Jim Poolman,279
Pierce,Justice of the Supreme Court,,NON,Carol Kapsner,166
Pierce,Justice of the Supreme Court,,NON,Kathryn L Dietz,222
Pierce,Public Service Commissioner,,DEM,Vern Thompson,223
Pierce,Public Service Commissioner,,REP,Tony Clark,277
Pierce,Representative in Congress Reform,,REF,Dana Paul Brandenburg,1
Pierce,Secretary of State,,DEM,Dennis Bercier,216
Pierce,Secretary of State,,REP,Alvin A. (Al) Jaeger,291
Pierce,State Auditor,,DEM,Mary Ekstrom,215
Pierce,State Auditor,,REP,Robert R. (Bob) Peterson,290
Pierce,State Treasurer,,DEM,Kathi Gilmore,230
Pierce,State Treasurer,,REP,Randy A Schobinger,286
Pierce,Superintendent of Public Instruction,,NON,Ray Holmberg,231
Pierce,Superintendent of Public Instruction,,NON,Wayne G Sanstead,290
Pierce,Tax Commissioner,,DEM,Steve Tomac,217
Pierce,Tax Commissioner,,REP,Rick Clayburgh,289
Pierce,U.S. House,1,DEM,Earl Pomeroy,240
Pierce,U.S. House,1,REP,John Dorso,284
Pierce,U.S. Senate,,DEM,Kent Conrad,247
Pierce,U.S. Senate,,REP,Duane Sand,286
Ramsey,Agriculture Commissioner,,DEM,Roger Johnson,641
Ramsey,Agriculture Commissioner,,REP,Clare Carlson,587
Ramsey,Attorney General,,DEM,Glenn Pomeroy,675
Ramsey,Attorney General,,REP,Wayne Stenehjem,625
Ramsey,Attorney General Constitution,,CON,Peter Crary,4
Ramsey,Constitutional Measure No. 1: Relates to the membership of the State Board of Higher Education,,,No,666
Ramsey,Constitutional Measure No. 1: Relates to the membership of the State Board of Higher Education,,,Yes,950
Ramsey,Constitutional Measure No. 2: Relates to the election of statewide executive officers.,,,No,590
Ramsey,Constitutional Measure No. 2: Relates to the election of statewide executive officers.,,,Yes,1021
Ramsey,Constitutional Measure No. 3: Relates to the elimination of the State Treasurers Office.,,,No,849
Ramsey,Constitutional Measure No. 3: Relates to the elimination of the State Treasurers Office.,,,Yes,807
Ramsey,Constitutional Measure No. 4: Relates to the filling of legislative vacancies.,,,No,764
Ramsey,Constitutional Measure No. 4: Relates to the filling of legislative vacancies.,,,Yes,845
Ramsey,Governor and Lt. Governor,,DEM,Heidi Heitkamp & Aaron Krauter,705
Ramsey,Governor and Lt. Governor,,REP,John Hoeven & Jack Dalrymple,687
Ramsey,Governor and Lt. Governor Constitution,,CON,Wayne JC Anderson & Martin Wishnatsky,3
Ramsey,Insurance Commissioner,,DEM,Gorman King Jr,576
Ramsey,Insurance Commissioner,,REP,Jim Poolman,585
Ramsey,Justice of the Supreme Court,,NON,Carol Kapsner,419
Ramsey,Justice of the Supreme Court,,NON,Kathryn L Dietz,906
Ramsey,Public Service Commissioner,,DEM,Vern Thompson,657
Ramsey,Public Service Commissioner,,REP,Tony Clark,579
Ramsey,Representative in Congress Reform,,REF,Dana Paul Brandenburg,1
Ramsey,Secretary of State,,DEM,Dennis Bercier,589
Ramsey,Secretary of State,,REP,Alvin A. (Al) Jaeger,641
Ramsey,State Auditor,,DEM,Mary Ekstrom,595
Ramsey,State Auditor,,REP,Robert R. (Bob) Peterson,642
Ramsey,State House Legislative,12,DEM,Arlo E Schmidt,25
Ramsey,State House Legislative,12,DEM,Dewey Heckaman,18
Ramsey,State House Legislative,12,REP,Dennis E Johnson,27
Ramsey,State House Legislative,12,REP,Myron Jury,22
Ramsey,State Senate Legislative District 12,,DEM,Darren A Kimmerly,0
Ramsey,State Senate Legislative District 12,,DEM,Mike Every,27
Ramsey,State Senate Legislative District 12,,REP,Ron Hofstrand,26
Ramsey,State Treasurer,,DEM,Kathi Gilmore,606
Ramsey,State Treasurer,,REP,Randy A Schobinger,613
Ramsey,Superintendent of Public Instruction,,NON,Ray Holmberg,551
Ramsey,Superintendent of Public Instruction,,NON,Wayne G Sanstead,1078
Ramsey,Tax Commissioner,,DEM,Steve Tomac,592
Ramsey,Tax Commissioner,,REP,Rick Clayburgh,622
Ramsey,U.S. House,1,DEM,Earl Pomeroy,723
Ramsey,U.S. House,1,REP,John Dorso,617
Ramsey,U.S. Senate,,DEM,Kent Conrad,732
Ramsey,U.S. Senate,,REP,Duane Sand,639
Ransom,Agriculture Commissioner,,DEM,Roger Johnson,358
Ransom,Agriculture Commissioner,,REP,Clare Carlson,225
Ransom,Attorney General,,DEM,Glenn Pomeroy,366
Ransom,Attorney General,,REP,Wayne Stenehjem,229
Ransom,Attorney General Constitution,,CON,Peter Crary,0
Ransom,Constitutional Measure No. 1: Relates to the membership of the State Board of Higher Education,,,No,273
Ransom,Constitutional Measure No. 1: Relates to the membership of the State Board of Higher Education,,,Yes,343
Ransom,Constitutional Measure No. 2: Relates to the election of statewide executive officers.,,,No,219
Ransom,Constitutional Measure No. 2: Relates to the election of statewide executive officers.,,,Yes,399
Ransom,Constitutional Measure No. 3: Relates to the elimination of the State Treasurers Office.,,,No,374
Ransom,Constitutional Measure No. 3: Relates to the elimination of the State Treasurers Office.,,,Yes,263
Ransom,Constitutional Measure No. 4: Relates to the filling of legislative vacancies.,,,No,287
Ransom,Constitutional Measure No. 4: Relates to the filling of legislative vacancies.,,,Yes,336
Ransom,Governor and Lt. Governor,,DEM,Heidi Heitkamp & Aaron Krauter,364
Ransom,Governor and Lt. Governor,,REP,John Hoeven & Jack Dalrymple,243
Ransom,Governor and Lt. Governor Constitution,,CON,Wayne JC Anderson & Martin Wishnatsky,0
Ransom,Insurance Commissioner,,DEM,Gorman King Jr,343
Ransom,Insurance Commissioner,,REP,Jim Poolman,224
Ransom,Justice of the Supreme Court,,NON,Carol Kapsner,159
Ransom,Justice of the Supreme Court,,NON,Kathryn L Dietz,294
Ransom,Public Service Commissioner,,DEM,Vern Thompson,351
Ransom,Public Service Commissioner,,REP,Tony Clark,223
Ransom,Representative in Congress Reform,,REF,Dana Paul Brandenburg,1
Ransom,Secretary of State,,DEM,Dennis Bercier,340
Ransom,Secretary of State,,REP,Alvin A. (Al) Jaeger,233
Ransom,State Auditor,,DEM,Mary Ekstrom,344
Ransom,State Auditor,,REP,Robert R. (Bob) Peterson,230
Ransom,State Treasurer,,DEM,Kathi Gilmore,357
Ransom,State Treasurer,,REP,Randy A Schobinger,223
Ransom,Superintendent of Public Instruction,,NON,Ray Holmberg,165
Ransom,Superintendent of Public Instruction,,NON,Wayne G Sanstead,355
Ransom,Tax Commissioner,,DEM,Steve Tomac,345
Ransom,Tax Commissioner,,REP,Rick Clayburgh,233
Ransom,U.S. House,1,DEM,Earl Pomeroy,368
Ransom,U.S. House,1,REP,John Dorso,220
Ransom,U.S. Senate,,DEM,Kent Conrad,369
Ransom,U.S. Senate,,REP,Duane Sand,233
Renville,Agriculture Commissioner,,DEM,Roger Johnson,232
Renville,Agriculture Commissioner,,REP,Clare Carlson,230
Renville,Attorney General,,DEM,Glenn Pomeroy,237
Renville,Attorney General,,REP,Wayne Stenehjem,235
Renville,Attorney General Constitution,,CON,Peter Crary,0
Renville,Constitutional Measure No. 1: Relates to the membership of the State Board of Higher Education,,,No,197
Renville,Constitutional Measure No. 1: Relates to the membership of the State Board of Higher Education,,,Yes,292
Renville,Constitutional Measure No. 2: Relates to the election of statewide executive officers.,,,No,177
Renville,Constitutional Measure No. 2: Relates to the election of statewide executive officers.,,,Yes,313
Renville,Constitutional Measure No. 3: Relates to the elimination of the State Treasurers Office.,,,No,288
Renville,Constitutional Measure No. 3: Relates to the elimination of the State Treasurers Office.,,,Yes,224
Renville,Constitutional Measure No. 4: Relates to the filling of legislative vacancies.,,,No,204
Renville,Constitutional Measure No. 4: Relates to the filling of legislative vacancies.,,,Yes,288
Renville,Governor and Lt. Governor,,DEM,Heidi Heitkamp & Aaron Krauter,238
Renville,Governor and Lt. Governor,,REP,John Hoeven & Jack Dalrymple,257
Renville,Governor and Lt. Governor Constitution,,CON,Wayne JC Anderson & Martin Wishnatsky,0
Renville,Insurance Commissioner,,DEM,Gorman King Jr,215
Renville,Insurance Commissioner,,REP,Jim Poolman,224
Renville,Justice of the Supreme Court,,NON,Carol Kapsner,159
Renville,Justice of the Supreme Court,,NON,Kathryn L Dietz,249
Renville,Public Service Commissioner,,DEM,Vern Thompson,223
Renville,Public Service Commissioner,,REP,Tony Clark,223
Renville,Representative in Congress Reform,,REF,Dana Paul Brandenburg,0
Renville,Secretary of State,,DEM,Dennis Bercier,215
Renville,Secretary of State,,REP,Alvin A. (Al) Jaeger,238
Renville,State Auditor,,DEM,Mary Ekstrom,218
Renville,State Auditor,,REP,Robert R. (Bob) Peterson,240
Renville,State House Legislative,6,DEM,Bob Hunskor,218
Renville,State House Legislative,6,DEM,David R Sigloh,202
Renville,State House Legislative,6,REP,Gerald O Sveen,231
Renville,State House Legislative,6,REP,Glen Froseth,240
Renville,State Senate Legislative District 6,,DEM,"David Paul O""Connell",252
Renville,State Senate Legislative District 6,,REP,Jim Grueneich,242
Renville,State Treasurer,,DEM,Kathi Gilmore,231
Renville,State Treasurer,,REP,Randy A Schobinger,242
Renville,Superintendent of Public Instruction,,NON,Ray Holmberg,186
Renville,Superintendent of Public Instruction,,NON,Wayne G Sanstead,308
Renville,Tax Commissioner,,DEM,Steve Tomac,224
Renville,Tax Commissioner,,REP,Rick Clayburgh,231
Renville,U.S. House,1,DEM,Earl Pomeroy,255
Renville,U.S. House,1,REP,John Dorso,236
Renville,U.S. Senate,,DEM,Kent Conrad,262
Renville,U.S. Senate,,REP,Duane Sand,242
Richland,Agriculture Commissioner,,DEM,Roger Johnson,791
Richland,Agriculture Commissioner,,REP,Clare Carlson,645
Richland,Attorney General,,DEM,Glenn Pomeroy,817
Richland,Attorney General,,REP,Wayne Stenehjem,679
Richland,Attorney General Constitution,,CON,Peter Crary,21
Richland,Constitutional Measure No. 1: Relates to the membership of the State Board of Higher Education,,,No,695
Richland,Constitutional Measure No. 1: Relates to the membership of the State Board of Higher Education,,,Yes,878
Richland,Constitutional Measure No. 2: Relates to the election of statewide executive officers.,,,No,533
Richland,Constitutional Measure No. 2: Relates to the election of statewide executive officers.,,,Yes,1051
Richland,Constitutional Measure No. 3: Relates to the elimination of the State Treasurers Office.,,,No,910
Richland,Constitutional Measure No. 3: Relates to the elimination of the State Treasurers Office.,,,Yes,714
Richland,Constitutional Measure No. 4: Relates to the filling of legislative vacancies.,,,No,737
Richland,Constitutional Measure No. 4: Relates to the filling of legislative vacancies.,,,Yes,835
Richland,Governor and Lt. Governor,,DEM,Heidi Heitkamp & Aaron Krauter,871
Richland,Governor and Lt. Governor,,REP,John Hoeven & Jack Dalrymple,695
Richland,Governor and Lt. Governor Constitution,,CON,Wayne JC Anderson & Martin Wishnatsky,20
Richland,Insurance Commissioner,,DEM,Gorman King Jr,728
Richland,Insurance Commissioner,,REP,Jim Poolman,641
Richland,Justice of the Supreme Court,,NON,Carol Kapsner,314
Richland,Justice of the Supreme Court,,NON,Kathryn L Dietz,846
Richland,Public Service Commissioner,,DEM,Vern Thompson,759
Richland,Public Service Commissioner,,REP,Tony Clark,646
Richland,Representative in Congress Reform,,REF,Dana Paul Brandenburg,5
Richland,Secretary of State,,DEM,Dennis Bercier,745
Richland,Secretary of State,,REP,Alvin A. (Al) Jaeger,676
Richland,State Auditor,,DEM,Mary Ekstrom,750
Richland,State Auditor,,REP,Robert R. (Bob) Peterson,666
Richland,State Treasurer,,DEM,Kathi Gilmore,758
Richland,State Treasurer,,REP,Randy A Schobinger,633
Richland,Superintendent of Public Instruction,,NON,Ray Holmberg,375
Richland,Superintendent of Public Instruction,,NON,Wayne G Sanstead,926
Richland,Tax Commissioner,,DEM,Steve Tomac,744
Richland,Tax Commissioner,,REP,Rick Clayburgh,671
Richland,U.S. House,1,DEM,Earl Pomeroy,822
Richland,U.S. House,1,REP,John Dorso,636
Richland,U.S. Senate,,DEM,Kent Conrad,870
Richland,U.S. Senate,,REP,Duane Sand,673
Rolette,Agriculture Commissioner,,DEM,Roger Johnson,585
Rolette,Agriculture Commissioner,,REP,Clare Carlson,252
Rolette,Attorney General,,DEM,Glenn Pomeroy,624
Rolette,Attorney General,,REP,Wayne Stenehjem,263
Rolette,Attorney General Constitution,,CON,Peter Crary,1
Rolette,Constitutional Measure No. 1: Relates to the membership of the State Board of Higher Education,,,No,435
Rolette,Constitutional Measure No. 1: Relates to the membership of the State Board of Higher Education,,,Yes,687
Rolette,Constitutional Measure No. 2: Relates to the election of statewide executive officers.,,,No,479
Rolette,Constitutional Measure No. 2: Relates to the election of statewide executive officers.,,,Yes,661
Rolette,Constitutional Measure No. 3: Relates to the elimination of the State Treasurers Office.,,,No,642
Rolette,Constitutional Measure No. 3: Relates to the elimination of the State Treasurers Office.,,,Yes,516
Rolette,Constitutional Measure No. 4: Relates to the filling of legislative vacancies.,,,No,497
Rolette,Constitutional Measure No. 4: Relates to the filling of legislative vacancies.,,,Yes,628
Rolette,Governor and Lt. Governor,,DEM,Heidi Heitkamp & Aaron Krauter,648
Rolette,Governor and Lt. Governor,,REP,John Hoeven & Jack Dalrymple,308
Rolette,Governor and Lt. Governor Constitution,,CON,Wayne JC Anderson & Martin Wishnatsky,1
Rolette,Insurance Commissioner,,DEM,Gorman King Jr,541
Rolette,Insurance Commissioner,,REP,Jim Poolman,249
Rolette,Justice of the Supreme Court,,NON,Carol Kapsner,432
Rolette,Justice of the Supreme Court,,NON,Kathryn L Dietz,493
Rolette,Public Service Commissioner,,DEM,Vern Thompson,562
Rolette,Public Service Commissioner,,REP,Tony Clark,250
Rolette,Representative in Congress Reform,,REF,Dana Paul Brandenburg,2
Rolette,Secretary of State,,DEM,Dennis Bercier,667
Rolette,Secretary of State,,REP,Alvin A. (Al) Jaeger,278
Rolette,State Auditor,,DEM,Mary Ekstrom,559
Rolette,State Auditor,,REP,Robert R. (Bob) Peterson,280
Rolette,State Treasurer,,DEM,Kathi Gilmore,585
Rolette,State Treasurer,,REP,Randy A Schobinger,281
Rolette,Superintendent of Public Instruction,,NON,Ray Holmberg,294
Rolette,Superintendent of Public Instruction,,NON,Wayne G Sanstead,843
Rolette,Tax Commissioner,,DEM,Steve Tomac,554
Rolette,Tax Commissioner,,REP,Rick Clayburgh,269
Rolette,U.S. House,1,DEM,Earl Pomeroy,682
Rolette,U.S. House,1,REP,John Dorso,272
Rolette,U.S. Senate,,DEM,Kent Conrad,717
Rolette,U.S. Senate,,REP,Duane Sand,283
Sargent,Agriculture Commissioner,,DEM,Roger Johnson,409
Sargent,Agriculture Commissioner,,REP,Clare Carlson,259
Sargent,Attorney General,,DEM,Glenn Pomeroy,421
Sargent,Attorney General,,REP,Wayne Stenehjem,264
Sargent,Attorney General Constitution,,CON,Peter Crary,1
Sargent,Constitutional Measure No. 1: Relates to the membership of the State Board of Higher Education,,,No,322
Sargent,Constitutional Measure No. 1: Relates to the membership of the State Board of Higher Education,,,Yes,385
Sargent,Constitutional Measure No. 2: Relates to the election of statewide executive officers.,,,No,302
Sargent,Constitutional Measure No. 2: Relates to the election of statewide executive officers.,,,Yes,421
Sargent,Constitutional Measure No. 3: Relates to the elimination of the State Treasurers Office.,,,No,420
Sargent,Constitutional Measure No. 3: Relates to the elimination of the State Treasurers Office.,,,Yes,315
Sargent,Constitutional Measure No. 4: Relates to the filling of legislative vacancies.,,,No,328
Sargent,Constitutional Measure No. 4: Relates to the filling of legislative vacancies.,,,Yes,379
Sargent,Governor and Lt. Governor,,DEM,Heidi Heitkamp & Aaron Krauter,424
Sargent,Governor and Lt. Governor,,REP,John Hoeven & Jack Dalrymple,277
Sargent,Governor and Lt. Governor Constitution,,CON,Wayne JC Anderson & Martin Wishnatsky,1
Sargent,Insurance Commissioner,,DEM,Gorman King Jr,388
Sargent,Insurance Commissioner,,REP,Jim Poolman,257
Sargent,Justice of the Supreme Court,,NON,Carol Kapsner,181
Sargent,Justice of the Supreme Court,,NON,Kathryn L Dietz,333
Sargent,Public Service Commissioner,,DEM,Vern Thompson,397
Sargent,Public Service Commissioner,,REP,Tony Clark,255
Sargent,Representative in Congress Reform,,REF,Dana Paul Brandenburg,1
Sargent,Secretary of State,,DEM,Dennis Bercier,393
Sargent,Secretary of State,,REP,Alvin A. (Al) Jaeger,265
Sargent,State Auditor,,DEM,Mary Ekstrom,398
Sargent,State Auditor,,REP,Robert R. (Bob) Peterson,260
Sargent,State House Legislative,26,DEM,Jerel Skattum,254
Sargent,State House Legislative,26,DEM,Pam Gulleson,306
Sargent,State House Legislative,26,REP,Joan L Shockman,152
Sargent,State House Legislative,26,REP,Michael D Brandenburg,162
Sargent,State Senate Legislative District 26,,DEM,"Jerome ""Jerry"" Kelsh",305
Sargent,State Senate Legislative District 26,,REP,Mark L Johnson,164
Sargent,State Treasurer,,DEM,Kathi Gilmore,401
Sargent,State Treasurer,,REP,Randy A Schobinger,252
Sargent,Superintendent of Public Instruction,,NON,Ray Holmberg,162
Sargent,Superintendent of Public Instruction,,NON,Wayne G Sanstead,467
Sargent,Tax Commissioner,,DEM,Steve Tomac,397
Sargent,Tax Commissioner,,REP,Rick Clayburgh,268
Sargent,U.S. House,1,DEM,Earl Pomeroy,420
Sargent,U.S. House,1,REP,John Dorso,254
Sargent,U.S. Senate,,DEM,Kent Conrad,436
Sargent,U.S. Senate,,REP,Duane Sand,267
Sheridan,Agriculture Commissioner,,DEM,Roger Johnson,211
Sheridan,Agriculture Commissioner,,REP,Clare Carlson,380
Sheridan,Attorney General,,DEM,Glenn Pomeroy,224
Sheridan,Attorney General,,REP,Wayne Stenehjem,388
Sheridan,Attorney General Constitution,,CON,Peter Crary,0
Sheridan,Constitutional Measure No. 1: Relates to the membership of the State Board of Higher Education,,,No,323
Sheridan,Constitutional Measure No. 1: Relates to the membership of the State Board of Higher Education,,,Yes,278
Sheridan,Constitutional Measure No. 2: Relates to the election of statewide executive officers.,,,No,282
Sheridan,Constitutional Measure No. 2: Relates to the election of statewide executive officers.,,,Yes,330
Sheridan,Constitutional Measure No. 3: Relates to the elimination of the State Treasurers Office.,,,No,381
Sheridan,Constitutional Measure No. 3: Relates to the elimination of the State Treasurers Office.,,,Yes,246
Sheridan,Constitutional Measure No. 4: Relates to the filling of legislative vacancies.,,,No,321
Sheridan,Constitutional Measure No. 4: Relates to the filling of legislative vacancies.,,,Yes,284
Sheridan,Governor and Lt. Governor,,DEM,Heidi Heitkamp & Aaron Krauter,209
Sheridan,Governor and Lt. Governor,,REP,John Hoeven & Jack Dalrymple,408
Sheridan,Governor and Lt. Governor Constitution,,CON,Wayne JC Anderson & Martin Wishnatsky,0
Sheridan,Insurance Commissioner,,DEM,Gorman King Jr,196
Sheridan,Insurance Commissioner,,REP,Jim Poolman,383
Sheridan,Justice of the Supreme Court,,NON,Carol Kapsner,212
Sheridan,Justice of the Supreme Court,,NON,Kathryn L Dietz,318
Sheridan,Public Service Commissioner,,DEM,Vern Thompson,200
Sheridan,Public Service Commissioner,,REP,Tony Clark,382
Sheridan,Representative in Congress Reform,,REF,Dana Paul Brandenburg,1
Sheridan,Secretary of State,,DEM,Dennis Bercier,196
Sheridan,Secretary of State,,REP,Alvin A. (Al) Jaeger,394
Sheridan,State Auditor,,DEM,Mary Ekstrom,196
Sheridan,State Auditor,,REP,Robert R. (Bob) Peterson,397
Sheridan,State House Legislative,14,DEM,Arlene Olson,178
Sheridan,State House Legislative,14,DEM,Patti Patrie,185
Sheridan,State House Legislative,14,REP,Duane DeKrey,373
Sheridan,State House Legislative,14,REP,Robin Weisz,380
Sheridan,State Senate Legislative District 14,,DEM,Brad Webster,205
Sheridan,State Senate Legislative District 14,,REP,Jerry Klein,387
Sheridan,State Treasurer,,DEM,Kathi Gilmore,202
Sheridan,State Treasurer,,REP,Randy A Schobinger,385
Sheridan,Superintendent of Public Instruction,,NON,Ray Holmberg,251
Sheridan,Superintendent of Public Instruction,,NON,Wayne G Sanstead,367
Sheridan,Tax Commissioner,,DEM,Steve Tomac,210
Sheridan,Tax Commissioner,,REP,Rick Clayburgh,391
Sheridan,U.S. House,1,DEM,Earl Pomeroy,223
Sheridan,U.S. House,1,REP,John Dorso,370
Sheridan,U.S. Senate,,DEM,Kent Conrad,228
Sheridan,U.S. Senate,,REP,Duane Sand,375
Sioux,Agriculture Commissioner,,DEM,Roger Johnson,128
Sioux,Agriculture Commissioner,,REP,Clare Carlson,68
Sioux,Attorney General,,DEM,Glenn Pomeroy,126
Sioux,Attorney General,,REP,Wayne Stenehjem,69
Sioux,Attorney General Constitution,,CON,Peter Crary,0
Sioux,Constitutional Measure No. 1: Relates to the membership of the State Board of Higher Education,,,No,100
Sioux,Constitutional Measure No. 1: Relates to the membership of the State Board of Higher Education,,,Yes,123
Sioux,Constitutional Measure No. 2: Relates to the election of statewide executive officers.,,,No,82
Sioux,Constitutional Measure No. 2: Relates to the election of statewide executive officers.,,,Yes,138
Sioux,Constitutional Measure No. 3: Relates to the elimination of the State Treasurers Office.,,,No,133
Sioux,Constitutional Measure No. 3: Relates to the elimination of the State Treasurers Office.,,,Yes,93
Sioux,Constitutional Measure No. 4: Relates to the filling of legislative vacancies.,,,No,87
Sioux,Constitutional Measure No. 4: Relates to the filling of legislative vacancies.,,,Yes,132
Sioux,Governor and Lt. Governor,,DEM,Heidi Heitkamp & Aaron Krauter,136
Sioux,Governor and Lt. Governor,,REP,John Hoeven & Jack Dalrymple,73
Sioux,Governor and Lt. Governor Constitution,,CON,Wayne JC Anderson & Martin Wishnatsky,0
Sioux,Insurance Commissioner,,DEM,Gorman King Jr,125
Sioux,Insurance Commissioner,,REP,Jim Poolman,68
Sioux,Justice of the Supreme Court,,NON,Carol Kapsner,89
Sioux,Justice of the Supreme Court,,NON,Kathryn L Dietz,125
Sioux,Public Service Commissioner,,DEM,Vern Thompson,120
Sioux,Public Service Commissioner,,REP,Tony Clark,70
Sioux,Representative in Congress Reform,,REF,Dana Paul Brandenburg,0
Sioux,Secretary of State,,DEM,Dennis Bercier,121
Sioux,Secretary of State,,REP,Alvin A. (Al) Jaeger,71
Sioux,State Auditor,,DEM,Mary Ekstrom,120
Sioux,State Auditor,,REP,Robert R. (Bob) Peterson,71
Sioux,State Treasurer,,DEM,Kathi Gilmore,118
Sioux,State Treasurer,,REP,Randy A Schobinger,71
Sioux,Superintendent of Public Instruction,,NON,Ray Holmberg,72
Sioux,Superintendent of Public Instruction,,NON,Wayne G Sanstead,161
Sioux,Tax Commissioner,,DEM,Steve Tomac,135
Sioux,Tax Commissioner,,REP,Rick Clayburgh,69
Sioux,U.S. House,1,DEM,Earl Pomeroy,130
Sioux,U.S. House,1,REP,John Dorso,68
Sioux,U.S. Senate,,DEM,Kent Conrad,141
Sioux,U.S. Senate,,REP,Duane Sand,73
Slope,Agriculture Commissioner,,DEM,Roger Johnson,118
Slope,Agriculture Commissioner,,REP,Clare Carlson,104
Slope,Attorney General,,DEM,Glenn Pomeroy,126
Slope,Attorney General,,REP,Wayne Stenehjem,108
Slope,Attorney General Constitution,,CON,Peter Crary,1
Slope,Constitutional Measure No. 1: Relates to the membership of the State Board of Higher Education,,,No,140
Slope,Constitutional Measure No. 1: Relates to the membership of the State Board of Higher Education,,,Yes,112
Slope,Constitutional Measure No. 2: Relates to the election of statewide executive officers.,,,No,111
Slope,Constitutional Measure No. 2: Relates to the election of statewide executive officers.,,,Yes,136
Slope,Constitutional Measure No. 3: Relates to the elimination of the State Treasurers Office.,,,No,172
Slope,Constitutional Measure No. 3: Relates to the elimination of the State Treasurers Office.,,,Yes,81
Slope,Constitutional Measure No. 4: Relates to the filling of legislative vacancies.,,,No,130
Slope,Constitutional Measure No. 4: Relates to the filling of legislative vacancies.,,,Yes,118
Slope,Governor and Lt. Governor,,DEM,Heidi Heitkamp & Aaron Krauter,132
Slope,Governor and Lt. Governor,,REP,John Hoeven & Jack Dalrymple,111
Slope,Governor and Lt. Governor Constitution,,CON,Wayne JC Anderson & Martin Wishnatsky,1
Slope,Insurance Commissioner,,DEM,Gorman King Jr,112
Slope,Insurance Commissioner,,REP,Jim Poolman,102
Slope,Justice of the Supreme Court,,NON,Carol Kapsner,58
Slope,Justice of the Supreme Court,,NON,Kathryn L Dietz,140
Slope,Public Service Commissioner,,DEM,Vern Thompson,119
Slope,Public Service Commissioner,,REP,Tony Clark,102
Slope,Representative in Congress Reform,,REF,Dana Paul Brandenburg,1
Slope,Secretary of State,,DEM,Dennis Bercier,113
Slope,Secretary of State,,REP,Alvin A. (Al) Jaeger,112
Slope,State Auditor,,DEM,Mary Ekstrom,117
Slope,State Auditor,,REP,Robert R. (Bob) Peterson,113
Slope,State Treasurer,,DEM,Kathi Gilmore,123
Slope,State Treasurer,,REP,Randy A Schobinger,108
Slope,Superintendent of Public Instruction,,NON,Ray Holmberg,85
Slope,Superintendent of Public Instruction,,NON,Wayne G Sanstead,161
Slope,Tax Commissioner,,DEM,Steve Tomac,121
Slope,Tax Commissioner,,REP,Rick Clayburgh,114
Slope,U.S. House,1,DEM,Earl Pomeroy,128
Slope,U.S. House,1,REP,John Dorso,105
Slope,U.S. Senate,,DEM,Kent Conrad,136
Slope,U.S. Senate,,REP,Duane Sand,109
Stark,Agriculture Commissioner,,DEM,Roger Johnson,2139
Stark,Agriculture Commissioner,,REP,Clare Carlson,2591
Stark,Attorney General,,DEM,Glenn Pomeroy,2270
Stark,Attorney General,,REP,Wayne Stenehjem,2721
Stark,Attorney General Constitution,,CON,Peter Crary,2
Stark,Constitutional Measure No. 1: Relates to the membership of the State Board of Higher Education,,,No,2331
Stark,Constitutional Measure No. 1: Relates to the membership of the State Board of Higher Education,,,Yes,3411
Stark,Constitutional Measure No. 2: Relates to the election of statewide executive officers.,,,No,2002
Stark,Constitutional Measure No. 2: Relates to the election of statewide executive officers.,,,Yes,3714
Stark,Constitutional Measure No. 3: Relates to the elimination of the State Treasurers Office.,,,No,2836
Stark,Constitutional Measure No. 3: Relates to the elimination of the State Treasurers Office.,,,Yes,2916
Stark,Constitutional Measure No. 4: Relates to the filling of legislative vacancies.,,,No,2747
Stark,Constitutional Measure No. 4: Relates to the filling of legislative vacancies.,,,Yes,2999
Stark,Governor and Lt. Governor,,DEM,Heidi Heitkamp & Aaron Krauter,2322
Stark,Governor and Lt. Governor,,REP,John Hoeven & Jack Dalrymple,2956
Stark,Governor and Lt. Governor Constitution,,CON,Wayne JC Anderson & Martin Wishnatsky,3
Stark,Insurance Commissioner,,DEM,Gorman King Jr,1944
Stark,Insurance Commissioner,,REP,Jim Poolman,2589
Stark,Justice of the Supreme Court,,NON,Carol Kapsner,1601
Stark,Justice of the Supreme Court,,NON,Kathryn L Dietz,3541
Stark,Public Service Commissioner,,DEM,Vern Thompson,2031
Stark,Public Service Commissioner,,REP,Tony Clark,2575
Stark,Representative in Congress Reform,,REF,Dana Paul Brandenburg,12
Stark,Secretary of State,,DEM,Dennis Bercier,1984
Stark,Secretary of State,,REP,Alvin A. (Al) Jaeger,2770
Stark,State Auditor,,DEM,Mary Ekstrom,2010
Stark,State Auditor,,REP,Robert R. (Bob) Peterson,2739
Stark,State House Legislative,36,DEM,Archie D Jalbert,470
Stark,State House Legislative,36,DEM,Shirley Meyer,694
Stark,State House Legislative,36,REP,C B Buck Haas,1004
Stark,State House Legislative,36,REP,Frank Klein,907
Stark,State Senate Legislative District 36,,DEM,Kathy Kooren,699
Stark,State Senate Legislative District 36,,REP,Herb Urlacher,1068
Stark,State Treasurer,,DEM,Kathi Gilmore,2068
Stark,State Treasurer,,REP,Randy A Schobinger,2716
Stark,Superintendent of Public Instruction,,NON,Ray Holmberg,1730
Stark,Superintendent of Public Instruction,,NON,Wayne G Sanstead,4253
Stark,Tax Commissioner,,DEM,Steve Tomac,2099
Stark,Tax Commissioner,,REP,Rick Clayburgh,2700
Stark,U.S. House,1,DEM,Earl Pomeroy,2384
Stark,U.S. House,1,REP,John Dorso,2666
Stark,U.S. Senate,,DEM,Kent Conrad,2429
Stark,U.S. Senate,,REP,Duane Sand,2747
Steele,Agriculture Commissioner,,DEM,Roger Johnson,268
Steele,Agriculture Commissioner,,REP,Clare Carlson,171
Steele,Attorney General,,DEM,Glenn Pomeroy,281
Steele,Attorney General,,REP,Wayne Stenehjem,178
Steele,Attorney General Constitution,,CON,Peter Crary,1
Steele,Constitutional Measure No. 1: Relates to the membership of the State Board of Higher Education,,,No,204
Steele,Constitutional Measure No. 1: Relates to the membership of the State Board of Higher Education,,,Yes,242
Steele,Constitutional Measure No. 2: Relates to the election of statewide executive officers.,,,No,175
Steele,Constitutional Measure No. 2: Relates to the election of statewide executive officers.,,,Yes,270
Steele,Constitutional Measure No. 3: Relates to the elimination of the State Treasurers Office.,,,No,276
Steele,Constitutional Measure No. 3: Relates to the elimination of the State Treasurers Office.,,,Yes,189
Steele,Constitutional Measure No. 4: Relates to the filling of legislative vacancies.,,,No,195
Steele,Constitutional Measure No. 4: Relates to the filling of legislative vacancies.,,,Yes,255
Steele,Governor and Lt. Governor,,DEM,Heidi Heitkamp & Aaron Krauter,280
Steele,Governor and Lt. Governor,,REP,John Hoeven & Jack Dalrymple,182
Steele,Governor and Lt. Governor Constitution,,CON,Wayne JC Anderson & Martin Wishnatsky,1
Steele,Insurance Commissioner,,DEM,Gorman King Jr,244
Steele,Insurance Commissioner,,REP,Jim Poolman,170
Steele,Justice of the Supreme Court,,NON,Carol Kapsner,120
Steele,Justice of the Supreme Court,,NON,Kathryn L Dietz,156
Steele,Public Service Commissioner,,DEM,Vern Thompson,259
Steele,Public Service Commissioner,,REP,Tony Clark,171
Steele,Representative in Congress Reform,,REF,Dana Paul Brandenburg,0
Steele,Secretary of State,,DEM,Dennis Bercier,253
Steele,Secretary of State,,REP,Alvin A. (Al) Jaeger,177
Steele,State Auditor,,DEM,Mary Ekstrom,253
Steele,State Auditor,,REP,Robert R. (Bob) Peterson,174
Steele,State Treasurer,,DEM,Kathi Gilmore,258
Steele,State Treasurer,,REP,Randy A Schobinger,170
Steele,Superintendent of Public Instruction,,NON,Ray Holmberg,110
Steele,Superintendent of Public Instruction,,NON,Wayne G Sanstead,223
Steele,Tax Commissioner,,DEM,Steve Tomac,258
Steele,Tax Commissioner,,REP,Rick Clayburgh,179
Steele,U.S. House,1,DEM,Earl Pomeroy,288
Steele,U.S. House,1,REP,John Dorso,169
Steele,U.S. Senate,,DEM,Kent Conrad,293
Steele,U.S. Senate,,REP,Duane Sand,172
Stutsman,Agriculture Commissioner,,DEM,Roger Johnson,1151
Stutsman,Agriculture Commissioner,,REP,Clare Carlson,1118
Stutsman,Attorney General,,DEM,Glenn Pomeroy,1198
Stutsman,Attorney General,,REP,Wayne Stenehjem,1156
Stutsman,Attorney General Constitution,,CON,Peter Crary,14
Stutsman,Constitutional Measure No. 1: Relates to the membership of the State Board of Higher Education,,,No,1050
Stutsman,Constitutional Measure No. 1: Relates to the membership of the State Board of Higher Education,,,Yes,1521
Stutsman,Constitutional Measure No. 2: Relates to the election of statewide executive officers.,,,No,907
Stutsman,Constitutional Measure No. 2: Relates to the election of statewide executive officers.,,,Yes,1669
Stutsman,Constitutional Measure No. 3: Relates to the elimination of the State Treasurers Office.,,,No,1473
Stutsman,Constitutional Measure No. 3: Relates to the elimination of the State Treasurers Office.,,,Yes,1156
Stutsman,Constitutional Measure No. 4: Relates to the filling of legislative vacancies.,,,No,1224
Stutsman,Constitutional Measure No. 4: Relates to the filling of legislative vacancies.,,,Yes,1360
Stutsman,Governor and Lt. Governor,,DEM,Heidi Heitkamp & Aaron Krauter,1224
Stutsman,Governor and Lt. Governor,,REP,John Hoeven & Jack Dalrymple,1240
Stutsman,Governor and Lt. Governor Constitution,,CON,Wayne JC Anderson & Martin Wishnatsky,20
Stutsman,Insurance Commissioner,,DEM,Gorman King Jr,1090
Stutsman,Insurance Commissioner,,REP,Jim Poolman,1114
Stutsman,Justice of the Supreme Court,,NON,Carol Kapsner,735
Stutsman,Justice of the Supreme Court,,NON,Kathryn L Dietz,1405
Stutsman,Public Service Commissioner,,DEM,Vern Thompson,1116
Stutsman,Public Service Commissioner,,REP,Tony Clark,1120
Stutsman,Representative in Congress Reform,,REF,Dana Paul Brandenburg,3
Stutsman,Secretary of State,,DEM,Dennis Bercier,1107
Stutsman,Secretary of State,,REP,Alvin A. (Al) Jaeger,1158
Stutsman,State Auditor,,DEM,Mary Ekstrom,1117
Stutsman,State Auditor,,REP,Robert R. (Bob) Peterson,1155
Stutsman,State House Legislative,48,DEM,Joe Kroeber,778
Stutsman,State House Legislative,48,DEM,Lyle Hanson,756
Stutsman,State House Legislative,48,REP,"Charles ""Chuck"" Axtman",764
Stutsman,State House Legislative,48,REP,Delores M Rath,674
Stutsman,State Senate Legislative District 48,,DEM,Sue Dilocker,718
Stutsman,State Senate Legislative District 48,,REP,Dave Nething,807
Stutsman,State Treasurer,,DEM,Kathi Gilmore,1136
Stutsman,State Treasurer,,REP,Randy A Schobinger,1117
Stutsman,Superintendent of Public Instruction,,NON,Ray Holmberg,806
Stutsman,Superintendent of Public Instruction,,NON,Wayne G Sanstead,1770
Stutsman,Tax Commissioner,,DEM,Steve Tomac,1111
Stutsman,Tax Commissioner,,REP,Rick Clayburgh,1129
Stutsman,U.S. House,1,DEM,Earl Pomeroy,1235
Stutsman,U.S. House,1,REP,John Dorso,1118
Stutsman,U.S. Senate,,DEM,Kent Conrad,1259
Stutsman,U.S. Senate,,REP,Duane Sand,1174
Towner,Agriculture Commissioner,,DEM,Roger Johnson,170
Towner,Agriculture Commissioner,,REP,Clare Carlson,121
Towner,Attorney General,,DEM,Glenn Pomeroy,178
Towner,Attorney General,,REP,Wayne Stenehjem,124
Towner,Attorney General Constitution,,CON,Peter Crary,0
Towner,Constitutional Measure No. 1: Relates to the membership of the State Board of Higher Education,,,No,125
Towner,Constitutional Measure No. 1: Relates to the membership of the State Board of Higher Education,,,Yes,179
Towner,Constitutional Measure No. 2: Relates to the election of statewide executive officers.,,,No,111
Towner,Constitutional Measure No. 2: Relates to the election of statewide executive officers.,,,Yes,189
Towner,Constitutional Measure No. 3: Relates to the elimination of the State Treasurers Office.,,,No,154
Towner,Constitutional Measure No. 3: Relates to the elimination of the State Treasurers Office.,,,Yes,156
Towner,Constitutional Measure No. 4: Relates to the filling of legislative vacancies.,,,No,132
Towner,Constitutional Measure No. 4: Relates to the filling of legislative vacancies.,,,Yes,174
Towner,Governor and Lt. Governor,,DEM,Heidi Heitkamp & Aaron Krauter,181
Towner,Governor and Lt. Governor,,REP,John Hoeven & Jack Dalrymple,130
Towner,Governor and Lt. Governor Constitution,,CON,Wayne JC Anderson & Martin Wishnatsky,0
Towner,Insurance Commissioner,,DEM,Gorman King Jr,156
Towner,Insurance Commissioner,,REP,Jim Poolman,116
Towner,Justice of the Supreme Court,,NON,Carol Kapsner,72
Towner,Justice of the Supreme Court,,NON,Kathryn L Dietz,124
Towner,Public Service Commissioner,,DEM,Vern Thompson,170
Towner,Public Service Commissioner,,REP,Tony Clark,118
Towner,Representative in Congress Reform,,REF,Dana Paul Brandenburg,0
Towner,Secretary of State,,DEM,Dennis Bercier,164
Towner,Secretary of State,,REP,Alvin A. (Al) Jaeger,127
Towner,State Auditor,,DEM,Mary Ekstrom,164
Towner,State Auditor,,REP,Robert R. (Bob) Peterson,126
Towner,State House Legislative,12,DEM,Arlo E Schmidt,111
Towner,State House Legislative,12,DEM,Dewey Heckaman,90
Towner,State House Legislative,12,REP,Dennis E Johnson,49
Towner,State House Legislative,12,REP,Myron Jury,39
Towner,State Senate Legislative District 12,,DEM,Darren A Kimmerly,0
Towner,State Senate Legislative District 12,,DEM,Mike Every,99
Towner,State Senate Legislative District 12,,REP,Ron Hofstrand,48
Towner,State Treasurer,,DEM,Kathi Gilmore,170
Towner,State Treasurer,,REP,Randy A Schobinger,119
Towner,Superintendent of Public Instruction,,NON,Ray Holmberg,99
Towner,Superintendent of Public Instruction,,NON,Wayne G Sanstead,155
Towner,Tax Commissioner,,DEM,Steve Tomac,159
Towner,Tax Commissioner,,REP,Rick Clayburgh,128
Towner,U.S. House,1,DEM,Earl Pomeroy,178
Towner,U.S. House,1,REP,John Dorso,112
Towner,U.S. Senate,,DEM,Kent Conrad,187
Towner,U.S. Senate,,REP,Duane Sand,123
Traill,Agriculture Commissioner,,DEM,Roger Johnson,543
Traill,Agriculture Commissioner,,REP,Clare Carlson,467
Traill,Attorney General,,DEM,Glenn Pomeroy,560
Traill,Attorney General,,REP,Wayne Stenehjem,483
Traill,Attorney General Constitution,,CON,Peter Crary,2
Traill,Constitutional Measure No. 1: Relates to the membership of the State Board of Higher Education,,,No,541
Traill,Constitutional Measure No. 1: Relates to the membership of the State Board of Higher Education,,,Yes,541
Traill,Constitutional Measure No. 2: Relates to the election of statewide executive officers.,,,No,372
Traill,Constitutional Measure No. 2: Relates to the election of statewide executive officers.,,,Yes,703
Traill,Constitutional Measure No. 3: Relates to the elimination of the State Treasurers Office.,,,No,605
Traill,Constitutional Measure No. 3: Relates to the elimination of the State Treasurers Office.,,,Yes,494
Traill,Constitutional Measure No. 4: Relates to the filling of legislative vacancies.,,,No,533
Traill,Constitutional Measure No. 4: Relates to the filling of legislative vacancies.,,,Yes,539
Traill,Governor and Lt. Governor,,DEM,Heidi Heitkamp & Aaron Krauter,564
Traill,Governor and Lt. Governor,,REP,John Hoeven & Jack Dalrymple,495
Traill,Governor and Lt. Governor Constitution,,CON,Wayne JC Anderson & Martin Wishnatsky,2
Traill,Insurance Commissioner,,DEM,Gorman King Jr,507
Traill,Insurance Commissioner,,REP,Jim Poolman,458
Traill,Justice of the Supreme Court,,NON,Carol Kapsner,252
Traill,Justice of the Supreme Court,,NON,Kathryn L Dietz,390
Traill,Public Service Commissioner,,DEM,Vern Thompson,541
Traill,Public Service Commissioner,,REP,Tony Clark,462
Traill,Representative in Congress Reform,,REF,Dana Paul Brandenburg,0
Traill,Secretary of State,,DEM,Dennis Bercier,519
Traill,Secretary of State,,REP,Alvin A. (Al) Jaeger,483
Traill,State Auditor,,DEM,Mary Ekstrom,521
Traill,State Auditor,,REP,Robert R. (Bob) Peterson,481
Traill,State House Legislative,20,DEM,Carol A Niemeier,545
Traill,State House Legislative,20,DEM,Ole Aarsvold,560
Traill,State House Legislative,20,REP,Arnold Osland,255
Traill,State House Legislative,20,REP,Bob Brown,247
Traill,State Senate Legislative District 20,,DEM,Elroy N Lindaas,582
Traill,State Senate Legislative District 20,,REP,David J Holter,473
Traill,State Treasurer,,DEM,Kathi Gilmore,527
Traill,State Treasurer,,REP,Randy A Schobinger,446
Traill,Superintendent of Public Instruction,,NON,Ray Holmberg,289
Traill,Superintendent of Public Instruction,,NON,Wayne G Sanstead,487
Traill,Tax Commissioner,,DEM,Steve Tomac,523
Traill,Tax Commissioner,,REP,Rick Clayburgh,488
Traill,U.S. House,1,DEM,Earl Pomeroy,557
Traill,U.S. House,1,REP,John Dorso,447
Traill,U.S. Senate,,DEM,Kent Conrad,578
Traill,U.S. Senate,,REP,Duane Sand,483
Walsh,Agriculture Commissioner,,DEM,Roger Johnson,446
Walsh,Agriculture Commissioner,,REP,Clare Carlson,458
Walsh,Attorney General,,DEM,Glenn Pomeroy,494
Walsh,Attorney General,,REP,Wayne Stenehjem,480
Walsh,Attorney General Constitution,,CON,Peter Crary,6
Walsh,Constitutional Measure No. 1: Relates to the membership of the State Board of Higher Education,,,No,500
Walsh,Constitutional Measure No. 1: Relates to the membership of the State Board of Higher Education,,,Yes,590
Walsh,Constitutional Measure No. 2: Relates to the election of statewide executive officers.,,,No,434
Walsh,Constitutional Measure No. 2: Relates to the election of statewide executive officers.,,,Yes,665
Walsh,Constitutional Measure No. 3: Relates to the elimination of the State Treasurers Office.,,,No,535
Walsh,Constitutional Measure No. 3: Relates to the elimination of the State Treasurers Office.,,,Yes,623
Walsh,Constitutional Measure No. 4: Relates to the filling of legislative vacancies.,,,No,508
Walsh,Constitutional Measure No. 4: Relates to the filling of legislative vacancies.,,,Yes,584
Walsh,Governor and Lt. Governor,,DEM,Heidi Heitkamp & Aaron Krauter,501
Walsh,Governor and Lt. Governor,,REP,John Hoeven & Jack Dalrymple,545
Walsh,Governor and Lt. Governor Constitution,,CON,Wayne JC Anderson & Martin Wishnatsky,6
Walsh,Insurance Commissioner,,DEM,Gorman King Jr,405
Walsh,Insurance Commissioner,,REP,Jim Poolman,471
Walsh,Justice of the Supreme Court,,NON,Carol Kapsner,298
Walsh,Justice of the Supreme Court,,NON,Kathryn L Dietz,608
Walsh,Public Service Commissioner,,DEM,Vern Thompson,419
Walsh,Public Service Commissioner,,REP,Tony Clark,459
Walsh,Representative in Congress Reform,,REF,Dana Paul Brandenburg,0
Walsh,Secretary of State,,DEM,Dennis Bercier,404
Walsh,Secretary of State,,REP,Alvin A. (Al) Jaeger,499
Walsh,State Auditor,,DEM,Mary Ekstrom,413
Walsh,State Auditor,,REP,Robert R. (Bob) Peterson,502
Walsh,State House Legislative,16,DEM,Claude R Sheldon,254
Walsh,State House Legislative,16,DEM,"Robert ""Tork"" Kilichowski",307
Walsh,State House Legislative,16,REP,Gil Herbel,353
Walsh,State House Legislative,16,REP,Joyce Kingsbury,357
Walsh,State Senate Legislative District 16,,DEM,Harvey D Tallackson,367
Walsh,State Senate Legislative District 16,,REP,"Charles ""Mac"" Halcrow",337
Walsh,State Treasurer,,DEM,Kathi Gilmore,415
Walsh,State Treasurer,,REP,Randy A Schobinger,464
Walsh,Superintendent of Public Instruction,,NON,Ray Holmberg,371
Walsh,Superintendent of Public Instruction,,NON,Wayne G Sanstead,766
Walsh,Tax Commissioner,,DEM,Steve Tomac,405
Walsh,Tax Commissioner,,REP,Rick Clayburgh,487
Walsh,U.S. House,1,DEM,Earl Pomeroy,543
Walsh,U.S. House,1,REP,John Dorso,492
Walsh,U.S. Senate,,DEM,Kent Conrad,545
Walsh,U.S. Senate,,REP,Duane Sand,511
Ward,Agriculture Commissioner,,DEM,Roger Johnson,2119
Ward,Agriculture Commissioner,,REP,Clare Carlson,2837
Ward,Attorney General,,DEM,Glenn Pomeroy,2188
Ward,Attorney General,,REP,Wayne Stenehjem,2935
Ward,Attorney General Constitution,,CON,Peter Crary,14
Ward,Constitutional Measure No. 1: Relates to the membership of the State Board of Higher Education,,,No,2198
Ward,Constitutional Measure No. 1: Relates to the membership of the State Board of Higher Education,,,Yes,3257
Ward,Constitutional Measure No. 2: Relates to the election of statewide executive officers.,,,No,1921
Ward,Constitutional Measure No. 2: Relates to the election of statewide executive officers.,,,Yes,3562
Ward,Constitutional Measure No. 3: Relates to the elimination of the State Treasurers Office.,,,No,2701
Ward,Constitutional Measure No. 3: Relates to the elimination of the State Treasurers Office.,,,Yes,2942
Ward,Constitutional Measure No. 4: Relates to the filling of legislative vacancies.,,,No,2572
Ward,Constitutional Measure No. 4: Relates to the filling of legislative vacancies.,,,Yes,2914
Ward,Governor and Lt. Governor,,DEM,Heidi Heitkamp & Aaron Krauter,2194
Ward,Governor and Lt. Governor,,REP,John Hoeven & Jack Dalrymple,3251
Ward,Governor and Lt. Governor Constitution,,CON,Wayne JC Anderson & Martin Wishnatsky,14
Ward,Insurance Commissioner,,DEM,Gorman King Jr,1992
Ward,Insurance Commissioner,,REP,Jim Poolman,2811
Ward,Justice of the Supreme Court,,NON,Carol Kapsner,1906
Ward,Justice of the Supreme Court,,NON,Kathryn L Dietz,2527
Ward,Public Service Commissioner,,DEM,Vern Thompson,2051
Ward,Public Service Commissioner,,REP,Tony Clark,2793
Ward,Representative in Congress Reform,,REF,Dana Paul Brandenburg,4
Ward,Secretary of State,,DEM,Dennis Bercier,1990
Ward,Secretary of State,,REP,Alvin A. (Al) Jaeger,2963
Ward,State Auditor,,DEM,Mary Ekstrom,2026
Ward,State Auditor,,REP,Robert R. (Bob) Peterson,2949
Ward,State House Legislative,38,DEM,Tom Parsley,305
Ward,State House Legislative,38,DEM,Val Babb,311
Ward,State House Legislative,38,REP,Dan Ruby,459
Ward,State House Legislative,38,REP,Larry Bellew,460
Ward,State House Legislative,4,DEM,John M Warner,188
Ward,State House Legislative,4,DEM,Kenton Onstad,162
Ward,State House Legislative,4,REP,Jerry R Wurtz,212
Ward,State House Legislative,4,REP,Rita Wilhelmi,185
Ward,State House Legislative,40,DEM,Kathy Hintz,263
Ward,State House Legislative,40,DEM,Paul G Pearson,227
Ward,State House Legislative,40,REP,Clara Sue Price,344
Ward,State House Legislative,40,REP,"Matthew M ""Matt"" Klein",343
Ward,State House Legislative,6,DEM,Bob Hunskor,77
Ward,State House Legislative,6,DEM,David R Sigloh,92
Ward,State House Legislative,6,REP,Gerald O Sveen,128
Ward,State House Legislative,6,REP,Glen Froseth,144
Ward,State Senate Legislative District 38,,DEM,Bruce Kester,336
Ward,State Senate Legislative District 38,,REP,Ben Tollefson,522
Ward,State Senate Legislative District 4,,DEM,Ronald Nichols,200
Ward,State Senate Legislative District 4,,REP,Curt Trulson,219
Ward,State Senate Legislative District 40,,DEM,"Jennings ""JB"" Klug",274
Ward,State Senate Legislative District 40,,REP,Karen K Krebsbach,359
Ward,State Senate Legislative District 6,,DEM,"David Paul O""Connell",98
Ward,State Senate Legislative District 6,,REP,Jim Grueneich,136
Ward,State Treasurer,,DEM,Kathi Gilmore,2064
Ward,State Treasurer,,REP,Randy A Schobinger,2956
Ward,Superintendent of Public Instruction,,NON,Ray Holmberg,2342
Ward,Superintendent of Public Instruction,,NON,Wayne G Sanstead,3326
Ward,Tax Commissioner,,DEM,Steve Tomac,2039
Ward,Tax Commissioner,,REP,Rick Clayburgh,2858
Ward,U.S. House,1,DEM,Earl Pomeroy,2246
Ward,U.S. House,1,REP,John Dorso,2787
Ward,U.S. Senate,,DEM,Kent Conrad,2310
Ward,U.S. Senate,,REP,Duane Sand,2934
Wells,Agriculture Commissioner,,DEM,Roger Johnson,250
Wells,Agriculture Commissioner,,REP,Clare Carlson,359
Wells,Attorney General,,DEM,Glenn Pomeroy,251
Wells,Attorney General,,REP,Wayne Stenehjem,413
Wells,Attorney General Constitution,,CON,Peter Crary,3
Wells,Constitutional Measure No. 1: Relates to the membership of the State Board of Higher Education,,,No,373
Wells,Constitutional Measure No. 1: Relates to the membership of the State Board of Higher Education,,,Yes,362
Wells,Constitutional Measure No. 2: Relates to the election of statewide executive officers.,,,No,310
Wells,Constitutional Measure No. 2: Relates to the election of statewide executive officers.,,,Yes,421
Wells,Constitutional Measure No. 3: Relates to the elimination of the State Treasurers Office.,,,No,439
Wells,Constitutional Measure No. 3: Relates to the elimination of the State Treasurers Office.,,,Yes,306
Wells,Constitutional Measure No. 4: Relates to the filling of legislative vacancies.,,,No,359
Wells,Constitutional Measure No. 4: Relates to the filling of legislative vacancies.,,,Yes,377
Wells,Governor and Lt. Governor,,DEM,Heidi Heitkamp & Aaron Krauter,262
Wells,Governor and Lt. Governor,,REP,John Hoeven & Jack Dalrymple,421
Wells,Governor and Lt. Governor Constitution,,CON,Wayne JC Anderson & Martin Wishnatsky,2
Wells,Insurance Commissioner,,DEM,Gorman King Jr,229
Wells,Insurance Commissioner,,REP,Jim Poolman,363
Wells,Justice of the Supreme Court,,NON,Carol Kapsner,192
Wells,Justice of the Supreme Court,,NON,Kathryn L Dietz,413
Wells,Public Service Commissioner,,DEM,Vern Thompson,242
Wells,Public Service Commissioner,,REP,Tony Clark,353
Wells,Representative in Congress Reform,,REF,Dana Paul Brandenburg,2
Wells,Secretary of State,,DEM,Dennis Bercier,238
Wells,Secretary of State,,REP,Alvin A. (Al) Jaeger,401
Wells,State Auditor,,DEM,Mary Ekstrom,238
Wells,State Auditor,,REP,Robert R. (Bob) Peterson,402
Wells,State House Legislative,14,DEM,Arlene Olson,185
Wells,State House Legislative,14,DEM,Patti Patrie,250
Wells,State House Legislative,14,REP,Duane DeKrey,368
Wells,State House Legislative,14,REP,Robin Weisz,376
Wells,State Senate Legislative District 14,,DEM,Brad Webster,227
Wells,State Senate Legislative District 14,,REP,Jerry Klein,407
Wells,State Treasurer,,DEM,Kathi Gilmore,246
Wells,State Treasurer,,REP,Randy A Schobinger,395
Wells,Superintendent of Public Instruction,,NON,Ray Holmberg,309
Wells,Superintendent of Public Instruction,,NON,Wayne G Sanstead,420
Wells,Tax Commissioner,,DEM,Steve Tomac,238
Wells,Tax Commissioner,,REP,Rick Clayburgh,372
Wells,U.S. House,1,DEM,Earl Pomeroy,264
Wells,U.S. House,1,REP,John Dorso,386
Wells,U.S. Senate,,DEM,Kent Conrad,269
Wells,U.S. Senate,,REP,Duane Sand,404
Williams,Agriculture Commissioner,,DEM,Roger Johnson,892
Williams,Agriculture Commissioner,,REP,Clare Carlson,1205
Williams,Attorney General,,DEM,Glenn Pomeroy,949
Williams,Attorney General,,REP,Wayne Stenehjem,1298
Williams,Attorney General Constitution,,CON,Peter Crary,7
Williams,Constitutional Measure No. 1: Relates to the membership of the State Board of Higher Education,,,No,1112
Williams,Constitutional Measure No. 1: Relates to the membership of the State Board of Higher Education,,,Yes,1594
Williams,Constitutional Measure No. 2: Relates to the election of statewide executive officers.,,,No,899
Williams,Constitutional Measure No. 2: Relates to the election of statewide executive officers.,,,Yes,1814
Williams,Constitutional Measure No. 3: Relates to the elimination of the State Treasurers Office.,,,No,1384
Williams,Constitutional Measure No. 3: Relates to the elimination of the State Treasurers Office.,,,Yes,1344
Williams,Constitutional Measure No. 4: Relates to the filling of legislative vacancies.,,,No,1209
Williams,Constitutional Measure No. 4: Relates to the filling of legislative vacancies.,,,Yes,1464
Williams,Governor and Lt. Governor,,DEM,Heidi Heitkamp & Aaron Krauter,1020
Williams,Governor and Lt. Governor,,REP,John Hoeven & Jack Dalrymple,1409
Williams,Governor and Lt. Governor Constitution,,CON,Wayne JC Anderson & Martin Wishnatsky,6
Williams,Insurance Commissioner,,DEM,Gorman King Jr,805
Williams,Insurance Commissioner,,REP,Jim Poolman,1182
Williams,Justice of the Supreme Court,,NON,Carol Kapsner,777
Williams,Justice of the Supreme Court,,NON,Kathryn L Dietz,1270
Williams,Public Service Commissioner,,DEM,Vern Thompson,856
Williams,Public Service Commissioner,,REP,Tony Clark,1179
Williams,Representative in Congress Reform,,REF,Dana Paul Brandenburg,8
Williams,Secretary of State,,DEM,Dennis Bercier,853
Williams,Secretary of State,,REP,Alvin A. (Al) Jaeger,1230
Williams,State Auditor,,DEM,Mary Ekstrom,844
Williams,State Auditor,,REP,Robert R. (Bob) Peterson,1315
Williams,State House Legislative,2,DEM,Bob Stefonowicz,361
Williams,State House Legislative,2,DEM,Dorvan Solberg,373
Williams,State House Legislative,2,REP,Bob Skarphol,348
Williams,State House Legislative,2,REP,Kent Horntvedt,277
Williams,State Senate Legislative District 2,,DEM,Alvina Skogen,373
Williams,State Senate Legislative District 2,,REP,John M Andrist,333
Williams,State Treasurer,,DEM,Kathi Gilmore,877
Williams,State Treasurer,,REP,Randy A Schobinger,1204
Williams,Superintendent of Public Instruction,,NON,Ray Holmberg,912
Williams,Superintendent of Public Instruction,,NON,Wayne G Sanstead,1651
Williams,Tax Commissioner,,DEM,Steve Tomac,862
Williams,Tax Commissioner,,REP,Rick Clayburgh,1287
Williams,U.S. House,1,DEM,Earl Pomeroy,1025
Williams,U.S. House,1,REP,John Dorso,1243
Williams,U.S. Senate,,DEM,Kent Conrad,1058
Williams,U.S. Senate,,REP,Duane Sand,1272
