county,office,district,party,candidate,votes
Adams,City Measure 1 Hettinger,,,No,20
Adams,City Measure 1 Hettinger,,,Yes,335
Adams,Constitutional Measure No. 1: Legislative Assembly Appointments.,,,No,258
Adams,Constitutional Measure No. 1: Legislative Assembly Appointments.,,,Yes,451
Adams,Council Member Hettinger,,NON,Kim Markegard,286
Adams,Council Member Hettinger,,NON,Suzie Reuther,296
Adams,Council Member Hettinger,,NON,write-in,11
Adams,County Commissioner Adams,,NON,Anthony Larson,425
Adams,County Commissioner Adams,,NON,Gene Seamands,397
Adams,County Commissioner Adams,,NON,Kathy L Vliem,548
Adams,County Commissioner Adams,,NON,write-in,2
Adams,"Director, Southwest Water Authority Adams",,NON,Jonathon Eaton,653
Adams,"Director, Southwest Water Authority Adams",,NON,write-in,5
Adams,Governor and Lt. Governor,,DEM,Ryan M Taylor & Ellen Chaffee,214
Adams,Governor and Lt. Governor,,DEM,write-in,0
Adams,Governor and Lt. Governor,,LIB,Roland Riemers,0
Adams,Governor and Lt. Governor,,LIB,write-in,0
Adams,Governor and Lt. Governor,,REP,Jack Dalrymple & Drew Wrigley,495
Adams,Governor and Lt. Governor,,REP,write-in,0
Adams,Governor and Lt. Governor Constitution,,CON,write-in,0
Adams,Initiated Constitutional Measure No. 2: Relating to Elimination of Property Taxes and Replacement of Lost Revenue.,,,No,694
Adams,Initiated Constitutional Measure No. 2: Relating to Elimination of Property Taxes and Replacement of Lost Revenue.,,,Yes,89
Adams,Initiated Constitutional Measure No. 3: Relating to Government Prohibited from Burdening the Exercise of Religious Liberty.,,,No,468
Adams,Initiated Constitutional Measure No. 3: Relating to Government Prohibited from Burdening the Exercise of Religious Liberty.,,,Yes,286
Adams,Insurance Commissioner,,DEM,Tom Potter,202
Adams,Insurance Commissioner,,DEM,write-in,0
Adams,Insurance Commissioner,,LIB,write-in,0
Adams,Insurance Commissioner,,REP,Adam Hamm,477
Adams,Insurance Commissioner,,REP,write-in,0
Adams,Insurance Commissioner Constitution,,CON,write-in,0
Adams,Judge of the District Court No. 1 Southwest,,NON,Zane Anderson,661
Adams,Judge of the District Court No. 1 Southwest,,NON,write-in,4
Adams,Judge of the District Court No. 3 Southwest,,NON,Dann Greenwood,347
Adams,Judge of the District Court No. 3 Southwest,,NON,Kevin McCabe,120
Adams,Judge of the District Court No. 3 Southwest,,NON,Tom M Henning,162
Adams,Judge of the District Court No. 3 Southwest,,NON,write-in,0
Adams,Justice of the Supreme Court,,NON,Daniel J Crothers,498
Adams,Justice of the Supreme Court,,NON,write-in,2
Adams,Park Board Commissioner Hettinger Park,,NON,write-in,90
Adams,Public Service Commissioner,,DEM,Brad Crabtree,208
Adams,Public Service Commissioner,,DEM,write-in,0
Adams,Public Service Commissioner,,LIB,Joshua Voytek,0
Adams,Public Service Commissioner,,LIB,write-in,0
Adams,Public Service Commissioner,,REP,Randy Christmann,481
Adams,Public Service Commissioner,,REP,write-in,0
Adams,Public Service Commissioner Constitution,,CON,write-in,0
Adams,Referendum Measure No. 4: Relating to University of North Dakota Athletic Nickname and Logo.,,,No,297
Adams,Referendum Measure No. 4: Relating to University of North Dakota Athletic Nickname and Logo.,,,Yes,455
Adams,Representative in Congress Constitution,,CON,write-in,0
Adams,School Board Member Hettinger School,,NON,Rhonda Knutson,585
Adams,School Board Member Hettinger School,,NON,write-in,11
Adams,State Auditor,,DEM,Scot Kelsh,206
Adams,State Auditor,,DEM,write-in,0
Adams,State Auditor,,LIB,write-in,0
Adams,State Auditor,,REP,Robert R (Bob) Peterson,473
Adams,State Auditor,,REP,write-in,1
Adams,State Auditor Constitution,,CON,write-in,0
Adams,State Treasurer,,DEM,Ross Mushik,203
Adams,State Treasurer,,DEM,write-in,0
Adams,State Treasurer,,LIB,write-in,0
Adams,State Treasurer,,REP,Kelly Schmidt,476
Adams,State Treasurer,,REP,write-in,0
Adams,State Treasurer Constitution,,CON,write-in,0
Adams,Superintendent of Public Instruction,,NON,Kirsten Baesler,230
Adams,Superintendent of Public Instruction,,NON,Max Laird,122
Adams,Superintendent of Public Instruction,,NON,Tracy Potter,195
Adams,Superintendent of Public Instruction,,NON,write-in,1
Adams,U.S. House,1,DEM,Pam Gulleson,204
Adams,U.S. House,1,DEM,write-in,0
Adams,U.S. House,1,LIB,Eric Olson,0
Adams,U.S. House,1,LIB,write-in,0
Adams,U.S. House,1,REP,Brian P Kalk,146
Adams,U.S. House,1,REP,Kevin Cramer,355
Adams,U.S. House,1,REP,write-in,0
Adams,U.S. Senate,,DEM,Heidi Heitkamp,224
Adams,U.S. Senate,,DEM,write-in,0
Adams,U.S. Senate,,LIB,write-in,0
Adams,U.S. Senate,,REP,Duane Sand,106
Adams,U.S. Senate,,REP,Rick Berg,424
Adams,U.S. Senate,,REP,write-in,0
Adams,United States Senator Constitution,,CON,write-in,0
Barnes,Commissioner Valley City,,NON,Arthur Frieze,203
Barnes,Commissioner Valley City,,NON,Ken Evenson,493
Barnes,Commissioner Valley City,,NON,Madeline Luke,1087
Barnes,Commissioner Valley City,,NON,Mary Lee Nielson,1029
Barnes,Commissioner Valley City,,NON,Robert Drake,877
Barnes,Commissioner Valley City,,NON,write-in,11
Barnes,Constitutional Measure No. 1: Legislative Assembly Appointments.,,,No,1349
Barnes,Constitutional Measure No. 1: Legislative Assembly Appointments.,,,Yes,1873
Barnes,County Commissioner Barnes - District 1,,NON,Cindy Schwehr,600
Barnes,County Commissioner Barnes - District 1,,NON,write-in,8
Barnes,County Commissioner Barnes - District 5,,NON,John Froelich,545
Barnes,County Commissioner Barnes - District 5,,NON,write-in,9
Barnes,"Director, Garrison Diversion Conservancy Barnes",,NON,Roger Bischoff,2627
Barnes,"Director, Garrison Diversion Conservancy Barnes",,NON,write-in,16
Barnes,Governor and Lt. Governor,,DEM,Ryan M Taylor & Ellen Chaffee,1383
Barnes,Governor and Lt. Governor,,DEM,write-in,0
Barnes,Governor and Lt. Governor,,LIB,Roland Riemers,19
Barnes,Governor and Lt. Governor,,LIB,write-in,0
Barnes,Governor and Lt. Governor,,REP,Jack Dalrymple & Drew Wrigley,1650
Barnes,Governor and Lt. Governor,,REP,write-in,7
Barnes,Governor and Lt. Governor Constitution,,CON,write-in,0
Barnes,Initiated Constitutional Measure No. 2: Relating to Elimination of Property Taxes and Replacement of Lost Revenue.,,,No,2381
Barnes,Initiated Constitutional Measure No. 2: Relating to Elimination of Property Taxes and Replacement of Lost Revenue.,,,Yes,1103
Barnes,Initiated Constitutional Measure No. 3: Relating to Government Prohibited from Burdening the Exercise of Religious Liberty.,,,No,2326
Barnes,Initiated Constitutional Measure No. 3: Relating to Government Prohibited from Burdening the Exercise of Religious Liberty.,,,Yes,1096
Barnes,Insurance Commissioner,,DEM,Tom Potter,1310
Barnes,Insurance Commissioner,,DEM,write-in,1
Barnes,Insurance Commissioner,,LIB,write-in,0
Barnes,Insurance Commissioner,,REP,Adam Hamm,1579
Barnes,Insurance Commissioner,,REP,write-in,2
Barnes,Insurance Commissioner Constitution,,CON,write-in,0
Barnes,Judge of the District Court No. 10 Unexpired Term Southeast,,NON,Thomas E Merrick,2500
Barnes,Judge of the District Court No. 10 Unexpired Term Southeast,,NON,write-in,4
Barnes,Judge of the District Court No. 8 Southeast,,NON,Brad Cruff,2554
Barnes,Judge of the District Court No. 8 Southeast,,NON,Richard W Grosz,577
Barnes,Judge of the District Court No. 8 Southeast,,NON,write-in,4
Barnes,Judge of the District Court No. 9 Southeast,,NON,John E Greenwood,2541
Barnes,Judge of the District Court No. 9 Southeast,,NON,write-in,3
Barnes,Justice of the Supreme Court,,NON,Daniel J Crothers,2457
Barnes,Justice of the Supreme Court,,NON,write-in,6
Barnes,Municipal Judge Valley City,,NON,Thomas E Goven,1679
Barnes,Municipal Judge Valley City,,NON,write-in,8
Barnes,Park Board Member Valley City Park,,NON,Dick Gulmon,1486
Barnes,Park Board Member Valley City Park,,NON,Ross Powell,1409
Barnes,Park Board Member Valley City Park,,NON,write-in,15
Barnes,Public Service Commissioner,,DEM,Brad Crabtree,1314
Barnes,Public Service Commissioner,,DEM,write-in,2
Barnes,Public Service Commissioner,,LIB,Joshua Voytek,18
Barnes,Public Service Commissioner,,LIB,write-in,0
Barnes,Public Service Commissioner,,REP,Randy Christmann,1554
Barnes,Public Service Commissioner,,REP,write-in,1
Barnes,Public Service Commissioner Constitution,,CON,write-in,0
Barnes,Referendum Measure No. 4: Relating to University of North Dakota Athletic Nickname and Logo.,,,No,1146
Barnes,Referendum Measure No. 4: Relating to University of North Dakota Athletic Nickname and Logo.,,,Yes,2263
Barnes,Representative in Congress Constitution,,CON,write-in,0
Barnes,State Auditor,,DEM,Scot Kelsh,1301
Barnes,State Auditor,,DEM,write-in,1
Barnes,State Auditor,,LIB,write-in,0
Barnes,State Auditor,,REP,Robert R (Bob) Peterson,1574
Barnes,State Auditor,,REP,write-in,0
Barnes,State Auditor Constitution,,CON,write-in,0
Barnes,State House,24,DEM,Naomi T Muscha,1008
Barnes,State House,24,DEM,Sharon E Buhr,1176
Barnes,State House,24,DEM,write-in,9
Barnes,State House,24,LIB,write-in,0
Barnes,State House,24,REP,Dwight Kiefert,1435
Barnes,State House,24,REP,Myrene Peterson,1000
Barnes,State House,24,REP,write-in,12
Barnes,State Representative District 24 Constitution,,CON,write-in,0
Barnes,State Senate,24,DEM,Larry J Robinson,1412
Barnes,State Senate,24,DEM,write-in,4
Barnes,State Senate,24,LIB,write-in,0
Barnes,State Senate,24,REP,Keith E Hovland,1558
Barnes,State Senate,24,REP,write-in,15
Barnes,State Senator District 24 Constitution,,CON,write-in,0
Barnes,State Treasurer,,DEM,Ross Mushik,1289
Barnes,State Treasurer,,DEM,write-in,1
Barnes,State Treasurer,,LIB,write-in,0
Barnes,State Treasurer,,REP,Kelly Schmidt,1566
Barnes,State Treasurer,,REP,write-in,0
Barnes,State Treasurer Constitution,,CON,write-in,0
Barnes,Superintendent of Public Instruction,,NON,Kirsten Baesler,582
Barnes,Superintendent of Public Instruction,,NON,Max Laird,763
Barnes,Superintendent of Public Instruction,,NON,Tracy Potter,673
Barnes,Superintendent of Public Instruction,,NON,write-in,4
Barnes,U.S. House,1,DEM,Pam Gulleson,1348
Barnes,U.S. House,1,DEM,write-in,0
Barnes,U.S. House,1,LIB,Eric Olson,20
Barnes,U.S. House,1,LIB,write-in,0
Barnes,U.S. House,1,REP,Brian P Kalk,925
Barnes,U.S. House,1,REP,Kevin Cramer,840
Barnes,U.S. House,1,REP,write-in,8
Barnes,U.S. Senate,,DEM,Heidi Heitkamp,1470
Barnes,U.S. Senate,,DEM,write-in,2
Barnes,U.S. Senate,,LIB,write-in,0
Barnes,U.S. Senate,,REP,Duane Sand,628
Barnes,U.S. Senate,,REP,Rick Berg,1152
Barnes,U.S. Senate,,REP,write-in,2
Barnes,United States Senator Constitution,,CON,write-in,0
Benson,Constitutional Measure No. 1: Legislative Assembly Appointments.,,,No,427
Benson,Constitutional Measure No. 1: Legislative Assembly Appointments.,,,Yes,712
Benson,County Commissioner Benson - District 2,,NON,Jason H Lee,388
Benson,County Commissioner Benson - District 2,,NON,Ron Carlson,435
Benson,County Commissioner Benson - District 2,,NON,write-in,156
Benson,County Commissioner Benson - District 4,,NON,"David ""Davey"" Davidson",750
Benson,County Commissioner Benson - District 4,,NON,write-in,33
Benson,Governor and Lt. Governor,,DEM,Ryan M Taylor & Ellen Chaffee,569
Benson,Governor and Lt. Governor,,DEM,write-in,1
Benson,Governor and Lt. Governor,,LIB,Roland Riemers,1
Benson,Governor and Lt. Governor,,LIB,write-in,0
Benson,Governor and Lt. Governor,,REP,Jack Dalrymple & Drew Wrigley,516
Benson,Governor and Lt. Governor,,REP,write-in,2
Benson,Governor and Lt. Governor Constitution,,CON,write-in,0
Benson,Initiated Constitutional Measure No. 2: Relating to Elimination of Property Taxes and Replacement of Lost Revenue.,,,No,958
Benson,Initiated Constitutional Measure No. 2: Relating to Elimination of Property Taxes and Replacement of Lost Revenue.,,,Yes,248
Benson,Initiated Constitutional Measure No. 3: Relating to Government Prohibited from Burdening the Exercise of Religious Liberty.,,,No,740
Benson,Initiated Constitutional Measure No. 3: Relating to Government Prohibited from Burdening the Exercise of Religious Liberty.,,,Yes,428
Benson,Insurance Commissioner,,DEM,Tom Potter,520
Benson,Insurance Commissioner,,DEM,write-in,1
Benson,Insurance Commissioner,,LIB,write-in,0
Benson,Insurance Commissioner,,REP,Adam Hamm,509
Benson,Insurance Commissioner,,REP,write-in,0
Benson,Insurance Commissioner Constitution,,CON,write-in,0
Benson,Judge of the District Court No. 6 Northeast,,NON,M Richard Geiger,770
Benson,Judge of the District Court No. 6 Northeast,,NON,write-in,0
Benson,Judge of the District Court No. 7 Northeast,,NON,John C McClintock Jr,787
Benson,Judge of the District Court No. 7 Northeast,,NON,write-in,3
Benson,Justice of the Supreme Court,,NON,Daniel J Crothers,770
Benson,Justice of the Supreme Court,,NON,write-in,0
Benson,Public Service Commissioner,,DEM,Brad Crabtree,525
Benson,Public Service Commissioner,,DEM,write-in,0
Benson,Public Service Commissioner,,LIB,Joshua Voytek,1
Benson,Public Service Commissioner,,LIB,write-in,0
Benson,Public Service Commissioner,,REP,Randy Christmann,504
Benson,Public Service Commissioner,,REP,write-in,1
Benson,Public Service Commissioner Constitution,,CON,write-in,0
Benson,Referendum Measure No. 4: Relating to University of North Dakota Athletic Nickname and Logo.,,,No,428
Benson,Referendum Measure No. 4: Relating to University of North Dakota Athletic Nickname and Logo.,,,Yes,766
Benson,Representative in Congress Constitution,,CON,write-in,0
Benson,State Auditor,,DEM,Scot Kelsh,518
Benson,State Auditor,,DEM,write-in,0
Benson,State Auditor,,LIB,write-in,0
Benson,State Auditor,,REP,Robert R (Bob) Peterson,508
Benson,State Auditor,,REP,write-in,0
Benson,State Auditor Constitution,,CON,write-in,0
Benson,State House,14,DEM,write-in,23
Benson,State House,14,LIB,write-in,0
Benson,State House,14,REP,Duane DeKrey,156
Benson,State House,14,REP,Jon Nelson,293
Benson,State House,14,REP,Robin Weisz,163
Benson,State House,14,REP,write-in,2
Benson,State Representative District 14 Constitution,,CON,write-in,0
Benson,State Senate,14,DEM,write-in,18
Benson,State Senate,14,LIB,write-in,0
Benson,State Senate,14,REP,Jerry Klein,325
Benson,State Senate,14,REP,write-in,0
Benson,State Senator District 14 Constitution,,CON,write-in,0
Benson,State Treasurer,,DEM,Ross Mushik,514
Benson,State Treasurer,,DEM,write-in,1
Benson,State Treasurer,,LIB,write-in,1
Benson,State Treasurer,,REP,Kelly Schmidt,505
Benson,State Treasurer,,REP,write-in,0
Benson,State Treasurer Constitution,,CON,write-in,0
Benson,Superintendent of Public Instruction,,NON,Kirsten Baesler,321
Benson,Superintendent of Public Instruction,,NON,Max Laird,251
Benson,Superintendent of Public Instruction,,NON,Tracy Potter,302
Benson,Superintendent of Public Instruction,,NON,write-in,2
Benson,U.S. House,1,DEM,Pam Gulleson,525
Benson,U.S. House,1,DEM,write-in,0
Benson,U.S. House,1,LIB,Eric Olson,2
Benson,U.S. House,1,LIB,write-in,0
Benson,U.S. House,1,REP,Brian P Kalk,250
Benson,U.S. House,1,REP,Kevin Cramer,311
Benson,U.S. House,1,REP,write-in,3
Benson,U.S. Senate,,DEM,Heidi Heitkamp,589
Benson,U.S. Senate,,DEM,write-in,0
Benson,U.S. Senate,,LIB,write-in,1
Benson,U.S. Senate,,REP,Duane Sand,160
Benson,U.S. Senate,,REP,Rick Berg,410
Benson,U.S. Senate,,REP,write-in,0
Benson,United States Senator Constitution,,CON,write-in,0
Billings,Constitutional Measure No. 1: Legislative Assembly Appointments.,,,No,120
Billings,Constitutional Measure No. 1: Legislative Assembly Appointments.,,,Yes,165
Billings,County Commissioner Billings - District 1,,NON,Allan T. Thompson,200
Billings,County Commissioner Billings - District 1,,NON,write-in,29
Billings,County Commissioner Billings - District 3,,NON,Jim Arthaud,189
Billings,County Commissioner Billings - District 3,,NON,write-in,22
Billings,"Director, Southwest Water Authority Billings",,NON,James Odermann,191
Billings,"Director, Southwest Water Authority Billings",,NON,write-in,5
Billings,Governor and Lt. Governor,,DEM,Ryan M Taylor & Ellen Chaffee,58
Billings,Governor and Lt. Governor,,DEM,write-in,1
Billings,Governor and Lt. Governor,,LIB,Roland Riemers,1
Billings,Governor and Lt. Governor,,LIB,write-in,0
Billings,Governor and Lt. Governor,,REP,Jack Dalrymple & Drew Wrigley,215
Billings,Governor and Lt. Governor,,REP,write-in,4
Billings,Governor and Lt. Governor Constitution,,CON,write-in,0
Billings,Initiated Constitutional Measure No. 2: Relating to Elimination of Property Taxes and Replacement of Lost Revenue.,,,No,244
Billings,Initiated Constitutional Measure No. 2: Relating to Elimination of Property Taxes and Replacement of Lost Revenue.,,,Yes,61
Billings,Initiated Constitutional Measure No. 3: Relating to Government Prohibited from Burdening the Exercise of Religious Liberty.,,,No,150
Billings,Initiated Constitutional Measure No. 3: Relating to Government Prohibited from Burdening the Exercise of Religious Liberty.,,,Yes,152
Billings,Insurance Commissioner,,DEM,Tom Potter,52
Billings,Insurance Commissioner,,DEM,write-in,0
Billings,Insurance Commissioner,,LIB,write-in,0
Billings,Insurance Commissioner,,REP,Adam Hamm,203
Billings,Insurance Commissioner,,REP,write-in,1
Billings,Insurance Commissioner Constitution,,CON,write-in,0
Billings,Judge of the District Court No. 1 Southwest,,NON,Zane Anderson,196
Billings,Judge of the District Court No. 1 Southwest,,NON,write-in,2
Billings,Judge of the District Court No. 3 Southwest,,NON,Dann Greenwood,125
Billings,Judge of the District Court No. 3 Southwest,,NON,Kevin McCabe,38
Billings,Judge of the District Court No. 3 Southwest,,NON,Tom M Henning,63
Billings,Judge of the District Court No. 3 Southwest,,NON,write-in,4
Billings,Justice of the Supreme Court,,NON,Daniel J Crothers,191
Billings,Justice of the Supreme Court,,NON,write-in,2
Billings,Public Service Commissioner,,DEM,Brad Crabtree,52
Billings,Public Service Commissioner,,DEM,write-in,0
Billings,Public Service Commissioner,,LIB,Joshua Voytek,1
Billings,Public Service Commissioner,,LIB,write-in,0
Billings,Public Service Commissioner,,REP,Randy Christmann,202
Billings,Public Service Commissioner,,REP,write-in,1
Billings,Public Service Commissioner Constitution,,CON,write-in,0
Billings,Referendum Measure No. 4: Relating to University of North Dakota Athletic Nickname and Logo.,,,No,150
Billings,Referendum Measure No. 4: Relating to University of North Dakota Athletic Nickname and Logo.,,,Yes,148
Billings,Representative in Congress Constitution,,CON,write-in,0
Billings,State Auditor,,DEM,Scot Kelsh,54
Billings,State Auditor,,DEM,write-in,0
Billings,State Auditor,,LIB,write-in,0
Billings,State Auditor,,REP,Robert R (Bob) Peterson,200
Billings,State Auditor,,REP,write-in,1
Billings,State Auditor Constitution,,CON,write-in,0
Billings,State Treasurer,,DEM,Ross Mushik,55
Billings,State Treasurer,,DEM,write-in,0
Billings,State Treasurer,,LIB,write-in,0
Billings,State Treasurer,,REP,Kelly Schmidt,197
Billings,State Treasurer,,REP,write-in,1
Billings,State Treasurer Constitution,,CON,write-in,0
Billings,Superintendent of Public Instruction,,NON,Kirsten Baesler,78
Billings,Superintendent of Public Instruction,,NON,Max Laird,75
Billings,Superintendent of Public Instruction,,NON,Tracy Potter,65
Billings,Superintendent of Public Instruction,,NON,write-in,1
Billings,U.S. House,1,DEM,Pam Gulleson,57
Billings,U.S. House,1,DEM,write-in,0
Billings,U.S. House,1,LIB,Eric Olson,1
Billings,U.S. House,1,LIB,write-in,0
Billings,U.S. House,1,REP,Brian P Kalk,86
Billings,U.S. House,1,REP,Kevin Cramer,139
Billings,U.S. House,1,REP,write-in,1
Billings,U.S. Senate,,DEM,Heidi Heitkamp,65
Billings,U.S. Senate,,DEM,write-in,0
Billings,U.S. Senate,,LIB,write-in,0
Billings,U.S. Senate,,REP,Duane Sand,72
Billings,U.S. Senate,,REP,Rick Berg,157
Billings,U.S. Senate,,REP,write-in,0
Billings,United States Senator Constitution,,CON,write-in,0
Bottineau,Constitutional Measure No. 1: Legislative Assembly Appointments.,,,No,855
Bottineau,Constitutional Measure No. 1: Legislative Assembly Appointments.,,,Yes,1282
Bottineau,Council Member Bottineau,,NON,Fred Kainz,470
Bottineau,Council Member Bottineau,,NON,Greg Bernstein,606
Bottineau,Council Member Bottineau,,NON,Harley Getzlaff,546
Bottineau,Council Member Bottineau,,NON,Tim Sanderson,487
Bottineau,Council Member Bottineau,,NON,write-in,78
Bottineau,Council Member Unexpired Two Year Term Bottineau,,NON,Steve Brandt,633
Bottineau,Council Member Unexpired Two Year Term Bottineau,,NON,write-in,4
Bottineau,County Commissioner Bottineau - District 2,,NON,Jeff Beyer,369
Bottineau,County Commissioner Bottineau - District 2,,NON,write-in,5
Bottineau,County Commissioner Bottineau - District 4,,NON,David William Clark,61
Bottineau,County Commissioner Bottineau - District 4,,NON,Lance Kjelshus,206
Bottineau,County Commissioner Bottineau - District 4,,NON,Verdean Kveum,154
Bottineau,County Commissioner Bottineau - District 4,,NON,write-in,1
Bottineau,"Director, Garrison Diversion Conservancy Bottineau",,NON,Kenneth (Kenny) Rogers,1649
Bottineau,"Director, Garrison Diversion Conservancy Bottineau",,NON,write-in,4
Bottineau,Governor and Lt. Governor,,DEM,Ryan M Taylor & Ellen Chaffee,668
Bottineau,Governor and Lt. Governor,,DEM,write-in,0
Bottineau,Governor and Lt. Governor,,LIB,Roland Riemers,5
Bottineau,Governor and Lt. Governor,,LIB,write-in,0
Bottineau,Governor and Lt. Governor,,REP,Jack Dalrymple & Drew Wrigley,1308
Bottineau,Governor and Lt. Governor,,REP,write-in,7
Bottineau,Governor and Lt. Governor Constitution,,CON,write-in,0
Bottineau,Initiated Constitutional Measure No. 2: Relating to Elimination of Property Taxes and Replacement of Lost Revenue.,,,No,1766
Bottineau,Initiated Constitutional Measure No. 2: Relating to Elimination of Property Taxes and Replacement of Lost Revenue.,,,Yes,528
Bottineau,Initiated Constitutional Measure No. 3: Relating to Government Prohibited from Burdening the Exercise of Religious Liberty.,,,No,1336
Bottineau,Initiated Constitutional Measure No. 3: Relating to Government Prohibited from Burdening the Exercise of Religious Liberty.,,,Yes,843
Bottineau,Insurance Commissioner,,DEM,Tom Potter,622
Bottineau,Insurance Commissioner,,DEM,write-in,0
Bottineau,Insurance Commissioner,,LIB,write-in,0
Bottineau,Insurance Commissioner,,REP,Adam Hamm,1267
Bottineau,Insurance Commissioner,,REP,write-in,2
Bottineau,Insurance Commissioner Constitution,,CON,write-in,0
Bottineau,Judge of the District Court No. 6 Northeast,,NON,M Richard Geiger,1536
Bottineau,Judge of the District Court No. 6 Northeast,,NON,write-in,2
Bottineau,Judge of the District Court No. 7 Northeast,,NON,John C McClintock Jr,1602
Bottineau,Judge of the District Court No. 7 Northeast,,NON,write-in,5
Bottineau,Justice of the Supreme Court,,NON,Daniel J Crothers,1017
Bottineau,Justice of the Supreme Court,,NON,write-in,1
Bottineau,Mayor Unexpired Two Year Term Bottineau,,NON,Ben Aufforth,483
Bottineau,Mayor Unexpired Two Year Term Bottineau,,NON,Douglas Marsden,238
Bottineau,Mayor Unexpired Two Year Term Bottineau,,NON,write-in,1
Bottineau,Municipal Judge Bottineau,,NON,Richard Hummel,589
Bottineau,Municipal Judge Bottineau,,NON,write-in,10
Bottineau,Park Board Member Four Year Term Bottineau Park,,NON,Karsten Bartsch,590
Bottineau,Park Board Member Four Year Term Bottineau Park,,NON,Riley Getzlaff,627
Bottineau,Park Board Member Four Year Term Bottineau Park,,NON,write-in,5
Bottineau,Park Board Member Two Year Term Bottineau Park,,NON,Matt Glasner,600
Bottineau,Park Board Member Two Year Term Bottineau Park,,NON,Mike Aasen,545
Bottineau,Park Board Member Two Year Term Bottineau Park,,NON,write-in,1
Bottineau,Public Service Commissioner,,DEM,Brad Crabtree,624
Bottineau,Public Service Commissioner,,DEM,write-in,1
Bottineau,Public Service Commissioner,,LIB,Joshua Voytek,5
Bottineau,Public Service Commissioner,,LIB,write-in,0
Bottineau,Public Service Commissioner,,REP,Randy Christmann,1247
Bottineau,Public Service Commissioner,,REP,write-in,2
Bottineau,Public Service Commissioner Constitution,,CON,write-in,0
Bottineau,Referendum Measure No. 4: Relating to University of North Dakota Athletic Nickname and Logo.,,,No,710
Bottineau,Referendum Measure No. 4: Relating to University of North Dakota Athletic Nickname and Logo.,,,Yes,1556
Bottineau,Representative in Congress Constitution,,CON,write-in,1
Bottineau,State Auditor,,DEM,Scot Kelsh,627
Bottineau,State Auditor,,DEM,write-in,0
Bottineau,State Auditor,,LIB,write-in,0
Bottineau,State Auditor,,REP,Robert R (Bob) Peterson,1264
Bottineau,State Auditor,,REP,write-in,2
Bottineau,State Auditor Constitution,,CON,write-in,0
Bottineau,State House,6,DEM,Bob Hunskor,667
Bottineau,State House,6,DEM,Cindy Shattuck,524
Bottineau,State House,6,DEM,write-in,0
Bottineau,State House,6,LIB,write-in,0
Bottineau,State House,6,REP,Dick Anderson,1012
Bottineau,State House,6,REP,Myron Hanson,1037
Bottineau,State House,6,REP,write-in,5
Bottineau,State Representative District 6 Constitution,,CON,write-in,1
Bottineau,State Senate,6,DEM,"David Paul O""Connell",705
Bottineau,State Senate,6,DEM,write-in,1
Bottineau,State Senate,6,LIB,write-in,0
Bottineau,State Senate,6,REP,Pamela Smith,1239
Bottineau,State Senate,6,REP,write-in,7
Bottineau,State Senator District 6 Constitution,,CON,write-in,1
Bottineau,State Treasurer,,DEM,Ross Mushik,616
Bottineau,State Treasurer,,DEM,write-in,0
Bottineau,State Treasurer,,LIB,write-in,0
Bottineau,State Treasurer,,REP,Kelly Schmidt,1250
Bottineau,State Treasurer,,REP,write-in,2
Bottineau,State Treasurer Constitution,,CON,write-in,0
Bottineau,Superintendent of Public Instruction,,NON,Kirsten Baesler,389
Bottineau,Superintendent of Public Instruction,,NON,Max Laird,313
Bottineau,Superintendent of Public Instruction,,NON,Tracy Potter,419
Bottineau,Superintendent of Public Instruction,,NON,write-in,0
Bottineau,U.S. House,1,DEM,Pam Gulleson,623
Bottineau,U.S. House,1,DEM,write-in,0
Bottineau,U.S. House,1,LIB,Eric Olson,6
Bottineau,U.S. House,1,LIB,write-in,0
Bottineau,U.S. House,1,REP,Brian P Kalk,1148
Bottineau,U.S. House,1,REP,Kevin Cramer,298
Bottineau,U.S. House,1,REP,write-in,0
Bottineau,U.S. Senate,,DEM,Heidi Heitkamp,716
Bottineau,U.S. Senate,,DEM,write-in,0
Bottineau,U.S. Senate,,LIB,write-in,1
Bottineau,U.S. Senate,,REP,Duane Sand,448
Bottineau,U.S. Senate,,REP,Rick Berg,965
Bottineau,U.S. Senate,,REP,write-in,1
Bottineau,United States Senator Constitution,,CON,write-in,1
Bowman,City Commission President Bowman,,NON,Lyn James,330
Bowman,City Commission President Bowman,,NON,write-in,276
Bowman,City Commissioner Bowman,,NON,Chuck Whitney,443
Bowman,City Commissioner Bowman,,NON,Les Snavely,238
Bowman,City Commissioner Bowman,,NON,Michael Sondeland,517
Bowman,City Commissioner Bowman,,NON,write-in,5
Bowman,City Measure 2 Bowman,,,No,105
Bowman,City Measure 2 Bowman,,,Yes,544
Bowman,City Park Board Commissioner Bowman Park,,NON,Amy Smyle,582
Bowman,City Park Board Commissioner Bowman Park,,NON,Tyler Senn,522
Bowman,City Park Board Commissioner Bowman Park,,NON,write-in,2
Bowman,Constitutional Measure No. 1: Legislative Assembly Appointments.,,,No,442
Bowman,Constitutional Measure No. 1: Legislative Assembly Appointments.,,,Yes,650
Bowman,County Commissioner Bowman,,NON,Bill L. Bowman,799
Bowman,County Commissioner Bowman,,NON,Pine A. Abrahamson,912
Bowman,County Commissioner Bowman,,NON,Rick Braaten,1028
Bowman,County Commissioner Bowman,,NON,Rick Seifert,557
Bowman,County Commissioner Bowman,,NON,write-in,16
Bowman,Governor and Lt. Governor,,DEM,Ryan M Taylor & Ellen Chaffee,289
Bowman,Governor and Lt. Governor,,DEM,write-in,6
Bowman,Governor and Lt. Governor,,LIB,Roland Riemers,2
Bowman,Governor and Lt. Governor,,LIB,write-in,0
Bowman,Governor and Lt. Governor,,REP,Jack Dalrymple & Drew Wrigley,775
Bowman,Governor and Lt. Governor,,REP,write-in,6
Bowman,Governor and Lt. Governor Constitution,,CON,write-in,0
Bowman,Initiated Constitutional Measure No. 2: Relating to Elimination of Property Taxes and Replacement of Lost Revenue.,,,No,1029
Bowman,Initiated Constitutional Measure No. 2: Relating to Elimination of Property Taxes and Replacement of Lost Revenue.,,,Yes,205
Bowman,Initiated Constitutional Measure No. 3: Relating to Government Prohibited from Burdening the Exercise of Religious Liberty.,,,No,811
Bowman,Initiated Constitutional Measure No. 3: Relating to Government Prohibited from Burdening the Exercise of Religious Liberty.,,,Yes,377
Bowman,Insurance Commissioner,,DEM,Tom Potter,290
Bowman,Insurance Commissioner,,DEM,write-in,0
Bowman,Insurance Commissioner,,LIB,write-in,0
Bowman,Insurance Commissioner,,REP,Adam Hamm,769
Bowman,Insurance Commissioner,,REP,write-in,1
Bowman,Insurance Commissioner Constitution,,CON,write-in,0
Bowman,Judge of the District Court No. 1 Southwest,,NON,Zane Anderson,883
Bowman,Judge of the District Court No. 1 Southwest,,NON,write-in,8
Bowman,Judge of the District Court No. 3 Southwest,,NON,Dann Greenwood,488
Bowman,Judge of the District Court No. 3 Southwest,,NON,Kevin McCabe,339
Bowman,Judge of the District Court No. 3 Southwest,,NON,Tom M Henning,206
Bowman,Judge of the District Court No. 3 Southwest,,NON,write-in,1
Bowman,Justice of the Supreme Court,,NON,Daniel J Crothers,841
Bowman,Justice of the Supreme Court,,NON,write-in,1
Bowman,Public Service Commissioner,,DEM,Brad Crabtree,286
Bowman,Public Service Commissioner,,DEM,write-in,0
Bowman,Public Service Commissioner,,LIB,Joshua Voytek,2
Bowman,Public Service Commissioner,,LIB,write-in,0
Bowman,Public Service Commissioner,,REP,Randy Christmann,762
Bowman,Public Service Commissioner,,REP,write-in,1
Bowman,Public Service Commissioner Constitution,,CON,write-in,0
Bowman,Publication of City Governing Body Minutes Bowman,,,No,13
Bowman,Publication of City Governing Body Minutes Bowman,,,Yes,628
Bowman,Referendum Measure No. 4: Relating to University of North Dakota Athletic Nickname and Logo.,,,No,414
Bowman,Referendum Measure No. 4: Relating to University of North Dakota Athletic Nickname and Logo.,,,Yes,784
Bowman,Representative in Congress Constitution,,CON,write-in,0
Bowman,School Board Member Bowman Area Bowman School,,NON,Sharon Holder,899
Bowman,School Board Member Bowman Area Bowman School,,NON,write-in,4
Bowman,School Board Member Rhame Area Bowman School,,NON,Ann Fischer,797
Bowman,School Board Member Rhame Area Bowman School,,NON,Russ Homelvig,795
Bowman,School Board Member Rhame Area Bowman School,,NON,write-in,6
Bowman,School District Measure 1 Bowman School,,,No,44
Bowman,School District Measure 1 Bowman School,,,Yes,952
Bowman,State Auditor,,DEM,Scot Kelsh,286
Bowman,State Auditor,,DEM,write-in,0
Bowman,State Auditor,,LIB,write-in,0
Bowman,State Auditor,,REP,Robert R (Bob) Peterson,768
Bowman,State Auditor,,REP,write-in,1
Bowman,State Auditor Constitution,,CON,write-in,0
Bowman,State Treasurer,,DEM,Ross Mushik,282
Bowman,State Treasurer,,DEM,write-in,0
Bowman,State Treasurer,,LIB,write-in,0
Bowman,State Treasurer,,REP,Kelly Schmidt,760
Bowman,State Treasurer,,REP,write-in,2
Bowman,State Treasurer Constitution,,CON,write-in,0
Bowman,Superintendent of Public Instruction,,NON,Kirsten Baesler,357
Bowman,Superintendent of Public Instruction,,NON,Max Laird,190
Bowman,Superintendent of Public Instruction,,NON,Tracy Potter,315
Bowman,Superintendent of Public Instruction,,NON,write-in,1
Bowman,U.S. House,1,DEM,Pam Gulleson,296
Bowman,U.S. House,1,DEM,write-in,0
Bowman,U.S. House,1,LIB,Eric Olson,2
Bowman,U.S. House,1,LIB,write-in,0
Bowman,U.S. House,1,REP,Brian P Kalk,228
Bowman,U.S. House,1,REP,Kevin Cramer,584
Bowman,U.S. House,1,REP,write-in,1
Bowman,U.S. Senate,,DEM,Heidi Heitkamp,319
Bowman,U.S. Senate,,DEM,write-in,1
Bowman,U.S. Senate,,LIB,write-in,0
Bowman,U.S. Senate,,REP,Duane Sand,219
Bowman,U.S. Senate,,REP,Rick Berg,612
Bowman,U.S. Senate,,REP,write-in,0
Bowman,United States Senator Constitution,,CON,write-in,0
Burke,Constitutional Measure No. 1: Legislative Assembly Appointments.,,,No,219
Burke,Constitutional Measure No. 1: Legislative Assembly Appointments.,,,Yes,400
Burke,County Commissioner Burke - District 1,,NON,Allen L Ryberg,160
Burke,County Commissioner Burke - District 1,,NON,write-in,12
Burke,County Commissioner Burke - District 3,,NON,David M Sellie,113
Burke,County Commissioner Burke - District 3,,NON,write-in,10
Burke,Governor and Lt. Governor,,DEM,Ryan M Taylor & Ellen Chaffee,154
Burke,Governor and Lt. Governor,,DEM,write-in,0
Burke,Governor and Lt. Governor,,LIB,Roland Riemers,2
Burke,Governor and Lt. Governor,,LIB,write-in,0
Burke,Governor and Lt. Governor,,REP,Jack Dalrymple & Drew Wrigley,428
Burke,Governor and Lt. Governor,,REP,write-in,0
Burke,Governor and Lt. Governor Constitution,,CON,write-in,0
Burke,Initiated Constitutional Measure No. 2: Relating to Elimination of Property Taxes and Replacement of Lost Revenue.,,,No,572
Burke,Initiated Constitutional Measure No. 2: Relating to Elimination of Property Taxes and Replacement of Lost Revenue.,,,Yes,97
Burke,Initiated Constitutional Measure No. 3: Relating to Government Prohibited from Burdening the Exercise of Religious Liberty.,,,No,356
Burke,Initiated Constitutional Measure No. 3: Relating to Government Prohibited from Burdening the Exercise of Religious Liberty.,,,Yes,275
Burke,Insurance Commissioner,,DEM,Tom Potter,141
Burke,Insurance Commissioner,,DEM,write-in,0
Burke,Insurance Commissioner,,LIB,write-in,0
Burke,Insurance Commissioner,,REP,Adam Hamm,398
Burke,Insurance Commissioner,,REP,write-in,0
Burke,Insurance Commissioner Constitution,,CON,write-in,0
Burke,Judge of the District Court No. 7 Northwest,,NON,Richard L Hagar,364
Burke,Judge of the District Court No. 7 Northwest,,NON,write-in,0
Burke,Judge of the District Court No. 8 Northwest,,NON,William W McLees,366
Burke,Judge of the District Court No. 8 Northwest,,NON,write-in,0
Burke,Judge of the District Court No. 9 Unexpired Term Northwest,,NON,Todd L Cresap,361
Burke,Judge of the District Court No. 9 Unexpired Term Northwest,,NON,write-in,0
Burke,Justice of the Supreme Court,,NON,Daniel J Crothers,360
Burke,Justice of the Supreme Court,,NON,write-in,0
Burke,Public Service Commissioner,,DEM,Brad Crabtree,147
Burke,Public Service Commissioner,,DEM,write-in,0
Burke,Public Service Commissioner,,LIB,Joshua Voytek,2
Burke,Public Service Commissioner,,LIB,write-in,0
Burke,Public Service Commissioner,,REP,Randy Christmann,387
Burke,Public Service Commissioner,,REP,write-in,0
Burke,Public Service Commissioner Constitution,,CON,write-in,0
Burke,Referendum Measure No. 4: Relating to University of North Dakota Athletic Nickname and Logo.,,,No,269
Burke,Referendum Measure No. 4: Relating to University of North Dakota Athletic Nickname and Logo.,,,Yes,379
Burke,Representative in Congress Constitution,,CON,write-in,0
Burke,State Auditor,,DEM,Scot Kelsh,143
Burke,State Auditor,,DEM,write-in,0
Burke,State Auditor,,LIB,write-in,0
Burke,State Auditor,,REP,Robert R (Bob) Peterson,406
Burke,State Auditor,,REP,write-in,0
Burke,State Auditor Constitution,,CON,write-in,0
Burke,State House,2,DEM,Dorvan Solberg,156
Burke,State House,2,DEM,write-in,4
Burke,State House,2,LIB,write-in,0
Burke,State House,2,REP,Bob Skarphol,355
Burke,State House,2,REP,David S Rust,325
Burke,State House,2,REP,write-in,1
Burke,State Representative District 2 Constitution,,CON,write-in,0
Burke,State Senate,2,DEM,Lynn B Jacobson,150
Burke,State Senate,2,DEM,write-in,0
Burke,State Senate,2,LIB,write-in,0
Burke,State Senate,2,REP,John M Andrist,404
Burke,State Senate,2,REP,write-in,2
Burke,State Senator District 2 Constitution,,CON,write-in,0
Burke,State Treasurer,,DEM,Ross Mushik,142
Burke,State Treasurer,,DEM,write-in,0
Burke,State Treasurer,,LIB,write-in,0
Burke,State Treasurer,,REP,Kelly Schmidt,393
Burke,State Treasurer,,REP,write-in,0
Burke,State Treasurer Constitution,,CON,write-in,0
Burke,Superintendent of Public Instruction,,NON,Kirsten Baesler,144
Burke,Superintendent of Public Instruction,,NON,Max Laird,120
Burke,Superintendent of Public Instruction,,NON,Tracy Potter,122
Burke,Superintendent of Public Instruction,,NON,write-in,1
Burke,U.S. House,1,DEM,Pam Gulleson,143
Burke,U.S. House,1,DEM,write-in,0
Burke,U.S. House,1,LIB,Eric Olson,2
Burke,U.S. House,1,LIB,write-in,0
Burke,U.S. House,1,REP,Brian P Kalk,166
Burke,U.S. House,1,REP,Kevin Cramer,265
Burke,U.S. House,1,REP,write-in,0
Burke,U.S. Senate,,DEM,Heidi Heitkamp,171
Burke,U.S. Senate,,DEM,write-in,0
Burke,U.S. Senate,,LIB,write-in,0
Burke,U.S. Senate,,REP,Duane Sand,108
Burke,U.S. Senate,,REP,Rick Berg,333
Burke,U.S. Senate,,REP,write-in,0
Burke,United States Senator Constitution,,CON,write-in,0
Burleigh,Bismarck Public School District #1 Publication of Minutes Bismarck Public,,,No,4390
Burleigh,Bismarck Public School District #1 Publication of Minutes Bismarck Public,,,Yes,17446
Burleigh,Bismarck Publication of Minutes Bismarck,,,No,3931
Burleigh,Bismarck Publication of Minutes Bismarck,,,Yes,13836
Burleigh,City of Lincoln Publication of Minutes Lincoln,,,No,103
Burleigh,City of Lincoln Publication of Minutes Lincoln,,,Yes,449
Burleigh,City of Regan Publication of Minutes Regan,,,No,4
Burleigh,City of Regan Publication of Minutes Regan,,,Yes,2
Burleigh,City of Wilton Publication of Minutes Wilton,,,No,1
Burleigh,City of Wilton Publication of Minutes Wilton,,,Yes,41
Burleigh,City of Wilton Sales Tax Measure Wilton,,,No,16
Burleigh,City of Wilton Sales Tax Measure Wilton,,,Yes,24
Burleigh,City of Wing Publication of Minutes Wing,,,No,20
Burleigh,City of Wing Publication of Minutes Wing,,,Yes,29
Burleigh,Commissioner Bismarck,,NON,Mike Seminary,11947
Burleigh,Commissioner Bismarck,,NON,Parrell Grossman,11787
Burleigh,Commissioner Bismarck,,NON,write-in,96
Burleigh,Commissioner Wilton,,NON,Joan G Kruckenberg,23
Burleigh,Commissioner Wilton,,NON,LeeAnn Domonoske-Kellar,38
Burleigh,Commissioner Wilton,,NON,write-in,9
Burleigh,Constitutional Measure No. 1: Legislative Assembly Appointments.,,,No,9367
Burleigh,Constitutional Measure No. 1: Legislative Assembly Appointments.,,,Yes,13863
Burleigh,Council Member (Unexpired two-year term) Wing,,NON,Shannon Wilson-Smathers,28
Burleigh,Council Member (Unexpired two-year term) Wing,,NON,write-in,8
Burleigh,Council Member Lincoln,,NON,Daniel Raywalt,145
Burleigh,Council Member Lincoln,,NON,Reed Unterseher,246
Burleigh,Council Member Lincoln,,NON,Steven R Urlacher,319
Burleigh,Council Member Lincoln,,NON,Toni K Sokoloski,190
Burleigh,Council Member Lincoln,,NON,write-in,5
Burleigh,Council Member Regan,,NON,write-in,4
Burleigh,Council Member Wing,,NON,JoyAnn Holsten,29
Burleigh,Council Member Wing,,NON,Larry Kuffler,24
Burleigh,Council Member Wing,,NON,Ronald Dockter,39
Burleigh,Council Member Wing,,NON,write-in,0
Burleigh,County Commissioner Burleigh,,NON,Brian Bitner,12888
Burleigh,County Commissioner Burleigh,,NON,Jerome P (JP) Moszer,7964
Burleigh,County Commissioner Burleigh,,NON,Jerry Woodcox,11888
Burleigh,County Commissioner Burleigh,,NON,write-in,72
Burleigh,"Director, Garrison Diversion Conservancy Burleigh",,NON,Ken W Royse,15959
Burleigh,"Director, Garrison Diversion Conservancy Burleigh",,NON,write-in,32
Burleigh,Governor and Lt. Governor,,DEM,Ryan M Taylor & Ellen Chaffee,5917
Burleigh,Governor and Lt. Governor,,DEM,write-in,7
Burleigh,Governor and Lt. Governor,,LIB,Roland Riemers,91
Burleigh,Governor and Lt. Governor,,LIB,write-in,2
Burleigh,Governor and Lt. Governor,,REP,Jack Dalrymple & Drew Wrigley,15067
Burleigh,Governor and Lt. Governor,,REP,write-in,68
Burleigh,Governor and Lt. Governor Constitution,,CON,write-in,7
Burleigh,Initiated Constitutional Measure No. 2: Relating to Elimination of Property Taxes and Replacement of Lost Revenue.,,,No,18868
Burleigh,Initiated Constitutional Measure No. 2: Relating to Elimination of Property Taxes and Replacement of Lost Revenue.,,,Yes,5784
Burleigh,Initiated Constitutional Measure No. 3: Relating to Government Prohibited from Burdening the Exercise of Religious Liberty.,,,No,15884
Burleigh,Initiated Constitutional Measure No. 3: Relating to Government Prohibited from Burdening the Exercise of Religious Liberty.,,,Yes,8407
Burleigh,Insurance Commissioner,,DEM,Tom Potter,5689
Burleigh,Insurance Commissioner,,DEM,write-in,6
Burleigh,Insurance Commissioner,,LIB,write-in,11
Burleigh,Insurance Commissioner,,REP,Adam Hamm,14214
Burleigh,Insurance Commissioner,,REP,write-in,29
Burleigh,Insurance Commissioner Constitution,,CON,write-in,6
Burleigh,Judge of the District Court No. 4 South Central,,NON,Bruce B Haskell,16179
Burleigh,Judge of the District Court No. 4 South Central,,NON,write-in,55
Burleigh,Judge of the District Court No. 9 South Central,,NON,Bruce A Romanick,16974
Burleigh,Judge of the District Court No. 9 South Central,,NON,write-in,43
Burleigh,Justice of the Supreme Court,,NON,Daniel J Crothers,15528
Burleigh,Justice of the Supreme Court,,NON,write-in,45
Burleigh,Mayor Lincoln,,NON,Robert W Johnston,427
Burleigh,Mayor Lincoln,,NON,write-in,11
Burleigh,Mayor Regan,,NON,write-in,2
Burleigh,Municipal Judge Bismarck,,NON,William C Severin,13045
Burleigh,Municipal Judge Bismarck,,NON,write-in,28
Burleigh,Municipal Judge Lincoln,,NON,Charles R Isakson,417
Burleigh,Municipal Judge Lincoln,,NON,write-in,3
Burleigh,Municipal Judge Wilton,,NON,Jeffrey J Hruby,40
Burleigh,Municipal Judge Wilton,,NON,write-in,0
Burleigh,Park Board Member Bismarck,,NON,Brian Beattie,9711
Burleigh,Park Board Member Bismarck,,NON,Patrick Kellar,7245
Burleigh,Park Board Member Bismarck,,NON,Wayne Munson,7882
Burleigh,Park Board Member Bismarck,,NON,write-in,64
Burleigh,Park Board Member Lincoln,,NON,Dan Cox,287
Burleigh,Park Board Member Lincoln,,NON,Don Shuler,312
Burleigh,Park Board Member Lincoln,,NON,Lana K Bernhardt,281
Burleigh,Park Board Member Lincoln,,NON,Michelle L Zimney,302
Burleigh,Park Board Member Lincoln,,NON,write-in,4
Burleigh,Park Board Member Wilton,,NON,write-in,18
Burleigh,Public Service Commissioner,,DEM,Brad Crabtree,5731
Burleigh,Public Service Commissioner,,DEM,write-in,7
Burleigh,Public Service Commissioner,,LIB,Joshua Voytek,91
Burleigh,Public Service Commissioner,,LIB,write-in,2
Burleigh,Public Service Commissioner,,REP,Randy Christmann,13959
Burleigh,Public Service Commissioner,,REP,write-in,38
Burleigh,Public Service Commissioner Constitution,,CON,write-in,6
Burleigh,Referendum Measure No. 4: Relating to University of North Dakota Athletic Nickname and Logo.,,,No,6903
Burleigh,Referendum Measure No. 4: Relating to University of North Dakota Athletic Nickname and Logo.,,,Yes,17273
Burleigh,Representative in Congress Constitution,,CON,write-in,6
Burleigh,Sales Use & Tax Administrator Wilton,,NON,Paul Schauer,34
Burleigh,Sales Use & Tax Administrator Wilton,,NON,Richard L Hausauer,31
Burleigh,Sales Use & Tax Administrator Wilton,,NON,write-in,1
Burleigh,School Board Member Bismarck Public,,NON,Heide Delorme,13440
Burleigh,School Board Member Bismarck Public,,NON,Lawrence King,13569
Burleigh,School Board Member Bismarck Public,,NON,write-in,61
Burleigh,State Auditor,,DEM,Scot Kelsh,5685
Burleigh,State Auditor,,DEM,write-in,7
Burleigh,State Auditor,,LIB,write-in,11
Burleigh,State Auditor,,REP,Robert R (Bob) Peterson,14066
Burleigh,State Auditor,,REP,write-in,20
Burleigh,State Auditor Constitution,,CON,write-in,6
Burleigh,State House,28,DEM,Austin Wald,109
Burleigh,State House,28,DEM,Joan M Hoffman,113
Burleigh,State House,28,DEM,write-in,0
Burleigh,State House,28,LIB,write-in,0
Burleigh,State House,28,REP,Barton Schott,95
Burleigh,State House,28,REP,Jeffery J Magrum,192
Burleigh,State House,28,REP,Michael D Brandenburg,179
Burleigh,State House,28,REP,William E Kretschmar,133
Burleigh,State House,28,REP,write-in,0
Burleigh,State House,30,DEM,Daphne Ghorbani,752
Burleigh,State House,30,DEM,Tom Decker,835
Burleigh,State House,30,DEM,write-in,2
Burleigh,State House,30,LIB,write-in,3
Burleigh,State House,30,REP,Diane Larson,1652
Burleigh,State House,30,REP,Mike Nathe,1764
Burleigh,State House,30,REP,write-in,6
Burleigh,State House,32,DEM,Jim Unkenholz,840
Burleigh,State House,32,DEM,Wade Schemmel,832
Burleigh,State House,32,DEM,write-in,1
Burleigh,State House,32,LIB,write-in,3
Burleigh,State House,32,REP,Lisa Meier,1634
Burleigh,State House,32,REP,Mark A Dosch,1710
Burleigh,State House,32,REP,write-in,14
Burleigh,State House,7,DEM,Tom Kelsh,791
Burleigh,State House,7,DEM,Warren D Larson,748
Burleigh,State House,7,DEM,write-in,0
Burleigh,State House,7,LIB,write-in,4
Burleigh,State House,7,REP,Jason Dockter,1951
Burleigh,State House,7,REP,Rick Becker,1871
Burleigh,State House,7,REP,write-in,7
Burleigh,State House,8,DEM,Casey D Buchmann,381
Burleigh,State House,8,DEM,Tanya Stebbins,404
Burleigh,State House,8,DEM,write-in,3
Burleigh,State House,8,LIB,write-in,1
Burleigh,State House,8,REP,Jeff Delzer,1123
Burleigh,State House,8,REP,Vernon Laning,895
Burleigh,State House,8,REP,write-in,4
Burleigh,State Representative District 28 Constitution,,CON,write-in,0
Burleigh,State Representative District 30 Constitution,,CON,write-in,0
Burleigh,State Representative District 32 Constitution,,CON,write-in,0
Burleigh,State Representative District 7 Constitution,,CON,write-in,0
Burleigh,State Representative District 8 Constitution,,CON,write-in,2
Burleigh,State Senate,28,DEM,Greg Brokaw,129
Burleigh,State Senate,28,DEM,write-in,0
Burleigh,State Senate,28,LIB,write-in,0
Burleigh,State Senate,28,REP,Robert S Erbele,350
Burleigh,State Senate,28,REP,write-in,0
Burleigh,State Senate,30,DEM,Nancy Guy,954
Burleigh,State Senate,30,DEM,write-in,0
Burleigh,State Senate,30,LIB,write-in,2
Burleigh,State Senate,30,REP,Ron Carlisle,2106
Burleigh,State Senate,30,REP,write-in,7
Burleigh,State Senate,32,DEM,Wanda Rose,980
Burleigh,State Senate,32,DEM,write-in,0
Burleigh,State Senate,32,LIB,write-in,1
Burleigh,State Senate,32,REP,Dick Dever,1925
Burleigh,State Senate,32,REP,write-in,9
Burleigh,State Senate,7,DEM,Warren Emmer,883
Burleigh,State Senate,7,DEM,write-in,2
Burleigh,State Senate,7,LIB,write-in,2
Burleigh,State Senate,7,REP,Nicole Poolman,2329
Burleigh,State Senate,7,REP,write-in,10
Burleigh,State Senate,8,DEM,Cole Uecker,449
Burleigh,State Senate,8,DEM,write-in,1
Burleigh,State Senate,8,LIB,write-in,1
Burleigh,State Senate,8,REP,Howard C Anderson Jr,1253
Burleigh,State Senate,8,REP,write-in,4
Burleigh,State Senator District 28 Constitution,,CON,write-in,0
Burleigh,State Senator District 30 Constitution,,CON,write-in,1
Burleigh,State Senator District 32 Constitution,,CON,write-in,0
Burleigh,State Senator District 7 Constitution,,CON,write-in,0
Burleigh,State Senator District 8 Constitution,,CON,write-in,1
Burleigh,State Treasurer,,DEM,Ross Mushik,5666
Burleigh,State Treasurer,,DEM,write-in,6
Burleigh,State Treasurer,,LIB,write-in,11
Burleigh,State Treasurer,,REP,Kelly Schmidt,13953
Burleigh,State Treasurer,,REP,write-in,27
Burleigh,State Treasurer Constitution,,CON,write-in,5
Burleigh,Superintendent of Public Instruction,,NON,Kirsten Baesler,7336
Burleigh,Superintendent of Public Instruction,,NON,Max Laird,4214
Burleigh,Superintendent of Public Instruction,,NON,Tracy Potter,4728
Burleigh,Superintendent of Public Instruction,,NON,write-in,25
Burleigh,U.S. House,1,DEM,Pam Gulleson,5897
Burleigh,U.S. House,1,DEM,write-in,7
Burleigh,U.S. House,1,LIB,Eric Olson,91
Burleigh,U.S. House,1,LIB,write-in,2
Burleigh,U.S. House,1,REP,Brian P Kalk,7141
Burleigh,U.S. House,1,REP,Kevin Cramer,8878
Burleigh,U.S. House,1,REP,write-in,21
Burleigh,U.S. Senate,,DEM,Heidi Heitkamp,6494
Burleigh,U.S. Senate,,DEM,write-in,11
Burleigh,U.S. Senate,,LIB,write-in,18
Burleigh,U.S. Senate,,REP,Duane Sand,5967
Burleigh,U.S. Senate,,REP,Rick Berg,10146
Burleigh,U.S. Senate,,REP,write-in,21
Burleigh,United States Senator Constitution,,CON,write-in,8
Cass,City Measure 1 Alice,,,No,13
Cass,City Measure 1 Alice,,,Yes,4
Cass,City Measure 1 Davenport,,,No,31
Cass,City Measure 1 Davenport,,,Yes,36
Cass,City Measure 1 Fargo,,,No,8681
Cass,City Measure 1 Fargo,,,Yes,13183
Cass,City Measure 2 Mapleton,,,No,109
Cass,City Measure 2 Mapleton,,,Yes,62
Cass,Commissioner Fargo,,NON,Anthony Gehrig,3868
Cass,Commissioner Fargo,,NON,Dave Piepkorn,9740
Cass,Commissioner Fargo,,NON,Melissa Sobolik,10869
Cass,Commissioner Fargo,,NON,Mike Williams,10535
Cass,Commissioner Fargo,,NON,write-in,40
Cass,Commissioner West Fargo,,NON,Mark Simmons,2734
Cass,Commissioner West Fargo,,NON,Mike Thorstad,3424
Cass,Commissioner West Fargo,,NON,Peter Karl,915
Cass,Commissioner West Fargo,,NON,write-in,20
Cass,Constitutional Measure No. 1: Legislative Assembly Appointments.,,,No,11950
Cass,Constitutional Measure No. 1: Legislative Assembly Appointments.,,,Yes,19334
Cass,Council Member Alice,,NON,Brandon Langer,6
Cass,Council Member Alice,,NON,Jonathan Anderson,15
Cass,Council Member Alice,,NON,write-in,0
Cass,Council Member Amenia,,NON,Kinney Idso,19
Cass,Council Member Amenia,,NON,write-in,8
Cass,Council Member Argusville,,NON,Randy Teberg,93
Cass,Council Member Argusville,,NON,Rodney Ray Clouse,88
Cass,Council Member Argusville,,NON,write-in,2
Cass,Council Member Arthur,,NON,Mari Quittschreiber,60
Cass,Council Member Arthur,,NON,Scott Kroeger,71
Cass,Council Member Arthur,,NON,Tim Iwen,76
Cass,Council Member Arthur,,NON,write-in,1
Cass,Council Member Ayr,,NON,Candi Wills,6
Cass,Council Member Ayr,,NON,Frank D Mullen,5
Cass,Council Member Ayr,,NON,write-in,0
Cass,Council Member Briarwood,,NON,"Matthew ""Dan"" Butler",18
Cass,Council Member Briarwood,,NON,Paul Giauque,17
Cass,Council Member Briarwood,,NON,write-in,5
Cass,Council Member Buffalo,,NON,write-in,163
Cass,Council Member Casselton,,NON,Char Gust,233
Cass,Council Member Casselton,,NON,Joan Carvell,423
Cass,Council Member Casselton,,NON,Lee Anderson,412
Cass,Council Member Casselton,,NON,Mike Eberhardt,389
Cass,Council Member Casselton,,NON,write-in,3
Cass,Council Member Davenport,,NON,Anthony Davis,45
Cass,Council Member Davenport,,NON,Dale Leslie,45
Cass,Council Member Davenport,,NON,write-in,4
Cass,Council Member Frontier,,NON,Benjamin (BJ) Blanchette,45
Cass,Council Member Frontier,,NON,Gayle Anderson,44
Cass,Council Member Frontier,,NON,Jerry Meier,41
Cass,Council Member Frontier,,NON,write-in,12
Cass,Council Member Gardner,,NON,write-in,18
Cass,Council Member Grandin,,NON,Gregory Winterquist,9
Cass,Council Member Grandin,,NON,Lee Leines,23
Cass,Council Member Grandin,,NON,Marjorie Branden,11
Cass,Council Member Grandin,,NON,Paul Nelson,12
Cass,Council Member Grandin,,NON,Scott Hanson,10
Cass,Council Member Grandin,,NON,write-in,1
Cass,Council Member Harwood,,NON,Jennifer Spiesz,105
Cass,Council Member Harwood,,NON,Lori Peyerl,135
Cass,Council Member Harwood,,NON,Ron Mack,146
Cass,Council Member Harwood,,NON,write-in,12
Cass,Council Member Horace,,NON,Grant Allex,130
Cass,Council Member Horace,,NON,Laura Cullen,239
Cass,Council Member Horace,,NON,Robert Hoffman,343
Cass,Council Member Horace,,NON,Sharon Hochhalter,311
Cass,Council Member Horace,,NON,write-in,2
Cass,Council Member Hunter,,NON,Steve Porter,82
Cass,Council Member Hunter,,NON,Tony Murch,72
Cass,Council Member Hunter,,NON,write-in,1
Cass,Council Member Kindred,,NON,Julie Rankin,122
Cass,Council Member Kindred,,NON,Robert Clarke,103
Cass,Council Member Kindred,,NON,write-in,35
Cass,Council Member Leonard,,NON,Matt Hahn,30
Cass,Council Member Leonard,,NON,Tim Anderson,39
Cass,Council Member Leonard,,NON,write-in,5
Cass,Council Member Mapleton,,NON,Barry Lund,70
Cass,Council Member Mapleton,,NON,Larry Dell,66
Cass,Council Member Mapleton,,NON,Tom Pederson,83
Cass,Council Member Mapleton,,NON,write-in,15
Cass,Council Member North River,,NON,Carla St. Germain,18
Cass,Council Member North River,,NON,Charles Peterson,20
Cass,Council Member North River,,NON,write-in,12
Cass,Council Member Oxbow,,NON,Daniel (DJ) Rieger,94
Cass,Council Member Oxbow,,NON,Paul D Nelson,107
Cass,Council Member Oxbow,,NON,write-in,8
Cass,Council Member Page,,NON,"James ""Jim"" Heidorn",26
Cass,Council Member Page,,NON,Justin Dahl,24
Cass,Council Member Page,,NON,Keith Haas,4
Cass,Council Member Page,,NON,Tanya Ferguson,15
Cass,Council Member Page,,NON,"Thomas ""Tom"" Atkinson",48
Cass,Council Member Page,,NON,write-in,2
Cass,Council Member Prairie Rose,,NON,Greg Holman,17
Cass,Council Member Prairie Rose,,NON,Rick Callens,20
Cass,Council Member Prairie Rose,,NON,write-in,0
Cass,Council Member Reiles Acres,,NON,Steve Winterquist,121
Cass,Council Member Reiles Acres,,NON,write-in,95
Cass,Council Member Tower City,,NON,Marlyn Halland,49
Cass,Council Member Tower City,,NON,Theresa Tallackson,43
Cass,Council Member Tower City,,NON,write-in,68
Cass,Council Member Unexpired Term Ayr,,NON,Gary Krueger,6
Cass,Council Member Unexpired Term Ayr,,NON,Gerald Wheeler,6
Cass,Council Member Unexpired Term Ayr,,NON,write-in,0
Cass,Council Member Unexpired Term Mapleton,,NON,Carlita Dietz,92
Cass,Council Member Unexpired Term Mapleton,,NON,write-in,19
Cass,Council Member Unexpired Term Tower City,,NON,write-in,64
Cass,County Commissioner Cass - Comm District 1,,NON,Billy Nustad,3897
Cass,County Commissioner Cass - Comm District 1,,NON,Chad M Peterson,4694
Cass,County Commissioner Cass - Comm District 1,,NON,Frank Edwin Anderson,2776
Cass,County Commissioner Cass - Comm District 1,,NON,Rocky Schneider,5493
Cass,County Commissioner Cass - Comm District 1,,NON,Steven Sprague,4497
Cass,County Commissioner Cass - Comm District 1,,NON,write-in,76
Cass,County Commissioner Cass - Comm District 3,,NON,Ken Pawluk,19879
Cass,County Commissioner Cass - Comm District 3,,NON,write-in,112
Cass,County Commissioner Cass - Comm District 5,,NON,Brandy L Pyle,3577
Cass,County Commissioner Cass - Comm District 5,,NON,Craig Hakanson,2207
Cass,County Commissioner Cass - Comm District 5,,NON,Earl Erdmann,2460
Cass,County Commissioner Cass - Comm District 5,,NON,Mark Weston,2806
Cass,County Commissioner Cass - Comm District 5,,NON,Marty Johnson,1778
Cass,County Commissioner Cass - Comm District 5,,NON,Mary Scherling,5133
Cass,County Commissioner Cass - Comm District 5,,NON,Mike Bice,2384
Cass,County Commissioner Cass - Comm District 5,,NON,write-in,69
Cass,Governor and Lt. Governor,,DEM,Ryan M Taylor & Ellen Chaffee,11553
Cass,Governor and Lt. Governor,,DEM,write-in,20
Cass,Governor and Lt. Governor,,LIB,Roland Riemers,144
Cass,Governor and Lt. Governor,,LIB,write-in,2
Cass,Governor and Lt. Governor,,REP,Jack Dalrymple & Drew Wrigley,17386
Cass,Governor and Lt. Governor,,REP,write-in,114
Cass,Governor and Lt. Governor Constitution,,CON,write-in,11
Cass,Initiated Constitutional Measure No. 2: Relating to Elimination of Property Taxes and Replacement of Lost Revenue.,,,No,25016
Cass,Initiated Constitutional Measure No. 2: Relating to Elimination of Property Taxes and Replacement of Lost Revenue.,,,Yes,8257
Cass,Initiated Constitutional Measure No. 3: Relating to Government Prohibited from Burdening the Exercise of Religious Liberty.,,,No,23745
Cass,Initiated Constitutional Measure No. 3: Relating to Government Prohibited from Burdening the Exercise of Religious Liberty.,,,Yes,9140
Cass,Insurance Commissioner,,DEM,Tom Potter,11263
Cass,Insurance Commissioner,,DEM,write-in,15
Cass,Insurance Commissioner,,LIB,write-in,15
Cass,Insurance Commissioner,,REP,Adam Hamm,16327
Cass,Insurance Commissioner,,REP,write-in,71
Cass,Insurance Commissioner Constitution,,CON,write-in,9
Cass,Judge of the District Court No. 6 Unexpired Term East Central,,NON,Lisa Fair McEvers,20992
Cass,Judge of the District Court No. 6 Unexpired Term East Central,,NON,write-in,87
Cass,Judge of the District Court No. 8 East Central,,NON,John C Irby,21145
Cass,Judge of the District Court No. 8 East Central,,NON,write-in,86
Cass,Justice of the Supreme Court,,NON,Daniel J Crothers,21182
Cass,Justice of the Supreme Court,,NON,write-in,90
Cass,Mayor Alice,,NON,Daniel Lund,21
Cass,Mayor Alice,,NON,write-in,1
Cass,Mayor Arthur,,NON,Steve Perry,105
Cass,Mayor Arthur,,NON,write-in,2
Cass,Mayor Ayr,,NON,Terry Wills,6
Cass,Mayor Ayr,,NON,write-in,0
Cass,Mayor Harwood,,NON,Bill Rohrich,138
Cass,Mayor Harwood,,NON,Brad Hansen,83
Cass,Mayor Harwood,,NON,write-in,2
Cass,Mayor Horace,,NON,Robyn Sorum,276
Cass,Mayor Horace,,NON,Shane Walock,369
Cass,Mayor Horace,,NON,write-in,1
Cass,Mayor Hunter,,NON,Ben Olson,57
Cass,Mayor Hunter,,NON,Russ Stabler,36
Cass,Mayor Hunter,,NON,write-in,1
Cass,Mayor Leonard,,NON,write-in,25
Cass,Mayor Mapleton,,NON,Eric Hillman,101
Cass,Mayor Mapleton,,NON,write-in,31
Cass,Mayor Page,,NON,Shane R Larck,53
Cass,Mayor Page,,NON,write-in,2
Cass,Mayor Reiles Acres,,NON,Jefferson Bey,112
Cass,Mayor Reiles Acres,,NON,write-in,40
Cass,Mayor Tower City,,NON,Scott Salberg,64
Cass,Mayor Tower City,,NON,write-in,12
Cass,Mayor Unexpired Term Argusville,,NON,Gary H Tandsater,101
Cass,Mayor Unexpired Term Argusville,,NON,write-in,4
Cass,Municipal Judge Davenport,,NON,Susan L Bailey,49
Cass,Municipal Judge Davenport,,NON,write-in,2
Cass,Municipal Judge Fargo,,NON,Steve Dawson,15631
Cass,Municipal Judge Fargo,,NON,write-in,80
Cass,Municipal Judge Reiles Acres,,NON,write-in,8
Cass,PUBLICATION OF CITY COMMISSION MINUTES Fargo,,,No,3642
Cass,PUBLICATION OF CITY COMMISSION MINUTES Fargo,,,Yes,17634
Cass,PUBLICATION OF CITY COMMISSION MINUTES West Fargo,,,No,626
Cass,PUBLICATION OF CITY COMMISSION MINUTES West Fargo,,,Yes,4664
Cass,PUBLICATION OF CITY COUNCIL MINUTES Alice,,,No,6
Cass,PUBLICATION OF CITY COUNCIL MINUTES Alice,,,Yes,11
Cass,PUBLICATION OF CITY COUNCIL MINUTES Amenia,,,No,8
Cass,PUBLICATION OF CITY COUNCIL MINUTES Amenia,,,Yes,12
Cass,PUBLICATION OF CITY COUNCIL MINUTES Argusville,,,No,21
Cass,PUBLICATION OF CITY COUNCIL MINUTES Argusville,,,Yes,96
Cass,PUBLICATION OF CITY COUNCIL MINUTES Arthur,,,No,28
Cass,PUBLICATION OF CITY COUNCIL MINUTES Arthur,,,Yes,86
Cass,PUBLICATION OF CITY COUNCIL MINUTES Ayr,,,No,4
Cass,PUBLICATION OF CITY COUNCIL MINUTES Ayr,,,Yes,4
Cass,PUBLICATION OF CITY COUNCIL MINUTES Briarwood,,,No,1
Cass,PUBLICATION OF CITY COUNCIL MINUTES Briarwood,,,Yes,20
Cass,PUBLICATION OF CITY COUNCIL MINUTES Buffalo,,,No,8
Cass,PUBLICATION OF CITY COUNCIL MINUTES Buffalo,,,Yes,65
Cass,PUBLICATION OF CITY COUNCIL MINUTES Casselton,,,No,27
Cass,PUBLICATION OF CITY COUNCIL MINUTES Casselton,,,Yes,577
Cass,PUBLICATION OF CITY COUNCIL MINUTES Davenport,,,No,14
Cass,PUBLICATION OF CITY COUNCIL MINUTES Davenport,,,Yes,54
Cass,PUBLICATION OF CITY COUNCIL MINUTES Frontier,,,No,12
Cass,PUBLICATION OF CITY COUNCIL MINUTES Frontier,,,Yes,66
Cass,PUBLICATION OF CITY COUNCIL MINUTES Gardner,,,No,3
Cass,PUBLICATION OF CITY COUNCIL MINUTES Gardner,,,Yes,15
Cass,PUBLICATION OF CITY COUNCIL MINUTES Grandin,,,No,7
Cass,PUBLICATION OF CITY COUNCIL MINUTES Grandin,,,Yes,31
Cass,PUBLICATION OF CITY COUNCIL MINUTES Harwood,,,No,33
Cass,PUBLICATION OF CITY COUNCIL MINUTES Harwood,,,Yes,190
Cass,PUBLICATION OF CITY COUNCIL MINUTES Horace,,,No,57
Cass,PUBLICATION OF CITY COUNCIL MINUTES Horace,,,Yes,596
Cass,PUBLICATION OF CITY COUNCIL MINUTES Hunter,,,No,8
Cass,PUBLICATION OF CITY COUNCIL MINUTES Hunter,,,Yes,81
Cass,PUBLICATION OF CITY COUNCIL MINUTES Kindred,,,No,15
Cass,PUBLICATION OF CITY COUNCIL MINUTES Kindred,,,Yes,157
Cass,PUBLICATION OF CITY COUNCIL MINUTES Leonard,,,No,4
Cass,PUBLICATION OF CITY COUNCIL MINUTES Leonard,,,Yes,45
Cass,PUBLICATION OF CITY COUNCIL MINUTES Mapleton,,,No,30
Cass,PUBLICATION OF CITY COUNCIL MINUTES Mapleton,,,Yes,138
Cass,PUBLICATION OF CITY COUNCIL MINUTES North River,,,No,14
Cass,PUBLICATION OF CITY COUNCIL MINUTES North River,,,Yes,16
Cass,PUBLICATION OF CITY COUNCIL MINUTES Oxbow,,,No,34
Cass,PUBLICATION OF CITY COUNCIL MINUTES Oxbow,,,Yes,90
Cass,PUBLICATION OF CITY COUNCIL MINUTES Page,,,No,8
Cass,PUBLICATION OF CITY COUNCIL MINUTES Page,,,Yes,57
Cass,PUBLICATION OF CITY COUNCIL MINUTES Prairie Rose,,,No,8
Cass,PUBLICATION OF CITY COUNCIL MINUTES Prairie Rose,,,Yes,13
Cass,PUBLICATION OF CITY COUNCIL MINUTES Reiles Acres,,,No,24
Cass,PUBLICATION OF CITY COUNCIL MINUTES Reiles Acres,,,Yes,131
Cass,PUBLICATION OF CITY COUNCIL MINUTES Tower City,,,No,14
Cass,PUBLICATION OF CITY COUNCIL MINUTES Tower City,,,Yes,48
Cass,Park Board Member Argusville Park,,NON,Heather Hovland,88
Cass,Park Board Member Argusville Park,,NON,Tamara Tandsater,97
Cass,Park Board Member Argusville Park,,NON,write-in,1
Cass,Park Board Member Arthur Park,,NON,Bryan Strommen,90
Cass,Park Board Member Arthur Park,,NON,Dale Shields,99
Cass,Park Board Member Arthur Park,,NON,Michelle Nelson,91
Cass,Park Board Member Arthur Park,,NON,write-in,1
Cass,Park Board Member Buffalo Park,,NON,Bill Marcks,62
Cass,Park Board Member Buffalo Park,,NON,Jodi Combs,65
Cass,Park Board Member Buffalo Park,,NON,write-in,10
Cass,Park Board Member Casselton Park,,NON,Brent Ham,455
Cass,Park Board Member Casselton Park,,NON,Mike Utt,490
Cass,Park Board Member Casselton Park,,NON,write-in,6
Cass,Park Board Member Davenport Park,,NON,Lisa Hosman-Davis,46
Cass,Park Board Member Davenport Park,,NON,Steven Hans,48
Cass,Park Board Member Davenport Park,,NON,write-in,28
Cass,Park Board Member Harwood Park,,NON,Pete Meyer,178
Cass,Park Board Member Harwood Park,,NON,Sara Hilde,179
Cass,Park Board Member Harwood Park,,NON,write-in,2
Cass,Park Board Member Horace Park,,NON,Chad Urness,435
Cass,Park Board Member Horace Park,,NON,Wade Frank,402
Cass,Park Board Member Horace Park,,NON,write-in,59
Cass,Park Board Member Hunter Park,,NON,Bridgette Readel,78
Cass,Park Board Member Hunter Park,,NON,Jennifer Brayton,73
Cass,Park Board Member Hunter Park,,NON,Shari Murray,68
Cass,Park Board Member Hunter Park,,NON,write-in,0
Cass,Park Board Member Kindred Park,,NON,Gene Thompson,131
Cass,Park Board Member Kindred Park,,NON,Kimbra Amerman,129
Cass,Park Board Member Kindred Park,,NON,write-in,27
Cass,Park Board Member Leonard Park,,NON,write-in,16
Cass,Park Board Member Mapleton Park,,NON,write-in,30
Cass,Park Board Member Oxbow Park,,NON,write-in,21
Cass,Park Board Member Unexpired Term Argusville Park,,NON,write-in,18
Cass,Park Board Member Unexpired Two Year Term Buffalo Park,,NON,write-in,11
Cass,Park Board Member Unexpired Two Year Term Kindred Park,,NON,write-in,23
Cass,Park Board Member West Fargo Park,,NON,Kathy Scully,2860
Cass,Park Board Member West Fargo Park,,NON,Kenneth J Zetocha,1618
Cass,Park Board Member West Fargo Park,,NON,Todd Rheault,2660
Cass,Park Board Member West Fargo Park,,NON,write-in,12
Cass,Park Commissioner Fargo Park,,NON,Barb Johnson,9587
Cass,Park Commissioner Fargo Park,,NON,Dan Dumas,3387
Cass,Park Commissioner Fargo Park,,NON,Joel Vettel,11373
Cass,Park Commissioner Fargo Park,,NON,Ryan Bergseth,5483
Cass,Park Commissioner Fargo Park,,NON,write-in,50
Cass,Public Service Commissioner,,DEM,Brad Crabtree,11247
Cass,Public Service Commissioner,,DEM,write-in,20
Cass,Public Service Commissioner,,LIB,Joshua Voytek,139
Cass,Public Service Commissioner,,LIB,write-in,2
Cass,Public Service Commissioner,,REP,Randy Christmann,15993
Cass,Public Service Commissioner,,REP,write-in,53
Cass,Public Service Commissioner Constitution,,CON,write-in,9
Cass,Publication of Governing Body Minutes West Fargo School Dist #6,,,No,1128
Cass,Publication of Governing Body Minutes West Fargo School Dist #6,,,Yes,7734
Cass,Referendum Measure No. 4: Relating to University of North Dakota Athletic Nickname and Logo.,,,No,8667
Cass,Referendum Measure No. 4: Relating to University of North Dakota Athletic Nickname and Logo.,,,Yes,24150
Cass,Representative in Congress Constitution,,CON,write-in,11
Cass,School Board Member Area #1 Northern Cass School Dist #97,,NON,Bart Marvel,486
Cass,School Board Member Area #1 Northern Cass School Dist #97,,NON,write-in,3
Cass,School Board Member Area #6 Northern Cass School Dist #97,,NON,Susie McDonald,477
Cass,School Board Member Area #6 Northern Cass School Dist #97,,NON,write-in,2
Cass,School Board Member City Central Cass School #17,,NON,Lincoln Nybladh,437
Cass,School Board Member City Central Cass School #17,,NON,Tristin D Frank,356
Cass,School Board Member City Central Cass School #17,,NON,write-in,11
Cass,School Board Member Fargo School District #1,,NON,Brandi Malarkey,3387
Cass,School Board Member Fargo School District #1,,NON,David Gibb III,4045
Cass,School Board Member Fargo School District #1,,NON,J J Gordon,1976
Cass,School Board Member Fargo School District #1,,NON,"James ""Jim"" Ebsen",4156
Cass,School Board Member Fargo School District #1,,NON,Jim Johnson,5918
Cass,School Board Member Fargo School District #1,,NON,John Strand,8250
Cass,School Board Member Fargo School District #1,,NON,Jordan Franzen,2974
Cass,School Board Member Fargo School District #1,,NON,Lillian Jones,3929
Cass,School Board Member Fargo School District #1,,NON,Marty Livingood,3613
Cass,School Board Member Fargo School District #1,,NON,Paul Meyers,6579
Cass,School Board Member Fargo School District #1,,NON,Robin Nelson,7954
Cass,School Board Member Fargo School District #1,,NON,write-in,93
Cass,School Board Member Northwest Area #3 Central Cass School #17,,NON,write-in,141
Cass,School Board Member Southwest Area #1 Central Cass School #17,,NON,Deb Roesler,731
Cass,School Board Member Southwest Area #1 Central Cass School #17,,NON,write-in,6
Cass,School Board Member West Fargo School Dist #6,,NON,Gail Flom,3002
Cass,School Board Member West Fargo School Dist #6,,NON,Jeff Shirley,3676
Cass,School Board Member West Fargo School Dist #6,,NON,Kay Kiefer,3786
Cass,School Board Member West Fargo School Dist #6,,NON,Patti F Stedman,3351
Cass,School Board Member West Fargo School Dist #6,,NON,Shelley Treib,2258
Cass,School Board Member West Fargo School Dist #6,,NON,write-in,48
Cass,School District Measure 1 Fargo School District #1,,,No,3262
Cass,School District Measure 1 Fargo School District #1,,,Yes,16329
Cass,State Auditor,,DEM,Scot Kelsh,11348
Cass,State Auditor,,DEM,write-in,21
Cass,State Auditor,,LIB,write-in,16
Cass,State Auditor,,REP,Robert R (Bob) Peterson,16277
Cass,State Auditor,,REP,write-in,30
Cass,State Auditor Constitution,,CON,write-in,9
Cass,State House,16,DEM,Ben Hanson,559
Cass,State House,16,DEM,Mike Lindemann,611
Cass,State House,16,DEM,write-in,4
Cass,State House,16,LIB,write-in,1
Cass,State House,16,REP,Ben Koppelman,810
Cass,State House,16,REP,Mark Puppe,605
Cass,State House,16,REP,write-in,12
Cass,State House,20,DEM,Gail Mooney,68
Cass,State House,20,DEM,Rick Holman,72
Cass,State House,20,DEM,write-in,0
Cass,State House,20,LIB,write-in,0
Cass,State House,20,REP,write-in,7
Cass,State House,22,DEM,Allan Peterson,1114
Cass,State House,22,DEM,write-in,6
Cass,State House,22,LIB,write-in,2
Cass,State House,22,REP,Peter F Silbernagel,1501
Cass,State House,22,REP,Wesley R Belter,1640
Cass,State House,22,REP,write-in,13
Cass,State House,24,DEM,Naomi T Muscha,104
Cass,State House,24,DEM,Sharon E Buhr,86
Cass,State House,24,DEM,write-in,0
Cass,State House,24,LIB,write-in,0
Cass,State House,24,REP,Dwight Kiefert,109
Cass,State House,24,REP,Myrene Peterson,114
Cass,State House,24,REP,write-in,2
Cass,State House,44,DEM,Bob Jansen,1340
Cass,State House,44,DEM,Joshua A Boschee,1415
Cass,State House,44,DEM,write-in,3
Cass,State House,44,LIB,write-in,6
Cass,State House,44,REP,Blair Thoreson,1478
Cass,State House,44,REP,Donald L Clark,1463
Cass,State House,44,REP,write-in,14
Cass,State House,46,DEM,Diane R Hill,1104
Cass,State House,46,DEM,Lee Myxter,960
Cass,State House,46,DEM,write-in,3
Cass,State House,46,LIB,write-in,3
Cass,State House,46,REP,Jim Kasper,1690
Cass,State House,46,REP,Kathy Hawken,1623
Cass,State House,46,REP,write-in,18
Cass,State Representative District 16 Constitution,,CON,write-in,0
Cass,State Representative District 20 Constitution,,CON,write-in,0
Cass,State Representative District 22 Constitution,,CON,write-in,3
Cass,State Representative District 24 Constitution,,CON,write-in,0
Cass,State Representative District 44 Constitution,,CON,write-in,0
Cass,State Representative District 46 Constitution,,CON,write-in,0
Cass,State Senate,16,DEM,Tyler Axness,694
Cass,State Senate,16,DEM,write-in,1
Cass,State Senate,16,LIB,write-in,1
Cass,State Senate,16,REP,David Duff,912
Cass,State Senate,16,REP,write-in,5
Cass,State Senate,20,DEM,Phil Murphy,80
Cass,State Senate,20,DEM,write-in,0
Cass,State Senate,20,LIB,write-in,0
Cass,State Senate,20,REP,write-in,8
Cass,State Senate,22,DEM,Jessica Arneson,1114
Cass,State Senate,22,DEM,write-in,0
Cass,State Senate,22,LIB,write-in,1
Cass,State Senate,22,REP,Gary A Lee,2049
Cass,State Senate,22,REP,write-in,11
Cass,State Senate,24,DEM,Larry J Robinson,115
Cass,State Senate,24,DEM,write-in,0
Cass,State Senate,24,LIB,write-in,0
Cass,State Senate,24,REP,Keith E Hovland,151
Cass,State Senate,24,REP,write-in,0
Cass,State Senate,44,DEM,Rick Olek,1591
Cass,State Senate,44,DEM,write-in,1
Cass,State Senate,44,LIB,write-in,4
Cass,State Senate,44,REP,Tim Flakoll,1756
Cass,State Senate,44,REP,write-in,16
Cass,State Senate,46,DEM,George B Sinner,1275
Cass,State Senate,46,DEM,write-in,6
Cass,State Senate,46,LIB,write-in,1
Cass,State Senate,46,REP,Jim Roers,1954
Cass,State Senate,46,REP,write-in,16
Cass,State Senator District 16 Constitution,,CON,write-in,0
Cass,State Senator District 20 Constitution,,CON,write-in,0
Cass,State Senator District 22 Constitution,,CON,write-in,1
Cass,State Senator District 24 Constitution,,CON,write-in,0
Cass,State Senator District 44 Constitution,,CON,write-in,0
Cass,State Senator District 46 Constitution,,CON,write-in,0
Cass,State Treasurer,,DEM,Ross Mushik,11160
Cass,State Treasurer,,DEM,write-in,16
Cass,State Treasurer,,LIB,write-in,17
Cass,State Treasurer,,REP,Kelly Schmidt,16181
Cass,State Treasurer,,REP,write-in,32
Cass,State Treasurer Constitution,,CON,write-in,9
Cass,Superintendent of Public Instruction,,NON,Kirsten Baesler,8743
Cass,Superintendent of Public Instruction,,NON,Max Laird,6398
Cass,Superintendent of Public Instruction,,NON,Tracy Potter,8072
Cass,Superintendent of Public Instruction,,NON,write-in,43
Cass,U.S. House,1,DEM,Pam Gulleson,11626
Cass,U.S. House,1,DEM,write-in,22
Cass,U.S. House,1,LIB,Eric Olson,160
Cass,U.S. House,1,LIB,write-in,1
Cass,U.S. House,1,REP,Brian P Kalk,9894
Cass,U.S. House,1,REP,Kevin Cramer,8398
Cass,U.S. House,1,REP,write-in,16
Cass,U.S. Senate,,DEM,Heidi Heitkamp,12708
Cass,U.S. Senate,,DEM,write-in,20
Cass,U.S. Senate,,LIB,write-in,26
Cass,U.S. Senate,,REP,Duane Sand,5648
Cass,U.S. Senate,,REP,Rick Berg,13094
Cass,U.S. Senate,,REP,write-in,28
Cass,United States Senator Constitution,,CON,write-in,11
Cavalier,Commissioner Langdon,,NON,Lawrence Henry,479
Cavalier,Commissioner Langdon,,NON,Marty Tetrault,488
Cavalier,Commissioner Langdon,,NON,write-in,10
Cavalier,Constitutional Measure No. 1: Legislative Assembly Appointments.,,,No,524
Cavalier,Constitutional Measure No. 1: Legislative Assembly Appointments.,,,Yes,777
Cavalier,County Commissioner Cavalier,,NON,Harvey L Hope,726
Cavalier,County Commissioner Cavalier,,NON,Shauna Schneider,320
Cavalier,County Commissioner Cavalier,,NON,Tom Borgen,685
Cavalier,County Commissioner Cavalier,,NON,write-in,490
Cavalier,Governor and Lt. Governor,,DEM,Ryan M Taylor & Ellen Chaffee,329
Cavalier,Governor and Lt. Governor,,DEM,write-in,0
Cavalier,Governor and Lt. Governor,,LIB,Roland Riemers,2
Cavalier,Governor and Lt. Governor,,LIB,write-in,0
Cavalier,Governor and Lt. Governor,,REP,Jack Dalrymple & Drew Wrigley,817
Cavalier,Governor and Lt. Governor,,REP,write-in,9
Cavalier,Governor and Lt. Governor Constitution,,CON,write-in,0
Cavalier,Initiated Constitutional Measure No. 2: Relating to Elimination of Property Taxes and Replacement of Lost Revenue.,,,No,1320
Cavalier,Initiated Constitutional Measure No. 2: Relating to Elimination of Property Taxes and Replacement of Lost Revenue.,,,Yes,177
Cavalier,Initiated Constitutional Measure No. 3: Relating to Government Prohibited from Burdening the Exercise of Religious Liberty.,,,No,870
Cavalier,Initiated Constitutional Measure No. 3: Relating to Government Prohibited from Burdening the Exercise of Religious Liberty.,,,Yes,556
Cavalier,Insurance Commissioner,,DEM,Tom Potter,301
Cavalier,Insurance Commissioner,,DEM,write-in,0
Cavalier,Insurance Commissioner,,LIB,write-in,0
Cavalier,Insurance Commissioner,,REP,Adam Hamm,757
Cavalier,Insurance Commissioner,,REP,write-in,2
Cavalier,Insurance Commissioner Constitution,,CON,write-in,0
Cavalier,Judge of the District Court No. 6 Northeast,,NON,M Richard Geiger,862
Cavalier,Judge of the District Court No. 6 Northeast,,NON,write-in,3
Cavalier,Judge of the District Court No. 7 Northeast,,NON,John C McClintock Jr,836
Cavalier,Judge of the District Court No. 7 Northeast,,NON,write-in,4
Cavalier,Justice of the Supreme Court,,NON,Daniel J Crothers,846
Cavalier,Justice of the Supreme Court,,NON,write-in,3
Cavalier,Park Board Member Langdon Park,,NON,Holly Lyons,505
Cavalier,Park Board Member Langdon Park,,NON,Jeff Kram,466
Cavalier,Park Board Member Langdon Park,,NON,Patrick Hoffarth,491
Cavalier,Park Board Member Langdon Park,,NON,write-in,5
Cavalier,Public Service Commissioner,,DEM,Brad Crabtree,304
Cavalier,Public Service Commissioner,,DEM,write-in,0
Cavalier,Public Service Commissioner,,LIB,Joshua Voytek,2
Cavalier,Public Service Commissioner,,LIB,write-in,0
Cavalier,Public Service Commissioner,,REP,Randy Christmann,737
Cavalier,Public Service Commissioner,,REP,write-in,3
Cavalier,Public Service Commissioner Constitution,,CON,write-in,0
Cavalier,Referendum Measure No. 4: Relating to University of North Dakota Athletic Nickname and Logo.,,,No,542
Cavalier,Referendum Measure No. 4: Relating to University of North Dakota Athletic Nickname and Logo.,,,Yes,908
Cavalier,Representative in Congress Constitution,,CON,write-in,0
Cavalier,State Auditor,,DEM,Scot Kelsh,305
Cavalier,State Auditor,,DEM,write-in,1
Cavalier,State Auditor,,LIB,write-in,0
Cavalier,State Auditor,,REP,Robert R (Bob) Peterson,751
Cavalier,State Auditor,,REP,write-in,2
Cavalier,State Auditor Constitution,,CON,write-in,0
Cavalier,State House,10,DEM,write-in,20
Cavalier,State House,10,LIB,write-in,0
Cavalier,State House,10,REP,"Charles ""Chuck"" Damschen",747
Cavalier,State House,10,REP,David Monson,678
Cavalier,State House,10,REP,write-in,3
Cavalier,State Representative District 10 Constitution,,CON,write-in,0
Cavalier,State Senate,10,DEM,Daryl Passa,302
Cavalier,State Senate,10,DEM,write-in,1
Cavalier,State Senate,10,LIB,write-in,0
Cavalier,State Senate,10,REP,Curtis Olafson,433
Cavalier,State Senate,10,REP,Joe Miller,530
Cavalier,State Senate,10,REP,write-in,0
Cavalier,State Senator District 10 Constitution,,CON,write-in,0
Cavalier,State Treasurer,,DEM,Ross Mushik,299
Cavalier,State Treasurer,,DEM,write-in,0
Cavalier,State Treasurer,,LIB,write-in,0
Cavalier,State Treasurer,,REP,Kelly Schmidt,751
Cavalier,State Treasurer,,REP,write-in,2
Cavalier,State Treasurer Constitution,,CON,write-in,0
Cavalier,Superintendent of Public Instruction,,NON,Kirsten Baesler,336
Cavalier,Superintendent of Public Instruction,,NON,Max Laird,277
Cavalier,Superintendent of Public Instruction,,NON,Tracy Potter,346
Cavalier,Superintendent of Public Instruction,,NON,write-in,5
Cavalier,U.S. House,1,DEM,Pam Gulleson,318
Cavalier,U.S. House,1,DEM,write-in,0
Cavalier,U.S. House,1,LIB,Eric Olson,2
Cavalier,U.S. House,1,LIB,write-in,0
Cavalier,U.S. House,1,REP,Brian P Kalk,351
Cavalier,U.S. House,1,REP,Kevin Cramer,529
Cavalier,U.S. House,1,REP,write-in,0
Cavalier,U.S. Senate,,DEM,Heidi Heitkamp,394
Cavalier,U.S. Senate,,DEM,write-in,0
Cavalier,U.S. Senate,,LIB,write-in,0
Cavalier,U.S. Senate,,REP,Duane Sand,301
Cavalier,U.S. Senate,,REP,Rick Berg,619
Cavalier,U.S. Senate,,REP,write-in,3
Cavalier,United States Senator Constitution,,CON,write-in,0
Dickey,City Measure 1 Ellendale,,,No,29
Dickey,City Measure 1 Ellendale,,,Yes,294
Dickey,City Measure 1 Fullerton,,,No,0
Dickey,City Measure 1 Fullerton,,,Yes,17
Dickey,City Measure 1 Oakes,,,No,21
Dickey,City Measure 1 Oakes,,,Yes,351
Dickey,City Measure 2 Fullerton,,,No,10
Dickey,City Measure 2 Fullerton,,,Yes,8
Dickey,Constitutional Measure No. 1: Legislative Assembly Appointments.,,,No,507
Dickey,Constitutional Measure No. 1: Legislative Assembly Appointments.,,,Yes,709
Dickey,Council Member Ellendale,,NON,Craig Monatukwa,118
Dickey,Council Member Ellendale,,NON,Gene William,223
Dickey,Council Member Ellendale,,NON,Sandra I Ulmer,274
Dickey,Council Member Ellendale,,NON,Timothy A Belmore,239
Dickey,Council Member Ellendale,,NON,write-in,4
Dickey,Council Member Fullerton,,NON,Darren Adam,18
Dickey,Council Member Fullerton,,NON,Dean Arlt,17
Dickey,Council Member Fullerton,,NON,write-in,0
Dickey,Council Member Oakes,,NON,Greg Strutz,238
Dickey,Council Member Oakes,,NON,Jeff Forward,314
Dickey,Council Member Oakes,,NON,Larry Engel,317
Dickey,Council Member Oakes,,NON,Richard Lauderdale,126
Dickey,Council Member Oakes,,NON,write-in,11
Dickey,County Commissioner Dickey - District 2,,NON,Donald D Meidinger,299
Dickey,County Commissioner Dickey - District 2,,NON,Thor W Sand,536
Dickey,County Commissioner Dickey - District 2,,NON,Tom Denison,319
Dickey,County Commissioner Dickey - District 2,,NON,write-in,0
Dickey,County Commissioner Dickey - District 4,,NON,Gary C White,1043
Dickey,County Commissioner Dickey - District 4,,NON,write-in,11
Dickey,Director Garrison Diversion Conservancy Dickey,,NON,Norman Haak,1061
Dickey,Director Garrison Diversion Conservancy Dickey,,NON,write-in,3
Dickey,Governor and Lt. Governor,,DEM,Ryan M Taylor & Ellen Chaffee,461
Dickey,Governor and Lt. Governor,,DEM,write-in,0
Dickey,Governor and Lt. Governor,,LIB,Roland Riemers,3
Dickey,Governor and Lt. Governor,,LIB,write-in,0
Dickey,Governor and Lt. Governor,,REP,Jack Dalrymple & Drew Wrigley,711
Dickey,Governor and Lt. Governor,,REP,write-in,3
Dickey,Governor and Lt. Governor Constitution,,CON,write-in,0
Dickey,Initiated Constitutional Measure No. 2: Relating to Elimination of Property Taxes and Replacement of Lost Revenue.,,,No,1089
Dickey,Initiated Constitutional Measure No. 2: Relating to Elimination of Property Taxes and Replacement of Lost Revenue.,,,Yes,216
Dickey,Initiated Constitutional Measure No. 3: Relating to Government Prohibited from Burdening the Exercise of Religious Liberty.,,,No,805
Dickey,Initiated Constitutional Measure No. 3: Relating to Government Prohibited from Burdening the Exercise of Religious Liberty.,,,Yes,478
Dickey,Insurance Commissioner,,DEM,Tom Potter,436
Dickey,Insurance Commissioner,,DEM,write-in,0
Dickey,Insurance Commissioner,,LIB,write-in,1
Dickey,Insurance Commissioner,,REP,Adam Hamm,688
Dickey,Insurance Commissioner,,REP,write-in,1
Dickey,Insurance Commissioner Constitution,,CON,write-in,0
Dickey,Judge of the District Court No. 10 Unexpired Term Southeast,,NON,Thomas E Merrick,978
Dickey,Judge of the District Court No. 10 Unexpired Term Southeast,,NON,write-in,1
Dickey,Judge of the District Court No. 8 Southeast,,NON,Brad Cruff,677
Dickey,Judge of the District Court No. 8 Southeast,,NON,Richard W Grosz,392
Dickey,Judge of the District Court No. 8 Southeast,,NON,write-in,1
Dickey,Judge of the District Court No. 9 Southeast,,NON,John E Greenwood,976
Dickey,Judge of the District Court No. 9 Southeast,,NON,write-in,1
Dickey,Justice of the Supreme Court,,NON,Daniel J Crothers,960
Dickey,Justice of the Supreme Court,,NON,write-in,2
Dickey,Mayor Fullerton,,NON,Dean B Simek,17
Dickey,Mayor Fullerton,,NON,write-in,0
Dickey,Park Board Member Ellendale Park,,NON,Nicole Byerley,251
Dickey,Park Board Member Ellendale Park,,NON,Peter Sykora,245
Dickey,Park Board Member Ellendale Park,,NON,Rick Hack,267
Dickey,Park Board Member Ellendale Park,,NON,write-in,3
Dickey,Park Board Member Fullerton Park,,NON,Pauline Becker,19
Dickey,Park Board Member Fullerton Park,,NON,write-in,12
Dickey,Park Board Member Oakes Park,,NON,Marke Roberts,332
Dickey,Park Board Member Oakes Park,,NON,write-in,38
Dickey,Public Service Commissioner,,DEM,Brad Crabtree,458
Dickey,Public Service Commissioner,,DEM,write-in,0
Dickey,Public Service Commissioner,,LIB,Joshua Voytek,3
Dickey,Public Service Commissioner,,LIB,write-in,0
Dickey,Public Service Commissioner,,REP,Randy Christmann,682
Dickey,Public Service Commissioner,,REP,write-in,1
Dickey,Public Service Commissioner Constitution,,CON,write-in,0
Dickey,Referendum Measure No. 4: Relating to University of North Dakota Athletic Nickname and Logo.,,,No,476
Dickey,Referendum Measure No. 4: Relating to University of North Dakota Athletic Nickname and Logo.,,,Yes,776
Dickey,Representative in Congress Constitution,,CON,write-in,0
Dickey,State Auditor,,DEM,Scot Kelsh,462
Dickey,State Auditor,,DEM,write-in,0
Dickey,State Auditor,,LIB,write-in,1
Dickey,State Auditor,,REP,Robert R (Bob) Peterson,688
Dickey,State Auditor,,REP,write-in,0
Dickey,State Auditor Constitution,,CON,write-in,0
Dickey,State House,26,DEM,Bill Amerman,217
Dickey,State House,26,DEM,"Jerome ""Jerry"" Kelsh",277
Dickey,State House,26,DEM,write-in,0
Dickey,State House,26,LIB,write-in,2
Dickey,State House,26,REP,Kathy Skroch,277
Dickey,State House,26,REP,Sebastian Ertelt,233
Dickey,State House,26,REP,write-in,0
Dickey,State House,28,DEM,Austin Wald,122
Dickey,State House,28,DEM,Joan M Hoffman,179
Dickey,State House,28,DEM,write-in,1
Dickey,State House,28,LIB,write-in,0
Dickey,State House,28,REP,Barton Schott,180
Dickey,State House,28,REP,Jeffery J Magrum,65
Dickey,State House,28,REP,Michael D Brandenburg,272
Dickey,State House,28,REP,William E Kretschmar,150
Dickey,State House,28,REP,write-in,1
Dickey,State Representative District 26 Constitution,,CON,write-in,0
Dickey,State Representative District 28 Constitution,,CON,write-in,0
Dickey,State Senate,26,DEM,Jim Dotzenrod,280
Dickey,State Senate,26,DEM,write-in,0
Dickey,State Senate,26,LIB,write-in,2
Dickey,State Senate,26,REP,write-in,16
Dickey,State Senate,28,DEM,Greg Brokaw,190
Dickey,State Senate,28,DEM,write-in,0
Dickey,State Senate,28,LIB,write-in,0
Dickey,State Senate,28,REP,Robert S Erbele,357
Dickey,State Senate,28,REP,write-in,0
Dickey,State Senator District 26 Constitution,,CON,write-in,0
Dickey,State Senator District 28 Constitution,,CON,write-in,0
Dickey,State Treasurer,,DEM,Ross Mushik,439
Dickey,State Treasurer,,DEM,write-in,0
Dickey,State Treasurer,,LIB,write-in,1
Dickey,State Treasurer,,REP,Kelly Schmidt,679
Dickey,State Treasurer,,REP,write-in,0
Dickey,State Treasurer Constitution,,CON,write-in,0
Dickey,Superintendent of Public Instruction,,NON,Kirsten Baesler,241
Dickey,Superintendent of Public Instruction,,NON,Max Laird,203
Dickey,Superintendent of Public Instruction,,NON,Tracy Potter,221
Dickey,Superintendent of Public Instruction,,NON,write-in,1
Dickey,U.S. House,1,DEM,Pam Gulleson,479
Dickey,U.S. House,1,DEM,write-in,1
Dickey,U.S. House,1,LIB,Eric Olson,4
Dickey,U.S. House,1,LIB,write-in,0
Dickey,U.S. House,1,REP,Brian P Kalk,301
Dickey,U.S. House,1,REP,Kevin Cramer,439
Dickey,U.S. House,1,REP,write-in,1
Dickey,U.S. Senate,,DEM,Heidi Heitkamp,493
Dickey,U.S. Senate,,DEM,write-in,1
Dickey,U.S. Senate,,LIB,write-in,2
Dickey,U.S. Senate,,REP,Duane Sand,221
Dickey,U.S. Senate,,REP,Rick Berg,530
Dickey,U.S. Senate,,REP,write-in,1
Dickey,United States Senator Constitution,,CON,write-in,0
Divide,City Measure 1 Crosby,,,No,18
Divide,City Measure 1 Crosby,,,Yes,281
Divide,City Measure 2 Crosby,,,No,60
Divide,City Measure 2 Crosby,,,Yes,225
Divide,Constitutional Measure No. 1: Legislative Assembly Appointments.,,,No,334
Divide,Constitutional Measure No. 1: Legislative Assembly Appointments.,,,Yes,312
Divide,Council Member Crosby,,NON,Donald Wolf,213
Divide,Council Member Crosby,,NON,Kenny Thomas,107
Divide,Council Member Crosby,,NON,Troy Vassen,233
Divide,Council Member Crosby,,NON,Wayne Benter,225
Divide,Council Member Crosby,,NON,write-in,4
Divide,Council Member Unexpired Term Crosby,,NON,Brad Sparks,173
Divide,Council Member Unexpired Term Crosby,,NON,write-in,21
Divide,County Commissioner 2nd District By Large at District Divide,,NON,Doug Graupe,434
Divide,County Commissioner 2nd District By Large at District Divide,,NON,write-in,7
Divide,Governor and Lt. Governor,,DEM,Ryan M Taylor & Ellen Chaffee,217
Divide,Governor and Lt. Governor,,DEM,write-in,1
Divide,Governor and Lt. Governor,,LIB,Roland Riemers,2
Divide,Governor and Lt. Governor,,LIB,write-in,0
Divide,Governor and Lt. Governor,,REP,Jack Dalrymple & Drew Wrigley,353
Divide,Governor and Lt. Governor,,REP,write-in,0
Divide,Governor and Lt. Governor Constitution,,CON,write-in,0
Divide,Initiated Constitutional Measure No. 2: Relating to Elimination of Property Taxes and Replacement of Lost Revenue.,,,No,596
Divide,Initiated Constitutional Measure No. 2: Relating to Elimination of Property Taxes and Replacement of Lost Revenue.,,,Yes,77
Divide,Initiated Constitutional Measure No. 3: Relating to Government Prohibited from Burdening the Exercise of Religious Liberty.,,,No,548
Divide,Initiated Constitutional Measure No. 3: Relating to Government Prohibited from Burdening the Exercise of Religious Liberty.,,,Yes,117
Divide,Insurance Commissioner,,DEM,Tom Potter,207
Divide,Insurance Commissioner,,DEM,write-in,0
Divide,Insurance Commissioner,,LIB,write-in,0
Divide,Insurance Commissioner,,REP,Adam Hamm,333
Divide,Insurance Commissioner,,REP,write-in,0
Divide,Insurance Commissioner Constitution,,CON,write-in,0
Divide,Judge of the District Court No. 7 Northwest,,NON,Richard L Hagar,388
Divide,Judge of the District Court No. 7 Northwest,,NON,write-in,1
Divide,Judge of the District Court No. 8 Northwest,,NON,William W McLees,390
Divide,Judge of the District Court No. 8 Northwest,,NON,write-in,1
Divide,Judge of the District Court No. 9 Unexpired Term Northwest,,NON,Todd L Cresap,384
Divide,Judge of the District Court No. 9 Unexpired Term Northwest,,NON,write-in,1
Divide,Justice of the Supreme Court,,NON,Daniel J Crothers,384
Divide,Justice of the Supreme Court,,NON,write-in,2
Divide,Municipal Judge Crosby,,NON,Joseph Osvold,224
Divide,Municipal Judge Crosby,,NON,write-in,3
Divide,Park Board Commissioner Crosby Park,,NON,write-in,155
Divide,Public Service Commissioner,,DEM,Brad Crabtree,206
Divide,Public Service Commissioner,,DEM,write-in,0
Divide,Public Service Commissioner,,LIB,Joshua Voytek,2
Divide,Public Service Commissioner,,LIB,write-in,0
Divide,Public Service Commissioner,,REP,Randy Christmann,330
Divide,Public Service Commissioner,,REP,write-in,1
Divide,Public Service Commissioner Constitution,,CON,write-in,0
Divide,Referendum Measure No. 4: Relating to University of North Dakota Athletic Nickname and Logo.,,,No,203
Divide,Referendum Measure No. 4: Relating to University of North Dakota Athletic Nickname and Logo.,,,Yes,458
Divide,Representative in Congress Constitution,,CON,write-in,0
Divide,State Auditor,,DEM,Scot Kelsh,205
Divide,State Auditor,,DEM,write-in,0
Divide,State Auditor,,LIB,write-in,0
Divide,State Auditor,,REP,Robert R (Bob) Peterson,340
Divide,State Auditor,,REP,write-in,0
Divide,State Auditor Constitution,,CON,write-in,0
Divide,State House,2,DEM,Dorvan Solberg,219
Divide,State House,2,DEM,write-in,2
Divide,State House,2,LIB,write-in,0
Divide,State House,2,REP,Bob Skarphol,300
Divide,State House,2,REP,David S Rust,290
Divide,State House,2,REP,write-in,1
Divide,State Representative District 2 Constitution,,CON,write-in,0
Divide,State Senate,2,DEM,Lynn B Jacobson,225
Divide,State Senate,2,DEM,write-in,0
Divide,State Senate,2,LIB,write-in,0
Divide,State Senate,2,REP,John M Andrist,345
Divide,State Senate,2,REP,write-in,3
Divide,State Senator District 2 Constitution,,CON,write-in,0
Divide,State Treasurer,,DEM,Ross Mushik,202
Divide,State Treasurer,,DEM,write-in,0
Divide,State Treasurer,,LIB,write-in,0
Divide,State Treasurer,,REP,Kelly Schmidt,330
Divide,State Treasurer,,REP,write-in,0
Divide,State Treasurer Constitution,,CON,write-in,0
Divide,Superintendent of Public Instruction,,NON,Kirsten Baesler,152
Divide,Superintendent of Public Instruction,,NON,Max Laird,121
Divide,Superintendent of Public Instruction,,NON,Tracy Potter,160
Divide,Superintendent of Public Instruction,,NON,write-in,0
Divide,U.S. House,1,DEM,Pam Gulleson,203
Divide,U.S. House,1,DEM,write-in,1
Divide,U.S. House,1,LIB,Eric Olson,2
Divide,U.S. House,1,LIB,write-in,0
Divide,U.S. House,1,REP,Brian P Kalk,132
Divide,U.S. House,1,REP,Kevin Cramer,233
Divide,U.S. House,1,REP,write-in,0
Divide,U.S. Senate,,DEM,Heidi Heitkamp,240
Divide,U.S. Senate,,DEM,write-in,1
Divide,U.S. Senate,,LIB,write-in,0
Divide,U.S. Senate,,REP,Duane Sand,113
Divide,U.S. Senate,,REP,Rick Berg,261
Divide,U.S. Senate,,REP,write-in,0
Divide,United States Senator Constitution,,CON,write-in,0
Dunn,City Measure 2 Killdeer,,,No,60
Dunn,City Measure 2 Killdeer,,,Yes,157
Dunn,Commission President Halliday,,NON,David L Walth,57
Dunn,Commission President Halliday,,NON,write-in,9
Dunn,Commissioner 2 yr unexpired term Killdeer,,NON,Chuck Muscha,184
Dunn,Commissioner 2 yr unexpired term Killdeer,,NON,write-in,7
Dunn,Commissioner Halliday,,NON,Clayton Neurohr,22
Dunn,Commissioner Halliday,,NON,Jeremy Hausauer,56
Dunn,Commissioner Halliday,,NON,"Larry J O""Brien",52
Dunn,Commissioner Halliday,,NON,write-in,3
Dunn,Commissioner Killdeer,,NON,Joel Spethman,182
Dunn,Commissioner Killdeer,,NON,Monte Wendal Roshau,136
Dunn,Commissioner Killdeer,,NON,write-in,9
Dunn,Constitutional Measure No. 1: Legislative Assembly Appointments.,,,No,470
Dunn,Constitutional Measure No. 1: Legislative Assembly Appointments.,,,Yes,498
Dunn,Council Member Dodge,,NON,Amy Gervers,21
Dunn,Council Member Dodge,,NON,Deanna Senger,20
Dunn,Council Member Dodge,,NON,write-in,7
Dunn,Council Member Dunn Center,,NON,Allen Garness,40
Dunn,Council Member Dunn Center,,NON,Maggie A Piatz,32
Dunn,Council Member Dunn Center,,NON,write-in,8
Dunn,County Commissioner Dunn,,NON,Cliff Ferebee,512
Dunn,County Commissioner Dunn,,NON,Reinhard Hauck,740
Dunn,County Commissioner Dunn,,NON,Robert H Kleemann,502
Dunn,County Commissioner Dunn,,NON,write-in,18
Dunn,"Director, Southwest Water Authority Dunn",,NON,Cliff Ferebee,400
Dunn,"Director, Southwest Water Authority Dunn",,NON,Glenn Eckelberg,570
Dunn,"Director, Southwest Water Authority Dunn",,NON,write-in,4
Dunn,Governor and Lt. Governor,,DEM,Ryan M Taylor & Ellen Chaffee,294
Dunn,Governor and Lt. Governor,,DEM,write-in,0
Dunn,Governor and Lt. Governor,,LIB,Roland Riemers,2
Dunn,Governor and Lt. Governor,,LIB,write-in,1
Dunn,Governor and Lt. Governor,,REP,Jack Dalrymple & Drew Wrigley,622
Dunn,Governor and Lt. Governor,,REP,write-in,3
Dunn,Governor and Lt. Governor Constitution,,CON,write-in,1
Dunn,Initiated Constitutional Measure No. 2: Relating to Elimination of Property Taxes and Replacement of Lost Revenue.,,,No,877
Dunn,Initiated Constitutional Measure No. 2: Relating to Elimination of Property Taxes and Replacement of Lost Revenue.,,,Yes,161
Dunn,Initiated Constitutional Measure No. 3: Relating to Government Prohibited from Burdening the Exercise of Religious Liberty.,,,No,608
Dunn,Initiated Constitutional Measure No. 3: Relating to Government Prohibited from Burdening the Exercise of Religious Liberty.,,,Yes,409
Dunn,Insurance Commissioner,,DEM,Tom Potter,271
Dunn,Insurance Commissioner,,DEM,write-in,0
Dunn,Insurance Commissioner,,LIB,write-in,0
Dunn,Insurance Commissioner,,REP,Adam Hamm,594
Dunn,Insurance Commissioner,,REP,write-in,2
Dunn,Insurance Commissioner Constitution,,CON,write-in,1
Dunn,Judge of the District Court No. 1 Southwest,,NON,Zane Anderson,745
Dunn,Judge of the District Court No. 1 Southwest,,NON,write-in,3
Dunn,Judge of the District Court No. 3 Southwest,,NON,Dann Greenwood,473
Dunn,Judge of the District Court No. 3 Southwest,,NON,Kevin McCabe,165
Dunn,Judge of the District Court No. 3 Southwest,,NON,Tom M Henning,252
Dunn,Judge of the District Court No. 3 Southwest,,NON,write-in,0
Dunn,Justice of the Supreme Court,,NON,Daniel J Crothers,720
Dunn,Justice of the Supreme Court,,NON,write-in,2
Dunn,Mayor Dunn Center,,NON,Kirk Roll,17
Dunn,Mayor Dunn Center,,NON,Larry Pavlenko,7
Dunn,Mayor Dunn Center,,NON,Scott Lynch,30
Dunn,Mayor Dunn Center,,NON,write-in,0
Dunn,Municipal Judge Halliday,,NON,write-in,29
Dunn,PUBLICATION OF CITY GOVERNING BODY MINUTES Dodge,,,No,15
Dunn,PUBLICATION OF CITY GOVERNING BODY MINUTES Dodge,,,Yes,16
Dunn,PUBLICATION OF CITY GOVERNING BODY MINUTES Dunn Center,,,No,4
Dunn,PUBLICATION OF CITY GOVERNING BODY MINUTES Dunn Center,,,Yes,48
Dunn,PUBLICATION OF CITY GOVERNING BODY MINUTES Halliday,,,No,10
Dunn,PUBLICATION OF CITY GOVERNING BODY MINUTES Halliday,,,Yes,61
Dunn,PUBLICATION OF CITY GOVERNING BODY MINUTES Killdeer,,,No,9
Dunn,PUBLICATION OF CITY GOVERNING BODY MINUTES Killdeer,,,Yes,206
Dunn,Park Board Commissioner Halliday Park,,NON,Harvey W Schmitz,45
Dunn,Park Board Commissioner Halliday Park,,NON,Zoe Johnson,60
Dunn,Park Board Commissioner Halliday Park,,NON,write-in,5
Dunn,Park Board Commissioner Killdeer Park,,NON,John Keller,179
Dunn,Park Board Commissioner Killdeer Park,,NON,Shane Nordsven,154
Dunn,Park Board Commissioner Killdeer Park,,NON,write-in,0
Dunn,Park Board Member 2 yr term Halliday Park,,NON,write-in,29
Dunn,Park Board Member Dodge Park,,NON,write-in,13
Dunn,Park Board unexpired 2 yr term Member Killdeer Park,,NON,write-in,14
Dunn,Public Service Commissioner,,DEM,Brad Crabtree,268
Dunn,Public Service Commissioner,,DEM,write-in,2
Dunn,Public Service Commissioner,,LIB,Joshua Voytek,3
Dunn,Public Service Commissioner,,LIB,write-in,0
Dunn,Public Service Commissioner,,REP,Randy Christmann,601
Dunn,Public Service Commissioner,,REP,write-in,1
Dunn,Public Service Commissioner Constitution,,CON,write-in,1
Dunn,Referendum Measure No. 4: Relating to University of North Dakota Athletic Nickname and Logo.,,,No,372
Dunn,Referendum Measure No. 4: Relating to University of North Dakota Athletic Nickname and Logo.,,,Yes,638
Dunn,Representative in Congress Constitution,,CON,write-in,1
Dunn,School Board Member (former Richardton School District) Richardton/Taylor School,,NON,Shannon Goetz,20
Dunn,School Board Member (former Richardton School District) Richardton/Taylor School,,NON,Travis Christensen,19
Dunn,School Board Member (former Richardton School District) Richardton/Taylor School,,NON,write-in,1
Dunn,School Board Member (former Taylor School District) Richardton/Taylor School,,NON,write-in,15
Dunn,School Board Member Dickinson School,,NON,Kris Fehr,63
Dunn,School Board Member Dickinson School,,NON,Leslie Ross,61
Dunn,School Board Member Dickinson School,,NON,write-in,0
Dunn,School Board Member Halliday School,,NON,David B Kuntz,144
Dunn,School Board Member Halliday School,,NON,write-in,3
Dunn,School Board Member South Area Killdeer School,,NON,Thomas Knopik,482
Dunn,School Board Member South Area Killdeer School,,NON,write-in,19
Dunn,School Board Member South Heart School,,NON,Bonnie Goldsberry,26
Dunn,School Board Member South Heart School,,NON,write-in,0
Dunn,School Board Member at Large Beulah School,,NON,Jordan Staloch,27
Dunn,School Board Member at Large Beulah School,,NON,Myles Hafner,27
Dunn,School Board Member at Large Beulah School,,NON,Ruth Julson,28
Dunn,School Board Member at Large Beulah School,,NON,write-in,1
Dunn,School District Measure 1 Richardton/Taylor,,,No,14
Dunn,School District Measure 1 Richardton/Taylor,,,Yes,28
Dunn,State Auditor,,DEM,Scot Kelsh,274
Dunn,State Auditor,,DEM,write-in,1
Dunn,State Auditor,,LIB,write-in,0
Dunn,State Auditor,,REP,Robert R (Bob) Peterson,595
Dunn,State Auditor,,REP,write-in,1
Dunn,State Auditor Constitution,,CON,write-in,1
Dunn,State House,36,DEM,Bev Berger,67
Dunn,State House,36,DEM,Shirley Meyer,85
Dunn,State House,36,DEM,write-in,0
Dunn,State House,36,LIB,write-in,0
Dunn,State House,36,REP,Alan Fehr,127
Dunn,State House,36,REP,Mike Schatz,171
Dunn,State House,36,REP,write-in,0
Dunn,State House,4,DEM,Kenton Onstad,110
Dunn,State House,4,DEM,Tom Conklin,87
Dunn,State House,4,DEM,write-in,1
Dunn,State House,4,LIB,write-in,1
Dunn,State House,4,REP,Glen Froseth,182
Dunn,State House,4,REP,write-in,6
Dunn,State Representative District 36 Constitution,,CON,write-in,0
Dunn,State Representative District 4 Constitution,,CON,write-in,0
Dunn,State Senate,36,DEM,Rich Brauhn,77
Dunn,State Senate,36,DEM,write-in,0
Dunn,State Senate,36,LIB,write-in,0
Dunn,State Senate,36,REP,Kelly Armstrong,177
Dunn,State Senate,36,REP,write-in,0
Dunn,State Senate,4,DEM,John M Warner,123
Dunn,State Senate,4,DEM,write-in,0
Dunn,State Senate,4,LIB,write-in,0
Dunn,State Senate,4,REP,Daryl J Lies,187
Dunn,State Senate,4,REP,write-in,1
Dunn,State Senator District 36 Constitution,,CON,write-in,0
Dunn,State Senator District 4 Constitution,,CON,write-in,0
Dunn,State Treasurer,,DEM,Ross Mushik,269
Dunn,State Treasurer,,DEM,write-in,1
Dunn,State Treasurer,,LIB,write-in,1
Dunn,State Treasurer,,REP,Kelly Schmidt,595
Dunn,State Treasurer,,REP,write-in,1
Dunn,State Treasurer Constitution,,CON,write-in,1
Dunn,Superintendent of Public Instruction,,NON,Kirsten Baesler,223
Dunn,Superintendent of Public Instruction,,NON,Max Laird,178
Dunn,Superintendent of Public Instruction,,NON,Tracy Potter,213
Dunn,Superintendent of Public Instruction,,NON,write-in,0
Dunn,U.S. House,1,DEM,Pam Gulleson,275
Dunn,U.S. House,1,DEM,write-in,1
Dunn,U.S. House,1,LIB,Eric Olson,3
Dunn,U.S. House,1,LIB,write-in,0
Dunn,U.S. House,1,REP,Brian P Kalk,198
Dunn,U.S. House,1,REP,Kevin Cramer,469
Dunn,U.S. House,1,REP,write-in,3
Dunn,U.S. Senate,,DEM,Heidi Heitkamp,306
Dunn,U.S. Senate,,DEM,write-in,0
Dunn,U.S. Senate,,LIB,write-in,1
Dunn,U.S. Senate,,REP,Duane Sand,198
Dunn,U.S. Senate,,REP,Rick Berg,479
Dunn,U.S. Senate,,REP,write-in,2
Dunn,United States Senator Constitution,,CON,write-in,1
Eddy,Commission President New Rockford,,NON,James R Belquist,277
Eddy,Commission President New Rockford,,NON,write-in,12
Eddy,Commissioner New Rockford,,NON,Kelly McKnight,296
Eddy,Commissioner New Rockford,,NON,Stuart Richter,265
Eddy,Commissioner New Rockford,,NON,write-in,11
Eddy,Constitutional Measure No. 1: Legislative Assembly Appointments.,,,No,285
Eddy,Constitutional Measure No. 1: Legislative Assembly Appointments.,,,Yes,353
Eddy,County Commissioner Eddy,,NON,Earl Sauer,232
Eddy,County Commissioner Eddy,,NON,Glenda Collier Ulrich,373
Eddy,County Commissioner Eddy,,NON,write-in,0
Eddy,"Director, Garrison Diversion Conservancy Eddy",,NON,Michael Tweed,521
Eddy,"Director, Garrison Diversion Conservancy Eddy",,NON,write-in,2
Eddy,Governor and Lt. Governor,,DEM,Ryan M Taylor & Ellen Chaffee,301
Eddy,Governor and Lt. Governor,,DEM,write-in,1
Eddy,Governor and Lt. Governor,,LIB,Roland Riemers,2
Eddy,Governor and Lt. Governor,,LIB,write-in,0
Eddy,Governor and Lt. Governor,,REP,Jack Dalrymple & Drew Wrigley,300
Eddy,Governor and Lt. Governor,,REP,write-in,4
Eddy,Governor and Lt. Governor Constitution,,CON,write-in,0
Eddy,Initiated Constitutional Measure No. 2: Relating to Elimination of Property Taxes and Replacement of Lost Revenue.,,,No,520
Eddy,Initiated Constitutional Measure No. 2: Relating to Elimination of Property Taxes and Replacement of Lost Revenue.,,,Yes,153
Eddy,Initiated Constitutional Measure No. 3: Relating to Government Prohibited from Burdening the Exercise of Religious Liberty.,,,No,450
Eddy,Initiated Constitutional Measure No. 3: Relating to Government Prohibited from Burdening the Exercise of Religious Liberty.,,,Yes,214
Eddy,Insurance Commissioner,,DEM,Tom Potter,288
Eddy,Insurance Commissioner,,DEM,write-in,0
Eddy,Insurance Commissioner,,LIB,write-in,0
Eddy,Insurance Commissioner,,REP,Adam Hamm,288
Eddy,Insurance Commissioner,,REP,write-in,0
Eddy,Insurance Commissioner Constitution,,CON,write-in,0
Eddy,Joint City/County Library New Rockford,,,No,46
Eddy,Joint City/County Library New Rockford,,,Yes,291
Eddy,Joint County/City Library Eddy,,,No,126
Eddy,Joint County/City Library Eddy,,,Yes,515
Eddy,Judge of the District Court No. 10 Unexpired Term Southeast,,NON,Thomas E Merrick,479
Eddy,Judge of the District Court No. 10 Unexpired Term Southeast,,NON,write-in,0
Eddy,Judge of the District Court No. 8 Southeast,,NON,Brad Cruff,247
Eddy,Judge of the District Court No. 8 Southeast,,NON,Richard W Grosz,118
Eddy,Judge of the District Court No. 8 Southeast,,NON,write-in,0
Eddy,Judge of the District Court No. 9 Southeast,,NON,John E Greenwood,483
Eddy,Judge of the District Court No. 9 Southeast,,NON,write-in,3
Eddy,Justice of the Supreme Court,,NON,Daniel J Crothers,345
Eddy,Justice of the Supreme Court,,NON,write-in,0
Eddy,Park Board Commissioner New Rockford Park,,NON,Judy Allmaras,277
Eddy,Park Board Commissioner New Rockford Park,,NON,Kristi Lynn Swenson,253
Eddy,Park Board Commissioner New Rockford Park,,NON,write-in,10
Eddy,Park Board Member Unexpired Two Year Term New Rockford Park,,NON,Jim Ehni,294
Eddy,Park Board Member Unexpired Two Year Term New Rockford Park,,NON,Jonathan Fortney,257
Eddy,Park Board Member Unexpired Two Year Term New Rockford Park,,NON,write-in,1
Eddy,Public Service Commissioner,,DEM,Brad Crabtree,289
Eddy,Public Service Commissioner,,DEM,write-in,0
Eddy,Public Service Commissioner,,LIB,Joshua Voytek,2
Eddy,Public Service Commissioner,,LIB,write-in,0
Eddy,Public Service Commissioner,,REP,Randy Christmann,287
Eddy,Public Service Commissioner,,REP,write-in,0
Eddy,Public Service Commissioner Constitution,,CON,write-in,0
Eddy,Publication of City Governing Body Minutes New Rockford,,,No,26
Eddy,Publication of City Governing Body Minutes New Rockford,,,Yes,315
Eddy,Referendum Measure No. 4: Relating to University of North Dakota Athletic Nickname and Logo.,,,No,215
Eddy,Referendum Measure No. 4: Relating to University of North Dakota Athletic Nickname and Logo.,,,Yes,439
Eddy,Representative in Congress Constitution,,CON,write-in,0
Eddy,State Auditor,,DEM,Scot Kelsh,291
Eddy,State Auditor,,DEM,write-in,0
Eddy,State Auditor,,LIB,write-in,0
Eddy,State Auditor,,REP,Robert R (Bob) Peterson,291
Eddy,State Auditor,,REP,write-in,0
Eddy,State Auditor Constitution,,CON,write-in,0
Eddy,State Treasurer,,DEM,Ross Mushik,288
Eddy,State Treasurer,,DEM,write-in,0
Eddy,State Treasurer,,LIB,write-in,0
Eddy,State Treasurer,,REP,Kelly Schmidt,290
Eddy,State Treasurer,,REP,write-in,0
Eddy,State Treasurer Constitution,,CON,write-in,0
Eddy,Superintendent of Public Instruction,,NON,Kirsten Baesler,138
Eddy,Superintendent of Public Instruction,,NON,Max Laird,129
Eddy,Superintendent of Public Instruction,,NON,Tracy Potter,121
Eddy,Superintendent of Public Instruction,,NON,write-in,0
Eddy,U.S. House,1,DEM,Pam Gulleson,289
Eddy,U.S. House,1,DEM,write-in,0
Eddy,U.S. House,1,LIB,Eric Olson,2
Eddy,U.S. House,1,LIB,write-in,0
Eddy,U.S. House,1,REP,Brian P Kalk,123
Eddy,U.S. House,1,REP,Kevin Cramer,197
Eddy,U.S. House,1,REP,write-in,0
Eddy,U.S. Senate,,DEM,Heidi Heitkamp,314
Eddy,U.S. Senate,,DEM,write-in,0
Eddy,U.S. Senate,,LIB,write-in,0
Eddy,U.S. Senate,,REP,Duane Sand,133
Eddy,U.S. Senate,,REP,Rick Berg,203
Eddy,U.S. Senate,,REP,write-in,0
Eddy,United States Senator Constitution,,CON,write-in,0
Emmons,Constitutional Measure No. 1: Legislative Assembly Appointments.,,,No,498
Emmons,Constitutional Measure No. 1: Legislative Assembly Appointments.,,,Yes,618
Emmons,County Commissioner Emmons - District 1,,NON,Jeffery J. Magrum,184
Emmons,County Commissioner Emmons - District 1,,NON,write-in,21
Emmons,County Commissioner Emmons - District 3,,NON,Alvin M. Tschosik,179
Emmons,County Commissioner Emmons - District 3,,NON,write-in,19
Emmons,County Commissioner Emmons - District 5,,NON,Dennis J. Hummel,60
Emmons,County Commissioner Emmons - District 5,,NON,Tom Jochim,82
Emmons,County Commissioner Emmons - District 5,,NON,write-in,1
Emmons,Governor and Lt. Governor,,DEM,Ryan M Taylor & Ellen Chaffee,201
Emmons,Governor and Lt. Governor,,DEM,write-in,0
Emmons,Governor and Lt. Governor,,LIB,Roland Riemers,3
Emmons,Governor and Lt. Governor,,LIB,write-in,0
Emmons,Governor and Lt. Governor,,REP,Jack Dalrymple & Drew Wrigley,815
Emmons,Governor and Lt. Governor,,REP,write-in,13
Emmons,Governor and Lt. Governor Constitution,,CON,write-in,0
Emmons,Initiated Constitutional Measure No. 2: Relating to Elimination of Property Taxes and Replacement of Lost Revenue.,,,No,944
Emmons,Initiated Constitutional Measure No. 2: Relating to Elimination of Property Taxes and Replacement of Lost Revenue.,,,Yes,235
Emmons,Initiated Constitutional Measure No. 3: Relating to Government Prohibited from Burdening the Exercise of Religious Liberty.,,,No,525
Emmons,Initiated Constitutional Measure No. 3: Relating to Government Prohibited from Burdening the Exercise of Religious Liberty.,,,Yes,652
Emmons,Insurance Commissioner,,DEM,Tom Potter,199
Emmons,Insurance Commissioner,,DEM,write-in,1
Emmons,Insurance Commissioner,,LIB,write-in,0
Emmons,Insurance Commissioner,,REP,Adam Hamm,795
Emmons,Insurance Commissioner,,REP,write-in,1
Emmons,Insurance Commissioner Constitution,,CON,write-in,0
Emmons,Judge of the District Court No. 4 South Central,,NON,Bruce B Haskell,683
Emmons,Judge of the District Court No. 4 South Central,,NON,write-in,2
Emmons,Judge of the District Court No. 9 South Central,,NON,Bruce A Romanick,674
Emmons,Judge of the District Court No. 9 South Central,,NON,write-in,2
Emmons,Justice of the Supreme Court,,NON,Daniel J Crothers,654
Emmons,Justice of the Supreme Court,,NON,write-in,3
Emmons,Public Service Commissioner,,DEM,Brad Crabtree,194
Emmons,Public Service Commissioner,,DEM,write-in,4
Emmons,Public Service Commissioner,,LIB,Joshua Voytek,2
Emmons,Public Service Commissioner,,LIB,write-in,0
Emmons,Public Service Commissioner,,REP,Randy Christmann,786
Emmons,Public Service Commissioner,,REP,write-in,5
Emmons,Public Service Commissioner Constitution,,CON,write-in,0
Emmons,Referendum Measure No. 4: Relating to University of North Dakota Athletic Nickname and Logo.,,,No,446
Emmons,Referendum Measure No. 4: Relating to University of North Dakota Athletic Nickname and Logo.,,,Yes,719
Emmons,Representative in Congress Constitution,,CON,write-in,0
Emmons,State Auditor,,DEM,Scot Kelsh,199
Emmons,State Auditor,,DEM,write-in,1
Emmons,State Auditor,,LIB,write-in,1
Emmons,State Auditor,,REP,Robert R (Bob) Peterson,793
Emmons,State Auditor,,REP,write-in,1
Emmons,State Auditor Constitution,,CON,write-in,0
Emmons,State House,28,DEM,Austin Wald,183
Emmons,State House,28,DEM,Joan M Hoffman,170
Emmons,State House,28,DEM,write-in,0
Emmons,State House,28,LIB,write-in,3
Emmons,State House,28,REP,Barton Schott,286
Emmons,State House,28,REP,Jeffery J Magrum,507
Emmons,State House,28,REP,Michael D Brandenburg,501
Emmons,State House,28,REP,William E Kretschmar,329
Emmons,State House,28,REP,write-in,2
Emmons,State Representative District 28 Constitution,,CON,write-in,0
Emmons,State Senate,28,DEM,Greg Brokaw,203
Emmons,State Senate,28,DEM,write-in,0
Emmons,State Senate,28,LIB,write-in,0
Emmons,State Senate,28,REP,Robert S Erbele,793
Emmons,State Senate,28,REP,write-in,4
Emmons,State Senator District 28 Constitution,,CON,write-in,0
Emmons,State Treasurer,,DEM,Ross Mushik,193
Emmons,State Treasurer,,DEM,write-in,1
Emmons,State Treasurer,,LIB,write-in,0
Emmons,State Treasurer,,REP,Kelly Schmidt,780
Emmons,State Treasurer,,REP,write-in,2
Emmons,State Treasurer Constitution,,CON,write-in,0
Emmons,Superintendent of Public Instruction,,NON,Kirsten Baesler,355
Emmons,Superintendent of Public Instruction,,NON,Max Laird,177
Emmons,Superintendent of Public Instruction,,NON,Tracy Potter,250
Emmons,Superintendent of Public Instruction,,NON,write-in,0
Emmons,U.S. House,1,DEM,Pam Gulleson,196
Emmons,U.S. House,1,DEM,write-in,2
Emmons,U.S. House,1,LIB,Eric Olson,3
Emmons,U.S. House,1,LIB,write-in,0
Emmons,U.S. House,1,REP,Brian P Kalk,336
Emmons,U.S. House,1,REP,Kevin Cramer,552
Emmons,U.S. House,1,REP,write-in,2
Emmons,U.S. Senate,,DEM,Heidi Heitkamp,233
Emmons,U.S. Senate,,DEM,write-in,0
Emmons,U.S. Senate,,LIB,write-in,2
Emmons,U.S. Senate,,REP,Duane Sand,316
Emmons,U.S. Senate,,REP,Rick Berg,584
Emmons,U.S. Senate,,REP,write-in,1
Emmons,United States Senator Constitution,,CON,write-in,0
Foster,Constitutional Measure No. 1: Legislative Assembly Appointments.,,,No,406
Foster,Constitutional Measure No. 1: Legislative Assembly Appointments.,,,Yes,552
Foster,Council Member Carrington,,NON,Neil Fandrich,550
Foster,Council Member Carrington,,NON,write-in,6
Foster,Council Member Carrington-Ward 1,,NON,write-in,19
Foster,Council Member Carrington-Ward 2,,NON,Danny Schuchard,253
Foster,Council Member Carrington-Ward 2,,NON,write-in,3
Foster,Council Member Glenfield,,NON,Jeffrey L. Edland,16
Foster,Council Member Glenfield,,NON,Neil Jackson,17
Foster,Council Member Glenfield,,NON,write-in,0
Foster,Council Member Grace City,,NON,Justin Topp,21
Foster,Council Member Grace City,,NON,Lynelle Lyman Hoppe,18
Foster,Council Member Grace City,,NON,write-in,0
Foster,Council Member McHenry,,NON,Frances Manz,18
Foster,Council Member McHenry,,NON,Sherrile Larson,25
Foster,Council Member McHenry,,NON,write-in,4
Foster,Council Member Unexpired Term Carrington,,NON,write-in,67
Foster,County Commissioner Foster,,NON,Leslie Greger,823
Foster,County Commissioner Foster,,NON,write-in,27
Foster,"Director, Garrison Diversion Conservancy Foster",,NON,Steve Metzger,869
Foster,"Director, Garrison Diversion Conservancy Foster",,NON,write-in,1
Foster,Governor and Lt. Governor,,DEM,Ryan M Taylor & Ellen Chaffee,327
Foster,Governor and Lt. Governor,,DEM,write-in,1
Foster,Governor and Lt. Governor,,LIB,Roland Riemers,5
Foster,Governor and Lt. Governor,,LIB,write-in,0
Foster,Governor and Lt. Governor,,REP,Jack Dalrymple & Drew Wrigley,535
Foster,Governor and Lt. Governor,,REP,write-in,3
Foster,Governor and Lt. Governor Constitution,,CON,write-in,0
Foster,Initiated Constitutional Measure No. 2: Relating to Elimination of Property Taxes and Replacement of Lost Revenue.,,,No,877
Foster,Initiated Constitutional Measure No. 2: Relating to Elimination of Property Taxes and Replacement of Lost Revenue.,,,Yes,167
Foster,Initiated Constitutional Measure No. 3: Relating to Government Prohibited from Burdening the Exercise of Religious Liberty.,,,No,650
Foster,Initiated Constitutional Measure No. 3: Relating to Government Prohibited from Burdening the Exercise of Religious Liberty.,,,Yes,362
Foster,Insurance Commissioner,,DEM,Tom Potter,308
Foster,Insurance Commissioner,,DEM,write-in,0
Foster,Insurance Commissioner,,LIB,write-in,0
Foster,Insurance Commissioner,,REP,Adam Hamm,520
Foster,Insurance Commissioner,,REP,write-in,1
Foster,Insurance Commissioner Constitution,,CON,write-in,0
Foster,Judge of the District Court No. 10 Unexpired Term Southeast,,NON,Thomas E Merrick,751
Foster,Judge of the District Court No. 10 Unexpired Term Southeast,,NON,write-in,4
Foster,Judge of the District Court No. 8 Southeast,,NON,Brad Cruff,531
Foster,Judge of the District Court No. 8 Southeast,,NON,Richard W Grosz,292
Foster,Judge of the District Court No. 8 Southeast,,NON,write-in,0
Foster,Judge of the District Court No. 9 Southeast,,NON,John E Greenwood,768
Foster,Judge of the District Court No. 9 Southeast,,NON,write-in,5
Foster,Justice of the Supreme Court,,NON,Daniel J Crothers,500
Foster,Justice of the Supreme Court,,NON,write-in,0
Foster,Mayor Glenfield,,NON,Iris Brandt,16
Foster,Mayor Glenfield,,NON,write-in,0
Foster,Mayor Grace City,,NON,Cole Ellingson,21
Foster,Mayor Grace City,,NON,write-in,0
Foster,Mayor McHenry,,NON,Jeanne Hoyt,27
Foster,Mayor McHenry,,NON,write-in,1
Foster,Park Board Member Carrington Park,,NON,write-in,96
Foster,Park Board Member Grace City Park,,NON,write-in,12
Foster,Public Service Commissioner,,DEM,Brad Crabtree,309
Foster,Public Service Commissioner,,DEM,write-in,0
Foster,Public Service Commissioner,,LIB,Joshua Voytek,4
Foster,Public Service Commissioner,,LIB,write-in,0
Foster,Public Service Commissioner,,REP,Randy Christmann,515
Foster,Public Service Commissioner,,REP,write-in,2
Foster,Public Service Commissioner Constitution,,CON,write-in,0
Foster,Referendum Measure No. 4: Relating to University of North Dakota Athletic Nickname and Logo.,,,No,362
Foster,Referendum Measure No. 4: Relating to University of North Dakota Athletic Nickname and Logo.,,,Yes,661
Foster,Representative in Congress Constitution,,CON,write-in,0
Foster,State Auditor,,DEM,Scot Kelsh,311
Foster,State Auditor,,DEM,write-in,0
Foster,State Auditor,,LIB,write-in,0
Foster,State Auditor,,REP,Robert R (Bob) Peterson,517
Foster,State Auditor,,REP,write-in,1
Foster,State Auditor Constitution,,CON,write-in,0
Foster,State Treasurer,,DEM,Ross Mushik,306
Foster,State Treasurer,,DEM,write-in,0
Foster,State Treasurer,,LIB,write-in,1
Foster,State Treasurer,,REP,Kelly Schmidt,520
Foster,State Treasurer,,REP,write-in,1
Foster,State Treasurer Constitution,,CON,write-in,0
Foster,Superintendent of Public Instruction,,NON,Kirsten Baesler,183
Foster,Superintendent of Public Instruction,,NON,Max Laird,170
Foster,Superintendent of Public Instruction,,NON,Tracy Potter,219
Foster,Superintendent of Public Instruction,,NON,write-in,0
Foster,U.S. House,1,DEM,Pam Gulleson,310
Foster,U.S. House,1,DEM,write-in,0
Foster,U.S. House,1,LIB,Eric Olson,5
Foster,U.S. House,1,LIB,write-in,0
Foster,U.S. House,1,REP,Brian P Kalk,231
Foster,U.S. House,1,REP,Kevin Cramer,338
Foster,U.S. House,1,REP,write-in,0
Foster,U.S. Senate,,DEM,Heidi Heitkamp,350
Foster,U.S. Senate,,DEM,write-in,0
Foster,U.S. Senate,,LIB,write-in,0
Foster,U.S. Senate,,REP,Duane Sand,179
Foster,U.S. Senate,,REP,Rick Berg,400
Foster,U.S. Senate,,REP,write-in,1
Foster,United States Senator Constitution,,CON,write-in,0
Golden Valley,City Measure Beach,,,No,31
Golden Valley,City Measure Beach,,,Yes,278
Golden Valley,Constitutional Measure No. 1: Legislative Assembly Appointments.,,,No,189
Golden Valley,Constitutional Measure No. 1: Legislative Assembly Appointments.,,,Yes,304
Golden Valley,Council Member Beach,,NON,Jeanne Larson,233
Golden Valley,Council Member Beach,,NON,Maria Marman,120
Golden Valley,Council Member Beach,,NON,Mark Benes,256
Golden Valley,Council Member Beach,,NON,Wade Walworth,221
Golden Valley,Council Member Beach,,NON,write-in,7
Golden Valley,County Commissioner Golden Valley - District 2,,NON,Harley Steffen,456
Golden Valley,County Commissioner Golden Valley - District 2,,NON,write-in,23
Golden Valley,Governor and Lt. Governor,,DEM,Ryan M Taylor & Ellen Chaffee,120
Golden Valley,Governor and Lt. Governor,,DEM,write-in,0
Golden Valley,Governor and Lt. Governor,,LIB,Roland Riemers,1
Golden Valley,Governor and Lt. Governor,,LIB,write-in,0
Golden Valley,Governor and Lt. Governor,,REP,Jack Dalrymple & Drew Wrigley,371
Golden Valley,Governor and Lt. Governor,,REP,write-in,1
Golden Valley,Governor and Lt. Governor Constitution,,CON,write-in,0
Golden Valley,Initiated Constitutional Measure No. 2: Relating to Elimination of Property Taxes and Replacement of Lost Revenue.,,,No,487
Golden Valley,Initiated Constitutional Measure No. 2: Relating to Elimination of Property Taxes and Replacement of Lost Revenue.,,,Yes,82
Golden Valley,Initiated Constitutional Measure No. 3: Relating to Government Prohibited from Burdening the Exercise of Religious Liberty.,,,No,197
Golden Valley,Initiated Constitutional Measure No. 3: Relating to Government Prohibited from Burdening the Exercise of Religious Liberty.,,,Yes,368
Golden Valley,Insurance Commissioner,,DEM,Tom Potter,113
Golden Valley,Insurance Commissioner,,DEM,write-in,0
Golden Valley,Insurance Commissioner,,LIB,write-in,0
Golden Valley,Insurance Commissioner,,REP,Adam Hamm,349
Golden Valley,Insurance Commissioner,,REP,write-in,0
Golden Valley,Insurance Commissioner Constitution,,CON,write-in,0
Golden Valley,Judge of the District Court No. 1 Southwest,,NON,Zane Anderson,342
Golden Valley,Judge of the District Court No. 1 Southwest,,NON,write-in,2
Golden Valley,Judge of the District Court No. 3 Southwest,,NON,Dann Greenwood,192
Golden Valley,Judge of the District Court No. 3 Southwest,,NON,Kevin McCabe,123
Golden Valley,Judge of the District Court No. 3 Southwest,,NON,Tom M Henning,91
Golden Valley,Judge of the District Court No. 3 Southwest,,NON,write-in,2
Golden Valley,Justice of the Supreme Court,,NON,Daniel J Crothers,323
Golden Valley,Justice of the Supreme Court,,NON,write-in,1
Golden Valley,Park Board Member Beach City Park,,NON,Jennifer Erickson,261
Golden Valley,Park Board Member Beach City Park,,NON,Michael Braden,261
Golden Valley,Park Board Member Beach City Park,,NON,Terry Egan,250
Golden Valley,Park Board Member Beach City Park,,NON,write-in,3
Golden Valley,Public Service Commissioner,,DEM,Brad Crabtree,112
Golden Valley,Public Service Commissioner,,DEM,write-in,0
Golden Valley,Public Service Commissioner,,LIB,Joshua Voytek,1
Golden Valley,Public Service Commissioner,,LIB,write-in,0
Golden Valley,Public Service Commissioner,,REP,Randy Christmann,342
Golden Valley,Public Service Commissioner,,REP,write-in,2
Golden Valley,Public Service Commissioner Constitution,,CON,write-in,0
Golden Valley,Referendum Measure No. 4: Relating to University of North Dakota Athletic Nickname and Logo.,,,No,245
Golden Valley,Referendum Measure No. 4: Relating to University of North Dakota Athletic Nickname and Logo.,,,Yes,292
Golden Valley,Representative in Congress Constitution,,CON,write-in,0
Golden Valley,School Board Member Beach SD - City Beach School District,,NON,Kimberly Nunberg,385
Golden Valley,School Board Member Beach SD - City Beach School District,,NON,write-in,5
Golden Valley,School Board Member Beach SD - Rural Beach School District,,NON,Robert Sperry,389
Golden Valley,School Board Member Beach SD - Rural Beach School District,,NON,write-in,3
Golden Valley,School Board Member Lone Tree School District,,NON,Brad Maus,89
Golden Valley,School Board Member Lone Tree School District,,NON,write-in,0
Golden Valley,School Measure Beach School District,,,No,42
Golden Valley,School Measure Beach School District,,,Yes,401
Golden Valley,School Measure Lone Tree School District,,,No,36
Golden Valley,School Measure Lone Tree School District,,,Yes,59
Golden Valley,State Auditor,,DEM,Scot Kelsh,114
Golden Valley,State Auditor,,DEM,write-in,0
Golden Valley,State Auditor,,LIB,write-in,0
Golden Valley,State Auditor,,REP,Robert R (Bob) Peterson,349
Golden Valley,State Auditor,,REP,write-in,0
Golden Valley,State Auditor Constitution,,CON,write-in,0
Golden Valley,State Treasurer,,DEM,Ross Mushik,114
Golden Valley,State Treasurer,,DEM,write-in,0
Golden Valley,State Treasurer,,LIB,write-in,0
Golden Valley,State Treasurer,,REP,Kelly Schmidt,346
Golden Valley,State Treasurer,,REP,write-in,1
Golden Valley,State Treasurer Constitution,,CON,write-in,0
Golden Valley,Superintendent of Public Instruction,,NON,Kirsten Baesler,162
Golden Valley,Superintendent of Public Instruction,,NON,Max Laird,83
Golden Valley,Superintendent of Public Instruction,,NON,Tracy Potter,106
Golden Valley,Superintendent of Public Instruction,,NON,write-in,1
Golden Valley,U.S. House,1,DEM,Pam Gulleson,113
Golden Valley,U.S. House,1,DEM,write-in,0
Golden Valley,U.S. House,1,LIB,Eric Olson,1
Golden Valley,U.S. House,1,LIB,write-in,0
Golden Valley,U.S. House,1,REP,Brian P Kalk,153
Golden Valley,U.S. House,1,REP,Kevin Cramer,227
Golden Valley,U.S. House,1,REP,write-in,0
Golden Valley,U.S. Senate,,DEM,Heidi Heitkamp,132
Golden Valley,U.S. Senate,,DEM,write-in,0
Golden Valley,U.S. Senate,,LIB,write-in,0
Golden Valley,U.S. Senate,,REP,Duane Sand,119
Golden Valley,U.S. Senate,,REP,Rick Berg,272
Golden Valley,U.S. Senate,,REP,write-in,0
Golden Valley,United States Senator Constitution,,CON,write-in,0
Grand Forks,Constitutional Measure No. 1: Legislative Assembly Appointments.,,,No,4884
Grand Forks,Constitutional Measure No. 1: Legislative Assembly Appointments.,,,Yes,9778
Grand Forks,Council Member Emerado,,NON,James Hamilton,29
Grand Forks,Council Member Emerado,,NON,Tony Hanson,35
Grand Forks,Council Member Emerado,,NON,write-in,1
Grand Forks,Council Member Gilby,,NON,Kim Magnus,48
Grand Forks,Council Member Gilby,,NON,Scott Hulst,56
Grand Forks,Council Member Gilby,,NON,write-in,1
Grand Forks,Council Member Grand Forks Ward 1,,NON,Terry Bjerke,702
Grand Forks,Council Member Grand Forks Ward 1,,NON,write-in,31
Grand Forks,Council Member Grand Forks Ward 3,,NON,Bret A Weber,558
Grand Forks,Council Member Grand Forks Ward 3,,NON,Daniel Hennessy,337
Grand Forks,Council Member Grand Forks Ward 3,,NON,Donald R Forsman,274
Grand Forks,Council Member Grand Forks Ward 3,,NON,write-in,4
Grand Forks,Council Member Grand Forks Ward 5,,NON,Douglas A Christensen,1352
Grand Forks,Council Member Grand Forks Ward 5,,NON,Sandra Marshall,945
Grand Forks,Council Member Grand Forks Ward 5,,NON,write-in,4
Grand Forks,Council Member Grand Forks Ward 7,,NON,Jennifer Dame,539
Grand Forks,Council Member Grand Forks Ward 7,,NON,Kenneth A Vein,1080
Grand Forks,Council Member Grand Forks Ward 7,,NON,write-in,4
Grand Forks,Council Member Inkster,,NON,Denny Johnson,11
Grand Forks,Council Member Inkster,,NON,Natalie Janzen,11
Grand Forks,Council Member Inkster,,NON,write-in,0
Grand Forks,Council Member Larimore Ward 1,,NON,Susan Christiansen,95
Grand Forks,Council Member Larimore Ward 1,,NON,write-in,1
Grand Forks,Council Member Larimore Ward 2,,NON,Dusty Huntley,68
Grand Forks,Council Member Larimore Ward 2,,NON,Michael Coachman,45
Grand Forks,Council Member Larimore Ward 2,,NON,write-in,1
Grand Forks,Council Member Larimore Ward 3,,NON,write-in,53
Grand Forks,Council Member Manvel,,NON,Jodie Wohlgamuth,67
Grand Forks,Council Member Manvel,,NON,Paul Osowski,87
Grand Forks,Council Member Manvel,,NON,write-in,4
Grand Forks,Council Member Niagara,,NON,Brandon Brueckner,21
Grand Forks,Council Member Niagara,,NON,Greg Neumann,13
Grand Forks,Council Member Niagara,,NON,write-in,3
Grand Forks,Council Member Northwood Ward 1,,NON,James A Tangen,84
Grand Forks,Council Member Northwood Ward 1,,NON,write-in,1
Grand Forks,Council Member Northwood Ward 2,,NON,write-in,12
Grand Forks,Council Member Northwood Ward 3,,NON,Beth Johnson,100
Grand Forks,Council Member Northwood Ward 3,,NON,write-in,9
Grand Forks,Council Member Reynolds,,NON,Jeff Moen,24
Grand Forks,Council Member Reynolds,,NON,Jeff Syverson,26
Grand Forks,Council Member Reynolds,,NON,write-in,4
Grand Forks,Council Member Thompson,,NON,John Berthold,186
Grand Forks,Council Member Thompson,,NON,Mary Bergstrom,158
Grand Forks,Council Member Thompson,,NON,Richard Parton,160
Grand Forks,Council Member Thompson,,NON,write-in,12
Grand Forks,Council Member Unexpired Two Year Term Emerado,,NON,Joel Linneman,61
Grand Forks,Council Member Unexpired Two Year Term Emerado,,NON,write-in,5
Grand Forks,Council Member Unexpired Two Year Term Manvel,,NON,Bill Bushaw,90
Grand Forks,Council Member Unexpired Two Year Term Manvel,,NON,write-in,1
Grand Forks,County Commissioner Grand Forks,,NON,Cory J Solem,5624
Grand Forks,County Commissioner Grand Forks,,NON,Cynthia L Pic,7041
Grand Forks,County Commissioner Grand Forks,,NON,John M Schmisek,8116
Grand Forks,County Commissioner Grand Forks,,NON,write-in,59
Grand Forks,"Director, Garrison Diversion Conservancy Grand Forks",,NON,Kenneth Vein,11560
Grand Forks,"Director, Garrison Diversion Conservancy Grand Forks",,NON,write-in,45
Grand Forks,Emerado City Measure 1 Emerado,,,No,12
Grand Forks,Emerado City Measure 1 Emerado,,,Yes,61
Grand Forks,Gilby City Measure 1 Gilby,,,No,20
Grand Forks,Gilby City Measure 1 Gilby,,,Yes,50
Grand Forks,Governor and Lt. Governor,,DEM,Ryan M Taylor & Ellen Chaffee,5614
Grand Forks,Governor and Lt. Governor,,DEM,write-in,12
Grand Forks,Governor and Lt. Governor,,LIB,Roland Riemers,80
Grand Forks,Governor and Lt. Governor,,LIB,write-in,1
Grand Forks,Governor and Lt. Governor,,REP,Jack Dalrymple & Drew Wrigley,7820
Grand Forks,Governor and Lt. Governor,,REP,write-in,77
Grand Forks,Governor and Lt. Governor Constitution,,CON,write-in,4
Grand Forks,Grand Forks City Measure 1 Grand Forks,,,No,4782
Grand Forks,Grand Forks City Measure 1 Grand Forks,,,Yes,6995
Grand Forks,Initiated Constitutional Measure No. 2: Relating to Elimination of Property Taxes and Replacement of Lost Revenue.,,,No,11993
Grand Forks,Initiated Constitutional Measure No. 2: Relating to Elimination of Property Taxes and Replacement of Lost Revenue.,,,Yes,3847
Grand Forks,Initiated Constitutional Measure No. 3: Relating to Government Prohibited from Burdening the Exercise of Religious Liberty.,,,No,10512
Grand Forks,Initiated Constitutional Measure No. 3: Relating to Government Prohibited from Burdening the Exercise of Religious Liberty.,,,Yes,4965
Grand Forks,Inkster City Measure 1 Inkster,,,No,3
Grand Forks,Inkster City Measure 1 Inkster,,,Yes,5
Grand Forks,Insurance Commissioner,,DEM,Tom Potter,5481
Grand Forks,Insurance Commissioner,,DEM,write-in,10
Grand Forks,Insurance Commissioner,,LIB,write-in,7
Grand Forks,Insurance Commissioner,,REP,Adam Hamm,7313
Grand Forks,Insurance Commissioner,,REP,write-in,22
Grand Forks,Insurance Commissioner Constitution,,CON,write-in,3
Grand Forks,Judge of the District Court No. 2 Northeast Central,,NON,Karen K Braaten,11297
Grand Forks,Judge of the District Court No. 2 Northeast Central,,NON,write-in,42
Grand Forks,Justice of the Supreme Court,,NON,Daniel J Crothers,9014
Grand Forks,Justice of the Supreme Court,,NON,write-in,34
Grand Forks,Larimore City Measure 1 Larimore,,,No,34
Grand Forks,Larimore City Measure 1 Larimore,,,Yes,357
Grand Forks,Manvel City Measure 1 Manvel,,,No,31
Grand Forks,Manvel City Measure 1 Manvel,,,Yes,77
Grand Forks,Mayor Gilby,,NON,Robert Mclean,57
Grand Forks,Mayor Gilby,,NON,write-in,2
Grand Forks,Mayor Grand Forks,,NON,Michael R Brown,8190
Grand Forks,Mayor Grand Forks,,NON,Tyrone Grandstrand,3688
Grand Forks,Mayor Grand Forks,,NON,write-in,29
Grand Forks,Mayor Inkster,,NON,Doug Petron,8
Grand Forks,Mayor Inkster,,NON,write-in,1
Grand Forks,Mayor Manvel,,NON,Chad Gilbertson,85
Grand Forks,Mayor Manvel,,NON,write-in,4
Grand Forks,Mayor Thompson,,NON,Karyn Hippen,262
Grand Forks,Mayor Thompson,,NON,write-in,17
Grand Forks,Mayor Unexpired Two Year Term Northwood,,NON,write-in,170
Grand Forks,Municipal Judge Grand Forks,,NON,Alvin O Boucher,5110
Grand Forks,Municipal Judge Grand Forks,,NON,John E Widdel Jr,4444
Grand Forks,Municipal Judge Grand Forks,,NON,write-in,26
Grand Forks,Municipal Judge Northwood,,NON,Alvin O Boucher,227
Grand Forks,Municipal Judge Northwood,,NON,write-in,3
Grand Forks,Niagara City Measure 1 Niagara,,,No,8
Grand Forks,Niagara City Measure 1 Niagara,,,Yes,15
Grand Forks,Northwood City Measure 1 Northwood,,,No,17
Grand Forks,Northwood City Measure 1 Northwood,,,Yes,246
Grand Forks,Park Board Commissioner Grand Forks Park,,NON,Jay Panzer,6901
Grand Forks,Park Board Commissioner Grand Forks Park,,NON,Paul Barta,5332
Grand Forks,Park Board Commissioner Grand Forks Park,,NON,Russell Kraft,4933
Grand Forks,Park Board Commissioner Grand Forks Park,,NON,write-in,34
Grand Forks,Park Board Member Emerado Park,,NON,Karen Gillespie,54
Grand Forks,Park Board Member Emerado Park,,NON,Rhonda Henneman,47
Grand Forks,Park Board Member Emerado Park,,NON,Roberta Milford,50
Grand Forks,Park Board Member Emerado Park,,NON,write-in,13
Grand Forks,Park Board Member Larimore Park,,NON,Julie Mutch,344
Grand Forks,Park Board Member Larimore Park,,NON,write-in,34
Grand Forks,Park Board Member Manvel Park,,NON,write-in,38
Grand Forks,Park Board Member Northwood Park,,NON,Chris Burwell,168
Grand Forks,Park Board Member Northwood Park,,NON,Mary K Brenden,208
Grand Forks,Park Board Member Northwood Park,,NON,write-in,34
Grand Forks,Park Board Member Reynolds Park,,NON,write-in,9
Grand Forks,Park Board Member Thompson Park,,NON,write-in,78
Grand Forks,Park Board Member Unexpired Two Year Term Northwood Park,,NON,Cherie A Korsmo,237
Grand Forks,Park Board Member Unexpired Two Year Term Northwood Park,,NON,write-in,5
Grand Forks,Public Service Commissioner,,DEM,Brad Crabtree,5453
Grand Forks,Public Service Commissioner,,DEM,write-in,14
Grand Forks,Public Service Commissioner,,LIB,Joshua Voytek,81
Grand Forks,Public Service Commissioner,,LIB,write-in,1
Grand Forks,Public Service Commissioner,,REP,Randy Christmann,7218
Grand Forks,Public Service Commissioner,,REP,write-in,18
Grand Forks,Public Service Commissioner Constitution,,CON,write-in,4
Grand Forks,Referendum Measure No. 4: Relating to University of North Dakota Athletic Nickname and Logo.,,,No,4525
Grand Forks,Referendum Measure No. 4: Relating to University of North Dakota Athletic Nickname and Logo.,,,Yes,11295
Grand Forks,Representative in Congress Constitution,,CON,write-in,5
Grand Forks,Reynolds City Measure 1 Reynolds,,,No,4
Grand Forks,Reynolds City Measure 1 Reynolds,,,Yes,29
Grand Forks,School Board Member Grand Forks School Dist,,NON,Cory Solem,3424
Grand Forks,School Board Member Grand Forks School Dist,,NON,Eric Burin,3017
Grand Forks,School Board Member Grand Forks School Dist,,NON,Eric Lunn,5218
Grand Forks,School Board Member Grand Forks School Dist,,NON,Jay Smith,3071
Grand Forks,School Board Member Grand Forks School Dist,,NON,Kelly Hogness,3845
Grand Forks,School Board Member Grand Forks School Dist,,NON,Margaret Brack,3090
Grand Forks,School Board Member Grand Forks School Dist,,NON,Roger Pohlman,4143
Grand Forks,School Board Member Grand Forks School Dist,,NON,Roland Riemers,1354
Grand Forks,School Board Member Grand Forks School Dist,,NON,Vicki Ericson,6022
Grand Forks,School Board Member Grand Forks School Dist,,NON,write-in,68
Grand Forks,School District Measure 1 Grand Forks School Dist,,,No,3849
Grand Forks,School District Measure 1 Grand Forks School Dist,,,Yes,8042
Grand Forks,State Auditor,,DEM,Scot Kelsh,5444
Grand Forks,State Auditor,,DEM,write-in,10
Grand Forks,State Auditor,,LIB,write-in,8
Grand Forks,State Auditor,,REP,Robert R (Bob) Peterson,7327
Grand Forks,State Auditor,,REP,write-in,13
Grand Forks,State Auditor Constitution,,CON,write-in,3
Grand Forks,State House,18,DEM,Eliot Glassheim,1208
Grand Forks,State House,18,DEM,Marie Strinden,1035
Grand Forks,State House,18,DEM,write-in,4
Grand Forks,State House,18,LIB,write-in,5
Grand Forks,State House,18,REP,Dane J Ferguson,1073
Grand Forks,State House,18,REP,write-in,9
Grand Forks,State House,19,DEM,Carol Gierszewski,383
Grand Forks,State House,19,DEM,"Robert ""Tork"" Kilichowski",350
Grand Forks,State House,19,DEM,write-in,1
Grand Forks,State House,19,LIB,write-in,2
Grand Forks,State House,19,REP,Gary Paur,765
Grand Forks,State House,19,REP,Wayne Trottier,742
Grand Forks,State House,19,REP,write-in,6
Grand Forks,State House,20,DEM,Gail Mooney,307
Grand Forks,State House,20,DEM,Rick Holman,310
Grand Forks,State House,20,DEM,write-in,0
Grand Forks,State House,20,LIB,write-in,4
Grand Forks,State House,20,REP,write-in,22
Grand Forks,State House,42,DEM,Corey Mock,688
Grand Forks,State House,42,DEM,Kylie Oversen,622
Grand Forks,State House,42,DEM,write-in,2
Grand Forks,State House,42,LIB,write-in,3
Grand Forks,State House,42,REP,John Mitzel,518
Grand Forks,State House,42,REP,Josh Schreiner,489
Grand Forks,State House,42,REP,Mike Peterson,469
Grand Forks,State House,42,REP,write-in,10
Grand Forks,State Representative District 18 Constitution,,CON,write-in,2
Grand Forks,State Representative District 19 Constitution,,CON,write-in,0
Grand Forks,State Representative District 20 Constitution,,CON,write-in,2
Grand Forks,State Representative District 42 Constitution,,CON,write-in,3
Grand Forks,State Senate,18,DEM,Connie Triplett,1321
Grand Forks,State Senate,18,DEM,write-in,7
Grand Forks,State Senate,18,LIB,write-in,2
Grand Forks,State Senate,18,REP,David Waterman,1064
Grand Forks,State Senate,18,REP,write-in,10
Grand Forks,State Senate,19,DEM,Julius M Wangler,440
Grand Forks,State Senate,19,DEM,write-in,0
Grand Forks,State Senate,19,LIB,write-in,1
Grand Forks,State Senate,19,REP,Gerald (Gerry) Uglem,670
Grand Forks,State Senate,19,REP,Tom Campbell,398
Grand Forks,State Senate,19,REP,write-in,2
Grand Forks,State Senate,20,DEM,Phil Murphy,350
Grand Forks,State Senate,20,DEM,write-in,1
Grand Forks,State Senate,20,LIB,write-in,2
Grand Forks,State Senate,20,REP,write-in,30
Grand Forks,State Senate,42,DEM,Mac Schneider,766
Grand Forks,State Senate,42,DEM,write-in,0
Grand Forks,State Senate,42,LIB,write-in,1
Grand Forks,State Senate,42,REP,Ross Lien,808
Grand Forks,State Senate,42,REP,write-in,9
Grand Forks,State Senator District 18 Constitution,,CON,write-in,1
Grand Forks,State Senator District 19 Constitution,,CON,write-in,0
Grand Forks,State Senator District 20 Constitution,,CON,write-in,1
Grand Forks,State Senator District 42 Constitution,,CON,write-in,2
Grand Forks,State Treasurer,,DEM,Ross Mushik,5395
Grand Forks,State Treasurer,,DEM,write-in,9
Grand Forks,State Treasurer,,LIB,write-in,8
Grand Forks,State Treasurer,,REP,Kelly Schmidt,7251
Grand Forks,State Treasurer,,REP,write-in,17
Grand Forks,State Treasurer Constitution,,CON,write-in,3
Grand Forks,Superintendent of Public Instruction,,NON,Kirsten Baesler,2527
Grand Forks,Superintendent of Public Instruction,,NON,Max Laird,4867
Grand Forks,Superintendent of Public Instruction,,NON,Tracy Potter,2871
Grand Forks,Superintendent of Public Instruction,,NON,write-in,19
Grand Forks,Thompson City Measure 1 Thompson,,,No,85
Grand Forks,Thompson City Measure 1 Thompson,,,Yes,241
Grand Forks,U.S. House,1,DEM,Pam Gulleson,5615
Grand Forks,U.S. House,1,DEM,write-in,13
Grand Forks,U.S. House,1,LIB,Eric Olson,77
Grand Forks,U.S. House,1,LIB,write-in,1
Grand Forks,U.S. House,1,REP,Brian P Kalk,3972
Grand Forks,U.S. House,1,REP,Kevin Cramer,4084
Grand Forks,U.S. House,1,REP,write-in,9
Grand Forks,U.S. Senate,,DEM,Heidi Heitkamp,6200
Grand Forks,U.S. Senate,,DEM,write-in,17
Grand Forks,U.S. Senate,,LIB,write-in,11
Grand Forks,U.S. Senate,,REP,Duane Sand,2460
Grand Forks,U.S. Senate,,REP,Rick Berg,5907
Grand Forks,U.S. Senate,,REP,write-in,7
Grand Forks,United States Senator Constitution,,CON,write-in,6
Grant,Constitutional Measure No. 1: Legislative Assembly Appointments.,,,No,389
Grant,Constitutional Measure No. 1: Legislative Assembly Appointments.,,,Yes,549
Grant,County Measure 1 Grant,,,No,681
Grant,County Measure 1 Grant,,,Yes,326
Grant,"Director, Southwest Water Authority Grant",,NON,Brian Roth,743
Grant,"Director, Southwest Water Authority Grant",,NON,write-in,4
Grant,Governor and Lt. Governor,,DEM,Ryan M Taylor & Ellen Chaffee,254
Grant,Governor and Lt. Governor,,DEM,write-in,3
Grant,Governor and Lt. Governor,,LIB,Roland Riemers,3
Grant,Governor and Lt. Governor,,LIB,write-in,0
Grant,Governor and Lt. Governor,,REP,Jack Dalrymple & Drew Wrigley,631
Grant,Governor and Lt. Governor,,REP,write-in,2
Grant,Governor and Lt. Governor Constitution,,CON,write-in,1
Grant,Grant County Commissioner Grant - District 1,,NON,Donald Roth,697
Grant,Grant County Commissioner Grant - District 1,,NON,write-in,41
Grant,Grant County Commissioner Grant - District 2,,NON,Keith Payne,745
Grant,Grant County Commissioner Grant - District 2,,NON,write-in,31
Grant,Grant County States Attorney Unexpired 2 year term Grant,,NON,Jennifer Hauge,764
Grant,Grant County States Attorney Unexpired 2 year term Grant,,NON,write-in,6
Grant,Initiated Constitutional Measure No. 2: Relating to Elimination of Property Taxes and Replacement of Lost Revenue.,,,No,863
Grant,Initiated Constitutional Measure No. 2: Relating to Elimination of Property Taxes and Replacement of Lost Revenue.,,,Yes,165
Grant,Initiated Constitutional Measure No. 3: Relating to Government Prohibited from Burdening the Exercise of Religious Liberty.,,,No,562
Grant,Initiated Constitutional Measure No. 3: Relating to Government Prohibited from Burdening the Exercise of Religious Liberty.,,,Yes,412
Grant,Insurance Commissioner,,DEM,Tom Potter,233
Grant,Insurance Commissioner,,DEM,write-in,1
Grant,Insurance Commissioner,,LIB,write-in,0
Grant,Insurance Commissioner,,REP,Adam Hamm,616
Grant,Insurance Commissioner,,REP,write-in,0
Grant,Insurance Commissioner Constitution,,CON,write-in,1
Grant,Judge of the District Court No. 4 South Central,,NON,Bruce B Haskell,710
Grant,Judge of the District Court No. 4 South Central,,NON,write-in,2
Grant,Judge of the District Court No. 9 South Central,,NON,Bruce A Romanick,691
Grant,Judge of the District Court No. 9 South Central,,NON,write-in,3
Grant,Justice of the Supreme Court,,NON,Daniel J Crothers,711
Grant,Justice of the Supreme Court,,NON,write-in,3
Grant,Public Service Commissioner,,DEM,Brad Crabtree,236
Grant,Public Service Commissioner,,DEM,write-in,1
Grant,Public Service Commissioner,,LIB,Joshua Voytek,2
Grant,Public Service Commissioner,,LIB,write-in,0
Grant,Public Service Commissioner,,REP,Randy Christmann,607
Grant,Public Service Commissioner,,REP,write-in,1
Grant,Public Service Commissioner Constitution,,CON,write-in,1
Grant,Referendum Measure No. 4: Relating to University of North Dakota Athletic Nickname and Logo.,,,No,434
Grant,Referendum Measure No. 4: Relating to University of North Dakota Athletic Nickname and Logo.,,,Yes,551
Grant,Representative in Congress Constitution,,CON,write-in,1
Grant,State Auditor,,DEM,Scot Kelsh,239
Grant,State Auditor,,DEM,write-in,0
Grant,State Auditor,,LIB,write-in,0
Grant,State Auditor,,REP,Robert R (Bob) Peterson,611
Grant,State Auditor,,REP,write-in,0
Grant,State Auditor Constitution,,CON,write-in,1
Grant,State Treasurer,,DEM,Ross Mushik,231
Grant,State Treasurer,,DEM,write-in,0
Grant,State Treasurer,,LIB,write-in,0
Grant,State Treasurer,,REP,Kelly Schmidt,609
Grant,State Treasurer,,REP,write-in,0
Grant,State Treasurer Constitution,,CON,write-in,1
Grant,Superintendent of Public Instruction,,NON,Kirsten Baesler,433
Grant,Superintendent of Public Instruction,,NON,Max Laird,129
Grant,Superintendent of Public Instruction,,NON,Tracy Potter,223
Grant,Superintendent of Public Instruction,,NON,write-in,0
Grant,U.S. House,1,DEM,Pam Gulleson,234
Grant,U.S. House,1,DEM,write-in,1
Grant,U.S. House,1,LIB,Eric Olson,3
Grant,U.S. House,1,LIB,write-in,0
Grant,U.S. House,1,REP,Brian P Kalk,194
Grant,U.S. House,1,REP,Kevin Cramer,472
Grant,U.S. House,1,REP,write-in,0
Grant,U.S. Senate,,DEM,Heidi Heitkamp,265
Grant,U.S. Senate,,DEM,write-in,0
Grant,U.S. Senate,,LIB,write-in,1
Grant,U.S. Senate,,REP,Duane Sand,234
Grant,U.S. Senate,,REP,Rick Berg,446
Grant,U.S. Senate,,REP,write-in,2
Grant,United States Senator Constitution,,CON,write-in,1
Griggs,CITY MEASURE 1 Binford,,,No,4
Griggs,CITY MEASURE 1 Binford,,,Yes,85
Griggs,CITY MEASURE 1 Cooperstown,,,No,31
Griggs,CITY MEASURE 1 Cooperstown,,,Yes,370
Griggs,CITY MEASURE 1 Hannaford,,,No,6
Griggs,CITY MEASURE 1 Hannaford,,,Yes,40
Griggs,Constitutional Measure No. 1: Legislative Assembly Appointments.,,,No,368
Griggs,Constitutional Measure No. 1: Legislative Assembly Appointments.,,,Yes,511
Griggs,Council Member Binford,,NON,Audrey J. Auen,35
Griggs,Council Member Binford,,NON,Dorreen Beaver,7
Griggs,Council Member Binford,,NON,Jessica Overby,8
Griggs,Council Member Binford,,NON,Joshua Barclay,16
Griggs,Council Member Binford,,NON,Michael Zentz,17
Griggs,Council Member Binford,,NON,write-in,78
Griggs,Council Member Cooperstown,,NON,Ernest Brager,286
Griggs,Council Member Cooperstown,,NON,Rickey L. Cushman,293
Griggs,Council Member Cooperstown,,NON,write-in,106
Griggs,Council Member Hannaford,,NON,Donna Hankins,38
Griggs,Council Member Hannaford,,NON,write-in,13
Griggs,Council Member Unexpired Term Binford,,NON,Myrna Leininger,84
Griggs,Council Member Unexpired Term Binford,,NON,write-in,2
Griggs,Council Member Unexpired Term Cooperstown,,NON,Paul Paintner,351
Griggs,Council Member Unexpired Term Cooperstown,,NON,write-in,7
Griggs,County Commissioner Griggs - District 2,,NON,Diane Cowdrey,164
Griggs,County Commissioner Griggs - District 2,,NON,write-in,16
Griggs,County Commissioner Griggs - District 4,,NON,Keith Monson,123
Griggs,County Commissioner Griggs - District 4,,NON,write-in,3
Griggs,County Measure #1 Griggs,,,No,542
Griggs,County Measure #1 Griggs,,,Yes,423
Griggs,"Director, Garrison Diversion Conservancy Griggs",,NON,John Leininger,673
Griggs,"Director, Garrison Diversion Conservancy Griggs",,NON,write-in,10
Griggs,Governor and Lt. Governor,,DEM,Ryan M Taylor & Ellen Chaffee,341
Griggs,Governor and Lt. Governor,,DEM,write-in,0
Griggs,Governor and Lt. Governor,,LIB,Roland Riemers,4
Griggs,Governor and Lt. Governor,,LIB,write-in,0
Griggs,Governor and Lt. Governor,,REP,Jack Dalrymple & Drew Wrigley,494
Griggs,Governor and Lt. Governor,,REP,write-in,2
Griggs,Governor and Lt. Governor Constitution,,CON,write-in,0
Griggs,Initiated Constitutional Measure No. 2: Relating to Elimination of Property Taxes and Replacement of Lost Revenue.,,,No,791
Griggs,Initiated Constitutional Measure No. 2: Relating to Elimination of Property Taxes and Replacement of Lost Revenue.,,,Yes,185
Griggs,Initiated Constitutional Measure No. 3: Relating to Government Prohibited from Burdening the Exercise of Religious Liberty.,,,No,601
Griggs,Initiated Constitutional Measure No. 3: Relating to Government Prohibited from Burdening the Exercise of Religious Liberty.,,,Yes,347
Griggs,Insurance Commissioner,,DEM,Tom Potter,324
Griggs,Insurance Commissioner,,DEM,write-in,0
Griggs,Insurance Commissioner,,LIB,write-in,0
Griggs,Insurance Commissioner,,REP,Adam Hamm,483
Griggs,Insurance Commissioner,,REP,write-in,2
Griggs,Insurance Commissioner Constitution,,CON,write-in,0
Griggs,Judge of the District Court No. 10 Unexpired Term Southeast,,NON,Thomas E Merrick,653
Griggs,Judge of the District Court No. 10 Unexpired Term Southeast,,NON,write-in,0
Griggs,Judge of the District Court No. 8 Southeast,,NON,Brad Cruff,412
Griggs,Judge of the District Court No. 8 Southeast,,NON,Richard W Grosz,155
Griggs,Judge of the District Court No. 8 Southeast,,NON,write-in,0
Griggs,Judge of the District Court No. 9 Southeast,,NON,John E Greenwood,658
Griggs,Judge of the District Court No. 9 Southeast,,NON,write-in,2
Griggs,Justice of the Supreme Court,,NON,Daniel J Crothers,528
Griggs,Justice of the Supreme Court,,NON,write-in,0
Griggs,Mayor Binford,,NON,Carrie Swanson,31
Griggs,Mayor Binford,,NON,James Frederick:Geisler,10
Griggs,Mayor Binford,,NON,write-in,49
Griggs,Mayor Hannaford,,NON,Calvin Vincent,30
Griggs,Mayor Hannaford,,NON,write-in,13
Griggs,Park Board Member Cooperstown Park,,NON,write-in,99
Griggs,Park Board Member Hannaford Park,,NON,write-in,19
Griggs,Park Board Member Unexpired Two Year Term Cooperstown Park,,NON,write-in,43
Griggs,Public Service Commissioner,,DEM,Brad Crabtree,323
Griggs,Public Service Commissioner,,DEM,write-in,0
Griggs,Public Service Commissioner,,LIB,Joshua Voytek,4
Griggs,Public Service Commissioner,,LIB,write-in,0
Griggs,Public Service Commissioner,,REP,Randy Christmann,470
Griggs,Public Service Commissioner,,REP,write-in,1
Griggs,Public Service Commissioner Constitution,,CON,write-in,0
Griggs,Referendum Measure No. 4: Relating to University of North Dakota Athletic Nickname and Logo.,,,No,366
Griggs,Referendum Measure No. 4: Relating to University of North Dakota Athletic Nickname and Logo.,,,Yes,588
Griggs,Representative in Congress Constitution,,CON,write-in,0
Griggs,State Auditor,,DEM,Scot Kelsh,328
Griggs,State Auditor,,DEM,write-in,0
Griggs,State Auditor,,LIB,write-in,0
Griggs,State Auditor,,REP,Robert R (Bob) Peterson,482
Griggs,State Auditor,,REP,write-in,0
Griggs,State Auditor Constitution,,CON,write-in,0
Griggs,State Treasurer,,DEM,Ross Mushik,317
Griggs,State Treasurer,,DEM,write-in,0
Griggs,State Treasurer,,LIB,write-in,0
Griggs,State Treasurer,,REP,Kelly Schmidt,480
Griggs,State Treasurer,,REP,write-in,1
Griggs,State Treasurer Constitution,,CON,write-in,0
Griggs,Superintendent of Public Instruction,,NON,Kirsten Baesler,221
Griggs,Superintendent of Public Instruction,,NON,Max Laird,162
Griggs,Superintendent of Public Instruction,,NON,Tracy Potter,187
Griggs,Superintendent of Public Instruction,,NON,write-in,0
Griggs,U.S. House,1,DEM,Pam Gulleson,332
Griggs,U.S. House,1,DEM,write-in,0
Griggs,U.S. House,1,LIB,Eric Olson,4
Griggs,U.S. House,1,LIB,write-in,0
Griggs,U.S. House,1,REP,Brian P Kalk,171
Griggs,U.S. House,1,REP,Kevin Cramer,329
Griggs,U.S. House,1,REP,write-in,0
Griggs,U.S. Senate,,DEM,Heidi Heitkamp,362
Griggs,U.S. Senate,,DEM,write-in,0
Griggs,U.S. Senate,,LIB,write-in,0
Griggs,U.S. Senate,,REP,Duane Sand,148
Griggs,U.S. Senate,,REP,Rick Berg,363
Griggs,U.S. Senate,,REP,write-in,0
Griggs,United States Senator Constitution,,CON,write-in,0
Hettinger,Constitutional Measure No. 1: Legislative Assembly Appointments.,,,No,344
Hettinger,Constitutional Measure No. 1: Legislative Assembly Appointments.,,,Yes,460
Hettinger,County Commissioner #DistrictName# Hettinger - District 1,,NON,JOHN R PLAGGEMEYER,554
Hettinger,County Commissioner #DistrictName# Hettinger - District 1,,NON,write-in,10
Hettinger,County Commissioner #DistrictName# Hettinger - District 3,,NON,Ron Friedt,567
Hettinger,County Commissioner #DistrictName# Hettinger - District 3,,NON,write-in,19
Hettinger,County Measure 1 Hettinger,,,No,252
Hettinger,County Measure 1 Hettinger,,,Yes,569
Hettinger,Governor and Lt. Governor,,DEM,Ryan M Taylor & Ellen Chaffee,212
Hettinger,Governor and Lt. Governor,,DEM,write-in,1
Hettinger,Governor and Lt. Governor,,LIB,Roland Riemers,2
Hettinger,Governor and Lt. Governor,,LIB,write-in,0
Hettinger,Governor and Lt. Governor,,REP,Jack Dalrymple & Drew Wrigley,519
Hettinger,Governor and Lt. Governor,,REP,write-in,1
Hettinger,Governor and Lt. Governor Constitution,,CON,write-in,0
Hettinger,Initiated Constitutional Measure No. 2: Relating to Elimination of Property Taxes and Replacement of Lost Revenue.,,,No,730
Hettinger,Initiated Constitutional Measure No. 2: Relating to Elimination of Property Taxes and Replacement of Lost Revenue.,,,Yes,123
Hettinger,Initiated Constitutional Measure No. 3: Relating to Government Prohibited from Burdening the Exercise of Religious Liberty.,,,No,437
Hettinger,Initiated Constitutional Measure No. 3: Relating to Government Prohibited from Burdening the Exercise of Religious Liberty.,,,Yes,395
Hettinger,Insurance Commissioner,,DEM,Tom Potter,214
Hettinger,Insurance Commissioner,,DEM,write-in,1
Hettinger,Insurance Commissioner,,LIB,write-in,0
Hettinger,Insurance Commissioner,,REP,Adam Hamm,500
Hettinger,Insurance Commissioner,,REP,write-in,1
Hettinger,Insurance Commissioner Constitution,,CON,write-in,0
Hettinger,Judge of the District Court No. 1 Southwest,,NON,Zane Anderson,528
Hettinger,Judge of the District Court No. 1 Southwest,,NON,write-in,6
Hettinger,Judge of the District Court No. 3 Southwest,,NON,Dann Greenwood,255
Hettinger,Judge of the District Court No. 3 Southwest,,NON,Kevin McCabe,106
Hettinger,Judge of the District Court No. 3 Southwest,,NON,Tom M Henning,195
Hettinger,Judge of the District Court No. 3 Southwest,,NON,write-in,1
Hettinger,Justice of the Supreme Court,,NON,Daniel J Crothers,490
Hettinger,Justice of the Supreme Court,,NON,write-in,5
Hettinger,Public Service Commissioner,,DEM,Brad Crabtree,211
Hettinger,Public Service Commissioner,,DEM,write-in,1
Hettinger,Public Service Commissioner,,LIB,Joshua Voytek,1
Hettinger,Public Service Commissioner,,LIB,write-in,0
Hettinger,Public Service Commissioner,,REP,Randy Christmann,493
Hettinger,Public Service Commissioner,,REP,write-in,3
Hettinger,Public Service Commissioner Constitution,,CON,write-in,0
Hettinger,Referendum Measure No. 4: Relating to University of North Dakota Athletic Nickname and Logo.,,,No,315
Hettinger,Referendum Measure No. 4: Relating to University of North Dakota Athletic Nickname and Logo.,,,Yes,515
Hettinger,Representative in Congress Constitution,,CON,write-in,0
Hettinger,State Auditor,,DEM,Scot Kelsh,213
Hettinger,State Auditor,,DEM,write-in,1
Hettinger,State Auditor,,LIB,write-in,0
Hettinger,State Auditor,,REP,Robert R (Bob) Peterson,502
Hettinger,State Auditor,,REP,write-in,1
Hettinger,State Auditor Constitution,,CON,write-in,0
Hettinger,State House,36,DEM,Bev Berger,64
Hettinger,State House,36,DEM,Shirley Meyer,102
Hettinger,State House,36,DEM,write-in,0
Hettinger,State House,36,LIB,write-in,0
Hettinger,State House,36,REP,Alan Fehr,127
Hettinger,State House,36,REP,Mike Schatz,184
Hettinger,State House,36,REP,write-in,2
Hettinger,State Representative District 36 Constitution,,CON,write-in,0
Hettinger,State Senate,36,DEM,Rich Brauhn,93
Hettinger,State Senate,36,DEM,write-in,1
Hettinger,State Senate,36,LIB,write-in,0
Hettinger,State Senate,36,REP,Kelly Armstrong,201
Hettinger,State Senate,36,REP,write-in,1
Hettinger,State Senator District 36 Constitution,,CON,write-in,0
Hettinger,State Treasurer,,DEM,Ross Mushik,205
Hettinger,State Treasurer,,DEM,write-in,1
Hettinger,State Treasurer,,LIB,write-in,0
Hettinger,State Treasurer,,REP,Kelly Schmidt,496
Hettinger,State Treasurer,,REP,write-in,1
Hettinger,State Treasurer Constitution,,CON,write-in,0
Hettinger,Superintendent of Public Instruction,,NON,Kirsten Baesler,260
Hettinger,Superintendent of Public Instruction,,NON,Max Laird,124
Hettinger,Superintendent of Public Instruction,,NON,Tracy Potter,188
Hettinger,Superintendent of Public Instruction,,NON,write-in,1
Hettinger,U.S. House,1,DEM,Pam Gulleson,209
Hettinger,U.S. House,1,DEM,write-in,2
Hettinger,U.S. House,1,LIB,Eric Olson,4
Hettinger,U.S. House,1,LIB,write-in,0
Hettinger,U.S. House,1,REP,Brian P Kalk,191
Hettinger,U.S. House,1,REP,Kevin Cramer,369
Hettinger,U.S. House,1,REP,write-in,1
Hettinger,U.S. Senate,,DEM,Heidi Heitkamp,237
Hettinger,U.S. Senate,,DEM,write-in,1
Hettinger,U.S. Senate,,LIB,write-in,0
Hettinger,U.S. Senate,,REP,Duane Sand,192
Hettinger,U.S. Senate,,REP,Rick Berg,369
Hettinger,U.S. Senate,,REP,write-in,1
Hettinger,United States Senator Constitution,,CON,write-in,0
Kidder,Constitutional Measure No. 1: Legislative Assembly Appointments.,,,No,287
Kidder,Constitutional Measure No. 1: Legislative Assembly Appointments.,,,Yes,473
Kidder,Council Member Dawson,,NON,Karen Kleppe,17
Kidder,Council Member Dawson,,NON,write-in,14
Kidder,Council Member Pettibone,,NON,write-in,14
Kidder,Council Member Robinson,,NON,write-in,3
Kidder,Council Member Steele,,NON,Alan J Malinowski Sr,120
Kidder,Council Member Steele,,NON,Jonathan Harter,148
Kidder,Council Member Steele,,NON,Wyatt Beachler,175
Kidder,Council Member Steele,,NON,write-in,46
Kidder,Council Member Tappen,,NON,Dale Dockter,32
Kidder,Council Member Tappen,,NON,Doug Kinnischtzke,24
Kidder,Council Member Tappen,,NON,write-in,7
Kidder,Council Member Tuttle,,NON,write-in,23
Kidder,Council Member Unexpired Term Steele,,NON,write-in,28
Kidder,County Commissioner Kidder,,NON,Dan P Mittleider,368
Kidder,County Commissioner Kidder,,NON,David Heaton,370
Kidder,County Commissioner Kidder,,NON,write-in,6
Kidder,Eliminate the City of Steele Sales Tax Refund Cap Steele,,,No,117
Kidder,Eliminate the City of Steele Sales Tax Refund Cap Steele,,,Yes,119
Kidder,Governor and Lt. Governor,,DEM,Ryan M Taylor & Ellen Chaffee,223
Kidder,Governor and Lt. Governor,,DEM,write-in,0
Kidder,Governor and Lt. Governor,,LIB,Roland Riemers,0
Kidder,Governor and Lt. Governor,,LIB,write-in,1
Kidder,Governor and Lt. Governor,,REP,Jack Dalrymple & Drew Wrigley,503
Kidder,Governor and Lt. Governor,,REP,write-in,1
Kidder,Governor and Lt. Governor Constitution,,CON,write-in,0
Kidder,Initiated Constitutional Measure No. 2: Relating to Elimination of Property Taxes and Replacement of Lost Revenue.,,,No,661
Kidder,Initiated Constitutional Measure No. 2: Relating to Elimination of Property Taxes and Replacement of Lost Revenue.,,,Yes,189
Kidder,Initiated Constitutional Measure No. 3: Relating to Government Prohibited from Burdening the Exercise of Religious Liberty.,,,No,466
Kidder,Initiated Constitutional Measure No. 3: Relating to Government Prohibited from Burdening the Exercise of Religious Liberty.,,,Yes,341
Kidder,Insurance Commissioner,,DEM,Tom Potter,192
Kidder,Insurance Commissioner,,DEM,write-in,0
Kidder,Insurance Commissioner,,LIB,write-in,2
Kidder,Insurance Commissioner,,REP,Adam Hamm,488
Kidder,Insurance Commissioner,,REP,write-in,1
Kidder,Insurance Commissioner Constitution,,CON,write-in,0
Kidder,Judge of the District Court No. 4 South Central,,NON,Bruce B Haskell,545
Kidder,Judge of the District Court No. 4 South Central,,NON,write-in,3
Kidder,Judge of the District Court No. 9 South Central,,NON,Bruce A Romanick,548
Kidder,Judge of the District Court No. 9 South Central,,NON,write-in,3
Kidder,Justice of the Supreme Court,,NON,Daniel J Crothers,525
Kidder,Justice of the Supreme Court,,NON,write-in,3
Kidder,Mayor Dawson,,NON,write-in,12
Kidder,Mayor Pettibone,,NON,write-in,14
Kidder,Mayor Robinson,,NON,write-in,3
Kidder,Municipal Judge Steele,,NON,Ladonna Draeger,181
Kidder,Municipal Judge Steele,,NON,write-in,1
Kidder,Park Board Member Steele Park,,NON,Mark Sand,202
Kidder,Park Board Member Steele Park,,NON,Terry Strand,185
Kidder,Park Board Member Steele Park,,NON,write-in,37
Kidder,Public Service Commissioner,,DEM,Brad Crabtree,189
Kidder,Public Service Commissioner,,DEM,write-in,0
Kidder,Public Service Commissioner,,LIB,Joshua Voytek,1
Kidder,Public Service Commissioner,,LIB,write-in,1
Kidder,Public Service Commissioner,,REP,Randy Christmann,475
Kidder,Public Service Commissioner,,REP,write-in,3
Kidder,Public Service Commissioner Constitution,,CON,write-in,0
Kidder,Publication of City Minutes Dawson,,,No,11
Kidder,Publication of City Minutes Dawson,,,Yes,9
Kidder,Publication of City Minutes Pettibone,,,No,13
Kidder,Publication of City Minutes Pettibone,,,Yes,12
Kidder,Publication of City Minutes Robinson,,,No,5
Kidder,Publication of City Minutes Robinson,,,Yes,3
Kidder,Publication of City Minutes Steele,,,No,9
Kidder,Publication of City Minutes Steele,,,Yes,235
Kidder,Publication of City Minutes Tappen,,,No,2
Kidder,Publication of City Minutes Tappen,,,Yes,33
Kidder,Publication of City Minutes Tuttle,,,No,8
Kidder,Publication of City Minutes Tuttle,,,Yes,14
Kidder,Referendum Measure No. 4: Relating to University of North Dakota Athletic Nickname and Logo.,,,No,301
Kidder,Referendum Measure No. 4: Relating to University of North Dakota Athletic Nickname and Logo.,,,Yes,520
Kidder,Representative in Congress Constitution,,CON,write-in,0
Kidder,State Auditor,,DEM,Scot Kelsh,196
Kidder,State Auditor,,DEM,write-in,0
Kidder,State Auditor,,LIB,write-in,1
Kidder,State Auditor,,REP,Robert R (Bob) Peterson,475
Kidder,State Auditor,,REP,write-in,1
Kidder,State Auditor Constitution,,CON,write-in,0
Kidder,State House,14,DEM,write-in,1
Kidder,State House,14,LIB,write-in,1
Kidder,State House,14,REP,Duane DeKrey,332
Kidder,State House,14,REP,Jon Nelson,231
Kidder,State House,14,REP,Robin Weisz,419
Kidder,State House,14,REP,write-in,5
Kidder,State Representative District 14 Constitution,,CON,write-in,0
Kidder,State Senate,14,DEM,write-in,3
Kidder,State Senate,14,LIB,write-in,1
Kidder,State Senate,14,REP,Jerry Klein,475
Kidder,State Senate,14,REP,write-in,3
Kidder,State Senator District 14 Constitution,,CON,write-in,0
Kidder,State Treasurer,,DEM,Ross Mushik,184
Kidder,State Treasurer,,DEM,write-in,0
Kidder,State Treasurer,,LIB,write-in,1
Kidder,State Treasurer,,REP,Kelly Schmidt,470
Kidder,State Treasurer,,REP,write-in,1
Kidder,State Treasurer Constitution,,CON,write-in,0
Kidder,Superintendent of Public Instruction,,NON,Kirsten Baesler,242
Kidder,Superintendent of Public Instruction,,NON,Max Laird,119
Kidder,Superintendent of Public Instruction,,NON,Tracy Potter,147
Kidder,Superintendent of Public Instruction,,NON,write-in,1
Kidder,U.S. House,1,DEM,Pam Gulleson,204
Kidder,U.S. House,1,DEM,write-in,0
Kidder,U.S. House,1,LIB,Eric Olson,0
Kidder,U.S. House,1,LIB,write-in,1
Kidder,U.S. House,1,REP,Brian P Kalk,192
Kidder,U.S. House,1,REP,Kevin Cramer,342
Kidder,U.S. House,1,REP,write-in,0
Kidder,U.S. Senate,,DEM,Heidi Heitkamp,229
Kidder,U.S. Senate,,DEM,write-in,1
Kidder,U.S. Senate,,LIB,write-in,2
Kidder,U.S. Senate,,REP,Duane Sand,194
Kidder,U.S. Senate,,REP,Rick Berg,360
Kidder,U.S. Senate,,REP,write-in,0
Kidder,United States Senator Constitution,,CON,write-in,0
LaMoure,Constitutional Measure No. 1: Legislative Assembly Appointments.,,,No,535
LaMoure,Constitutional Measure No. 1: Legislative Assembly Appointments.,,,Yes,778
LaMoure,County Auditor Unexpired Two Year Term LaMoure,,NON,write-in,406
LaMoure,County Commissioner LaMoure - District 1,,NON,Brad Rodin,59
LaMoure,County Commissioner LaMoure - District 1,,NON,Dale Muske,95
LaMoure,County Commissioner LaMoure - District 1,,NON,Lee Miller,131
LaMoure,County Commissioner LaMoure - District 1,,NON,write-in,6
LaMoure,County Commissioner LaMoure - District 3,,NON,Keith Heidinger,251
LaMoure,County Commissioner LaMoure - District 3,,NON,write-in,9
LaMoure,County Commissioner LaMoure - District 5,,NON,Victor Weigel,207
LaMoure,County Commissioner LaMoure - District 5,,NON,write-in,38
LaMoure,"Director, Garrison Diversion Conservancy LaMoure",,NON,Dennis Wendel,1056
LaMoure,"Director, Garrison Diversion Conservancy LaMoure",,NON,write-in,3
LaMoure,Governor and Lt. Governor,,DEM,Ryan M Taylor & Ellen Chaffee,436
LaMoure,Governor and Lt. Governor,,DEM,write-in,0
LaMoure,Governor and Lt. Governor,,LIB,Roland Riemers,4
LaMoure,Governor and Lt. Governor,,LIB,write-in,0
LaMoure,Governor and Lt. Governor,,REP,Jack Dalrymple & Drew Wrigley,853
LaMoure,Governor and Lt. Governor,,REP,write-in,4
LaMoure,Governor and Lt. Governor Constitution,,CON,write-in,0
LaMoure,Initiated Constitutional Measure No. 2: Relating to Elimination of Property Taxes and Replacement of Lost Revenue.,,,No,1252
LaMoure,Initiated Constitutional Measure No. 2: Relating to Elimination of Property Taxes and Replacement of Lost Revenue.,,,Yes,200
LaMoure,Initiated Constitutional Measure No. 3: Relating to Government Prohibited from Burdening the Exercise of Religious Liberty.,,,No,832
LaMoure,Initiated Constitutional Measure No. 3: Relating to Government Prohibited from Burdening the Exercise of Religious Liberty.,,,Yes,553
LaMoure,Insurance Commissioner,,DEM,Tom Potter,429
LaMoure,Insurance Commissioner,,DEM,write-in,0
LaMoure,Insurance Commissioner,,LIB,write-in,0
LaMoure,Insurance Commissioner,,REP,Adam Hamm,830
LaMoure,Insurance Commissioner,,REP,write-in,1
LaMoure,Insurance Commissioner Constitution,,CON,write-in,0
LaMoure,Judge of the District Court No. 10 Unexpired Term Southeast,,NON,Thomas E Merrick,947
LaMoure,Judge of the District Court No. 10 Unexpired Term Southeast,,NON,write-in,5
LaMoure,Judge of the District Court No. 8 Southeast,,NON,Brad Cruff,616
LaMoure,Judge of the District Court No. 8 Southeast,,NON,Richard W Grosz,414
LaMoure,Judge of the District Court No. 8 Southeast,,NON,write-in,0
LaMoure,Judge of the District Court No. 9 Southeast,,NON,John E Greenwood,962
LaMoure,Judge of the District Court No. 9 Southeast,,NON,write-in,0
LaMoure,Justice of the Supreme Court,,NON,Daniel J Crothers,943
LaMoure,Justice of the Supreme Court,,NON,write-in,2
LaMoure,Public Service Commissioner,,DEM,Brad Crabtree,427
LaMoure,Public Service Commissioner,,DEM,write-in,1
LaMoure,Public Service Commissioner,,LIB,Joshua Voytek,4
LaMoure,Public Service Commissioner,,LIB,write-in,0
LaMoure,Public Service Commissioner,,REP,Randy Christmann,825
LaMoure,Public Service Commissioner,,REP,write-in,1
LaMoure,Public Service Commissioner Constitution,,CON,write-in,0
LaMoure,Referendum Measure No. 4: Relating to University of North Dakota Athletic Nickname and Logo.,,,No,582
LaMoure,Referendum Measure No. 4: Relating to University of North Dakota Athletic Nickname and Logo.,,,Yes,821
LaMoure,Representative in Congress Constitution,,CON,write-in,0
LaMoure,State Auditor,,DEM,Scot Kelsh,442
LaMoure,State Auditor,,DEM,write-in,1
LaMoure,State Auditor,,LIB,write-in,0
LaMoure,State Auditor,,REP,Robert R (Bob) Peterson,832
LaMoure,State Auditor,,REP,write-in,0
LaMoure,State Auditor Constitution,,CON,write-in,0
LaMoure,State House,28,DEM,Austin Wald,113
LaMoure,State House,28,DEM,Joan M Hoffman,118
LaMoure,State House,28,DEM,write-in,1
LaMoure,State House,28,LIB,write-in,0
LaMoure,State House,28,REP,Barton Schott,217
LaMoure,State House,28,REP,Jeffery J Magrum,98
LaMoure,State House,28,REP,Michael D Brandenburg,226
LaMoure,State House,28,REP,William E Kretschmar,127
LaMoure,State House,28,REP,write-in,0
LaMoure,State Representative District 28 Constitution,,CON,write-in,0
LaMoure,State Senate,28,DEM,Greg Brokaw,132
LaMoure,State Senate,28,DEM,write-in,0
LaMoure,State Senate,28,LIB,write-in,0
LaMoure,State Senate,28,REP,Robert S Erbele,327
LaMoure,State Senate,28,REP,write-in,1
LaMoure,State Senator District 28 Constitution,,CON,write-in,0
LaMoure,State Treasurer,,DEM,Ross Mushik,422
LaMoure,State Treasurer,,DEM,write-in,0
LaMoure,State Treasurer,,LIB,write-in,0
LaMoure,State Treasurer,,REP,Kelly Schmidt,827
LaMoure,State Treasurer,,REP,write-in,1
LaMoure,State Treasurer Constitution,,CON,write-in,0
LaMoure,Superintendent of Public Instruction,,NON,Kirsten Baesler,379
LaMoure,Superintendent of Public Instruction,,NON,Max Laird,359
LaMoure,Superintendent of Public Instruction,,NON,Tracy Potter,309
LaMoure,Superintendent of Public Instruction,,NON,write-in,2
LaMoure,U.S. House,1,DEM,Pam Gulleson,459
LaMoure,U.S. House,1,DEM,write-in,0
LaMoure,U.S. House,1,LIB,Eric Olson,4
LaMoure,U.S. House,1,LIB,write-in,0
LaMoure,U.S. House,1,REP,Brian P Kalk,347
LaMoure,U.S. House,1,REP,Kevin Cramer,537
LaMoure,U.S. House,1,REP,write-in,4
LaMoure,U.S. Senate,,DEM,Heidi Heitkamp,471
LaMoure,U.S. Senate,,DEM,write-in,0
LaMoure,U.S. Senate,,LIB,write-in,0
LaMoure,U.S. Senate,,REP,Duane Sand,292
LaMoure,U.S. Senate,,REP,Rick Berg,613
LaMoure,U.S. Senate,,REP,write-in,2
LaMoure,United States Senator Constitution,,CON,write-in,0
Logan,CITY MEASURE NO. 1 Napoleon,,,No,30
Logan,CITY MEASURE NO. 1 Napoleon,,,Yes,290
Logan,Constitutional Measure No. 1: Legislative Assembly Appointments.,,,No,322
Logan,Constitutional Measure No. 1: Legislative Assembly Appointments.,,,Yes,433
Logan,Council Member Napoleon,,NON,Derrick Leier,260
Logan,Council Member Napoleon,,NON,Gregory R Pechtel,58
Logan,Council Member Napoleon,,NON,John W Wald,137
Logan,Council Member Napoleon,,NON,Rod Kleppe,210
Logan,Council Member Napoleon,,NON,Todd V Moos,257
Logan,Council Member Napoleon,,NON,write-in,14
Logan,County Commissioner Logan,,NON,Dean (Sam) Entzminger,490
Logan,County Commissioner Logan,,NON,Eric Hoberg,441
Logan,County Commissioner Logan,,NON,Gordon LeClair,181
Logan,County Commissioner Logan,,NON,John W Wald,424
Logan,County Commissioner Logan,,NON,write-in,17
Logan,Governor and Lt. Governor,,DEM,Ryan M Taylor & Ellen Chaffee,199
Logan,Governor and Lt. Governor,,DEM,write-in,0
Logan,Governor and Lt. Governor,,LIB,Roland Riemers,4
Logan,Governor and Lt. Governor,,LIB,write-in,0
Logan,Governor and Lt. Governor,,REP,Jack Dalrymple & Drew Wrigley,526
Logan,Governor and Lt. Governor,,REP,write-in,1
Logan,Governor and Lt. Governor Constitution,,CON,write-in,0
Logan,Initiated Constitutional Measure No. 2: Relating to Elimination of Property Taxes and Replacement of Lost Revenue.,,,No,716
Logan,Initiated Constitutional Measure No. 2: Relating to Elimination of Property Taxes and Replacement of Lost Revenue.,,,Yes,141
Logan,Initiated Constitutional Measure No. 3: Relating to Government Prohibited from Burdening the Exercise of Religious Liberty.,,,No,359
Logan,Initiated Constitutional Measure No. 3: Relating to Government Prohibited from Burdening the Exercise of Religious Liberty.,,,Yes,475
Logan,Insurance Commissioner,,DEM,Tom Potter,185
Logan,Insurance Commissioner,,DEM,write-in,0
Logan,Insurance Commissioner,,LIB,write-in,0
Logan,Insurance Commissioner,,REP,Adam Hamm,493
Logan,Insurance Commissioner,,REP,write-in,2
Logan,Insurance Commissioner Constitution,,CON,write-in,0
Logan,Judge of the District Court No. 4 South Central,,NON,Bruce B Haskell,567
Logan,Judge of the District Court No. 4 South Central,,NON,write-in,0
Logan,Judge of the District Court No. 9 South Central,,NON,Bruce A Romanick,546
Logan,Judge of the District Court No. 9 South Central,,NON,write-in,0
Logan,Justice of the Supreme Court,,NON,Daniel J Crothers,544
Logan,Justice of the Supreme Court,,NON,write-in,1
Logan,Mayor Napoleon,,NON,Kyle T Haas,249
Logan,Mayor Napoleon,,NON,write-in,15
Logan,Municipal Judge Napoleon,,NON,Paul Hamers,278
Logan,Municipal Judge Napoleon,,NON,write-in,11
Logan,Park Board Member Napoleon Park,,NON,David Allen Becker,294
Logan,Park Board Member Napoleon Park,,NON,Laura J Henry,253
Logan,Park Board Member Napoleon Park,,NON,write-in,33
Logan,Public Service Commissioner,,DEM,Brad Crabtree,188
Logan,Public Service Commissioner,,DEM,write-in,1
Logan,Public Service Commissioner,,LIB,Joshua Voytek,4
Logan,Public Service Commissioner,,LIB,write-in,0
Logan,Public Service Commissioner,,REP,Randy Christmann,481
Logan,Public Service Commissioner,,REP,write-in,1
Logan,Public Service Commissioner Constitution,,CON,write-in,0
Logan,Referendum Measure No. 4: Relating to University of North Dakota Athletic Nickname and Logo.,,,No,375
Logan,Referendum Measure No. 4: Relating to University of North Dakota Athletic Nickname and Logo.,,,Yes,434
Logan,Representative in Congress Constitution,,CON,write-in,0
Logan,State Auditor,,DEM,Scot Kelsh,183
Logan,State Auditor,,DEM,write-in,0
Logan,State Auditor,,LIB,write-in,0
Logan,State Auditor,,REP,Robert R (Bob) Peterson,484
Logan,State Auditor,,REP,write-in,0
Logan,State Auditor Constitution,,CON,write-in,0
Logan,State House,28,DEM,Austin Wald,208
Logan,State House,28,DEM,Joan M Hoffman,145
Logan,State House,28,DEM,write-in,1
Logan,State House,28,LIB,write-in,0
Logan,State House,28,REP,Barton Schott,160
Logan,State House,28,REP,Jeffery J Magrum,339
Logan,State House,28,REP,Michael D Brandenburg,302
Logan,State House,28,REP,William E Kretschmar,216
Logan,State House,28,REP,write-in,2
Logan,State Representative District 28 Constitution,,CON,write-in,0
Logan,State Senate,28,DEM,Greg Brokaw,204
Logan,State Senate,28,DEM,write-in,0
Logan,State Senate,28,LIB,write-in,0
Logan,State Senate,28,REP,Robert S Erbele,475
Logan,State Senate,28,REP,write-in,11
Logan,State Senator District 28 Constitution,,CON,write-in,0
Logan,State Treasurer,,DEM,Ross Mushik,178
Logan,State Treasurer,,DEM,write-in,0
Logan,State Treasurer,,LIB,write-in,0
Logan,State Treasurer,,REP,Kelly Schmidt,486
Logan,State Treasurer,,REP,write-in,0
Logan,State Treasurer Constitution,,CON,write-in,0
Logan,Superintendent of Public Instruction,,NON,Kirsten Baesler,171
Logan,Superintendent of Public Instruction,,NON,Max Laird,90
Logan,Superintendent of Public Instruction,,NON,Tracy Potter,159
Logan,Superintendent of Public Instruction,,NON,write-in,3
Logan,U.S. House,1,DEM,Pam Gulleson,191
Logan,U.S. House,1,DEM,write-in,0
Logan,U.S. House,1,LIB,Eric Olson,5
Logan,U.S. House,1,LIB,write-in,0
Logan,U.S. House,1,REP,Brian P Kalk,161
Logan,U.S. House,1,REP,Kevin Cramer,372
Logan,U.S. House,1,REP,write-in,3
Logan,U.S. Senate,,DEM,Heidi Heitkamp,232
Logan,U.S. Senate,,DEM,write-in,1
Logan,U.S. Senate,,LIB,write-in,1
Logan,U.S. Senate,,REP,Duane Sand,189
Logan,U.S. Senate,,REP,Rick Berg,373
Logan,U.S. Senate,,REP,write-in,0
Logan,United States Senator Constitution,,CON,write-in,0
McHenry,City Measure 1 Towner,,,No,14
McHenry,City Measure 1 Towner,,,Yes,192
McHenry,City Measure 1 Velva,,,No,18
McHenry,City Measure 1 Velva,,,Yes,312
McHenry,Commissioner Towner,,NON,Denice Suchor,118
McHenry,Commissioner Towner,,NON,Travis Frey,153
McHenry,Commissioner Towner,,NON,write-in,41
McHenry,Commissioner Velva,,NON,Darren Johnson,191
McHenry,Commissioner Velva,,NON,Scott Blotter,264
McHenry,Commissioner Velva,,NON,write-in,243
McHenry,Constitutional Measure No. 1: Legislative Assembly Appointments.,,,No,671
McHenry,Constitutional Measure No. 1: Legislative Assembly Appointments.,,,Yes,1008
McHenry,County Commissioner McHenry - District 2,,NON,Allen Vollmer,46
McHenry,County Commissioner McHenry - District 2,,NON,Arlen L Vollmer,67
McHenry,County Commissioner McHenry - District 2,,NON,Bryan Bruner,151
McHenry,County Commissioner McHenry - District 2,,NON,Maurice W Goodwin,132
McHenry,County Commissioner McHenry - District 2,,NON,write-in,0
McHenry,County Commissioner McHenry - District 4,,NON,Allen O Thompson,119
McHenry,County Commissioner McHenry - District 4,,NON,Gregg Boutilier,178
McHenry,County Commissioner McHenry - District 4,,NON,Stephen Lee Zietz,34
McHenry,County Commissioner McHenry - District 4,,NON,write-in,0
McHenry,Governor and Lt. Governor,,DEM,Ryan M Taylor & Ellen Chaffee,767
McHenry,Governor and Lt. Governor,,DEM,write-in,1
McHenry,Governor and Lt. Governor,,LIB,Roland Riemers,1
McHenry,Governor and Lt. Governor,,LIB,write-in,0
McHenry,Governor and Lt. Governor,,REP,Jack Dalrymple & Drew Wrigley,873
McHenry,Governor and Lt. Governor,,REP,write-in,7
McHenry,Governor and Lt. Governor Constitution,,CON,write-in,0
McHenry,Initiated Constitutional Measure No. 2: Relating to Elimination of Property Taxes and Replacement of Lost Revenue.,,,No,1438
McHenry,Initiated Constitutional Measure No. 2: Relating to Elimination of Property Taxes and Replacement of Lost Revenue.,,,Yes,429
McHenry,Initiated Constitutional Measure No. 3: Relating to Government Prohibited from Burdening the Exercise of Religious Liberty.,,,No,935
McHenry,Initiated Constitutional Measure No. 3: Relating to Government Prohibited from Burdening the Exercise of Religious Liberty.,,,Yes,870
McHenry,Insurance Commissioner,,DEM,Tom Potter,693
McHenry,Insurance Commissioner,,DEM,write-in,1
McHenry,Insurance Commissioner,,LIB,write-in,0
McHenry,Insurance Commissioner,,REP,Adam Hamm,847
McHenry,Insurance Commissioner,,REP,write-in,1
McHenry,Insurance Commissioner Constitution,,CON,write-in,0
McHenry,Judge of the District Court No. 6 Northeast,,NON,M Richard Geiger,1321
McHenry,Judge of the District Court No. 6 Northeast,,NON,write-in,2
McHenry,Judge of the District Court No. 7 Northeast,,NON,John C McClintock Jr,1371
McHenry,Judge of the District Court No. 7 Northeast,,NON,write-in,9
McHenry,Justice of the Supreme Court,,NON,Daniel J Crothers,1329
McHenry,Justice of the Supreme Court,,NON,write-in,3
McHenry,Park Board Member Velva Park,,NON,Brent Fischer,193
McHenry,Park Board Member Velva Park,,NON,Christopher Baytosh,248
McHenry,Park Board Member Velva Park,,NON,DeAnna Frantsen,264
McHenry,Park Board Member Velva Park,,NON,write-in,107
McHenry,Public Service Commissioner,,DEM,Brad Crabtree,700
McHenry,Public Service Commissioner,,DEM,write-in,0
McHenry,Public Service Commissioner,,LIB,Joshua Voytek,1
McHenry,Public Service Commissioner,,LIB,write-in,0
McHenry,Public Service Commissioner,,REP,Randy Christmann,839
McHenry,Public Service Commissioner,,REP,write-in,2
McHenry,Public Service Commissioner Constitution,,CON,write-in,0
McHenry,Referendum Measure No. 4: Relating to University of North Dakota Athletic Nickname and Logo.,,,No,765
McHenry,Referendum Measure No. 4: Relating to University of North Dakota Athletic Nickname and Logo.,,,Yes,1052
McHenry,Representative in Congress Constitution,,CON,write-in,0
McHenry,State Auditor,,DEM,Scot Kelsh,696
McHenry,State Auditor,,DEM,write-in,1
McHenry,State Auditor,,LIB,write-in,0
McHenry,State Auditor,,REP,Robert R (Bob) Peterson,842
McHenry,State Auditor,,REP,write-in,2
McHenry,State Auditor Constitution,,CON,write-in,0
McHenry,State House,6,DEM,Bob Hunskor,635
McHenry,State House,6,DEM,Cindy Shattuck,662
McHenry,State House,6,DEM,write-in,1
McHenry,State House,6,LIB,write-in,0
McHenry,State House,6,REP,Dick Anderson,761
McHenry,State House,6,REP,Myron Hanson,690
McHenry,State House,6,REP,write-in,7
McHenry,State Representative District 6 Constitution,,CON,write-in,0
McHenry,State Senate,6,DEM,"David Paul O""Connell",719
McHenry,State Senate,6,DEM,write-in,0
McHenry,State Senate,6,LIB,write-in,0
McHenry,State Senate,6,REP,Pamela Smith,827
McHenry,State Senate,6,REP,write-in,2
McHenry,State Senator District 6 Constitution,,CON,write-in,0
McHenry,State Treasurer,,DEM,Ross Mushik,686
McHenry,State Treasurer,,DEM,write-in,1
McHenry,State Treasurer,,LIB,write-in,0
McHenry,State Treasurer,,REP,Kelly Schmidt,835
McHenry,State Treasurer,,REP,write-in,2
McHenry,State Treasurer Constitution,,CON,write-in,0
McHenry,Superintendent of Public Instruction,,NON,Kirsten Baesler,411
McHenry,Superintendent of Public Instruction,,NON,Max Laird,319
McHenry,Superintendent of Public Instruction,,NON,Tracy Potter,414
McHenry,Superintendent of Public Instruction,,NON,write-in,1
McHenry,U.S. House,1,DEM,Pam Gulleson,703
McHenry,U.S. House,1,DEM,write-in,0
McHenry,U.S. House,1,LIB,Eric Olson,1
McHenry,U.S. House,1,LIB,write-in,0
McHenry,U.S. House,1,REP,Brian P Kalk,386
McHenry,U.S. House,1,REP,Kevin Cramer,548
McHenry,U.S. House,1,REP,write-in,0
McHenry,U.S. Senate,,DEM,Heidi Heitkamp,768
McHenry,U.S. Senate,,DEM,write-in,0
McHenry,U.S. Senate,,LIB,write-in,1
McHenry,U.S. Senate,,REP,Duane Sand,333
McHenry,U.S. Senate,,REP,Rick Berg,615
McHenry,U.S. Senate,,REP,write-in,0
McHenry,United States Senator Constitution,,CON,write-in,0
McIntosh,Constitutional Measure No. 1: Legislative Assembly Appointments.,,,No,474
McIntosh,Constitutional Measure No. 1: Legislative Assembly Appointments.,,,Yes,576
McIntosh,Council Member Ashley,,NON,Denny Hoffman,279
McIntosh,Council Member Ashley,,NON,Gerard Zlotkowski,125
McIntosh,Council Member Ashley,,NON,Joshua Schock,283
McIntosh,Council Member Ashley,,NON,Kurt Johnson,236
McIntosh,Council Member Ashley,,NON,write-in,0
McIntosh,Council Member Unexpired Term Wishek,,NON,write-in,132
McIntosh,Council Member Wishek,,NON,Cody Mathues,186
McIntosh,Council Member Wishek,,NON,Elaine Fahlsing,122
McIntosh,Council Member Wishek,,NON,"Harlen ""Harley"" Vossler",231
McIntosh,Council Member Wishek,,NON,Jay Kamletz,195
McIntosh,Council Member Wishek,,NON,Marilyn Bettenhausen,184
McIntosh,Council Member Wishek,,NON,Sonya Schumacher,167
McIntosh,Council Member Wishek,,NON,write-in,70
McIntosh,County Commissioner McIntosh,,NON,Delbert Eszlinger,672
McIntosh,County Commissioner McIntosh,,NON,write-in,301
McIntosh,Governor and Lt. Governor,,DEM,Ryan M Taylor & Ellen Chaffee,184
McIntosh,Governor and Lt. Governor,,DEM,write-in,12
McIntosh,Governor and Lt. Governor,,LIB,Roland Riemers,3
McIntosh,Governor and Lt. Governor,,LIB,write-in,0
McIntosh,Governor and Lt. Governor,,REP,Jack Dalrymple & Drew Wrigley,760
McIntosh,Governor and Lt. Governor,,REP,write-in,15
McIntosh,Governor and Lt. Governor Constitution,,CON,write-in,0
McIntosh,HOME RULE CHARTER Wishek,,,No,139
McIntosh,HOME RULE CHARTER Wishek,,,Yes,259
McIntosh,Initiated Constitutional Measure No. 2: Relating to Elimination of Property Taxes and Replacement of Lost Revenue.,,,No,986
McIntosh,Initiated Constitutional Measure No. 2: Relating to Elimination of Property Taxes and Replacement of Lost Revenue.,,,Yes,164
McIntosh,Initiated Constitutional Measure No. 3: Relating to Government Prohibited from Burdening the Exercise of Religious Liberty.,,,No,669
McIntosh,Initiated Constitutional Measure No. 3: Relating to Government Prohibited from Burdening the Exercise of Religious Liberty.,,,Yes,460
McIntosh,Insurance Commissioner,,DEM,Tom Potter,201
McIntosh,Insurance Commissioner,,DEM,write-in,0
McIntosh,Insurance Commissioner,,LIB,write-in,0
McIntosh,Insurance Commissioner,,REP,Adam Hamm,772
McIntosh,Insurance Commissioner,,REP,write-in,2
McIntosh,Insurance Commissioner Constitution,,CON,write-in,0
McIntosh,Judge of the District Court No. 4 South Central,,NON,Bruce B Haskell,877
McIntosh,Judge of the District Court No. 4 South Central,,NON,write-in,1
McIntosh,Judge of the District Court No. 9 South Central,,NON,Bruce A Romanick,858
McIntosh,Judge of the District Court No. 9 South Central,,NON,write-in,1
McIntosh,Justice of the Supreme Court,,NON,Daniel J Crothers,862
McIntosh,Justice of the Supreme Court,,NON,write-in,0
McIntosh,PUBLICATION OF CITY GOVERNING BODY MINUTES Ashley,,,No,33
McIntosh,PUBLICATION OF CITY GOVERNING BODY MINUTES Ashley,,,Yes,282
McIntosh,PUBLICATION OF CITY GOVERNING BODY MINUTES Wishek,,,No,45
McIntosh,PUBLICATION OF CITY GOVERNING BODY MINUTES Wishek,,,Yes,358
McIntosh,Park Board Member Ashley Park,,NON,Brenda Meyer,267
McIntosh,Park Board Member Ashley Park,,NON,Jason Schmidt,277
McIntosh,Park Board Member Ashley Park,,NON,write-in,4
McIntosh,Park Board Member Unexpired Two Year Term Ashley Park,,NON,Michael Wood,285
McIntosh,Park Board Member Unexpired Two Year Term Ashley Park,,NON,write-in,5
McIntosh,Park Board Member Unexpired Two Year Term Wishek Park,,NON,write-in,68
McIntosh,Park Board Member Wishek Park,,NON,Mary Wald,372
McIntosh,Park Board Member Wishek Park,,NON,write-in,80
McIntosh,Public Service Commissioner,,DEM,Brad Crabtree,208
McIntosh,Public Service Commissioner,,DEM,write-in,0
McIntosh,Public Service Commissioner,,LIB,Joshua Voytek,3
McIntosh,Public Service Commissioner,,LIB,write-in,0
McIntosh,Public Service Commissioner,,REP,Randy Christmann,767
McIntosh,Public Service Commissioner,,REP,write-in,1
McIntosh,Public Service Commissioner Constitution,,CON,write-in,0
McIntosh,Referendum Measure No. 4: Relating to University of North Dakota Athletic Nickname and Logo.,,,No,474
McIntosh,Referendum Measure No. 4: Relating to University of North Dakota Athletic Nickname and Logo.,,,Yes,646
McIntosh,Representative in Congress Constitution,,CON,write-in,0
McIntosh,State Auditor,,DEM,Scot Kelsh,202
McIntosh,State Auditor,,DEM,write-in,0
McIntosh,State Auditor,,LIB,write-in,0
McIntosh,State Auditor,,REP,Robert R (Bob) Peterson,771
McIntosh,State Auditor,,REP,write-in,0
McIntosh,State Auditor Constitution,,CON,write-in,0
McIntosh,State House,28,DEM,Austin Wald,183
McIntosh,State House,28,DEM,Joan M Hoffman,194
McIntosh,State House,28,DEM,write-in,3
McIntosh,State House,28,LIB,write-in,0
McIntosh,State House,28,REP,Barton Schott,225
McIntosh,State House,28,REP,Jeffery J Magrum,257
McIntosh,State House,28,REP,Michael D Brandenburg,570
McIntosh,State House,28,REP,William E Kretschmar,515
McIntosh,State House,28,REP,write-in,0
McIntosh,State Representative District 28 Constitution,,CON,write-in,0
McIntosh,State Senate,28,DEM,Greg Brokaw,224
McIntosh,State Senate,28,DEM,write-in,0
McIntosh,State Senate,28,LIB,write-in,0
McIntosh,State Senate,28,REP,Robert S Erbele,754
McIntosh,State Senate,28,REP,write-in,6
McIntosh,State Senator District 28 Constitution,,CON,write-in,0
McIntosh,State Treasurer,,DEM,Ross Mushik,202
McIntosh,State Treasurer,,DEM,write-in,0
McIntosh,State Treasurer,,LIB,write-in,0
McIntosh,State Treasurer,,REP,Kelly Schmidt,767
McIntosh,State Treasurer,,REP,write-in,2
McIntosh,State Treasurer Constitution,,CON,write-in,0
McIntosh,Superintendent of Public Instruction,,NON,Kirsten Baesler,231
McIntosh,Superintendent of Public Instruction,,NON,Max Laird,172
McIntosh,Superintendent of Public Instruction,,NON,Tracy Potter,259
McIntosh,Superintendent of Public Instruction,,NON,write-in,2
McIntosh,U.S. House,1,DEM,Pam Gulleson,210
McIntosh,U.S. House,1,DEM,write-in,0
McIntosh,U.S. House,1,LIB,Eric Olson,3
McIntosh,U.S. House,1,LIB,write-in,0
McIntosh,U.S. House,1,REP,Brian P Kalk,275
McIntosh,U.S. House,1,REP,Kevin Cramer,563
McIntosh,U.S. House,1,REP,write-in,0
McIntosh,U.S. Senate,,DEM,Heidi Heitkamp,240
McIntosh,U.S. Senate,,DEM,write-in,0
McIntosh,U.S. Senate,,LIB,write-in,0
McIntosh,U.S. Senate,,REP,Duane Sand,307
McIntosh,U.S. Senate,,REP,Rick Berg,540
McIntosh,U.S. Senate,,REP,write-in,0
McIntosh,United States Senator Constitution,,CON,write-in,0
McKenzie,Alexander School District #2 Alexander SD#2,,,No,21
McKenzie,Alexander School District #2 Alexander SD#2,,,Yes,110
McKenzie,CITY MEASURE 1 Alexander,,,No,9
McKenzie,CITY MEASURE 1 Alexander,,,Yes,61
McKenzie,CITY MEASURE 1 Arnegard,,,No,4
McKenzie,CITY MEASURE 1 Arnegard,,,Yes,36
McKenzie,CITY MEASURE 1 Watford City,,,No,22
McKenzie,CITY MEASURE 1 Watford City,,,Yes,279
McKenzie,Constitutional Measure No. 1: Legislative Assembly Appointments.,,,No,444
McKenzie,Constitutional Measure No. 1: Legislative Assembly Appointments.,,,Yes,688
McKenzie,Council Member Alexander,,NON,Dusty L. Bratsberg,61
McKenzie,Council Member Alexander,,NON,James Fixen,10
McKenzie,Council Member Alexander,,NON,Terrille Jacobson,64
McKenzie,Council Member Alexander,,NON,write-in,1
McKenzie,Council Member Arnegard,,NON,Timothy Homiston,37
McKenzie,Council Member Arnegard,,NON,write-in,18
McKenzie,Council Member Watford City,,NON,Doug Bolken,254
McKenzie,Council Member Watford City,,NON,Justin Voll,257
McKenzie,Council Member Watford City,,NON,Marty Mulder,217
McKenzie,Council Member Watford City,,NON,write-in,6
McKenzie,County Auditor Unexpired 2 year term McKenzie,,NON,Linda Svihovec,844
McKenzie,County Auditor Unexpired 2 year term McKenzie,,NON,write-in,1
McKenzie,County Commissioner McKenzie,,NON,Douglas Nordby,640
McKenzie,County Commissioner McKenzie,,NON,Richard Cayko,767
McKenzie,County Commissioner McKenzie,,NON,Ronald A. Anderson,716
McKenzie,County Commissioner McKenzie,,NON,write-in,44
McKenzie,County Treasurer Unexpired 2 year term McKenzie,,NON,Cheryl Grantier,805
McKenzie,County Treasurer Unexpired 2 year term McKenzie,,NON,write-in,0
McKenzie,"Director, Garrison Diversion Conservancy McKenzie",,NON,Richard Cayko,760
McKenzie,"Director, Garrison Diversion Conservancy McKenzie",,NON,write-in,3
McKenzie,Governor and Lt. Governor,,DEM,Ryan M Taylor & Ellen Chaffee,250
McKenzie,Governor and Lt. Governor,,DEM,write-in,0
McKenzie,Governor and Lt. Governor,,LIB,Roland Riemers,3
McKenzie,Governor and Lt. Governor,,LIB,write-in,0
McKenzie,Governor and Lt. Governor,,REP,Jack Dalrymple & Drew Wrigley,795
McKenzie,Governor and Lt. Governor,,REP,write-in,9
McKenzie,Governor and Lt. Governor Constitution,,CON,write-in,0
McKenzie,Initiated Constitutional Measure No. 2: Relating to Elimination of Property Taxes and Replacement of Lost Revenue.,,,No,998
McKenzie,Initiated Constitutional Measure No. 2: Relating to Elimination of Property Taxes and Replacement of Lost Revenue.,,,Yes,196
McKenzie,Initiated Constitutional Measure No. 3: Relating to Government Prohibited from Burdening the Exercise of Religious Liberty.,,,No,789
McKenzie,Initiated Constitutional Measure No. 3: Relating to Government Prohibited from Burdening the Exercise of Religious Liberty.,,,Yes,370
McKenzie,Insurance Commissioner,,DEM,Tom Potter,218
McKenzie,Insurance Commissioner,,DEM,write-in,0
McKenzie,Insurance Commissioner,,LIB,write-in,0
McKenzie,Insurance Commissioner,,REP,Adam Hamm,744
McKenzie,Insurance Commissioner,,REP,write-in,3
McKenzie,Insurance Commissioner Constitution,,CON,write-in,0
McKenzie,Judge of the District Court No. 7 Northwest,,NON,Richard L Hagar,710
McKenzie,Judge of the District Court No. 7 Northwest,,NON,write-in,0
McKenzie,Judge of the District Court No. 8 Northwest,,NON,William W McLees,820
McKenzie,Judge of the District Court No. 8 Northwest,,NON,write-in,1
McKenzie,Judge of the District Court No. 9 Unexpired Term Northwest,,NON,Todd L Cresap,688
McKenzie,Judge of the District Court No. 9 Unexpired Term Northwest,,NON,write-in,0
McKenzie,Justice of the Supreme Court,,NON,Daniel J Crothers,706
McKenzie,Justice of the Supreme Court,,NON,write-in,2
McKenzie,Mayor Alexander,,NON,Jerry Hatter,64
McKenzie,Mayor Alexander,,NON,write-in,2
McKenzie,McKenzie School District #1 McKenzie SD#1,,,No,51
McKenzie,McKenzie School District #1 McKenzie SD#1,,,Yes,792
McKenzie,Park Board Member Alexander Park,,NON,Augustina Moreno,52
McKenzie,Park Board Member Alexander Park,,NON,Jeffrey D. Morton,51
McKenzie,Park Board Member Alexander Park,,NON,Mary Rettig,62
McKenzie,Park Board Member Alexander Park,,NON,write-in,1
McKenzie,Park Board Member Arnegard Park,,NON,Donna Nelson,25
McKenzie,Park Board Member Arnegard Park,,NON,Nancy Haight,28
McKenzie,Park Board Member Arnegard Park,,NON,Shirlen Leflore,14
McKenzie,Park Board Member Arnegard Park,,NON,write-in,3
McKenzie,Park Board Member Unexpired 2 year term Alexander Park,,NON,Jackson Kysar,60
McKenzie,Park Board Member Unexpired 2 year term Alexander Park,,NON,write-in,1
McKenzie,Park Board Member Watford City Park,,NON,Peni Peterson,271
McKenzie,Park Board Member Watford City Park,,NON,Whitney McDaniel,223
McKenzie,Park Board Member Watford City Park,,NON,write-in,1
McKenzie,Public Service Commissioner,,DEM,Brad Crabtree,224
McKenzie,Public Service Commissioner,,DEM,write-in,1
McKenzie,Public Service Commissioner,,LIB,Joshua Voytek,3
McKenzie,Public Service Commissioner,,LIB,write-in,0
McKenzie,Public Service Commissioner,,REP,Randy Christmann,741
McKenzie,Public Service Commissioner,,REP,write-in,2
McKenzie,Public Service Commissioner Constitution,,CON,write-in,0
McKenzie,Referendum Measure No. 4: Relating to University of North Dakota Athletic Nickname and Logo.,,,No,453
McKenzie,Referendum Measure No. 4: Relating to University of North Dakota Athletic Nickname and Logo.,,,Yes,717
McKenzie,Representative in Congress Constitution,,CON,write-in,0
McKenzie,School Board Member - Area 1 McKenzie SD#1,,NON,Nicole Johnsrud,617
McKenzie,School Board Member - Area 1 McKenzie SD#1,,NON,write-in,5
McKenzie,School Board Member - Area 6 McKenzie SD#1,,NON,Kelly Norby,569
McKenzie,School Board Member - Area 6 McKenzie SD#1,,NON,write-in,19
McKenzie,School Board Member - Areas 2 & 3 McKenzie SD#1,,NON,Brent Arnegard,640
McKenzie,School Board Member - Areas 2 & 3 McKenzie SD#1,,NON,write-in,1
McKenzie,School Board Member - Areas 4 & 5 McKenzie SD#1,,NON,Pat Fitzgerald,616
McKenzie,School Board Member - Areas 4 & 5 McKenzie SD#1,,NON,write-in,1
McKenzie,School Board Member Alexander SD#2,,NON,Donna Sims,85
McKenzie,School Board Member Alexander SD#2,,NON,Jeremy Heen,103
McKenzie,School Board Member Alexander SD#2,,NON,Tim Nelson,95
McKenzie,School Board Member Alexander SD#2,,NON,write-in,24
McKenzie,School Board Member Unexpired 2 year term Alexander SD#2,,NON,Cecile Long,56
McKenzie,School Board Member Unexpired 2 year term Alexander SD#2,,NON,write-in,30
McKenzie,School Board Member Yellowstone SD#14,,NON,Jason Rau,77
McKenzie,School Board Member Yellowstone SD#14,,NON,Jessica Cayko,59
McKenzie,School Board Member Yellowstone SD#14,,NON,write-in,2
McKenzie,State Auditor,,DEM,Scot Kelsh,220
McKenzie,State Auditor,,DEM,write-in,0
McKenzie,State Auditor,,LIB,write-in,0
McKenzie,State Auditor,,REP,Robert R (Bob) Peterson,767
McKenzie,State Auditor,,REP,write-in,3
McKenzie,State Auditor Constitution,,CON,write-in,0
McKenzie,State House,4,DEM,Kenton Onstad,12
McKenzie,State House,4,DEM,Tom Conklin,10
McKenzie,State House,4,DEM,write-in,0
McKenzie,State House,4,LIB,write-in,0
McKenzie,State House,4,REP,Glen Froseth,10
McKenzie,State House,4,REP,write-in,0
McKenzie,State Representative District 4 Constitution,,CON,write-in,0
McKenzie,State Senate,4,DEM,John M Warner,15
McKenzie,State Senate,4,DEM,write-in,0
McKenzie,State Senate,4,LIB,write-in,0
McKenzie,State Senate,4,REP,Daryl J Lies,10
McKenzie,State Senate,4,REP,write-in,0
McKenzie,State Senator District 4 Constitution,,CON,write-in,0
McKenzie,State Treasurer,,DEM,Ross Mushik,215
McKenzie,State Treasurer,,DEM,write-in,0
McKenzie,State Treasurer,,LIB,write-in,0
McKenzie,State Treasurer,,REP,Kelly Schmidt,747
McKenzie,State Treasurer,,REP,write-in,1
McKenzie,State Treasurer Constitution,,CON,write-in,0
McKenzie,Superintendent of Public Instruction,,NON,Kirsten Baesler,311
McKenzie,Superintendent of Public Instruction,,NON,Max Laird,218
McKenzie,Superintendent of Public Instruction,,NON,Tracy Potter,242
McKenzie,Superintendent of Public Instruction,,NON,write-in,0
McKenzie,U.S. House,1,DEM,Pam Gulleson,218
McKenzie,U.S. House,1,DEM,write-in,0
McKenzie,U.S. House,1,LIB,Eric Olson,3
McKenzie,U.S. House,1,LIB,write-in,0
McKenzie,U.S. House,1,REP,Brian P Kalk,261
McKenzie,U.S. House,1,REP,Kevin Cramer,555
McKenzie,U.S. House,1,REP,write-in,0
McKenzie,U.S. Senate,,DEM,Heidi Heitkamp,276
McKenzie,U.S. Senate,,DEM,write-in,1
McKenzie,U.S. Senate,,LIB,write-in,0
McKenzie,U.S. Senate,,REP,Duane Sand,233
McKenzie,U.S. Senate,,REP,Rick Berg,614
McKenzie,U.S. Senate,,REP,write-in,1
McKenzie,United States Senator Constitution,,CON,write-in,0
McKenzie,Yellowstone SD#14 Yellowstone SD#14,,,No,15
McKenzie,Yellowstone SD#14 Yellowstone SD#14,,,Yes,64
McLean,City Measure 1 Benedict,,,No,3
McLean,City Measure 1 Benedict,,,Yes,25
McLean,City Measure 1 Butte,,,No,3
McLean,City Measure 1 Butte,,,Yes,24
McLean,City Measure 1 Coleharbor,,,No,6
McLean,City Measure 1 Coleharbor,,,Yes,18
McLean,City Measure 1 Garrison,,,No,34
McLean,City Measure 1 Garrison,,,Yes,391
McLean,City Measure 1 Max,,,No,4
McLean,City Measure 1 Max,,,Yes,91
McLean,City Measure 1 Mercer,,,No,9
McLean,City Measure 1 Mercer,,,Yes,32
McLean,City Measure 1 Riverdale,,,No,21
McLean,City Measure 1 Riverdale,,,Yes,68
McLean,City Measure 1 Ruso,,,No,1
McLean,City Measure 1 Ruso,,,Yes,0
McLean,City Measure 1 Turtle Lake,,,No,10
McLean,City Measure 1 Turtle Lake,,,Yes,209
McLean,City Measure 1 Underwood,,,No,9
McLean,City Measure 1 Underwood,,,Yes,201
McLean,City Measure 1 Washburn,,,No,22
McLean,City Measure 1 Washburn,,,Yes,492
McLean,City Measure 1 Wilton,,,No,8
McLean,City Measure 1 Wilton,,,Yes,164
McLean,City Measure 2 Wilton,,,No,66
McLean,City Measure 2 Wilton,,,Yes,106
McLean,Commission President Underwood,,NON,Rick L Olson,173
McLean,Commission President Underwood,,NON,write-in,3
McLean,Commission President Unexpired Two-Year Term Turtle Lake,,NON,Richard Britton,189
McLean,Commission President Unexpired Two-Year Term Turtle Lake,,NON,write-in,1
McLean,Commission President Washburn,,NON,Duane Bauer,269
McLean,Commission President Washburn,,NON,Mark Lelm,206
McLean,Commission President Washburn,,NON,write-in,6
McLean,Commissioner Turtle Lake,,NON,David D Freborg,174
McLean,Commissioner Turtle Lake,,NON,Troy Kittler,193
McLean,Commissioner Turtle Lake,,NON,write-in,0
McLean,Commissioner Underwood,,NON,Jay Snyder,148
McLean,Commissioner Underwood,,NON,Steven Cottingham,164
McLean,Commissioner Underwood,,NON,write-in,22
McLean,Commissioner Unexpired Two-Year Term Turtle Lake,,NON,Dianne M Zenker,185
McLean,Commissioner Unexpired Two-Year Term Turtle Lake,,NON,write-in,4
McLean,Commissioner Unexpired Two-Year Term Underwood,,NON,write-in,56
McLean,Commissioner Washburn,,NON,DeWayne Moran,282
McLean,Commissioner Washburn,,NON,Erica Meadows,217
McLean,Commissioner Washburn,,NON,Jeremy Haugen,212
McLean,Commissioner Washburn,,NON,Kit Baumann,233
McLean,Commissioner Washburn,,NON,write-in,6
McLean,Commissioner Wilton,,NON,Joan G Kruckenberg,99
McLean,Commissioner Wilton,,NON,LeeAnn Domonoske-Kellar,133
McLean,Commissioner Wilton,,NON,write-in,18
McLean,Constitutional Measure No. 1: Legislative Assembly Appointments.,,,No,1094
McLean,Constitutional Measure No. 1: Legislative Assembly Appointments.,,,Yes,1951
McLean,Council Member Benedict,,NON,Blaine Chilson,10
McLean,Council Member Benedict,,NON,Luverne Gullickson,27
McLean,Council Member Benedict,,NON,write-in,15
McLean,Council Member Butte,,NON,James Manogue,23
McLean,Council Member Butte,,NON,write-in,5
McLean,Council Member Coleharbor,,NON,Heith Pochant,25
McLean,Council Member Coleharbor,,NON,write-in,9
McLean,Council Member Garrison,,NON,Glen Nygard,341
McLean,Council Member Garrison,,NON,Susan Steinwand,346
McLean,Council Member Garrison,,NON,write-in,91
McLean,Council Member Max,,NON,Joel Hauf,75
McLean,Council Member Max,,NON,Randy Swanson,81
McLean,Council Member Max,,NON,write-in,1
McLean,Council Member Mercer,,NON,Joseph Jerkovich,34
McLean,Council Member Mercer,,NON,Randy Zinke,21
McLean,Council Member Mercer,,NON,write-in,16
McLean,Council Member Riverdale,,NON,Ken Skuza,64
McLean,Council Member Riverdale,,NON,Nita Anderson,59
McLean,Council Member Riverdale,,NON,write-in,15
McLean,Council Member Unexpired Two-Year Term Mercer,,NON,Steven Mikkelsen,35
McLean,Council Member Unexpired Two-Year Term Mercer,,NON,write-in,6
McLean,County Commissioner McLean - District 2,,NON,Barry Suydam,1179
McLean,County Commissioner McLean - District 2,,NON,Ronald Krebsbach,1566
McLean,County Commissioner McLean - District 2,,NON,write-in,3
McLean,County Recorder Unexpired Two-Year Term McLean,,NON,Beth A Knutson,2450
McLean,County Recorder Unexpired Two-Year Term McLean,,NON,write-in,21
McLean,Governor and Lt. Governor,,DEM,Ryan M Taylor & Ellen Chaffee,915
McLean,Governor and Lt. Governor,,DEM,write-in,0
McLean,Governor and Lt. Governor,,LIB,Roland Riemers,11
McLean,Governor and Lt. Governor,,LIB,write-in,0
McLean,Governor and Lt. Governor,,REP,Jack Dalrymple & Drew Wrigley,1773
McLean,Governor and Lt. Governor,,REP,write-in,0
McLean,Governor and Lt. Governor Constitution,,CON,write-in,0
McLean,Initiated Constitutional Measure No. 2: Relating to Elimination of Property Taxes and Replacement of Lost Revenue.,,,No,2459
McLean,Initiated Constitutional Measure No. 2: Relating to Elimination of Property Taxes and Replacement of Lost Revenue.,,,Yes,809
McLean,Initiated Constitutional Measure No. 3: Relating to Government Prohibited from Burdening the Exercise of Religious Liberty.,,,No,1905
McLean,Initiated Constitutional Measure No. 3: Relating to Government Prohibited from Burdening the Exercise of Religious Liberty.,,,Yes,1251
McLean,Insurance Commissioner,,DEM,Tom Potter,924
McLean,Insurance Commissioner,,DEM,write-in,0
McLean,Insurance Commissioner,,LIB,write-in,0
McLean,Insurance Commissioner,,REP,Adam Hamm,1739
McLean,Insurance Commissioner,,REP,write-in,0
McLean,Insurance Commissioner Constitution,,CON,write-in,0
McLean,Judge of the District Court No. 4 South Central,,NON,Bruce B Haskell,2384
McLean,Judge of the District Court No. 4 South Central,,NON,write-in,0
McLean,Judge of the District Court No. 9 South Central,,NON,Bruce A Romanick,2464
McLean,Judge of the District Court No. 9 South Central,,NON,write-in,0
McLean,Justice of the Supreme Court,,NON,Daniel J Crothers,2356
McLean,Justice of the Supreme Court,,NON,write-in,0
McLean,Mayor Benedict,,NON,write-in,23
McLean,Mayor Butte,,NON,Gordon Knutson,24
McLean,Mayor Butte,,NON,write-in,0
McLean,Municipal Judge Garrison,,NON,Bruce Klabunde,373
McLean,Municipal Judge Garrison,,NON,write-in,6
McLean,Municipal Judge Max,,NON,write-in,34
McLean,Municipal Judge Riverdale,,NON,Charles Sorensen,57
McLean,Municipal Judge Riverdale,,NON,write-in,5
McLean,Municipal Judge Washburn,,NON,Lauren Hunze,450
McLean,Municipal Judge Washburn,,NON,write-in,3
McLean,Municipal Judge Wilton,,NON,Jeffrey J Hruby,147
McLean,Municipal Judge Wilton,,NON,write-in,2
McLean,Park Board Member Garrison Park,,NON,Amy Betz,358
McLean,Park Board Member Garrison Park,,NON,Kerry Seidler,333
McLean,Park Board Member Garrison Park,,NON,Tonya Graeber,357
McLean,Park Board Member Garrison Park,,NON,write-in,9
McLean,Park Board Member Max Park,,NON,write-in,85
McLean,Park Board Member Riverdale Park,,NON,write-in,31
McLean,Park Board Member Turtle Lake Park,,NON,Roby Anderson,196
McLean,Park Board Member Turtle Lake Park,,NON,write-in,21
McLean,Park Board Member Underwood Park,,NON,Chastity Aasheim,174
McLean,Park Board Member Underwood Park,,NON,Ethan Vaagene,159
McLean,Park Board Member Underwood Park,,NON,write-in,7
McLean,Park Board Member Unexpired Two-Year Term Garrison Park,,NON,Jessica Seidler,332
McLean,Park Board Member Unexpired Two-Year Term Garrison Park,,NON,Laura Hellebush,356
McLean,Park Board Member Unexpired Two-Year Term Garrison Park,,NON,write-in,5
McLean,Park Board Member Unexpired Two-Year Term Riverdale Park,,NON,write-in,13
McLean,Park Board Member Unexpired Two-Year Term Underwood Park,,NON,write-in,37
McLean,Park Board Member Washburn Park,,NON,Joe Freeman,401
McLean,Park Board Member Washburn Park,,NON,Wes Johnson,437
McLean,Park Board Member Washburn Park,,NON,write-in,3
McLean,Park Board Member Wilton Park,,NON,write-in,66
McLean,Public Service Commissioner,,DEM,Brad Crabtree,925
McLean,Public Service Commissioner,,DEM,write-in,0
McLean,Public Service Commissioner,,LIB,Joshua Voytek,10
McLean,Public Service Commissioner,,LIB,write-in,0
McLean,Public Service Commissioner,,REP,Randy Christmann,1709
McLean,Public Service Commissioner,,REP,write-in,0
McLean,Public Service Commissioner Constitution,,CON,write-in,0
McLean,Referendum Measure No. 4: Relating to University of North Dakota Athletic Nickname and Logo.,,,No,1217
McLean,Referendum Measure No. 4: Relating to University of North Dakota Athletic Nickname and Logo.,,,Yes,1971
McLean,Representative in Congress Constitution,,CON,write-in,0
McLean,Sales Use & Tax Administrator Wilton,,NON,Paul Schauer,120
McLean,Sales Use & Tax Administrator Wilton,,NON,Richard L Hausauer,134
McLean,Sales Use & Tax Administrator Wilton,,NON,write-in,1
McLean,State Auditor,,DEM,Scot Kelsh,919
McLean,State Auditor,,DEM,write-in,0
McLean,State Auditor,,LIB,write-in,0
McLean,State Auditor,,REP,Robert R (Bob) Peterson,1706
McLean,State Auditor,,REP,write-in,0
McLean,State Auditor Constitution,,CON,write-in,0
McLean,State House,4,DEM,Kenton Onstad,188
McLean,State House,4,DEM,Tom Conklin,170
McLean,State House,4,DEM,write-in,0
McLean,State House,4,LIB,write-in,0
McLean,State House,4,REP,Glen Froseth,175
McLean,State House,4,REP,write-in,0
McLean,State House,8,DEM,Casey D Buchmann,633
McLean,State House,8,DEM,Tanya Stebbins,677
McLean,State House,8,DEM,write-in,0
McLean,State House,8,LIB,write-in,0
McLean,State House,8,REP,Jeff Delzer,1293
McLean,State House,8,REP,Vernon Laning,1194
McLean,State House,8,REP,write-in,0
McLean,State Representative District 4 Constitution,,CON,write-in,0
McLean,State Representative District 8 Constitution,,CON,write-in,0
McLean,State Senate,4,DEM,John M Warner,194
McLean,State Senate,4,DEM,write-in,0
McLean,State Senate,4,LIB,write-in,0
McLean,State Senate,4,REP,Daryl J Lies,180
McLean,State Senate,4,REP,write-in,0
McLean,State Senate,8,DEM,Cole Uecker,722
McLean,State Senate,8,DEM,write-in,0
McLean,State Senate,8,LIB,write-in,0
McLean,State Senate,8,REP,Howard C Anderson Jr,1518
McLean,State Senate,8,REP,write-in,0
McLean,State Senator District 4 Constitution,,CON,write-in,0
McLean,State Senator District 8 Constitution,,CON,write-in,0
McLean,State Treasurer,,DEM,Ross Mushik,906
McLean,State Treasurer,,DEM,write-in,0
McLean,State Treasurer,,LIB,write-in,0
McLean,State Treasurer,,REP,Kelly Schmidt,1708
McLean,State Treasurer,,REP,write-in,0
McLean,State Treasurer Constitution,,CON,write-in,0
McLean,Superintendent of Public Instruction,,NON,Kirsten Baesler,848
McLean,Superintendent of Public Instruction,,NON,Max Laird,607
McLean,Superintendent of Public Instruction,,NON,Tracy Potter,594
McLean,Superintendent of Public Instruction,,NON,write-in,0
McLean,U.S. House,1,DEM,Pam Gulleson,961
McLean,U.S. House,1,DEM,write-in,0
McLean,U.S. House,1,LIB,Eric Olson,11
McLean,U.S. House,1,LIB,write-in,0
McLean,U.S. House,1,REP,Brian P Kalk,748
McLean,U.S. House,1,REP,Kevin Cramer,1149
McLean,U.S. House,1,REP,write-in,0
McLean,U.S. Senate,,DEM,Heidi Heitkamp,1049
McLean,U.S. Senate,,DEM,write-in,0
McLean,U.S. Senate,,LIB,write-in,0
McLean,U.S. Senate,,REP,Duane Sand,726
McLean,U.S. Senate,,REP,Rick Berg,1216
McLean,U.S. Senate,,REP,write-in,0
McLean,United States Senator Constitution,,CON,write-in,0
Mercer,City of Beulah Measure #1 Beulah,,,No,52
Mercer,City of Beulah Measure #1 Beulah,,,Yes,971
Mercer,City of Golden Valley Measure #1 Golden Valley,,,No,12
Mercer,City of Golden Valley Measure #1 Golden Valley,,,Yes,55
Mercer,City of Hazen Measure #1 Hazen,,,No,45
Mercer,City of Hazen Measure #1 Hazen,,,Yes,921
Mercer,City of Pick City Measure #1 Pick City,,,No,14
Mercer,City of Pick City Measure #1 Pick City,,,Yes,36
Mercer,City of Stanton Measure #1 Stanton,,,No,4
Mercer,City of Stanton Measure #1 Stanton,,,Yes,115
Mercer,City of Zap Measure #1 Zap,,,No,6
Mercer,City of Zap Measure #1 Zap,,,Yes,67
Mercer,Commissioner - Unexpired Two (2) Year Term Hazen,,NON,Delmar Schramm,437
Mercer,Commissioner - Unexpired Two (2) Year Term Hazen,,NON,Nancy Wolf,493
Mercer,Commissioner - Unexpired Two (2) Year Term Hazen,,NON,write-in,2
Mercer,Commissioner Hazen,,NON,Casey Stern,606
Mercer,Commissioner Hazen,,NON,Judy A Brunmeier,415
Mercer,Commissioner Hazen,,NON,Kenneth J Link,365
Mercer,Commissioner Hazen,,NON,Michael H Peterson,335
Mercer,Commissioner Hazen,,NON,write-in,5
Mercer,Constitutional Measure No. 1: Legislative Assembly Appointments.,,,No,1008
Mercer,Constitutional Measure No. 1: Legislative Assembly Appointments.,,,Yes,1884
Mercer,Council Member - Unexpired two (2) Year Term Beulah Ward 3,,NON,Kathy Kelsch,268
Mercer,Council Member - Unexpired two (2) Year Term Beulah Ward 3,,NON,write-in,1
Mercer,Council Member - Unexpired two (2) Year Term Beulah Ward 4,,NON,Brant Keller,146
Mercer,Council Member - Unexpired two (2) Year Term Beulah Ward 4,,NON,write-in,3
Mercer,Council Member Beulah Ward 1,,NON,Alan Kok,240
Mercer,Council Member Beulah Ward 1,,NON,write-in,2
Mercer,Council Member Beulah Ward 2,,NON,Roger Gazur,207
Mercer,Council Member Beulah Ward 2,,NON,write-in,6
Mercer,Council Member Beulah Ward 3,,NON,Darwin Reinhardt,89
Mercer,Council Member Beulah Ward 3,,NON,Kirby Morgenstern,178
Mercer,Council Member Beulah Ward 3,,NON,write-in,0
Mercer,Council Member Beulah Ward 4,,NON,Clyde Schulz,120
Mercer,Council Member Beulah Ward 4,,NON,write-in,13
Mercer,Council Member Golden Valley,,NON,Kenton Richau,53
Mercer,Council Member Golden Valley,,NON,Rodney Brecht,57
Mercer,Council Member Golden Valley,,NON,write-in,4
Mercer,Council Member Pick City,,NON,Rita Skraba,27
Mercer,Council Member Pick City,,NON,Rosemarie Pfliger,32
Mercer,Council Member Pick City,,NON,write-in,16
Mercer,Council Member Stanton,,NON,Marvin Ballensky,98
Mercer,Council Member Stanton,,NON,Ryan Vigesaa,110
Mercer,Council Member Stanton,,NON,write-in,2
Mercer,Council Member Unexpired two (2) Year Term Pick City,,NON,Lloyd Seilinger,39
Mercer,Council Member Unexpired two (2) Year Term Pick City,,NON,write-in,5
Mercer,Council Member Unexpired two (2) Year Term Stanton,,NON,Jason Hill,87
Mercer,Council Member Unexpired two (2) Year Term Stanton,,NON,Judith Lang,30
Mercer,Council Member Unexpired two (2) Year Term Stanton,,NON,write-in,0
Mercer,Council Member Zap,,NON,Keith Kasanke,44
Mercer,Council Member Zap,,NON,Shannon Benjamin,57
Mercer,Council Member Zap,,NON,Steven Stefansky,31
Mercer,Council Member Zap,,NON,write-in,7
Mercer,County Commissioner Mercer,,NON,Bill (William L) Tveit,840
Mercer,County Commissioner Mercer,,NON,Dale Bauer,425
Mercer,County Commissioner Mercer,,NON,Duane Scheurer,456
Mercer,County Commissioner Mercer,,NON,Dwight Berger,176
Mercer,County Commissioner Mercer,,NON,Ivan Ellwein,258
Mercer,County Commissioner Mercer,,NON,Jerome (Jerry) Scharbach,292
Mercer,County Commissioner Mercer,,NON,Wesley Klein,513
Mercer,County Commissioner Mercer,,NON,write-in,3
Mercer,County Measure 1 Mercer,,,No,1054
Mercer,County Measure 1 Mercer,,,Yes,2046
Mercer,County Measure 2 Mercer,,,No,919
Mercer,County Measure 2 Mercer,,,Yes,2140
Mercer,Governor and Lt. Governor,,DEM,Ryan M Taylor & Ellen Chaffee,782
Mercer,Governor and Lt. Governor,,DEM,write-in,3
Mercer,Governor and Lt. Governor,,LIB,Roland Riemers,12
Mercer,Governor and Lt. Governor,,LIB,write-in,0
Mercer,Governor and Lt. Governor,,REP,Jack Dalrymple & Drew Wrigley,1836
Mercer,Governor and Lt. Governor,,REP,write-in,12
Mercer,Governor and Lt. Governor Constitution,,CON,write-in,1
Mercer,Initiated Constitutional Measure No. 2: Relating to Elimination of Property Taxes and Replacement of Lost Revenue.,,,No,2460
Mercer,Initiated Constitutional Measure No. 2: Relating to Elimination of Property Taxes and Replacement of Lost Revenue.,,,Yes,649
Mercer,Initiated Constitutional Measure No. 3: Relating to Government Prohibited from Burdening the Exercise of Religious Liberty.,,,No,1603
Mercer,Initiated Constitutional Measure No. 3: Relating to Government Prohibited from Burdening the Exercise of Religious Liberty.,,,Yes,1348
Mercer,Insurance Commissioner,,DEM,Tom Potter,756
Mercer,Insurance Commissioner,,DEM,write-in,2
Mercer,Insurance Commissioner,,LIB,write-in,1
Mercer,Insurance Commissioner,,REP,Adam Hamm,1802
Mercer,Insurance Commissioner,,REP,write-in,1
Mercer,Insurance Commissioner Constitution,,CON,write-in,0
Mercer,Judge of the District Court No. 4 South Central,,NON,Bruce B Haskell,1824
Mercer,Judge of the District Court No. 4 South Central,,NON,write-in,6
Mercer,Judge of the District Court No. 9 South Central,,NON,Bruce A Romanick,2421
Mercer,Judge of the District Court No. 9 South Central,,NON,write-in,6
Mercer,Justice of the Supreme Court,,NON,Daniel J Crothers,1765
Mercer,Justice of the Supreme Court,,NON,write-in,5
Mercer,Mayor Stanton,,NON,Ron Boyko,103
Mercer,Mayor Stanton,,NON,write-in,7
Mercer,Municipal Judge Beulah,,NON,Myron Stern,834
Mercer,Municipal Judge Beulah,,NON,write-in,20
Mercer,Municipal Judge Golden Valley,,NON,David Walth,31
Mercer,Municipal Judge Golden Valley,,NON,Myron Stern,35
Mercer,Municipal Judge Golden Valley,,NON,write-in,0
Mercer,Municipal Judge Zap,,NON,David Walth,36
Mercer,Municipal Judge Zap,,NON,Myron Stern,34
Mercer,Municipal Judge Zap,,NON,write-in,0
Mercer,Park Board Member Beulah Park,,NON,Bruce Schmidt,756
Mercer,Park Board Member Beulah Park,,NON,Deborah Schlecht,588
Mercer,Park Board Member Beulah Park,,NON,Kasha Hansen,477
Mercer,Park Board Member Beulah Park,,NON,Richard Alexander,511
Mercer,Park Board Member Beulah Park,,NON,write-in,12
Mercer,Park Board Member Hazen Park,,NON,Allan Mautz,758
Mercer,Park Board Member Hazen Park,,NON,Daryl Metzger,748
Mercer,Park Board Member Hazen Park,,NON,write-in,9
Mercer,Park Board Member Stanton Park,,NON,Barbara Leinius,106
Mercer,Park Board Member Stanton Park,,NON,Larry Lang,101
Mercer,Park Board Member Stanton Park,,NON,write-in,1
Mercer,Park Board Member Zap Park,,NON,Brett Nodland,62
Mercer,Park Board Member Zap Park,,NON,Kevin Beauchamp,61
Mercer,Park Board Member Zap Park,,NON,Tracy Weil,57
Mercer,Park Board Member Zap Park,,NON,write-in,7
Mercer,Public Service Commissioner,,DEM,Brad Crabtree,763
Mercer,Public Service Commissioner,,DEM,write-in,2
Mercer,Public Service Commissioner,,LIB,Joshua Voytek,13
Mercer,Public Service Commissioner,,LIB,write-in,0
Mercer,Public Service Commissioner,,REP,Randy Christmann,1828
Mercer,Public Service Commissioner,,REP,write-in,11
Mercer,Public Service Commissioner Constitution,,CON,write-in,1
Mercer,Referendum Measure No. 4: Relating to University of North Dakota Athletic Nickname and Logo.,,,No,1280
Mercer,Referendum Measure No. 4: Relating to University of North Dakota Athletic Nickname and Logo.,,,Yes,1768
Mercer,Representative in Congress Constitution,,CON,write-in,0
Mercer,School Board Member - Center District Center/Stanton School District,,NON,Jim Wahlman,92
Mercer,School Board Member - Center District Center/Stanton School District,,NON,Todd Orgaard,62
Mercer,School Board Member - Center District Center/Stanton School District,,NON,write-in,1
Mercer,School Board Member - Stanton District Center/Stanton School District,,NON,Cynthia Berger,174
Mercer,School Board Member - Stanton District Center/Stanton School District,,NON,write-in,4
Mercer,School Board Member at Large Beulah School,,NON,Jordan Staloch,790
Mercer,School Board Member at Large Beulah School,,NON,Myles Hafner,692
Mercer,School Board Member at Large Beulah School,,NON,Ruth Julson,869
Mercer,School Board Member at Large Beulah School,,NON,write-in,24
Mercer,School Board Member at Large Hazen #3 School Dist,,NON,Angie Sayler,456
Mercer,School Board Member at Large Hazen #3 School Dist,,NON,Jody Murschel,871
Mercer,School Board Member at Large Hazen #3 School Dist,,NON,Tammy Krause,826
Mercer,School Board Member at Large Hazen #3 School Dist,,NON,write-in,8
Mercer,State Auditor,,DEM,Scot Kelsh,761
Mercer,State Auditor,,DEM,write-in,3
Mercer,State Auditor,,LIB,write-in,1
Mercer,State Auditor,,REP,Robert R (Bob) Peterson,1787
Mercer,State Auditor,,REP,write-in,3
Mercer,State Auditor Constitution,,CON,write-in,0
Mercer,State House,4,DEM,Kenton Onstad,0
Mercer,State House,4,DEM,Tom Conklin,0
Mercer,State House,4,DEM,write-in,0
Mercer,State House,4,LIB,write-in,0
Mercer,State House,4,REP,Glen Froseth,6
Mercer,State House,4,REP,write-in,0
Mercer,State Representative District 4 Constitution,,CON,write-in,0
Mercer,State Senate,4,DEM,John M Warner,0
Mercer,State Senate,4,DEM,write-in,0
Mercer,State Senate,4,LIB,write-in,0
Mercer,State Senate,4,REP,Daryl J Lies,6
Mercer,State Senate,4,REP,write-in,0
Mercer,State Senator District 4 Constitution,,CON,write-in,0
Mercer,State Treasurer,,DEM,Ross Mushik,746
Mercer,State Treasurer,,DEM,write-in,4
Mercer,State Treasurer,,LIB,write-in,1
Mercer,State Treasurer,,REP,Kelly Schmidt,1772
Mercer,State Treasurer,,REP,write-in,2
Mercer,State Treasurer Constitution,,CON,write-in,0
Mercer,Superintendent of Public Instruction,,NON,Kirsten Baesler,827
Mercer,Superintendent of Public Instruction,,NON,Max Laird,518
Mercer,Superintendent of Public Instruction,,NON,Tracy Potter,612
Mercer,Superintendent of Public Instruction,,NON,write-in,4
Mercer,U.S. House,1,DEM,Pam Gulleson,756
Mercer,U.S. House,1,DEM,write-in,3
Mercer,U.S. House,1,LIB,Eric Olson,18
Mercer,U.S. House,1,LIB,write-in,0
Mercer,U.S. House,1,REP,Brian P Kalk,659
Mercer,U.S. House,1,REP,Kevin Cramer,1255
Mercer,U.S. House,1,REP,write-in,1
Mercer,U.S. Senate,,DEM,Heidi Heitkamp,832
Mercer,U.S. Senate,,DEM,write-in,2
Mercer,U.S. Senate,,LIB,write-in,2
Mercer,U.S. Senate,,REP,Duane Sand,672
Mercer,U.S. Senate,,REP,Rick Berg,1288
Mercer,U.S. Senate,,REP,write-in,3
Mercer,United States Senator Constitution,,CON,write-in,1
Morton,City Measure 1 Almont,,,No,8
Morton,City Measure 1 Almont,,,Yes,14
Morton,City Measure 1 Flasher,,,No,12
Morton,City Measure 1 Flasher,,,Yes,74
Morton,City Measure 1 Glen Ullin,,,No,18
Morton,City Measure 1 Glen Ullin,,,Yes,177
Morton,City Measure 1 Hebron,,,No,23
Morton,City Measure 1 Hebron,,,Yes,142
Morton,City Measure 1 Mandan,,,No,635
Morton,City Measure 1 Mandan,,,Yes,4407
Morton,City Measure 1 New Salem,,,No,26
Morton,City Measure 1 New Salem,,,Yes,223
Morton,Commissioner 2 yr Unexpired Flasher,,NON,write-in,56
Morton,Commissioner Flasher,,NON,write-in,70
Morton,Commissioner Mandan,,NON,Mike Braun,2480
Morton,Commissioner Mandan,,NON,Sandy Tibke,2782
Morton,Commissioner Mandan,,NON,Tom Jackson,2039
Morton,Commissioner Mandan,,NON,Trevor Vannett,953
Morton,Commissioner Mandan,,NON,write-in,14
Morton,Constitutional Measure No. 1: Legislative Assembly Appointments.,,,No,2989
Morton,Constitutional Measure No. 1: Legislative Assembly Appointments.,,,Yes,4387
Morton,Council Member 2 yr Unexpired New Salem,,NON,Delores Klusmann,227
Morton,Council Member 2 yr Unexpired New Salem,,NON,write-in,1
Morton,Council Member Almont,,NON,Anthony Bachler,11
Morton,Council Member Almont,,NON,James Urlacher,8
Morton,Council Member Almont,,NON,write-in,8
Morton,Council Member Glen Ullin,,NON,Randy Martwick,145
Morton,Council Member Glen Ullin,,NON,Thomas Schirado,159
Morton,Council Member Glen Ullin,,NON,write-in,65
Morton,Council Member Hebron,,NON,Harvey Tibor,155
Morton,Council Member Hebron,,NON,Jesse Zuroff,143
Morton,Council Member Hebron,,NON,Kenneth Rehling,95
Morton,Council Member Hebron,,NON,Rachel Brunner,68
Morton,Council Member Hebron,,NON,write-in,5
Morton,Council Member New Salem,,NON,Eugene Schaaf,187
Morton,Council Member New Salem,,NON,Pat Fleckenstein,178
Morton,Council Member New Salem,,NON,write-in,37
Morton,County Commissioner Morton,,NON,Arnold Zins,1615
Morton,County Commissioner Morton,,NON,Bruce Strinden,3007
Morton,County Commissioner Morton,,NON,Clint Feland,1792
Morton,County Commissioner Morton,,NON,Cody Schulz,2020
Morton,County Commissioner Morton,,NON,"Gerald ""Jerry"" Serhienko",1163
Morton,County Commissioner Morton,,NON,Joel L Olson,1722
Morton,County Commissioner Morton,,NON,Ron Leingang,2426
Morton,County Commissioner Morton,,NON,Scott A Johnson,2091
Morton,County Commissioner Morton,,NON,Sue Bartholomew Balcom,2045
Morton,County Commissioner Morton,,NON,write-in,23
Morton,Governor and Lt. Governor,,DEM,Ryan M Taylor & Ellen Chaffee,2148
Morton,Governor and Lt. Governor,,DEM,write-in,5
Morton,Governor and Lt. Governor,,LIB,Roland Riemers,27
Morton,Governor and Lt. Governor,,LIB,write-in,0
Morton,Governor and Lt. Governor,,REP,Jack Dalrymple & Drew Wrigley,4527
Morton,Governor and Lt. Governor,,REP,write-in,27
Morton,Governor and Lt. Governor Constitution,,CON,write-in,0
Morton,Initiated Constitutional Measure No. 2: Relating to Elimination of Property Taxes and Replacement of Lost Revenue.,,,No,5446
Morton,Initiated Constitutional Measure No. 2: Relating to Elimination of Property Taxes and Replacement of Lost Revenue.,,,Yes,2397
Morton,Initiated Constitutional Measure No. 3: Relating to Government Prohibited from Burdening the Exercise of Religious Liberty.,,,No,4662
Morton,Initiated Constitutional Measure No. 3: Relating to Government Prohibited from Burdening the Exercise of Religious Liberty.,,,Yes,3031
Morton,Insurance Commissioner,,DEM,Tom Potter,2093
Morton,Insurance Commissioner,,DEM,write-in,0
Morton,Insurance Commissioner,,LIB,write-in,2
Morton,Insurance Commissioner,,REP,Adam Hamm,4314
Morton,Insurance Commissioner,,REP,write-in,9
Morton,Insurance Commissioner Constitution,,CON,write-in,0
Morton,Judge of the District Court No. 4 South Central,,NON,Bruce B Haskell,5405
Morton,Judge of the District Court No. 4 South Central,,NON,write-in,13
Morton,Judge of the District Court No. 9 South Central,,NON,Bruce A Romanick,5347
Morton,Judge of the District Court No. 9 South Central,,NON,write-in,12
Morton,Justice of the Supreme Court,,NON,Daniel J Crothers,4441
Morton,Justice of the Supreme Court,,NON,write-in,16
Morton,Mayor Almont,,NON,write-in,14
Morton,Mayor Glen Ullin,,NON,Ray Haverluk,68
Morton,Mayor Glen Ullin,,NON,write-in,91
Morton,Mayor Mandan,,NON,Arlyn VanBeek,2764
Morton,Mayor Mandan,,NON,Dot Frank,1993
Morton,Mayor Mandan,,NON,write-in,24
Morton,Municipal Judge Mandan,,NON,DeNae Kautzmann,4000
Morton,Municipal Judge Mandan,,NON,write-in,9
Morton,Municipal Judge New Salem,,NON,Scott Austin,216
Morton,Municipal Judge New Salem,,NON,write-in,1
Morton,Park Board Member 2 yr Unexpired Flasher Park,,NON,Mary Richter,80
Morton,Park Board Member 2 yr Unexpired Flasher Park,,NON,write-in,1
Morton,Park Board Member Flasher Park,,NON,Hilda Hinderer,75
Morton,Park Board Member Flasher Park,,NON,Sharon Bratrud,72
Morton,Park Board Member Flasher Park,,NON,Shawna Marion,73
Morton,Park Board Member Flasher Park,,NON,write-in,4
Morton,Park Board Member Glen Ullin Park,,NON,Brandon Schirado,157
Morton,Park Board Member Glen Ullin Park,,NON,Jerrid Soupir,167
Morton,Park Board Member Glen Ullin Park,,NON,write-in,48
Morton,Park Board Member Hebron Park,,NON,Claudia Wehri,153
Morton,Park Board Member Hebron Park,,NON,Jim Tibor,153
Morton,Park Board Member Hebron Park,,NON,write-in,0
Morton,Park Board Member Mandan Park,,NON,Kelly Klemisch,2307
Morton,Park Board Member Mandan Park,,NON,Kevin (Herb) Allan,2497
Morton,Park Board Member Mandan Park,,NON,Wanda Knoll,3028
Morton,Park Board Member Mandan Park,,NON,write-in,11
Morton,Park Board Member New Salem Park,,NON,Diane Hoger,227
Morton,Park Board Member New Salem Park,,NON,write-in,66
Morton,Public Service Commissioner,,DEM,Brad Crabtree,2072
Morton,Public Service Commissioner,,DEM,write-in,3
Morton,Public Service Commissioner,,LIB,Joshua Voytek,26
Morton,Public Service Commissioner,,LIB,write-in,1
Morton,Public Service Commissioner,,REP,Randy Christmann,4295
Morton,Public Service Commissioner,,REP,write-in,11
Morton,Public Service Commissioner Constitution,,CON,write-in,0
Morton,Referendum Measure No. 4: Relating to University of North Dakota Athletic Nickname and Logo.,,,No,2607
Morton,Referendum Measure No. 4: Relating to University of North Dakota Athletic Nickname and Logo.,,,Yes,4978
Morton,Representative in Congress Constitution,,CON,write-in,0
Morton,School Board Member Rural Mandan School District,,NON,Beth Allen,4766
Morton,School Board Member Rural Mandan School District,,NON,write-in,14
Morton,School Board Member at Large Mandan School District,,NON,Jill LaMont Goetz,2858
Morton,School Board Member at Large Mandan School District,,NON,Karmen Siirtola,2129
Morton,School Board Member at Large Mandan School District,,NON,Tim Tausend,3241
Morton,School Board Member at Large Mandan School District,,NON,Wendy Egli,1294
Morton,School Board Member at Large Mandan School District,,NON,write-in,13
Morton,School District Measure 1 Mandan School District,,,No,817
Morton,School District Measure 1 Mandan School District,,,Yes,5351
Morton,State Auditor,,DEM,Scot Kelsh,2069
Morton,State Auditor,,DEM,write-in,2
Morton,State Auditor,,LIB,write-in,2
Morton,State Auditor,,REP,Robert R (Bob) Peterson,4281
Morton,State Auditor,,REP,write-in,3
Morton,State Auditor Constitution,,CON,write-in,0
Morton,State House,34,DEM,Lori Furaus,975
Morton,State House,34,DEM,Sid Kadrmas,967
Morton,State House,34,DEM,write-in,2
Morton,State House,34,LIB,write-in,3
Morton,State House,34,REP,Nathan P Toman,1529
Morton,State House,34,REP,Rae Ann Kelsch,839
Morton,State House,34,REP,Todd K Porter,1916
Morton,State House,34,REP,write-in,4
Morton,State House,36,DEM,Bev Berger,72
Morton,State House,36,DEM,Shirley Meyer,89
Morton,State House,36,DEM,write-in,0
Morton,State House,36,LIB,write-in,0
Morton,State House,36,REP,Alan Fehr,213
Morton,State House,36,REP,Mike Schatz,288
Morton,State House,36,REP,write-in,0
Morton,State Representative District 34 Constitution,,CON,write-in,0
Morton,State Representative District 36 Constitution,,CON,write-in,0
Morton,State Senate,34,DEM,Stacey J Bendish,1120
Morton,State Senate,34,DEM,write-in,1
Morton,State Senate,34,LIB,write-in,1
Morton,State Senate,34,REP,Dwight Cook,2124
Morton,State Senate,34,REP,write-in,5
Morton,State Senate,36,DEM,Rich Brauhn,88
Morton,State Senate,36,DEM,write-in,1
Morton,State Senate,36,LIB,write-in,0
Morton,State Senate,36,REP,Kelly Armstrong,303
Morton,State Senate,36,REP,write-in,1
Morton,State Senator District 34 Constitution,,CON,write-in,0
Morton,State Senator District 36 Constitution,,CON,write-in,0
Morton,State Treasurer,,DEM,Ross Mushik,2090
Morton,State Treasurer,,DEM,write-in,3
Morton,State Treasurer,,LIB,write-in,2
Morton,State Treasurer,,REP,Kelly Schmidt,4232
Morton,State Treasurer,,REP,write-in,11
Morton,State Treasurer Constitution,,CON,write-in,0
Morton,Superintendent of Public Instruction,,NON,Kirsten Baesler,2501
Morton,Superintendent of Public Instruction,,NON,Max Laird,1184
Morton,Superintendent of Public Instruction,,NON,Tracy Potter,1709
Morton,Superintendent of Public Instruction,,NON,write-in,7
Morton,U.S. House,1,DEM,Pam Gulleson,2120
Morton,U.S. House,1,DEM,write-in,0
Morton,U.S. House,1,LIB,Eric Olson,27
Morton,U.S. House,1,LIB,write-in,0
Morton,U.S. House,1,REP,Brian P Kalk,1808
Morton,U.S. House,1,REP,Kevin Cramer,3005
Morton,U.S. House,1,REP,write-in,4
Morton,U.S. Senate,,DEM,Heidi Heitkamp,2337
Morton,U.S. Senate,,DEM,write-in,3
Morton,U.S. Senate,,LIB,write-in,5
Morton,U.S. Senate,,REP,Duane Sand,2005
Morton,U.S. Senate,,REP,Rick Berg,2914
Morton,U.S. Senate,,REP,write-in,6
Morton,United States Senator Constitution,,CON,write-in,0
Mountrail,City Measure 1 New Town,,,No,12
Mountrail,City Measure 1 New Town,,,Yes,194
Mountrail,City Measure 1 Parshall,,,No,8
Mountrail,City Measure 1 Parshall,,,Yes,111
Mountrail,Constitutional Measure No. 1: Legislative Assembly Appointments.,,,No,625
Mountrail,Constitutional Measure No. 1: Legislative Assembly Appointments.,,,Yes,727
Mountrail,Council Member New Town,,NON,Carol Enno,81
Mountrail,Council Member New Town,,NON,Jay Standish,95
Mountrail,Council Member New Town,,NON,Karen Paetz Sitting Crow,66
Mountrail,Council Member New Town,,NON,Terry Mathson,121
Mountrail,Council Member New Town,,NON,write-in,9
Mountrail,Council Member Parshall,,NON,Byron Youngbird,94
Mountrail,Council Member Parshall,,NON,Cheryl M Bruce,57
Mountrail,Council Member Parshall,,NON,Tom Huus,75
Mountrail,Council Member Parshall,,NON,write-in,0
Mountrail,Council Member Stanley,,NON,Jacob Hellman,241
Mountrail,Council Member Stanley,,NON,Linda Wienbar,237
Mountrail,Council Member Stanley,,NON,Tim Holte,248
Mountrail,Council Member Stanley,,NON,write-in,6
Mountrail,County Commissioner Mountrail - District 1,,NON,Greg Boschee,1050
Mountrail,County Commissioner Mountrail - District 1,,NON,write-in,10
Mountrail,County Measure 1 Mountrail,,,No,375
Mountrail,County Measure 1 Mountrail,,,Yes,1001
Mountrail,Governor and Lt. Governor,,DEM,Ryan M Taylor & Ellen Chaffee,533
Mountrail,Governor and Lt. Governor,,DEM,write-in,0
Mountrail,Governor and Lt. Governor,,LIB,Roland Riemers,6
Mountrail,Governor and Lt. Governor,,LIB,write-in,0
Mountrail,Governor and Lt. Governor,,REP,Jack Dalrymple & Drew Wrigley,739
Mountrail,Governor and Lt. Governor,,REP,write-in,4
Mountrail,Governor and Lt. Governor Constitution,,CON,write-in,1
Mountrail,Initiated Constitutional Measure No. 2: Relating to Elimination of Property Taxes and Replacement of Lost Revenue.,,,No,1110
Mountrail,Initiated Constitutional Measure No. 2: Relating to Elimination of Property Taxes and Replacement of Lost Revenue.,,,Yes,327
Mountrail,Initiated Constitutional Measure No. 3: Relating to Government Prohibited from Burdening the Exercise of Religious Liberty.,,,No,913
Mountrail,Initiated Constitutional Measure No. 3: Relating to Government Prohibited from Burdening the Exercise of Religious Liberty.,,,Yes,501
Mountrail,Insurance Commissioner,,DEM,Tom Potter,501
Mountrail,Insurance Commissioner,,DEM,write-in,1
Mountrail,Insurance Commissioner,,LIB,write-in,0
Mountrail,Insurance Commissioner,,REP,Adam Hamm,714
Mountrail,Insurance Commissioner,,REP,write-in,1
Mountrail,Insurance Commissioner Constitution,,CON,write-in,1
Mountrail,Judge of the District Court No. 7 Northwest,,NON,Richard L Hagar,994
Mountrail,Judge of the District Court No. 7 Northwest,,NON,write-in,7
Mountrail,Judge of the District Court No. 8 Northwest,,NON,William W McLees,999
Mountrail,Judge of the District Court No. 8 Northwest,,NON,write-in,5
Mountrail,Judge of the District Court No. 9 Unexpired Term Northwest,,NON,Todd L Cresap,995
Mountrail,Judge of the District Court No. 9 Unexpired Term Northwest,,NON,write-in,3
Mountrail,Justice of the Supreme Court,,NON,Daniel J Crothers,1002
Mountrail,Justice of the Supreme Court,,NON,write-in,3
Mountrail,Park Board Member New Town Park,,NON,Joe Iverson,192
Mountrail,Park Board Member New Town Park,,NON,write-in,38
Mountrail,Park Board Member Parshall Park,,NON,Carol Hall,110
Mountrail,Park Board Member Parshall Park,,NON,Dan Dapelo,78
Mountrail,Park Board Member Parshall Park,,NON,Tim Jarski,95
Mountrail,Park Board Member Parshall Park,,NON,write-in,0
Mountrail,Park Board Member Stanley Park,,NON,Angela Schepp,257
Mountrail,Park Board Member Stanley Park,,NON,Christina Iverson,254
Mountrail,Park Board Member Stanley Park,,NON,write-in,2
Mountrail,Public Service Commissioner,,DEM,Brad Crabtree,502
Mountrail,Public Service Commissioner,,DEM,write-in,1
Mountrail,Public Service Commissioner,,LIB,Joshua Voytek,5
Mountrail,Public Service Commissioner,,LIB,write-in,0
Mountrail,Public Service Commissioner,,REP,Randy Christmann,706
Mountrail,Public Service Commissioner,,REP,write-in,0
Mountrail,Public Service Commissioner Constitution,,CON,write-in,1
Mountrail,Referendum Measure No. 4: Relating to University of North Dakota Athletic Nickname and Logo.,,,No,537
Mountrail,Referendum Measure No. 4: Relating to University of North Dakota Athletic Nickname and Logo.,,,Yes,884
Mountrail,Representative in Congress Constitution,,CON,write-in,1
Mountrail,State Auditor,,DEM,Scot Kelsh,496
Mountrail,State Auditor,,DEM,write-in,2
Mountrail,State Auditor,,LIB,write-in,0
Mountrail,State Auditor,,REP,Robert R (Bob) Peterson,719
Mountrail,State Auditor,,REP,write-in,1
Mountrail,State Auditor Constitution,,CON,write-in,1
Mountrail,State House,2,DEM,Dorvan Solberg,157
Mountrail,State House,2,DEM,write-in,1
Mountrail,State House,2,LIB,write-in,0
Mountrail,State House,2,REP,Bob Skarphol,296
Mountrail,State House,2,REP,David S Rust,277
Mountrail,State House,2,REP,write-in,3
Mountrail,State House,4,DEM,Kenton Onstad,345
Mountrail,State House,4,DEM,Tom Conklin,259
Mountrail,State House,4,DEM,write-in,3
Mountrail,State House,4,LIB,write-in,0
Mountrail,State House,4,REP,Glen Froseth,364
Mountrail,State House,4,REP,write-in,4
Mountrail,State Representative District 2 Constitution,,CON,write-in,2
Mountrail,State Representative District 4 Constitution,,CON,write-in,0
Mountrail,State Senate,2,DEM,Lynn B Jacobson,149
Mountrail,State Senate,2,DEM,write-in,0
Mountrail,State Senate,2,LIB,write-in,0
Mountrail,State Senate,2,REP,John M Andrist,330
Mountrail,State Senate,2,REP,write-in,22
Mountrail,State Senate,4,DEM,John M Warner,372
Mountrail,State Senate,4,DEM,write-in,0
Mountrail,State Senate,4,LIB,write-in,0
Mountrail,State Senate,4,REP,Daryl J Lies,366
Mountrail,State Senate,4,REP,write-in,2
Mountrail,State Senator District 2 Constitution,,CON,write-in,1
Mountrail,State Senator District 4 Constitution,,CON,write-in,0
Mountrail,State Treasurer,,DEM,Ross Mushik,497
Mountrail,State Treasurer,,DEM,write-in,1
Mountrail,State Treasurer,,LIB,write-in,0
Mountrail,State Treasurer,,REP,Kelly Schmidt,706
Mountrail,State Treasurer,,REP,write-in,0
Mountrail,State Treasurer Constitution,,CON,write-in,1
Mountrail,Superintendent of Public Instruction,,NON,Kirsten Baesler,293
Mountrail,Superintendent of Public Instruction,,NON,Max Laird,268
Mountrail,Superintendent of Public Instruction,,NON,Tracy Potter,286
Mountrail,Superintendent of Public Instruction,,NON,write-in,1
Mountrail,U.S. House,1,DEM,Pam Gulleson,503
Mountrail,U.S. House,1,DEM,write-in,1
Mountrail,U.S. House,1,LIB,Eric Olson,6
Mountrail,U.S. House,1,LIB,write-in,0
Mountrail,U.S. House,1,REP,Brian P Kalk,324
Mountrail,U.S. House,1,REP,Kevin Cramer,452
Mountrail,U.S. House,1,REP,write-in,0
Mountrail,U.S. Senate,,DEM,Heidi Heitkamp,571
Mountrail,U.S. Senate,,DEM,write-in,1
Mountrail,U.S. Senate,,LIB,write-in,0
Mountrail,U.S. Senate,,REP,Duane Sand,297
Mountrail,U.S. Senate,,REP,Rick Berg,493
Mountrail,U.S. Senate,,REP,write-in,0
Mountrail,United States Senator Constitution,,CON,write-in,1
Nelson,CITY MEASURE 1 Aneta,,,No,5
Nelson,CITY MEASURE 1 Aneta,,,Yes,62
Nelson,CITY MEASURE 1 Lakota,,,No,10
Nelson,CITY MEASURE 1 Lakota,,,Yes,256
Nelson,CITY MEASURE 1 McVille,,,No,7
Nelson,CITY MEASURE 1 McVille,,,Yes,126
Nelson,CITY MEASURE 1 Michigan,,,No,5
Nelson,CITY MEASURE 1 Michigan,,,Yes,114
Nelson,CITY MEASURE 1 Pekin,,,No,17
Nelson,CITY MEASURE 1 Pekin,,,Yes,9
Nelson,CITY MEASURE 1 Petersburg,,,No,5
Nelson,CITY MEASURE 1 Petersburg,,,Yes,47
Nelson,CITY MEASURE 1 Tolna,,,No,10
Nelson,CITY MEASURE 1 Tolna,,,Yes,54
Nelson,Constitutional Measure No. 1: Legislative Assembly Appointments.,,,No,358
Nelson,Constitutional Measure No. 1: Legislative Assembly Appointments.,,,Yes,737
Nelson,Council Member Aneta,,NON,Manley Hegna Jr,66
Nelson,Council Member Aneta,,NON,Walker Ping,53
Nelson,Council Member Aneta,,NON,write-in,5
Nelson,Council Member Lakota,,NON,Christian N Skogen,185
Nelson,Council Member Lakota,,NON,Dennis Mattern,199
Nelson,Council Member Lakota,,NON,James R Vasichek,231
Nelson,Council Member Lakota,,NON,write-in,47
Nelson,Council Member McVille,,NON,Edward Sadowsky,119
Nelson,Council Member McVille,,NON,Haley Klefstad,107
Nelson,Council Member McVille,,NON,write-in,4
Nelson,Council Member Michigan,,NON,Kathy Gilbertson,65
Nelson,Council Member Michigan,,NON,Maria Vasichek,60
Nelson,Council Member Michigan,,NON,Scott Gilbertson,104
Nelson,Council Member Michigan,,NON,write-in,1
Nelson,Council Member Pekin,,NON,Dean Ensrud,21
Nelson,Council Member Pekin,,NON,Kaare Gjovik,9
Nelson,Council Member Pekin,,NON,Marvin Massey,19
Nelson,Council Member Pekin,,NON,write-in,2
Nelson,Council Member Petersburg,,NON,James Schmidt,39
Nelson,Council Member Petersburg,,NON,write-in,26
Nelson,Council Member Tolna,,NON,Bret Poehls,58
Nelson,Council Member Tolna,,NON,Jeramy Gronaas,57
Nelson,Council Member Tolna,,NON,write-in,0
Nelson,Council Member Unexpired Term Lakota,,NON,Robin Ouradnik,231
Nelson,Council Member Unexpired Term Lakota,,NON,write-in,5
Nelson,Council Member Unexpired Term McVille,,NON,Paul Aaser,108
Nelson,Council Member Unexpired Term McVille,,NON,write-in,2
Nelson,Council Member Unexpired Term Tolna,,NON,Matt Maresh,54
Nelson,Council Member Unexpired Term Tolna,,NON,write-in,2
Nelson,County Commissioner Nelson - District 2,,NON,Bruce Ellertson,427
Nelson,County Commissioner Nelson - District 2,,NON,Dale B Varnson,233
Nelson,County Commissioner Nelson - District 2,,NON,Marvin Narum,312
Nelson,County Commissioner Nelson - District 2,,NON,Victor S Schwan,62
Nelson,County Commissioner Nelson - District 2,,NON,write-in,0
Nelson,County Commissioner Nelson - District 4,,NON,Odell Flaagan,810
Nelson,County Commissioner Nelson - District 4,,NON,write-in,49
Nelson,"Director, Garrison Diversion Conservancy Nelson",,NON,Dan Marquart,956
Nelson,"Director, Garrison Diversion Conservancy Nelson",,NON,write-in,12
Nelson,Governor and Lt. Governor,,DEM,Ryan M Taylor & Ellen Chaffee,489
Nelson,Governor and Lt. Governor,,DEM,write-in,1
Nelson,Governor and Lt. Governor,,LIB,Roland Riemers,6
Nelson,Governor and Lt. Governor,,LIB,write-in,0
Nelson,Governor and Lt. Governor,,REP,Jack Dalrymple & Drew Wrigley,543
Nelson,Governor and Lt. Governor,,REP,write-in,0
Nelson,Governor and Lt. Governor Constitution,,CON,write-in,0
Nelson,Initiated Constitutional Measure No. 2: Relating to Elimination of Property Taxes and Replacement of Lost Revenue.,,,No,1032
Nelson,Initiated Constitutional Measure No. 2: Relating to Elimination of Property Taxes and Replacement of Lost Revenue.,,,Yes,175
Nelson,Initiated Constitutional Measure No. 3: Relating to Government Prohibited from Burdening the Exercise of Religious Liberty.,,,No,743
Nelson,Initiated Constitutional Measure No. 3: Relating to Government Prohibited from Burdening the Exercise of Religious Liberty.,,,Yes,394
Nelson,Insurance Commissioner,,DEM,Tom Potter,463
Nelson,Insurance Commissioner,,DEM,write-in,0
Nelson,Insurance Commissioner,,LIB,write-in,0
Nelson,Insurance Commissioner,,REP,Adam Hamm,530
Nelson,Insurance Commissioner,,REP,write-in,1
Nelson,Insurance Commissioner Constitution,,CON,write-in,0
Nelson,Judge of the District Court No. 2 Northeast Central,,NON,Karen K Braaten,614
Nelson,Judge of the District Court No. 2 Northeast Central,,NON,write-in,1
Nelson,Justice of the Supreme Court,,NON,Daniel J Crothers,571
Nelson,Justice of the Supreme Court,,NON,write-in,2
Nelson,Mayor Aneta,,NON,Todd Whitman,62
Nelson,Mayor Aneta,,NON,write-in,3
Nelson,Mayor Lakota,,NON,Edwin Pawlikowski,239
Nelson,Mayor Lakota,,NON,write-in,11
Nelson,Mayor Petersburg,,NON,Milton Schmidt,37
Nelson,Mayor Petersburg,,NON,write-in,9
Nelson,Mayor Tolna,,NON,Ken Quam,37
Nelson,Mayor Tolna,,NON,write-in,16
Nelson,Park Board Member Aneta Park,,NON,James Knutson,61
Nelson,Park Board Member Aneta Park,,NON,Melissa Kueber,64
Nelson,Park Board Member Aneta Park,,NON,Vicki Brakke,64
Nelson,Park Board Member Aneta Park,,NON,write-in,1
Nelson,Park Board Member Lakota Park,,NON,Grant Lonski,183
Nelson,Park Board Member Lakota Park,,NON,Naomi Ferguson,242
Nelson,Park Board Member Lakota Park,,NON,write-in,60
Nelson,Park Board Member McVille Park,,NON,George Kobel,116
Nelson,Park Board Member McVille Park,,NON,Jason Beglau,108
Nelson,Park Board Member McVille Park,,NON,Tami Stein,121
Nelson,Park Board Member McVille Park,,NON,write-in,1
Nelson,Park Board Member Michigan Park,,NON,Shannah Lenz,109
Nelson,Park Board Member Michigan Park,,NON,Shaun Watkins,94
Nelson,Park Board Member Michigan Park,,NON,write-in,4
Nelson,Park Board Member Petersburg Park,,NON,Cathy Myrum,42
Nelson,Park Board Member Petersburg Park,,NON,Jan Sonderland,37
Nelson,Park Board Member Petersburg Park,,NON,write-in,33
Nelson,Park Board Member Tolna Park,,NON,write-in,50
Nelson,Public Service Commissioner,,DEM,Brad Crabtree,461
Nelson,Public Service Commissioner,,DEM,write-in,0
Nelson,Public Service Commissioner,,LIB,Joshua Voytek,6
Nelson,Public Service Commissioner,,LIB,write-in,0
Nelson,Public Service Commissioner,,REP,Randy Christmann,518
Nelson,Public Service Commissioner,,REP,write-in,0
Nelson,Public Service Commissioner Constitution,,CON,write-in,0
Nelson,Referendum Measure No. 4: Relating to University of North Dakota Athletic Nickname and Logo.,,,No,432
Nelson,Referendum Measure No. 4: Relating to University of North Dakota Athletic Nickname and Logo.,,,Yes,760
Nelson,Representative in Congress Constitution,,CON,write-in,0
Nelson,State Auditor,,DEM,Scot Kelsh,457
Nelson,State Auditor,,DEM,write-in,0
Nelson,State Auditor,,LIB,write-in,1
Nelson,State Auditor,,REP,Robert R (Bob) Peterson,532
Nelson,State Auditor,,REP,write-in,0
Nelson,State Auditor Constitution,,CON,write-in,0
Nelson,State Treasurer,,DEM,Ross Mushik,448
Nelson,State Treasurer,,DEM,write-in,0
Nelson,State Treasurer,,LIB,write-in,0
Nelson,State Treasurer,,REP,Kelly Schmidt,518
Nelson,State Treasurer,,REP,write-in,1
Nelson,State Treasurer Constitution,,CON,write-in,0
Nelson,Superintendent of Public Instruction,,NON,Kirsten Baesler,226
Nelson,Superintendent of Public Instruction,,NON,Max Laird,220
Nelson,Superintendent of Public Instruction,,NON,Tracy Potter,193
Nelson,Superintendent of Public Instruction,,NON,write-in,0
Nelson,U.S. House,1,DEM,Pam Gulleson,475
Nelson,U.S. House,1,DEM,write-in,0
Nelson,U.S. House,1,LIB,Eric Olson,7
Nelson,U.S. House,1,LIB,write-in,0
Nelson,U.S. House,1,REP,Brian P Kalk,199
Nelson,U.S. House,1,REP,Kevin Cramer,366
Nelson,U.S. House,1,REP,write-in,1
Nelson,U.S. Senate,,DEM,Heidi Heitkamp,519
Nelson,U.S. Senate,,DEM,write-in,1
Nelson,U.S. Senate,,LIB,write-in,1
Nelson,U.S. Senate,,REP,Duane Sand,193
Nelson,U.S. Senate,,REP,Rick Berg,393
Nelson,U.S. Senate,,REP,write-in,1
Nelson,United States Senator Constitution,,CON,write-in,0
Oliver,City Measure 1 Center,,,No,20
Oliver,City Measure 1 Center,,,Yes,237
Oliver,Constitutional Measure No. 1: Legislative Assembly Appointments.,,,No,291
Oliver,Constitutional Measure No. 1: Legislative Assembly Appointments.,,,Yes,360
Oliver,Council Member Center,,NON,Alice M Dilger,116
Oliver,Council Member Center,,NON,Eric Casson,133
Oliver,Council Member Center,,NON,Keith Erhardt,198
Oliver,Council Member Center,,NON,write-in,5
Oliver,County Commissioner Oliver - District 1,,NON,Ben B Gerving,123
Oliver,County Commissioner Oliver - District 1,,NON,Blake Wilkens,369
Oliver,County Commissioner Oliver - District 1,,NON,Keith Oestreich,152
Oliver,County Commissioner Oliver - District 1,,NON,write-in,0
Oliver,County Commissioner Oliver - District 3,,NON,Darrell Berger,488
Oliver,County Commissioner Oliver - District 3,,NON,Wm Bruce Van Oosting,134
Oliver,County Commissioner Oliver - District 3,,NON,write-in,1
Oliver,"Director, Southwest Water Authority Oliver",,NON,Duane Bueligen,571
Oliver,"Director, Southwest Water Authority Oliver",,NON,write-in,2
Oliver,Governor and Lt. Governor,,DEM,Ryan M Taylor & Ellen Chaffee,171
Oliver,Governor and Lt. Governor,,DEM,write-in,1
Oliver,Governor and Lt. Governor,,LIB,Roland Riemers,2
Oliver,Governor and Lt. Governor,,LIB,write-in,0
Oliver,Governor and Lt. Governor,,REP,Jack Dalrymple & Drew Wrigley,459
Oliver,Governor and Lt. Governor,,REP,write-in,2
Oliver,Governor and Lt. Governor Constitution,,CON,write-in,0
Oliver,Initiated Constitutional Measure No. 2: Relating to Elimination of Property Taxes and Replacement of Lost Revenue.,,,No,533
Oliver,Initiated Constitutional Measure No. 2: Relating to Elimination of Property Taxes and Replacement of Lost Revenue.,,,Yes,149
Oliver,Initiated Constitutional Measure No. 3: Relating to Government Prohibited from Burdening the Exercise of Religious Liberty.,,,No,446
Oliver,Initiated Constitutional Measure No. 3: Relating to Government Prohibited from Burdening the Exercise of Religious Liberty.,,,Yes,228
Oliver,Insurance Commissioner,,DEM,Tom Potter,166
Oliver,Insurance Commissioner,,DEM,write-in,0
Oliver,Insurance Commissioner,,LIB,write-in,0
Oliver,Insurance Commissioner,,REP,Adam Hamm,438
Oliver,Insurance Commissioner,,REP,write-in,0
Oliver,Insurance Commissioner Constitution,,CON,write-in,0
Oliver,Judge of the District Court No. 4 South Central,,NON,Bruce B Haskell,387
Oliver,Judge of the District Court No. 4 South Central,,NON,write-in,0
Oliver,Judge of the District Court No. 9 South Central,,NON,Bruce A Romanick,549
Oliver,Judge of the District Court No. 9 South Central,,NON,write-in,2
Oliver,Justice of the Supreme Court,,NON,Daniel J Crothers,379
Oliver,Justice of the Supreme Court,,NON,write-in,0
Oliver,Mayor Center,,NON,Dean Windhorst,99
Oliver,Mayor Center,,NON,Sandra Olin,155
Oliver,Mayor Center,,NON,write-in,7
Oliver,Park Board Member Center Park,,NON,Keith Vitek,245
Oliver,Park Board Member Center Park,,NON,write-in,61
Oliver,Public Service Commissioner,,DEM,Brad Crabtree,163
Oliver,Public Service Commissioner,,DEM,write-in,0
Oliver,Public Service Commissioner,,LIB,Joshua Voytek,2
Oliver,Public Service Commissioner,,LIB,write-in,0
Oliver,Public Service Commissioner,,REP,Randy Christmann,451
Oliver,Public Service Commissioner,,REP,write-in,0
Oliver,Public Service Commissioner Constitution,,CON,write-in,0
Oliver,Referendum Measure No. 4: Relating to University of North Dakota Athletic Nickname and Logo.,,,No,269
Oliver,Referendum Measure No. 4: Relating to University of North Dakota Athletic Nickname and Logo.,,,Yes,407
Oliver,Representative in Congress Constitution,,CON,write-in,0
Oliver,School Board Member - Center District Center/Stanton School District,,NON,Jim Wahlman,284
Oliver,School Board Member - Center District Center/Stanton School District,,NON,Todd Orgaard,257
Oliver,School Board Member - Center District Center/Stanton School District,,NON,write-in,1
Oliver,School Board Member - Stanton District Center/Stanton School District,,NON,Cynthia Berger,475
Oliver,School Board Member - Stanton District Center/Stanton School District,,NON,write-in,8
Oliver,State Auditor,,DEM,Scot Kelsh,166
Oliver,State Auditor,,DEM,write-in,0
Oliver,State Auditor,,LIB,write-in,0
Oliver,State Auditor,,REP,Robert R (Bob) Peterson,441
Oliver,State Auditor,,REP,write-in,0
Oliver,State Auditor Constitution,,CON,write-in,0
Oliver,State Treasurer,,DEM,Ross Mushik,162
Oliver,State Treasurer,,DEM,write-in,0
Oliver,State Treasurer,,LIB,write-in,0
Oliver,State Treasurer,,REP,Kelly Schmidt,440
Oliver,State Treasurer,,REP,write-in,0
Oliver,State Treasurer Constitution,,CON,write-in,0
Oliver,Superintendent of Public Instruction,,NON,Kirsten Baesler,202
Oliver,Superintendent of Public Instruction,,NON,Max Laird,88
Oliver,Superintendent of Public Instruction,,NON,Tracy Potter,143
Oliver,Superintendent of Public Instruction,,NON,write-in,0
Oliver,U.S. House,1,DEM,Pam Gulleson,162
Oliver,U.S. House,1,DEM,write-in,0
Oliver,U.S. House,1,LIB,Eric Olson,2
Oliver,U.S. House,1,LIB,write-in,0
Oliver,U.S. House,1,REP,Brian P Kalk,171
Oliver,U.S. House,1,REP,Kevin Cramer,308
Oliver,U.S. House,1,REP,write-in,0
Oliver,U.S. Senate,,DEM,Heidi Heitkamp,172
Oliver,U.S. Senate,,DEM,write-in,2
Oliver,U.S. Senate,,LIB,write-in,0
Oliver,U.S. Senate,,REP,Duane Sand,192
Oliver,U.S. Senate,,REP,Rick Berg,296
Oliver,U.S. Senate,,REP,write-in,1
Oliver,United States Senator Constitution,,CON,write-in,0
Pembina,City Measure 01 Cavalier,,,No,41
Pembina,City Measure 01 Cavalier,,,Yes,543
Pembina,City Measure 01 Drayton,,,No,17
Pembina,City Measure 01 Drayton,,,Yes,207
Pembina,City Measure 01 Pembina,,,No,7
Pembina,City Measure 01 Pembina,,,Yes,133
Pembina,City Measure 01 St Thomas,,,No,25
Pembina,City Measure 01 St Thomas,,,Yes,72
Pembina,City Measure 01 Walhalla,,,No,13
Pembina,City Measure 01 Walhalla,,,Yes,223
Pembina,Constitutional Measure No. 1: Legislative Assembly Appointments.,,,No,790
Pembina,Constitutional Measure No. 1: Legislative Assembly Appointments.,,,Yes,1479
Pembina,Council Member Bathgate,,NON,Kim Schwartz,19
Pembina,Council Member Bathgate,,NON,Mark Ramsey,18
Pembina,Council Member Bathgate,,NON,write-in,0
Pembina,Council Member Canton,,NON,Charles R. Carik,11
Pembina,Council Member Canton,,NON,Linwood W. Heironimus Jr.,4
Pembina,Council Member Canton,,NON,Troy Sott,13
Pembina,Council Member Canton,,NON,write-in,0
Pembina,Council Member Crystal,,NON,"Casey Joseph O""Toole",7
Pembina,Council Member Crystal,,NON,Francis John Olimb,42
Pembina,Council Member Crystal,,NON,James Newton,9
Pembina,Council Member Crystal,,NON,Shane Feltman,32
Pembina,Council Member Crystal,,NON,Vicki Lea Lenz,4
Pembina,Council Member Crystal,,NON,write-in,0
Pembina,Council Member Drayton,,NON,Bradley Nelson,60
Pembina,Council Member Drayton,,NON,David Pokrzywinski,66
Pembina,Council Member Drayton,,NON,Jason Woinarowicz,146
Pembina,Council Member Drayton,,NON,Jerrod Nutt,119
Pembina,Council Member Drayton,,NON,Kerri Van Camp,120
Pembina,Council Member Drayton,,NON,Randy Schuster,160
Pembina,Council Member Drayton,,NON,write-in,5
Pembina,Council Member Hamilton,,NON,Susan Enerson,25
Pembina,Council Member Hamilton,,NON,write-in,0
Pembina,Council Member Mountain,,NON,write-in,13
Pembina,Council Member Neche,,NON,Mark Newell,64
Pembina,Council Member Neche,,NON,Scott Reck,61
Pembina,Council Member Neche,,NON,write-in,15
Pembina,Council Member Pembina,,NON,Dan Waldrop,74
Pembina,Council Member Pembina,,NON,Greg Traux,91
Pembina,Council Member Pembina,,NON,Gregory Wilmer,94
Pembina,Council Member Pembina,,NON,write-in,40
Pembina,Council Member St Thomas,,NON,Amy Vollrath,50
Pembina,Council Member St Thomas,,NON,Cole Gunderson,62
Pembina,Council Member St Thomas,,NON,Lance Christinson,22
Pembina,Council Member St Thomas,,NON,Paul Larson,63
Pembina,Council Member St Thomas,,NON,Troy Lunde,62
Pembina,Council Member St Thomas,,NON,write-in,11
Pembina,Council Member Unexpired 2 Year Term Hamilton,,NON,Nancy Maxwell,22
Pembina,Council Member Unexpired 2 Year Term Hamilton,,NON,write-in,2
Pembina,Council Member Unexpired 2 year Term Ward 2 Cavalier,,NON,Kelly Cluchie,339
Pembina,Council Member Unexpired 2 year Term Ward 2 Cavalier,,NON,Patrick D. Mahar,255
Pembina,Council Member Unexpired 2 year Term Ward 2 Cavalier,,NON,write-in,1
Pembina,Council Member Walhalla,,NON,Deirdre Lee,148
Pembina,Council Member Walhalla,,NON,Stephen Gapp,169
Pembina,Council Member Walhalla,,NON,write-in,83
Pembina,Council Member Ward 1 Cavalier,,NON,Craig Vaughn,268
Pembina,Council Member Ward 1 Cavalier,,NON,Daniel Monson,311
Pembina,Council Member Ward 1 Cavalier,,NON,write-in,1
Pembina,Council Member Ward 2 Cavalier,,NON,Kevin Ault,252
Pembina,Council Member Ward 2 Cavalier,,NON,Mike D. Carpenter,323
Pembina,Council Member Ward 2 Cavalier,,NON,write-in,2
Pembina,Council Member Ward 3 Cavalier,,NON,Allen J. Anderson,322
Pembina,Council Member Ward 3 Cavalier,,NON,Ronald L Storie,220
Pembina,Council Member Ward 3 Cavalier,,NON,write-in,15
Pembina,County Commissioner Pembina - District 2,,NON,"Charles ""Chuck"" Thacker",96
Pembina,County Commissioner Pembina - District 2,,NON,Dennis Dame,119
Pembina,County Commissioner Pembina - District 2,,NON,Gary Nilsson,162
Pembina,County Commissioner Pembina - District 2,,NON,write-in,4
Pembina,County Commissioner Pembina - District 4,,NON,Corene Vaughn,121
Pembina,County Commissioner Pembina - District 4,,NON,Laverne (Manny) Doyle,339
Pembina,County Commissioner Pembina - District 4,,NON,"R. D. ""Bob"" Kippen",19
Pembina,County Commissioner Pembina - District 4,,NON,Ronald L Storie,50
Pembina,County Commissioner Pembina - District 4,,NON,Stuart J Askew,113
Pembina,County Commissioner Pembina - District 4,,NON,write-in,0
Pembina,County States Attorney-Unexpired Term Pembina,,NON,Adam Atherton,848
Pembina,County States Attorney-Unexpired Term Pembina,,NON,Stephenie Davis,923
Pembina,County States Attorney-Unexpired Term Pembina,,NON,write-in,73
Pembina,Governor and Lt. Governor,,DEM,Ryan M Taylor & Ellen Chaffee,545
Pembina,Governor and Lt. Governor,,DEM,write-in,16
Pembina,Governor and Lt. Governor,,LIB,Roland Riemers,10
Pembina,Governor and Lt. Governor,,LIB,write-in,0
Pembina,Governor and Lt. Governor,,REP,Jack Dalrymple & Drew Wrigley,1420
Pembina,Governor and Lt. Governor,,REP,write-in,20
Pembina,Governor and Lt. Governor Constitution,,CON,write-in,0
Pembina,Initiated Constitutional Measure No. 2: Relating to Elimination of Property Taxes and Replacement of Lost Revenue.,,,No,1992
Pembina,Initiated Constitutional Measure No. 2: Relating to Elimination of Property Taxes and Replacement of Lost Revenue.,,,Yes,484
Pembina,Initiated Constitutional Measure No. 3: Relating to Government Prohibited from Burdening the Exercise of Religious Liberty.,,,No,1412
Pembina,Initiated Constitutional Measure No. 3: Relating to Government Prohibited from Burdening the Exercise of Religious Liberty.,,,Yes,953
Pembina,Insurance Commissioner,,DEM,Tom Potter,569
Pembina,Insurance Commissioner,,DEM,write-in,0
Pembina,Insurance Commissioner,,LIB,write-in,1
Pembina,Insurance Commissioner,,REP,Adam Hamm,1353
Pembina,Insurance Commissioner,,REP,write-in,1
Pembina,Insurance Commissioner Constitution,,CON,write-in,0
Pembina,Judge of the District Court No. 6 Northeast,,NON,M Richard Geiger,1850
Pembina,Judge of the District Court No. 6 Northeast,,NON,write-in,9
Pembina,Judge of the District Court No. 7 Northeast,,NON,John C McClintock Jr,1708
Pembina,Judge of the District Court No. 7 Northeast,,NON,write-in,6
Pembina,Justice of the Supreme Court,,NON,Daniel J Crothers,1705
Pembina,Justice of the Supreme Court,,NON,write-in,10
Pembina,Mayor Bathgate,,NON,Ted Zaharia,19
Pembina,Mayor Bathgate,,NON,write-in,0
Pembina,Mayor Canton,,NON,Herbert Storie,12
Pembina,Mayor Canton,,NON,write-in,0
Pembina,Mayor Hamilton,,NON,Wendy Keena,25
Pembina,Mayor Hamilton,,NON,write-in,0
Pembina,Mayor-Unexpired Term St Thomas,,NON,Gale Watts,52
Pembina,Mayor-Unexpired Term St Thomas,,NON,Lance Christinson,17
Pembina,Mayor-Unexpired Term St Thomas,,NON,write-in,22
Pembina,Park Board Member Cavalier Park,,NON,Andrew Hay,488
Pembina,Park Board Member Cavalier Park,,NON,write-in,75
Pembina,Park Board Member Crystal Park,,NON,Charlotte Reilly,42
Pembina,Park Board Member Crystal Park,,NON,Diane Otto,45
Pembina,Park Board Member Crystal Park,,NON,Kristi Chapman,43
Pembina,Park Board Member Crystal Park,,NON,write-in,2
Pembina,Park Board Member Drayton Park,,NON,Eric Lutheran,170
Pembina,Park Board Member Drayton Park,,NON,write-in,54
Pembina,Park Board Member Neche Park,,NON,Jeni Carrier,75
Pembina,Park Board Member Neche Park,,NON,Julie Winkler,77
Pembina,Park Board Member Neche Park,,NON,write-in,0
Pembina,Park Board Member St Thomas Park,,NON,Allan Tucker,88
Pembina,Park Board Member St Thomas Park,,NON,Corey Burns,82
Pembina,Park Board Member St Thomas Park,,NON,write-in,49
Pembina,Park Board Member Unexpired Two Year Term Drayton Park,,NON,write-in,51
Pembina,Park Board Member Walhalla Park,,NON,Emily Carpenter,181
Pembina,Park Board Member Walhalla Park,,NON,Julie Fraser,182
Pembina,Park Board Member Walhalla Park,,NON,Susan Karel,214
Pembina,Park Board Member Walhalla Park,,NON,write-in,33
Pembina,Public Service Commissioner,,DEM,Brad Crabtree,570
Pembina,Public Service Commissioner,,DEM,write-in,1
Pembina,Public Service Commissioner,,LIB,Joshua Voytek,9
Pembina,Public Service Commissioner,,LIB,write-in,0
Pembina,Public Service Commissioner,,REP,Randy Christmann,1339
Pembina,Public Service Commissioner,,REP,write-in,1
Pembina,Public Service Commissioner Constitution,,CON,write-in,0
Pembina,Referendum Measure No. 4: Relating to University of North Dakota Athletic Nickname and Logo.,,,No,979
Pembina,Referendum Measure No. 4: Relating to University of North Dakota Athletic Nickname and Logo.,,,Yes,1457
Pembina,Representative in Congress Constitution,,CON,write-in,0
Pembina,State Auditor,,DEM,Scot Kelsh,573
Pembina,State Auditor,,DEM,write-in,0
Pembina,State Auditor,,LIB,write-in,1
Pembina,State Auditor,,REP,Robert R (Bob) Peterson,1357
Pembina,State Auditor,,REP,write-in,0
Pembina,State Auditor Constitution,,CON,write-in,0
Pembina,State House,10,DEM,write-in,33
Pembina,State House,10,LIB,write-in,2
Pembina,State House,10,REP,"Charles ""Chuck"" Damschen",995
Pembina,State House,10,REP,David Monson,1284
Pembina,State House,10,REP,write-in,5
Pembina,State Representative District 10 Constitution,,CON,write-in,0
Pembina,State Senate,10,DEM,Daryl Passa,573
Pembina,State Senate,10,DEM,write-in,5
Pembina,State Senate,10,LIB,write-in,1
Pembina,State Senate,10,REP,Curtis Olafson,790
Pembina,State Senate,10,REP,Joe Miller,833
Pembina,State Senate,10,REP,write-in,0
Pembina,State Senator District 10 Constitution,,CON,write-in,0
Pembina,State Treasurer,,DEM,Ross Mushik,568
Pembina,State Treasurer,,DEM,write-in,0
Pembina,State Treasurer,,LIB,write-in,1
Pembina,State Treasurer,,REP,Kelly Schmidt,1350
Pembina,State Treasurer,,REP,write-in,0
Pembina,State Treasurer Constitution,,CON,write-in,0
Pembina,Superintendent of Public Instruction,,NON,Kirsten Baesler,491
Pembina,Superintendent of Public Instruction,,NON,Max Laird,379
Pembina,Superintendent of Public Instruction,,NON,Tracy Potter,444
Pembina,Superintendent of Public Instruction,,NON,write-in,5
Pembina,U.S. House,1,DEM,Pam Gulleson,587
Pembina,U.S. House,1,DEM,write-in,0
Pembina,U.S. House,1,LIB,Eric Olson,11
Pembina,U.S. House,1,LIB,write-in,0
Pembina,U.S. House,1,REP,Brian P Kalk,570
Pembina,U.S. House,1,REP,Kevin Cramer,924
Pembina,U.S. House,1,REP,write-in,1
Pembina,U.S. Senate,,DEM,Heidi Heitkamp,667
Pembina,U.S. Senate,,DEM,write-in,1
Pembina,U.S. Senate,,LIB,write-in,1
Pembina,U.S. Senate,,REP,Duane Sand,517
Pembina,U.S. Senate,,REP,Rick Berg,1061
Pembina,U.S. Senate,,REP,write-in,2
Pembina,United States Senator Constitution,,CON,write-in,0
Pierce,City Measure 1 Rugby,,,No,62
Pierce,City Measure 1 Rugby,,,Yes,754
Pierce,Constitutional Measure No. 1: Legislative Assembly Appointments.,,,No,425
Pierce,Constitutional Measure No. 1: Legislative Assembly Appointments.,,,Yes,743
Pierce,Council Member Rugby Ward 1,,NON,Bruce Allen Rheault,81
Pierce,Council Member Rugby Ward 1,,NON,Gary Kirchofner,76
Pierce,Council Member Rugby Ward 1,,NON,write-in,2
Pierce,Council Member Rugby Ward 2,,NON,Gary Kraft,136
Pierce,Council Member Rugby Ward 2,,NON,Glenn Falkner,38
Pierce,Council Member Rugby Ward 2,,NON,write-in,0
Pierce,Council Member Rugby Ward 3,,NON,James Hoffert,116
Pierce,Council Member Rugby Ward 3,,NON,Shawn Aubrecht,37
Pierce,Council Member Rugby Ward 3,,NON,write-in,2
Pierce,Council Member Rugby Ward 4,,NON,Dennis D Fred,46
Pierce,Council Member Rugby Ward 4,,NON,Terry Wentz,223
Pierce,Council Member Rugby Ward 4,,NON,write-in,1
Pierce,County Commissioner Pierce - District 2,,NON,Mike Christenson,207
Pierce,County Commissioner Pierce - District 2,,NON,write-in,1
Pierce,County Commissioner Pierce - District 4,,NON,Aaron Reile,66
Pierce,County Commissioner Pierce - District 4,,NON,Duane Johnston,160
Pierce,County Commissioner Pierce - District 4,,NON,Luis Coca,99
Pierce,County Commissioner Pierce - District 4,,NON,write-in,0
Pierce,Governor and Lt. Governor,,DEM,Ryan M Taylor & Ellen Chaffee,393
Pierce,Governor and Lt. Governor,,DEM,write-in,1
Pierce,Governor and Lt. Governor,,LIB,Roland Riemers,1
Pierce,Governor and Lt. Governor,,LIB,write-in,0
Pierce,Governor and Lt. Governor,,REP,Jack Dalrymple & Drew Wrigley,731
Pierce,Governor and Lt. Governor,,REP,write-in,6
Pierce,Governor and Lt. Governor Constitution,,CON,write-in,0
Pierce,Initiated Constitutional Measure No. 2: Relating to Elimination of Property Taxes and Replacement of Lost Revenue.,,,No,1050
Pierce,Initiated Constitutional Measure No. 2: Relating to Elimination of Property Taxes and Replacement of Lost Revenue.,,,Yes,256
Pierce,Initiated Constitutional Measure No. 3: Relating to Government Prohibited from Burdening the Exercise of Religious Liberty.,,,No,672
Pierce,Initiated Constitutional Measure No. 3: Relating to Government Prohibited from Burdening the Exercise of Religious Liberty.,,,Yes,623
Pierce,Insurance Commissioner,,DEM,Tom Potter,336
Pierce,Insurance Commissioner,,DEM,write-in,0
Pierce,Insurance Commissioner,,LIB,write-in,0
Pierce,Insurance Commissioner,,REP,Adam Hamm,699
Pierce,Insurance Commissioner,,REP,write-in,1
Pierce,Insurance Commissioner Constitution,,CON,write-in,0
Pierce,Judge of the District Court No. 6 Northeast,,NON,M Richard Geiger,847
Pierce,Judge of the District Court No. 6 Northeast,,NON,write-in,1
Pierce,Judge of the District Court No. 7 Northeast,,NON,John C McClintock Jr,1016
Pierce,Judge of the District Court No. 7 Northeast,,NON,write-in,7
Pierce,Justice of the Supreme Court,,NON,Daniel J Crothers,852
Pierce,Justice of the Supreme Court,,NON,write-in,1
Pierce,Park Board Commissioner Rugby Park,,NON,Mark Voeller,573
Pierce,Park Board Commissioner Rugby Park,,NON,Terry Wentz,510
Pierce,Park Board Commissioner Rugby Park,,NON,write-in,4
Pierce,Public Service Commissioner,,DEM,Brad Crabtree,330
Pierce,Public Service Commissioner,,DEM,write-in,3
Pierce,Public Service Commissioner,,LIB,Joshua Voytek,1
Pierce,Public Service Commissioner,,LIB,write-in,0
Pierce,Public Service Commissioner,,REP,Randy Christmann,682
Pierce,Public Service Commissioner,,REP,write-in,3
Pierce,Public Service Commissioner Constitution,,CON,write-in,0
Pierce,Referendum Measure No. 4: Relating to University of North Dakota Athletic Nickname and Logo.,,,No,427
Pierce,Referendum Measure No. 4: Relating to University of North Dakota Athletic Nickname and Logo.,,,Yes,849
Pierce,Representative in Congress Constitution,,CON,write-in,0
Pierce,State Auditor,,DEM,Scot Kelsh,340
Pierce,State Auditor,,DEM,write-in,0
Pierce,State Auditor,,LIB,write-in,0
Pierce,State Auditor,,REP,Robert R (Bob) Peterson,695
Pierce,State Auditor,,REP,write-in,1
Pierce,State Auditor Constitution,,CON,write-in,0
Pierce,State House,14,DEM,write-in,27
Pierce,State House,14,LIB,write-in,0
Pierce,State House,14,REP,Duane DeKrey,219
Pierce,State House,14,REP,Jon Nelson,683
Pierce,State House,14,REP,Robin Weisz,278
Pierce,State House,14,REP,write-in,1
Pierce,State Representative District 14 Constitution,,CON,write-in,0
Pierce,State Senate,14,DEM,write-in,21
Pierce,State Senate,14,LIB,write-in,0
Pierce,State Senate,14,REP,Jerry Klein,652
Pierce,State Senate,14,REP,write-in,8
Pierce,State Senator District 14 Constitution,,CON,write-in,0
Pierce,State Treasurer,,DEM,Ross Mushik,331
Pierce,State Treasurer,,DEM,write-in,0
Pierce,State Treasurer,,LIB,write-in,0
Pierce,State Treasurer,,REP,Kelly Schmidt,686
Pierce,State Treasurer,,REP,write-in,1
Pierce,State Treasurer Constitution,,CON,write-in,0
Pierce,Superintendent of Public Instruction,,NON,Kirsten Baesler,205
Pierce,Superintendent of Public Instruction,,NON,Max Laird,217
Pierce,Superintendent of Public Instruction,,NON,Tracy Potter,281
Pierce,Superintendent of Public Instruction,,NON,write-in,0
Pierce,U.S. House,1,DEM,Pam Gulleson,344
Pierce,U.S. House,1,DEM,write-in,0
Pierce,U.S. House,1,LIB,Eric Olson,1
Pierce,U.S. House,1,LIB,write-in,0
Pierce,U.S. House,1,REP,Brian P Kalk,385
Pierce,U.S. House,1,REP,Kevin Cramer,395
Pierce,U.S. House,1,REP,write-in,2
Pierce,U.S. Senate,,DEM,Heidi Heitkamp,385
Pierce,U.S. Senate,,DEM,write-in,0
Pierce,U.S. Senate,,LIB,write-in,0
Pierce,U.S. Senate,,REP,Duane Sand,273
Pierce,U.S. Senate,,REP,Rick Berg,532
Pierce,U.S. Senate,,REP,write-in,0
Pierce,United States Senator Constitution,,CON,write-in,0
Ramsey,City Measure 1 Devils Lake,,,No,140
Ramsey,City Measure 1 Devils Lake,,,Yes,1379
Ramsey,Commissioner Devils Lake,,NON,Dale Robbins,1196
Ramsey,Commissioner Devils Lake,,NON,Timothy S Heisler,1156
Ramsey,Commissioner Devils Lake,,NON,write-in,11
Ramsey,Constitutional Measure No. 1: Legislative Assembly Appointments.,,,No,987
Ramsey,Constitutional Measure No. 1: Legislative Assembly Appointments.,,,Yes,1796
Ramsey,County Commissioner Ramsey,,NON,Bill Mertens,1565
Ramsey,County Commissioner Ramsey,,NON,Joe Belford,1480
Ramsey,County Commissioner Ramsey,,NON,Mark E Olson,1411
Ramsey,County Commissioner Ramsey,,NON,Mark W Shipley,802
Ramsey,County Commissioner Ramsey,,NON,Myrna J Heisler,1221
Ramsey,County Commissioner Ramsey,,NON,Randy Schemionek,1188
Ramsey,County Commissioner Ramsey,,NON,write-in,17
Ramsey,Governor and Lt. Governor,,DEM,Ryan M Taylor & Ellen Chaffee,1047
Ramsey,Governor and Lt. Governor,,DEM,write-in,2
Ramsey,Governor and Lt. Governor,,LIB,Roland Riemers,14
Ramsey,Governor and Lt. Governor,,LIB,write-in,0
Ramsey,Governor and Lt. Governor,,REP,Jack Dalrymple & Drew Wrigley,1365
Ramsey,Governor and Lt. Governor,,REP,write-in,21
Ramsey,Governor and Lt. Governor Constitution,,CON,write-in,0
Ramsey,Initiated Constitutional Measure No. 2: Relating to Elimination of Property Taxes and Replacement of Lost Revenue.,,,No,2425
Ramsey,Initiated Constitutional Measure No. 2: Relating to Elimination of Property Taxes and Replacement of Lost Revenue.,,,Yes,592
Ramsey,Initiated Constitutional Measure No. 3: Relating to Government Prohibited from Burdening the Exercise of Religious Liberty.,,,No,1690
Ramsey,Initiated Constitutional Measure No. 3: Relating to Government Prohibited from Burdening the Exercise of Religious Liberty.,,,Yes,1176
Ramsey,Insurance Commissioner,,DEM,Tom Potter,991
Ramsey,Insurance Commissioner,,DEM,write-in,2
Ramsey,Insurance Commissioner,,LIB,write-in,1
Ramsey,Insurance Commissioner,,REP,Adam Hamm,1352
Ramsey,Insurance Commissioner,,REP,write-in,2
Ramsey,Insurance Commissioner Constitution,,CON,write-in,0
Ramsey,Judge of the District Court No. 6 Northeast,,NON,M Richard Geiger,1489
Ramsey,Judge of the District Court No. 6 Northeast,,NON,write-in,9
Ramsey,Judge of the District Court No. 7 Northeast,,NON,John C McClintock Jr,2027
Ramsey,Judge of the District Court No. 7 Northeast,,NON,write-in,11
Ramsey,Justice of the Supreme Court,,NON,Daniel J Crothers,1489
Ramsey,Justice of the Supreme Court,,NON,write-in,4
Ramsey,Municipal Judge Devils Lake,,NON,Peter K Halbach,1287
Ramsey,Municipal Judge Devils Lake,,NON,write-in,8
Ramsey,Park Board Member Devils Lake Park,,NON,Joe Mertens,753
Ramsey,Park Board Member Devils Lake Park,,NON,Lisa Uhlenkamp,931
Ramsey,Park Board Member Devils Lake Park,,NON,Peter Jerome,1075
Ramsey,Park Board Member Devils Lake Park,,NON,write-in,4
Ramsey,Public Service Commissioner,,DEM,Brad Crabtree,991
Ramsey,Public Service Commissioner,,DEM,write-in,0
Ramsey,Public Service Commissioner,,LIB,Joshua Voytek,14
Ramsey,Public Service Commissioner,,LIB,write-in,0
Ramsey,Public Service Commissioner,,REP,Randy Christmann,1339
Ramsey,Public Service Commissioner,,REP,write-in,2
Ramsey,Public Service Commissioner Constitution,,CON,write-in,0
Ramsey,Referendum Measure No. 4: Relating to University of North Dakota Athletic Nickname and Logo.,,,No,1124
Ramsey,Referendum Measure No. 4: Relating to University of North Dakota Athletic Nickname and Logo.,,,Yes,1852
Ramsey,Representative in Congress Constitution,,CON,write-in,0
Ramsey,State Auditor,,DEM,Scot Kelsh,990
Ramsey,State Auditor,,DEM,write-in,2
Ramsey,State Auditor,,LIB,write-in,1
Ramsey,State Auditor,,REP,Robert R (Bob) Peterson,1362
Ramsey,State Auditor,,REP,write-in,0
Ramsey,State Auditor Constitution,,CON,write-in,0
Ramsey,State Treasurer,,DEM,Ross Mushik,976
Ramsey,State Treasurer,,DEM,write-in,2
Ramsey,State Treasurer,,LIB,write-in,1
Ramsey,State Treasurer,,REP,Kelly Schmidt,1343
Ramsey,State Treasurer,,REP,write-in,0
Ramsey,State Treasurer Constitution,,CON,write-in,0
Ramsey,Superintendent of Public Instruction,,NON,Kirsten Baesler,544
Ramsey,Superintendent of Public Instruction,,NON,Max Laird,545
Ramsey,Superintendent of Public Instruction,,NON,Tracy Potter,553
Ramsey,Superintendent of Public Instruction,,NON,write-in,4
Ramsey,U.S. House,1,DEM,Pam Gulleson,1007
Ramsey,U.S. House,1,DEM,write-in,0
Ramsey,U.S. House,1,LIB,Eric Olson,14
Ramsey,U.S. House,1,LIB,write-in,0
Ramsey,U.S. House,1,REP,Brian P Kalk,808
Ramsey,U.S. House,1,REP,Kevin Cramer,682
Ramsey,U.S. House,1,REP,write-in,1
Ramsey,U.S. Senate,,DEM,Heidi Heitkamp,1116
Ramsey,U.S. Senate,,DEM,write-in,3
Ramsey,U.S. Senate,,LIB,write-in,1
Ramsey,U.S. Senate,,REP,Duane Sand,426
Ramsey,U.S. Senate,,REP,Rick Berg,1107
Ramsey,U.S. Senate,,REP,write-in,1
Ramsey,United States Senator Constitution,,CON,write-in,0
Ransom,City Measure 1 Enderlin,,,No,16
Ransom,City Measure 1 Enderlin,,,Yes,220
Ransom,City Measure 1 Lisbon,,,No,40
Ransom,City Measure 1 Lisbon,,,Yes,468
Ransom,Constitutional Measure No. 1: Legislative Assembly Appointments.,,,No,498
Ransom,Constitutional Measure No. 1: Legislative Assembly Appointments.,,,Yes,762
Ransom,Council Member Enderlin,,NON,Ben Trottier,77
Ransom,Council Member Enderlin,,NON,Chris J Sandvig,181
Ransom,Council Member Enderlin,,NON,Kevin Bunn,202
Ransom,Council Member Enderlin,,NON,Shelly Hanson,189
Ransom,Council Member Enderlin,,NON,write-in,3
Ransom,Council Member Lisbon,,NON,David Allan Cole,107
Ransom,Council Member Lisbon,,NON,Jerry Gemar,375
Ransom,Council Member Lisbon,,NON,LyDell Mairs,375
Ransom,Council Member Lisbon,,NON,Lyle P Thomason,270
Ransom,Council Member Lisbon,,NON,Tracy Aarons,257
Ransom,Council Member Lisbon,,NON,write-in,1
Ransom,County Commissioner Ransom,,NON,Connie Gilbert,1095
Ransom,County Commissioner Ransom,,NON,George D Bunn,1076
Ransom,County Commissioner Ransom,,NON,Steve Dick,1057
Ransom,County Commissioner Ransom,,NON,write-in,31
Ransom,"Director, Garrison Diversion Conservancy Ransom",,NON,Jay Paul Anderson,1053
Ransom,"Director, Garrison Diversion Conservancy Ransom",,NON,write-in,1
Ransom,Governor and Lt. Governor,,DEM,Ryan M Taylor & Ellen Chaffee,626
Ransom,Governor and Lt. Governor,,DEM,write-in,13
Ransom,Governor and Lt. Governor,,LIB,Roland Riemers,10
Ransom,Governor and Lt. Governor,,LIB,write-in,0
Ransom,Governor and Lt. Governor,,REP,Jack Dalrymple & Drew Wrigley,507
Ransom,Governor and Lt. Governor,,REP,write-in,4
Ransom,Governor and Lt. Governor Constitution,,CON,write-in,1
Ransom,Initiated Constitutional Measure No. 2: Relating to Elimination of Property Taxes and Replacement of Lost Revenue.,,,No,1028
Ransom,Initiated Constitutional Measure No. 2: Relating to Elimination of Property Taxes and Replacement of Lost Revenue.,,,Yes,328
Ransom,Initiated Constitutional Measure No. 3: Relating to Government Prohibited from Burdening the Exercise of Religious Liberty.,,,No,904
Ransom,Initiated Constitutional Measure No. 3: Relating to Government Prohibited from Burdening the Exercise of Religious Liberty.,,,Yes,389
Ransom,Insurance Commissioner,,DEM,Tom Potter,659
Ransom,Insurance Commissioner,,DEM,write-in,0
Ransom,Insurance Commissioner,,LIB,write-in,0
Ransom,Insurance Commissioner,,REP,Adam Hamm,491
Ransom,Insurance Commissioner,,REP,write-in,2
Ransom,Insurance Commissioner Constitution,,CON,write-in,1
Ransom,Judge of the District Court No. 10 Unexpired Term Southeast,,NON,Thomas E Merrick,1003
Ransom,Judge of the District Court No. 10 Unexpired Term Southeast,,NON,write-in,2
Ransom,Judge of the District Court No. 8 Southeast,,NON,Brad Cruff,535
Ransom,Judge of the District Court No. 8 Southeast,,NON,Richard W Grosz,551
Ransom,Judge of the District Court No. 8 Southeast,,NON,write-in,3
Ransom,Judge of the District Court No. 9 Southeast,,NON,John E Greenwood,1026
Ransom,Judge of the District Court No. 9 Southeast,,NON,write-in,2
Ransom,Justice of the Supreme Court,,NON,Daniel J Crothers,1027
Ransom,Justice of the Supreme Court,,NON,write-in,2
Ransom,Park Board Member Enderlin Park,,NON,Gary E Adair,219
Ransom,Park Board Member Enderlin Park,,NON,Lisa Mangler,195
Ransom,Park Board Member Enderlin Park,,NON,Ross J Berglund,206
Ransom,Park Board Member Enderlin Park,,NON,write-in,4
Ransom,Park Board Member Lisbon Park,,NON,Susan Nilsen,435
Ransom,Park Board Member Lisbon Park,,NON,write-in,48
Ransom,Public Service Commissioner,,DEM,Brad Crabtree,665
Ransom,Public Service Commissioner,,DEM,write-in,0
Ransom,Public Service Commissioner,,LIB,Joshua Voytek,10
Ransom,Public Service Commissioner,,LIB,write-in,0
Ransom,Public Service Commissioner,,REP,Randy Christmann,487
Ransom,Public Service Commissioner,,REP,write-in,0
Ransom,Public Service Commissioner Constitution,,CON,write-in,1
Ransom,Referendum Measure No. 4: Relating to University of North Dakota Athletic Nickname and Logo.,,,No,463
Ransom,Referendum Measure No. 4: Relating to University of North Dakota Athletic Nickname and Logo.,,,Yes,862
Ransom,Representative in Congress Constitution,,CON,write-in,1
Ransom,State Auditor,,DEM,Scot Kelsh,665
Ransom,State Auditor,,DEM,write-in,0
Ransom,State Auditor,,LIB,write-in,0
Ransom,State Auditor,,REP,Robert R (Bob) Peterson,483
Ransom,State Auditor,,REP,write-in,0
Ransom,State Auditor Constitution,,CON,write-in,1
Ransom,State House,24,DEM,Naomi T Muscha,285
Ransom,State House,24,DEM,Sharon E Buhr,254
Ransom,State House,24,DEM,write-in,0
Ransom,State House,24,LIB,write-in,0
Ransom,State House,24,REP,Dwight Kiefert,174
Ransom,State House,24,REP,Myrene Peterson,160
Ransom,State House,24,REP,write-in,0
Ransom,State House,26,DEM,Bill Amerman,366
Ransom,State House,26,DEM,"Jerome ""Jerry"" Kelsh",355
Ransom,State House,26,DEM,write-in,0
Ransom,State House,26,LIB,write-in,0
Ransom,State House,26,REP,Kathy Skroch,245
Ransom,State House,26,REP,Sebastian Ertelt,214
Ransom,State House,26,REP,write-in,1
Ransom,State Representative District 24 Constitution,,CON,write-in,2
Ransom,State Representative District 26 Constitution,,CON,write-in,0
Ransom,State Senate,24,DEM,Larry J Robinson,287
Ransom,State Senate,24,DEM,write-in,1
Ransom,State Senate,24,LIB,write-in,0
Ransom,State Senate,24,REP,Keith E Hovland,199
Ransom,State Senate,24,REP,write-in,0
Ransom,State Senate,26,DEM,Jim Dotzenrod,399
Ransom,State Senate,26,DEM,write-in,0
Ransom,State Senate,26,LIB,write-in,0
Ransom,State Senate,26,REP,write-in,8
Ransom,State Senator District 24 Constitution,,CON,write-in,1
Ransom,State Senator District 26 Constitution,,CON,write-in,0
Ransom,State Treasurer,,DEM,Ross Mushik,655
Ransom,State Treasurer,,DEM,write-in,0
Ransom,State Treasurer,,LIB,write-in,0
Ransom,State Treasurer,,REP,Kelly Schmidt,489
Ransom,State Treasurer,,REP,write-in,0
Ransom,State Treasurer Constitution,,CON,write-in,1
Ransom,Superintendent of Public Instruction,,NON,Kirsten Baesler,300
Ransom,Superintendent of Public Instruction,,NON,Max Laird,215
Ransom,Superintendent of Public Instruction,,NON,Tracy Potter,251
Ransom,Superintendent of Public Instruction,,NON,write-in,2
Ransom,U.S. House,1,DEM,Pam Gulleson,705
Ransom,U.S. House,1,DEM,write-in,0
Ransom,U.S. House,1,LIB,Eric Olson,10
Ransom,U.S. House,1,LIB,write-in,0
Ransom,U.S. House,1,REP,Brian P Kalk,222
Ransom,U.S. House,1,REP,Kevin Cramer,333
Ransom,U.S. House,1,REP,write-in,2
Ransom,U.S. Senate,,DEM,Heidi Heitkamp,722
Ransom,U.S. Senate,,DEM,write-in,1
Ransom,U.S. Senate,,LIB,write-in,1
Ransom,U.S. Senate,,REP,Duane Sand,205
Ransom,U.S. Senate,,REP,Rick Berg,364
Ransom,U.S. Senate,,REP,write-in,1
Ransom,United States Senator Constitution,,CON,write-in,1
Renville,City Measure 1 Glenburn,,,No,17
Renville,City Measure 1 Glenburn,,,Yes,51
Renville,City Measure 1 Mohall,,,No,17
Renville,City Measure 1 Mohall,,,Yes,225
Renville,City Measure 1 Sherwood,,,No,5
Renville,City Measure 1 Sherwood,,,Yes,63
Renville,City Measure 1 Tolley,,,No,5
Renville,City Measure 1 Tolley,,,Yes,14
Renville,City Measure 2 Glenburn,,,No,24
Renville,City Measure 2 Glenburn,,,Yes,45
Renville,Constitutional Measure No. 1: Legislative Assembly Appointments.,,,No,278
Renville,Constitutional Measure No. 1: Legislative Assembly Appointments.,,,Yes,417
Renville,Council Member Glenburn,,NON,Dianne Hensen,52
Renville,Council Member Glenburn,,NON,Tyler Zeltinger,47
Renville,Council Member Glenburn,,NON,write-in,4
Renville,Council Member Mohall,,NON,Dawn L Larson,149
Renville,Council Member Mohall,,NON,Diann M Becker,129
Renville,Council Member Mohall,,NON,Gary L Buelow,144
Renville,Council Member Mohall,,NON,Gordon L Martin,98
Renville,Council Member Mohall,,NON,Mary A Marmon,156
Renville,Council Member Mohall,,NON,write-in,5
Renville,Council Member Sherwood,,NON,Chad Driscoll,65
Renville,Council Member Sherwood,,NON,Earl Engh Jr,60
Renville,Council Member Sherwood,,NON,write-in,0
Renville,Council Member Tolley,,NON,Shelley Iverson,11
Renville,Council Member Tolley,,NON,write-in,5
Renville,County Commissioner Renville - District 2,,NON,Joseph Genareo,149
Renville,County Commissioner Renville - District 2,,NON,Richard Haman,116
Renville,County Commissioner Renville - District 2,,NON,write-in,0
Renville,Governor and Lt. Governor,,DEM,Ryan M Taylor & Ellen Chaffee,249
Renville,Governor and Lt. Governor,,DEM,write-in,3
Renville,Governor and Lt. Governor,,LIB,Roland Riemers,7
Renville,Governor and Lt. Governor,,LIB,write-in,0
Renville,Governor and Lt. Governor,,REP,Jack Dalrymple & Drew Wrigley,406
Renville,Governor and Lt. Governor,,REP,write-in,1
Renville,Governor and Lt. Governor Constitution,,CON,write-in,0
Renville,Initiated Constitutional Measure No. 2: Relating to Elimination of Property Taxes and Replacement of Lost Revenue.,,,No,628
Renville,Initiated Constitutional Measure No. 2: Relating to Elimination of Property Taxes and Replacement of Lost Revenue.,,,Yes,133
Renville,Initiated Constitutional Measure No. 3: Relating to Government Prohibited from Burdening the Exercise of Religious Liberty.,,,No,405
Renville,Initiated Constitutional Measure No. 3: Relating to Government Prohibited from Burdening the Exercise of Religious Liberty.,,,Yes,330
Renville,Insurance Commissioner,,DEM,Tom Potter,250
Renville,Insurance Commissioner,,DEM,write-in,0
Renville,Insurance Commissioner,,LIB,write-in,1
Renville,Insurance Commissioner,,REP,Adam Hamm,388
Renville,Insurance Commissioner,,REP,write-in,0
Renville,Insurance Commissioner Constitution,,CON,write-in,0
Renville,Judge of the District Court No. 6 Northeast,,NON,M Richard Geiger,528
Renville,Judge of the District Court No. 6 Northeast,,NON,write-in,0
Renville,Judge of the District Court No. 7 Northeast,,NON,John C McClintock Jr,525
Renville,Judge of the District Court No. 7 Northeast,,NON,write-in,0
Renville,Justice of the Supreme Court,,NON,Daniel J Crothers,524
Renville,Justice of the Supreme Court,,NON,write-in,1
Renville,Mayor Glenburn,,NON,Eric Folstad,60
Renville,Mayor Glenburn,,NON,write-in,1
Renville,Mayor Mohall,,NON,David Blocker,64
Renville,Mayor Mohall,,NON,Tom Witteman,177
Renville,Mayor Mohall,,NON,write-in,1
Renville,Municipal Judge Mohall,,NON,Paul A Temanson,201
Renville,Municipal Judge Mohall,,NON,write-in,0
Renville,Park Board Member Glenburn Park,,NON,Tim Zeltinger,57
Renville,Park Board Member Glenburn Park,,NON,write-in,15
Renville,Park Board Member Mohall Park,,NON,Cheryl M Scherr,219
Renville,Park Board Member Mohall Park,,NON,write-in,37
Renville,Park Board Member Sherwood Park,,NON,Ross Carter,60
Renville,Park Board Member Sherwood Park,,NON,write-in,0
Renville,Public Service Commissioner,,DEM,Brad Crabtree,246
Renville,Public Service Commissioner,,DEM,write-in,0
Renville,Public Service Commissioner,,LIB,Joshua Voytek,7
Renville,Public Service Commissioner,,LIB,write-in,0
Renville,Public Service Commissioner,,REP,Randy Christmann,381
Renville,Public Service Commissioner,,REP,write-in,0
Renville,Public Service Commissioner Constitution,,CON,write-in,0
Renville,Referendum Measure No. 4: Relating to University of North Dakota Athletic Nickname and Logo.,,,No,277
Renville,Referendum Measure No. 4: Relating to University of North Dakota Athletic Nickname and Logo.,,,Yes,462
Renville,Representative in Congress Constitution,,CON,write-in,0
Renville,State Auditor,,DEM,Scot Kelsh,251
Renville,State Auditor,,DEM,write-in,0
Renville,State Auditor,,LIB,write-in,1
Renville,State Auditor,,REP,Robert R (Bob) Peterson,386
Renville,State Auditor,,REP,write-in,0
Renville,State Auditor Constitution,,CON,write-in,0
Renville,State House,6,DEM,Bob Hunskor,258
Renville,State House,6,DEM,Cindy Shattuck,212
Renville,State House,6,DEM,write-in,0
Renville,State House,6,LIB,write-in,3
Renville,State House,6,REP,Dick Anderson,297
Renville,State House,6,REP,Myron Hanson,303
Renville,State House,6,REP,write-in,1
Renville,State Representative District 6 Constitution,,CON,write-in,0
Renville,State Senate,6,DEM,"David Paul O""Connell",276
Renville,State Senate,6,DEM,write-in,0
Renville,State Senate,6,LIB,write-in,2
Renville,State Senate,6,REP,Pamela Smith,369
Renville,State Senate,6,REP,write-in,0
Renville,State Senator District 6 Constitution,,CON,write-in,0
Renville,State Treasurer,,DEM,Ross Mushik,246
Renville,State Treasurer,,DEM,write-in,0
Renville,State Treasurer,,LIB,write-in,1
Renville,State Treasurer,,REP,Kelly Schmidt,383
Renville,State Treasurer,,REP,write-in,0
Renville,State Treasurer Constitution,,CON,write-in,0
Renville,Superintendent of Public Instruction,,NON,Kirsten Baesler,148
Renville,Superintendent of Public Instruction,,NON,Max Laird,140
Renville,Superintendent of Public Instruction,,NON,Tracy Potter,162
Renville,Superintendent of Public Instruction,,NON,write-in,0
Renville,U.S. House,1,DEM,Pam Gulleson,245
Renville,U.S. House,1,DEM,write-in,0
Renville,U.S. House,1,LIB,Eric Olson,7
Renville,U.S. House,1,LIB,write-in,0
Renville,U.S. House,1,REP,Brian P Kalk,239
Renville,U.S. House,1,REP,Kevin Cramer,181
Renville,U.S. House,1,REP,write-in,1
Renville,U.S. Senate,,DEM,Heidi Heitkamp,282
Renville,U.S. Senate,,DEM,write-in,1
Renville,U.S. Senate,,LIB,write-in,2
Renville,U.S. Senate,,REP,Duane Sand,160
Renville,U.S. Senate,,REP,Rick Berg,254
Renville,U.S. Senate,,REP,write-in,0
Renville,United States Senator Constitution,,CON,write-in,0
Richland,City Measure 1 Abercrombie,,,No,19
Richland,City Measure 1 Abercrombie,,,Yes,56
Richland,City Measure 1 Barney,,,No,6
Richland,City Measure 1 Barney,,,Yes,7
Richland,City Measure 1 Colfax,,,No,26
Richland,City Measure 1 Colfax,,,Yes,29
Richland,City Measure 1 Dwight,,,No,5
Richland,City Measure 1 Dwight,,,Yes,10
Richland,City Measure 1 Fairmount,,,No,9
Richland,City Measure 1 Fairmount,,,Yes,83
Richland,City Measure 1 Great Bend,,,No,14
Richland,City Measure 1 Great Bend,,,Yes,19
Richland,City Measure 1 Hankinson,,,No,10
Richland,City Measure 1 Hankinson,,,Yes,219
Richland,City Measure 1 Lidgerwood,,,No,9
Richland,City Measure 1 Lidgerwood,,,Yes,175
Richland,City Measure 1 Mantador,,,No,16
Richland,City Measure 1 Mantador,,,Yes,5
Richland,City Measure 1 Mooreton,,,No,17
Richland,City Measure 1 Mooreton,,,Yes,33
Richland,City Measure 1 Wahpeton,,,No,188
Richland,City Measure 1 Wahpeton,,,Yes,1145
Richland,City Measure 1 Walcott,,,No,27
Richland,City Measure 1 Walcott,,,Yes,39
Richland,City Measure 1 Wyndmere,,,No,16
Richland,City Measure 1 Wyndmere,,,Yes,138
Richland,City Measure Christine,,,No,27
Richland,City Measure Christine,,,Yes,15
Richland,Constitutional Measure No. 1: Legislative Assembly Appointments.,,,No,1679
Richland,Constitutional Measure No. 1: Legislative Assembly Appointments.,,,Yes,1865
Richland,Council Member Abercrombie,,NON,David Hammond,56
Richland,Council Member Abercrombie,,NON,Torina Foley,51
Richland,Council Member Abercrombie,,NON,write-in,25
Richland,Council Member Barney,,NON,Lonnie Wurst,11
Richland,Council Member Barney,,NON,Paul Berneking,11
Richland,Council Member Barney,,NON,write-in,3
Richland,Council Member Christine,,NON,Curtis Schlauch,38
Richland,Council Member Christine,,NON,Joshua Mjoness,37
Richland,Council Member Christine,,NON,write-in,2
Richland,Council Member Colfax,,NON,Neil Berseth,45
Richland,Council Member Colfax,,NON,Scott Gauslow,29
Richland,Council Member Colfax,,NON,write-in,29
Richland,Council Member Dwight,,NON,Leo Griffin,8
Richland,Council Member Dwight,,NON,Miles Helgeson,13
Richland,Council Member Dwight,,NON,Vaughan Griffin,9
Richland,Council Member Dwight,,NON,write-in,10
Richland,Council Member Fairmount,,NON,Merle Johanson,36
Richland,Council Member Fairmount,,NON,Renae Swanson,62
Richland,Council Member Fairmount,,NON,Robert Meyer,23
Richland,Council Member Fairmount,,NON,William Berlin,65
Richland,Council Member Fairmount,,NON,write-in,4
Richland,Council Member Great Bend,,NON,Brent Sherbrooke,31
Richland,Council Member Great Bend,,NON,Derrick A Rossow,25
Richland,Council Member Great Bend,,NON,write-in,10
Richland,Council Member Hankinson,,NON,Arnie Lovdokken,176
Richland,Council Member Hankinson,,NON,Kenneth E Veit,129
Richland,Council Member Hankinson,,NON,Terry Puetz,176
Richland,Council Member Hankinson,,NON,write-in,12
Richland,Council Member Lidgerwood,,NON,write-in,319
Richland,Council Member Mantador,,NON,Mike Jentz,15
Richland,Council Member Mantador,,NON,write-in,1
Richland,Council Member Mooreton,,NON,Allen Ward,48
Richland,Council Member Mooreton,,NON,Terrie Breuer,42
Richland,Council Member Mooreton,,NON,write-in,3
Richland,Council Member Unexpired Term Barney,,NON,Pam Meyer,15
Richland,Council Member Unexpired Term Barney,,NON,write-in,0
Richland,Council Member Unexpired Term Christine,,NON,John Armbrust,38
Richland,Council Member Unexpired Term Christine,,NON,write-in,1
Richland,Council Member Unexpired Term Dwight,,NON,Mel Braun,12
Richland,Council Member Unexpired Term Dwight,,NON,write-in,0
Richland,Council Member Unexpired Term Hankinson,,NON,Jeremy J Post,181
Richland,Council Member Unexpired Term Hankinson,,NON,Lori A Ganey,23
Richland,Council Member Unexpired Term Hankinson,,NON,write-in,3
Richland,Council Member Unexpired Term Mantador,,NON,write-in,17
Richland,Council Member Wahpeton,,NON,Alisa Mitskog,1063
Richland,Council Member Wahpeton,,NON,Chris Devries,1005
Richland,Council Member Wahpeton,,NON,write-in,8
Richland,Council Member Wahpeton Ward 2,,NON,Renelle Bertsch,260
Richland,Council Member Wahpeton Ward 2,,NON,write-in,4
Richland,Council Member Wahpeton Ward 4,,NON,Don Bajumpaa,351
Richland,Council Member Wahpeton Ward 4,,NON,write-in,0
Richland,Council Member Walcott,,NON,Sam Heyen,58
Richland,Council Member Walcott,,NON,write-in,10
Richland,Council Member Wyndmere,,NON,Greg Krause,133
Richland,Council Member Wyndmere,,NON,Kenneth Stevens,90
Richland,Council Member Wyndmere,,NON,write-in,25
Richland,County Commissioner at Large Richland,,NON,Danny D Thompson,2368
Richland,County Commissioner at Large Richland,,NON,Tim Campbell,2639
Richland,County Commissioner at Large Richland,,NON,write-in,37
Richland,Governor and Lt. Governor,,DEM,Ryan M Taylor & Ellen Chaffee,1297
Richland,Governor and Lt. Governor,,DEM,write-in,3
Richland,Governor and Lt. Governor,,LIB,Roland Riemers,16
Richland,Governor and Lt. Governor,,LIB,write-in,0
Richland,Governor and Lt. Governor,,REP,Jack Dalrymple & Drew Wrigley,1875
Richland,Governor and Lt. Governor,,REP,write-in,13
Richland,Governor and Lt. Governor Constitution,,CON,write-in,0
Richland,Initiated Constitutional Measure No. 2: Relating to Elimination of Property Taxes and Replacement of Lost Revenue.,,,No,3028
Richland,Initiated Constitutional Measure No. 2: Relating to Elimination of Property Taxes and Replacement of Lost Revenue.,,,Yes,775
Richland,Initiated Constitutional Measure No. 3: Relating to Government Prohibited from Burdening the Exercise of Religious Liberty.,,,No,2472
Richland,Initiated Constitutional Measure No. 3: Relating to Government Prohibited from Burdening the Exercise of Religious Liberty.,,,Yes,1272
Richland,Insurance Commissioner,,DEM,Tom Potter,1269
Richland,Insurance Commissioner,,DEM,write-in,3
Richland,Insurance Commissioner,,LIB,write-in,2
Richland,Insurance Commissioner,,REP,Adam Hamm,1788
Richland,Insurance Commissioner,,REP,write-in,3
Richland,Insurance Commissioner Constitution,,CON,write-in,0
Richland,Judge of the District Court No. 10 Unexpired Term Southeast,,NON,Thomas E Merrick,2531
Richland,Judge of the District Court No. 10 Unexpired Term Southeast,,NON,write-in,5
Richland,Judge of the District Court No. 8 Southeast,,NON,Brad Cruff,1079
Richland,Judge of the District Court No. 8 Southeast,,NON,Richard W Grosz,1680
Richland,Judge of the District Court No. 8 Southeast,,NON,write-in,2
Richland,Judge of the District Court No. 9 Southeast,,NON,John E Greenwood,2548
Richland,Judge of the District Court No. 9 Southeast,,NON,write-in,4
Richland,Justice of the Supreme Court,,NON,Daniel J Crothers,2270
Richland,Justice of the Supreme Court,,NON,write-in,6
Richland,Mayor (Unexpired Term) Wyndmere,,NON,Sean Morris,111
Richland,Mayor (Unexpired Term) Wyndmere,,NON,write-in,32
Richland,Mayor Abercrombie,,NON,write-in,46
Richland,Mayor Christine,,NON,Randy Monson,38
Richland,Mayor Christine,,NON,write-in,2
Richland,Mayor Colfax,,NON,Steve Moen,42
Richland,Mayor Colfax,,NON,write-in,6
Richland,Mayor Dwight,,NON,Kevin Awender,3
Richland,Mayor Dwight,,NON,write-in,11
Richland,Mayor Fairmount,,NON,Jon Nelk,78
Richland,Mayor Fairmount,,NON,write-in,18
Richland,Mayor Great Bend,,NON,Steven Manock,29
Richland,Mayor Great Bend,,NON,write-in,12
Richland,Mayor Mantador,,NON,write-in,16
Richland,Mayor Mooreton,,NON,write-in,40
Richland,Mayor Walcott,,NON,Lee Vining,60
Richland,Mayor Walcott,,NON,write-in,3
Richland,Municipal Judge Lidgerwood,,NON,Kathleen Schultz,129
Richland,Municipal Judge Lidgerwood,,NON,write-in,17
Richland,Park Board Member Abercrombie Park,,NON,Les Dale,66
Richland,Park Board Member Abercrombie Park,,NON,Lisa Amundson,70
Richland,Park Board Member Abercrombie Park,,NON,write-in,1
Richland,Park Board Member Barney Park,,NON,Ardes Moore,14
Richland,Park Board Member Barney Park,,NON,Mary Peterson,7
Richland,Park Board Member Barney Park,,NON,write-in,6
Richland,Park Board Member Christine Park,,NON,Audrey Klumper,40
Richland,Park Board Member Christine Park,,NON,Filecia Rose Wietzema,36
Richland,Park Board Member Christine Park,,NON,write-in,1
Richland,Park Board Member Colfax Park,,NON,Chad Lingen,51
Richland,Park Board Member Colfax Park,,NON,Jason Frankl,55
Richland,Park Board Member Colfax Park,,NON,write-in,26
Richland,Park Board Member Dwight Park,,NON,Jennifer Siemieniewski,13
Richland,Park Board Member Dwight Park,,NON,Michelle Griffin,12
Richland,Park Board Member Dwight Park,,NON,write-in,4
Richland,Park Board Member Fairmount Park,,NON,Chris Brantl,82
Richland,Park Board Member Fairmount Park,,NON,Curtis Mosher,98
Richland,Park Board Member Fairmount Park,,NON,write-in,55
Richland,Park Board Member Great Bend Park,,NON,Daniel Francis,27
Richland,Park Board Member Great Bend Park,,NON,write-in,7
Richland,Park Board Member Hankinson Park,,NON,write-in,59
Richland,Park Board Member Lidgerwood Park,,NON,Cheryl Grenz,141
Richland,Park Board Member Lidgerwood Park,,NON,write-in,152
Richland,Park Board Member Mantador Park,,NON,write-in,43
Richland,Park Board Member Mooreton Park,,NON,write-in,53
Richland,Park Board Member Wahpeton Park,,NON,Devry Klocke,930
Richland,Park Board Member Wahpeton Park,,NON,Wayne Gripentrog,1096
Richland,Park Board Member Wahpeton Park,,NON,write-in,10
Richland,Park Board Member Walcott Park,,NON,Kali Heyen,53
Richland,Park Board Member Walcott Park,,NON,Tara Cuypers,48
Richland,Park Board Member Walcott Park,,NON,write-in,2
Richland,Park Board Member Wyndmere Park,,NON,Dan Metzger,127
Richland,Park Board Member Wyndmere Park,,NON,Darcy Heitkamp,123
Richland,Park Board Member Wyndmere Park,,NON,Stephanie Hofman,120
Richland,Park Board Member Wyndmere Park,,NON,write-in,7
Richland,Public Service Commissioner,,DEM,Brad Crabtree,1283
Richland,Public Service Commissioner,,DEM,write-in,2
Richland,Public Service Commissioner,,LIB,Joshua Voytek,14
Richland,Public Service Commissioner,,LIB,write-in,0
Richland,Public Service Commissioner,,REP,Randy Christmann,1750
Richland,Public Service Commissioner,,REP,write-in,4
Richland,Public Service Commissioner Constitution,,CON,write-in,0
Richland,Referendum Measure No. 4: Relating to University of North Dakota Athletic Nickname and Logo.,,,No,1053
Richland,Referendum Measure No. 4: Relating to University of North Dakota Athletic Nickname and Logo.,,,Yes,2678
Richland,Representative in Congress Constitution,,CON,write-in,0
Richland,State Auditor,,DEM,Scot Kelsh,1284
Richland,State Auditor,,DEM,write-in,0
Richland,State Auditor,,LIB,write-in,2
Richland,State Auditor,,REP,Robert R (Bob) Peterson,1767
Richland,State Auditor,,REP,write-in,4
Richland,State Auditor Constitution,,CON,write-in,0
Richland,State House,26,DEM,Bill Amerman,322
Richland,State House,26,DEM,"Jerome ""Jerry"" Kelsh",321
Richland,State House,26,DEM,write-in,1
Richland,State House,26,LIB,write-in,2
Richland,State House,26,REP,Kathy Skroch,392
Richland,State House,26,REP,Sebastian Ertelt,265
Richland,State House,26,REP,write-in,6
Richland,State Representative District 26 Constitution,,CON,write-in,0
Richland,State Senate,26,DEM,Jim Dotzenrod,405
Richland,State Senate,26,DEM,write-in,1
Richland,State Senate,26,LIB,write-in,2
Richland,State Senate,26,REP,write-in,26
Richland,State Senator District 26 Constitution,,CON,write-in,0
Richland,State Treasurer,,DEM,Ross Mushik,1248
Richland,State Treasurer,,DEM,write-in,2
Richland,State Treasurer,,LIB,write-in,2
Richland,State Treasurer,,REP,Kelly Schmidt,1754
Richland,State Treasurer,,REP,write-in,2
Richland,State Treasurer Constitution,,CON,write-in,0
Richland,Superintendent of Public Instruction,,NON,Kirsten Baesler,866
Richland,Superintendent of Public Instruction,,NON,Max Laird,705
Richland,Superintendent of Public Instruction,,NON,Tracy Potter,770
Richland,Superintendent of Public Instruction,,NON,write-in,3
Richland,U.S. House,1,DEM,Pam Gulleson,1364
Richland,U.S. House,1,DEM,write-in,0
Richland,U.S. House,1,LIB,Eric Olson,16
Richland,U.S. House,1,LIB,write-in,0
Richland,U.S. House,1,REP,Brian P Kalk,1088
Richland,U.S. House,1,REP,Kevin Cramer,925
Richland,U.S. House,1,REP,write-in,1
Richland,U.S. Senate,,DEM,Heidi Heitkamp,1487
Richland,U.S. Senate,,DEM,write-in,0
Richland,U.S. Senate,,LIB,write-in,3
Richland,U.S. Senate,,REP,Duane Sand,765
Richland,U.S. Senate,,REP,Rick Berg,1291
Richland,U.S. Senate,,REP,write-in,2
Richland,United States Senator Constitution,,CON,write-in,0
Rolette,City Measure 1 Rolette,,,No,14
Rolette,City Measure 1 Rolette,,,Yes,110
Rolette,City Measure 1 Rolla,,,No,27
Rolette,City Measure 1 Rolla,,,Yes,293
Rolette,City Measure 2 Rolette,,,No,68
Rolette,City Measure 2 Rolette,,,Yes,50
Rolette,City Measure 2 Rolla,,,No,73
Rolette,City Measure 2 Rolla,,,Yes,239
Rolette,City Measure 3 Rolla,,,No,146
Rolette,City Measure 3 Rolla,,,Yes,162
Rolette,Constitutional Measure No. 1: Legislative Assembly Appointments.,,,No,658
Rolette,Constitutional Measure No. 1: Legislative Assembly Appointments.,,,Yes,688
Rolette,Council Member 2 Yr Unexpired Term Rolla,,NON,Christopher Albertson,244
Rolette,Council Member 2 Yr Unexpired Term Rolla,,NON,Jeremy Regan,42
Rolette,Council Member 2 Yr Unexpired Term Rolla,,NON,write-in,0
Rolette,Council Member Rolette,,NON,Andrew Gilje,93
Rolette,Council Member Rolette,,NON,Brock Kavlie,65
Rolette,Council Member Rolette,,NON,Doyle Ellingson,75
Rolette,Council Member Rolette,,NON,write-in,0
Rolette,Council Member Rolla,,NON,John (Mike) M Regan,244
Rolette,Council Member Rolla,,NON,write-in,55
Rolette,County Commissioner at Large Rolette,,NON,"Albert F Parisien, Sr",294
Rolette,County Commissioner at Large Rolette,,NON,Alex Albert,639
Rolette,County Commissioner at Large Rolette,,NON,Alfred Mathiason,330
Rolette,County Commissioner at Large Rolette,,NON,Bryan L Davis,337
Rolette,County Commissioner at Large Rolette,,NON,Joseph (Farmer) Renault,272
Rolette,County Commissioner at Large Rolette,,NON,Joseph S Baker,606
Rolette,County Commissioner at Large Rolette,,NON,Merle Boucher,963
Rolette,County Commissioner at Large Rolette,,NON,write-in,8
Rolette,Governor and Lt. Governor,,DEM,Ryan M Taylor & Ellen Chaffee,649
Rolette,Governor and Lt. Governor,,DEM,write-in,2
Rolette,Governor and Lt. Governor,,LIB,Roland Riemers,12
Rolette,Governor and Lt. Governor,,LIB,write-in,0
Rolette,Governor and Lt. Governor,,REP,Jack Dalrymple & Drew Wrigley,602
Rolette,Governor and Lt. Governor,,REP,write-in,2
Rolette,Governor and Lt. Governor Constitution,,CON,write-in,0
Rolette,Initiated Constitutional Measure No. 2: Relating to Elimination of Property Taxes and Replacement of Lost Revenue.,,,No,1052
Rolette,Initiated Constitutional Measure No. 2: Relating to Elimination of Property Taxes and Replacement of Lost Revenue.,,,Yes,385
Rolette,Initiated Constitutional Measure No. 3: Relating to Government Prohibited from Burdening the Exercise of Religious Liberty.,,,No,856
Rolette,Initiated Constitutional Measure No. 3: Relating to Government Prohibited from Burdening the Exercise of Religious Liberty.,,,Yes,573
Rolette,Insurance Commissioner,,DEM,Tom Potter,631
Rolette,Insurance Commissioner,,DEM,write-in,1
Rolette,Insurance Commissioner,,LIB,write-in,0
Rolette,Insurance Commissioner,,REP,Adam Hamm,554
Rolette,Insurance Commissioner,,REP,write-in,0
Rolette,Insurance Commissioner Constitution,,CON,write-in,0
Rolette,Judge of the District Court No. 6 Northeast,,NON,M Richard Geiger,656
Rolette,Judge of the District Court No. 6 Northeast,,NON,write-in,2
Rolette,Judge of the District Court No. 7 Northeast,,NON,John C McClintock Jr,953
Rolette,Judge of the District Court No. 7 Northeast,,NON,write-in,2
Rolette,Justice of the Supreme Court,,NON,Daniel J Crothers,651
Rolette,Justice of the Supreme Court,,NON,write-in,1
Rolette,Mayor 2 Yr Unexpired Term Rolette,,NON,Blaine Scott,111
Rolette,Mayor 2 Yr Unexpired Term Rolette,,NON,write-in,3
Rolette,Municipal Judge Rolette,,NON,Andrew Johnson,109
Rolette,Municipal Judge Rolette,,NON,write-in,1
Rolette,Park Board Member Rolette,,NON,Kristina Smith,103
Rolette,Park Board Member Rolette,,NON,Travis E Peltier,84
Rolette,Park Board Member Rolette,,NON,write-in,2
Rolette,Park Board Member Rolla,,NON,Curt Bonn,268
Rolette,Park Board Member Rolla,,NON,Ed Unger,229
Rolette,Park Board Member Rolla,,NON,write-in,2
Rolette,Public Service Commissioner,,DEM,Brad Crabtree,627
Rolette,Public Service Commissioner,,DEM,write-in,1
Rolette,Public Service Commissioner,,LIB,Joshua Voytek,10
Rolette,Public Service Commissioner,,LIB,write-in,0
Rolette,Public Service Commissioner,,REP,Randy Christmann,545
Rolette,Public Service Commissioner,,REP,write-in,0
Rolette,Public Service Commissioner Constitution,,CON,write-in,0
Rolette,Referendum Measure No. 4: Relating to University of North Dakota Athletic Nickname and Logo.,,,No,552
Rolette,Referendum Measure No. 4: Relating to University of North Dakota Athletic Nickname and Logo.,,,Yes,879
Rolette,Representative in Congress Constitution,,CON,write-in,0
Rolette,State Auditor,,DEM,Scot Kelsh,625
Rolette,State Auditor,,DEM,write-in,1
Rolette,State Auditor,,LIB,write-in,1
Rolette,State Auditor,,REP,Robert R (Bob) Peterson,558
Rolette,State Auditor,,REP,write-in,0
Rolette,State Auditor Constitution,,CON,write-in,0
Rolette,State Treasurer,,DEM,Ross Mushik,615
Rolette,State Treasurer,,DEM,write-in,1
Rolette,State Treasurer,,LIB,write-in,1
Rolette,State Treasurer,,REP,Kelly Schmidt,550
Rolette,State Treasurer,,REP,write-in,0
Rolette,State Treasurer Constitution,,CON,write-in,0
Rolette,Superintendent of Public Instruction,,NON,Kirsten Baesler,240
Rolette,Superintendent of Public Instruction,,NON,Max Laird,207
Rolette,Superintendent of Public Instruction,,NON,Tracy Potter,322
Rolette,Superintendent of Public Instruction,,NON,write-in,2
Rolette,U.S. House,1,DEM,Pam Gulleson,627
Rolette,U.S. House,1,DEM,write-in,1
Rolette,U.S. House,1,LIB,Eric Olson,11
Rolette,U.S. House,1,LIB,write-in,0
Rolette,U.S. House,1,REP,Brian P Kalk,372
Rolette,U.S. House,1,REP,Kevin Cramer,285
Rolette,U.S. House,1,REP,write-in,2
Rolette,U.S. Senate,,DEM,Heidi Heitkamp,716
Rolette,U.S. Senate,,DEM,write-in,1
Rolette,U.S. Senate,,LIB,write-in,1
Rolette,U.S. Senate,,REP,Duane Sand,256
Rolette,U.S. Senate,,REP,Rick Berg,410
Rolette,U.S. Senate,,REP,write-in,0
Rolette,United States Senator Constitution,,CON,write-in,0
Sargent,City Measure 1 Cayuga,,,No,3
Sargent,City Measure 1 Cayuga,,,Yes,5
Sargent,City Measure 1 Cogswell,,,No,4
Sargent,City Measure 1 Cogswell,,,Yes,23
Sargent,City Measure 1 Forman,,,No,15
Sargent,City Measure 1 Forman,,,Yes,164
Sargent,City Measure 1 Gwinner,,,No,10
Sargent,City Measure 1 Gwinner,,,Yes,143
Sargent,City Measure 1 Havana,,,No,6
Sargent,City Measure 1 Havana,,,Yes,24
Sargent,City Measure 1 Milnor,,,No,8
Sargent,City Measure 1 Milnor,,,Yes,173
Sargent,City Measure 1 Rutland,,,No,11
Sargent,City Measure 1 Rutland,,,Yes,55
Sargent,Constitutional Measure No. 1: Legislative Assembly Appointments.,,,No,484
Sargent,Constitutional Measure No. 1: Legislative Assembly Appointments.,,,Yes,663
Sargent,Council Member Cayuga,,NON,Janet Kiefer,8
Sargent,Council Member Cayuga,,NON,write-in,1
Sargent,Council Member Cogswell,,NON,David Jones,18
Sargent,Council Member Cogswell,,NON,Heath Kerlin,16
Sargent,Council Member Cogswell,,NON,Jesse Anderson,20
Sargent,Council Member Cogswell,,NON,write-in,0
Sargent,Council Member Forman,,NON,Al Carton,144
Sargent,Council Member Forman,,NON,Susan Kleingarn,151
Sargent,Council Member Forman,,NON,write-in,10
Sargent,Council Member Gwinner,,NON,Jerry Zetocha,135
Sargent,Council Member Gwinner,,NON,Linda Johnson,135
Sargent,Council Member Gwinner,,NON,write-in,3
Sargent,Council Member Havana,,NON,write-in,28
Sargent,Council Member Milnor,,NON,Merril Decker,141
Sargent,Council Member Milnor,,NON,Randall Edison,112
Sargent,Council Member Milnor,,NON,write-in,77
Sargent,Council Member Rutland,,NON,Bertha Siemieniewski,52
Sargent,Council Member Rutland,,NON,Bradley S Christensen,50
Sargent,Council Member Rutland,,NON,write-in,19
Sargent,Council Member Unexpired Term Cogswell,,NON,Robert Skroch,27
Sargent,Council Member Unexpired Term Cogswell,,NON,write-in,0
Sargent,Council Member Unexpired Term Milnor,,NON,Rodney W Stockstad,157
Sargent,Council Member Unexpired Term Milnor,,NON,write-in,5
Sargent,County Commissioner at Large Sargent,,NON,Bill Anderson,785
Sargent,County Commissioner at Large Sargent,,NON,Jerry M Waswick,834
Sargent,County Commissioner at Large Sargent,,NON,Richard Ruch,589
Sargent,County Commissioner at Large Sargent,,NON,write-in,24
Sargent,"Director, Garrison Diversion Conservancy Sargent",,NON,Jeffrey Breker,997
Sargent,"Director, Garrison Diversion Conservancy Sargent",,NON,write-in,10
Sargent,Governor and Lt. Governor,,DEM,Ryan M Taylor & Ellen Chaffee,627
Sargent,Governor and Lt. Governor,,DEM,write-in,2
Sargent,Governor and Lt. Governor,,LIB,Roland Riemers,2
Sargent,Governor and Lt. Governor,,LIB,write-in,0
Sargent,Governor and Lt. Governor,,REP,Jack Dalrymple & Drew Wrigley,446
Sargent,Governor and Lt. Governor,,REP,write-in,1
Sargent,Governor and Lt. Governor Constitution,,CON,write-in,0
Sargent,Initiated Constitutional Measure No. 2: Relating to Elimination of Property Taxes and Replacement of Lost Revenue.,,,No,1043
Sargent,Initiated Constitutional Measure No. 2: Relating to Elimination of Property Taxes and Replacement of Lost Revenue.,,,Yes,200
Sargent,Initiated Constitutional Measure No. 3: Relating to Government Prohibited from Burdening the Exercise of Religious Liberty.,,,No,822
Sargent,Initiated Constitutional Measure No. 3: Relating to Government Prohibited from Burdening the Exercise of Religious Liberty.,,,Yes,367
Sargent,Insurance Commissioner,,DEM,Tom Potter,602
Sargent,Insurance Commissioner,,DEM,write-in,0
Sargent,Insurance Commissioner,,LIB,write-in,0
Sargent,Insurance Commissioner,,REP,Adam Hamm,421
Sargent,Insurance Commissioner,,REP,write-in,1
Sargent,Insurance Commissioner Constitution,,CON,write-in,0
Sargent,Judge of the District Court No. 10 Unexpired Term Southeast,,NON,Thomas E Merrick,895
Sargent,Judge of the District Court No. 10 Unexpired Term Southeast,,NON,write-in,3
Sargent,Judge of the District Court No. 8 Southeast,,NON,Brad Cruff,414
Sargent,Judge of the District Court No. 8 Southeast,,NON,Richard W Grosz,585
Sargent,Judge of the District Court No. 8 Southeast,,NON,write-in,1
Sargent,Judge of the District Court No. 9 Southeast,,NON,John E Greenwood,906
Sargent,Judge of the District Court No. 9 Southeast,,NON,write-in,2
Sargent,Justice of the Supreme Court,,NON,Daniel J Crothers,902
Sargent,Justice of the Supreme Court,,NON,write-in,3
Sargent,Mayor Cayuga,,NON,Mark Saunders,8
Sargent,Mayor Cayuga,,NON,write-in,1
Sargent,Mayor Gwinner,,NON,Danny McKeever,130
Sargent,Mayor Gwinner,,NON,write-in,9
Sargent,Mayor Rutland,,NON,Ronald Narum,59
Sargent,Mayor Rutland,,NON,write-in,8
Sargent,"Mayor, Unexpired Two Year Term Cogswell",,NON,Clifton Brown,9
Sargent,"Mayor, Unexpired Two Year Term Cogswell",,NON,write-in,17
Sargent,Park Board Member Forman Park,,NON,Chris Bladow,155
Sargent,Park Board Member Forman Park,,NON,Rachael Hoistad,146
Sargent,Park Board Member Forman Park,,NON,write-in,37
Sargent,Park Board Member Gwinner Park,,NON,Kevin Hamann,130
Sargent,Park Board Member Gwinner Park,,NON,Steven Morlock,138
Sargent,Park Board Member Gwinner Park,,NON,write-in,4
Sargent,Park Board Member Milnor Park,,NON,Greta Buskohl,169
Sargent,Park Board Member Milnor Park,,NON,Jon Scott Bruce,138
Sargent,Park Board Member Milnor Park,,NON,Keely Lehmann,142
Sargent,Park Board Member Milnor Park,,NON,write-in,4
Sargent,Park Board Member Rutland Park,,NON,write-in,39
Sargent,Park Board Member Unexpired Two Year Term Gwinner Park,,NON,write-in,19
Sargent,Public Service Commissioner,,DEM,Brad Crabtree,607
Sargent,Public Service Commissioner,,DEM,write-in,0
Sargent,Public Service Commissioner,,LIB,Joshua Voytek,1
Sargent,Public Service Commissioner,,LIB,write-in,0
Sargent,Public Service Commissioner,,REP,Randy Christmann,419
Sargent,Public Service Commissioner,,REP,write-in,0
Sargent,Public Service Commissioner Constitution,,CON,write-in,0
Sargent,Referendum Measure No. 4: Relating to University of North Dakota Athletic Nickname and Logo.,,,No,429
Sargent,Referendum Measure No. 4: Relating to University of North Dakota Athletic Nickname and Logo.,,,Yes,783
Sargent,Representative in Congress Constitution,,CON,write-in,0
Sargent,State Auditor,,DEM,Scot Kelsh,605
Sargent,State Auditor,,DEM,write-in,0
Sargent,State Auditor,,LIB,write-in,0
Sargent,State Auditor,,REP,Robert R (Bob) Peterson,422
Sargent,State Auditor,,REP,write-in,0
Sargent,State Auditor Constitution,,CON,write-in,0
Sargent,State House,26,DEM,Bill Amerman,628
Sargent,State House,26,DEM,"Jerome ""Jerry"" Kelsh",599
Sargent,State House,26,DEM,write-in,0
Sargent,State House,26,LIB,write-in,0
Sargent,State House,26,REP,Kathy Skroch,392
Sargent,State House,26,REP,Sebastian Ertelt,319
Sargent,State House,26,REP,write-in,2
Sargent,State Representative District 26 Constitution,,CON,write-in,0
Sargent,State Senate,26,DEM,Jim Dotzenrod,644
Sargent,State Senate,26,DEM,write-in,0
Sargent,State Senate,26,LIB,write-in,0
Sargent,State Senate,26,REP,write-in,27
Sargent,State Senator District 26 Constitution,,CON,write-in,0
Sargent,State Treasurer,,DEM,Ross Mushik,587
Sargent,State Treasurer,,DEM,write-in,0
Sargent,State Treasurer,,LIB,write-in,0
Sargent,State Treasurer,,REP,Kelly Schmidt,417
Sargent,State Treasurer,,REP,write-in,2
Sargent,State Treasurer Constitution,,CON,write-in,0
Sargent,Superintendent of Public Instruction,,NON,Kirsten Baesler,262
Sargent,Superintendent of Public Instruction,,NON,Max Laird,156
Sargent,Superintendent of Public Instruction,,NON,Tracy Potter,275
Sargent,Superintendent of Public Instruction,,NON,write-in,1
Sargent,U.S. House,1,DEM,Pam Gulleson,655
Sargent,U.S. House,1,DEM,write-in,2
Sargent,U.S. House,1,LIB,Eric Olson,2
Sargent,U.S. House,1,LIB,write-in,0
Sargent,U.S. House,1,REP,Brian P Kalk,263
Sargent,U.S. House,1,REP,Kevin Cramer,207
Sargent,U.S. House,1,REP,write-in,0
Sargent,U.S. Senate,,DEM,Heidi Heitkamp,669
Sargent,U.S. Senate,,DEM,write-in,0
Sargent,U.S. Senate,,LIB,write-in,0
Sargent,U.S. Senate,,REP,Duane Sand,129
Sargent,U.S. Senate,,REP,Rick Berg,352
Sargent,U.S. Senate,,REP,write-in,0
Sargent,United States Senator Constitution,,CON,write-in,0
Sheridan,Constitutional Measure No. 1: Legislative Assembly Appointments.,,,No,238
Sheridan,Constitutional Measure No. 1: Legislative Assembly Appointments.,,,Yes,345
Sheridan,Council Member Goodrich,,NON,Cheryl Sauter,36
Sheridan,Council Member Goodrich,,NON,write-in,4
Sheridan,Council Member Martin,,NON,write-in,47
Sheridan,Council Member Unexpired Two Year Term Goodrich,,NON,Brian Fitz,30
Sheridan,Council Member Unexpired Two Year Term Goodrich,,NON,write-in,5
Sheridan,County Commissioner Sheridan - District 2,,NON,Michael Axt,476
Sheridan,County Commissioner Sheridan - District 2,,NON,write-in,13
Sheridan,"Director, Garrison Diversion Conservancy Sheridan",,NON,Tim Schindler,467
Sheridan,"Director, Garrison Diversion Conservancy Sheridan",,NON,write-in,2
Sheridan,Goodrich Measure 3 Goodrich,,,No,5
Sheridan,Goodrich Measure 3 Goodrich,,,Yes,32
Sheridan,Governor and Lt. Governor,,DEM,Ryan M Taylor & Ellen Chaffee,147
Sheridan,Governor and Lt. Governor,,DEM,write-in,0
Sheridan,Governor and Lt. Governor,,LIB,Roland Riemers,2
Sheridan,Governor and Lt. Governor,,LIB,write-in,0
Sheridan,Governor and Lt. Governor,,REP,Jack Dalrymple & Drew Wrigley,400
Sheridan,Governor and Lt. Governor,,REP,write-in,1
Sheridan,Governor and Lt. Governor Constitution,,CON,write-in,0
Sheridan,Initiated Constitutional Measure No. 2: Relating to Elimination of Property Taxes and Replacement of Lost Revenue.,,,No,506
Sheridan,Initiated Constitutional Measure No. 2: Relating to Elimination of Property Taxes and Replacement of Lost Revenue.,,,Yes,116
Sheridan,Initiated Constitutional Measure No. 3: Relating to Government Prohibited from Burdening the Exercise of Religious Liberty.,,,No,311
Sheridan,Initiated Constitutional Measure No. 3: Relating to Government Prohibited from Burdening the Exercise of Religious Liberty.,,,Yes,286
Sheridan,Insurance Commissioner,,DEM,Tom Potter,127
Sheridan,Insurance Commissioner,,DEM,write-in,0
Sheridan,Insurance Commissioner,,LIB,write-in,0
Sheridan,Insurance Commissioner,,REP,Adam Hamm,389
Sheridan,Insurance Commissioner,,REP,write-in,0
Sheridan,Insurance Commissioner Constitution,,CON,write-in,0
Sheridan,Judge of the District Court No. 4 South Central,,NON,Bruce B Haskell,466
Sheridan,Judge of the District Court No. 4 South Central,,NON,write-in,0
Sheridan,Judge of the District Court No. 9 South Central,,NON,Bruce A Romanick,465
Sheridan,Judge of the District Court No. 9 South Central,,NON,write-in,0
Sheridan,Justice of the Supreme Court,,NON,Daniel J Crothers,457
Sheridan,Justice of the Supreme Court,,NON,write-in,0
Sheridan,Martin City Measure 1 Martin,,,No,2
Sheridan,Martin City Measure 1 Martin,,,Yes,29
Sheridan,Mayor Martin,,NON,write-in,27
Sheridan,Mayor Unexpired Two Year Term Goodrich,,NON,Michael H Gesellchen,36
Sheridan,Mayor Unexpired Two Year Term Goodrich,,NON,write-in,0
Sheridan,McClusky City Measure 2 McClusky,,,No,14
Sheridan,McClusky City Measure 2 McClusky,,,Yes,146
Sheridan,Municipal Judge McClusky,,NON,Paul Hagen,121
Sheridan,Municipal Judge McClusky,,NON,write-in,21
Sheridan,Park Board Member Goodrich Park,,NON,Darlene Wangen,34
Sheridan,Park Board Member Goodrich Park,,NON,Lanna Murdock,27
Sheridan,Park Board Member Goodrich Park,,NON,write-in,3
Sheridan,Park Board Member McClusky Park,,NON,Connie Jerome,121
Sheridan,Park Board Member McClusky Park,,NON,Todd Rath,139
Sheridan,Park Board Member McClusky Park,,NON,write-in,36
Sheridan,Park Board Member Unexpired Two Year Term Goodrich Park,,NON,Marjory Konschak,35
Sheridan,Park Board Member Unexpired Two Year Term Goodrich Park,,NON,write-in,0
Sheridan,Public Service Commissioner,,DEM,Brad Crabtree,130
Sheridan,Public Service Commissioner,,DEM,write-in,0
Sheridan,Public Service Commissioner,,LIB,Joshua Voytek,2
Sheridan,Public Service Commissioner,,LIB,write-in,0
Sheridan,Public Service Commissioner,,REP,Randy Christmann,388
Sheridan,Public Service Commissioner,,REP,write-in,0
Sheridan,Public Service Commissioner Constitution,,CON,write-in,0
Sheridan,Referendum Measure No. 4: Relating to University of North Dakota Athletic Nickname and Logo.,,,No,264
Sheridan,Referendum Measure No. 4: Relating to University of North Dakota Athletic Nickname and Logo.,,,Yes,328
Sheridan,Representative in Congress Constitution,,CON,write-in,0
Sheridan,School Board City Member at Large McClusky School #19,,NON,Brian Larson,263
Sheridan,School Board City Member at Large McClusky School #19,,NON,write-in,10
Sheridan,School Board Member at Large Goodrich School #16,,NON,Chris Weippert,86
Sheridan,School Board Member at Large Goodrich School #16,,NON,Moranda Miller,78
Sheridan,School Board Member at Large Goodrich School #16,,NON,write-in,4
Sheridan,School Board Rural Member at Large McClusky School #19,,NON,Stacy Sease,269
Sheridan,School Board Rural Member at Large McClusky School #19,,NON,write-in,6
Sheridan,State Auditor,,DEM,Scot Kelsh,122
Sheridan,State Auditor,,DEM,write-in,1
Sheridan,State Auditor,,LIB,write-in,0
Sheridan,State Auditor,,REP,Robert R (Bob) Peterson,389
Sheridan,State Auditor,,REP,write-in,0
Sheridan,State Auditor Constitution,,CON,write-in,0
Sheridan,State House,14,DEM,write-in,4
Sheridan,State House,14,LIB,write-in,0
Sheridan,State House,14,REP,Duane DeKrey,329
Sheridan,State House,14,REP,Jon Nelson,151
Sheridan,State House,14,REP,Robin Weisz,283
Sheridan,State House,14,REP,write-in,0
Sheridan,State Representative District 14 Constitution,,CON,write-in,0
Sheridan,State Senate,14,DEM,write-in,5
Sheridan,State Senate,14,LIB,write-in,0
Sheridan,State Senate,14,REP,Jerry Klein,399
Sheridan,State Senate,14,REP,write-in,0
Sheridan,State Senator District 14 Constitution,,CON,write-in,0
Sheridan,State Treasurer,,DEM,Ross Mushik,123
Sheridan,State Treasurer,,DEM,write-in,0
Sheridan,State Treasurer,,LIB,write-in,0
Sheridan,State Treasurer,,REP,Kelly Schmidt,385
Sheridan,State Treasurer,,REP,write-in,0
Sheridan,State Treasurer Constitution,,CON,write-in,0
Sheridan,Superintendent of Public Instruction,,NON,Kirsten Baesler,141
Sheridan,Superintendent of Public Instruction,,NON,Max Laird,51
Sheridan,Superintendent of Public Instruction,,NON,Tracy Potter,122
Sheridan,Superintendent of Public Instruction,,NON,write-in,3
Sheridan,U.S. House,1,DEM,Pam Gulleson,129
Sheridan,U.S. House,1,DEM,write-in,0
Sheridan,U.S. House,1,LIB,Eric Olson,2
Sheridan,U.S. House,1,LIB,write-in,0
Sheridan,U.S. House,1,REP,Brian P Kalk,123
Sheridan,U.S. House,1,REP,Kevin Cramer,287
Sheridan,U.S. House,1,REP,write-in,1
Sheridan,U.S. Senate,,DEM,Heidi Heitkamp,154
Sheridan,U.S. Senate,,DEM,write-in,0
Sheridan,U.S. Senate,,LIB,write-in,0
Sheridan,U.S. Senate,,REP,Duane Sand,130
Sheridan,U.S. Senate,,REP,Rick Berg,295
Sheridan,U.S. Senate,,REP,write-in,0
Sheridan,United States Senator Constitution,,CON,write-in,0
Sheridan,Ward 1 Alderman McClusky,,NON,Andrew Werth,142
Sheridan,Ward 1 Alderman McClusky,,NON,write-in,3
Sheridan,Ward II Alderman McClusky,,NON,Dorothy Estrada,148
Sheridan,Ward II Alderman McClusky,,NON,write-in,0
Sioux,Constitutional Measure No. 1: Legislative Assembly Appointments.,,,No,163
Sioux,Constitutional Measure No. 1: Legislative Assembly Appointments.,,,Yes,165
Sioux,Council Member Fort Yates,,NON,Carl B Iron Eyes,16
Sioux,Council Member Fort Yates,,NON,Verdell Wolf Necklace,7
Sioux,Council Member Fort Yates,,NON,write-in,1
Sioux,Council Member Selfridge,,NON,Andrew Deason,25
Sioux,Council Member Selfridge,,NON,Arthur Sieglock,4
Sioux,Council Member Selfridge,,NON,Janice Schneider,18
Sioux,Council Member Selfridge,,NON,Merle Walker,16
Sioux,Council Member Selfridge,,NON,write-in,1
Sioux,Council Member Solen,,NON,Mark Colton Hettich,21
Sioux,Council Member Solen,,NON,Simon Hoffman,25
Sioux,Council Member Solen,,NON,Terry M. Johnson,14
Sioux,Council Member Solen,,NON,write-in,1
Sioux,Council Member Unexpired Two Year Term Fort Yates,,NON,Ellen Murphy,16
Sioux,Council Member Unexpired Two Year Term Fort Yates,,NON,write-in,1
Sioux,County Commissioner Sioux - District 2,,NON,Carl B Iron Eyes,23
Sioux,County Commissioner Sioux - District 2,,NON,Larry Silbernagel,19
Sioux,County Commissioner Sioux - District 2,,NON,write-in,0
Sioux,Governor and Lt. Governor,,DEM,Ryan M Taylor & Ellen Chaffee,141
Sioux,Governor and Lt. Governor,,DEM,write-in,0
Sioux,Governor and Lt. Governor,,LIB,Roland Riemers,1
Sioux,Governor and Lt. Governor,,LIB,write-in,0
Sioux,Governor and Lt. Governor,,REP,Jack Dalrymple & Drew Wrigley,128
Sioux,Governor and Lt. Governor,,REP,write-in,3
Sioux,Governor and Lt. Governor Constitution,,CON,write-in,0
Sioux,Initiated Constitutional Measure No. 2: Relating to Elimination of Property Taxes and Replacement of Lost Revenue.,,,No,238
Sioux,Initiated Constitutional Measure No. 2: Relating to Elimination of Property Taxes and Replacement of Lost Revenue.,,,Yes,109
Sioux,Initiated Constitutional Measure No. 3: Relating to Government Prohibited from Burdening the Exercise of Religious Liberty.,,,No,174
Sioux,Initiated Constitutional Measure No. 3: Relating to Government Prohibited from Burdening the Exercise of Religious Liberty.,,,Yes,171
Sioux,Insurance Commissioner,,DEM,Tom Potter,136
Sioux,Insurance Commissioner,,DEM,write-in,0
Sioux,Insurance Commissioner,,LIB,write-in,0
Sioux,Insurance Commissioner,,REP,Adam Hamm,121
Sioux,Insurance Commissioner,,REP,write-in,3
Sioux,Insurance Commissioner Constitution,,CON,write-in,0
Sioux,Judge of the District Court No. 4 South Central,,NON,Bruce B Haskell,209
Sioux,Judge of the District Court No. 4 South Central,,NON,write-in,7
Sioux,Judge of the District Court No. 9 South Central,,NON,Bruce A Romanick,200
Sioux,Judge of the District Court No. 9 South Central,,NON,write-in,8
Sioux,Justice of the Supreme Court,,NON,Daniel J Crothers,193
Sioux,Justice of the Supreme Court,,NON,write-in,7
Sioux,Mayor Selfridge,,NON,Giles Heinen,24
Sioux,Mayor Selfridge,,NON,write-in,5
Sioux,Mayor Solen,,NON,Larry Froelich,17
Sioux,Mayor Solen,,NON,write-in,16
Sioux,Public Service Commissioner,,DEM,Brad Crabtree,135
Sioux,Public Service Commissioner,,DEM,write-in,0
Sioux,Public Service Commissioner,,LIB,Joshua Voytek,0
Sioux,Public Service Commissioner,,LIB,write-in,0
Sioux,Public Service Commissioner,,REP,Randy Christmann,120
Sioux,Public Service Commissioner,,REP,write-in,3
Sioux,Public Service Commissioner Constitution,,CON,write-in,0
Sioux,Referendum Measure No. 4: Relating to University of North Dakota Athletic Nickname and Logo.,,,No,159
Sioux,Referendum Measure No. 4: Relating to University of North Dakota Athletic Nickname and Logo.,,,Yes,184
Sioux,Representative in Congress Constitution,,CON,write-in,0
Sioux,School Board Member Rural Selfridge School,,NON,Nick Vollmuth,101
Sioux,School Board Member Rural Selfridge School,,NON,write-in,2
Sioux,School Board Member at Large Selfridge School,,NON,C. Augustine Devila,85
Sioux,School Board Member at Large Selfridge School,,NON,write-in,2
Sioux,State Auditor,,DEM,Scot Kelsh,138
Sioux,State Auditor,,DEM,write-in,0
Sioux,State Auditor,,LIB,write-in,0
Sioux,State Auditor,,REP,Robert R (Bob) Peterson,119
Sioux,State Auditor,,REP,write-in,3
Sioux,State Auditor Constitution,,CON,write-in,0
Sioux,State Treasurer,,DEM,Ross Mushik,136
Sioux,State Treasurer,,DEM,write-in,0
Sioux,State Treasurer,,LIB,write-in,0
Sioux,State Treasurer,,REP,Kelly Schmidt,120
Sioux,State Treasurer,,REP,write-in,3
Sioux,State Treasurer Constitution,,CON,write-in,0
Sioux,Superintendent of Public Instruction,,NON,Kirsten Baesler,84
Sioux,Superintendent of Public Instruction,,NON,Max Laird,42
Sioux,Superintendent of Public Instruction,,NON,Tracy Potter,118
Sioux,Superintendent of Public Instruction,,NON,write-in,6
Sioux,U.S. House,1,DEM,Pam Gulleson,141
Sioux,U.S. House,1,DEM,write-in,0
Sioux,U.S. House,1,LIB,Eric Olson,0
Sioux,U.S. House,1,LIB,write-in,0
Sioux,U.S. House,1,REP,Brian P Kalk,54
Sioux,U.S. House,1,REP,Kevin Cramer,80
Sioux,U.S. House,1,REP,write-in,5
Sioux,U.S. Senate,,DEM,Heidi Heitkamp,153
Sioux,U.S. Senate,,DEM,write-in,0
Sioux,U.S. Senate,,LIB,write-in,0
Sioux,U.S. Senate,,REP,Duane Sand,67
Sioux,U.S. Senate,,REP,Rick Berg,77
Sioux,U.S. Senate,,REP,write-in,0
Sioux,United States Senator Constitution,,CON,write-in,0
Slope,Commission President Unexpired 2 Year Term Marmarth,,NON,Hailey Dschaak,44
Slope,Commission President Unexpired 2 Year Term Marmarth,,NON,write-in,24
Slope,Commissioner Marmarth,,NON,Andrew James Rohr,24
Slope,Commissioner Marmarth,,NON,David Shepherd,55
Slope,Commissioner Marmarth,,NON,Michael Battest,35
Slope,Commissioner Marmarth,,NON,write-in,11
Slope,Commissioner Unexpired 2 Year Term Marmarth,,NON,D J Muckle,43
Slope,Commissioner Unexpired 2 Year Term Marmarth,,NON,write-in,19
Slope,Constitutional Measure No. 1: Legislative Assembly Appointments.,,,No,133
Slope,Constitutional Measure No. 1: Legislative Assembly Appointments.,,,Yes,117
Slope,County Commissioner Slope - District 2,,NON,Len Sadler,99
Slope,County Commissioner Slope - District 2,,NON,Scott Ouradnik,159
Slope,County Commissioner Slope - District 2,,NON,write-in,1
Slope,County Treasurer Unexpired 2 Year Term Slope,,NON,Colleen Germann,243
Slope,County Treasurer Unexpired 2 Year Term Slope,,NON,write-in,2
Slope,"Director, Southwest Water Authority Slope",,NON,David Juntunen,236
Slope,"Director, Southwest Water Authority Slope",,NON,write-in,2
Slope,Governor and Lt. Governor,,DEM,Ryan M Taylor & Ellen Chaffee,59
Slope,Governor and Lt. Governor,,DEM,write-in,0
Slope,Governor and Lt. Governor,,LIB,Roland Riemers,0
Slope,Governor and Lt. Governor,,LIB,write-in,0
Slope,Governor and Lt. Governor,,REP,Jack Dalrymple & Drew Wrigley,182
Slope,Governor and Lt. Governor,,REP,write-in,0
Slope,Governor and Lt. Governor Constitution,,CON,write-in,0
Slope,Initiated Constitutional Measure No. 2: Relating to Elimination of Property Taxes and Replacement of Lost Revenue.,,,No,236
Slope,Initiated Constitutional Measure No. 2: Relating to Elimination of Property Taxes and Replacement of Lost Revenue.,,,Yes,38
Slope,Initiated Constitutional Measure No. 3: Relating to Government Prohibited from Burdening the Exercise of Religious Liberty.,,,No,179
Slope,Initiated Constitutional Measure No. 3: Relating to Government Prohibited from Burdening the Exercise of Religious Liberty.,,,Yes,86
Slope,Insurance Commissioner,,DEM,Tom Potter,56
Slope,Insurance Commissioner,,DEM,write-in,0
Slope,Insurance Commissioner,,LIB,write-in,0
Slope,Insurance Commissioner,,REP,Adam Hamm,177
Slope,Insurance Commissioner,,REP,write-in,0
Slope,Insurance Commissioner Constitution,,CON,write-in,0
Slope,Judge of the District Court No. 1 Southwest,,NON,Zane Anderson,227
Slope,Judge of the District Court No. 1 Southwest,,NON,write-in,0
Slope,Judge of the District Court No. 3 Southwest,,NON,Dann Greenwood,110
Slope,Judge of the District Court No. 3 Southwest,,NON,Kevin McCabe,72
Slope,Judge of the District Court No. 3 Southwest,,NON,Tom M Henning,45
Slope,Judge of the District Court No. 3 Southwest,,NON,write-in,0
Slope,Justice of the Supreme Court,,NON,Daniel J Crothers,132
Slope,Justice of the Supreme Court,,NON,write-in,0
Slope,Public Service Commissioner,,DEM,Brad Crabtree,55
Slope,Public Service Commissioner,,DEM,write-in,0
Slope,Public Service Commissioner,,LIB,Joshua Voytek,0
Slope,Public Service Commissioner,,LIB,write-in,0
Slope,Public Service Commissioner,,REP,Randy Christmann,172
Slope,Public Service Commissioner,,REP,write-in,0
Slope,Public Service Commissioner Constitution,,CON,write-in,0
Slope,Publication of Marmarth City Minutes Marmarth,,,No,15
Slope,Publication of Marmarth City Minutes Marmarth,,,Yes,48
Slope,Referendum Measure No. 4: Relating to University of North Dakota Athletic Nickname and Logo.,,,No,121
Slope,Referendum Measure No. 4: Relating to University of North Dakota Athletic Nickname and Logo.,,,Yes,139
Slope,Representative in Congress Constitution,,CON,write-in,0
Slope,School Board Member Bowman Area Bowman School,,NON,Sharon Holder,46
Slope,School Board Member Bowman Area Bowman School,,NON,write-in,0
Slope,School Board Member Rhame Area Bowman School,,NON,Ann Fischer,36
Slope,School Board Member Rhame Area Bowman School,,NON,Russ Homelvig,37
Slope,School Board Member Rhame Area Bowman School,,NON,write-in,0
Slope,School District Measure 1 Bowman School,,,No,0
Slope,School District Measure 1 Bowman School,,,Yes,32
Slope,State Auditor,,DEM,Scot Kelsh,57
Slope,State Auditor,,DEM,write-in,0
Slope,State Auditor,,LIB,write-in,0
Slope,State Auditor,,REP,Robert R (Bob) Peterson,176
Slope,State Auditor,,REP,write-in,0
Slope,State Auditor Constitution,,CON,write-in,0
Slope,State Treasurer,,DEM,Ross Mushik,55
Slope,State Treasurer,,DEM,write-in,0
Slope,State Treasurer,,LIB,write-in,0
Slope,State Treasurer,,REP,Kelly Schmidt,177
Slope,State Treasurer,,REP,write-in,0
Slope,State Treasurer Constitution,,CON,write-in,0
Slope,Superintendent of Public Instruction,,NON,Kirsten Baesler,64
Slope,Superintendent of Public Instruction,,NON,Max Laird,35
Slope,Superintendent of Public Instruction,,NON,Tracy Potter,52
Slope,Superintendent of Public Instruction,,NON,write-in,0
Slope,U.S. House,1,DEM,Pam Gulleson,56
Slope,U.S. House,1,DEM,write-in,1
Slope,U.S. House,1,LIB,Eric Olson,1
Slope,U.S. House,1,LIB,write-in,0
Slope,U.S. House,1,REP,Brian P Kalk,57
Slope,U.S. House,1,REP,Kevin Cramer,138
Slope,U.S. House,1,REP,write-in,0
Slope,U.S. Senate,,DEM,Heidi Heitkamp,63
Slope,U.S. Senate,,DEM,write-in,0
Slope,U.S. Senate,,LIB,write-in,0
Slope,U.S. Senate,,REP,Duane Sand,61
Slope,U.S. Senate,,REP,Rick Berg,135
Slope,U.S. Senate,,REP,write-in,0
Slope,United States Senator Constitution,,CON,write-in,0
Stark,City Commissioner Dickinson,,NON,Carson Steiner,2035
Stark,City Commissioner Dickinson,,NON,Gene Jackson,2051
Stark,City Commissioner Dickinson,,NON,Scott Decker,1790
Stark,City Commissioner Dickinson,,NON,write-in,17
Stark,City Commissioner Richardton,,NON,Jacquelyn K Kitzan,58
Stark,City Commissioner Richardton,,NON,Lea Floberg,101
Stark,City Commissioner Richardton,,NON,Russell P Ziegler,119
Stark,City Commissioner Richardton,,NON,Sheldon C Begley,120
Stark,City Commissioner Richardton,,NON,write-in,10
Stark,City Commissioner Unexpired Two Year Term Dickinson,,NON,Shirley K Dukart,2334
Stark,City Commissioner Unexpired Two Year Term Dickinson,,NON,write-in,116
Stark,City Measure 1 Belfield,,,No,15
Stark,City Measure 1 Belfield,,,Yes,177
Stark,City Measure 1 Dickinson,,,No,447
Stark,City Measure 1 Dickinson,,,Yes,2987
Stark,City Measure 1 Gladstone,,,No,38
Stark,City Measure 1 Gladstone,,,Yes,36
Stark,City Measure 1 Richardton,,,No,49
Stark,City Measure 1 Richardton,,,Yes,108
Stark,City Measure 1 South Heart,,,No,14
Stark,City Measure 1 South Heart,,,Yes,54
Stark,City Measure 1 Taylor,,,No,11
Stark,City Measure 1 Taylor,,,Yes,68
Stark,City Measure 2 Gladstone,,,No,8
Stark,City Measure 2 Gladstone,,,Yes,62
Stark,City Measure 2 Richardton,,,No,8
Stark,City Measure 2 Richardton,,,Yes,153
Stark,City Measure 2 South Heart,,,No,8
Stark,City Measure 2 South Heart,,,Yes,64
Stark,Commission President Dickinson,,NON,Dennis W Johnson,2549
Stark,Commission President Dickinson,,NON,write-in,84
Stark,Commission President Richardton,,NON,Frank Kirschenheiter,109
Stark,Commission President Richardton,,NON,write-in,11
Stark,Constitutional Measure No. 1: Legislative Assembly Appointments.,,,No,1947
Stark,Constitutional Measure No. 1: Legislative Assembly Appointments.,,,Yes,3113
Stark,Council Member 2 Year Unexpired Term South Heart,,NON,Quain Kudrna,52
Stark,Council Member 2 Year Unexpired Term South Heart,,NON,write-in,7
Stark,Council Member Belfield,,NON,Alantson (Lants) Hurt,98
Stark,Council Member Belfield,,NON,Harold Kubischta,146
Stark,Council Member Belfield,,NON,write-in,41
Stark,Council Member Gladstone,,NON,Arles Hecker,19
Stark,Council Member Gladstone,,NON,Darcy Fossum,35
Stark,Council Member Gladstone,,NON,Erin McGahuey,35
Stark,Council Member Gladstone,,NON,Vicki Nogosek,40
Stark,Council Member Gladstone,,NON,write-in,1
Stark,Council Member South Heart,,NON,Chuck Andrus,41
Stark,Council Member South Heart,,NON,Steve Finsaas,46
Stark,Council Member South Heart,,NON,write-in,11
Stark,Council Member Taylor,,NON,Aaron Gjermundson,80
Stark,Council Member Taylor,,NON,Danny Ehret,20
Stark,Council Member Taylor,,NON,Ronald Luff,64
Stark,Council Member Taylor,,NON,write-in,3
Stark,Council Member Unexpired Two Year Term Belfield,,NON,Bob Hushka,50
Stark,Council Member Unexpired Two Year Term Belfield,,NON,Darrell Tooley,127
Stark,Council Member Unexpired Two Year Term Belfield,,NON,write-in,1
Stark,County Commissioner Stark - District 1,,NON,Pete Kuntz,3916
Stark,County Commissioner Stark - District 1,,NON,write-in,17
Stark,County Commissioner Stark - District 3,,NON,Duane (Bucky) A Wolf,3918
Stark,County Commissioner Stark - District 3,,NON,write-in,26
Stark,County Commissioner Stark - District 5,,NON,Jay Elkin,3852
Stark,County Commissioner Stark - District 5,,NON,write-in,32
Stark,"Director, Southwest Water Authority Dickinson",,NON,Larry Stang,2762
Stark,"Director, Southwest Water Authority Dickinson",,NON,write-in,15
Stark,Governor and Lt. Governor,,DEM,Ryan M Taylor & Ellen Chaffee,1368
Stark,Governor and Lt. Governor,,DEM,write-in,3
Stark,Governor and Lt. Governor,,LIB,Roland Riemers,9
Stark,Governor and Lt. Governor,,LIB,write-in,0
Stark,Governor and Lt. Governor,,REP,Jack Dalrymple & Drew Wrigley,3452
Stark,Governor and Lt. Governor,,REP,write-in,18
Stark,Governor and Lt. Governor Constitution,,CON,write-in,3
Stark,Initiated Constitutional Measure No. 2: Relating to Elimination of Property Taxes and Replacement of Lost Revenue.,,,No,3875
Stark,Initiated Constitutional Measure No. 2: Relating to Elimination of Property Taxes and Replacement of Lost Revenue.,,,Yes,1572
Stark,Initiated Constitutional Measure No. 3: Relating to Government Prohibited from Burdening the Exercise of Religious Liberty.,,,No,2679
Stark,Initiated Constitutional Measure No. 3: Relating to Government Prohibited from Burdening the Exercise of Religious Liberty.,,,Yes,2709
Stark,Insurance Commissioner,,DEM,Tom Potter,1288
Stark,Insurance Commissioner,,DEM,write-in,1
Stark,Insurance Commissioner,,LIB,write-in,0
Stark,Insurance Commissioner,,REP,Adam Hamm,3261
Stark,Insurance Commissioner,,REP,write-in,6
Stark,Insurance Commissioner Constitution,,CON,write-in,3
Stark,Judge of the District Court No. 1 Southwest,,NON,Zane Anderson,3804
Stark,Judge of the District Court No. 1 Southwest,,NON,write-in,16
Stark,Judge of the District Court No. 3 Southwest,,NON,Dann Greenwood,2739
Stark,Judge of the District Court No. 3 Southwest,,NON,Kevin McCabe,801
Stark,Judge of the District Court No. 3 Southwest,,NON,Tom M Henning,1066
Stark,Judge of the District Court No. 3 Southwest,,NON,write-in,4
Stark,Justice of the Supreme Court,,NON,Daniel J Crothers,3640
Stark,Justice of the Supreme Court,,NON,write-in,10
Stark,Mayor South Heart,,NON,Floyd R Hurt,57
Stark,Mayor South Heart,,NON,write-in,6
Stark,Mayor Taylor,,NON,write-in,71
Stark,Park Board Commissioner Dickinson Park,,NON,Carol Herauf,2540
Stark,Park Board Commissioner Dickinson Park,,NON,Howard Sharpe,2267
Stark,Park Board Commissioner Dickinson Park,,NON,write-in,15
Stark,Park Board Commissioner Richardton Park,,NON,write-in,74
Stark,Park Board Commissioner South Heart Park,,NON,write-in,44
Stark,Park Board Member Belfield Park,,NON,Angela Haverluk,158
Stark,Park Board Member Belfield Park,,NON,Melissa Schmidt,131
Stark,Park Board Member Belfield Park,,NON,write-in,39
Stark,Park Board Member Gladstone Park,,NON,Lillian Bondell,31
Stark,Park Board Member Gladstone Park,,NON,write-in,39
Stark,Park Board Member Unexpired Two Year Term Belfield Park,,NON,write-in,28
Stark,Park Board Member Unexpired Two Year Term Gladstone Park,,NON,write-in,20
Stark,Public Service Commissioner,,DEM,Brad Crabtree,1298
Stark,Public Service Commissioner,,DEM,write-in,0
Stark,Public Service Commissioner,,LIB,Joshua Voytek,9
Stark,Public Service Commissioner,,LIB,write-in,0
Stark,Public Service Commissioner,,REP,Randy Christmann,3228
Stark,Public Service Commissioner,,REP,write-in,6
Stark,Public Service Commissioner Constitution,,CON,write-in,3
Stark,Referendum Measure No. 4: Relating to University of North Dakota Athletic Nickname and Logo.,,,No,1872
Stark,Referendum Measure No. 4: Relating to University of North Dakota Athletic Nickname and Logo.,,,Yes,3430
Stark,Representative in Congress Constitution,,CON,write-in,3
Stark,School Board Member (former Richardton School District) Richardton/Taylor School,,NON,Shannon Goetz,186
Stark,School Board Member (former Richardton School District) Richardton/Taylor School,,NON,Travis Christensen,159
Stark,School Board Member (former Richardton School District) Richardton/Taylor School,,NON,write-in,15
Stark,School Board Member (former Taylor School District) Richardton/Taylor School,,NON,write-in,128
Stark,School Board Member Dickinson School,,NON,Kris Fehr,2769
Stark,School Board Member Dickinson School,,NON,Leslie Ross,2774
Stark,School Board Member Dickinson School,,NON,write-in,32
Stark,School Board Member Rural Belfield School,,NON,write-in,61
Stark,School Board Member South Heart School,,NON,Bonnie Goldsberry,177
Stark,School Board Member South Heart School,,NON,write-in,19
Stark,School Board Member at Large Belfield School,,NON,write-in,44
Stark,School District Measure 1 Richardton/Taylor,,,No,111
Stark,School District Measure 1 Richardton/Taylor,,,Yes,304
Stark,State Auditor,,DEM,Scot Kelsh,1300
Stark,State Auditor,,DEM,write-in,1
Stark,State Auditor,,LIB,write-in,0
Stark,State Auditor,,REP,Robert R (Bob) Peterson,3264
Stark,State Auditor,,REP,write-in,5
Stark,State Auditor Constitution,,CON,write-in,3
Stark,State House,36,DEM,Bev Berger,422
Stark,State House,36,DEM,Shirley Meyer,537
Stark,State House,36,DEM,write-in,0
Stark,State House,36,LIB,write-in,0
Stark,State House,36,REP,Alan Fehr,937
Stark,State House,36,REP,Mike Schatz,1244
Stark,State House,36,REP,write-in,8
Stark,State Representative District 36 Constitution,,CON,write-in,3
Stark,State Senate,36,DEM,Rich Brauhn,533
Stark,State Senate,36,DEM,write-in,0
Stark,State Senate,36,LIB,write-in,0
Stark,State Senate,36,REP,Kelly Armstrong,1440
Stark,State Senate,36,REP,write-in,5
Stark,State Senator District 36 Constitution,,CON,write-in,2
Stark,State Treasurer,,DEM,Ross Mushik,1270
Stark,State Treasurer,,DEM,write-in,2
Stark,State Treasurer,,LIB,write-in,0
Stark,State Treasurer,,REP,Kelly Schmidt,3237
Stark,State Treasurer,,REP,write-in,5
Stark,State Treasurer Constitution,,CON,write-in,3
Stark,Superintendent of Public Instruction,,NON,Kirsten Baesler,1635
Stark,Superintendent of Public Instruction,,NON,Max Laird,1021
Stark,Superintendent of Public Instruction,,NON,Tracy Potter,1346
Stark,Superintendent of Public Instruction,,NON,write-in,11
Stark,U.S. House,1,DEM,Pam Gulleson,1319
Stark,U.S. House,1,DEM,write-in,2
Stark,U.S. House,1,LIB,Eric Olson,10
Stark,U.S. House,1,LIB,write-in,0
Stark,U.S. House,1,REP,Brian P Kalk,1257
Stark,U.S. House,1,REP,Kevin Cramer,2299
Stark,U.S. House,1,REP,write-in,6
Stark,U.S. Senate,,DEM,Heidi Heitkamp,1501
Stark,U.S. Senate,,DEM,write-in,3
Stark,U.S. Senate,,LIB,write-in,2
Stark,U.S. Senate,,REP,Duane Sand,1002
Stark,U.S. Senate,,REP,Rick Berg,2642
Stark,U.S. Senate,,REP,write-in,2
Stark,United States Senator Constitution,,CON,write-in,3
Steele,City Measure 1 Finley,,,No,15
Steele,City Measure 1 Finley,,,Yes,158
Steele,City Measure 2 Finley,,,No,73
Steele,City Measure 2 Finley,,,Yes,101
Steele,City Measure 3 Finley,,,No,76
Steele,City Measure 3 Finley,,,Yes,95
Steele,Constitutional Measure No. 1: Legislative Assembly Appointments.,,,No,310
Steele,Constitutional Measure No. 1: Legislative Assembly Appointments.,,,Yes,373
Steele,Council Member Finley,,NON,Brian Tuite,130
Steele,Council Member Finley,,NON,Todd Borth,133
Steele,Council Member Finley,,NON,write-in,16
Steele,County Commissioner Steele - District 2,,NON,Lance Fugleberg,115
Steele,County Commissioner Steele - District 2,,NON,write-in,22
Steele,County Commissioner Steele - District 4,,NON,Randy Richards,74
Steele,County Commissioner Steele - District 4,,NON,write-in,8
Steele,"Director, Garrison Diversion Conservancy Steele",,NON,write-in,47
Steele,Governor and Lt. Governor,,DEM,Ryan M Taylor & Ellen Chaffee,297
Steele,Governor and Lt. Governor,,DEM,write-in,2
Steele,Governor and Lt. Governor,,LIB,Roland Riemers,1
Steele,Governor and Lt. Governor,,LIB,write-in,0
Steele,Governor and Lt. Governor,,REP,Jack Dalrymple & Drew Wrigley,341
Steele,Governor and Lt. Governor,,REP,write-in,1
Steele,Governor and Lt. Governor Constitution,,CON,write-in,0
Steele,Initiated Constitutional Measure No. 2: Relating to Elimination of Property Taxes and Replacement of Lost Revenue.,,,No,657
Steele,Initiated Constitutional Measure No. 2: Relating to Elimination of Property Taxes and Replacement of Lost Revenue.,,,Yes,91
Steele,Initiated Constitutional Measure No. 3: Relating to Government Prohibited from Burdening the Exercise of Religious Liberty.,,,No,468
Steele,Initiated Constitutional Measure No. 3: Relating to Government Prohibited from Burdening the Exercise of Religious Liberty.,,,Yes,236
Steele,Insurance Commissioner,,DEM,Tom Potter,289
Steele,Insurance Commissioner,,DEM,write-in,0
Steele,Insurance Commissioner,,LIB,write-in,0
Steele,Insurance Commissioner,,REP,Adam Hamm,326
Steele,Insurance Commissioner,,REP,write-in,0
Steele,Insurance Commissioner Constitution,,CON,write-in,0
Steele,Judge of the District Court No. 6 Unexpired Term East Central,,NON,Lisa Fair McEvers,394
Steele,Judge of the District Court No. 6 Unexpired Term East Central,,NON,write-in,1
Steele,Judge of the District Court No. 8 East Central,,NON,John C Irby,480
Steele,Judge of the District Court No. 8 East Central,,NON,write-in,1
Steele,Justice of the Supreme Court,,NON,Daniel J Crothers,392
Steele,Justice of the Supreme Court,,NON,write-in,1
Steele,Municipal Judge Finley,,NON,Thomas R. Moe,144
Steele,Municipal Judge Finley,,NON,write-in,2
Steele,Park Board Member Finley Park,,NON,Jacob Klosner,148
Steele,Park Board Member Finley Park,,NON,Reed L Oien,82
Steele,Park Board Member Finley Park,,NON,write-in,31
Steele,Public Service Commissioner,,DEM,Brad Crabtree,291
Steele,Public Service Commissioner,,DEM,write-in,0
Steele,Public Service Commissioner,,LIB,Joshua Voytek,2
Steele,Public Service Commissioner,,LIB,write-in,0
Steele,Public Service Commissioner,,REP,Randy Christmann,323
Steele,Public Service Commissioner,,REP,write-in,2
Steele,Public Service Commissioner Constitution,,CON,write-in,0
Steele,Referendum Measure No. 4: Relating to University of North Dakota Athletic Nickname and Logo.,,,No,237
Steele,Referendum Measure No. 4: Relating to University of North Dakota Athletic Nickname and Logo.,,,Yes,479
Steele,Representative in Congress Constitution,,CON,write-in,0
Steele,State Auditor,,DEM,Scot Kelsh,292
Steele,State Auditor,,DEM,write-in,0
Steele,State Auditor,,LIB,write-in,0
Steele,State Auditor,,REP,Robert R (Bob) Peterson,326
Steele,State Auditor,,REP,write-in,0
Steele,State Auditor Constitution,,CON,write-in,0
Steele,State Treasurer,,DEM,Ross Mushik,282
Steele,State Treasurer,,DEM,write-in,0
Steele,State Treasurer,,LIB,write-in,0
Steele,State Treasurer,,REP,Kelly Schmidt,329
Steele,State Treasurer,,REP,write-in,1
Steele,State Treasurer Constitution,,CON,write-in,0
Steele,Superintendent of Public Instruction,,NON,Kirsten Baesler,211
Steele,Superintendent of Public Instruction,,NON,Max Laird,117
Steele,Superintendent of Public Instruction,,NON,Tracy Potter,121
Steele,Superintendent of Public Instruction,,NON,write-in,1
Steele,U.S. House,1,DEM,Pam Gulleson,289
Steele,U.S. House,1,DEM,write-in,0
Steele,U.S. House,1,LIB,Eric Olson,1
Steele,U.S. House,1,LIB,write-in,1
Steele,U.S. House,1,REP,Brian P Kalk,194
Steele,U.S. House,1,REP,Kevin Cramer,176
Steele,U.S. House,1,REP,write-in,0
Steele,U.S. Senate,,DEM,Heidi Heitkamp,329
Steele,U.S. Senate,,DEM,write-in,0
Steele,U.S. Senate,,LIB,write-in,1
Steele,U.S. Senate,,REP,Duane Sand,123
Steele,U.S. Senate,,REP,Rick Berg,252
Steele,U.S. Senate,,REP,write-in,0
Steele,United States Senator Constitution,,CON,write-in,0
Stutsman,Constitutional Measure No. 1: Legislative Assembly Appointments.,,,No,2046
Stutsman,Constitutional Measure No. 1: Legislative Assembly Appointments.,,,Yes,2607
Stutsman,Council Member Jamestown,,NON,Charlie Kourajian,1970
Stutsman,Council Member Jamestown,,NON,Dan Buchanan,1461
Stutsman,Council Member Jamestown,,NON,Jacqueline Dotzenrod,910
Stutsman,Council Member Jamestown,,NON,Jodie J Mjoen,1321
Stutsman,Council Member Jamestown,,NON,Samuel Upton,1097
Stutsman,Council Member Jamestown,,NON,Steve Brubakken,2018
Stutsman,Council Member Jamestown,,NON,write-in,9
Stutsman,County Commissioner Stutsman,,NON,Dave Orr,1998
Stutsman,County Commissioner Stutsman,,NON,David Schwartz,2113
Stutsman,County Commissioner Stutsman,,NON,Mark T Klose,2789
Stutsman,County Commissioner Stutsman,,NON,Nellie Degen,1377
Stutsman,County Commissioner Stutsman,,NON,write-in,15
Stutsman,Governor and Lt. Governor,,DEM,Ryan M Taylor & Ellen Chaffee,1473
Stutsman,Governor and Lt. Governor,,DEM,write-in,40
Stutsman,Governor and Lt. Governor,,LIB,Roland Riemers,12
Stutsman,Governor and Lt. Governor,,LIB,write-in,0
Stutsman,Governor and Lt. Governor,,REP,Jack Dalrymple & Drew Wrigley,2711
Stutsman,Governor and Lt. Governor,,REP,write-in,32
Stutsman,Governor and Lt. Governor Constitution,,CON,write-in,0
Stutsman,Initiated Constitutional Measure No. 2: Relating to Elimination of Property Taxes and Replacement of Lost Revenue.,,,No,4035
Stutsman,Initiated Constitutional Measure No. 2: Relating to Elimination of Property Taxes and Replacement of Lost Revenue.,,,Yes,1013
Stutsman,Initiated Constitutional Measure No. 3: Relating to Government Prohibited from Burdening the Exercise of Religious Liberty.,,,No,3314
Stutsman,Initiated Constitutional Measure No. 3: Relating to Government Prohibited from Burdening the Exercise of Religious Liberty.,,,Yes,1627
Stutsman,Insurance Commissioner,,DEM,Tom Potter,1447
Stutsman,Insurance Commissioner,,DEM,write-in,3
Stutsman,Insurance Commissioner,,LIB,write-in,1
Stutsman,Insurance Commissioner,,REP,Adam Hamm,2555
Stutsman,Insurance Commissioner,,REP,write-in,5
Stutsman,Insurance Commissioner Constitution,,CON,write-in,0
Stutsman,Judge of the District Court No. 10 Unexpired Term Southeast,,NON,Thomas E Merrick,3698
Stutsman,Judge of the District Court No. 10 Unexpired Term Southeast,,NON,write-in,15
Stutsman,Judge of the District Court No. 8 Southeast,,NON,Brad Cruff,2401
Stutsman,Judge of the District Court No. 8 Southeast,,NON,Richard W Grosz,1222
Stutsman,Judge of the District Court No. 8 Southeast,,NON,write-in,5
Stutsman,Judge of the District Court No. 9 Southeast,,NON,John E Greenwood,3872
Stutsman,Judge of the District Court No. 9 Southeast,,NON,write-in,15
Stutsman,Justice of the Supreme Court,,NON,Daniel J Crothers,2692
Stutsman,Justice of the Supreme Court,,NON,write-in,10
Stutsman,Park Board Commissioner Jamestown Park,,NON,Mark A Ukestad,2633
Stutsman,Park Board Commissioner Jamestown Park,,NON,Ron Olson,2223
Stutsman,Park Board Commissioner Jamestown Park,,NON,write-in,8
Stutsman,Public Service Commissioner,,DEM,Brad Crabtree,1479
Stutsman,Public Service Commissioner,,DEM,write-in,3
Stutsman,Public Service Commissioner,,LIB,Joshua Voytek,13
Stutsman,Public Service Commissioner,,LIB,write-in,0
Stutsman,Public Service Commissioner,,REP,Randy Christmann,2471
Stutsman,Public Service Commissioner,,REP,write-in,3
Stutsman,Public Service Commissioner Constitution,,CON,write-in,0
Stutsman,Publication of City Governing Body Minutes Jamestown,,,No,381
Stutsman,Publication of City Governing Body Minutes Jamestown,,,Yes,3048
Stutsman,Referendum Measure No. 4: Relating to University of North Dakota Athletic Nickname and Logo.,,,No,1948
Stutsman,Referendum Measure No. 4: Relating to University of North Dakota Athletic Nickname and Logo.,,,Yes,2987
Stutsman,Representative in Congress Constitution,,CON,write-in,0
Stutsman,School Board Member Jamestown School Dist #1,,NON,Diane Hanson,2777
Stutsman,School Board Member Jamestown School Dist #1,,NON,Dina Laskowski,2248
Stutsman,School Board Member Jamestown School Dist #1,,NON,Gail Martin,2319
Stutsman,School Board Member Jamestown School Dist #1,,NON,Melissa Gleason,1649
Stutsman,School Board Member Jamestown School Dist #1,,NON,Roger Haut,2535
Stutsman,School Board Member Jamestown School Dist #1,,NON,"Terence ""Terry"" Anderson",1952
Stutsman,School Board Member Jamestown School Dist #1,,NON,write-in,51
Stutsman,School District Measure 1 Jamestown School Dist #1,,,No,499
Stutsman,School District Measure 1 Jamestown School Dist #1,,,Yes,3517
Stutsman,State Auditor,,DEM,Scot Kelsh,1457
Stutsman,State Auditor,,DEM,write-in,1
Stutsman,State Auditor,,LIB,write-in,1
Stutsman,State Auditor,,REP,Robert R (Bob) Peterson,2502
Stutsman,State Auditor,,REP,write-in,3
Stutsman,State Auditor Constitution,,CON,write-in,0
Stutsman,State House,12,DEM,Jessica Haak,860
Stutsman,State House,12,DEM,Lyle Hanson,923
Stutsman,State House,12,DEM,write-in,1
Stutsman,State House,12,LIB,write-in,2
Stutsman,State House,12,REP,Alex Looysen,1270
Stutsman,State House,12,REP,Kenneth (Ken) Hall,1202
Stutsman,State House,12,REP,write-in,7
Stutsman,State Representative District 12 Constitution,,CON,write-in,0
Stutsman,State Senate,12,DEM,John Grabinger,1009
Stutsman,State Senate,12,DEM,write-in,2
Stutsman,State Senate,12,LIB,write-in,1
Stutsman,State Senate,12,REP,Bernie Satrom,1069
Stutsman,State Senate,12,REP,Dwaine Heinrich,828
Stutsman,State Senate,12,REP,write-in,0
Stutsman,State Senator District 12 Constitution,,CON,write-in,0
Stutsman,State Treasurer,,DEM,Ross Mushik,1439
Stutsman,State Treasurer,,DEM,write-in,2
Stutsman,State Treasurer,,LIB,write-in,1
Stutsman,State Treasurer,,REP,Kelly Schmidt,2487
Stutsman,State Treasurer,,REP,write-in,3
Stutsman,State Treasurer Constitution,,CON,write-in,0
Stutsman,Superintendent of Public Instruction,,NON,Kirsten Baesler,941
Stutsman,Superintendent of Public Instruction,,NON,Max Laird,1065
Stutsman,Superintendent of Public Instruction,,NON,Tracy Potter,1025
Stutsman,Superintendent of Public Instruction,,NON,write-in,8
Stutsman,U.S. House,1,DEM,Pam Gulleson,1532
Stutsman,U.S. House,1,DEM,write-in,2
Stutsman,U.S. House,1,LIB,Eric Olson,15
Stutsman,U.S. House,1,LIB,write-in,0
Stutsman,U.S. House,1,REP,Brian P Kalk,1324
Stutsman,U.S. House,1,REP,Kevin Cramer,1537
Stutsman,U.S. House,1,REP,write-in,1
Stutsman,U.S. Senate,,DEM,Heidi Heitkamp,1734
Stutsman,U.S. Senate,,DEM,write-in,2
Stutsman,U.S. Senate,,LIB,write-in,1
Stutsman,U.S. Senate,,REP,Duane Sand,1161
Stutsman,U.S. Senate,,REP,Rick Berg,1799
Stutsman,U.S. Senate,,REP,write-in,3
Stutsman,United States Senator Constitution,,CON,write-in,0
Towner,CITY MEASURE 1 Cando,,,No,23
Towner,CITY MEASURE 1 Cando,,,Yes,413
Towner,Constitutional Measure No. 1: Legislative Assembly Appointments.,,,No,281
Towner,Constitutional Measure No. 1: Legislative Assembly Appointments.,,,Yes,483
Towner,Council Member Cando,,NON,Chad Staus,154
Towner,Council Member Cando,,NON,Charles (Chuck) Wilson,262
Towner,Council Member Cando,,NON,Dean Borstad,299
Towner,Council Member Cando,,NON,Lori Dunham,321
Towner,Council Member Cando,,NON,Paige Sullivan,128
Towner,Council Member Cando,,NON,write-in,11
Towner,County Commissioner #DistrictName# Towner - District 1,,NON,Mike Weisz,682
Towner,County Commissioner #DistrictName# Towner - District 1,,NON,write-in,12
Towner,County Commissioner #DistrictName# Towner - District 3,,NON,Ken Teubner,567
Towner,County Commissioner #DistrictName# Towner - District 3,,NON,write-in,49
Towner,County Commissioner #DistrictName# Towner - District 5,,NON,Scott Boe,656
Towner,County Commissioner #DistrictName# Towner - District 5,,NON,write-in,12
Towner,Governor and Lt. Governor,,DEM,Ryan M Taylor & Ellen Chaffee,300
Towner,Governor and Lt. Governor,,DEM,write-in,0
Towner,Governor and Lt. Governor,,LIB,Roland Riemers,2
Towner,Governor and Lt. Governor,,LIB,write-in,0
Towner,Governor and Lt. Governor,,REP,Jack Dalrymple & Drew Wrigley,421
Towner,Governor and Lt. Governor,,REP,write-in,1
Towner,Governor and Lt. Governor Constitution,,CON,write-in,0
Towner,Initiated Constitutional Measure No. 2: Relating to Elimination of Property Taxes and Replacement of Lost Revenue.,,,No,762
Towner,Initiated Constitutional Measure No. 2: Relating to Elimination of Property Taxes and Replacement of Lost Revenue.,,,Yes,99
Towner,Initiated Constitutional Measure No. 3: Relating to Government Prohibited from Burdening the Exercise of Religious Liberty.,,,No,482
Towner,Initiated Constitutional Measure No. 3: Relating to Government Prohibited from Burdening the Exercise of Religious Liberty.,,,Yes,327
Towner,Insurance Commissioner,,DEM,Tom Potter,285
Towner,Insurance Commissioner,,DEM,write-in,0
Towner,Insurance Commissioner,,LIB,write-in,0
Towner,Insurance Commissioner,,REP,Adam Hamm,397
Towner,Insurance Commissioner,,REP,write-in,4
Towner,Insurance Commissioner Constitution,,CON,write-in,0
Towner,Judge of the District Court No. 6 Northeast,,NON,M Richard Geiger,593
Towner,Judge of the District Court No. 6 Northeast,,NON,write-in,2
Towner,Judge of the District Court No. 7 Northeast,,NON,John C McClintock Jr,597
Towner,Judge of the District Court No. 7 Northeast,,NON,write-in,1
Towner,Justice of the Supreme Court,,NON,Daniel J Crothers,449
Towner,Justice of the Supreme Court,,NON,write-in,2
Towner,Park Board Member Cando Park,,NON,Patrick J Freund,378
Towner,Park Board Member Cando Park,,NON,write-in,42
Towner,Public Service Commissioner,,DEM,Brad Crabtree,285
Towner,Public Service Commissioner,,DEM,write-in,0
Towner,Public Service Commissioner,,LIB,Joshua Voytek,2
Towner,Public Service Commissioner,,LIB,write-in,0
Towner,Public Service Commissioner,,REP,Randy Christmann,393
Towner,Public Service Commissioner,,REP,write-in,1
Towner,Public Service Commissioner Constitution,,CON,write-in,0
Towner,Referendum Measure No. 4: Relating to University of North Dakota Athletic Nickname and Logo.,,,No,278
Towner,Referendum Measure No. 4: Relating to University of North Dakota Athletic Nickname and Logo.,,,Yes,567
Towner,Representative in Congress Constitution,,CON,write-in,0
Towner,State Auditor,,DEM,Scot Kelsh,283
Towner,State Auditor,,DEM,write-in,1
Towner,State Auditor,,LIB,write-in,0
Towner,State Auditor,,REP,Robert R (Bob) Peterson,394
Towner,State Auditor,,REP,write-in,0
Towner,State Auditor Constitution,,CON,write-in,0
Towner,State Treasurer,,DEM,Ross Mushik,278
Towner,State Treasurer,,DEM,write-in,2
Towner,State Treasurer,,LIB,write-in,0
Towner,State Treasurer,,REP,Kelly Schmidt,398
Towner,State Treasurer,,REP,write-in,0
Towner,State Treasurer Constitution,,CON,write-in,0
Towner,Superintendent of Public Instruction,,NON,Kirsten Baesler,192
Towner,Superintendent of Public Instruction,,NON,Max Laird,161
Towner,Superintendent of Public Instruction,,NON,Tracy Potter,149
Towner,Superintendent of Public Instruction,,NON,write-in,2
Towner,U.S. House,1,DEM,Pam Gulleson,282
Towner,U.S. House,1,DEM,write-in,1
Towner,U.S. House,1,LIB,Eric Olson,2
Towner,U.S. House,1,LIB,write-in,0
Towner,U.S. House,1,REP,Brian P Kalk,179
Towner,U.S. House,1,REP,Kevin Cramer,274
Towner,U.S. House,1,REP,write-in,1
Towner,U.S. Senate,,DEM,Heidi Heitkamp,319
Towner,U.S. Senate,,DEM,write-in,1
Towner,U.S. Senate,,LIB,write-in,0
Towner,U.S. Senate,,REP,Duane Sand,171
Towner,U.S. Senate,,REP,Rick Berg,290
Towner,U.S. Senate,,REP,write-in,0
Towner,United States Senator Constitution,,CON,write-in,0
Traill,ADVISORY VOTE 1 Mayville,,,No,224
Traill,ADVISORY VOTE 1 Mayville,,,Yes,241
Traill,CITY MEASURE 1 Buxton,,,No,14
Traill,CITY MEASURE 1 Buxton,,,Yes,81
Traill,CITY MEASURE 1 Clifford,,,No,6
Traill,CITY MEASURE 1 Clifford,,,Yes,8
Traill,CITY MEASURE 1 Galesburg,,,No,11
Traill,CITY MEASURE 1 Galesburg,,,Yes,24
Traill,CITY MEASURE 1 Hatton,,,No,6
Traill,CITY MEASURE 1 Hatton,,,Yes,156
Traill,CITY MEASURE 1 Hillsboro,,,No,42
Traill,CITY MEASURE 1 Hillsboro,,,Yes,446
Traill,CITY MEASURE 1 Mayville,,,No,23
Traill,CITY MEASURE 1 Mayville,,,Yes,460
Traill,CITY MEASURE 1 Portland,,,No,11
Traill,CITY MEASURE 1 Portland,,,Yes,178
Traill,CITY MEASURE 1 Reynolds,,,No,9
Traill,CITY MEASURE 1 Reynolds,,,Yes,32
Traill,CITY MEASURE 2 Hatton,,,No,64
Traill,CITY MEASURE 2 Hatton,,,Yes,91
Traill,CITY MEASURE 2 Mayville,,,No,200
Traill,CITY MEASURE 2 Mayville,,,Yes,278
Traill,City Council Alderman Mayville,,NON,Kim Meshefski,350
Traill,City Council Alderman Mayville,,NON,Mervin D Carlson,346
Traill,City Council Alderman Mayville,,NON,write-in,200
Traill,City Council Alderman Portland,,NON,Heather Sanders,162
Traill,City Council Alderman Portland,,NON,write-in,32
Traill,Commissioner Hillsboro,,NON,John F Wright,215
Traill,Commissioner Hillsboro,,NON,Julie Nelson,75
Traill,Commissioner Hillsboro,,NON,Lorraine Tibert,298
Traill,Commissioner Hillsboro,,NON,Mike Kress,316
Traill,Commissioner Hillsboro,,NON,write-in,1
Traill,Constitutional Measure No. 1: Legislative Assembly Appointments.,,,No,868
Traill,Constitutional Measure No. 1: Legislative Assembly Appointments.,,,Yes,1348
Traill,Council Member Buxton,,NON,Bruce Otteson,56
Traill,Council Member Buxton,,NON,Jeff Siewert,54
Traill,Council Member Buxton,,NON,Lorry Waslien,41
Traill,Council Member Buxton,,NON,Rhea Benning,30
Traill,Council Member Buxton,,NON,write-in,0
Traill,Council Member Clifford,,NON,write-in,20
Traill,Council Member Galesburg,,NON,write-in,58
Traill,Council Member Hatton,,NON,Kim Ostlie,121
Traill,Council Member Hatton,,NON,Mark Duncan,133
Traill,Council Member Hatton,,NON,Scott Phipps,133
Traill,Council Member Hatton,,NON,write-in,10
Traill,Council Member Reynolds,,NON,Jeff Moen,24
Traill,Council Member Reynolds,,NON,Jeff Syverson,36
Traill,Council Member Reynolds,,NON,write-in,7
Traill,County Commissioner Traill - District 2,,NON,Barry L Grothmann,56
Traill,County Commissioner Traill - District 2,,NON,Kurt Elliott,479
Traill,County Commissioner Traill - District 2,,NON,write-in,2
Traill,County Commissioner Traill - District 4,,NON,Steven J Larson,299
Traill,County Commissioner Traill - District 4,,NON,write-in,4
Traill,County Commissioner Unexpired 2 Year Term Traill - District 5,,NON,Leslie (Les) Amb,360
Traill,County Commissioner Unexpired 2 Year Term Traill - District 5,,NON,write-in,3
Traill,Governor and Lt. Governor,,DEM,Ryan M Taylor & Ellen Chaffee,1035
Traill,Governor and Lt. Governor,,DEM,write-in,0
Traill,Governor and Lt. Governor,,LIB,Roland Riemers,4
Traill,Governor and Lt. Governor,,LIB,write-in,0
Traill,Governor and Lt. Governor,,REP,Jack Dalrymple & Drew Wrigley,1035
Traill,Governor and Lt. Governor,,REP,write-in,1
Traill,Governor and Lt. Governor Constitution,,CON,write-in,0
Traill,Initiated Constitutional Measure No. 2: Relating to Elimination of Property Taxes and Replacement of Lost Revenue.,,,No,2052
Traill,Initiated Constitutional Measure No. 2: Relating to Elimination of Property Taxes and Replacement of Lost Revenue.,,,Yes,381
Traill,Initiated Constitutional Measure No. 3: Relating to Government Prohibited from Burdening the Exercise of Religious Liberty.,,,No,1625
Traill,Initiated Constitutional Measure No. 3: Relating to Government Prohibited from Burdening the Exercise of Religious Liberty.,,,Yes,708
Traill,Insurance Commissioner,,DEM,Tom Potter,989
Traill,Insurance Commissioner,,DEM,write-in,1
Traill,Insurance Commissioner,,LIB,write-in,0
Traill,Insurance Commissioner,,REP,Adam Hamm,1000
Traill,Insurance Commissioner,,REP,write-in,2
Traill,Insurance Commissioner Constitution,,CON,write-in,0
Traill,Judge of the District Court No. 6 Unexpired Term East Central,,NON,Lisa Fair McEvers,1778
Traill,Judge of the District Court No. 6 Unexpired Term East Central,,NON,write-in,2
Traill,Judge of the District Court No. 8 East Central,,NON,John C Irby,1759
Traill,Judge of the District Court No. 8 East Central,,NON,write-in,3
Traill,Justice of the Supreme Court,,NON,Daniel J Crothers,1781
Traill,Justice of the Supreme Court,,NON,write-in,2
Traill,Mayor Buxton,,NON,Gene Rosholt,67
Traill,Mayor Buxton,,NON,write-in,24
Traill,Mayor Portland,,NON,Sven Mickels,153
Traill,Mayor Portland,,NON,write-in,21
Traill,Municipal Judge Portland,,NON,Karter Krogh,177
Traill,Municipal Judge Portland,,NON,write-in,2
Traill,Park Board Commissioner Portland Park,,NON,Jackie Ulrich,151
Traill,Park Board Commissioner Portland Park,,NON,John Peterson,159
Traill,Park Board Commissioner Portland Park,,NON,Julie Winger,162
Traill,Park Board Commissioner Portland Park,,NON,write-in,6
Traill,Park Board Member Galesburg Park,,NON,write-in,59
Traill,Park Board Member Hatton Park,,NON,David Anderson,139
Traill,Park Board Member Hatton Park,,NON,Jeffery S Foss,136
Traill,Park Board Member Hatton Park,,NON,write-in,3
Traill,Park Board Member Hillsboro Park,,NON,Martin Iverson,377
Traill,Park Board Member Hillsboro Park,,NON,Ray Weber,394
Traill,Park Board Member Hillsboro Park,,NON,write-in,7
Traill,Park Board Member Mayville Park,,NON,Albert Koshney,330
Traill,Park Board Member Mayville Park,,NON,Brian Aune,376
Traill,Park Board Member Mayville Park,,NON,Joni K Lorenz,381
Traill,Park Board Member Mayville Park,,NON,write-in,8
Traill,Public Service Commissioner,,DEM,Brad Crabtree,998
Traill,Public Service Commissioner,,DEM,write-in,2
Traill,Public Service Commissioner,,LIB,Joshua Voytek,5
Traill,Public Service Commissioner,,LIB,write-in,0
Traill,Public Service Commissioner,,REP,Randy Christmann,982
Traill,Public Service Commissioner,,REP,write-in,1
Traill,Public Service Commissioner Constitution,,CON,write-in,0
Traill,Referendum Measure No. 4: Relating to University of North Dakota Athletic Nickname and Logo.,,,No,740
Traill,Referendum Measure No. 4: Relating to University of North Dakota Athletic Nickname and Logo.,,,Yes,1651
Traill,Representative in Congress Constitution,,CON,write-in,0
Traill,School Board Member at Large Hillsboro School,,NON,Michael Anderson,255
Traill,School Board Member at Large Hillsboro School,,NON,Stacey Riemer,649
Traill,School Board Member at Large Hillsboro School,,NON,Tracy Buzick,449
Traill,School Board Member at Large Hillsboro School,,NON,write-in,3
Traill,State Auditor,,DEM,Scot Kelsh,1003
Traill,State Auditor,,DEM,write-in,0
Traill,State Auditor,,LIB,write-in,0
Traill,State Auditor,,REP,Robert R (Bob) Peterson,997
Traill,State Auditor,,REP,write-in,2
Traill,State Auditor Constitution,,CON,write-in,0
Traill,State House,20,DEM,Gail Mooney,872
Traill,State House,20,DEM,Rick Holman,970
Traill,State House,20,DEM,write-in,4
Traill,State House,20,LIB,write-in,0
Traill,State House,20,REP,write-in,85
Traill,State Representative District 20 Constitution,,CON,write-in,0
Traill,State Senate,20,DEM,Phil Murphy,1048
Traill,State Senate,20,DEM,write-in,2
Traill,State Senate,20,LIB,write-in,1
Traill,State Senate,20,REP,write-in,230
Traill,State Senator District 20 Constitution,,CON,write-in,0
Traill,State Treasurer,,DEM,Ross Mushik,994
Traill,State Treasurer,,DEM,write-in,0
Traill,State Treasurer,,LIB,write-in,0
Traill,State Treasurer,,REP,Kelly Schmidt,994
Traill,State Treasurer,,REP,write-in,1
Traill,State Treasurer Constitution,,CON,write-in,0
Traill,Superintendent of Public Instruction,,NON,Kirsten Baesler,613
Traill,Superintendent of Public Instruction,,NON,Max Laird,439
Traill,Superintendent of Public Instruction,,NON,Tracy Potter,430
Traill,Superintendent of Public Instruction,,NON,write-in,3
Traill,U.S. House,1,DEM,Pam Gulleson,1018
Traill,U.S. House,1,DEM,write-in,0
Traill,U.S. House,1,LIB,Eric Olson,4
Traill,U.S. House,1,LIB,write-in,0
Traill,U.S. House,1,REP,Brian P Kalk,561
Traill,U.S. House,1,REP,Kevin Cramer,522
Traill,U.S. House,1,REP,write-in,1
Traill,U.S. Senate,,DEM,Heidi Heitkamp,1098
Traill,U.S. Senate,,DEM,write-in,0
Traill,U.S. Senate,,LIB,write-in,0
Traill,U.S. Senate,,REP,Duane Sand,384
Traill,U.S. Senate,,REP,Rick Berg,731
Traill,U.S. Senate,,REP,write-in,1
Traill,United States Senator Constitution,,CON,write-in,0
Walsh,City Measure 1 Adams,,,No,27
Walsh,City Measure 1 Adams,,,Yes,25
Walsh,City Measure 1 Edinburg,,,No,34
Walsh,City Measure 1 Edinburg,,,Yes,53
Walsh,City Measure 1 Forest River,,,No,10
Walsh,City Measure 1 Forest River,,,Yes,15
Walsh,City Measure 1 Grafton,,,No,135
Walsh,City Measure 1 Grafton,,,Yes,880
Walsh,City Measure 1 Hoople,,,No,30
Walsh,City Measure 1 Hoople,,,Yes,36
Walsh,City Measure 1 Lankin,,,No,17
Walsh,City Measure 1 Lankin,,,Yes,27
Walsh,City Measure 1 Minto,,,No,16
Walsh,City Measure 1 Minto,,,Yes,168
Walsh,City Measure 1 Park River,,,No,43
Walsh,City Measure 1 Park River,,,Yes,400
Walsh,City Measure 2 Park River,,,No,130
Walsh,City Measure 2 Park River,,,Yes,279
Walsh,City Measure 3 Park River,,,No,165
Walsh,City Measure 3 Park River,,,Yes,274
Walsh,Constitutional Measure No. 1: Legislative Assembly Appointments.,,,No,992
Walsh,Constitutional Measure No. 1: Legislative Assembly Appointments.,,,Yes,1928
Walsh,Council Member Adams,,NON,Pat Restad,42
Walsh,Council Member Adams,,NON,Richard Grove,33
Walsh,Council Member Adams,,NON,write-in,10
Walsh,Council Member Conway,,NON,write-in,11
Walsh,Council Member Edinburg,,NON,Dale Sondeland,86
Walsh,Council Member Edinburg,,NON,DuWayne Pewe,84
Walsh,Council Member Edinburg,,NON,write-in,2
Walsh,Council Member Fordville,,NON,Debra Pfannsmith,40
Walsh,Council Member Fordville,,NON,Grant Skibicki,49
Walsh,Council Member Fordville,,NON,write-in,6
Walsh,Council Member Forest River,,NON,Elaine McDonald,24
Walsh,Council Member Forest River,,NON,Harold Peugh,21
Walsh,Council Member Forest River,,NON,write-in,0
Walsh,Council Member Grafton Ward 1,,NON,Shane Mohn,145
Walsh,Council Member Grafton Ward 1,,NON,write-in,0
Walsh,Council Member Grafton Ward 2,,NON,Greg Young,80
Walsh,Council Member Grafton Ward 2,,NON,write-in,0
Walsh,Council Member Grafton Ward 3,,NON,write-in,8
Walsh,Council Member Grafton Ward 4,,NON,Don Hutson,145
Walsh,Council Member Grafton Ward 4,,NON,write-in,1
Walsh,Council Member Grafton Ward 5,,NON,"Leonard ""Len"" T Wysocki",323
Walsh,Council Member Grafton Ward 5,,NON,write-in,3
Walsh,Council Member Hoople,,NON,Aaron Larman,58
Walsh,Council Member Hoople,,NON,Brian Reilly,68
Walsh,Council Member Hoople,,NON,write-in,0
Walsh,Council Member Lankin,,NON,Carol Ondracek,42
Walsh,Council Member Lankin,,NON,Dennis Brodina,34
Walsh,Council Member Lankin,,NON,write-in,2
Walsh,Council Member Minto,,NON,Craig Nice,127
Walsh,Council Member Minto,,NON,Keith Shutt,103
Walsh,Council Member Minto,,NON,write-in,61
Walsh,Council Member Park River Ward 1,,NON,Keith Anderson,135
Walsh,Council Member Park River Ward 1,,NON,write-in,1
Walsh,Council Member Park River Ward 2,,NON,Robert H Lundquist III,117
Walsh,Council Member Park River Ward 2,,NON,write-in,1
Walsh,Council Member Park River Ward 3,,NON,Michael Lorton,89
Walsh,Council Member Park River Ward 3,,NON,write-in,1
Walsh,Council Member Pisek,,NON,Robert Rostvet,29
Walsh,Council Member Pisek,,NON,Terrance Peterka,25
Walsh,Council Member Pisek,,NON,write-in,4
Walsh,County Commissioner Walsh,,NON,Jack Karas,2030
Walsh,County Commissioner Walsh,,NON,Karen A Anderson,1520
Walsh,County Commissioner Walsh,,NON,Lawrence Burianek,1870
Walsh,County Commissioner Walsh,,NON,write-in,28
Walsh,Governor and Lt. Governor,,DEM,Ryan M Taylor & Ellen Chaffee,815
Walsh,Governor and Lt. Governor,,DEM,write-in,38
Walsh,Governor and Lt. Governor,,LIB,Roland Riemers,9
Walsh,Governor and Lt. Governor,,LIB,write-in,0
Walsh,Governor and Lt. Governor,,REP,Jack Dalrymple & Drew Wrigley,1813
Walsh,Governor and Lt. Governor,,REP,write-in,36
Walsh,Governor and Lt. Governor Constitution,,CON,write-in,0
Walsh,Initiated Constitutional Measure No. 2: Relating to Elimination of Property Taxes and Replacement of Lost Revenue.,,,No,2794
Walsh,Initiated Constitutional Measure No. 2: Relating to Elimination of Property Taxes and Replacement of Lost Revenue.,,,Yes,628
Walsh,Initiated Constitutional Measure No. 3: Relating to Government Prohibited from Burdening the Exercise of Religious Liberty.,,,No,1687
Walsh,Initiated Constitutional Measure No. 3: Relating to Government Prohibited from Burdening the Exercise of Religious Liberty.,,,Yes,1538
Walsh,Insurance Commissioner,,DEM,Tom Potter,849
Walsh,Insurance Commissioner,,DEM,write-in,1
Walsh,Insurance Commissioner,,LIB,write-in,0
Walsh,Insurance Commissioner,,REP,Adam Hamm,1735
Walsh,Insurance Commissioner,,REP,write-in,2
Walsh,Insurance Commissioner Constitution,,CON,write-in,0
Walsh,Judge of the District Court No. 6 Northeast,,NON,M Richard Geiger,2641
Walsh,Judge of the District Court No. 6 Northeast,,NON,write-in,15
Walsh,Judge of the District Court No. 7 Northeast,,NON,John C McClintock Jr,2305
Walsh,Judge of the District Court No. 7 Northeast,,NON,write-in,5
Walsh,Justice of the Supreme Court,,NON,Daniel J Crothers,2355
Walsh,Justice of the Supreme Court,,NON,write-in,6
Walsh,Mayor Adams,,NON,Kim Bylin,53
Walsh,Mayor Adams,,NON,write-in,1
Walsh,Mayor Conway,,NON,write-in,7
Walsh,Mayor Fordville,,NON,write-in,32
Walsh,Mayor Lankin,,NON,Francis W Praska,44
Walsh,Mayor Lankin,,NON,write-in,0
Walsh,Mayor Minto,,NON,John G Riskey,66
Walsh,Mayor Minto,,NON,Lane Kelley,120
Walsh,Mayor Minto,,NON,write-in,5
Walsh,Municipal Judge Grafton,,NON,Darcie M Einarson,861
Walsh,Municipal Judge Grafton,,NON,write-in,8
Walsh,Municipal Judge Park River,,NON,Glenn Rost,356
Walsh,Municipal Judge Park River,,NON,write-in,2
Walsh,Park Board Member Adams Park,,NON,write-in,21
Walsh,Park Board Member Edinburg Park,,NON,Charles Mielke,84
Walsh,Park Board Member Edinburg Park,,NON,write-in,19
Walsh,Park Board Member Fordville Park,,NON,write-in,37
Walsh,Park Board Member Forest River Park,,NON,Jared Muir,24
Walsh,Park Board Member Forest River Park,,NON,write-in,0
Walsh,Park Board Member Grafton Park,,NON,Kathy Larson,446
Walsh,Park Board Member Grafton Park,,NON,Kerry DeMars,729
Walsh,Park Board Member Grafton Park,,NON,Todd J Storey,524
Walsh,Park Board Member Grafton Park,,NON,write-in,3
Walsh,Park Board Member Hoople Park,,NON,Vicky Hultin,64
Walsh,Park Board Member Hoople Park,,NON,write-in,5
Walsh,Park Board Member Lankin Park,,NON,Lawrence Ward,40
Walsh,Park Board Member Lankin Park,,NON,write-in,4
Walsh,Park Board Member Minto Park,,NON,write-in,113
Walsh,Park Board Member Park River Park,,NON,Deena Vigen-Lorton,277
Walsh,Park Board Member Park River Park,,NON,Kyle Halvorson,334
Walsh,Park Board Member Park River Park,,NON,write-in,26
Walsh,Public Service Commissioner,,DEM,Brad Crabtree,851
Walsh,Public Service Commissioner,,DEM,write-in,2
Walsh,Public Service Commissioner,,LIB,Joshua Voytek,9
Walsh,Public Service Commissioner,,LIB,write-in,0
Walsh,Public Service Commissioner,,REP,Randy Christmann,1716
Walsh,Public Service Commissioner,,REP,write-in,1
Walsh,Public Service Commissioner Constitution,,CON,write-in,0
Walsh,Referendum Measure No. 4: Relating to University of North Dakota Athletic Nickname and Logo.,,,No,1272
Walsh,Referendum Measure No. 4: Relating to University of North Dakota Athletic Nickname and Logo.,,,Yes,2110
Walsh,Representative in Congress Constitution,,CON,write-in,0
Walsh,State Auditor,,DEM,Scot Kelsh,836
Walsh,State Auditor,,DEM,write-in,1
Walsh,State Auditor,,LIB,write-in,0
Walsh,State Auditor,,REP,Robert R (Bob) Peterson,1718
Walsh,State Auditor,,REP,write-in,1
Walsh,State Auditor Constitution,,CON,write-in,0
Walsh,State House,10,DEM,write-in,14
Walsh,State House,10,LIB,write-in,0
Walsh,State House,10,REP,"Charles ""Chuck"" Damschen",420
Walsh,State House,10,REP,David Monson,524
Walsh,State House,10,REP,write-in,4
Walsh,State House,19,DEM,Carol Gierszewski,456
Walsh,State House,19,DEM,"Robert ""Tork"" Kilichowski",628
Walsh,State House,19,DEM,write-in,5
Walsh,State House,19,LIB,write-in,0
Walsh,State House,19,REP,Gary Paur,927
Walsh,State House,19,REP,Wayne Trottier,828
Walsh,State House,19,REP,write-in,1
Walsh,State Representative District 10 Constitution,,CON,write-in,0
Walsh,State Representative District 19 Constitution,,CON,write-in,0
Walsh,State Senate,10,DEM,Daryl Passa,267
Walsh,State Senate,10,DEM,write-in,1
Walsh,State Senate,10,LIB,write-in,0
Walsh,State Senate,10,REP,Curtis Olafson,122
Walsh,State Senate,10,REP,Joe Miller,639
Walsh,State Senate,10,REP,write-in,1
Walsh,State Senate,19,DEM,Julius M Wangler,599
Walsh,State Senate,19,DEM,write-in,1
Walsh,State Senate,19,LIB,write-in,0
Walsh,State Senate,19,REP,Gerald (Gerry) Uglem,414
Walsh,State Senate,19,REP,Tom Campbell,889
Walsh,State Senate,19,REP,write-in,1
Walsh,State Senator District 10 Constitution,,CON,write-in,0
Walsh,State Senator District 19 Constitution,,CON,write-in,0
Walsh,State Treasurer,,DEM,Ross Mushik,832
Walsh,State Treasurer,,DEM,write-in,1
Walsh,State Treasurer,,LIB,write-in,0
Walsh,State Treasurer,,REP,Kelly Schmidt,1706
Walsh,State Treasurer,,REP,write-in,1
Walsh,State Treasurer Constitution,,CON,write-in,0
Walsh,Superintendent of Public Instruction,,NON,Kirsten Baesler,600
Walsh,Superintendent of Public Instruction,,NON,Max Laird,627
Walsh,Superintendent of Public Instruction,,NON,Tracy Potter,586
Walsh,Superintendent of Public Instruction,,NON,write-in,8
Walsh,U.S. House,1,DEM,Pam Gulleson,877
Walsh,U.S. House,1,DEM,write-in,3
Walsh,U.S. House,1,LIB,Eric Olson,10
Walsh,U.S. House,1,LIB,write-in,0
Walsh,U.S. House,1,REP,Brian P Kalk,964
Walsh,U.S. House,1,REP,Kevin Cramer,956
Walsh,U.S. House,1,REP,write-in,1
Walsh,U.S. Senate,,DEM,Heidi Heitkamp,1011
Walsh,U.S. Senate,,DEM,write-in,0
Walsh,U.S. Senate,,LIB,write-in,0
Walsh,U.S. Senate,,REP,Duane Sand,627
Walsh,U.S. Senate,,REP,Rick Berg,1379
Walsh,U.S. Senate,,REP,write-in,0
Walsh,United States Senator Constitution,,CON,write-in,0
Ward,City Measure 1 Berthold,,,No,15
Ward,City Measure 1 Berthold,,,Yes,125
Ward,City Measure 1 Burlington,,,No,21
Ward,City Measure 1 Burlington,,,Yes,185
Ward,City Measure 1 Carpio,,,No,7
Ward,City Measure 1 Carpio,,,Yes,31
Ward,City Measure 1 Des Lacs,,,No,24
Ward,City Measure 1 Des Lacs,,,Yes,55
Ward,City Measure 1 Donnybrook,,,No,7
Ward,City Measure 1 Donnybrook,,,Yes,20
Ward,City Measure 1 Douglas,,,No,5
Ward,City Measure 1 Douglas,,,Yes,18
Ward,City Measure 1 Kenmare,,,No,25
Ward,City Measure 1 Kenmare,,,Yes,226
Ward,City Measure 1 Makoti,,,No,7
Ward,City Measure 1 Makoti,,,Yes,41
Ward,City Measure 1 Minot,,,No,753
Ward,City Measure 1 Minot,,,Yes,6725
Ward,City Measure 1 Ryder,,,No,3
Ward,City Measure 1 Ryder,,,Yes,10
Ward,City Measure 1 Sawyer,,,No,29
Ward,City Measure 1 Sawyer,,,Yes,66
Ward,City Measure 1 Surrey,,,No,37
Ward,City Measure 1 Surrey,,,Yes,210
Ward,Constitutional Measure No. 1: Legislative Assembly Appointments.,,,No,4980
Ward,Constitutional Measure No. 1: Legislative Assembly Appointments.,,,Yes,6403
Ward,Council Member Berthold,,NON,Jay Brown,53
Ward,Council Member Berthold,,NON,Nathan J Fegley,86
Ward,Council Member Berthold,,NON,Robert Inman,41
Ward,Council Member Berthold,,NON,Steven Ibach,87
Ward,Council Member Berthold,,NON,write-in,3
Ward,Council Member Burlington,,NON,Brett Casavant,107
Ward,Council Member Burlington,,NON,Jeanine Kabanuk,142
Ward,Council Member Burlington,,NON,Shane Berg,67
Ward,Council Member Burlington,,NON,write-in,1
Ward,Council Member Carpio,,NON,write-in,48
Ward,Council Member Des Lacs,,NON,Alton Nygaard,54
Ward,Council Member Des Lacs,,NON,write-in,49
Ward,Council Member Donnybrook,,NON,Larry Goettle,22
Ward,Council Member Donnybrook,,NON,Lee E Breland,19
Ward,Council Member Donnybrook,,NON,write-in,2
Ward,Council Member Douglas,,NON,write-in,31
Ward,Council Member Kenmare,,NON,Paul Standard,152
Ward,Council Member Kenmare,,NON,Tori Kling,158
Ward,Council Member Kenmare,,NON,Troy Hedberg,192
Ward,Council Member Kenmare,,NON,write-in,22
Ward,Council Member Makoti,,NON,Connie Fischer,44
Ward,Council Member Makoti,,NON,Michael Larson,8
Ward,Council Member Makoti,,NON,Mike Bailey,39
Ward,Council Member Makoti,,NON,write-in,2
Ward,Council Member Minot Ward 1,,NON,Larry Frey,507
Ward,Council Member Minot Ward 1,,NON,write-in,4
Ward,Council Member Minot Ward 2,,NON,Bob Miller,428
Ward,Council Member Minot Ward 2,,NON,write-in,7
Ward,Council Member Minot Ward 3,,NON,James P Hatlelid,642
Ward,Council Member Minot Ward 3,,NON,write-in,8
Ward,Council Member Minot Ward 4,,NON,Amy Moen,747
Ward,Council Member Minot Ward 4,,NON,Richard Rodman,237
Ward,Council Member Minot Ward 4,,NON,write-in,1
Ward,Council Member Minot Ward 5,,NON,Tom Seymour,468
Ward,Council Member Minot Ward 5,,NON,write-in,7
Ward,Council Member Minot Ward 6,,NON,Mark J Jantzer,1039
Ward,Council Member Minot Ward 6,,NON,write-in,4
Ward,Council Member Minot Ward 7,,NON,Glenn Moen,275
Ward,Council Member Minot Ward 7,,NON,Kevin G Connole,434
Ward,Council Member Minot Ward 7,,NON,write-in,2
Ward,Council Member Ryder,,NON,Josh Reinisch,19
Ward,Council Member Ryder,,NON,Merle Dreher,29
Ward,Council Member Ryder,,NON,write-in,4
Ward,Council Member Sawyer,,NON,Brian Johnson,65
Ward,Council Member Sawyer,,NON,"Chris O""Connor",65
Ward,Council Member Sawyer,,NON,write-in,16
Ward,Council Member Surrey Ward 1,,NON,Blaine Klein,23
Ward,Council Member Surrey Ward 1,,NON,Jason Strand,67
Ward,Council Member Surrey Ward 1,,NON,write-in,0
Ward,Council Member Surrey Ward 2,,NON,write-in,10
Ward,Council Member Surrey Ward 3,,NON,Rodney Hjelden,67
Ward,Council Member Surrey Ward 3,,NON,write-in,0
Ward,Council Member Unexpired Term Carpio,,NON,write-in,40
Ward,Council Member Unexpired Term Minot Ward 2,,NON,George Withus,461
Ward,Council Member Unexpired Term Minot Ward 2,,NON,write-in,8
Ward,Council Member Unexpired Term Minot Ward 4,,NON,Milton Miller,963
Ward,Council Member Unexpired Term Minot Ward 4,,NON,write-in,5
Ward,Council Member Unexpired Term Sawyer,,NON,Michael Hemphill,71
Ward,Council Member Unexpired Term Sawyer,,NON,write-in,34
Ward,Council Member Unexpired Term Surrey Ward 1,,NON,Steve Fennewald,89
Ward,Council Member Unexpired Term Surrey Ward 1,,NON,write-in,1
Ward,Council Member Unexpired Term Surrey Ward 2,,NON,write-in,4
Ward,Council Member Unexpired Term Surrey Ward 3,,NON,Terry Johnson,74
Ward,Council Member Unexpired Term Surrey Ward 3,,NON,write-in,6
Ward,County Commissioner at Large Ward,,NON,Alan M Walter,7078
Ward,County Commissioner at Large Ward,,NON,Bruce I Christianson,4088
Ward,County Commissioner at Large Ward,,NON,Jack Nybakken,6138
Ward,County Commissioner at Large Ward,,NON,Jim Lee,4058
Ward,County Commissioner at Large Ward,,NON,Shelly Weppler,4547
Ward,County Commissioner at Large Ward,,NON,write-in,46
Ward,Governor and Lt. Governor,,DEM,Ryan M Taylor & Ellen Chaffee,3076
Ward,Governor and Lt. Governor,,DEM,write-in,5
Ward,Governor and Lt. Governor,,LIB,Roland Riemers,27
Ward,Governor and Lt. Governor,,LIB,write-in,1
Ward,Governor and Lt. Governor,,REP,Jack Dalrymple & Drew Wrigley,7252
Ward,Governor and Lt. Governor,,REP,write-in,27
Ward,Governor and Lt. Governor Constitution,,CON,write-in,3
Ward,Initiated Constitutional Measure No. 2: Relating to Elimination of Property Taxes and Replacement of Lost Revenue.,,,No,8096
Ward,Initiated Constitutional Measure No. 2: Relating to Elimination of Property Taxes and Replacement of Lost Revenue.,,,Yes,3828
Ward,Initiated Constitutional Measure No. 3: Relating to Government Prohibited from Burdening the Exercise of Religious Liberty.,,,No,7058
Ward,Initiated Constitutional Measure No. 3: Relating to Government Prohibited from Burdening the Exercise of Religious Liberty.,,,Yes,4758
Ward,Insurance Commissioner,,DEM,Tom Potter,2987
Ward,Insurance Commissioner,,DEM,write-in,3
Ward,Insurance Commissioner,,LIB,write-in,1
Ward,Insurance Commissioner,,REP,Adam Hamm,6777
Ward,Insurance Commissioner,,REP,write-in,10
Ward,Insurance Commissioner Constitution,,CON,write-in,3
Ward,Judge of the District Court No. 7 Northwest,,NON,Richard L Hagar,7673
Ward,Judge of the District Court No. 7 Northwest,,NON,write-in,71
Ward,Judge of the District Court No. 8 Northwest,,NON,William W McLees,7737
Ward,Judge of the District Court No. 8 Northwest,,NON,write-in,25
Ward,Judge of the District Court No. 9 Unexpired Term Northwest,,NON,Todd L Cresap,7899
Ward,Judge of the District Court No. 9 Unexpired Term Northwest,,NON,write-in,22
Ward,Justice of the Supreme Court,,NON,Daniel J Crothers,7532
Ward,Justice of the Supreme Court,,NON,write-in,21
Ward,Mayor Burlington,,NON,Jerome Gruenberg,141
Ward,Mayor Burlington,,NON,write-in,13
Ward,Mayor Carpio,,NON,write-in,29
Ward,Mayor Douglas,,NON,write-in,20
Ward,Mayor Makoti,,NON,Tyler Stafslien,40
Ward,Mayor Makoti,,NON,write-in,2
Ward,Mayor Ryder,,NON,Jody Reinisch,20
Ward,Mayor Ryder,,NON,write-in,1
Ward,Mayor Sawyer,,NON,write-in,64
Ward,Mayor Unexpired Term Surrey,,NON,write-in,36
Ward,Municipal Judge Kenmare,,NON,Kurt Heninger,197
Ward,Municipal Judge Kenmare,,NON,write-in,4
Ward,Municipal Judge Surrey,,NON,Dirk Blaine Fink,201
Ward,Municipal Judge Surrey,,NON,write-in,1
Ward,Municipal Judge Unexpired Term Burlington,,NON,Codie Miller,167
Ward,Municipal Judge Unexpired Term Burlington,,NON,write-in,0
Ward,Park Board Member Berthold Park,,NON,Joel Hansen,113
Ward,Park Board Member Berthold Park,,NON,Neil Schwope,108
Ward,Park Board Member Berthold Park,,NON,write-in,0
Ward,Park Board Member Carpio Park,,NON,write-in,50
Ward,Park Board Member Donnybrook Park,,NON,Charlene Goettle,21
Ward,Park Board Member Donnybrook Park,,NON,write-in,14
Ward,Park Board Member Kenmare Park,,NON,Dennis Heidel,187
Ward,Park Board Member Kenmare Park,,NON,DuWayne Gilseth,190
Ward,Park Board Member Kenmare Park,,NON,write-in,0
Ward,Park Board Member Makoti Park,,NON,LeRoy Anderson,47
Ward,Park Board Member Makoti Park,,NON,Ralph Butterfield,45
Ward,Park Board Member Makoti Park,,NON,write-in,0
Ward,Park Board Member Minot Park Board,,NON,Cliff Hovda,4618
Ward,Park Board Member Minot Park Board,,NON,John Drady,4427
Ward,Park Board Member Minot Park Board,,NON,write-in,38
Ward,Park Board Member Ryder Park,,NON,write-in,17
Ward,Park Board Member Surrey Park,,NON,write-in,59
Ward,Park Board Member Unexpired Two Year Term Donnybrook Park,,NON,Dean Rasmusson,24
Ward,Park Board Member Unexpired Two Year Term Donnybrook Park,,NON,write-in,1
Ward,Park Board Member Unexpired Two Year Term Ryder Park,,NON,write-in,5
Ward,Park Board Member Unexpired Two Year Term Surrey Park,,NON,write-in,24
Ward,Public Service Commissioner,,DEM,Brad Crabtree,2980
Ward,Public Service Commissioner,,DEM,write-in,6
Ward,Public Service Commissioner,,LIB,Joshua Voytek,26
Ward,Public Service Commissioner,,LIB,write-in,0
Ward,Public Service Commissioner,,REP,Randy Christmann,6688
Ward,Public Service Commissioner,,REP,write-in,14
Ward,Public Service Commissioner Constitution,,CON,write-in,3
Ward,Referendum Measure No. 4: Relating to University of North Dakota Athletic Nickname and Logo.,,,No,3873
Ward,Referendum Measure No. 4: Relating to University of North Dakota Athletic Nickname and Logo.,,,Yes,7870
Ward,Representative in Congress Constitution,,CON,write-in,5
Ward,School Board Member Minot School District,,NON,Brenda K Foster,4597
Ward,School Board Member Minot School District,,NON,Jim Rostad,5149
Ward,School Board Member Minot School District,,NON,Roger E Kluck,3902
Ward,School Board Member Minot School District,,NON,Scott Williams,3005
Ward,School Board Member Minot School District,,NON,write-in,39
Ward,School Board Member Unexpired Term Minot School District,,NON,Kirk Welstad,2614
Ward,School Board Member Unexpired Term Minot School District,,NON,Steven D Velk,3317
Ward,School Board Member Unexpired Term Minot School District,,NON,write-in,13
Ward,School District Measure 1 Minot School District,,,No,921
Ward,School District Measure 1 Minot School District,,,Yes,6809
Ward,State Auditor,,DEM,Scot Kelsh,2962
Ward,State Auditor,,DEM,write-in,3
Ward,State Auditor,,LIB,write-in,1
Ward,State Auditor,,REP,Robert R (Bob) Peterson,6790
Ward,State Auditor,,REP,write-in,7
Ward,State Auditor Constitution,,CON,write-in,3
Ward,State House,38,DEM,Mike Rose,582
Ward,State House,38,DEM,Robert E Kibler,526
Ward,State House,38,DEM,write-in,0
Ward,State House,38,LIB,write-in,0
Ward,State House,38,REP,Dan Ruby,1539
Ward,State House,38,REP,Larry Bellew,1421
Ward,State House,38,REP,write-in,19
Ward,State House,4,DEM,Kenton Onstad,367
Ward,State House,4,DEM,Tom Conklin,336
Ward,State House,4,DEM,write-in,0
Ward,State House,4,LIB,write-in,0
Ward,State House,4,REP,Glen Froseth,737
Ward,State House,4,REP,write-in,6
Ward,State House,40,DEM,Louis Pinkerton,420
Ward,State House,40,DEM,Sue Olafson,403
Ward,State House,40,DEM,write-in,3
Ward,State House,40,LIB,write-in,2
Ward,State House,40,REP,write-in,448
Ward,State Representative District 38 Constitution,,CON,write-in,0
Ward,State Representative District 4 Constitution,,CON,write-in,2
Ward,State Representative District 40 Constitution,,CON,write-in,4
Ward,State Senate,38,DEM,Clarice Granzotto,613
Ward,State Senate,38,DEM,write-in,0
Ward,State Senate,38,LIB,write-in,1
Ward,State Senate,38,REP,David Hogue,1707
Ward,State Senate,38,REP,write-in,9
Ward,State Senate,4,DEM,John M Warner,393
Ward,State Senate,4,DEM,write-in,1
Ward,State Senate,4,LIB,write-in,0
Ward,State Senate,4,REP,Daryl J Lies,689
Ward,State Senate,4,REP,write-in,1
Ward,State Senate,40,DEM,write-in,40
Ward,State Senate,40,LIB,write-in,1
Ward,State Senate,40,REP,write-in,249
Ward,State Senator District 38 Constitution,,CON,write-in,0
Ward,State Senator District 4 Constitution,,CON,write-in,1
Ward,State Senator District 40 Constitution,,CON,write-in,3
Ward,State Treasurer,,DEM,Ross Mushik,2936
Ward,State Treasurer,,DEM,write-in,4
Ward,State Treasurer,,LIB,write-in,1
Ward,State Treasurer,,REP,Kelly Schmidt,6726
Ward,State Treasurer,,REP,write-in,10
Ward,State Treasurer Constitution,,CON,write-in,3
Ward,Superintendent of Public Instruction,,NON,Kirsten Baesler,2466
Ward,Superintendent of Public Instruction,,NON,Max Laird,3062
Ward,Superintendent of Public Instruction,,NON,Tracy Potter,2819
Ward,Superintendent of Public Instruction,,NON,write-in,14
Ward,U.S. House,1,DEM,Pam Gulleson,3028
Ward,U.S. House,1,DEM,write-in,6
Ward,U.S. House,1,LIB,Eric Olson,29
Ward,U.S. House,1,LIB,write-in,2
Ward,U.S. House,1,REP,Brian P Kalk,3495
Ward,U.S. House,1,REP,Kevin Cramer,3970
Ward,U.S. House,1,REP,write-in,7
Ward,U.S. Senate,,DEM,Heidi Heitkamp,3387
Ward,U.S. Senate,,DEM,write-in,5
Ward,U.S. Senate,,LIB,write-in,4
Ward,U.S. Senate,,REP,Duane Sand,2952
Ward,U.S. Senate,,REP,Rick Berg,4646
Ward,U.S. Senate,,REP,write-in,14
Ward,United States Senator Constitution,,CON,write-in,5
Wells,City Measure 1 Fessenden,,,No,20
Wells,City Measure 1 Fessenden,,,Yes,156
Wells,City Measure 1 Harvey,,,No,56
Wells,City Measure 1 Harvey,,,Yes,591
Wells,Constitutional Measure No. 1: Legislative Assembly Appointments.,,,No,689
Wells,Constitutional Measure No. 1: Legislative Assembly Appointments.,,,Yes,787
Wells,County Commissioner Wells - District 1,,NON,Mark Schmitz,1238
Wells,County Commissioner Wells - District 1,,NON,write-in,13
Wells,County Commissioner Wells - District 3,,NON,Jim Sitar,1154
Wells,County Commissioner Wells - District 3,,NON,write-in,13
Wells,County Commissioner Wells - District 5,,NON,Mary Hager,1204
Wells,County Commissioner Wells - District 5,,NON,write-in,25
Wells,Fessenden City Council Member Fessenden,,NON,Keith Middleman,153
Wells,Fessenden City Council Member Fessenden,,NON,Mark A Evans,130
Wells,Fessenden City Council Member Fessenden,,NON,Ronald Widiger,156
Wells,Fessenden City Council Member Fessenden,,NON,write-in,8
Wells,Fessenden City Park Board Member Fessenden Park,,NON,Jeff Davis,148
Wells,Fessenden City Park Board Member Fessenden Park,,NON,Jerome Ahlberg,156
Wells,Fessenden City Park Board Member Fessenden Park,,NON,write-in,4
Wells,Governor and Lt. Governor,,DEM,Ryan M Taylor & Ellen Chaffee,358
Wells,Governor and Lt. Governor,,DEM,write-in,7
Wells,Governor and Lt. Governor,,LIB,Roland Riemers,5
Wells,Governor and Lt. Governor,,LIB,write-in,0
Wells,Governor and Lt. Governor,,REP,Jack Dalrymple & Drew Wrigley,1031
Wells,Governor and Lt. Governor,,REP,write-in,12
Wells,Governor and Lt. Governor Constitution,,CON,write-in,0
Wells,Harvey City Council Member Harvey,,NON,Don Hoepfer,457
Wells,Harvey City Council Member Harvey,,NON,Richard S Eckart,428
Wells,Harvey City Council Member Harvey,,NON,Robert J Weninger,564
Wells,Harvey City Council Member Harvey,,NON,write-in,23
Wells,Harvey City Council Member Unexpired 2-Year Term Harvey,,NON,Linda K Knudtson,295
Wells,Harvey City Council Member Unexpired 2-Year Term Harvey,,NON,Milo Baltrusch,182
Wells,Harvey City Council Member Unexpired 2-Year Term Harvey,,NON,Steven Sherlock,154
Wells,Harvey City Council Member Unexpired 2-Year Term Harvey,,NON,write-in,2
Wells,Harvey City Mayor Harvey,,NON,Ronald J Volk,326
Wells,Harvey City Mayor Harvey,,NON,write-in,257
Wells,Harvey City Park Board Member Harvey Park,,NON,Bradley J Kline,560
Wells,Harvey City Park Board Member Harvey Park,,NON,Marcella Eckart,427
Wells,Harvey City Park Board Member Harvey Park,,NON,write-in,8
Wells,Initiated Constitutional Measure No. 2: Relating to Elimination of Property Taxes and Replacement of Lost Revenue.,,,No,1216
Wells,Initiated Constitutional Measure No. 2: Relating to Elimination of Property Taxes and Replacement of Lost Revenue.,,,Yes,357
Wells,Initiated Constitutional Measure No. 3: Relating to Government Prohibited from Burdening the Exercise of Religious Liberty.,,,No,850
Wells,Initiated Constitutional Measure No. 3: Relating to Government Prohibited from Burdening the Exercise of Religious Liberty.,,,Yes,708
Wells,Insurance Commissioner,,DEM,Tom Potter,341
Wells,Insurance Commissioner,,DEM,write-in,0
Wells,Insurance Commissioner,,LIB,write-in,0
Wells,Insurance Commissioner,,REP,Adam Hamm,997
Wells,Insurance Commissioner,,REP,write-in,5
Wells,Insurance Commissioner Constitution,,CON,write-in,0
Wells,Judge of the District Court No. 10 Unexpired Term Southeast,,NON,Thomas E Merrick,1110
Wells,Judge of the District Court No. 10 Unexpired Term Southeast,,NON,write-in,1
Wells,Judge of the District Court No. 8 Southeast,,NON,Brad Cruff,707
Wells,Judge of the District Court No. 8 Southeast,,NON,Richard W Grosz,542
Wells,Judge of the District Court No. 8 Southeast,,NON,write-in,0
Wells,Judge of the District Court No. 9 Southeast,,NON,John E Greenwood,1127
Wells,Judge of the District Court No. 9 Southeast,,NON,write-in,3
Wells,Justice of the Supreme Court,,NON,Daniel J Crothers,1145
Wells,Justice of the Supreme Court,,NON,write-in,1
Wells,Public Service Commissioner,,DEM,Brad Crabtree,346
Wells,Public Service Commissioner,,DEM,write-in,1
Wells,Public Service Commissioner,,LIB,Joshua Voytek,5
Wells,Public Service Commissioner,,LIB,write-in,0
Wells,Public Service Commissioner,,REP,Randy Christmann,985
Wells,Public Service Commissioner,,REP,write-in,2
Wells,Public Service Commissioner Constitution,,CON,write-in,0
Wells,Referendum Measure No. 4: Relating to University of North Dakota Athletic Nickname and Logo.,,,No,586
Wells,Referendum Measure No. 4: Relating to University of North Dakota Athletic Nickname and Logo.,,,Yes,944
Wells,Representative in Congress Constitution,,CON,write-in,0
Wells,State Auditor,,DEM,Scot Kelsh,337
Wells,State Auditor,,DEM,write-in,1
Wells,State Auditor,,LIB,write-in,0
Wells,State Auditor,,REP,Robert R (Bob) Peterson,992
Wells,State Auditor,,REP,write-in,2
Wells,State Auditor Constitution,,CON,write-in,0
Wells,State House,14,DEM,write-in,16
Wells,State House,14,LIB,write-in,0
Wells,State House,14,REP,Duane DeKrey,757
Wells,State House,14,REP,Jon Nelson,497
Wells,State House,14,REP,Robin Weisz,706
Wells,State House,14,REP,write-in,3
Wells,State Representative District 14 Constitution,,CON,write-in,0
Wells,State Senate,14,DEM,write-in,23
Wells,State Senate,14,LIB,write-in,0
Wells,State Senate,14,REP,Jerry Klein,1040
Wells,State Senate,14,REP,write-in,4
Wells,State Senator District 14 Constitution,,CON,write-in,0
Wells,State Treasurer,,DEM,Ross Mushik,337
Wells,State Treasurer,,DEM,write-in,1
Wells,State Treasurer,,LIB,write-in,0
Wells,State Treasurer,,REP,Kelly Schmidt,994
Wells,State Treasurer,,REP,write-in,4
Wells,State Treasurer Constitution,,CON,write-in,0
Wells,Superintendent of Public Instruction,,NON,Kirsten Baesler,315
Wells,Superintendent of Public Instruction,,NON,Max Laird,252
Wells,Superintendent of Public Instruction,,NON,Tracy Potter,307
Wells,Superintendent of Public Instruction,,NON,write-in,3
Wells,U.S. House,1,DEM,Pam Gulleson,355
Wells,U.S. House,1,DEM,write-in,1
Wells,U.S. House,1,LIB,Eric Olson,5
Wells,U.S. House,1,LIB,write-in,0
Wells,U.S. House,1,REP,Brian P Kalk,391
Wells,U.S. House,1,REP,Kevin Cramer,693
Wells,U.S. House,1,REP,write-in,0
Wells,U.S. Senate,,DEM,Heidi Heitkamp,404
Wells,U.S. Senate,,DEM,write-in,1
Wells,U.S. Senate,,LIB,write-in,0
Wells,U.S. Senate,,REP,Duane Sand,399
Wells,U.S. Senate,,REP,Rick Berg,715
Wells,U.S. Senate,,REP,write-in,0
Wells,United States Senator Constitution,,CON,write-in,0
Williams,"A MEASURE TO AMEND THE HOME RULE CHARTER CITY OF TIOGA, NORTH DAKOTA Tioga",,,No,70
Williams,"A MEASURE TO AMEND THE HOME RULE CHARTER CITY OF TIOGA, NORTH DAKOTA Tioga",,,Yes,211
Williams,Commission President Ray,,NON,Gordon Lokken,84
Williams,Commission President Ray,,NON,Ken Munson,165
Williams,Commission President Ray,,NON,write-in,2
Williams,Commission President Tioga,,NON,Nathan Germundson,263
Williams,Commission President Tioga,,NON,write-in,0
Williams,Commissioner Ray,,NON,Diane Meckle,60
Williams,Commissioner Ray,,NON,Jordan Perdue,84
Williams,Commissioner Ray,,NON,Mark Cahoon,68
Williams,Commissioner Ray,,NON,Richard Liesener,105
Williams,Commissioner Ray,,NON,Travis Rettig,165
Williams,Commissioner Ray,,NON,Troy Kupper,176
Williams,Commissioner Ray,,NON,write-in,73
Williams,Commissioner Tioga,,NON,Drake McClelland,205
Williams,Commissioner Tioga,,NON,Jeff Spivey,189
Williams,Commissioner Tioga,,NON,Judy Heilman,241
Williams,Commissioner Tioga,,NON,Ronda Davidson,181
Williams,Commissioner Tioga,,NON,Wade Goldade,109
Williams,Commissioner Tioga,,NON,write-in,2
Williams,Commissioner Williston,,NON,Brad Bekkedahl,2177
Williams,Commissioner Williston,,NON,Howard Klug,1708
Williams,Commissioner Williston,,NON,write-in,25
Williams,Constitutional Measure No. 1: Legislative Assembly Appointments.,,,No,1621
Williams,Constitutional Measure No. 1: Legislative Assembly Appointments.,,,Yes,2716
Williams,County Commissioner Williams - District 2,,NON,Daniel L Kalil,584
Williams,County Commissioner Williams - District 2,,NON,write-in,14
Williams,County Commissioner Williams - District 4,,NON,David Montgomery,796
Williams,County Commissioner Williams - District 4,,NON,write-in,9
Williams,"Director, Garrison Diversion Conservancy Williams",,NON,Ward Koeser,3228
Williams,"Director, Garrison Diversion Conservancy Williams",,NON,write-in,47
Williams,Governor and Lt. Governor,,DEM,Ryan M Taylor & Ellen Chaffee,948
Williams,Governor and Lt. Governor,,DEM,write-in,1
Williams,Governor and Lt. Governor,,LIB,Roland Riemers,22
Williams,Governor and Lt. Governor,,LIB,write-in,2
Williams,Governor and Lt. Governor,,REP,Jack Dalrymple & Drew Wrigley,2733
Williams,Governor and Lt. Governor,,REP,write-in,9
Williams,Governor and Lt. Governor Constitution,,CON,write-in,2
Williams,Initiated Constitutional Measure No. 2: Relating to Elimination of Property Taxes and Replacement of Lost Revenue.,,,No,3484
Williams,Initiated Constitutional Measure No. 2: Relating to Elimination of Property Taxes and Replacement of Lost Revenue.,,,Yes,1268
Williams,Initiated Constitutional Measure No. 3: Relating to Government Prohibited from Burdening the Exercise of Religious Liberty.,,,No,2868
Williams,Initiated Constitutional Measure No. 3: Relating to Government Prohibited from Burdening the Exercise of Religious Liberty.,,,Yes,1673
Williams,Insurance Commissioner,,DEM,Tom Potter,919
Williams,Insurance Commissioner,,DEM,write-in,3
Williams,Insurance Commissioner,,LIB,write-in,2
Williams,Insurance Commissioner,,REP,Adam Hamm,2554
Williams,Insurance Commissioner,,REP,write-in,5
Williams,Insurance Commissioner Constitution,,CON,write-in,1
Williams,Judge of the District Court No. 7 Northwest,,NON,Richard L Hagar,2558
Williams,Judge of the District Court No. 7 Northwest,,NON,write-in,12
Williams,Judge of the District Court No. 8 Northwest,,NON,William W McLees,3113
Williams,Judge of the District Court No. 8 Northwest,,NON,write-in,10
Williams,Judge of the District Court No. 9 Unexpired Term Northwest,,NON,Todd L Cresap,3029
Williams,Judge of the District Court No. 9 Unexpired Term Northwest,,NON,write-in,8
Williams,Justice of the Supreme Court,,NON,Daniel J Crothers,2196
Williams,Justice of the Supreme Court,,NON,write-in,7
Williams,Municipal Judge Tioga,,NON,Monica Sundhagen,236
Williams,Municipal Judge Tioga,,NON,write-in,4
Williams,Park Board Commissioner Tioga Park,,NON,Marcy Spooner,262
Williams,Park Board Commissioner Tioga Park,,NON,Tim Sundhagen,253
Williams,Park Board Commissioner Tioga Park,,NON,write-in,34
Williams,Park Board Commissioner Williston Park,,NON,George Haux,631
Williams,Park Board Commissioner Williston Park,,NON,James Bervig,1563
Williams,Park Board Commissioner Williston Park,,NON,Larry Grondahl,1049
Williams,Park Board Commissioner Williston Park,,NON,Nick Johnson,1551
Williams,Park Board Commissioner Williston Park,,NON,write-in,2
Williams,Park Board Member Ray Park,,NON,Darrell Watterson,227
Williams,Park Board Member Ray Park,,NON,Dennis Weyrauch,211
Williams,Park Board Member Ray Park,,NON,John Halseth,213
Williams,Park Board Member Ray Park,,NON,Tim Schaffer,203
Williams,Park Board Member Ray Park,,NON,write-in,8
Williams,Public Service Commissioner,,DEM,Brad Crabtree,912
Williams,Public Service Commissioner,,DEM,write-in,0
Williams,Public Service Commissioner,,LIB,Joshua Voytek,20
Williams,Public Service Commissioner,,LIB,write-in,2
Williams,Public Service Commissioner,,REP,Randy Christmann,2522
Williams,Public Service Commissioner,,REP,write-in,4
Williams,Public Service Commissioner Constitution,,CON,write-in,1
Williams,Ray City Measure 1 Ray,,,No,40
Williams,Ray City Measure 1 Ray,,,Yes,179
Williams,Ray City Measure 2 Ray,,,No,16
Williams,Ray City Measure 2 Ray,,,Yes,230
Williams,Referendum Measure No. 4: Relating to University of North Dakota Athletic Nickname and Logo.,,,No,1794
Williams,Referendum Measure No. 4: Relating to University of North Dakota Athletic Nickname and Logo.,,,Yes,2782
Williams,Representative in Congress Constitution,,CON,write-in,1
Williams,School Board Member Williston School District,,NON,David Richter,1969
Williams,School Board Member Williston School District,,NON,Duane DeMars,1877
Williams,School Board Member Williston School District,,NON,Sara Kasmer,1811
Williams,School Board Member Williston School District,,NON,write-in,11
Williams,State Auditor,,DEM,Scot Kelsh,918
Williams,State Auditor,,DEM,write-in,0
Williams,State Auditor,,LIB,write-in,3
Williams,State Auditor,,REP,Robert R (Bob) Peterson,2576
Williams,State Auditor,,REP,write-in,4
Williams,State Auditor Constitution,,CON,write-in,1
Williams,State House,2,DEM,Dorvan Solberg,436
Williams,State House,2,DEM,write-in,6
Williams,State House,2,LIB,write-in,2
Williams,State House,2,REP,Bob Skarphol,840
Williams,State House,2,REP,David S Rust,857
Williams,State House,2,REP,write-in,3
Williams,State Representative District 2 Constitution,,CON,write-in,0
Williams,State Senate,2,DEM,Lynn B Jacobson,419
Williams,State Senate,2,DEM,write-in,0
Williams,State Senate,2,LIB,write-in,2
Williams,State Senate,2,REP,John M Andrist,1012
Williams,State Senate,2,REP,write-in,14
Williams,State Senator District 2 Constitution,,CON,write-in,0
Williams,State Treasurer,,DEM,Ross Mushik,905
Williams,State Treasurer,,DEM,write-in,1
Williams,State Treasurer,,LIB,write-in,2
Williams,State Treasurer,,REP,Kelly Schmidt,2554
Williams,State Treasurer,,REP,write-in,3
Williams,State Treasurer Constitution,,CON,write-in,1
Williams,Superintendent of Public Instruction,,NON,Kirsten Baesler,972
Williams,Superintendent of Public Instruction,,NON,Max Laird,707
Williams,Superintendent of Public Instruction,,NON,Tracy Potter,753
Williams,Superintendent of Public Instruction,,NON,write-in,8
Williams,Tioga City Measure 1 Tioga,,,No,12
Williams,Tioga City Measure 1 Tioga,,,Yes,264
Williams,U.S. House,1,DEM,Pam Gulleson,936
Williams,U.S. House,1,DEM,write-in,1
Williams,U.S. House,1,LIB,Eric Olson,23
Williams,U.S. House,1,LIB,write-in,2
Williams,U.S. House,1,REP,Brian P Kalk,1001
Williams,U.S. House,1,REP,Kevin Cramer,1783
Williams,U.S. House,1,REP,write-in,1
Williams,U.S. Senate,,DEM,Heidi Heitkamp,1071
Williams,U.S. Senate,,DEM,write-in,2
Williams,U.S. Senate,,LIB,write-in,4
Williams,U.S. Senate,,REP,Duane Sand,802
Williams,U.S. Senate,,REP,Rick Berg,2087
Williams,U.S. Senate,,REP,write-in,1
Williams,United States Senator Constitution,,CON,write-in,2
Williams,Williston City Measure 1 Williston,,,No,250
Williams,Williston City Measure 1 Williston,,,Yes,2450
