county,office,district,party,candidate,votes
Adams,Agriculture Commissioner,,,Doug Goehring,788
Adams,Agriculture Commissioner,,,Fintan L Dooley,128
Adams,Agriculture Commissioner,,,write-in,0
Adams,Attorney General,,,Drew Wrigley,754
Adams,Attorney General,,,Timothy Charles Lamb,156
Adams,Attorney General,,,write-in,0
Adams,County Auditor/Treasurer Adams,,,Krista Ann Faller,870
Adams,County Auditor/Treasurer Adams,,,write-in,4
Adams,County Commissioner at Large Adams,,,Corey Seamands,347
Adams,County Commissioner at Large Adams,,,Kevin Edwin Pagel,537
Adams,County Commissioner at Large Adams,,,write-in,7
Adams,County Official Newspaper Adams,,,Adams County Record,809
Adams,County Recorder Adams,,,Deborah Helen Markegard,869
Adams,County Recorder Adams,,,write-in,4
Adams,County Sheriff Adams,,,Jordan Edward Fisher,814
Adams,County Sheriff Adams,,,write-in,34
Adams,County State's Attorney Adams,,,Aaron William Roseland,744
Adams,County State's Attorney Adams,,,write-in,31
Adams,Initiated Constitutional Measure No. 1 Relating to Term Limits of the Governor and the Legislature,,,No,336
Adams,Initiated Constitutional Measure No. 1 Relating to Term Limits of the Governor and the Legislature,,,Yes,588
Adams,"Initiated Statutory Measure No. 2 Relating to the Legalization, Production, Processing, Sale, and Possession of Cannabis.",,,No,656
Adams,"Initiated Statutory Measure No. 2 Relating to the Legalization, Production, Processing, Sale, and Possession of Cannabis.",,,Yes,265
Adams,Judge of the District Court No. 2 Southwest,,,William A Herauf,817
Adams,Judge of the District Court No. 2 Southwest,,,write-in,8
Adams,Judge of the District Court No. 4 Southwest,,,Rhonda R Ehlis,818
Adams,Judge of the District Court No. 4 Southwest,,,write-in,1
Adams,Justice of the Supreme Court,,,Daniel J Crothers,794
Adams,Justice of the Supreme Court,,,write-in,4
Adams,Public Service Commissioner,,,Julie Fedorchak,735
Adams,Public Service Commissioner,,,Melanie Moniz,167
Adams,Public Service Commissioner,,,write-in,0
Adams,Public Service Commissioner Unexpired 4-Year Term,,,Sheri Haugen-Hoffart,722
Adams,Public Service Commissioner Unexpired 4-Year Term,,,Trygve Hammer,171
Adams,Public Service Commissioner Unexpired 4-Year Term,,,write-in,0
Adams,Secretary of State,,,Charles Tuttle,69
Adams,Secretary of State,,,Jeffrey Powell,146
Adams,Secretary of State,,,Michael Howe,687
Adams,Secretary of State,,,write-in,0
Adams,State House,39,,Keith Kempenich,685
Adams,State House,39,,Mike Schatz,576
Adams,State House,39,,write-in,9
Adams,State Senate,39,,Greg Kessel,653
Adams,State Senate,39,,Thea Lee,249
Adams,State Senate,39,,write-in,1
Adams,"Supervisor, Soil Conservation District Adams County Soil Conservation District",,,write-in,125
Adams,Tax Commissioner,,,Brian Kroshus,801
Adams,Tax Commissioner,,,write-in,3
Adams,U.S. House,1,,Cara Mund,231
Adams,U.S. House,1,,Kelly Armstrong,690
Adams,U.S. House,1,,write-in,0
Adams,U.S. Senate,,,John Hoeven,651
Adams,U.S. Senate,,,Katrina Christiansen,126
Adams,U.S. Senate,,,Rick Becker,152
Adams,U.S. Senate,,,write-in,0
Barnes,Agriculture Commissioner,,,Doug Goehring,2915
Barnes,Agriculture Commissioner,,,Fintan L Dooley,883
Barnes,Agriculture Commissioner,,,write-in,3
Barnes,Attorney General,,,Drew Wrigley,2669
Barnes,Attorney General,,,Timothy Charles Lamb,1139
Barnes,Attorney General,,,write-in,8
Barnes,County Auditor Barnes,,,Beth Didier,3328
Barnes,County Auditor Barnes,,,write-in,17
Barnes,County Commissioner By District Barnes - District 2,,,Corey Neseth,234
Barnes,County Commissioner By District Barnes - District 2,,,Shawn Olauson,388
Barnes,County Commissioner By District Barnes - District 2,,,write-in,1
Barnes,County Commissioner By District Barnes - District 3,,,Bill Carlblom,372
Barnes,County Commissioner By District Barnes - District 3,,,Eldred Knutson,264
Barnes,County Commissioner By District Barnes - District 3,,,write-in,5
Barnes,County Commissioner By District Barnes - District 4,,,Ron Manson,330
Barnes,County Commissioner By District Barnes - District 4,,,Vicky Lovell,376
Barnes,County Commissioner By District Barnes - District 4,,,write-in,2
Barnes,County Official Newspaper Barnes,,,Litchville Bulletin,792
Barnes,County Official Newspaper Barnes,,,Valley City Times-Record,2995
Barnes,County Recorder Barnes,,,Jody Pfaff,3302
Barnes,County Recorder Barnes,,,write-in,5
Barnes,County Sheriff Barnes,,,Randy McClaflin,2786
Barnes,County Sheriff Barnes,,,Wade J Hannig,988
Barnes,County Sheriff Barnes,,,write-in,5
Barnes,County State's Attorney Barnes,,,Tonya Duffy,3119
Barnes,County State's Attorney Barnes,,,write-in,52
Barnes,County Treasurer Barnes,,,Debbie Magnuson,3284
Barnes,County Treasurer Barnes,,,write-in,14
Barnes,Initiated Constitutional Measure No. 1 Relating to Term Limits of the Governor and the Legislature,,,No,1457
Barnes,Initiated Constitutional Measure No. 1 Relating to Term Limits of the Governor and the Legislature,,,Yes,2364
Barnes,"Initiated Statutory Measure No. 2 Relating to the Legalization, Production, Processing, Sale, and Possession of Cannabis.",,,No,2251
Barnes,"Initiated Statutory Measure No. 2 Relating to the Legalization, Production, Processing, Sale, and Possession of Cannabis.",,,Yes,1612
Barnes,Judge of the District Court No. 2 Southeast,,,Nick D Thornton,1931
Barnes,Judge of the District Court No. 2 Southeast,,,Paul C Murphy,1209
Barnes,Judge of the District Court No. 2 Southeast,,,write-in,15
Barnes,Judge of the District Court No. 4 Southeast,,,James D Hovey,3041
Barnes,Judge of the District Court No. 4 Southeast,,,write-in,14
Barnes,Judge of the District Court No. 5 Southeast,,,Daniel D Narum,3042
Barnes,Judge of the District Court No. 5 Southeast,,,write-in,15
Barnes,Judge of the District Court No. 6 Southeast,,,Jay Schmitz,3052
Barnes,Judge of the District Court No. 6 Southeast,,,write-in,32
Barnes,Judge of the District Court No. 7 Southeast,,,Troy J LeFevre,3014
Barnes,Judge of the District Court No. 7 Southeast,,,write-in,11
Barnes,Justice of the Supreme Court,,,Daniel J Crothers,3092
Barnes,Justice of the Supreme Court,,,write-in,17
Barnes,Public Service Commissioner,,,Julie Fedorchak,2573
Barnes,Public Service Commissioner,,,Melanie Moniz,1112
Barnes,Public Service Commissioner,,,write-in,8
Barnes,Public Service Commissioner Unexpired 4-Year Term,,,Sheri Haugen-Hoffart,2554
Barnes,Public Service Commissioner Unexpired 4-Year Term,,,Trygve Hammer,1109
Barnes,Public Service Commissioner Unexpired 4-Year Term,,,write-in,2
Barnes,Secretary of State,,,Charles Tuttle,367
Barnes,Secretary of State,,,Jeffrey Powell,1086
Barnes,Secretary of State,,,Michael Howe,2320
Barnes,Secretary of State,,,write-in,3
Barnes,State House Unexpired 2-Year Term,24,,Cole Christensen,1891
Barnes,State House Unexpired 2-Year Term,24,,Dwight Harold Kiefert,2205
Barnes,State House Unexpired 2-Year Term,24,,Kaitlyn Huss,512
Barnes,State House Unexpired 2-Year Term,24,,Madeline Z Luke,1733
Barnes,State House Unexpired 2-Year Term,24,,write-in,29
Barnes,"Supervisor, Soil Conservation District Barnes County Soil Conservation District",,,Shelly Renee Nelson,3158
Barnes,"Supervisor, Soil Conservation District Barnes County Soil Conservation District",,,write-in,22
Barnes,Tax Commissioner,,,Brian Kroshus,3148
Barnes,Tax Commissioner,,,write-in,37
Barnes,U.S. House,1,,Cara Mund,1484
Barnes,U.S. House,1,,Kelly Armstrong,2375
Barnes,U.S. House,1,,write-in,6
Barnes,U.S. Senate,,,John Hoeven,2314
Barnes,U.S. Senate,,,Katrina Christiansen,978
Barnes,U.S. Senate,,,Rick Becker,592
Barnes,U.S. Senate,,,write-in,4
Benson,Agriculture Commissioner,,,Doug Goehring,945
Benson,Agriculture Commissioner,,,Fintan L Dooley,500
Benson,Agriculture Commissioner,,,write-in,2
Benson,Attorney General,,,Drew Wrigley,890
Benson,Attorney General,,,Timothy Charles Lamb,562
Benson,Attorney General,,,write-in,3
Benson,County Auditor/Treasurer Benson,,,Bonnie (Howard) Erickson,1307
Benson,County Auditor/Treasurer Benson,,,write-in,14
Benson,County Clerk of District Court Benson,,,Jill Schafer,1211
Benson,County Clerk of District Court Benson,,,write-in,39
Benson,County Commissioner Benson - District 1,,,Brady Stoll,578
Benson,County Commissioner Benson - District 1,,,Ron Stadum,716
Benson,County Commissioner Benson - District 1,,,write-in,19
Benson,County Commissioner Benson - District 3,,,Doris M. Griffin,1230
Benson,County Commissioner Benson - District 3,,,write-in,34
Benson,County Commissioner Benson - District 5,,,Jake Johnson,632
Benson,County Commissioner Benson - District 5,,,Tammy Kuk,634
Benson,County Commissioner Benson - District 5,,,write-in,13
Benson,County Measure No. 1 03 - Benson,,,No,439
Benson,County Measure No. 1 03 - Benson,,,Yes,972
Benson,County Official Newspaper Benson,,,Benson County Farmers Press,1327
Benson,County Recorder Benson,,,Rhoda Pfeifer,1287
Benson,County Recorder Benson,,,write-in,12
Benson,County Sheriff Benson,,,Ethan Rode,1255
Benson,County Sheriff Benson,,,write-in,29
Benson,County State's Attorney Benson,,,James P. Wang,1194
Benson,County State's Attorney Benson,,,write-in,31
Benson,"Director, Garrison Diversion Conservancy Benson",,,David B. Johnson,1243
Benson,"Director, Garrison Diversion Conservancy Benson",,,write-in,16
Benson,Initiated Constitutional Measure No. 1 Relating to Term Limits of the Governor and the Legislature,,,No,551
Benson,Initiated Constitutional Measure No. 1 Relating to Term Limits of the Governor and the Legislature,,,Yes,906
Benson,"Initiated Statutory Measure No. 2 Relating to the Legalization, Production, Processing, Sale, and Possession of Cannabis.",,,No,746
Benson,"Initiated Statutory Measure No. 2 Relating to the Legalization, Production, Processing, Sale, and Possession of Cannabis.",,,Yes,727
Benson,Judge of the District Court No. 1 Northeast,,,Lonnie Olson,1267
Benson,Judge of the District Court No. 1 Northeast,,,write-in,16
Benson,Justice of the Supreme Court,,,Daniel J Crothers,1205
Benson,Justice of the Supreme Court,,,write-in,15
Benson,Public Service Commissioner,,,Julie Fedorchak,847
Benson,Public Service Commissioner,,,Melanie Moniz,579
Benson,Public Service Commissioner,,,write-in,2
Benson,Public Service Commissioner Unexpired 4-Year Term,,,Sheri Haugen-Hoffart,859
Benson,Public Service Commissioner Unexpired 4-Year Term,,,Trygve Hammer,564
Benson,Public Service Commissioner Unexpired 4-Year Term,,,write-in,2
Benson,Secretary of State,,,Charles Tuttle,154
Benson,Secretary of State,,,Jeffrey Powell,534
Benson,Secretary of State,,,Michael Howe,753
Benson,Secretary of State,,,write-in,1
Benson,State House,15,,Dennis Johnson,260
Benson,State House,15,,Heather Lawrence-Skadsem,416
Benson,State House,15,,Kathy Frelich,225
Benson,State House,15,,write-in,4
Benson,State Senate,15,,Collette Brown,433
Benson,State Senate,15,,Judy Estenson,246
Benson,State Senate,15,,write-in,4
Benson,"Supervisor, Soil Conservation District North Central Soil Conservation District",,,Wayne Baustad,1244
Benson,"Supervisor, Soil Conservation District North Central Soil Conservation District",,,write-in,13
Benson,Tax Commissioner,,,Brian Kroshus,1161
Benson,Tax Commissioner,,,write-in,31
Benson,U.S. House,1,,Cara Mund,638
Benson,U.S. House,1,,Kelly Armstrong,795
Benson,U.S. House,1,,write-in,3
Benson,U.S. Senate,,,John Hoeven,749
Benson,U.S. Senate,,,Katrina Christiansen,470
Benson,U.S. Senate,,,Rick Becker,260
Benson,U.S. Senate,,,write-in,1
Billings,Agriculture Commissioner,,,Doug Goehring,483
Billings,Agriculture Commissioner,,,Fintan L Dooley,42
Billings,Agriculture Commissioner,,,write-in,0
Billings,Attorney General,,,Drew Wrigley,464
Billings,Attorney General,,,Timothy Charles Lamb,55
Billings,Attorney General,,,write-in,0
Billings,County Auditor/Treasurer Billings,,,Marcia D Lamb,444
Billings,County Auditor/Treasurer Billings,,,write-in,21
Billings,County Commissioner At Large By District Billings - District 2,,,Michael Kasian,248
Billings,County Commissioner At Large By District Billings - District 2,,,Steven Klym,263
Billings,County Commissioner At Large By District Billings - District 2,,,write-in,2
Billings,County Official Newspaper Billings,,,Billings County Pioneer,464
Billings,County Recorder/Clerk of District Court Billings,,,Juliana Hammerstrom,464
Billings,County Recorder/Clerk of District Court Billings,,,write-in,3
Billings,County Sheriff Billings,,,Dean Wyckoff,334
Billings,County Sheriff Billings,,,John Tczap,191
Billings,County Sheriff Billings,,,write-in,0
Billings,Initiated Constitutional Measure No. 1 Relating to Term Limits of the Governor and the Legislature,,,No,208
Billings,Initiated Constitutional Measure No. 1 Relating to Term Limits of the Governor and the Legislature,,,Yes,323
Billings,"Initiated Statutory Measure No. 2 Relating to the Legalization, Production, Processing, Sale, and Possession of Cannabis.",,,No,392
Billings,"Initiated Statutory Measure No. 2 Relating to the Legalization, Production, Processing, Sale, and Possession of Cannabis.",,,Yes,136
Billings,Judge of the District Court No. 2 Southwest,,,William A Herauf,456
Billings,Judge of the District Court No. 2 Southwest,,,write-in,2
Billings,Judge of the District Court No. 4 Southwest,,,Rhonda R Ehlis,452
Billings,Judge of the District Court No. 4 Southwest,,,write-in,0
Billings,Justice of the Supreme Court,,,Daniel J Crothers,439
Billings,Justice of the Supreme Court,,,write-in,0
Billings,Public Service Commissioner,,,Julie Fedorchak,470
Billings,Public Service Commissioner,,,Melanie Moniz,48
Billings,Public Service Commissioner,,,write-in,0
Billings,Public Service Commissioner Unexpired 4-Year Term,,,Sheri Haugen-Hoffart,462
Billings,Public Service Commissioner Unexpired 4-Year Term,,,Trygve Hammer,51
Billings,Public Service Commissioner Unexpired 4-Year Term,,,write-in,0
Billings,Secretary of State,,,Charles Tuttle,61
Billings,Secretary of State,,,Jeffrey Powell,44
Billings,Secretary of State,,,Michael Howe,421
Billings,Secretary of State,,,write-in,1
Billings,State House,39,,Keith Kempenich,362
Billings,State House,39,,Mike Schatz,378
Billings,State House,39,,write-in,14
Billings,State Senate,39,,Greg Kessel,347
Billings,State Senate,39,,Thea Lee,182
Billings,State Senate,39,,write-in,1
Billings,"Supervisor, Soil Conservation District Golden Valley County Soil Conservation District",,,write-in,2
Billings,"Supervisor, Soil Conservation District Stark Billings Soil Conservation District",,,Robert M. Wock,420
Billings,"Supervisor, Soil Conservation District Stark Billings Soil Conservation District",,,write-in,3
Billings,Tax Commissioner,,,Brian Kroshus,481
Billings,Tax Commissioner,,,write-in,0
Billings,U.S. House,1,,Cara Mund,92
Billings,U.S. House,1,,Kelly Armstrong,439
Billings,U.S. House,1,,write-in,0
Billings,U.S. Senate,,,John Hoeven,381
Billings,U.S. Senate,,,Katrina Christiansen,48
Billings,U.S. Senate,,,Rick Becker,108
Billings,U.S. Senate,,,write-in,0
Bottineau,Agriculture Commissioner,,,Doug Goehring,2352
Bottineau,Agriculture Commissioner,,,Fintan L Dooley,455
Bottineau,Agriculture Commissioner,,,write-in,4
Bottineau,Attorney General,,,Drew Wrigley,2181
Bottineau,Attorney General,,,Timothy Charles Lamb,592
Bottineau,Attorney General,,,write-in,5
Bottineau,County Auditor Bottineau,,,Deanna Abernathey,1001
Bottineau,County Auditor Bottineau,,,Emily Deschamp,1690
Bottineau,County Auditor Bottineau,,,write-in,42
Bottineau,County Commissioner By District Bottineau - District 1,,,Douglas Marsden,141
Bottineau,County Commissioner By District Bottineau - District 1,,,Rodney Hiatt,431
Bottineau,County Commissioner By District Bottineau - District 1,,,write-in,2
Bottineau,County Commissioner By District Bottineau - District 3,,,Benjamin Tonneson,286
Bottineau,County Commissioner By District Bottineau - District 3,,,Jeremy Ketterling,208
Bottineau,County Commissioner By District Bottineau - District 3,,,write-in,4
Bottineau,County Commissioner By District Bottineau - District 5,,,Nathaniel Buynak,446
Bottineau,County Commissioner By District Bottineau - District 5,,,write-in,1
Bottineau,County Official Newspaper Bottineau,,,Bottineau Courant,2537
Bottineau,County Recorder Bottineau,,,Bobbi Milbrath,2575
Bottineau,County Recorder Bottineau,,,write-in,5
Bottineau,County Sheriff Bottineau,,,Jeremy Tofteland,1630
Bottineau,County Sheriff Bottineau,,,Matthew Schimetz,1178
Bottineau,County Sheriff Bottineau,,,write-in,7
Bottineau,County State's Attorney Bottineau,,,Seymour Jordan,2386
Bottineau,County State's Attorney Bottineau,,,write-in,18
Bottineau,County Treasurer Bottineau,,,Ann Monson,2579
Bottineau,County Treasurer Bottineau,,,write-in,8
Bottineau,Initiated Constitutional Measure No. 1 Relating to Term Limits of the Governor and the Legislature,,,No,1015
Bottineau,Initiated Constitutional Measure No. 1 Relating to Term Limits of the Governor and the Legislature,,,Yes,1802
Bottineau,"Initiated Statutory Measure No. 2 Relating to the Legalization, Production, Processing, Sale, and Possession of Cannabis.",,,No,1759
Bottineau,"Initiated Statutory Measure No. 2 Relating to the Legalization, Production, Processing, Sale, and Possession of Cannabis.",,,Yes,1078
Bottineau,Judge of the District Court No. 1 Northeast,,,Lonnie Olson,2400
Bottineau,Judge of the District Court No. 1 Northeast,,,write-in,8
Bottineau,Justice of the Supreme Court,,,Daniel J Crothers,2390
Bottineau,Justice of the Supreme Court,,,write-in,8
Bottineau,Public Service Commissioner,,,Julie Fedorchak,2239
Bottineau,Public Service Commissioner,,,Melanie Moniz,540
Bottineau,Public Service Commissioner,,,write-in,3
Bottineau,Public Service Commissioner Unexpired 4-Year Term,,,Sheri Haugen-Hoffart,2165
Bottineau,Public Service Commissioner Unexpired 4-Year Term,,,Trygve Hammer,591
Bottineau,Public Service Commissioner Unexpired 4-Year Term,,,write-in,3
Bottineau,Secretary of State,,,Charles Tuttle,249
Bottineau,Secretary of State,,,Jeffrey Powell,535
Bottineau,Secretary of State,,,Michael Howe,2004
Bottineau,Secretary of State,,,write-in,3
Bottineau,State Senate Unexpired 2-Year Term,6,,Robert Tolar,633
Bottineau,State Senate Unexpired 2-Year Term,6,,Shawn Vedaa,2161
Bottineau,State Senate Unexpired 2-Year Term,6,,write-in,3
Bottineau,"Supervisor, Soil Conservation District Mouse River District",,,write-in,96
Bottineau,"Supervisor, Soil Conservation District Turtle Mountain District",,,Bruce Mark Knudson,1900
Bottineau,"Supervisor, Soil Conservation District Turtle Mountain District",,,write-in,5
Bottineau,Tax Commissioner,,,Brian Kroshus,2479
Bottineau,Tax Commissioner,,,write-in,27
Bottineau,U.S. House,1,,Cara Mund,808
Bottineau,U.S. House,1,,Kelly Armstrong,2027
Bottineau,U.S. House,1,,write-in,6
Bottineau,U.S. Senate,,,John Hoeven,1803
Bottineau,U.S. Senate,,,Katrina Christiansen,463
Bottineau,U.S. Senate,,,Rick Becker,586
Bottineau,U.S. Senate,,,write-in,1
Bowman,Agriculture Commissioner,,,Doug Goehring,1186
Bowman,Agriculture Commissioner,,,Fintan L Dooley,146
Bowman,Agriculture Commissioner,,,write-in,1
Bowman,Attorney General,,,Drew Wrigley,1137
Bowman,Attorney General,,,Timothy Charles Lamb,186
Bowman,Attorney General,,,write-in,1
Bowman,County Auditor Bowman,,,Mindy Schumacher,1264
Bowman,County Auditor Bowman,,,write-in,5
Bowman,County Commissioner at Large Bowman,,,Jerid Janikowski,708
Bowman,County Commissioner at Large Bowman,,,Josh Buchmann,661
Bowman,County Commissioner at Large Bowman,,,Lynn Brackel,560
Bowman,County Commissioner at Large Bowman,,,Nathan Miller,594
Bowman,County Commissioner at Large Bowman,,,write-in,7
Bowman,County Official Newspaper Bowman,,,Bowman County Pioneer,1217
Bowman,County Recorder/Clerk of District Court Bowman,,,Jan Werre,1265
Bowman,County Recorder/Clerk of District Court Bowman,,,write-in,3
Bowman,County Sheriff Bowman,,,Frank Eberle,832
Bowman,County Sheriff Bowman,,,Jason Dodge,490
Bowman,County Sheriff Bowman,,,write-in,12
Bowman,County State's Attorney Bowman,,,Andrew J.Q. Weiss,1187
Bowman,County State's Attorney Bowman,,,write-in,17
Bowman,County Treasurer Bowman,,,Anita McLaughlin,1233
Bowman,County Treasurer Bowman,,,write-in,14
Bowman,Initiated Constitutional Measure No. 1 Relating to Term Limits of the Governor and the Legislature,,,No,495
Bowman,Initiated Constitutional Measure No. 1 Relating to Term Limits of the Governor and the Legislature,,,Yes,842
Bowman,"Initiated Statutory Measure No. 2 Relating to the Legalization, Production, Processing, Sale, and Possession of Cannabis.",,,No,934
Bowman,"Initiated Statutory Measure No. 2 Relating to the Legalization, Production, Processing, Sale, and Possession of Cannabis.",,,Yes,408
Bowman,Judge of the District Court No. 2 Southwest,,,William A Herauf,1218
Bowman,Judge of the District Court No. 2 Southwest,,,write-in,7
Bowman,Judge of the District Court No. 4 Southwest,,,Rhonda R Ehlis,1192
Bowman,Judge of the District Court No. 4 Southwest,,,write-in,6
Bowman,Justice of the Supreme Court,,,Daniel J Crothers,1177
Bowman,Justice of the Supreme Court,,,write-in,5
Bowman,Public Service Commissioner,,,Julie Fedorchak,1124
Bowman,Public Service Commissioner,,,Melanie Moniz,191
Bowman,Public Service Commissioner,,,write-in,3
Bowman,Public Service Commissioner Unexpired 4-Year Term,,,Sheri Haugen-Hoffart,1115
Bowman,Public Service Commissioner Unexpired 4-Year Term,,,Trygve Hammer,190
Bowman,Public Service Commissioner Unexpired 4-Year Term,,,write-in,3
Bowman,Secretary of State,,,Charles Tuttle,116
Bowman,Secretary of State,,,Jeffrey Powell,166
Bowman,Secretary of State,,,Michael Howe,1044
Bowman,Secretary of State,,,write-in,2
Bowman,State House,39,,Keith Kempenich,937
Bowman,State House,39,,Mike Schatz,999
Bowman,State House,39,,write-in,34
Bowman,State Senate,39,,Greg Kessel,1002
Bowman,State Senate,39,,Thea Lee,322
Bowman,State Senate,39,,write-in,5
Bowman,"Supervisor, Soil Conservation District Bowman/Slope Soil Conservation District",,,Cory Blaser,1228
Bowman,"Supervisor, Soil Conservation District Bowman/Slope Soil Conservation District",,,write-in,14
Bowman,Tax Commissioner,,,Brian Kroshus,1235
Bowman,Tax Commissioner,,,write-in,7
Bowman,U.S. House,1,,Cara Mund,280
Bowman,U.S. House,1,,Kelly Armstrong,1074
Bowman,U.S. House,1,,write-in,1
Bowman,U.S. Senate,,,John Hoeven,1003
Bowman,U.S. Senate,,,Katrina Christiansen,126
Bowman,U.S. Senate,,,Rick Becker,224
Bowman,U.S. Senate,,,write-in,3
Burke,Agriculture Commissioner,,,Doug Goehring,696
Burke,Agriculture Commissioner,,,Fintan L Dooley,74
Burke,Agriculture Commissioner,,,write-in,0
Burke,Attorney General,,,Drew Wrigley,657
Burke,Attorney General,,,Timothy Charles Lamb,105
Burke,Attorney General,,,write-in,3
Burke,CONTINUATION OF PREVIOUSLY AUTHORIZED MILL LEVY FOR EXTENSION SERVICES 07 - Burke,,,No,262
Burke,CONTINUATION OF PREVIOUSLY AUTHORIZED MILL LEVY FOR EXTENSION SERVICES 07 - Burke,,,Yes,493
Burke,County Auditor Burke,,,write-in,192
Burke,County Commissioner By District Burke - District 2,,,Richard Lawerence Owings,241
Burke,County Commissioner By District Burke - District 2,,,Tamara Crystal Rudland,42
Burke,County Commissioner By District Burke - District 2,,,write-in,0
Burke,County Official Newspaper Burke,,,Burke County Tribune,729
Burke,County Recorder/Clerk of District Court Burke,,,Brandy Alice Zepp,223
Burke,County Recorder/Clerk of District Court Burke,,,Lynette Marie Nelson,499
Burke,County Recorder/Clerk of District Court Burke,,,write-in,5
Burke,County Sheriff Burke,,,Shawn Gabriel Brien,650
Burke,County Sheriff Burke,,,write-in,25
Burke,County State's Attorney Burke,,,Amber Joy Fiesel,658
Burke,County State's Attorney Burke,,,write-in,19
Burke,County Treasurer Burke,,,Sheila Ann Burns,706
Burke,County Treasurer Burke,,,write-in,3
Burke,Initiated Constitutional Measure No. 1 Relating to Term Limits of the Governor and the Legislature,,,No,272
Burke,Initiated Constitutional Measure No. 1 Relating to Term Limits of the Governor and the Legislature,,,Yes,490
Burke,"Initiated Statutory Measure No. 2 Relating to the Legalization, Production, Processing, Sale, and Possession of Cannabis.",,,No,548
Burke,"Initiated Statutory Measure No. 2 Relating to the Legalization, Production, Processing, Sale, and Possession of Cannabis.",,,Yes,216
Burke,Judge of the District Court No. 2 North Central,,,Gary H Lee,662
Burke,Judge of the District Court No. 2 North Central,,,write-in,2
Burke,Judge of the District Court No. 5 North Central,,,Todd L Cresap,659
Burke,Judge of the District Court No. 5 North Central,,,write-in,3
Burke,Justice of the Supreme Court,,,Daniel J Crothers,658
Burke,Justice of the Supreme Court,,,write-in,3
Burke,Public Service Commissioner,,,Julie Fedorchak,685
Burke,Public Service Commissioner,,,Melanie Moniz,75
Burke,Public Service Commissioner,,,write-in,1
Burke,Public Service Commissioner Unexpired 4-Year Term,,,Sheri Haugen-Hoffart,666
Burke,Public Service Commissioner Unexpired 4-Year Term,,,Trygve Hammer,86
Burke,Public Service Commissioner Unexpired 4-Year Term,,,write-in,0
Burke,Secretary of State,,,Charles Tuttle,80
Burke,Secretary of State,,,Jeffrey Powell,93
Burke,Secretary of State,,,Michael Howe,584
Burke,Secretary of State,,,write-in,0
Burke,"Supervisor, Soil Conservation District Burke County Soil Conservation District",,,Tyler Chase Grubb,717
Burke,"Supervisor, Soil Conservation District Burke County Soil Conservation District",,,write-in,4
Burke,Tax Commissioner,,,Brian Kroshus,692
Burke,Tax Commissioner,,,write-in,3
Burke,U.S. House,1,,Cara Mund,160
Burke,U.S. House,1,,Kelly Armstrong,614
Burke,U.S. House,1,,write-in,1
Burke,U.S. Senate,,,John Hoeven,494
Burke,U.S. Senate,,,Katrina Christiansen,62
Burke,U.S. Senate,,,Rick Becker,220
Burke,U.S. Senate,,,write-in,1
Burleigh,Agriculture Commissioner,,,Doug Goehring,27392
Burleigh,Agriculture Commissioner,,,Fintan L Dooley,6992
Burleigh,Agriculture Commissioner,,,write-in,76
Burleigh,Attorney General,,,Drew Wrigley,25413
Burleigh,Attorney General,,,Timothy Charles Lamb,8944
Burleigh,Attorney General,,,write-in,136
Burleigh,Burleigh County Measure No. 1 relating to the Home Rule Charter. 08 - Burleigh,,,No,14811
Burleigh,Burleigh County Measure No. 1 relating to the Home Rule Charter. 08 - Burleigh,,,Yes,15409
Burleigh,County Auditor/Treasurer Burleigh,,,Kirsten Dvorak,15082
Burleigh,County Auditor/Treasurer Burleigh,,,Mark Splonskowski,15759
Burleigh,County Auditor/Treasurer Burleigh,,,write-in,86
Burleigh,County Commissioner at Large Burleigh,,,Amelia Doll,15667
Burleigh,County Commissioner at Large Burleigh,,,Dustin Gawrylow,10991
Burleigh,County Commissioner at Large Burleigh,,,Jerry Woodcox,16457
Burleigh,County Commissioner at Large Burleigh,,,Steve Schwab,17439
Burleigh,County Commissioner at Large Burleigh,,,Wayne Munson,17237
Burleigh,County Commissioner at Large Burleigh,,,write-in,331
Burleigh,County Official Newspaper Burleigh,,,The Bismarck Tribune,27027
Burleigh,County Recorder Burleigh,,,Missy Hanson,27552
Burleigh,County Recorder Burleigh,,,write-in,123
Burleigh,County Sheriff Burleigh,,,Kelly Leben,28319
Burleigh,County Sheriff Burleigh,,,write-in,282
Burleigh,County State's Attorney Burleigh,,,Julie Lawyer,27593
Burleigh,County State's Attorney Burleigh,,,write-in,287
Burleigh,Initiated Constitutional Measure No. 1 Relating to Term Limits of the Governor and the Legislature,,,No,14762
Burleigh,Initiated Constitutional Measure No. 1 Relating to Term Limits of the Governor and the Legislature,,,Yes,20329
Burleigh,"Initiated Statutory Measure No. 2 Relating to the Legalization, Production, Processing, Sale, and Possession of Cannabis.",,,No,20443
Burleigh,"Initiated Statutory Measure No. 2 Relating to the Legalization, Production, Processing, Sale, and Possession of Cannabis.",,,Yes,14903
Burleigh,Judge of the District Court No. 10 Unexpired 4-Year Term South Central,,,Pamela Nesvig,27599
Burleigh,Judge of the District Court No. 10 Unexpired 4-Year Term South Central,,,write-in,211
Burleigh,Judge of the District Court No. 2 South Central,,,Douglas A Bahr,27709
Burleigh,Judge of the District Court No. 2 South Central,,,write-in,217
Burleigh,Judge of the District Court No. 5 South Central,,,Cynthia M Feland,27627
Burleigh,Judge of the District Court No. 5 South Central,,,write-in,402
Burleigh,Judge of the District Court No. 6 Unexpired 4-Year Term South Central,,,Bobbi Weiler,27475
Burleigh,Judge of the District Court No. 6 Unexpired 4-Year Term South Central,,,write-in,255
Burleigh,Justice of the Supreme Court,,,Daniel J Crothers,27813
Burleigh,Justice of the Supreme Court,,,write-in,287
Burleigh,Public Service Commissioner,,,Julie Fedorchak,25970
Burleigh,Public Service Commissioner,,,Melanie Moniz,8300
Burleigh,Public Service Commissioner,,,write-in,68
Burleigh,Public Service Commissioner Unexpired 4-Year Term,,,Sheri Haugen-Hoffart,24796
Burleigh,Public Service Commissioner Unexpired 4-Year Term,,,Trygve Hammer,8946
Burleigh,Public Service Commissioner Unexpired 4-Year Term,,,write-in,67
Burleigh,Secretary of State,,,Charles Tuttle,3435
Burleigh,Secretary of State,,,Jeffrey Powell,8424
Burleigh,Secretary of State,,,Michael Howe,22533
Burleigh,Secretary of State,,,write-in,53
Burleigh,State House,35,,Bob Martinson,3528
Burleigh,State House,35,,Don Morrison,2167
Burleigh,State House,35,,Karen Karls,3375
Burleigh,State House,35,,Kris Mount,2194
Burleigh,State House,35,,write-in,36
Burleigh,State House,47,,Lawrence R (Larry) Klemin,4775
Burleigh,State House,47,,Michael Motschenbacher,4732
Burleigh,State House,47,,write-in,131
Burleigh,State House,7,,Jason Dockter,4501
Burleigh,State House,7,,Matthew Heilman,4488
Burleigh,State House,7,,write-in,172
Burleigh,State House Unexpired 2-Year Term,8,,Brandon Prichard,3715
Burleigh,State House Unexpired 2-Year Term,8,,SuAnn Olson,3631
Burleigh,State House Unexpired 2-Year Term,8,,write-in,76
Burleigh,State Senate,35,,Sean Cleary,3644
Burleigh,State Senate,35,,Tracy Potter,2406
Burleigh,State Senate,35,,write-in,27
Burleigh,State Senate,47,,Mike Dwyer,5413
Burleigh,State Senate,47,,write-in,122
Burleigh,State Senate,7,,Michelle Axtman,5386
Burleigh,State Senate,7,,write-in,123
Burleigh,State Senate Unexpired 2-Year Term,8,,Jeffery J Magrum,4403
Burleigh,State Senate Unexpired 2-Year Term,8,,write-in,110
Burleigh,"Supervisor, Soil Conservation District Burleigh County Soil Conservation District",,,Jeremy Saeman,27315
Burleigh,"Supervisor, Soil Conservation District Burleigh County Soil Conservation District",,,write-in,148
Burleigh,Tax Commissioner,,,Brian Kroshus,27693
Burleigh,Tax Commissioner,,,write-in,466
Burleigh,U.S. House,1,,Cara Mund,13285
Burleigh,U.S. House,1,,Kelly Armstrong,21915
Burleigh,U.S. House,1,,write-in,109
Burleigh,U.S. Senate,,,John Hoeven,18759
Burleigh,U.S. Senate,,,Katrina Christiansen,7654
Burleigh,U.S. Senate,,,Rick Becker,8952
Burleigh,U.S. Senate,,,write-in,48
Cass,Agriculture Commissioner,,,Doug Goehring,32970
Cass,Agriculture Commissioner,,,Fintan L Dooley,19488
Cass,Agriculture Commissioner,,,write-in,86
Cass,Ambulance District 1 Casselton Ambulance District,,,No,713
Cass,Ambulance District 1 Casselton Ambulance District,,,Yes,1114
Cass,Attorney General,,,Drew Wrigley,30639
Cass,Attorney General,,,Timothy Charles Lamb,22243
Cass,Attorney General,,,write-in,118
Cass,County Commissioner Cass - District 2,,,Ben Hanson,21841
Cass,County Commissioner Cass - District 2,,,Tony Grindberg,22409
Cass,County Commissioner Cass - District 2,,,write-in,282
Cass,County Commissioner Cass - District 4,,,Duane Breitling,39050
Cass,County Commissioner Cass - District 4,,,write-in,439
Cass,County Sheriff Cass,,,Jesse Jahner,38495
Cass,County Sheriff Cass,,,Mathew King,9511
Cass,County Sheriff Cass,,,write-in,256
Cass,County State's Attorney Cass,,,Kim Hegvik,23125
Cass,County State's Attorney Cass,,,Ryan Younggren,22472
Cass,County State's Attorney Cass,,,write-in,175
Cass,"Director, Garrison Diversion Conservancy Cass",,,Jeff LeDoux,38784
Cass,"Director, Garrison Diversion Conservancy Cass",,,write-in,324
Cass,Initiated Constitutional Measure No. 1 Relating to Term Limits of the Governor and the Legislature,,,No,17306
Cass,Initiated Constitutional Measure No. 1 Relating to Term Limits of the Governor and the Legislature,,,Yes,35959
Cass,"Initiated Statutory Measure No. 2 Relating to the Legalization, Production, Processing, Sale, and Possession of Cannabis.",,,No,23087
Cass,"Initiated Statutory Measure No. 2 Relating to the Legalization, Production, Processing, Sale, and Possession of Cannabis.",,,Yes,30480
Cass,Judge of the District Court No. 2 East Central,,,Tristan Van de Streek,41097
Cass,Judge of the District Court No. 2 East Central,,,write-in,451
Cass,Judge of the District Court No. 3 East Central,,,Steven E McCullough,41014
Cass,Judge of the District Court No. 3 East Central,,,write-in,434
Cass,Judge of the District Court No. 4 East Central,,,Connie Cleveland,24735
Cass,Judge of the District Court No. 4 East Central,,,David J Chapman,18459
Cass,Judge of the District Court No. 4 East Central,,,write-in,281
Cass,Justice of the Supreme Court,,,Daniel J Crothers,41125
Cass,Justice of the Supreme Court,,,write-in,588
Cass,PROPOSED CITY CHARTER AMENDMENT West Fargo,,,No,5581
Cass,PROPOSED CITY CHARTER AMENDMENT West Fargo,,,Yes,5648
Cass,PROPOSED ORDINANCE IMPLEMENTING CHARTER AMENDMENT West Fargo,,,No,5525
Cass,PROPOSED ORDINANCE IMPLEMENTING CHARTER AMENDMENT West Fargo,,,Yes,5660
Cass,Park Board Member Arthur City Park,,,Nicole Hoesel,110
Cass,Park Board Member Arthur City Park,,,write-in,17
Cass,Public Service Commissioner,,,Julie Fedorchak,30012
Cass,Public Service Commissioner,,,Melanie Moniz,22071
Cass,Public Service Commissioner,,,write-in,62
Cass,Public Service Commissioner Unexpired 4-Year Term,,,Sheri Haugen-Hoffart,29379
Cass,Public Service Commissioner Unexpired 4-Year Term,,,Trygve Hammer,22340
Cass,Public Service Commissioner Unexpired 4-Year Term,,,write-in,64
Cass,Secretary of State,,,Charles Tuttle,3635
Cass,Secretary of State,,,Jeffrey Powell,21557
Cass,Secretary of State,,,Michael Howe,27497
Cass,Secretary of State,,,write-in,58
Cass,State House,11,,Brad Leeser,1955
Cass,State House,11,,Carter Eisinger,1994
Cass,State House,11,,Gretchen Dobervich,2540
Cass,State House,11,,Liz Conmy,2573
Cass,State House,11,,write-in,11
Cass,State House,13,,Austen Schauer,3889
Cass,State House,13,,Jim Jonas,3570
Cass,State House,13,,write-in,201
Cass,State House,21,,LaurieBeth Hager,2226
Cass,State House,21,,Mary Schneider,2407
Cass,State House,21,,write-in,173
Cass,State House,27,,Greg Stemen,2703
Cass,State House,27,,Josh Christy,2614
Cass,State House,27,,Ruth Anna Buffalo,2245
Cass,State House,27,,Thomas R Casler,1740
Cass,State House,27,,write-in,9
Cass,State House,41,,Jorin James Johnson,2813
Cass,State House,41,,Lillian Jones,2091
Cass,State House,41,,Megan Edwardson,2281
Cass,State House,41,,Michelle Strinden,3219
Cass,State House,41,,write-in,9
Cass,State House,45,,Carrie McLeod,3330
Cass,State House,45,,Scott Wagner,3275
Cass,State House,45,,write-in,184
Cass,State House Unexpired 2-Year Term,10,,Damian Ridl,1153
Cass,State House Unexpired 2-Year Term,10,,Hamida Dakane,1343
Cass,State House Unexpired 2-Year Term,10,,Steve Swiontek,1687
Cass,State House Unexpired 2-Year Term,10,,write-in,31
Cass,State House Unexpired 2-Year Term,44,,Gwendorlene Chea Altenburg,1604
Cass,State House Unexpired 2-Year Term,44,,Joshua A Boschee,2515
Cass,State House Unexpired 2-Year Term,44,,Karla Rose Hanson,2547
Cass,State House Unexpired 2-Year Term,44,,write-in,63
Cass,State Senate,11,,Tim Mathern,3627
Cass,State Senate,11,,write-in,252
Cass,State Senate,13,,Judy Lee,4441
Cass,State Senate,13,,write-in,166
Cass,State Senate,21,,Kathy Hogan,2283
Cass,State Senate,21,,William Kloubec,1366
Cass,State Senate,21,,write-in,8
Cass,State Senate,27,,Kristin Roers,3023
Cass,State Senate,27,,Sonja Kaye,2082
Cass,State Senate,27,,write-in,13
Cass,State Senate,41,,Kyle Davison,4301
Cass,State Senate,41,,write-in,198
Cass,State Senate,45,,Ronald G Sorvaag,3935
Cass,State Senate,45,,write-in,178
Cass,State Senate Unexpired 2-Year Term,10,,Curtis Olafson,1526
Cass,State Senate Unexpired 2-Year Term,10,,Ryan Braunberger,1575
Cass,State Senate Unexpired 2-Year Term,10,,write-in,4
Cass,State Senate Unexpired 2-Year Term,44,,Bjorn G Altenburg,1646
Cass,State Senate Unexpired 2-Year Term,44,,Merrill Piepkorn,2731
Cass,State Senate Unexpired 2-Year Term,44,,write-in,14
Cass,"Supervisor, Soil Conservation District Cass County Soil Conservation District",,,Terry Hoffmann,18277
Cass,"Supervisor, Soil Conservation District Cass County Soil Conservation District",,,Warren Solberg,20685
Cass,"Supervisor, Soil Conservation District Cass County Soil Conservation District",,,write-in,311
Cass,Tax Commissioner,,,Brian Kroshus,40760
Cass,Tax Commissioner,,,write-in,1511
Cass,U.S. House,1,,Cara Mund,27281
Cass,U.S. House,1,,Kelly Armstrong,26107
Cass,U.S. House,1,,write-in,151
Cass,U.S. Senate,,,John Hoeven,26520
Cass,U.S. Senate,,,Katrina Christiansen,21360
Cass,U.S. Senate,,,Rick Becker,5923
Cass,U.S. Senate,,,write-in,69
Cavalier,Agriculture Commissioner,,,Doug Goehring,1282
Cavalier,Agriculture Commissioner,,,Fintan L Dooley,240
Cavalier,Agriculture Commissioner,,,write-in,2
Cavalier,Attorney General,,,Drew Wrigley,1190
Cavalier,Attorney General,,,Timothy Charles Lamb,320
Cavalier,Attorney General,,,write-in,3
Cavalier,County Auditor Cavalier,,,Lisa Gellner,1353
Cavalier,County Auditor Cavalier,,,write-in,11
Cavalier,County Commissioner at Large Cavalier,,,Austin Lafrenz,1046
Cavalier,County Commissioner at Large Cavalier,,,Mark Schneider,477
Cavalier,County Commissioner at Large Cavalier,,,Nick Moser,962
Cavalier,County Commissioner at Large Cavalier,,,Stanley J Dick,856
Cavalier,County Commissioner at Large Cavalier,,,Steve Thielbar,459
Cavalier,County Commissioner at Large Cavalier,,,write-in,10
Cavalier,County Official Newspaper Cavalier,,,The Walsh County Record,916
Cavalier,County Recorder Cavalier,,,Vicki Kubat,1360
Cavalier,County Recorder Cavalier,,,write-in,6
Cavalier,County Sheriff Cavalier,,,Greg Fetsch,1348
Cavalier,County Sheriff Cavalier,,,write-in,18
Cavalier,County State's Attorney Cavalier,,,Angelo Mondragon,1212
Cavalier,County State's Attorney Cavalier,,,write-in,22
Cavalier,County Treasurer Cavalier,,,Cynthia Stremick,1334
Cavalier,County Treasurer Cavalier,,,write-in,9
Cavalier,Initiated Constitutional Measure No. 1 Relating to Term Limits of the Governor and the Legislature,,,No,537
Cavalier,Initiated Constitutional Measure No. 1 Relating to Term Limits of the Governor and the Legislature,,,Yes,977
Cavalier,"Initiated Statutory Measure No. 2 Relating to the Legalization, Production, Processing, Sale, and Possession of Cannabis.",,,No,1074
Cavalier,"Initiated Statutory Measure No. 2 Relating to the Legalization, Production, Processing, Sale, and Possession of Cannabis.",,,Yes,456
Cavalier,Judge of the District Court No. 1 Northeast,,,Lonnie Olson,1190
Cavalier,Judge of the District Court No. 1 Northeast,,,write-in,14
Cavalier,Justice of the Supreme Court,,,Daniel J Crothers,1174
Cavalier,Justice of the Supreme Court,,,write-in,11
Cavalier,Munich Rural Ambulance District Munich Rural Ambulance District,,,No,35
Cavalier,Munich Rural Ambulance District Munich Rural Ambulance District,,,Yes,256
Cavalier,NDSU Extension Levy 10 - Cavalier,,,No,407
Cavalier,NDSU Extension Levy 10 - Cavalier,,,Yes,1108
Cavalier,Public Service Commissioner,,,Julie Fedorchak,1163
Cavalier,Public Service Commissioner,,,Melanie Moniz,309
Cavalier,Public Service Commissioner,,,write-in,4
Cavalier,Public Service Commissioner Unexpired 4-Year Term,,,Sheri Haugen-Hoffart,1148
Cavalier,Public Service Commissioner Unexpired 4-Year Term,,,Trygve Hammer,306
Cavalier,Public Service Commissioner Unexpired 4-Year Term,,,write-in,5
Cavalier,Secretary of State,,,Charles Tuttle,115
Cavalier,Secretary of State,,,Jeffrey Powell,320
Cavalier,Secretary of State,,,Michael Howe,1058
Cavalier,Secretary of State,,,write-in,2
Cavalier,State House,19,,David Monson,145
Cavalier,State House,19,,Jill Hipsher,43
Cavalier,State House,19,,Karen A Anderson,119
Cavalier,State House,19,,Lynnell Popowski,41
Cavalier,State House,19,,write-in,3
Cavalier,State House,9b,,Donna Henderson,911
Cavalier,State House,9b,,Marvin E Nelson,270
Cavalier,State House,9b,,write-in,144
Cavalier,State Senate,19,,Janne Myrdal,149
Cavalier,State Senate,19,,Travis Hipsher,54
Cavalier,State Senate,19,,write-in,1
Cavalier,State Senate,9,,Kent Weston,1051
Cavalier,State Senate,9,,Richard Marcellais,260
Cavalier,State Senate,9,,write-in,4
Cavalier,"Supervisor, Soil Conservation District Cavalier County Soil Conservation District",,,Karry Krahn,1335
Cavalier,"Supervisor, Soil Conservation District Cavalier County Soil Conservation District",,,write-in,5
Cavalier,Tax Commissioner,,,Brian Kroshus,1260
Cavalier,Tax Commissioner,,,write-in,15
Cavalier,U.S. House,1,,Cara Mund,422
Cavalier,U.S. House,1,,Kelly Armstrong,1117
Cavalier,U.S. House,1,,write-in,4
Cavalier,U.S. Senate,,,John Hoeven,1123
Cavalier,U.S. Senate,,,Katrina Christiansen,267
Cavalier,U.S. Senate,,,Rick Becker,179
Cavalier,U.S. Senate,,,write-in,1
Dickey,Agriculture Commissioner,,,Doug Goehring,1435
Dickey,Agriculture Commissioner,,,Fintan L Dooley,315
Dickey,Agriculture Commissioner,,,write-in,3
Dickey,Attorney General,,,Drew Wrigley,1342
Dickey,Attorney General,,,Timothy Charles Lamb,399
Dickey,Attorney General,,,write-in,1
Dickey,Council Member Unexpired 2-Year Term Ellendale,,,Patrick Lee,339
Dickey,Council Member Unexpired 2-Year Term Ellendale,,,write-in,13
Dickey,County Auditor Dickey,,,Wanda Sheppard,1589
Dickey,County Auditor Dickey,,,write-in,11
Dickey,County Commissioner Dickey - District 1,,,Kacey Holm,828
Dickey,County Commissioner Dickey - District 1,,,NaTanya Olson,478
Dickey,County Commissioner Dickey - District 1,,,write-in,368
Dickey,County Commissioner Dickey - District 3,,,Brandon Carlson,957
Dickey,County Commissioner Dickey - District 3,,,Thor W Sand,740
Dickey,County Commissioner Dickey - District 3,,,write-in,6
Dickey,County Commissioner Dickey - District 5,,,John M Hokana,1531
Dickey,County Commissioner Dickey - District 5,,,write-in,32
Dickey,County Official Newspaper Dickey,,,Dickey County Leader,1562
Dickey,County Recorder Dickey,,,Kelly K Schmidt,1583
Dickey,County Recorder Dickey,,,write-in,5
Dickey,County Sheriff Dickey,,,Chris Estes,1562
Dickey,County Sheriff Dickey,,,write-in,30
Dickey,County State's Attorney Dickey,,,Kimberly J Radermacher,1525
Dickey,County State's Attorney Dickey,,,write-in,20
Dickey,County Treasurer Dickey,,,Wonada Lematta,1542
Dickey,County Treasurer Dickey,,,write-in,20
Dickey,Initiated Constitutional Measure No. 1 Relating to Term Limits of the Governor and the Legislature,,,No,630
Dickey,Initiated Constitutional Measure No. 1 Relating to Term Limits of the Governor and the Legislature,,,Yes,1127
Dickey,"Initiated Statutory Measure No. 2 Relating to the Legalization, Production, Processing, Sale, and Possession of Cannabis.",,,No,1147
Dickey,"Initiated Statutory Measure No. 2 Relating to the Legalization, Production, Processing, Sale, and Possession of Cannabis.",,,Yes,617
Dickey,Judge of the District Court No. 2 Southeast,,,Nick D Thornton,786
Dickey,Judge of the District Court No. 2 Southeast,,,Paul C Murphy,644
Dickey,Judge of the District Court No. 2 Southeast,,,write-in,3
Dickey,Judge of the District Court No. 4 Southeast,,,James D Hovey,1435
Dickey,Judge of the District Court No. 4 Southeast,,,write-in,4
Dickey,Judge of the District Court No. 5 Southeast,,,Daniel D Narum,1533
Dickey,Judge of the District Court No. 5 Southeast,,,write-in,12
Dickey,Judge of the District Court No. 6 Southeast,,,Jay Schmitz,1510
Dickey,Judge of the District Court No. 6 Southeast,,,write-in,5
Dickey,Judge of the District Court No. 7 Southeast,,,Troy J LeFevre,1430
Dickey,Judge of the District Court No. 7 Southeast,,,write-in,4
Dickey,Justice of the Supreme Court,,,Daniel J Crothers,1475
Dickey,Justice of the Supreme Court,,,write-in,4
Dickey,Public Service Commissioner,,,Julie Fedorchak,1333
Dickey,Public Service Commissioner,,,Melanie Moniz,396
Dickey,Public Service Commissioner,,,write-in,0
Dickey,Public Service Commissioner Unexpired 4-Year Term,,,Sheri Haugen-Hoffart,1324
Dickey,Public Service Commissioner Unexpired 4-Year Term,,,Trygve Hammer,390
Dickey,Public Service Commissioner Unexpired 4-Year Term,,,write-in,3
Dickey,Secretary of State,,,Charles Tuttle,130
Dickey,Secretary of State,,,Jeffrey Powell,373
Dickey,Secretary of State,,,Michael Howe,1231
Dickey,Secretary of State,,,write-in,5
Dickey,State House Unexpired 2-Year Term,28,,Jim Grueneich,1082
Dickey,State House Unexpired 2-Year Term,28,,Mike Brandenburg,1217
Dickey,State House Unexpired 2-Year Term,28,,Sharon Ulmer,472
Dickey,State House Unexpired 2-Year Term,28,,write-in,29
Dickey,State Senate Unexpired 2-Year Term,28,,Robert (Bob) Erbele,1522
Dickey,State Senate Unexpired 2-Year Term,28,,write-in,28
Dickey,"Supervisor, Soil Conservation District James River Soil Conservation District",,,Keith Kronberg,1551
Dickey,"Supervisor, Soil Conservation District James River Soil Conservation District",,,write-in,5
Dickey,Tax Commissioner,,,Brian Kroshus,1527
Dickey,Tax Commissioner,,,write-in,10
Dickey,U.S. House,1,,Cara Mund,535
Dickey,U.S. House,1,,Kelly Armstrong,1231
Dickey,U.S. House,1,,write-in,0
Dickey,U.S. Senate,,,John Hoeven,1211
Dickey,U.S. Senate,,,Katrina Christiansen,335
Dickey,U.S. Senate,,,Rick Becker,234
Dickey,U.S. Senate,,,write-in,2
Divide,Agriculture Commissioner,,,Doug Goehring,864
Divide,Agriculture Commissioner,,,Fintan L Dooley,147
Divide,Agriculture Commissioner,,,write-in,1
Divide,Attorney General,,,Drew Wrigley,795
Divide,Attorney General,,,Timothy Charles Lamb,210
Divide,Attorney General,,,write-in,0
Divide,County Auditor/Treasurer Divide,,,Gayle Jastrzebski,921
Divide,County Auditor/Treasurer Divide,,,write-in,12
Divide,County Commissioner Divide - District 1,,,Chuck Dhuyvetter,415
Divide,County Commissioner Divide - District 1,,,Isaac Jacobs,589
Divide,County Commissioner Divide - District 1,,,write-in,3
Divide,County Commissioner Divide - District 3,,,Gracia Gilbertson,460
Divide,County Commissioner Divide - District 3,,,R. A. Eriksmoen,542
Divide,County Commissioner Divide - District 3,,,write-in,3
Divide,County Official Newspaper Divide,,,The Journal,821
Divide,County Recorder Divide,,,Chrissy Running,945
Divide,County Recorder Divide,,,write-in,1
Divide,County Sheriff Divide,,,Shawn Holm,372
Divide,County Sheriff Divide,,,Zachary Schroeder,650
Divide,County Sheriff Divide,,,write-in,1
Divide,County State's Attorney Divide,,,Liz Pendlay,476
Divide,County State's Attorney Divide,,,Seymour Jordan,531
Divide,County State's Attorney Divide,,,write-in,1
Divide,Initiated Constitutional Measure No. 1 Relating to Term Limits of the Governor and the Legislature,,,No,382
Divide,Initiated Constitutional Measure No. 1 Relating to Term Limits of the Governor and the Legislature,,,Yes,626
Divide,"Initiated Statutory Measure No. 2 Relating to the Legalization, Production, Processing, Sale, and Possession of Cannabis.",,,No,633
Divide,"Initiated Statutory Measure No. 2 Relating to the Legalization, Production, Processing, Sale, and Possession of Cannabis.",,,Yes,384
Divide,Judge of the District Court No. 1 Northwest,,,Josh B Rustad,861
Divide,Judge of the District Court No. 1 Northwest,,,write-in,7
Divide,Judge of the District Court No. 5 Northwest,,,Daniel S El-Dweek,839
Divide,Judge of the District Court No. 5 Northwest,,,write-in,4
Divide,Judge of the District Court No. 6 Northwest,,,Kirsten M Sjue,851
Divide,Judge of the District Court No. 6 Northwest,,,write-in,6
Divide,Justice of the Supreme Court,,,Daniel J Crothers,844
Divide,Justice of the Supreme Court,,,write-in,7
Divide,Public Service Commissioner,,,Julie Fedorchak,792
Divide,Public Service Commissioner,,,Melanie Moniz,188
Divide,Public Service Commissioner,,,write-in,0
Divide,Public Service Commissioner Unexpired 4-Year Term,,,Sheri Haugen-Hoffart,771
Divide,Public Service Commissioner Unexpired 4-Year Term,,,Trygve Hammer,205
Divide,Public Service Commissioner Unexpired 4-Year Term,,,write-in,0
Divide,Secretary of State,,,Charles Tuttle,81
Divide,Secretary of State,,,Jeffrey Powell,200
Divide,Secretary of State,,,Michael Howe,711
Divide,Secretary of State,,,write-in,0
Divide,"Supervisor, Soil Conservation District Divide County Soil Conservation District",,,write-in,220
Divide,Tax Commissioner,,,Brian Kroshus,903
Divide,Tax Commissioner,,,write-in,9
Divide,U.S. House,1,,Cara Mund,287
Divide,U.S. House,1,,Kelly Armstrong,733
Divide,U.S. House,1,,write-in,1
Divide,U.S. Senate,,,John Hoeven,657
Divide,U.S. Senate,,,Katrina Christiansen,161
Divide,U.S. Senate,,,Rick Becker,206
Divide,U.S. Senate,,,write-in,0
Dunn,Agriculture Commissioner,,,Doug Goehring,1422
Dunn,Agriculture Commissioner,,,Fintan L Dooley,208
Dunn,Agriculture Commissioner,,,write-in,2
Dunn,Attorney General,,,Drew Wrigley,1351
Dunn,Attorney General,,,Timothy Charles Lamb,257
Dunn,Attorney General,,,write-in,1
Dunn,County Auditor/Treasurer Dunn,,,Jason North,301
Dunn,County Auditor/Treasurer Dunn,,,Jessica (Gunwall) Kirchoffner,1176
Dunn,County Auditor/Treasurer Dunn,,,write-in,1
Dunn,County Commissioner at Large Dunn,,,Craig Pelton,811
Dunn,County Commissioner at Large Dunn,,,Dave Olson,688
Dunn,County Commissioner at Large Dunn,,,JoAnn Marsh,691
Dunn,County Commissioner at Large Dunn,,,Robert H Kleemann,756
Dunn,County Commissioner at Large Dunn,,,Tim R Steffan,579
Dunn,County Commissioner at Large Dunn,,,Tracey Dolezal,892
Dunn,County Commissioner at Large Dunn,,,write-in,9
Dunn,County Official Newspaper Dunn,,,The Beacon,718
Dunn,County Official Newspaper Dunn,,,The Dickinson Press,818
Dunn,County Recorder/Clerk of District Court Dunn,,,Lisa A Guenther,1452
Dunn,County Recorder/Clerk of District Court Dunn,,,write-in,9
Dunn,County Sheriff Dunn,,,Gary Kuhn,964
Dunn,County Sheriff Dunn,,,Ron McCloud,628
Dunn,County Sheriff Dunn,,,write-in,10
Dunn,County State's Attorney Dunn,,,Christina Kissinger,863
Dunn,County State's Attorney Dunn,,,Stephenie Davis,605
Dunn,County State's Attorney Dunn,,,write-in,2
Dunn,Initiated Constitutional Measure No. 1 Relating to Term Limits of the Governor and the Legislature,,,No,682
Dunn,Initiated Constitutional Measure No. 1 Relating to Term Limits of the Governor and the Legislature,,,Yes,949
Dunn,"Initiated Statutory Measure No. 2 Relating to the Legalization, Production, Processing, Sale, and Possession of Cannabis.",,,No,1080
Dunn,"Initiated Statutory Measure No. 2 Relating to the Legalization, Production, Processing, Sale, and Possession of Cannabis.",,,Yes,562
Dunn,Judge of the District Court No. 2 Southwest,,,William A Herauf,1381
Dunn,Judge of the District Court No. 2 Southwest,,,write-in,8
Dunn,Judge of the District Court No. 4 Southwest,,,Rhonda R Ehlis,1363
Dunn,Judge of the District Court No. 4 Southwest,,,write-in,9
Dunn,Justice of the Supreme Court,,,Daniel J Crothers,1353
Dunn,Justice of the Supreme Court,,,write-in,9
Dunn,Public Service Commissioner,,,Julie Fedorchak,1373
Dunn,Public Service Commissioner,,,Melanie Moniz,228
Dunn,Public Service Commissioner,,,write-in,1
Dunn,Public Service Commissioner Unexpired 4-Year Term,,,Sheri Haugen-Hoffart,1358
Dunn,Public Service Commissioner Unexpired 4-Year Term,,,Trygve Hammer,235
Dunn,Public Service Commissioner Unexpired 4-Year Term,,,write-in,1
Dunn,Secretary of State,,,Charles Tuttle,151
Dunn,Secretary of State,,,Jeffrey Powell,219
Dunn,Secretary of State,,,Michael Howe,1244
Dunn,Secretary of State,,,write-in,0
Dunn,State House,39,,Keith Kempenich,178
Dunn,State House,39,,Mike Schatz,196
Dunn,State House,39,,write-in,7
Dunn,State House Unexpired 2-Year Term,26,,Jeremy Olson,959
Dunn,State House Unexpired 2-Year Term,26,,Kelby Timmons,765
Dunn,State House Unexpired 2-Year Term,26,,write-in,6
Dunn,State House Unexpired 2-Year Term,36,,Dori Hauck,14
Dunn,State House Unexpired 2-Year Term,36,,Gary Kreidt,7
Dunn,State House Unexpired 2-Year Term,36,,write-in,0
Dunn,State House Unexpired 2-Year Term,4a,,Lisa Finley-DeVille,97
Dunn,State House Unexpired 2-Year Term,4a,,Terry Burton Jones,20
Dunn,State House Unexpired 2-Year Term,4a,,write-in,0
Dunn,State Senate,39,,Greg Kessel,177
Dunn,State Senate,39,,Thea Lee,67
Dunn,State Senate,39,,write-in,0
Dunn,State Senate Unexpired 2-Year Term,26,,Dale Patten,1114
Dunn,State Senate Unexpired 2-Year Term,26,,write-in,5
Dunn,State Senate Unexpired 2-Year Term,36,,Jay Elkin,13
Dunn,State Senate Unexpired 2-Year Term,36,,write-in,0
Dunn,"Supervisor, Soil Conservation District Dunn County Soil Conservation District",,,write-in,206
Dunn,Tax Commissioner,,,Brian Kroshus,1424
Dunn,Tax Commissioner,,,write-in,13
Dunn,U.S. House,1,,Cara Mund,344
Dunn,U.S. House,1,,Kelly Armstrong,1301
Dunn,U.S. House,1,,write-in,3
Dunn,U.S. Senate,,,John Hoeven,1107
Dunn,U.S. Senate,,,Katrina Christiansen,189
Dunn,U.S. Senate,,,Rick Becker,356
Dunn,U.S. Senate,,,write-in,1
Eddy,Agriculture Commissioner,,,Doug Goehring,728
Eddy,Agriculture Commissioner,,,Fintan L Dooley,195
Eddy,Agriculture Commissioner,,,write-in,3
Eddy,Attorney General,,,Drew Wrigley,686
Eddy,Attorney General,,,Timothy Charles Lamb,241
Eddy,Attorney General,,,write-in,1
Eddy,County Auditor Eddy,,,Patty Williams,874
Eddy,County Auditor Eddy,,,write-in,4
Eddy,County Commissioner Eddy - Districts At-Large,,,Dale Rosenberg,373
Eddy,County Commissioner Eddy - Districts At-Large,,,Dave Gehrtz,407
Eddy,County Commissioner Eddy - Districts At-Large,,,James Allmaras,623
Eddy,County Commissioner Eddy - Districts At-Large,,,Jeff Pfau,300
Eddy,County Commissioner Eddy - Districts At-Large,,,write-in,4
Eddy,County Official Newspaper Eddy,,,New Rockford Transcript,860
Eddy,County Recorder/Clerk of District Court Eddy,,,Tiffany Harr,844
Eddy,County Recorder/Clerk of District Court Eddy,,,write-in,3
Eddy,County Sheriff Eddy,,,Paul Lies,829
Eddy,County Sheriff Eddy,,,write-in,19
Eddy,County State's Attorney Eddy,,,Ashley L. Lies,790
Eddy,County State's Attorney Eddy,,,write-in,33
Eddy,County Treasurer Eddy,,,Kathy Anderson,843
Eddy,County Treasurer Eddy,,,write-in,7
Eddy,Initiated Constitutional Measure No. 1 Relating to Term Limits of the Governor and the Legislature,,,No,376
Eddy,Initiated Constitutional Measure No. 1 Relating to Term Limits of the Governor and the Legislature,,,Yes,559
Eddy,"Initiated Statutory Measure No. 2 Relating to the Legalization, Production, Processing, Sale, and Possession of Cannabis.",,,No,626
Eddy,"Initiated Statutory Measure No. 2 Relating to the Legalization, Production, Processing, Sale, and Possession of Cannabis.",,,Yes,309
Eddy,Judge of the District Court No. 2 Southeast,,,Nick D Thornton,386
Eddy,Judge of the District Court No. 2 Southeast,,,Paul C Murphy,429
Eddy,Judge of the District Court No. 2 Southeast,,,write-in,2
Eddy,Judge of the District Court No. 4 Southeast,,,James D Hovey,778
Eddy,Judge of the District Court No. 4 Southeast,,,write-in,22
Eddy,Judge of the District Court No. 5 Southeast,,,Daniel D Narum,757
Eddy,Judge of the District Court No. 5 Southeast,,,write-in,3
Eddy,Judge of the District Court No. 6 Southeast,,,Jay Schmitz,750
Eddy,Judge of the District Court No. 6 Southeast,,,write-in,4
Eddy,Judge of the District Court No. 7 Southeast,,,Troy J LeFevre,748
Eddy,Judge of the District Court No. 7 Southeast,,,write-in,4
Eddy,Justice of the Supreme Court,,,Daniel J Crothers,776
Eddy,Justice of the Supreme Court,,,write-in,2
Eddy,Public Service Commissioner,,,Julie Fedorchak,664
Eddy,Public Service Commissioner,,,Melanie Moniz,243
Eddy,Public Service Commissioner,,,write-in,1
Eddy,Public Service Commissioner Unexpired 4-Year Term,,,Sheri Haugen-Hoffart,658
Eddy,Public Service Commissioner Unexpired 4-Year Term,,,Trygve Hammer,247
Eddy,Public Service Commissioner Unexpired 4-Year Term,,,write-in,1
Eddy,Secretary of State,,,Charles Tuttle,90
Eddy,Secretary of State,,,Jeffrey Powell,226
Eddy,Secretary of State,,,Michael Howe,595
Eddy,Secretary of State,,,write-in,1
Eddy,State House,15,,Dennis Johnson,39
Eddy,State House,15,,Heather Lawrence-Skadsem,19
Eddy,State House,15,,Kathy Frelich,37
Eddy,State House,15,,write-in,0
Eddy,State Senate,15,,Collette Brown,22
Eddy,State Senate,15,,Judy Estenson,41
Eddy,State Senate,15,,write-in,0
Eddy,"Supervisor, Soil Conservation District Eddy County Soil Conservation District",,,Jeremy Schmaltz,832
Eddy,"Supervisor, Soil Conservation District Eddy County Soil Conservation District",,,write-in,6
Eddy,Tax Commissioner,,,Brian Kroshus,557
Eddy,Tax Commissioner,,,write-in,10
Eddy,U.S. House,1,,Cara Mund,299
Eddy,U.S. House,1,,Kelly Armstrong,633
Eddy,U.S. House,1,,write-in,1
Eddy,U.S. Senate,,,John Hoeven,543
Eddy,U.S. Senate,,,Katrina Christiansen,204
Eddy,U.S. Senate,,,Rick Becker,188
Eddy,U.S. Senate,,,write-in,1
Emmons,911 Measure 15 - Emmons,,,No,683
Emmons,911 Measure 15 - Emmons,,,Yes,841
Emmons,Agriculture Commissioner,,,Doug Goehring,1374
Emmons,Agriculture Commissioner,,,Fintan L Dooley,120
Emmons,Agriculture Commissioner,,,write-in,8
Emmons,Attorney General,,,Drew Wrigley,1313
Emmons,Attorney General,,,Timothy Charles Lamb,150
Emmons,Attorney General,,,write-in,10
Emmons,County Auditor/Treasurer Emmons,,,Marlys Ohlhauser,1393
Emmons,County Auditor/Treasurer Emmons,,,write-in,11
Emmons,County Commissioner At Large By District Emmons - District 2,,,Eric Vetter,683
Emmons,County Commissioner At Large By District Emmons - District 2,,,Erin Magrum,826
Emmons,County Commissioner At Large By District Emmons - District 2,,,write-in,4
Emmons,County Commissioner At Large By District Emmons - District 4,,,Dan Materi,826
Emmons,County Commissioner At Large By District Emmons - District 4,,,Leonard Weichel,586
Emmons,County Commissioner At Large By District Emmons - District 4,,,write-in,20
Emmons,County Official Newspaper Emmons,,,Emmons County Record,1252
Emmons,County Recorder/Clerk of District Court Emmons,,,Anita Ibach,1383
Emmons,County Recorder/Clerk of District Court Emmons,,,write-in,10
Emmons,County Road and Bridge Levy Measure 15 - Emmons,,,No,759
Emmons,County Road and Bridge Levy Measure 15 - Emmons,,,Yes,752
Emmons,County Sheriff Emmons,,,Gary Sanders,1405
Emmons,County Sheriff Emmons,,,write-in,15
Emmons,County State's Attorney Emmons,,,Joe Hanson,1330
Emmons,County State's Attorney Emmons,,,write-in,13
Emmons,Initiated Constitutional Measure No. 1 Relating to Term Limits of the Governor and the Legislature,,,No,596
Emmons,Initiated Constitutional Measure No. 1 Relating to Term Limits of the Governor and the Legislature,,,Yes,909
Emmons,"Initiated Statutory Measure No. 2 Relating to the Legalization, Production, Processing, Sale, and Possession of Cannabis.",,,No,1132
Emmons,"Initiated Statutory Measure No. 2 Relating to the Legalization, Production, Processing, Sale, and Possession of Cannabis.",,,Yes,396
Emmons,Judge of the District Court No. 10 Unexpired 4-Year Term South Central,,,Pamela Nesvig,1198
Emmons,Judge of the District Court No. 10 Unexpired 4-Year Term South Central,,,write-in,5
Emmons,Judge of the District Court No. 2 South Central,,,Douglas A Bahr,1212
Emmons,Judge of the District Court No. 2 South Central,,,write-in,5
Emmons,Judge of the District Court No. 5 South Central,,,Cynthia M Feland,1213
Emmons,Judge of the District Court No. 5 South Central,,,write-in,7
Emmons,Judge of the District Court No. 6 Unexpired 4-Year Term South Central,,,Bobbi Weiler,1209
Emmons,Judge of the District Court No. 6 Unexpired 4-Year Term South Central,,,write-in,7
Emmons,Justice of the Supreme Court,,,Daniel J Crothers,1212
Emmons,Justice of the Supreme Court,,,write-in,8
Emmons,Public Service Commissioner,,,Julie Fedorchak,1311
Emmons,Public Service Commissioner,,,Melanie Moniz,141
Emmons,Public Service Commissioner,,,write-in,5
Emmons,Public Service Commissioner Unexpired 4-Year Term,,,Sheri Haugen-Hoffart,1281
Emmons,Public Service Commissioner Unexpired 4-Year Term,,,Trygve Hammer,159
Emmons,Public Service Commissioner Unexpired 4-Year Term,,,write-in,5
Emmons,Secretary of State,,,Charles Tuttle,161
Emmons,Secretary of State,,,Jeffrey Powell,129
Emmons,Secretary of State,,,Michael Howe,1181
Emmons,Secretary of State,,,write-in,3
Emmons,State House Unexpired 2-Year Term,8,,Brandon Prichard,1068
Emmons,State House Unexpired 2-Year Term,8,,SuAnn Olson,986
Emmons,State House Unexpired 2-Year Term,8,,write-in,40
Emmons,State Senate Unexpired 2-Year Term,8,,Jeffery J Magrum,1251
Emmons,State Senate Unexpired 2-Year Term,8,,write-in,61
Emmons,"Supervisor, Soil Conservation District Emmons County Soil Conservation District",,,write-in,200
Emmons,Tax Commissioner,,,Brian Kroshus,1347
Emmons,Tax Commissioner,,,write-in,7
Emmons,U.S. House,1,,Cara Mund,301
Emmons,U.S. House,1,,Kelly Armstrong,1212
Emmons,U.S. House,1,,write-in,4
Emmons,U.S. Senate,,,John Hoeven,915
Emmons,U.S. Senate,,,Katrina Christiansen,106
Emmons,U.S. Senate,,,Rick Becker,518
Emmons,U.S. Senate,,,write-in,3
Foster,Agriculture Commissioner,,,Doug Goehring,1040
Foster,Agriculture Commissioner,,,Fintan L Dooley,187
Foster,Agriculture Commissioner,,,write-in,1
Foster,Attorney General,,,Drew Wrigley,997
Foster,Attorney General,,,Timothy Charles Lamb,228
Foster,Attorney General,,,write-in,1
Foster,County Auditor Foster,,,Ellen Roundy,1156
Foster,County Auditor Foster,,,write-in,3
Foster,County Commissioner By District Foster - Commissioner District 2,,,Alan Scanson,197
Foster,County Commissioner By District Foster - Commissioner District 2,,,write-in,8
Foster,County Commissioner By District Foster - Commissioner District 4,,,Scott Beumer,242
Foster,County Commissioner By District Foster - Commissioner District 4,,,write-in,3
Foster,County Official Newspaper Foster,,,Foster County Independent,1167
Foster,County Recorder Foster,,,Lynelle Lyman Hoppe,1159
Foster,County Recorder Foster,,,write-in,18
Foster,County Sheriff Foster,,,Justin Johnson,1186
Foster,County Sheriff Foster,,,write-in,10
Foster,County State's Attorney Foster,,,Kara Brinster,1096
Foster,County State's Attorney Foster,,,write-in,27
Foster,County Treasurer Foster,,,Dianne Hertel,1144
Foster,County Treasurer Foster,,,write-in,11
Foster,Foster County Historical Society Mill Levy 16 - Foster,,,No,488
Foster,Foster County Historical Society Mill Levy 16 - Foster,,,Yes,759
Foster,Initiated Constitutional Measure No. 1 Relating to Term Limits of the Governor and the Legislature,,,No,501
Foster,Initiated Constitutional Measure No. 1 Relating to Term Limits of the Governor and the Legislature,,,Yes,725
Foster,"Initiated Statutory Measure No. 2 Relating to the Legalization, Production, Processing, Sale, and Possession of Cannabis.",,,No,820
Foster,"Initiated Statutory Measure No. 2 Relating to the Legalization, Production, Processing, Sale, and Possession of Cannabis.",,,Yes,422
Foster,Judge of the District Court No. 2 Southeast,,,Nick D Thornton,658
Foster,Judge of the District Court No. 2 Southeast,,,Paul C Murphy,560
Foster,Judge of the District Court No. 2 Southeast,,,write-in,0
Foster,Judge of the District Court No. 4 Southeast,,,James D Hovey,1101
Foster,Judge of the District Court No. 4 Southeast,,,write-in,5
Foster,Judge of the District Court No. 5 Southeast,,,Daniel D Narum,1063
Foster,Judge of the District Court No. 5 Southeast,,,write-in,5
Foster,Judge of the District Court No. 6 Southeast,,,Jay Schmitz,1052
Foster,Judge of the District Court No. 6 Southeast,,,write-in,4
Foster,Judge of the District Court No. 7 Southeast,,,Troy J LeFevre,1047
Foster,Judge of the District Court No. 7 Southeast,,,write-in,5
Foster,Justice of the Supreme Court,,,Daniel J Crothers,1057
Foster,Justice of the Supreme Court,,,write-in,5
Foster,Public Service Commissioner,,,Julie Fedorchak,949
Foster,Public Service Commissioner,,,Melanie Moniz,257
Foster,Public Service Commissioner,,,write-in,0
Foster,Public Service Commissioner Unexpired 4-Year Term,,,Sheri Haugen-Hoffart,952
Foster,Public Service Commissioner Unexpired 4-Year Term,,,Trygve Hammer,248
Foster,Public Service Commissioner Unexpired 4-Year Term,,,write-in,1
Foster,Secretary of State,,,Charles Tuttle,129
Foster,Secretary of State,,,Jeffrey Powell,222
Foster,Secretary of State,,,Michael Howe,866
Foster,Secretary of State,,,write-in,1
Foster,State House,29,,Charles Linderman,307
Foster,State House,29,,Craig Headland,870
Foster,State House,29,,Don Vigesaa,811
Foster,State House,29,,write-in,4
Foster,State Senate,29,,Ben Vig,233
Foster,State Senate,29,,Terry M Wanzek,1002
Foster,State Senate,29,,write-in,2
Foster,"Supervisor, Soil Conservation District Foster County Soil Conservation District",,,Curtiss Klein,1141
Foster,"Supervisor, Soil Conservation District Foster County Soil Conservation District",,,write-in,13
Foster,Tax Commissioner,,,Brian Kroshus,1079
Foster,Tax Commissioner,,,write-in,7
Foster,U.S. House,1,,Cara Mund,342
Foster,U.S. House,1,,Kelly Armstrong,896
Foster,U.S. House,1,,write-in,1
Foster,U.S. Senate,,,John Hoeven,798
Foster,U.S. Senate,,,Katrina Christiansen,198
Foster,U.S. Senate,,,Rick Becker,263
Foster,U.S. Senate,,,write-in,0
Golden Valley,Agriculture Commissioner,,,Doug Goehring,675
Golden Valley,Agriculture Commissioner,,,Fintan L Dooley,87
Golden Valley,Agriculture Commissioner,,,write-in,2
Golden Valley,Attorney General,,,Drew Wrigley,638
Golden Valley,Attorney General,,,Timothy Charles Lamb,107
Golden Valley,Attorney General,,,write-in,1
Golden Valley,County Auditor Golden Valley,,,Tamra Sperry,683
Golden Valley,County Auditor Golden Valley,,,write-in,18
Golden Valley,County Commissioner By District Golden Valley - District 1,,,Robert Schmeling,584
Golden Valley,County Commissioner By District Golden Valley - District 1,,,write-in,40
Golden Valley,County Commissioner By District Golden Valley - District 3,,,Paul J Schmitz,356
Golden Valley,County Commissioner By District Golden Valley - District 3,,,Rory Farstveet,391
Golden Valley,County Commissioner By District Golden Valley - District 3,,,write-in,4
Golden Valley,County Official Newspaper Golden Valley,,,Golden Valley News,612
Golden Valley,County Recorder/Clerk of District Court Golden Valley,,,Rachel Keohane,689
Golden Valley,County Recorder/Clerk of District Court Golden Valley,,,write-in,6
Golden Valley,County Sheriff Golden Valley,,,Dey J Muckle,715
Golden Valley,County Sheriff Golden Valley,,,write-in,19
Golden Valley,County Treasurer Golden Valley,,,Candie Loftsgard,383
Golden Valley,County Treasurer Golden Valley,,,Tiffanie Smith,352
Golden Valley,County Treasurer Golden Valley,,,write-in,1
Golden Valley,Initiated Constitutional Measure No. 1 Relating to Term Limits of the Governor and the Legislature,,,No,286
Golden Valley,Initiated Constitutional Measure No. 1 Relating to Term Limits of the Governor and the Legislature,,,Yes,475
Golden Valley,"Initiated Statutory Measure No. 2 Relating to the Legalization, Production, Processing, Sale, and Possession of Cannabis.",,,No,532
Golden Valley,"Initiated Statutory Measure No. 2 Relating to the Legalization, Production, Processing, Sale, and Possession of Cannabis.",,,Yes,238
Golden Valley,Judge of the District Court No. 2 Southwest,,,William A Herauf,638
Golden Valley,Judge of the District Court No. 2 Southwest,,,write-in,3
Golden Valley,Judge of the District Court No. 4 Southwest,,,Rhonda R Ehlis,632
Golden Valley,Judge of the District Court No. 4 Southwest,,,write-in,4
Golden Valley,Justice of the Supreme Court,,,Daniel J Crothers,626
Golden Valley,Justice of the Supreme Court,,,write-in,2
Golden Valley,Public Service Commissioner,,,Julie Fedorchak,653
Golden Valley,Public Service Commissioner,,,Melanie Moniz,90
Golden Valley,Public Service Commissioner,,,write-in,1
Golden Valley,Public Service Commissioner Unexpired 4-Year Term,,,Sheri Haugen-Hoffart,639
Golden Valley,Public Service Commissioner Unexpired 4-Year Term,,,Trygve Hammer,98
Golden Valley,Public Service Commissioner Unexpired 4-Year Term,,,write-in,2
Golden Valley,Secretary of State,,,Charles Tuttle,74
Golden Valley,Secretary of State,,,Jeffrey Powell,94
Golden Valley,Secretary of State,,,Michael Howe,584
Golden Valley,Secretary of State,,,write-in,1
Golden Valley,State House,39,,Keith Kempenich,522
Golden Valley,State House,39,,Mike Schatz,495
Golden Valley,State House,39,,write-in,13
Golden Valley,State Senate,39,,Greg Kessel,440
Golden Valley,State Senate,39,,Thea Lee,321
Golden Valley,State Senate,39,,write-in,2
Golden Valley,"Supervisor, Soil Conservation District Golden Valley County Soil Conservation District",,,write-in,104
Golden Valley,Tax Commissioner,,,Brian Kroshus,672
Golden Valley,Tax Commissioner,,,write-in,7
Golden Valley,U.S. House,1,,Cara Mund,155
Golden Valley,U.S. House,1,,Kelly Armstrong,615
Golden Valley,U.S. House,1,,write-in,2
Golden Valley,U.S. Senate,,,John Hoeven,551
Golden Valley,U.S. Senate,,,Katrina Christiansen,78
Golden Valley,U.S. Senate,,,Rick Becker,149
Golden Valley,U.S. Senate,,,write-in,0
Grand Forks,Agriculture Commissioner,,,Doug Goehring,12292
Grand Forks,Agriculture Commissioner,,,Fintan L Dooley,6007
Grand Forks,Agriculture Commissioner,,,write-in,27
Grand Forks,Attorney General,,,Drew Wrigley,11727
Grand Forks,Attorney General,,,Timothy Charles Lamb,6645
Grand Forks,Attorney General,,,write-in,57
Grand Forks,County Commissioner Grand Forks,,,Bob Rost,9279
Grand Forks,County Commissioner Grand Forks,,,K.C. Inman,4370
Grand Forks,County Commissioner Grand Forks,,,Kimberly Hagen,7857
Grand Forks,County Commissioner Grand Forks,,,Lon Kvasager,6705
Grand Forks,County Commissioner Grand Forks,,,Mark Rustad,6734
Grand Forks,County Commissioner Grand Forks,,,Tom Falck,5607
Grand Forks,County Commissioner Grand Forks,,,write-in,208
Grand Forks,County Official Newspaper Grand Forks,,,Grand Forks Herald,14469
Grand Forks,County Sheriff Grand Forks,,,Andy Schneider,15665
Grand Forks,County Sheriff Grand Forks,,,write-in,202
Grand Forks,County State's Attorney Grand Forks,,,Haley Wamstad,14748
Grand Forks,County State's Attorney Grand Forks,,,write-in,152
Grand Forks,Home Rule Charter 18 - Grand Forks,,,No,8384
Grand Forks,Home Rule Charter 18 - Grand Forks,,,Yes,8400
Grand Forks,Home Rule Charter Addendum - 1/2 percent sales tax 18 - Grand Forks,,,No,9026
Grand Forks,Home Rule Charter Addendum - 1/2 percent sales tax 18 - Grand Forks,,,Yes,9001
Grand Forks,Initiated Constitutional Measure No. 1 Relating to Term Limits of the Governor and the Legislature,,,No,6160
Grand Forks,Initiated Constitutional Measure No. 1 Relating to Term Limits of the Governor and the Legislature,,,Yes,12411
Grand Forks,"Initiated Statutory Measure No. 2 Relating to the Legalization, Production, Processing, Sale, and Possession of Cannabis.",,,No,9128
Grand Forks,"Initiated Statutory Measure No. 2 Relating to the Legalization, Production, Processing, Sale, and Possession of Cannabis.",,,Yes,9577
Grand Forks,Judge of the District Court No. 1 Northeast Central,,,Don Hager,14472
Grand Forks,Judge of the District Court No. 1 Northeast Central,,,write-in,120
Grand Forks,Judge of the District Court No. 3 Northeast Central,,,Jay Knudson,14254
Grand Forks,Judge of the District Court No. 3 Northeast Central,,,write-in,116
Grand Forks,Justice of the Supreme Court,,,Daniel J Crothers,14244
Grand Forks,Justice of the Supreme Court,,,write-in,160
Grand Forks,Public Service Commissioner,,,Julie Fedorchak,11158
Grand Forks,Public Service Commissioner,,,Melanie Moniz,6932
Grand Forks,Public Service Commissioner,,,write-in,24
Grand Forks,Public Service Commissioner Unexpired 4-Year Term,,,Sheri Haugen-Hoffart,11119
Grand Forks,Public Service Commissioner Unexpired 4-Year Term,,,Trygve Hammer,6848
Grand Forks,Public Service Commissioner Unexpired 4-Year Term,,,write-in,23
Grand Forks,Secretary of State,,,Charles Tuttle,1257
Grand Forks,Secretary of State,,,Jeffrey Powell,6817
Grand Forks,Secretary of State,,,Michael Howe,10303
Grand Forks,Secretary of State,,,write-in,16
Grand Forks,State House,17,,Landon Bahl,2853
Grand Forks,State House,17,,Mark Sanford,3899
Grand Forks,State House,17,,write-in,109
Grand Forks,State House,43,,Eric J Murphy,1759
Grand Forks,State House,43,,Ethan Harsell,1582
Grand Forks,State House,43,,Mary Adams,1714
Grand Forks,State House,43,,Zachary Ista,1717
Grand Forks,State House,43,,write-in,9
Grand Forks,State House Unexpired 2-Year Term,20,,Cathy (Kit) Brenan,550
Grand Forks,State House Unexpired 2-Year Term,20,,Jared Hagert,1889
Grand Forks,State House Unexpired 2-Year Term,20,,Mike Beltz,1627
Grand Forks,State House Unexpired 2-Year Term,20,,Thomas Passa,567
Grand Forks,State House Unexpired 2-Year Term,20,,write-in,10
Grand Forks,State Senate,17,,Jonathan L Sickler,4025
Grand Forks,State Senate,17,,write-in,100
Grand Forks,State Senate,43,,Jeff Barta,1963
Grand Forks,State Senate,43,,JoNell Bakke,1738
Grand Forks,State Senate,43,,write-in,5
Grand Forks,State Senate Unexpired 2-Year Term,20,,Paul R Hanson,690
Grand Forks,State Senate Unexpired 2-Year Term,20,,Randy D Lemm,2093
Grand Forks,State Senate Unexpired 2-Year Term,20,,write-in,6
Grand Forks,"Supervisor, Soil Conservation District Grand Forks County Soil Conservation District",,,Emily Montgomery,14754
Grand Forks,"Supervisor, Soil Conservation District Grand Forks County Soil Conservation District",,,write-in,70
Grand Forks,Tax Commissioner,,,Brian Kroshus,14111
Grand Forks,Tax Commissioner,,,write-in,356
Grand Forks,U.S. House,1,,Cara Mund,8119
Grand Forks,U.S. House,1,,Kelly Armstrong,10560
Grand Forks,U.S. House,1,,write-in,45
Grand Forks,U.S. Senate,,,John Hoeven,9954
Grand Forks,U.S. Senate,,,Katrina Christiansen,6474
Grand Forks,U.S. Senate,,,Rick Becker,2438
Grand Forks,U.S. Senate,,,write-in,21
Grant,Agriculture Commissioner,,,Doug Goehring,990
Grant,Agriculture Commissioner,,,Fintan L Dooley,109
Grant,Agriculture Commissioner,,,write-in,0
Grant,Attorney General,,,Drew Wrigley,933
Grant,Attorney General,,,Timothy Charles Lamb,151
Grant,Attorney General,,,write-in,1
Grant,County Auditor/Treasurer Grant,,,Sara Meier,991
Grant,County Auditor/Treasurer Grant,,,write-in,8
Grant,County Commissioner By District Grant - District 3,,,Alton Zenker,664
Grant,County Commissioner By District Grant - District 3,,,Kenneth James Koch,389
Grant,County Commissioner By District Grant - District 3,,,write-in,0
Grant,County Commissioner Unexpired 2-Year Term Grant - District 1,,,Marty L Meyer,981
Grant,County Commissioner Unexpired 2-Year Term Grant - District 1,,,write-in,19
Grant,County Official Newspaper Grant,,,Grant County News,977
Grant,County Recorder/Clerk of District Court Grant,,,Julie Fischer,982
Grant,County Recorder/Clerk of District Court Grant,,,write-in,4
Grant,County Sheriff Grant,,,Garrett Harding,995
Grant,County Sheriff Grant,,,write-in,9
Grant,County State's Attorney Grant,,,write-in,66
Grant,Initiated Constitutional Measure No. 1 Relating to Term Limits of the Governor and the Legislature,,,No,458
Grant,Initiated Constitutional Measure No. 1 Relating to Term Limits of the Governor and the Legislature,,,Yes,648
Grant,"Initiated Statutory Measure No. 2 Relating to the Legalization, Production, Processing, Sale, and Possession of Cannabis.",,,No,793
Grant,"Initiated Statutory Measure No. 2 Relating to the Legalization, Production, Processing, Sale, and Possession of Cannabis.",,,Yes,309
Grant,Judge of the District Court No. 10 Unexpired 4-Year Term South Central,,,Pamela Nesvig,906
Grant,Judge of the District Court No. 10 Unexpired 4-Year Term South Central,,,write-in,3
Grant,Judge of the District Court No. 2 South Central,,,Douglas A Bahr,914
Grant,Judge of the District Court No. 2 South Central,,,write-in,4
Grant,Judge of the District Court No. 5 South Central,,,Cynthia M Feland,888
Grant,Judge of the District Court No. 5 South Central,,,write-in,5
Grant,Judge of the District Court No. 6 Unexpired 4-Year Term South Central,,,Bobbi Weiler,908
Grant,Judge of the District Court No. 6 Unexpired 4-Year Term South Central,,,write-in,3
Grant,Justice of the Supreme Court,,,Daniel J Crothers,923
Grant,Justice of the Supreme Court,,,write-in,7
Grant,Public Service Commissioner,,,Julie Fedorchak,946
Grant,Public Service Commissioner,,,Melanie Moniz,133
Grant,Public Service Commissioner,,,write-in,0
Grant,Public Service Commissioner Unexpired 4-Year Term,,,Sheri Haugen-Hoffart,919
Grant,Public Service Commissioner Unexpired 4-Year Term,,,Trygve Hammer,153
Grant,Public Service Commissioner Unexpired 4-Year Term,,,write-in,1
Grant,Secretary of State,,,Charles Tuttle,87
Grant,Secretary of State,,,Jeffrey Powell,128
Grant,Secretary of State,,,Michael Howe,871
Grant,Secretary of State,,,write-in,0
Grant,State House,31,,Dawson Holle,859
Grant,State House,31,,Karen Rohr,832
Grant,State House,31,,Mike Faith,158
Grant,State House,31,,write-in,3
Grant,State Senate,31,,Donald Schaible,994
Grant,State Senate,31,,write-in,5
Grant,Tax Commissioner,,,Brian Kroshus,983
Grant,Tax Commissioner,,,write-in,6
Grant,U.S. House,1,,Cara Mund,230
Grant,U.S. House,1,,Kelly Armstrong,871
Grant,U.S. House,1,,write-in,3
Grant,U.S. Senate,,,John Hoeven,755
Grant,U.S. Senate,,,Katrina Christiansen,103
Grant,U.S. Senate,,,Rick Becker,256
Grant,U.S. Senate,,,write-in,0
Griggs,Agriculture Commissioner,,,Doug Goehring,797
Griggs,Agriculture Commissioner,,,Fintan L Dooley,172
Griggs,Agriculture Commissioner,,,write-in,2
Griggs,Attorney General,,,Drew Wrigley,747
Griggs,Attorney General,,,Timothy Charles Lamb,218
Griggs,Attorney General,,,write-in,2
Griggs,County Auditor Griggs,,,Samantha Larson,887
Griggs,County Auditor Griggs,,,write-in,11
Griggs,County Commissioner By District Griggs - District 1,,,John Wakefield,111
Griggs,County Commissioner By District Griggs - District 1,,,write-in,41
Griggs,County Commissioner By District Griggs - District 3,,,Jim Berdal,72
Griggs,County Commissioner By District Griggs - District 3,,,Rodd Zorn,88
Griggs,County Commissioner By District Griggs - District 3,,,write-in,0
Griggs,County Commissioner By District Griggs - District 5,,,Dale Pedersen,76
Griggs,County Commissioner By District Griggs - District 5,,,Josh Averill,121
Griggs,County Commissioner By District Griggs - District 5,,,write-in,0
Griggs,County Official Newspaper Griggs,,,Griggs County Courier,831
Griggs,County Recorder/Clerk of District Court Griggs,,,Kelly Vincent,902
Griggs,County Recorder/Clerk of District Court Griggs,,,write-in,8
Griggs,County Sheriff Griggs,,,write-in,658
Griggs,County State's Attorney Griggs,,,Jayme Tenneson,811
Griggs,County State's Attorney Griggs,,,write-in,23
Griggs,County Treasurer Griggs,,,Madison Eli,884
Griggs,County Treasurer Griggs,,,write-in,6
Griggs,Initiated Constitutional Measure No. 1 Relating to Term Limits of the Governor and the Legislature,,,No,375
Griggs,Initiated Constitutional Measure No. 1 Relating to Term Limits of the Governor and the Legislature,,,Yes,598
Griggs,"Initiated Statutory Measure No. 2 Relating to the Legalization, Production, Processing, Sale, and Possession of Cannabis.",,,No,640
Griggs,"Initiated Statutory Measure No. 2 Relating to the Legalization, Production, Processing, Sale, and Possession of Cannabis.",,,Yes,343
Griggs,Judge of the District Court No. 2 Southeast,,,Nick D Thornton,421
Griggs,Judge of the District Court No. 2 Southeast,,,Paul C Murphy,424
Griggs,Judge of the District Court No. 2 Southeast,,,write-in,0
Griggs,Judge of the District Court No. 4 Southeast,,,James D Hovey,810
Griggs,Judge of the District Court No. 4 Southeast,,,write-in,1
Griggs,Judge of the District Court No. 5 Southeast,,,Daniel D Narum,792
Griggs,Judge of the District Court No. 5 Southeast,,,write-in,0
Griggs,Judge of the District Court No. 6 Southeast,,,Jay Schmitz,789
Griggs,Judge of the District Court No. 6 Southeast,,,write-in,0
Griggs,Judge of the District Court No. 7 Southeast,,,Troy J LeFevre,787
Griggs,Judge of the District Court No. 7 Southeast,,,write-in,1
Griggs,Justice of the Supreme Court,,,Daniel J Crothers,793
Griggs,Justice of the Supreme Court,,,write-in,2
Griggs,Public Service Commissioner,,,Julie Fedorchak,732
Griggs,Public Service Commissioner,,,Melanie Moniz,213
Griggs,Public Service Commissioner,,,write-in,0
Griggs,Public Service Commissioner Unexpired 4-Year Term,,,Sheri Haugen-Hoffart,719
Griggs,Public Service Commissioner Unexpired 4-Year Term,,,Trygve Hammer,215
Griggs,Public Service Commissioner Unexpired 4-Year Term,,,write-in,2
Griggs,Secretary of State,,,Charles Tuttle,68
Griggs,Secretary of State,,,Jeffrey Powell,217
Griggs,Secretary of State,,,Michael Howe,669
Griggs,Secretary of State,,,write-in,1
Griggs,State House,29,,Charles Linderman,228
Griggs,State House,29,,Craig Headland,554
Griggs,State House,29,,Don Vigesaa,826
Griggs,State House,29,,write-in,0
Griggs,State Senate,29,,Ben Vig,281
Griggs,State Senate,29,,Terry M Wanzek,695
Griggs,State Senate,29,,write-in,2
Griggs,"Supervisor, Soil Conservation District Griggs County Soil Conservation District",,,David Heinz,852
Griggs,"Supervisor, Soil Conservation District Griggs County Soil Conservation District",,,write-in,11
Griggs,Tax Commissioner,,,Brian Kroshus,843
Griggs,Tax Commissioner,,,write-in,4
Griggs,U.S. House,1,,Cara Mund,318
Griggs,U.S. House,1,,Kelly Armstrong,670
Griggs,U.S. House,1,,write-in,2
Griggs,U.S. Senate,,,John Hoeven,656
Griggs,U.S. Senate,,,Katrina Christiansen,178
Griggs,U.S. Senate,,,Rick Becker,160
Griggs,U.S. Senate,,,write-in,0
Hettinger,Agriculture Commissioner,,,Doug Goehring,912
Hettinger,Agriculture Commissioner,,,Fintan L Dooley,109
Hettinger,Agriculture Commissioner,,,write-in,0
Hettinger,Attorney General,,,Drew Wrigley,868
Hettinger,Attorney General,,,Timothy Charles Lamb,147
Hettinger,Attorney General,,,write-in,1
Hettinger,County Auditor/Treasurer Hettinger,,,Jeri Schmidt,951
Hettinger,County Auditor/Treasurer Hettinger,,,write-in,10
Hettinger,County Commissioner Hettinger - District 2,,,Devan Laufer,501
Hettinger,County Commissioner Hettinger - District 2,,,Kent Maershbecker,341
Hettinger,County Commissioner Hettinger - District 2,,,write-in,167
Hettinger,County Official Newspaper Hettinger,,,Hettinger County Herald,917
Hettinger,County Recorder/Clerk of District Court Hettinger,,,Sylvia Gion,962
Hettinger,County Recorder/Clerk of District Court Hettinger,,,write-in,3
Hettinger,County Sheriff Hettinger,,,Sarah D. Warner,879
Hettinger,County Sheriff Hettinger,,,write-in,43
Hettinger,County State's Attorney Hettinger,,,David M. Crane,896
Hettinger,County State's Attorney Hettinger,,,write-in,20
Hettinger,Initiated Constitutional Measure No. 1 Relating to Term Limits of the Governor and the Legislature,,,No,424
Hettinger,Initiated Constitutional Measure No. 1 Relating to Term Limits of the Governor and the Legislature,,,Yes,607
Hettinger,"Initiated Statutory Measure No. 2 Relating to the Legalization, Production, Processing, Sale, and Possession of Cannabis.",,,No,714
Hettinger,"Initiated Statutory Measure No. 2 Relating to the Legalization, Production, Processing, Sale, and Possession of Cannabis.",,,Yes,323
Hettinger,Judge of the District Court No. 2 Southwest,,,William A Herauf,878
Hettinger,Judge of the District Court No. 2 Southwest,,,write-in,6
Hettinger,Judge of the District Court No. 4 Southwest,,,Rhonda R Ehlis,874
Hettinger,Judge of the District Court No. 4 Southwest,,,write-in,6
Hettinger,Justice of the Supreme Court,,,Daniel J Crothers,859
Hettinger,Justice of the Supreme Court,,,write-in,7
Hettinger,Public Service Commissioner,,,Julie Fedorchak,869
Hettinger,Public Service Commissioner,,,Melanie Moniz,139
Hettinger,Public Service Commissioner,,,write-in,0
Hettinger,Public Service Commissioner Unexpired 4-Year Term,,,Sheri Haugen-Hoffart,866
Hettinger,Public Service Commissioner Unexpired 4-Year Term,,,Trygve Hammer,135
Hettinger,Public Service Commissioner Unexpired 4-Year Term,,,write-in,1
Hettinger,Secretary of State,,,Charles Tuttle,80
Hettinger,Secretary of State,,,Jeffrey Powell,147
Hettinger,Secretary of State,,,Michael Howe,785
Hettinger,Secretary of State,,,write-in,1
Hettinger,State House,31,,Dawson Holle,362
Hettinger,State House,31,,Karen Rohr,466
Hettinger,State House,31,,Mike Faith,75
Hettinger,State House,31,,write-in,4
Hettinger,State House,39,,Keith Kempenich,284
Hettinger,State House,39,,Mike Schatz,359
Hettinger,State House,39,,write-in,9
Hettinger,State Senate,31,,Donald Schaible,544
Hettinger,State Senate,31,,write-in,6
Hettinger,State Senate,39,,Greg Kessel,299
Hettinger,State Senate,39,,Thea Lee,146
Hettinger,State Senate,39,,write-in,2
Hettinger,"Supervisor, Soil Conservation District Slope/Hettinger Soil Conservation District",,,Stan Blickensderfer,928
Hettinger,"Supervisor, Soil Conservation District Slope/Hettinger Soil Conservation District",,,write-in,13
Hettinger,Tax Commissioner,,,Brian Kroshus,914
Hettinger,Tax Commissioner,,,write-in,9
Hettinger,U.S. House,1,,Cara Mund,213
Hettinger,U.S. House,1,,Kelly Armstrong,813
Hettinger,U.S. House,1,,write-in,1
Hettinger,U.S. Senate,,,John Hoeven,718
Hettinger,U.S. Senate,,,Katrina Christiansen,113
Hettinger,U.S. Senate,,,Rick Becker,203
Hettinger,U.S. Senate,,,write-in,3
Kidder,Agriculture Commissioner,,,Doug Goehring,921
Kidder,Agriculture Commissioner,,,Fintan L Dooley,129
Kidder,Agriculture Commissioner,,,write-in,3
Kidder,Attorney General,,,Drew Wrigley,869
Kidder,Attorney General,,,Timothy Charles Lamb,164
Kidder,Attorney General,,,write-in,4
Kidder,County Auditor Kidder,,,Jean Schoenhard,935
Kidder,County Auditor Kidder,,,write-in,12
Kidder,County Commissioner Kidder,,,Darrell Guthmiller,697
Kidder,County Commissioner Kidder,,,David Schultz,487
Kidder,County Commissioner Kidder,,,Tim Dronen,575
Kidder,County Commissioner Kidder,,,write-in,14
Kidder,County Official Newspaper Kidder,,,Steele Ozone & Kidder County Press,995
Kidder,County Recorder Kidder,,,Barbara J Steinke,966
Kidder,County Recorder Kidder,,,write-in,3
Kidder,County Sheriff Kidder,,,Barry Vannatta,678
Kidder,County Sheriff Kidder,,,William Cox,355
Kidder,County Sheriff Kidder,,,write-in,7
Kidder,County State's Attorney Kidder,,,Eric Hetland,834
Kidder,County State's Attorney Kidder,,,write-in,23
Kidder,County Treasurer Kidder,,,Vickie Murray,979
Kidder,County Treasurer Kidder,,,write-in,2
Kidder,Initiated Constitutional Measure No. 1 Relating to Term Limits of the Governor and the Legislature,,,No,383
Kidder,Initiated Constitutional Measure No. 1 Relating to Term Limits of the Governor and the Legislature,,,Yes,668
Kidder,"Initiated Statutory Measure No. 2 Relating to the Legalization, Production, Processing, Sale, and Possession of Cannabis.",,,No,735
Kidder,"Initiated Statutory Measure No. 2 Relating to the Legalization, Production, Processing, Sale, and Possession of Cannabis.",,,Yes,320
Kidder,Judge of the District Court No. 2 Southeast,,,Nick D Thornton,418
Kidder,Judge of the District Court No. 2 Southeast,,,Paul C Murphy,398
Kidder,Judge of the District Court No. 2 Southeast,,,write-in,5
Kidder,Judge of the District Court No. 4 Southeast,,,James D Hovey,808
Kidder,Judge of the District Court No. 4 Southeast,,,write-in,7
Kidder,Judge of the District Court No. 5 Southeast,,,Daniel D Narum,814
Kidder,Judge of the District Court No. 5 Southeast,,,write-in,6
Kidder,Judge of the District Court No. 6 Southeast,,,Jay Schmitz,818
Kidder,Judge of the District Court No. 6 Southeast,,,write-in,5
Kidder,Judge of the District Court No. 7 Southeast,,,Troy J LeFevre,807
Kidder,Judge of the District Court No. 7 Southeast,,,write-in,8
Kidder,Justice of the Supreme Court,,,Daniel J Crothers,830
Kidder,Justice of the Supreme Court,,,write-in,6
Kidder,Public Service Commissioner,,,Julie Fedorchak,883
Kidder,Public Service Commissioner,,,Melanie Moniz,155
Kidder,Public Service Commissioner,,,write-in,0
Kidder,Public Service Commissioner Unexpired 4-Year Term,,,Sheri Haugen-Hoffart,858
Kidder,Public Service Commissioner Unexpired 4-Year Term,,,Trygve Hammer,172
Kidder,Public Service Commissioner Unexpired 4-Year Term,,,write-in,0
Kidder,Secretary of State,,,Charles Tuttle,146
Kidder,Secretary of State,,,Jeffrey Powell,152
Kidder,Secretary of State,,,Michael Howe,740
Kidder,Secretary of State,,,write-in,1
Kidder,"Supervisor, Soil Conservation District Kidder County Soil Conservation District",,,Tyler Fischer,963
Kidder,"Supervisor, Soil Conservation District Kidder County Soil Conservation District",,,write-in,3
Kidder,Tax Commissioner,,,Brian Kroshus,646
Kidder,Tax Commissioner,,,write-in,9
Kidder,U.S. House,1,,Cara Mund,290
Kidder,U.S. House,1,,Kelly Armstrong,768
Kidder,U.S. House,1,,write-in,0
Kidder,U.S. Senate,,,John Hoeven,657
Kidder,U.S. Senate,,,Katrina Christiansen,119
Kidder,U.S. Senate,,,Rick Becker,285
Kidder,U.S. Senate,,,write-in,0
LaMoure,Agriculture Commissioner,,,Doug Goehring,1353
LaMoure,Agriculture Commissioner,,,Fintan L Dooley,254
LaMoure,Agriculture Commissioner,,,write-in,1
LaMoure,Attorney General,,,Drew Wrigley,1267
LaMoure,Attorney General,,,Timothy Charles Lamb,344
LaMoure,Attorney General,,,write-in,9
LaMoure,County Commissioner By District LaMoure - District 2,,,Bruce Klein,184
LaMoure,County Commissioner By District LaMoure - District 2,,,Mike Vogel,125
LaMoure,County Commissioner By District LaMoure - District 2,,,write-in,0
LaMoure,County Commissioner By District LaMoure - District 4,,,Robert Flath,278
LaMoure,County Commissioner By District LaMoure - District 4,,,write-in,8
LaMoure,County Extension Levy Increase 23 - LaMoure,,,No,789
LaMoure,County Extension Levy Increase 23 - LaMoure,,,Yes,819
LaMoure,County Official Newspaper LaMoure,,,LaMoure Chronicle,1454
LaMoure,County Recorder LaMoure,,,Laurie Good,1492
LaMoure,County Recorder LaMoure,,,write-in,7
LaMoure,County Sheriff LaMoure,,,Robert Fernandes,1466
LaMoure,County Sheriff LaMoure,,,write-in,30
LaMoure,County State's Attorney LaMoure,,,James T. Shockman,1476
LaMoure,County State's Attorney LaMoure,,,write-in,7
LaMoure,County Treasurer LaMoure,,,Cindy Worrel,1520
LaMoure,County Treasurer LaMoure,,,write-in,2
LaMoure,Initiated Constitutional Measure No. 1 Relating to Term Limits of the Governor and the Legislature,,,No,660
LaMoure,Initiated Constitutional Measure No. 1 Relating to Term Limits of the Governor and the Legislature,,,Yes,945
LaMoure,"Initiated Statutory Measure No. 2 Relating to the Legalization, Production, Processing, Sale, and Possession of Cannabis.",,,No,1083
LaMoure,"Initiated Statutory Measure No. 2 Relating to the Legalization, Production, Processing, Sale, and Possession of Cannabis.",,,Yes,537
LaMoure,Judge of the District Court No. 2 Southeast,,,Nick D Thornton,700
LaMoure,Judge of the District Court No. 2 Southeast,,,Paul C Murphy,535
LaMoure,Judge of the District Court No. 2 Southeast,,,write-in,4
LaMoure,Judge of the District Court No. 4 Southeast,,,James D Hovey,1260
LaMoure,Judge of the District Court No. 4 Southeast,,,write-in,4
LaMoure,Judge of the District Court No. 5 Southeast,,,Daniel D Narum,1430
LaMoure,Judge of the District Court No. 5 Southeast,,,write-in,13
LaMoure,Judge of the District Court No. 6 Southeast,,,Jay Schmitz,1277
LaMoure,Judge of the District Court No. 6 Southeast,,,write-in,3
LaMoure,Judge of the District Court No. 7 Southeast,,,Troy J LeFevre,1256
LaMoure,Judge of the District Court No. 7 Southeast,,,write-in,2
LaMoure,Justice of the Supreme Court,,,Daniel J Crothers,1308
LaMoure,Justice of the Supreme Court,,,write-in,5
LaMoure,Public Service Commissioner,,,Julie Fedorchak,1239
LaMoure,Public Service Commissioner,,,Melanie Moniz,345
LaMoure,Public Service Commissioner,,,write-in,1
LaMoure,Public Service Commissioner Unexpired 4-Year Term,,,Sheri Haugen-Hoffart,1217
LaMoure,Public Service Commissioner Unexpired 4-Year Term,,,Trygve Hammer,361
LaMoure,Public Service Commissioner Unexpired 4-Year Term,,,write-in,2
LaMoure,Secretary of State,,,Charles Tuttle,117
LaMoure,Secretary of State,,,Jeffrey Powell,353
LaMoure,Secretary of State,,,Michael Howe,1142
LaMoure,Secretary of State,,,write-in,0
LaMoure,State House Unexpired 2-Year Term,28,,Jim Grueneich,1017
LaMoure,State House Unexpired 2-Year Term,28,,Mike Brandenburg,1207
LaMoure,State House Unexpired 2-Year Term,28,,Sharon Ulmer,431
LaMoure,State House Unexpired 2-Year Term,28,,write-in,36
LaMoure,State Senate Unexpired 2-Year Term,28,,Robert (Bob) Erbele,1367
LaMoure,State Senate Unexpired 2-Year Term,28,,write-in,26
LaMoure,"Supervisor, Soil Conservation District LaMoure County Soil Conservation District",,,Christof A. Just,1498
LaMoure,"Supervisor, Soil Conservation District LaMoure County Soil Conservation District",,,write-in,6
LaMoure,Tax Commissioner,,,Brian Kroshus,1380
LaMoure,Tax Commissioner,,,write-in,11
LaMoure,U.S. House,1,,Cara Mund,491
LaMoure,U.S. House,1,,Kelly Armstrong,1139
LaMoure,U.S. House,1,,write-in,1
LaMoure,U.S. Senate,,,John Hoeven,1124
LaMoure,U.S. Senate,,,Katrina Christiansen,313
LaMoure,U.S. Senate,,,Rick Becker,208
LaMoure,U.S. Senate,,,write-in,1
Logan,Agriculture Commissioner,,,Doug Goehring,738
Logan,Agriculture Commissioner,,,Fintan L Dooley,69
Logan,Agriculture Commissioner,,,write-in,2
Logan,Attorney General,,,Drew Wrigley,695
Logan,Attorney General,,,Timothy Charles Lamb,102
Logan,Attorney General,,,write-in,1
Logan,County Auditor Logan,,,Brenda Fischer,745
Logan,County Auditor Logan,,,write-in,2
Logan,County Commissioner at Large Logan,,,Blanche Schumacher,418
Logan,County Commissioner at Large Logan,,,Bryan Batsch,401
Logan,County Commissioner at Large Logan,,,write-in,1
Logan,County Official Newspaper Logan,,,Napoleon Homestead,745
Logan,County Recorder Logan,,,Laura J Henry,727
Logan,County Recorder Logan,,,write-in,4
Logan,County Road and Bridge Levy Measure 24 - Logan,,,No,300
Logan,County Road and Bridge Levy Measure 24 - Logan,,,Yes,474
Logan,County Sheriff Logan,,,Andrew Bartholomaus,763
Logan,County Sheriff Logan,,,write-in,4
Logan,County State's Attorney Logan,,,Isaac Zimmerman,748
Logan,County State's Attorney Logan,,,write-in,7
Logan,County Treasurer Logan,,,Jody Kristiansen,735
Logan,County Treasurer Logan,,,write-in,0
Logan,Initiated Constitutional Measure No. 1 Relating to Term Limits of the Governor and the Legislature,,,No,300
Logan,Initiated Constitutional Measure No. 1 Relating to Term Limits of the Governor and the Legislature,,,Yes,499
Logan,"Initiated Statutory Measure No. 2 Relating to the Legalization, Production, Processing, Sale, and Possession of Cannabis.",,,No,597
Logan,"Initiated Statutory Measure No. 2 Relating to the Legalization, Production, Processing, Sale, and Possession of Cannabis.",,,Yes,211
Logan,Judge of the District Court No. 2 Southeast,,,Nick D Thornton,310
Logan,Judge of the District Court No. 2 Southeast,,,Paul C Murphy,300
Logan,Judge of the District Court No. 2 Southeast,,,write-in,1
Logan,Judge of the District Court No. 4 Southeast,,,James D Hovey,595
Logan,Judge of the District Court No. 4 Southeast,,,write-in,1
Logan,Judge of the District Court No. 5 Southeast,,,Daniel D Narum,613
Logan,Judge of the District Court No. 5 Southeast,,,write-in,1
Logan,Judge of the District Court No. 6 Southeast,,,Jay Schmitz,591
Logan,Judge of the District Court No. 6 Southeast,,,write-in,1
Logan,Judge of the District Court No. 7 Southeast,,,Troy J LeFevre,590
Logan,Judge of the District Court No. 7 Southeast,,,write-in,2
Logan,Justice of the Supreme Court,,,Daniel J Crothers,604
Logan,Justice of the Supreme Court,,,write-in,2
Logan,Public Service Commissioner,,,Julie Fedorchak,686
Logan,Public Service Commissioner,,,Melanie Moniz,98
Logan,Public Service Commissioner,,,write-in,1
Logan,Public Service Commissioner Unexpired 4-Year Term,,,Sheri Haugen-Hoffart,679
Logan,Public Service Commissioner Unexpired 4-Year Term,,,Trygve Hammer,85
Logan,Public Service Commissioner Unexpired 4-Year Term,,,write-in,1
Logan,Secretary of State,,,Charles Tuttle,80
Logan,Secretary of State,,,Jeffrey Powell,96
Logan,Secretary of State,,,Michael Howe,608
Logan,Secretary of State,,,write-in,1
Logan,State House Unexpired 2-Year Term,28,,Jim Grueneich,532
Logan,State House Unexpired 2-Year Term,28,,Mike Brandenburg,569
Logan,State House Unexpired 2-Year Term,28,,Sharon Ulmer,150
Logan,State House Unexpired 2-Year Term,28,,write-in,31
Logan,State Senate Unexpired 2-Year Term,28,,Robert (Bob) Erbele,610
Logan,State Senate Unexpired 2-Year Term,28,,write-in,31
Logan,"Supervisor, Soil Conservation District Logan County Soil Conservation District",,,Corey Schumacher,708
Logan,"Supervisor, Soil Conservation District Logan County Soil Conservation District",,,write-in,7
Logan,Tax Commissioner,,,Brian Kroshus,703
Logan,Tax Commissioner,,,write-in,3
Logan,U.S. House,1,,Cara Mund,179
Logan,U.S. House,1,,Kelly Armstrong,639
Logan,U.S. House,1,,write-in,3
Logan,U.S. Senate,,,John Hoeven,541
Logan,U.S. Senate,,,Katrina Christiansen,68
Logan,U.S. Senate,,,Rick Becker,212
Logan,U.S. Senate,,,write-in,0
McHenry,Agriculture Commissioner,,,Doug Goehring,1808
McHenry,Agriculture Commissioner,,,Fintan L Dooley,314
McHenry,Agriculture Commissioner,,,write-in,6
McHenry,Attorney General,,,Drew Wrigley,1709
McHenry,Attorney General,,,Timothy Charles Lamb,405
McHenry,Attorney General,,,write-in,3
McHenry,County Auditor/Treasurer McHenry,,,Darlene Carpenter,1868
McHenry,County Auditor/Treasurer McHenry,,,write-in,35
McHenry,County Clerk of District Court McHenry,,,Tina Powell,1911
McHenry,County Clerk of District Court McHenry,,,write-in,6
McHenry,County Commissioner By District McHenry - District 1,,,Armann Anderson,390
McHenry,County Commissioner By District McHenry - District 1,,,write-in,10
McHenry,County Commissioner By District McHenry - District 3,,,Douglas D Woodall,207
McHenry,County Commissioner By District McHenry - District 3,,,Lance E Johnson,217
McHenry,County Commissioner By District McHenry - District 3,,,write-in,2
McHenry,County Commissioner By District McHenry - District 5,,,Duane Drader,224
McHenry,County Commissioner By District McHenry - District 5,,,Shawn Kramer,196
McHenry,County Commissioner By District McHenry - District 5,,,write-in,6
McHenry,County Official Newspaper McHenry,,,Mouse River Journal,1230
McHenry,County Official Newspaper McHenry,,,Velva Area Voice,844
McHenry,County Recorder McHenry,,,Johnna Torr,1869
McHenry,County Recorder McHenry,,,write-in,11
McHenry,County Sheriff McHenry,,,Trey C Skager,1891
McHenry,County Sheriff McHenry,,,write-in,45
McHenry,County State's Attorney McHenry,,,Joshua Frey,1880
McHenry,County State's Attorney McHenry,,,write-in,13
McHenry,"Director, Garrison Diversion Conservancy McHenry",,,Cliff Hanretty,1797
McHenry,"Director, Garrison Diversion Conservancy McHenry",,,write-in,60
McHenry,Initiated Constitutional Measure No. 1 Relating to Term Limits of the Governor and the Legislature,,,No,844
McHenry,Initiated Constitutional Measure No. 1 Relating to Term Limits of the Governor and the Legislature,,,Yes,1286
McHenry,"Initiated Statutory Measure No. 2 Relating to the Legalization, Production, Processing, Sale, and Possession of Cannabis.",,,No,1411
McHenry,"Initiated Statutory Measure No. 2 Relating to the Legalization, Production, Processing, Sale, and Possession of Cannabis.",,,Yes,719
McHenry,Judge of the District Court No. 1 Northeast,,,Lonnie Olson,1834
McHenry,Judge of the District Court No. 1 Northeast,,,write-in,6
McHenry,Justice of the Supreme Court,,,Daniel J Crothers,1834
McHenry,Justice of the Supreme Court,,,write-in,6
McHenry,Public Service Commissioner,,,Julie Fedorchak,1730
McHenry,Public Service Commissioner,,,Melanie Moniz,377
McHenry,Public Service Commissioner,,,write-in,7
McHenry,Public Service Commissioner Unexpired 4-Year Term,,,Sheri Haugen-Hoffart,1572
McHenry,Public Service Commissioner Unexpired 4-Year Term,,,Trygve Hammer,529
McHenry,Public Service Commissioner Unexpired 4-Year Term,,,write-in,4
McHenry,Secretary of State,,,Charles Tuttle,253
McHenry,Secretary of State,,,Jeffrey Powell,362
McHenry,Secretary of State,,,Michael Howe,1506
McHenry,Secretary of State,,,write-in,2
McHenry,State Senate Unexpired 2-Year Term,6,,Robert Tolar,386
McHenry,State Senate Unexpired 2-Year Term,6,,Shawn Vedaa,1735
McHenry,State Senate Unexpired 2-Year Term,6,,write-in,4
McHenry,"Supervisor, Soil Conservation District Mouse River District",,,write-in,2
McHenry,"Supervisor, Soil Conservation District North McHenry Soil Conservation District",,,Faith Fahnestock,886
McHenry,"Supervisor, Soil Conservation District North McHenry Soil Conservation District",,,write-in,7
McHenry,"Supervisor, Soil Conservation District South McHenry Soil Conservation District",,,James Hystad,975
McHenry,"Supervisor, Soil Conservation District South McHenry Soil Conservation District",,,write-in,9
McHenry,Tax Commissioner,,,Brian Kroshus,1887
McHenry,Tax Commissioner,,,write-in,19
McHenry,U.S. House,1,,Cara Mund,546
McHenry,U.S. House,1,,Kelly Armstrong,1596
McHenry,U.S. House,1,,write-in,4
McHenry,U.S. Senate,,,John Hoeven,1265
McHenry,U.S. Senate,,,Katrina Christiansen,297
McHenry,U.S. Senate,,,Rick Becker,594
McHenry,U.S. Senate,,,write-in,2
McIntosh,Agriculture Commissioner,,,Doug Goehring,972
McIntosh,Agriculture Commissioner,,,Fintan L Dooley,122
McIntosh,Agriculture Commissioner,,,write-in,1
McIntosh,Attorney General,,,Drew Wrigley,904
McIntosh,Attorney General,,,Timothy Charles Lamb,182
McIntosh,Attorney General,,,write-in,2
McIntosh,Continuation of Previously Authorized Mill Levy for NDSU Extension Activities 26 - McIntosh,,,No,416
McIntosh,Continuation of Previously Authorized Mill Levy for NDSU Extension Activities 26 - McIntosh,,,Yes,659
McIntosh,County Auditor McIntosh,,,Gina Ketterling,740
McIntosh,County Auditor McIntosh,,,Jason Lane,345
McIntosh,County Auditor McIntosh,,,write-in,0
McIntosh,County Commissioner at Large McIntosh,,,Jim Heinrich,746
McIntosh,County Commissioner at Large McIntosh,,,Neal Schnieder,510
McIntosh,County Commissioner at Large McIntosh,,,Neil Meidinger,661
McIntosh,County Commissioner at Large McIntosh,,,write-in,9
McIntosh,County Official Newspaper McIntosh,,,The Ashley Tribune,536
McIntosh,County Official Newspaper McIntosh,,,The Wishek Star,502
McIntosh,County Recorder/Clerk of District Court McIntosh,,,Carol Fey,988
McIntosh,County Recorder/Clerk of District Court McIntosh,,,write-in,7
McIntosh,County Sheriff McIntosh,,,Lucas J Kuntz,232
McIntosh,County Sheriff McIntosh,,,Steve Delzer,858
McIntosh,County Sheriff McIntosh,,,write-in,1
McIntosh,County State's Attorney McIntosh,,,Mary Depuydt,947
McIntosh,County State's Attorney McIntosh,,,write-in,16
McIntosh,County Treasurer McIntosh,,,Lanette Blumhardt,998
McIntosh,County Treasurer McIntosh,,,write-in,0
McIntosh,EXPIRING ROAD LEVY FOR 1212 FARM TO MARKET/FEDERAL AID ROAD 26 - McIntosh,,,No,332
McIntosh,EXPIRING ROAD LEVY FOR 1212 FARM TO MARKET/FEDERAL AID ROAD 26 - McIntosh,,,Yes,752
McIntosh,Initiated Constitutional Measure No. 1 Relating to Term Limits of the Governor and the Legislature,,,No,371
McIntosh,Initiated Constitutional Measure No. 1 Relating to Term Limits of the Governor and the Legislature,,,Yes,716
McIntosh,"Initiated Statutory Measure No. 2 Relating to the Legalization, Production, Processing, Sale, and Possession of Cannabis.",,,No,749
McIntosh,"Initiated Statutory Measure No. 2 Relating to the Legalization, Production, Processing, Sale, and Possession of Cannabis.",,,Yes,335
McIntosh,Judge of the District Court No. 2 Southeast,,,Nick D Thornton,396
McIntosh,Judge of the District Court No. 2 Southeast,,,Paul C Murphy,463
McIntosh,Judge of the District Court No. 2 Southeast,,,write-in,2
McIntosh,Judge of the District Court No. 4 Southeast,,,James D Hovey,849
McIntosh,Judge of the District Court No. 4 Southeast,,,write-in,2
McIntosh,Judge of the District Court No. 5 Southeast,,,Daniel D Narum,868
McIntosh,Judge of the District Court No. 5 Southeast,,,write-in,2
McIntosh,Judge of the District Court No. 6 Southeast,,,Jay Schmitz,846
McIntosh,Judge of the District Court No. 6 Southeast,,,write-in,1
McIntosh,Judge of the District Court No. 7 Southeast,,,Troy J LeFevre,848
McIntosh,Judge of the District Court No. 7 Southeast,,,write-in,0
McIntosh,Justice of the Supreme Court,,,Daniel J Crothers,875
McIntosh,Justice of the Supreme Court,,,write-in,1
McIntosh,Public Service Commissioner,,,Julie Fedorchak,900
McIntosh,Public Service Commissioner,,,Melanie Moniz,169
McIntosh,Public Service Commissioner,,,write-in,1
McIntosh,Public Service Commissioner Unexpired 4-Year Term,,,Sheri Haugen-Hoffart,880
McIntosh,Public Service Commissioner Unexpired 4-Year Term,,,Trygve Hammer,173
McIntosh,Public Service Commissioner Unexpired 4-Year Term,,,write-in,0
McIntosh,Secretary of State,,,Charles Tuttle,101
McIntosh,Secretary of State,,,Jeffrey Powell,154
McIntosh,Secretary of State,,,Michael Howe,825
McIntosh,Secretary of State,,,write-in,0
McIntosh,State House Unexpired 2-Year Term,28,,Jim Grueneich,748
McIntosh,State House Unexpired 2-Year Term,28,,Mike Brandenburg,819
McIntosh,State House Unexpired 2-Year Term,28,,Sharon Ulmer,226
McIntosh,State House Unexpired 2-Year Term,28,,write-in,19
McIntosh,State Senate Unexpired 2-Year Term,28,,Robert (Bob) Erbele,947
McIntosh,State Senate Unexpired 2-Year Term,28,,write-in,19
McIntosh,"Supervisor, Soil Conservation District McIntosh County Soil Conservation District",,,Sandra Meidinger,987
McIntosh,"Supervisor, Soil Conservation District McIntosh County Soil Conservation District",,,write-in,2
McIntosh,Tax Commissioner,,,Brian Kroshus,962
McIntosh,Tax Commissioner,,,write-in,4
McIntosh,U.S. House,1,,Cara Mund,304
McIntosh,U.S. House,1,,Kelly Armstrong,791
McIntosh,U.S. House,1,,write-in,0
McIntosh,U.S. Senate,,,John Hoeven,780
McIntosh,U.S. Senate,,,Katrina Christiansen,123
McIntosh,U.S. Senate,,,Rick Becker,202
McIntosh,U.S. Senate,,,write-in,0
McKenzie,Agriculture Commissioner,,,Doug Goehring,2696
McKenzie,Agriculture Commissioner,,,Fintan L Dooley,440
McKenzie,Agriculture Commissioner,,,write-in,7
McKenzie,Attorney General,,,Drew Wrigley,2639
McKenzie,Attorney General,,,Timothy Charles Lamb,492
McKenzie,Attorney General,,,write-in,8
McKenzie,County Auditor/Treasurer McKenzie,,,Erica Johnsrud,1751
McKenzie,County Auditor/Treasurer McKenzie,,,Keith Tschetter,1251
McKenzie,County Auditor/Treasurer McKenzie,,,write-in,10
McKenzie,County Commissioner McKenzie,,,Dustin Newman,626
McKenzie,County Commissioner McKenzie,,,Howdy Lawlar,1700
McKenzie,County Commissioner McKenzie,,,Kathy Skarda,1746
McKenzie,County Commissioner McKenzie,,,Thomas McCabe,1418
McKenzie,County Commissioner McKenzie,,,write-in,22
McKenzie,County Official Newspaper McKenzie,,,McKenzie County Farmer,2686
McKenzie,County Recorder McKenzie,,,Katie Paulson,2724
McKenzie,County Recorder McKenzie,,,write-in,24
McKenzie,County Sheriff McKenzie,,,Matthew Johansen,2630
McKenzie,County Sheriff McKenzie,,,write-in,85
McKenzie,County State's Attorney McKenzie,,,Ty Leland Skarda,2700
McKenzie,County State's Attorney McKenzie,,,write-in,36
McKenzie,Initiated Constitutional Measure No. 1 Relating to Term Limits of the Governor and the Legislature,,,No,1051
McKenzie,Initiated Constitutional Measure No. 1 Relating to Term Limits of the Governor and the Legislature,,,Yes,2116
McKenzie,"Initiated Statutory Measure No. 2 Relating to the Legalization, Production, Processing, Sale, and Possession of Cannabis.",,,No,1825
McKenzie,"Initiated Statutory Measure No. 2 Relating to the Legalization, Production, Processing, Sale, and Possession of Cannabis.",,,Yes,1369
McKenzie,Judge of the District Court No. 1 Northwest,,,Josh B Rustad,2554
McKenzie,Judge of the District Court No. 1 Northwest,,,write-in,24
McKenzie,Judge of the District Court No. 5 Northwest,,,Daniel S El-Dweek,2532
McKenzie,Judge of the District Court No. 5 Northwest,,,write-in,41
McKenzie,Judge of the District Court No. 6 Northwest,,,Kirsten M Sjue,2491
McKenzie,Judge of the District Court No. 6 Northwest,,,write-in,19
McKenzie,Justice of the Supreme Court,,,Daniel J Crothers,2528
McKenzie,Justice of the Supreme Court,,,write-in,19
McKenzie,Public Service Commissioner,,,Julie Fedorchak,2634
McKenzie,Public Service Commissioner,,,Melanie Moniz,472
McKenzie,Public Service Commissioner,,,write-in,6
McKenzie,Public Service Commissioner Unexpired 4-Year Term,,,Sheri Haugen-Hoffart,2596
McKenzie,Public Service Commissioner Unexpired 4-Year Term,,,Trygve Hammer,473
McKenzie,Public Service Commissioner Unexpired 4-Year Term,,,write-in,9
McKenzie,Secretary of State,,,Charles Tuttle,245
McKenzie,Secretary of State,,,Jeffrey Powell,429
McKenzie,Secretary of State,,,Michael Howe,2436
McKenzie,Secretary of State,,,write-in,9
McKenzie,State House Unexpired 2-Year Term,26,,Jeremy Olson,2141
McKenzie,State House Unexpired 2-Year Term,26,,Kelby Timmons,1782
McKenzie,State House Unexpired 2-Year Term,26,,write-in,52
McKenzie,State House Unexpired 2-Year Term,4a,,Lisa Finley-DeVille,224
McKenzie,State House Unexpired 2-Year Term,4a,,Terry Burton Jones,14
McKenzie,State House Unexpired 2-Year Term,4a,,write-in,0
McKenzie,State Senate Unexpired 2-Year Term,26,,Dale Patten,2701
McKenzie,State Senate Unexpired 2-Year Term,26,,write-in,34
McKenzie,"Supervisor, Soil Conservation District McKenzie County Soil Conservation District",,,Kimberly Neprash,2698
McKenzie,"Supervisor, Soil Conservation District McKenzie County Soil Conservation District",,,write-in,15
McKenzie,Tax Commissioner,,,Brian Kroshus,2746
McKenzie,Tax Commissioner,,,write-in,42
McKenzie,U.S. House,1,,Cara Mund,721
McKenzie,U.S. House,1,,Kelly Armstrong,2468
McKenzie,U.S. House,1,,write-in,5
McKenzie,U.S. Senate,,,John Hoeven,2229
McKenzie,U.S. Senate,,,Katrina Christiansen,407
McKenzie,U.S. Senate,,,Rick Becker,564
McKenzie,U.S. Senate,,,write-in,7
McLean,Agriculture Commissioner,,,Doug Goehring,3422
McLean,Agriculture Commissioner,,,Fintan L Dooley,745
McLean,Agriculture Commissioner,,,write-in,9
McLean,Attorney General,,,Drew Wrigley,3215
McLean,Attorney General,,,Timothy Charles Lamb,947
McLean,Attorney General,,,write-in,4
McLean,County Auditor McLean,,,Beth A Knutson,3538
McLean,County Auditor McLean,,,write-in,21
McLean,County Commissioner McLean - District 1,,,Steve Cottingham,3373
McLean,County Commissioner McLean - District 1,,,write-in,86
McLean,County Commissioner McLean - District 3,,,Steven J Lee,3458
McLean,County Commissioner McLean - District 3,,,write-in,59
McLean,County Official Newspaper McLean,,,McLean County Independent,2665
McLean,County Official Newspaper McLean,,,The Leader-News,1298
McLean,County Recorder McLean,,,Heidi J Anderson,3556
McLean,County Recorder McLean,,,write-in,16
McLean,County Sheriff McLean,,,"Jerry M ""J.R."" Kerzmann",3566
McLean,County Sheriff McLean,,,write-in,70
McLean,County State's Attorney McLean,,,Ladd R Erickson,3353
McLean,County State's Attorney McLean,,,write-in,71
McLean,"Director, Garrison Diversion Conservancy McLean",,,Margo Knorr,3407
McLean,"Director, Garrison Diversion Conservancy McLean",,,write-in,24
McLean,Initiated Constitutional Measure No. 1 Relating to Term Limits of the Governor and the Legislature,,,No,1633
McLean,Initiated Constitutional Measure No. 1 Relating to Term Limits of the Governor and the Legislature,,,Yes,2556
McLean,"Initiated Statutory Measure No. 2 Relating to the Legalization, Production, Processing, Sale, and Possession of Cannabis.",,,No,2650
McLean,"Initiated Statutory Measure No. 2 Relating to the Legalization, Production, Processing, Sale, and Possession of Cannabis.",,,Yes,1563
McLean,Judge of the District Court No. 10 Unexpired 4-Year Term South Central,,,Pamela Nesvig,3317
McLean,Judge of the District Court No. 10 Unexpired 4-Year Term South Central,,,write-in,23
McLean,Judge of the District Court No. 2 South Central,,,Douglas A Bahr,3335
McLean,Judge of the District Court No. 2 South Central,,,write-in,30
McLean,Judge of the District Court No. 5 South Central,,,Cynthia M Feland,3347
McLean,Judge of the District Court No. 5 South Central,,,write-in,33
McLean,Judge of the District Court No. 6 Unexpired 4-Year Term South Central,,,Bobbi Weiler,3314
McLean,Judge of the District Court No. 6 Unexpired 4-Year Term South Central,,,write-in,33
McLean,Justice of the Supreme Court,,,Daniel J Crothers,3363
McLean,Justice of the Supreme Court,,,write-in,30
McLean,Public Service Commissioner,,,Julie Fedorchak,3227
McLean,Public Service Commissioner,,,Melanie Moniz,881
McLean,Public Service Commissioner,,,write-in,4
McLean,Public Service Commissioner Unexpired 4-Year Term,,,Sheri Haugen-Hoffart,3068
McLean,Public Service Commissioner Unexpired 4-Year Term,,,Trygve Hammer,896
McLean,Public Service Commissioner Unexpired 4-Year Term,,,write-in,6
McLean,Secretary of State,,,Charles Tuttle,408
McLean,Secretary of State,,,Jeffrey Powell,868
McLean,Secretary of State,,,Michael Howe,2863
McLean,Secretary of State,,,write-in,3
McLean,State House,33,,Anna Novak,955
McLean,State House,33,,Bill Tveit,949
McLean,State House,33,,write-in,50
McLean,State House Unexpired 2-Year Term,4a,,Lisa Finley-DeVille,233
McLean,State House Unexpired 2-Year Term,4a,,Terry Burton Jones,109
McLean,State House Unexpired 2-Year Term,4a,,write-in,0
McLean,State House Unexpired 2-Year Term,4b,,Clayton Fegley,1026
McLean,State House Unexpired 2-Year Term,4b,,write-in,15
McLean,State House Unexpired 2-Year Term,8,,Brandon Prichard,127
McLean,State House Unexpired 2-Year Term,8,,SuAnn Olson,169
McLean,State House Unexpired 2-Year Term,8,,write-in,5
McLean,State Senate,33,,Keith Boehm,1176
McLean,State Senate,33,,write-in,27
McLean,State Senate Unexpired 2-Year Term,6,,Robert Tolar,213
McLean,State Senate Unexpired 2-Year Term,6,,Shawn Vedaa,790
McLean,State Senate Unexpired 2-Year Term,6,,write-in,4
McLean,State Senate Unexpired 2-Year Term,8,,Jeffery J Magrum,174
McLean,State Senate Unexpired 2-Year Term,8,,write-in,3
McLean,"Supervisor, Soil Conservation District South McLean Soil Conservation District",,,Doris Wall,2086
McLean,"Supervisor, Soil Conservation District South McLean Soil Conservation District",,,write-in,16
McLean,"Supervisor, Soil Conservation District West McLean Soil Conservation District",,,Dan Buresh,1365
McLean,"Supervisor, Soil Conservation District West McLean Soil Conservation District",,,write-in,16
McLean,Tax Commissioner,,,Brian Kroshus,3452
McLean,Tax Commissioner,,,write-in,61
McLean,U.S. House,1,,Cara Mund,1236
McLean,U.S. House,1,,Kelly Armstrong,2960
McLean,U.S. House,1,,write-in,12
McLean,U.S. Senate,,,John Hoeven,2385
McLean,U.S. Senate,,,Katrina Christiansen,720
McLean,U.S. Senate,,,Rick Becker,1132
McLean,U.S. Senate,,,write-in,4
McLean,Velva Ambulance District Drake School District,,,No,0
McLean,Velva Ambulance District Drake School District,,,Yes,0
McLean,Velva Ambulance District Velva School District,,,No,21
McLean,Velva Ambulance District Velva School District,,,Yes,46
Mercer,Agriculture Commissioner,,,Doug Goehring,3096
Mercer,Agriculture Commissioner,,,Fintan L Dooley,434
Mercer,Agriculture Commissioner,,,write-in,8
Mercer,Attorney General,,,Drew Wrigley,2959
Mercer,Attorney General,,,Timothy Charles Lamb,556
Mercer,Attorney General,,,write-in,12
Mercer,County Auditor Mercer,,,Carmen Reed,1765
Mercer,County Auditor Mercer,,,Samantha Melberg,1460
Mercer,County Auditor Mercer,,,write-in,9
Mercer,County Commissioner at Large Mercer,,,Gene Wolf,1752
Mercer,County Commissioner at Large Mercer,,,Jamee Folk,1686
Mercer,County Commissioner at Large Mercer,,,Jeff Gooss,869
Mercer,County Commissioner at Large Mercer,,,Jesse Schiferl,1340
Mercer,County Commissioner at Large Mercer,,,Kari Bjerke Cutting,1482
Mercer,County Commissioner at Large Mercer,,,Rick Bauman,1973
Mercer,County Commissioner at Large Mercer,,,write-in,18
Mercer,County Measure No.1 29 - Mercer,,,No,1707
Mercer,County Measure No.1 29 - Mercer,,,Yes,1785
Mercer,County Official Newspaper Mercer,,,Hazen Star,1773
Mercer,County Official Newspaper Mercer,,,The Beacon,1749
Mercer,County Recorder Mercer,,,Shannan F. Senger,2993
Mercer,County Recorder Mercer,,,write-in,11
Mercer,County Sheriff Mercer,,,Jim Wenning,1651
Mercer,County Sheriff Mercer,,,Terry Ternes,1838
Mercer,County Sheriff Mercer,,,write-in,2
Mercer,County State's Attorney Mercer,,,Todd A. Schwarz,2948
Mercer,County State's Attorney Mercer,,,write-in,16
Mercer,County Treasurer Mercer,,,Dawn Grannis,3058
Mercer,County Treasurer Mercer,,,write-in,3
Mercer,Initiated Constitutional Measure No. 1 Relating to Term Limits of the Governor and the Legislature,,,No,1351
Mercer,Initiated Constitutional Measure No. 1 Relating to Term Limits of the Governor and the Legislature,,,Yes,2197
Mercer,"Initiated Statutory Measure No. 2 Relating to the Legalization, Production, Processing, Sale, and Possession of Cannabis.",,,No,2304
Mercer,"Initiated Statutory Measure No. 2 Relating to the Legalization, Production, Processing, Sale, and Possession of Cannabis.",,,Yes,1265
Mercer,Judge of the District Court No. 10 Unexpired 4-Year Term South Central,,,Pamela Nesvig,2887
Mercer,Judge of the District Court No. 10 Unexpired 4-Year Term South Central,,,write-in,17
Mercer,Judge of the District Court No. 2 South Central,,,Douglas A Bahr,2886
Mercer,Judge of the District Court No. 2 South Central,,,write-in,18
Mercer,Judge of the District Court No. 5 South Central,,,Cynthia M Feland,2896
Mercer,Judge of the District Court No. 5 South Central,,,write-in,21
Mercer,Judge of the District Court No. 6 Unexpired 4-Year Term South Central,,,Bobbi Weiler,2871
Mercer,Judge of the District Court No. 6 Unexpired 4-Year Term South Central,,,write-in,19
Mercer,Justice of the Supreme Court,,,Daniel J Crothers,2902
Mercer,Justice of the Supreme Court,,,write-in,15
Mercer,Public Service Commissioner,,,Julie Fedorchak,2980
Mercer,Public Service Commissioner,,,Melanie Moniz,507
Mercer,Public Service Commissioner,,,write-in,10
Mercer,Public Service Commissioner Unexpired 4-Year Term,,,Sheri Haugen-Hoffart,2920
Mercer,Public Service Commissioner Unexpired 4-Year Term,,,Trygve Hammer,539
Mercer,Public Service Commissioner Unexpired 4-Year Term,,,write-in,11
Mercer,Secretary of State,,,Charles Tuttle,318
Mercer,Secretary of State,,,Jeffrey Powell,503
Mercer,Secretary of State,,,Michael Howe,2691
Mercer,Secretary of State,,,write-in,3
Mercer,State House,33,,Anna Novak,2756
Mercer,State House,33,,Bill Tveit,2410
Mercer,State House,33,,write-in,119
Mercer,State House Unexpired 2-Year Term,4a,,Lisa Finley-DeVille,6
Mercer,State House Unexpired 2-Year Term,4a,,Terry Burton Jones,3
Mercer,State House Unexpired 2-Year Term,4a,,write-in,0
Mercer,State Senate,33,,Keith Boehm,3040
Mercer,State Senate,33,,write-in,124
Mercer,"Supervisor, Soil Conservation District Mercer County Soil Conservation District",,,Janet Lois Connolly,3030
Mercer,"Supervisor, Soil Conservation District Mercer County Soil Conservation District",,,write-in,13
Mercer,Tax Commissioner,,,Brian Kroshus,3105
Mercer,Tax Commissioner,,,write-in,29
Mercer,U.S. House,1,,Cara Mund,860
Mercer,U.S. House,1,,Kelly Armstrong,2710
Mercer,U.S. House,1,,write-in,7
Mercer,U.S. Senate,,,John Hoeven,2213
Mercer,U.S. Senate,,,Katrina Christiansen,429
Mercer,U.S. Senate,,,Rick Becker,937
Mercer,U.S. Senate,,,write-in,4
Morton,Agriculture Commissioner,,,Doug Goehring,8963
Morton,Agriculture Commissioner,,,Fintan L Dooley,2048
Morton,Agriculture Commissioner,,,write-in,24
Morton,Attorney General,,,Drew Wrigley,8432
Morton,Attorney General,,,Timothy Charles Lamb,2567
Morton,Attorney General,,,write-in,32
Morton,County Auditor Morton,,,Dawn R Rhone,8954
Morton,County Auditor Morton,,,write-in,52
Morton,County Commissioner at Large Morton,,,Andrew (Andy) Zachmeier,7679
Morton,County Commissioner at Large Morton,,,Jackie Buckley,7667
Morton,County Commissioner at Large Morton,,,write-in,118
Morton,County Official Newspaper Morton,,,Mandan News,6648
Morton,County Recorder Morton,,,Nancy (Kihne) Seefeldt,8852
Morton,County Recorder Morton,,,write-in,30
Morton,County Sheriff Morton,,,Kyle Kirchmeier,9169
Morton,County Sheriff Morton,,,write-in,113
Morton,County State's Attorney Morton,,,Allen Michael Koppy,5287
Morton,County State's Attorney Morton,,,Gabrielle Goter,4539
Morton,County State's Attorney Morton,,,write-in,44
Morton,County Treasurer Morton,,,Kari Hatzenbuhler,8964
Morton,County Treasurer Morton,,,write-in,32
Morton,Initiated Constitutional Measure No. 1 Relating to Term Limits of the Governor and the Legislature,,,No,4315
Morton,Initiated Constitutional Measure No. 1 Relating to Term Limits of the Governor and the Legislature,,,Yes,6928
Morton,"Initiated Statutory Measure No. 2 Relating to the Legalization, Production, Processing, Sale, and Possession of Cannabis.",,,No,6477
Morton,"Initiated Statutory Measure No. 2 Relating to the Legalization, Production, Processing, Sale, and Possession of Cannabis.",,,Yes,4853
Morton,Judge of the District Court No. 10 Unexpired 4-Year Term South Central,,,Pamela Nesvig,8684
Morton,Judge of the District Court No. 10 Unexpired 4-Year Term South Central,,,write-in,60
Morton,Judge of the District Court No. 2 South Central,,,Douglas A Bahr,8728
Morton,Judge of the District Court No. 2 South Central,,,write-in,50
Morton,Judge of the District Court No. 5 South Central,,,Cynthia M Feland,8726
Morton,Judge of the District Court No. 5 South Central,,,write-in,99
Morton,Judge of the District Court No. 6 Unexpired 4-Year Term South Central,,,Bobbi Weiler,8666
Morton,Judge of the District Court No. 6 Unexpired 4-Year Term South Central,,,write-in,66
Morton,Justice of the Supreme Court,,,Daniel J Crothers,8740
Morton,Justice of the Supreme Court,,,write-in,68
Morton,Public Service Commissioner,,,Julie Fedorchak,8455
Morton,Public Service Commissioner,,,Melanie Moniz,2407
Morton,Public Service Commissioner,,,write-in,19
Morton,Public Service Commissioner Unexpired 4-Year Term,,,Sheri Haugen-Hoffart,8203
Morton,Public Service Commissioner Unexpired 4-Year Term,,,Trygve Hammer,2467
Morton,Public Service Commissioner Unexpired 4-Year Term,,,write-in,22
Morton,Secretary of State,,,Charles Tuttle,1178
Morton,Secretary of State,,,Jeffrey Powell,2272
Morton,Secretary of State,,,Michael Howe,7514
Morton,Secretary of State,,,write-in,14
Morton,State House,31,,Dawson Holle,1888
Morton,State House,31,,Karen Rohr,1924
Morton,State House,31,,Mike Faith,700
Morton,State House,31,,write-in,18
Morton,State House,33,,Anna Novak,1119
Morton,State House,33,,Bill Tveit,1113
Morton,State House,33,,write-in,27
Morton,State House Unexpired 2-Year Term,36,,Dori Hauck,871
Morton,State House Unexpired 2-Year Term,36,,Gary Kreidt,897
Morton,State House Unexpired 2-Year Term,36,,write-in,12
Morton,State Senate,31,,Donald Schaible,2340
Morton,State Senate,31,,write-in,42
Morton,State Senate,33,,Keith Boehm,1386
Morton,State Senate,33,,write-in,29
Morton,State Senate Unexpired 2-Year Term,36,,Jay Elkin,1117
Morton,State Senate Unexpired 2-Year Term,36,,write-in,9
Morton,"Supervisor, Soil Conservation District Morton County Soil Conservation District",,,Rocklin Wade Bateman,8893
Morton,"Supervisor, Soil Conservation District Morton County Soil Conservation District",,,write-in,45
Morton,Tax Commissioner,,,Brian Kroshus,9200
Morton,Tax Commissioner,,,write-in,122
Morton,U.S. House,1,,Cara Mund,3897
Morton,U.S. House,1,,Kelly Armstrong,7385
Morton,U.S. House,1,,write-in,22
Morton,U.S. Senate,,,John Hoeven,6130
Morton,U.S. Senate,,,Katrina Christiansen,2101
Morton,U.S. Senate,,,Rick Becker,3115
Morton,U.S. Senate,,,write-in,12
Mountrail,Agriculture Commissioner,,,Doug Goehring,1907
Mountrail,Agriculture Commissioner,,,Fintan L Dooley,686
Mountrail,Agriculture Commissioner,,,write-in,2
Mountrail,Attorney General,,,Drew Wrigley,1832
Mountrail,Attorney General,,,Timothy Charles Lamb,756
Mountrail,Attorney General,,,write-in,3
Mountrail,County Auditor Mountrail,,,Stephanie A Pappa,2263
Mountrail,County Auditor Mountrail,,,write-in,19
Mountrail,County Commissioner Mountrail - District 2,,,Joan M Hollekim,2210
Mountrail,County Commissioner Mountrail - District 2,,,write-in,43
Mountrail,County Commissioner Mountrail - District 3,,,Trudy Ruland,2156
Mountrail,County Commissioner Mountrail - District 3,,,write-in,52
Mountrail,County Commissioner Mountrail - District 4,,,John Degroot,2207
Mountrail,County Commissioner Mountrail - District 4,,,write-in,18
Mountrail,County Official Newspaper Mountrail,,,Mountrail County Promoter,1812
Mountrail,County Official Newspaper Mountrail,,,New Town News,698
Mountrail,County Recorder Mountrail,,,Melissa Vachal,2272
Mountrail,County Recorder Mountrail,,,write-in,12
Mountrail,County Sheriff Mountrail,,,Corey Bristol,2288
Mountrail,County Sheriff Mountrail,,,write-in,52
Mountrail,County State's Attorney Mountrail,,,Wade G Enget,2157
Mountrail,County State's Attorney Mountrail,,,write-in,51
Mountrail,County Treasurer Mountrail,,,Jessica Niemitalo,2259
Mountrail,County Treasurer Mountrail,,,write-in,16
Mountrail,Initiated Constitutional Measure No. 1 Relating to Term Limits of the Governor and the Legislature,,,No,866
Mountrail,Initiated Constitutional Measure No. 1 Relating to Term Limits of the Governor and the Legislature,,,Yes,1696
Mountrail,"Initiated Statutory Measure No. 2 Relating to the Legalization, Production, Processing, Sale, and Possession of Cannabis.",,,No,1365
Mountrail,"Initiated Statutory Measure No. 2 Relating to the Legalization, Production, Processing, Sale, and Possession of Cannabis.",,,Yes,1219
Mountrail,Judge of the District Court No. 2 North Central,,,Gary H Lee,2206
Mountrail,Judge of the District Court No. 2 North Central,,,write-in,28
Mountrail,Judge of the District Court No. 5 North Central,,,Todd L Cresap,2171
Mountrail,Judge of the District Court No. 5 North Central,,,write-in,28
Mountrail,Justice of the Supreme Court,,,Daniel J Crothers,2161
Mountrail,Justice of the Supreme Court,,,write-in,37
Mountrail,Public Service Commissioner,,,Julie Fedorchak,1825
Mountrail,Public Service Commissioner,,,Melanie Moniz,753
Mountrail,Public Service Commissioner,,,write-in,2
Mountrail,Public Service Commissioner Unexpired 4-Year Term,,,Sheri Haugen-Hoffart,1806
Mountrail,Public Service Commissioner Unexpired 4-Year Term,,,Trygve Hammer,755
Mountrail,Public Service Commissioner Unexpired 4-Year Term,,,write-in,4
Mountrail,Secretary of State,,,Charles Tuttle,264
Mountrail,Secretary of State,,,Jeffrey Powell,683
Mountrail,Secretary of State,,,Michael Howe,1630
Mountrail,Secretary of State,,,write-in,1
Mountrail,State House Unexpired 2-Year Term,4a,,Lisa Finley-DeVille,666
Mountrail,State House Unexpired 2-Year Term,4a,,Terry Burton Jones,392
Mountrail,State House Unexpired 2-Year Term,4a,,write-in,5
Mountrail,State House Unexpired 2-Year Term,4b,,Clayton Fegley,483
Mountrail,State House Unexpired 2-Year Term,4b,,write-in,4
Mountrail,"Supervisor, Soil Conservation District Mountrail County Soil Conservation District",,,Colin Vachal,2258
Mountrail,"Supervisor, Soil Conservation District Mountrail County Soil Conservation District",,,write-in,16
Mountrail,Tax Commissioner,,,Brian Kroshus,2187
Mountrail,Tax Commissioner,,,write-in,59
Mountrail,U.S. House,1,,Cara Mund,884
Mountrail,U.S. House,1,,Kelly Armstrong,1702
Mountrail,U.S. House,1,,write-in,5
Mountrail,U.S. Senate,,,John Hoeven,1393
Mountrail,U.S. Senate,,,Katrina Christiansen,632
Mountrail,U.S. Senate,,,Rick Becker,593
Mountrail,U.S. Senate,,,write-in,3
Nelson,Agriculture Commissioner,,,Doug Goehring,1115
Nelson,Agriculture Commissioner,,,Fintan L Dooley,374
Nelson,Agriculture Commissioner,,,write-in,1
Nelson,Attorney General,,,Drew Wrigley,1021
Nelson,Attorney General,,,Timothy Charles Lamb,463
Nelson,Attorney General,,,write-in,2
Nelson,County Commissioner Nelson - District 1,,,Mary Kay Schuh,545
Nelson,County Commissioner Nelson - District 1,,,Mike Haugland,903
Nelson,County Commissioner Nelson - District 1,,,write-in,2
Nelson,County Commissioner Nelson - District 3,,,Aaron Mork,1209
Nelson,County Commissioner Nelson - District 3,,,write-in,46
Nelson,County Commissioner Nelson - District 5,,,Cameron Swenson,844
Nelson,County Commissioner Nelson - District 5,,,Ronald Miller,539
Nelson,County Commissioner Nelson - District 5,,,write-in,7
Nelson,County Official Newspaper Nelson,,,Lakota American,1288
Nelson,County Sheriff Nelson,,,Keith Olson,467
Nelson,County Sheriff Nelson,,,Kurt Schwind,578
Nelson,County Sheriff Nelson,,,write-in,455
Nelson,County State's Attorney Nelson,,,Jayme Tenneson,1201
Nelson,County State's Attorney Nelson,,,write-in,33
Nelson,Initiated Constitutional Measure No. 1 Relating to Term Limits of the Governor and the Legislature,,,No,514
Nelson,Initiated Constitutional Measure No. 1 Relating to Term Limits of the Governor and the Legislature,,,Yes,978
Nelson,"Initiated Statutory Measure No. 2 Relating to the Legalization, Production, Processing, Sale, and Possession of Cannabis.",,,No,855
Nelson,"Initiated Statutory Measure No. 2 Relating to the Legalization, Production, Processing, Sale, and Possession of Cannabis.",,,Yes,650
Nelson,Judge of the District Court No. 1 Northeast Central,,,Don Hager,1269
Nelson,Judge of the District Court No. 1 Northeast Central,,,write-in,5
Nelson,Judge of the District Court No. 3 Northeast Central,,,Jay Knudson,1242
Nelson,Judge of the District Court No. 3 Northeast Central,,,write-in,4
Nelson,Justice of the Supreme Court,,,Daniel J Crothers,1244
Nelson,Justice of the Supreme Court,,,write-in,5
Nelson,NDSU EXTENSION MILL 32 - Nelson,,,No,614
Nelson,NDSU EXTENSION MILL 32 - Nelson,,,Yes,846
Nelson,Public Service Commissioner,,,Julie Fedorchak,989
Nelson,Public Service Commissioner,,,Melanie Moniz,460
Nelson,Public Service Commissioner,,,write-in,2
Nelson,Public Service Commissioner Unexpired 4-Year Term,,,Sheri Haugen-Hoffart,1004
Nelson,Public Service Commissioner Unexpired 4-Year Term,,,Trygve Hammer,439
Nelson,Public Service Commissioner Unexpired 4-Year Term,,,write-in,2
Nelson,Secretary of State,,,Charles Tuttle,121
Nelson,Secretary of State,,,Jeffrey Powell,441
Nelson,Secretary of State,,,Michael Howe,899
Nelson,Secretary of State,,,write-in,2
Nelson,State House,29,,Charles Linderman,449
Nelson,State House,29,,Craig Headland,818
Nelson,State House,29,,Don Vigesaa,1013
Nelson,State House,29,,write-in,7
Nelson,State Senate,29,,Ben Vig,562
Nelson,State Senate,29,,Terry M Wanzek,932
Nelson,State Senate,29,,write-in,3
Nelson,"Supervisor, Soil Conservation District Nelson County Soil Conservation District",,,write-in,181
Nelson,Tax Commissioner,,,Brian Kroshus,1203
Nelson,Tax Commissioner,,,write-in,16
Nelson,U.S. House,1,,Cara Mund,553
Nelson,U.S. House,1,,Kelly Armstrong,955
Nelson,U.S. House,1,,write-in,1
Nelson,U.S. Senate,,,John Hoeven,963
Nelson,U.S. Senate,,,Katrina Christiansen,362
Nelson,U.S. Senate,,,Rick Becker,192
Nelson,U.S. Senate,,,write-in,1
Oliver,Agriculture Commissioner,,,Doug Goehring,743
Oliver,Agriculture Commissioner,,,Fintan L Dooley,78
Oliver,Agriculture Commissioner,,,write-in,1
Oliver,Attorney General,,,Drew Wrigley,693
Oliver,Attorney General,,,Timothy Charles Lamb,119
Oliver,Attorney General,,,write-in,0
Oliver,County Auditor Oliver,,,Jaden Schmidt,705
Oliver,County Auditor Oliver,,,write-in,11
Oliver,County Commissioner Oliver - District 2,,,Lee Husfloen,718
Oliver,County Commissioner Oliver - District 2,,,write-in,10
Oliver,County Official Newspaper Oliver,,,Center Republican,739
Oliver,County Recorder Oliver,,,Mickie McNulty-Eide,708
Oliver,County Recorder Oliver,,,write-in,12
Oliver,County Sheriff Oliver,,,David Hilliard,530
Oliver,County Sheriff Oliver,,,Mark A Erhardt,272
Oliver,County Sheriff Oliver,,,write-in,0
Oliver,County State's Attorney Oliver,,,write-in,102
Oliver,County Treasurer Oliver,,,Laura Huber,737
Oliver,County Treasurer Oliver,,,write-in,0
Oliver,Initiated Constitutional Measure No. 1 Relating to Term Limits of the Governor and the Legislature,,,No,331
Oliver,Initiated Constitutional Measure No. 1 Relating to Term Limits of the Governor and the Legislature,,,Yes,498
Oliver,"Initiated Statutory Measure No. 2 Relating to the Legalization, Production, Processing, Sale, and Possession of Cannabis.",,,No,572
Oliver,"Initiated Statutory Measure No. 2 Relating to the Legalization, Production, Processing, Sale, and Possession of Cannabis.",,,Yes,261
Oliver,Judge of the District Court No. 10 Unexpired 4-Year Term South Central,,,Pamela Nesvig,667
Oliver,Judge of the District Court No. 10 Unexpired 4-Year Term South Central,,,write-in,3
Oliver,Judge of the District Court No. 2 South Central,,,Douglas A Bahr,668
Oliver,Judge of the District Court No. 2 South Central,,,write-in,3
Oliver,Judge of the District Court No. 5 South Central,,,Cynthia M Feland,671
Oliver,Judge of the District Court No. 5 South Central,,,write-in,5
Oliver,Judge of the District Court No. 6 Unexpired 4-Year Term South Central,,,Bobbi Weiler,666
Oliver,Judge of the District Court No. 6 Unexpired 4-Year Term South Central,,,write-in,2
Oliver,Justice of the Supreme Court,,,Daniel J Crothers,673
Oliver,Justice of the Supreme Court,,,write-in,3
Oliver,Public Service Commissioner,,,Julie Fedorchak,704
Oliver,Public Service Commissioner,,,Melanie Moniz,103
Oliver,Public Service Commissioner,,,write-in,1
Oliver,Public Service Commissioner Unexpired 4-Year Term,,,Sheri Haugen-Hoffart,691
Oliver,Public Service Commissioner Unexpired 4-Year Term,,,Trygve Hammer,109
Oliver,Public Service Commissioner Unexpired 4-Year Term,,,write-in,0
Oliver,Secretary of State,,,Charles Tuttle,97
Oliver,Secretary of State,,,Jeffrey Powell,101
Oliver,Secretary of State,,,Michael Howe,608
Oliver,Secretary of State,,,write-in,1
Oliver,State House,33,,Anna Novak,556
Oliver,State House,33,,Bill Tveit,617
Oliver,State House,33,,write-in,10
Oliver,State Senate,33,,Keith Boehm,776
Oliver,State Senate,33,,write-in,9
Oliver,"Supervisor, Soil Conservation District Oliver County Soil Conservation District",,,Mikael Joseph Schmidt,718
Oliver,"Supervisor, Soil Conservation District Oliver County Soil Conservation District",,,write-in,4
Oliver,Tax Commissioner,,,Brian Kroshus,737
Oliver,Tax Commissioner,,,write-in,2
Oliver,U.S. House,1,,Cara Mund,174
Oliver,U.S. House,1,,Kelly Armstrong,654
Oliver,U.S. House,1,,write-in,1
Oliver,U.S. Senate,,,John Hoeven,509
Oliver,U.S. Senate,,,Katrina Christiansen,82
Oliver,U.S. Senate,,,Rick Becker,241
Oliver,U.S. Senate,,,write-in,1
Pembina,Agriculture Commissioner,,,Doug Goehring,1992
Pembina,Agriculture Commissioner,,,Fintan L Dooley,424
Pembina,Agriculture Commissioner,,,write-in,2
Pembina,Attorney General,,,Drew Wrigley,1909
Pembina,Attorney General,,,Timothy Charles Lamb,498
Pembina,Attorney General,,,write-in,3
Pembina,County Auditor/Treasurer Pembina,,,Linda Schlittenhard,2186
Pembina,County Auditor/Treasurer Pembina,,,write-in,19
Pembina,County Commissioner By District Pembina - District 1,,,Andrew Cull,352
Pembina,County Commissioner By District Pembina - District 1,,,write-in,8
Pembina,County Commissioner By District Pembina - District 3,,,Darin G Otto,321
Pembina,County Commissioner By District Pembina - District 3,,,David Moquist,245
Pembina,County Commissioner By District Pembina - District 3,,,write-in,1
Pembina,County Commissioner By District Pembina - District 5,,,Blaine W Papenfuss,239
Pembina,County Commissioner By District Pembina - District 5,,,Nick Rutherford,174
Pembina,County Commissioner By District Pembina - District 5,,,write-in,2
Pembina,County Official Newspaper Pembina,,,The Cavalier Chronicle,2167
Pembina,County Recorder/Clerk of District Court Pembina,,,Missy Morden,2193
Pembina,County Recorder/Clerk of District Court Pembina,,,write-in,7
Pembina,County Sheriff Pembina,,,Patrick Swift,510
Pembina,County Sheriff Pembina,,,Terry Meidinger,1868
Pembina,County Sheriff Pembina,,,write-in,10
Pembina,County State's Attorney Pembina,,,Garret Fontaine,1605
Pembina,County State's Attorney Pembina,,,Rebecca Flanders,758
Pembina,County State's Attorney Pembina,,,write-in,1
Pembina,Initiated Constitutional Measure No. 1 Relating to Term Limits of the Governor and the Legislature,,,No,863
Pembina,Initiated Constitutional Measure No. 1 Relating to Term Limits of the Governor and the Legislature,,,Yes,1557
Pembina,"Initiated Statutory Measure No. 2 Relating to the Legalization, Production, Processing, Sale, and Possession of Cannabis.",,,No,1526
Pembina,"Initiated Statutory Measure No. 2 Relating to the Legalization, Production, Processing, Sale, and Possession of Cannabis.",,,Yes,921
Pembina,Judge of the District Court No. 1 Northeast,,,Lonnie Olson,2050
Pembina,Judge of the District Court No. 1 Northeast,,,write-in,10
Pembina,Justice of the Supreme Court,,,Daniel J Crothers,2040
Pembina,Justice of the Supreme Court,,,write-in,13
Pembina,Public Service Commissioner,,,Julie Fedorchak,1862
Pembina,Public Service Commissioner,,,Melanie Moniz,507
Pembina,Public Service Commissioner,,,write-in,1
Pembina,Public Service Commissioner Unexpired 4-Year Term,,,Sheri Haugen-Hoffart,1833
Pembina,Public Service Commissioner Unexpired 4-Year Term,,,Trygve Hammer,521
Pembina,Public Service Commissioner Unexpired 4-Year Term,,,write-in,1
Pembina,Secretary of State,,,Charles Tuttle,192
Pembina,Secretary of State,,,Jeffrey Powell,452
Pembina,Secretary of State,,,Michael Howe,1739
Pembina,Secretary of State,,,write-in,1
Pembina,State House,19,,David Monson,1792
Pembina,State House,19,,Jill Hipsher,443
Pembina,State House,19,,Karen A Anderson,1631
Pembina,State House,19,,Lynnell Popowski,422
Pembina,State House,19,,write-in,12
Pembina,State Senate,19,,Janne Myrdal,1877
Pembina,State Senate,19,,Travis Hipsher,531
Pembina,State Senate,19,,write-in,4
Pembina,"Supervisor, Soil Conservation District Pembina County Soil Conservation District",,,write-in,255
Pembina,Tax Commissioner,,,Brian Kroshus,2067
Pembina,Tax Commissioner,,,write-in,19
Pembina,U.S. House,1,,Cara Mund,697
Pembina,U.S. House,1,,Kelly Armstrong,1741
Pembina,U.S. House,1,,write-in,2
Pembina,U.S. Senate,,,John Hoeven,1737
Pembina,U.S. Senate,,,Katrina Christiansen,406
Pembina,U.S. Senate,,,Rick Becker,318
Pembina,U.S. Senate,,,write-in,0
Pierce,Agriculture Commissioner,,,Doug Goehring,1212
Pierce,Agriculture Commissioner,,,Fintan L Dooley,255
Pierce,Agriculture Commissioner,,,write-in,0
Pierce,Attorney General,,,Drew Wrigley,1141
Pierce,Attorney General,,,Timothy Charles Lamb,323
Pierce,Attorney General,,,write-in,3
Pierce,County Agent 35 - Pierce,,,No,920
Pierce,County Agent 35 - Pierce,,,Yes,523
Pierce,County Commissioner By District Pierce - District 1,,,Joe Bohl,221
Pierce,County Commissioner By District Pierce - District 1,,,write-in,10
Pierce,County Commissioner By District Pierce - District 3,,,David Bednarz,255
Pierce,County Commissioner By District Pierce - District 3,,,write-in,3
Pierce,County Commissioner By District Pierce - District 5,,,Dave Migler,257
Pierce,County Commissioner By District Pierce - District 5,,,write-in,15
Pierce,County Official Newspaper Pierce,,,Pierce County Tribune,1274
Pierce,County Recorder Pierce,,,Lori Miron,1326
Pierce,County Recorder Pierce,,,write-in,2
Pierce,County Sheriff Pierce,,,Josh Siegler,1320
Pierce,County Sheriff Pierce,,,write-in,21
Pierce,County State's Attorney Pierce,,,Galen J. Mack,1254
Pierce,County State's Attorney Pierce,,,write-in,28
Pierce,"Director, Garrison Diversion Conservancy Pierce",,,Dave Anderson,1276
Pierce,"Director, Garrison Diversion Conservancy Pierce",,,write-in,10
Pierce,Initiated Constitutional Measure No. 1 Relating to Term Limits of the Governor and the Legislature,,,No,588
Pierce,Initiated Constitutional Measure No. 1 Relating to Term Limits of the Governor and the Legislature,,,Yes,893
Pierce,"Initiated Statutory Measure No. 2 Relating to the Legalization, Production, Processing, Sale, and Possession of Cannabis.",,,No,987
Pierce,"Initiated Statutory Measure No. 2 Relating to the Legalization, Production, Processing, Sale, and Possession of Cannabis.",,,Yes,487
Pierce,Judge of the District Court No. 1 Northeast,,,Lonnie Olson,1236
Pierce,Judge of the District Court No. 1 Northeast,,,write-in,1
Pierce,Justice of the Supreme Court,,,Daniel J Crothers,1235
Pierce,Justice of the Supreme Court,,,write-in,2
Pierce,Public Service Commissioner,,,Julie Fedorchak,1131
Pierce,Public Service Commissioner,,,Melanie Moniz,315
Pierce,Public Service Commissioner,,,write-in,1
Pierce,Public Service Commissioner Unexpired 4-Year Term,,,Sheri Haugen-Hoffart,1168
Pierce,Public Service Commissioner Unexpired 4-Year Term,,,Trygve Hammer,280
Pierce,Public Service Commissioner Unexpired 4-Year Term,,,write-in,0
Pierce,Secretary of State,,,Charles Tuttle,200
Pierce,Secretary of State,,,Jeffrey Powell,296
Pierce,Secretary of State,,,Michael Howe,970
Pierce,Secretary of State,,,write-in,1
Pierce,"Supervisor, Soil Conservation District Pierce County Soil Conservation District",,,Joey Fritel,1327
Pierce,"Supervisor, Soil Conservation District Pierce County Soil Conservation District",,,write-in,5
Pierce,Tax Commissioner,,,Brian Kroshus,1264
Pierce,Tax Commissioner,,,write-in,12
Pierce,U.S. House,1,,Cara Mund,483
Pierce,U.S. House,1,,Kelly Armstrong,997
Pierce,U.S. House,1,,write-in,1
Pierce,U.S. Senate,,,John Hoeven,876
Pierce,U.S. Senate,,,Katrina Christiansen,227
Pierce,U.S. Senate,,,Rick Becker,391
Pierce,U.S. Senate,,,write-in,1
Ramsey,Agriculture Commissioner,,,Doug Goehring,3095
Ramsey,Agriculture Commissioner,,,Fintan L Dooley,854
Ramsey,Agriculture Commissioner,,,write-in,3
Ramsey,Attorney General,,,Drew Wrigley,2931
Ramsey,Attorney General,,,Timothy Charles Lamb,1022
Ramsey,Attorney General,,,write-in,4
Ramsey,County Auditor Ramsey,,,Kandy K Christopherson,3543
Ramsey,County Auditor Ramsey,,,write-in,12
Ramsey,County Commissioner at Large Ramsey,,,Bill Hodous,2027
Ramsey,County Commissioner at Large Ramsey,,,Ed Brown,1795
Ramsey,County Commissioner at Large Ramsey,,,Mark E Olson,1270
Ramsey,County Commissioner at Large Ramsey,,,Paul J Wilhelmi,1818
Ramsey,County Commissioner at Large Ramsey,,,write-in,16
Ramsey,County Commissioner at Large Unexpired 2-Year Term Ramsey,,,Lee Gessner,1556
Ramsey,County Commissioner at Large Unexpired 2-Year Term Ramsey,,,Rob Johnson,642
Ramsey,County Commissioner at Large Unexpired 2-Year Term Ramsey,,,Terry Wallace,1524
Ramsey,County Commissioner at Large Unexpired 2-Year Term Ramsey,,,write-in,13
Ramsey,County Official Newspaper Ramsey,,,Devils Lake Daily Journal,3306
Ramsey,County Recorder Ramsey,,,Bev Bachmeier,3496
Ramsey,County Recorder Ramsey,,,write-in,10
Ramsey,County Sheriff Ramsey,,,Bryan Lang,2225
Ramsey,County Sheriff Ramsey,,,Steven K Nelson,1627
Ramsey,County Sheriff Ramsey,,,write-in,3
Ramsey,County State's Attorney Ramsey,,,Beau Cummings,3399
Ramsey,County State's Attorney Ramsey,,,write-in,30
Ramsey,County Treasurer Ramsey,,,Lisa Diseth,3571
Ramsey,County Treasurer Ramsey,,,write-in,12
Ramsey,"Director, Garrison Diversion Conservancy Ramsey",,,Kyle Blanchfield,3320
Ramsey,"Director, Garrison Diversion Conservancy Ramsey",,,write-in,53
Ramsey,Initiated Constitutional Measure No. 1 Relating to Term Limits of the Governor and the Legislature,,,No,1322
Ramsey,Initiated Constitutional Measure No. 1 Relating to Term Limits of the Governor and the Legislature,,,Yes,2638
Ramsey,"Initiated Statutory Measure No. 2 Relating to the Legalization, Production, Processing, Sale, and Possession of Cannabis.",,,No,2223
Ramsey,"Initiated Statutory Measure No. 2 Relating to the Legalization, Production, Processing, Sale, and Possession of Cannabis.",,,Yes,1780
Ramsey,Judge of the District Court No. 1 Northeast,,,Lonnie Olson,3515
Ramsey,Judge of the District Court No. 1 Northeast,,,write-in,46
Ramsey,Justice of the Supreme Court,,,Daniel J Crothers,3319
Ramsey,Justice of the Supreme Court,,,write-in,25
Ramsey,Public Service Commissioner,,,Julie Fedorchak,2820
Ramsey,Public Service Commissioner,,,Melanie Moniz,1064
Ramsey,Public Service Commissioner,,,write-in,3
Ramsey,Public Service Commissioner Unexpired 4-Year Term,,,Sheri Haugen-Hoffart,2854
Ramsey,Public Service Commissioner Unexpired 4-Year Term,,,Trygve Hammer,1015
Ramsey,Public Service Commissioner Unexpired 4-Year Term,,,write-in,4
Ramsey,Secretary of State,,,Charles Tuttle,428
Ramsey,Secretary of State,,,Jeffrey Powell,972
Ramsey,Secretary of State,,,Michael Howe,2510
Ramsey,Secretary of State,,,write-in,2
Ramsey,State House,15,,Dennis Johnson,2493
Ramsey,State House,15,,Heather Lawrence-Skadsem,1061
Ramsey,State House,15,,Kathy Frelich,2771
Ramsey,State House,15,,write-in,8
Ramsey,State Senate,15,,Collette Brown,1192
Ramsey,State Senate,15,,Judy Estenson,2718
Ramsey,State Senate,15,,write-in,28
Ramsey,"Supervisor, Soil Conservation District Ramsey County Soil Conservation District",,,write-in,282
Ramsey,Tax Commissioner,,,Brian Kroshus,3334
Ramsey,Tax Commissioner,,,write-in,42
Ramsey,U.S. House,1,,Cara Mund,1393
Ramsey,U.S. House,1,,Kelly Armstrong,2598
Ramsey,U.S. House,1,,write-in,0
Ramsey,U.S. Senate,,,John Hoeven,2424
Ramsey,U.S. Senate,,,Katrina Christiansen,890
Ramsey,U.S. Senate,,,Rick Becker,701
Ramsey,U.S. Senate,,,write-in,2
Ransom,Agriculture Commissioner,,,Doug Goehring,1257
Ransom,Agriculture Commissioner,,,Fintan L Dooley,506
Ransom,Agriculture Commissioner,,,write-in,4
Ransom,Attorney General,,,Drew Wrigley,1140
Ransom,Attorney General,,,Timothy Charles Lamb,633
Ransom,Attorney General,,,write-in,2
Ransom,County Auditor Ransom,,,Nicole Gentzkow,1580
Ransom,County Auditor Ransom,,,write-in,13
Ransom,County Commissioner Ransom,,,Kevin Bishop,884
Ransom,County Commissioner Ransom,,,Neil Olerud,1098
Ransom,County Commissioner Ransom,,,Paul Gilbert,861
Ransom,County Commissioner Ransom,,,write-in,259
Ransom,County Official Newspaper Ransom,,,Ransom County Gazette,1562
Ransom,County Recorder Ransom,,,Shelly Schwab,1569
Ransom,County Recorder Ransom,,,write-in,12
Ransom,County Sheriff Ransom,,,Darren Benneweis,1633
Ransom,County Sheriff Ransom,,,write-in,19
Ransom,County State's Attorney Ransom,,,Fallon Kelly,1517
Ransom,County State's Attorney Ransom,,,write-in,48
Ransom,County Treasurer Ransom,,,Kathie Erickson,1256
Ransom,County Treasurer Ransom,,,Lyle Thomason,443
Ransom,County Treasurer Ransom,,,write-in,3
Ransom,Initiated Constitutional Measure No. 1 Relating to Term Limits of the Governor and the Legislature,,,No,532
Ransom,Initiated Constitutional Measure No. 1 Relating to Term Limits of the Governor and the Legislature,,,Yes,1258
Ransom,"Initiated Statutory Measure No. 2 Relating to the Legalization, Production, Processing, Sale, and Possession of Cannabis.",,,No,949
Ransom,"Initiated Statutory Measure No. 2 Relating to the Legalization, Production, Processing, Sale, and Possession of Cannabis.",,,Yes,861
Ransom,Judge of the District Court No. 2 Southeast,,,Nick D Thornton,797
Ransom,Judge of the District Court No. 2 Southeast,,,Paul C Murphy,636
Ransom,Judge of the District Court No. 2 Southeast,,,write-in,3
Ransom,Judge of the District Court No. 4 Southeast,,,James D Hovey,1454
Ransom,Judge of the District Court No. 4 Southeast,,,write-in,7
Ransom,Judge of the District Court No. 5 Southeast,,,Daniel D Narum,1524
Ransom,Judge of the District Court No. 5 Southeast,,,write-in,7
Ransom,Judge of the District Court No. 6 Southeast,,,Jay Schmitz,1479
Ransom,Judge of the District Court No. 6 Southeast,,,write-in,9
Ransom,Judge of the District Court No. 7 Southeast,,,Troy J LeFevre,1449
Ransom,Judge of the District Court No. 7 Southeast,,,write-in,5
Ransom,Justice of the Supreme Court,,,Daniel J Crothers,1483
Ransom,Justice of the Supreme Court,,,write-in,11
Ransom,Public Service Commissioner,,,Julie Fedorchak,1141
Ransom,Public Service Commissioner,,,Melanie Moniz,595
Ransom,Public Service Commissioner,,,write-in,1
Ransom,Public Service Commissioner Unexpired 4-Year Term,,,Sheri Haugen-Hoffart,1116
Ransom,Public Service Commissioner Unexpired 4-Year Term,,,Trygve Hammer,611
Ransom,Public Service Commissioner Unexpired 4-Year Term,,,write-in,2
Ransom,Secretary of State,,,Charles Tuttle,208
Ransom,Secretary of State,,,Jeffrey Powell,566
Ransom,Secretary of State,,,Michael Howe,998
Ransom,Secretary of State,,,write-in,2
Ransom,State House Unexpired 2-Year Term,24,,Cole Christensen,925
Ransom,State House Unexpired 2-Year Term,24,,Dwight Harold Kiefert,928
Ransom,State House Unexpired 2-Year Term,24,,Kaitlyn Huss,534
Ransom,State House Unexpired 2-Year Term,24,,Madeline Z Luke,723
Ransom,State House Unexpired 2-Year Term,24,,write-in,6
Ransom,"Supervisor, Soil Conservation District Ransom County Soil Conservation District",,,Andrew Hoenhause,1583
Ransom,"Supervisor, Soil Conservation District Ransom County Soil Conservation District",,,write-in,5
Ransom,Tax Commissioner,,,Brian Kroshus,1454
Ransom,Tax Commissioner,,,write-in,24
Ransom,U.S. House,1,,Cara Mund,853
Ransom,U.S. House,1,,Kelly Armstrong,956
Ransom,U.S. House,1,,write-in,4
Ransom,U.S. Senate,,,John Hoeven,1045
Ransom,U.S. Senate,,,Katrina Christiansen,527
Ransom,U.S. Senate,,,Rick Becker,248
Ransom,U.S. Senate,,,write-in,1
Renville,Agriculture Commissioner,,,Doug Goehring,779
Renville,Agriculture Commissioner,,,Fintan L Dooley,102
Renville,Agriculture Commissioner,,,write-in,0
Renville,Attorney General,,,Drew Wrigley,732
Renville,Attorney General,,,Timothy Charles Lamb,140
Renville,Attorney General,,,write-in,1
Renville,County Auditor Renville,,,LeAnn M Pollman,836
Renville,County Auditor Renville,,,write-in,1
Renville,County Commissioner By District Renville - District 1,,,Andy Gates,194
Renville,County Commissioner By District Renville - District 1,,,William Stanley,163
Renville,County Commissioner By District Renville - District 1,,,write-in,0
Renville,County Commissioner By District Renville - District 3,,,Jamee Hansen,215
Renville,County Commissioner By District Renville - District 3,,,write-in,8
Renville,County Official Newspaper Renville,,,Renville County Farmer,798
Renville,County Recorder Renville,,,Danielle Petersen,800
Renville,County Recorder Renville,,,write-in,14
Renville,County Sheriff Renville,,,Roger Hutchinson,814
Renville,County Sheriff Renville,,,write-in,13
Renville,County State's Attorney Renville,,,Seymour Robert Jordan,786
Renville,County State's Attorney Renville,,,write-in,4
Renville,"Director, Garrison Diversion Conservancy Renville",,,Mark J Cook,803
Renville,"Director, Garrison Diversion Conservancy Renville",,,write-in,1
Renville,Initiated Constitutional Measure No. 1 Relating to Term Limits of the Governor and the Legislature,,,No,357
Renville,Initiated Constitutional Measure No. 1 Relating to Term Limits of the Governor and the Legislature,,,Yes,528
Renville,"Initiated Statutory Measure No. 2 Relating to the Legalization, Production, Processing, Sale, and Possession of Cannabis.",,,No,626
Renville,"Initiated Statutory Measure No. 2 Relating to the Legalization, Production, Processing, Sale, and Possession of Cannabis.",,,Yes,263
Renville,Judge of the District Court No. 1 Northeast,,,Lonnie Olson,766
Renville,Judge of the District Court No. 1 Northeast,,,write-in,1
Renville,Justice of the Supreme Court,,,Daniel J Crothers,767
Renville,Justice of the Supreme Court,,,write-in,2
Renville,Public Service Commissioner,,,Julie Fedorchak,746
Renville,Public Service Commissioner,,,Melanie Moniz,126
Renville,Public Service Commissioner,,,write-in,1
Renville,Public Service Commissioner Unexpired 4-Year Term,,,Sheri Haugen-Hoffart,719
Renville,Public Service Commissioner Unexpired 4-Year Term,,,Trygve Hammer,143
Renville,Public Service Commissioner Unexpired 4-Year Term,,,write-in,1
Renville,Road & Bridge Levy 38 - Renville,,,No,389
Renville,Road & Bridge Levy 38 - Renville,,,Yes,480
Renville,Secretary of State,,,Charles Tuttle,104
Renville,Secretary of State,,,Jeffrey Powell,115
Renville,Secretary of State,,,Michael Howe,653
Renville,Secretary of State,,,write-in,0
Renville,State Senate Unexpired 2-Year Term,6,,Robert Tolar,168
Renville,State Senate Unexpired 2-Year Term,6,,Shawn Vedaa,699
Renville,State Senate Unexpired 2-Year Term,6,,write-in,1
Renville,"Supervisor, Soil Conservation District Renville County Soil Conservation District",,,write-in,114
Renville,Tax Commissioner,,,Brian Kroshus,796
Renville,Tax Commissioner,,,write-in,4
Renville,U.S. House,1,,Cara Mund,198
Renville,U.S. House,1,,Kelly Armstrong,690
Renville,U.S. House,1,,write-in,1
Renville,U.S. Senate,,,John Hoeven,547
Renville,U.S. Senate,,,Katrina Christiansen,87
Renville,U.S. Senate,,,Rick Becker,262
Renville,U.S. Senate,,,write-in,0
Richland,Agriculture Commissioner,,,Doug Goehring,4507
Richland,Agriculture Commissioner,,,Fintan L Dooley,1254
Richland,Agriculture Commissioner,,,write-in,3
Richland,Attorney General,,,Drew Wrigley,4134
Richland,Attorney General,,,Timothy Charles Lamb,1627
Richland,Attorney General,,,write-in,1
Richland,County Commissioner at Large Richland,,,Nathan Berseth,3486
Richland,County Commissioner at Large Richland,,,Rowland Ehlert,3109
Richland,County Commissioner at Large Richland,,,Sid Berg,2505
Richland,County Commissioner at Large Richland,,,Terry Goerger,3853
Richland,County Commissioner at Large Richland,,,write-in,66
Richland,County Official Newspaper Richland,,,Wahpeton Daily News,4984
Richland,County Sheriff Richland,,,Gary Ruhl,3485
Richland,County Sheriff Richland,,,Jason Weber,2115
Richland,County Sheriff Richland,,,write-in,34
Richland,County State's Attorney Richland,,,Megan Kummer,4794
Richland,County State's Attorney Richland,,,write-in,24
Richland,"Director, Garrison Diversion Conservancy Richland",,,Kelly C Klosterman,4943
Richland,"Director, Garrison Diversion Conservancy Richland",,,write-in,18
Richland,Initiated Constitutional Measure No. 1 Relating to Term Limits of the Governor and the Legislature,,,No,2116
Richland,Initiated Constitutional Measure No. 1 Relating to Term Limits of the Governor and the Legislature,,,Yes,3748
Richland,"Initiated Statutory Measure No. 2 Relating to the Legalization, Production, Processing, Sale, and Possession of Cannabis.",,,No,3262
Richland,"Initiated Statutory Measure No. 2 Relating to the Legalization, Production, Processing, Sale, and Possession of Cannabis.",,,Yes,2666
Richland,Judge of the District Court No. 2 Southeast,,,Nick D Thornton,2089
Richland,Judge of the District Court No. 2 Southeast,,,Paul C Murphy,2306
Richland,Judge of the District Court No. 2 Southeast,,,write-in,14
Richland,Judge of the District Court No. 4 Southeast,,,James D Hovey,4500
Richland,Judge of the District Court No. 4 Southeast,,,write-in,19
Richland,Judge of the District Court No. 5 Southeast,,,Daniel D Narum,4566
Richland,Judge of the District Court No. 5 Southeast,,,write-in,23
Richland,Judge of the District Court No. 6 Southeast,,,Jay Schmitz,4502
Richland,Judge of the District Court No. 6 Southeast,,,write-in,26
Richland,Judge of the District Court No. 7 Southeast,,,Troy J LeFevre,4397
Richland,Judge of the District Court No. 7 Southeast,,,write-in,22
Richland,Justice of the Supreme Court,,,Daniel J Crothers,4623
Richland,Justice of the Supreme Court,,,write-in,23
Richland,Public Service Commissioner,,,Julie Fedorchak,3996
Richland,Public Service Commissioner,,,Melanie Moniz,1595
Richland,Public Service Commissioner,,,write-in,4
Richland,Public Service Commissioner Unexpired 4-Year Term,,,Sheri Haugen-Hoffart,3984
Richland,Public Service Commissioner Unexpired 4-Year Term,,,Trygve Hammer,1555
Richland,Public Service Commissioner Unexpired 4-Year Term,,,write-in,3
Richland,Secretary of State,,,Charles Tuttle,505
Richland,Secretary of State,,,Jeffrey Powell,1564
Richland,Secretary of State,,,Michael Howe,3623
Richland,Secretary of State,,,write-in,3
Richland,State House,25,,Alisa Mitskog,2789
Richland,State House,25,,Cindy Beck,3957
Richland,State House,25,,Kathy Skroch,2697
Richland,State House,25,,write-in,26
Richland,State Senate,25,,Jim Dotzenrod,2156
Richland,State Senate,25,,Larry Luick,3759
Richland,State Senate,25,,write-in,3
Richland,Tax Commissioner,,,Brian Kroshus,4878
Richland,Tax Commissioner,,,write-in,51
Richland,U.S. House,1,,Cara Mund,2313
Richland,U.S. House,1,,Kelly Armstrong,3603
Richland,U.S. House,1,,write-in,5
Richland,U.S. Senate,,,John Hoeven,3756
Richland,U.S. Senate,,,Katrina Christiansen,1411
Richland,U.S. Senate,,,Rick Becker,796
Richland,U.S. Senate,,,write-in,3
Rolette,Agriculture Commissioner,,,Doug Goehring,1280
Rolette,Agriculture Commissioner,,,Fintan L Dooley,1395
Rolette,Agriculture Commissioner,,,write-in,5
Rolette,Attorney General,,,Drew Wrigley,1151
Rolette,Attorney General,,,Timothy Charles Lamb,1506
Rolette,Attorney General,,,write-in,4
Rolette,County Auditor Rolette,,,Farrah Gourneau,1072
Rolette,County Auditor Rolette,,,Valerie McCloud,1597
Rolette,County Auditor Rolette,,,write-in,2
Rolette,County Commissioner at Large Rolette,,,Craig J Poitra,1233
Rolette,County Commissioner at Large Rolette,,,Doug Lemieux,698
Rolette,County Commissioner at Large Rolette,,,Kent Abrahamson,1186
Rolette,County Commissioner at Large Rolette,,,Lars W Mathiason,1136
Rolette,County Commissioner at Large Rolette,,,write-in,8
Rolette,County Commissioner at Large Unexpired 2-Year Term Rolette,,,Alice Lunday,1317
Rolette,County Commissioner at Large Unexpired 2-Year Term Rolette,,,Cameron Mickelson,1361
Rolette,County Commissioner at Large Unexpired 2-Year Term Rolette,,,write-in,6
Rolette,County Official Newspaper Rolette,,,Turtle Mountain Star,2344
Rolette,County Recorder Rolette,,,Sarah M Bruce,2308
Rolette,County Recorder Rolette,,,write-in,11
Rolette,County Sheriff Rolette,,,Nathan Gustafson,2053
Rolette,County Sheriff Rolette,,,Robert Hulett Sr,631
Rolette,County Sheriff Rolette,,,write-in,3
Rolette,County State's Attorney Rolette,,,Brian D Grosinger,2149
Rolette,County State's Attorney Rolette,,,write-in,24
Rolette,County Treasurer Rolette,,,Kandace Page-Desjarlais,2293
Rolette,County Treasurer Rolette,,,write-in,14
Rolette,Home Rule Charter Amendment Dunseith,,,No,81
Rolette,Home Rule Charter Amendment Dunseith,,,Yes,54
Rolette,Initiated Constitutional Measure No. 1 Relating to Term Limits of the Governor and the Legislature,,,No,821
Rolette,Initiated Constitutional Measure No. 1 Relating to Term Limits of the Governor and the Legislature,,,Yes,1836
Rolette,"Initiated Statutory Measure No. 2 Relating to the Legalization, Production, Processing, Sale, and Possession of Cannabis.",,,No,1149
Rolette,"Initiated Statutory Measure No. 2 Relating to the Legalization, Production, Processing, Sale, and Possession of Cannabis.",,,Yes,1550
Rolette,Judge of the District Court No. 1 Northeast,,,Lonnie Olson,2058
Rolette,Judge of the District Court No. 1 Northeast,,,write-in,28
Rolette,Justice of the Supreme Court,,,Daniel J Crothers,2050
Rolette,Justice of the Supreme Court,,,write-in,32
Rolette,Public Service Commissioner,,,Julie Fedorchak,1097
Rolette,Public Service Commissioner,,,Melanie Moniz,1528
Rolette,Public Service Commissioner,,,write-in,4
Rolette,Public Service Commissioner Unexpired 4-Year Term,,,Sheri Haugen-Hoffart,1139
Rolette,Public Service Commissioner Unexpired 4-Year Term,,,Trygve Hammer,1477
Rolette,Public Service Commissioner Unexpired 4-Year Term,,,write-in,3
Rolette,Secretary of State,,,Charles Tuttle,301
Rolette,Secretary of State,,,Jeffrey Powell,1390
Rolette,Secretary of State,,,Michael Howe,961
Rolette,Secretary of State,,,write-in,4
Rolette,State House,9a,,Brenda Malo,476
Rolette,State House,9a,,Jayme M Davis,1049
Rolette,State House,9a,,write-in,4
Rolette,State House,9b,,Donna Henderson,526
Rolette,State House,9b,,Marvin E Nelson,650
Rolette,State House,9b,,write-in,14
Rolette,State Senate,9,,Kent Weston,1082
Rolette,State Senate,9,,Richard Marcellais,1637
Rolette,State Senate,9,,write-in,4
Rolette,"Supervisor, Soil Conservation District Rolette County Soil Conservation District",,,David D Hill,2203
Rolette,"Supervisor, Soil Conservation District Rolette County Soil Conservation District",,,write-in,21
Rolette,Tax Commissioner,,,Brian Kroshus,1831
Rolette,Tax Commissioner,,,write-in,75
Rolette,U.S. House,1,,Cara Mund,1502
Rolette,U.S. House,1,,Kelly Armstrong,1133
Rolette,U.S. House,1,,write-in,6
Rolette,U.S. Senate,,,John Hoeven,1118
Rolette,U.S. Senate,,,Katrina Christiansen,1268
Rolette,U.S. Senate,,,Rick Becker,342
Rolette,U.S. Senate,,,write-in,4
Sargent,Agriculture Commissioner,,,Doug Goehring,1153
Sargent,Agriculture Commissioner,,,Fintan L Dooley,389
Sargent,Agriculture Commissioner,,,write-in,2
Sargent,Attorney General,,,Drew Wrigley,1040
Sargent,Attorney General,,,Timothy Charles Lamb,511
Sargent,Attorney General,,,write-in,1
Sargent,County Auditor Sargent,,,Pam Maloney,1424
Sargent,County Auditor Sargent,,,write-in,11
Sargent,County Commissioner at Large Sargent,,,Jerry M Waswick,773
Sargent,County Commissioner at Large Sargent,,,Lyle R Bopp,799
Sargent,County Commissioner at Large Sargent,,,Richard Ruch,705
Sargent,County Commissioner at Large Sargent,,,Scott A Johnson,908
Sargent,County Commissioner at Large Sargent,,,Wade Anderson,834
Sargent,County Commissioner at Large Sargent,,,write-in,10
Sargent,County Official Newspaper Sargent,,,Sargent County Teller,1434
Sargent,County Sheriff Sargent,,,Holly Ponzer,410
Sargent,County Sheriff Sargent,,,Travis A Paeper,1136
Sargent,County Sheriff Sargent,,,write-in,14
Sargent,County State's Attorney Sargent,,,Jayne Lewandowski Pfau,1346
Sargent,County State's Attorney Sargent,,,write-in,18
Sargent,County Treasurer/Recorder/Clerk of District Court Sargent,,,Alison Toepke,1393
Sargent,County Treasurer/Recorder/Clerk of District Court Sargent,,,write-in,10
Sargent,EMS LEVY INCREASE 41 - Sargent,,,No,638
Sargent,EMS LEVY INCREASE 41 - Sargent,,,Yes,900
Sargent,Initiated Constitutional Measure No. 1 Relating to Term Limits of the Governor and the Legislature,,,No,513
Sargent,Initiated Constitutional Measure No. 1 Relating to Term Limits of the Governor and the Legislature,,,Yes,1053
Sargent,"Initiated Statutory Measure No. 2 Relating to the Legalization, Production, Processing, Sale, and Possession of Cannabis.",,,No,877
Sargent,"Initiated Statutory Measure No. 2 Relating to the Legalization, Production, Processing, Sale, and Possession of Cannabis.",,,Yes,703
Sargent,Judge of the District Court No. 2 Southeast,,,Nick D Thornton,581
Sargent,Judge of the District Court No. 2 Southeast,,,Paul C Murphy,603
Sargent,Judge of the District Court No. 2 Southeast,,,write-in,10
Sargent,Judge of the District Court No. 4 Southeast,,,James D Hovey,1183
Sargent,Judge of the District Court No. 4 Southeast,,,write-in,8
Sargent,Judge of the District Court No. 5 Southeast,,,Daniel D Narum,1356
Sargent,Judge of the District Court No. 5 Southeast,,,write-in,15
Sargent,Judge of the District Court No. 6 Southeast,,,Jay Schmitz,1211
Sargent,Judge of the District Court No. 6 Southeast,,,write-in,8
Sargent,Judge of the District Court No. 7 Southeast,,,Troy J LeFevre,1183
Sargent,Judge of the District Court No. 7 Southeast,,,write-in,9
Sargent,Justice of the Supreme Court,,,Daniel J Crothers,1225
Sargent,Justice of the Supreme Court,,,write-in,9
Sargent,Public Service Commissioner,,,Julie Fedorchak,1010
Sargent,Public Service Commissioner,,,Melanie Moniz,505
Sargent,Public Service Commissioner,,,write-in,0
Sargent,Public Service Commissioner Unexpired 4-Year Term,,,Sheri Haugen-Hoffart,1017
Sargent,Public Service Commissioner Unexpired 4-Year Term,,,Trygve Hammer,485
Sargent,Public Service Commissioner Unexpired 4-Year Term,,,write-in,0
Sargent,Secretary of State,,,Charles Tuttle,151
Sargent,Secretary of State,,,Jeffrey Powell,473
Sargent,Secretary of State,,,Michael Howe,905
Sargent,Secretary of State,,,write-in,0
Sargent,State House,25,,Alisa Mitskog,16
Sargent,State House,25,,Cindy Beck,23
Sargent,State House,25,,Kathy Skroch,23
Sargent,State House,25,,write-in,0
Sargent,State House Unexpired 2-Year Term,28,,Jim Grueneich,874
Sargent,State House Unexpired 2-Year Term,28,,Mike Brandenburg,946
Sargent,State House Unexpired 2-Year Term,28,,Sharon Ulmer,555
Sargent,State House Unexpired 2-Year Term,28,,write-in,13
Sargent,State Senate,25,,Jim Dotzenrod,16
Sargent,State Senate,25,,Larry Luick,23
Sargent,State Senate,25,,write-in,0
Sargent,State Senate Unexpired 2-Year Term,28,,Robert (Bob) Erbele,1187
Sargent,State Senate Unexpired 2-Year Term,28,,write-in,32
Sargent,"Supervisor, Soil Conservation District Wild Rice Soil Conservation District",,,Cameron Gulleson,1402
Sargent,"Supervisor, Soil Conservation District Wild Rice Soil Conservation District",,,write-in,17
Sargent,Tax Commissioner,,,Brian Kroshus,1254
Sargent,Tax Commissioner,,,write-in,22
Sargent,U.S. House,1,,Cara Mund,671
Sargent,U.S. House,1,,Kelly Armstrong,912
Sargent,U.S. House,1,,write-in,0
Sargent,U.S. Senate,,,John Hoeven,988
Sargent,U.S. Senate,,,Katrina Christiansen,403
Sargent,U.S. Senate,,,Rick Becker,190
Sargent,U.S. Senate,,,write-in,0
Sheridan,Agriculture Commissioner,,,Doug Goehring,547
Sheridan,Agriculture Commissioner,,,Fintan L Dooley,71
Sheridan,Agriculture Commissioner,,,write-in,1
Sheridan,Attorney General,,,Drew Wrigley,517
Sheridan,Attorney General,,,Timothy Charles Lamb,91
Sheridan,Attorney General,,,write-in,2
Sheridan,County Auditor Sheridan,,,Shirley A. Murray,538
Sheridan,County Auditor Sheridan,,,write-in,12
Sheridan,County Commissioner Sheridan - District 1,,,Shannon Dieterle,548
Sheridan,County Commissioner Sheridan - District 1,,,write-in,18
Sheridan,County Commissioner Sheridan - District 3,,,Sandra Felchle,548
Sheridan,County Commissioner Sheridan - District 3,,,write-in,15
Sheridan,County Official Newspaper Sheridan,,,The McClusky Gazette,566
Sheridan,County Recorder Sheridan,,,Kathleen C Mindt,560
Sheridan,County Recorder Sheridan,,,write-in,5
Sheridan,County Road Mill Levy 42 - Sheridan,,,No,185
Sheridan,County Road Mill Levy 42 - Sheridan,,,Yes,425
Sheridan,County Sheriff Sheridan,,,Trent Naser,564
Sheridan,County Sheriff Sheridan,,,write-in,10
Sheridan,County State's Attorney Sheridan,,,Ladd Erickson,533
Sheridan,County State's Attorney Sheridan,,,write-in,13
Sheridan,County Treasurer Sheridan,,,Lynnette Fox,554
Sheridan,County Treasurer Sheridan,,,write-in,5
Sheridan,Goodrich School District #16 Measure No. 1 Goodrich School #16,,,No,11
Sheridan,Goodrich School District #16 Measure No. 1 Goodrich School #16,,,Yes,101
Sheridan,Initiated Constitutional Measure No. 1 Relating to Term Limits of the Governor and the Legislature,,,No,245
Sheridan,Initiated Constitutional Measure No. 1 Relating to Term Limits of the Governor and the Legislature,,,Yes,367
Sheridan,"Initiated Statutory Measure No. 2 Relating to the Legalization, Production, Processing, Sale, and Possession of Cannabis.",,,No,405
Sheridan,"Initiated Statutory Measure No. 2 Relating to the Legalization, Production, Processing, Sale, and Possession of Cannabis.",,,Yes,210
Sheridan,Judge of the District Court No. 10 Unexpired 4-Year Term South Central,,,Pamela Nesvig,501
Sheridan,Judge of the District Court No. 10 Unexpired 4-Year Term South Central,,,write-in,4
Sheridan,Judge of the District Court No. 2 South Central,,,Douglas A Bahr,505
Sheridan,Judge of the District Court No. 2 South Central,,,write-in,2
Sheridan,Judge of the District Court No. 5 South Central,,,Cynthia M Feland,506
Sheridan,Judge of the District Court No. 5 South Central,,,write-in,4
Sheridan,Judge of the District Court No. 6 Unexpired 4-Year Term South Central,,,Bobbi Weiler,503
Sheridan,Judge of the District Court No. 6 Unexpired 4-Year Term South Central,,,write-in,3
Sheridan,Justice of the Supreme Court,,,Daniel J Crothers,509
Sheridan,Justice of the Supreme Court,,,write-in,3
Sheridan,McClusky School District #19 Measure No. 1 McClusky School #19,,,No,40
Sheridan,McClusky School District #19 Measure No. 1 McClusky School #19,,,Yes,289
Sheridan,Public Service Commissioner,,,Julie Fedorchak,521
Sheridan,Public Service Commissioner,,,Melanie Moniz,92
Sheridan,Public Service Commissioner,,,write-in,0
Sheridan,Public Service Commissioner Unexpired 4-Year Term,,,Sheri Haugen-Hoffart,503
Sheridan,Public Service Commissioner Unexpired 4-Year Term,,,Trygve Hammer,79
Sheridan,Public Service Commissioner Unexpired 4-Year Term,,,write-in,0
Sheridan,Secretary of State,,,Charles Tuttle,70
Sheridan,Secretary of State,,,Jeffrey Powell,79
Sheridan,Secretary of State,,,Michael Howe,463
Sheridan,Secretary of State,,,write-in,0
Sheridan,"Supervisor, Soil Conservation District Sheridan County Soil Conservation District",,,Kevin Bender,572
Sheridan,"Supervisor, Soil Conservation District Sheridan County Soil Conservation District",,,write-in,1
Sheridan,Tax Commissioner,,,Brian Kroshus,539
Sheridan,Tax Commissioner,,,write-in,5
Sheridan,U.S. House,1,,Cara Mund,137
Sheridan,U.S. House,1,,Kelly Armstrong,481
Sheridan,U.S. House,1,,write-in,2
Sheridan,U.S. Senate,,,John Hoeven,361
Sheridan,U.S. Senate,,,Katrina Christiansen,64
Sheridan,U.S. Senate,,,Rick Becker,199
Sheridan,U.S. Senate,,,write-in,0
Sioux,Agriculture Commissioner,,,Doug Goehring,228
Sioux,Agriculture Commissioner,,,Fintan L Dooley,347
Sioux,Agriculture Commissioner,,,write-in,2
Sioux,Attorney General,,,Drew Wrigley,190
Sioux,Attorney General,,,Timothy Charles Lamb,386
Sioux,Attorney General,,,write-in,3
Sioux,County Auditor Sioux,,,Angela R Eagle,490
Sioux,County Auditor Sioux,,,write-in,11
Sioux,County Commissioner By District Sioux - District 1,,,Patti Kelly,42
Sioux,County Commissioner By District Sioux - District 1,,,Terrence Comeau,96
Sioux,County Commissioner By District Sioux - District 1,,,write-in,5
Sioux,County Commissioner By District Sioux - District 3,,,Clayton Pederson,96
Sioux,County Commissioner By District Sioux - District 3,,,Kenneth Snider,184
Sioux,County Commissioner By District Sioux - District 3,,,write-in,0
Sioux,County Official Newspaper Sioux,,,The Carson Press,360
Sioux,County Sheriff Sioux,,,Michael Crowfeather,521
Sioux,County Sheriff Sioux,,,write-in,10
Sioux,County State's Attorney Sioux,,,write-in,36
Sioux,County Treasurer/Recorder/Clerk of District Court Sioux,,,Vernetta Ironeyes,522
Sioux,County Treasurer/Recorder/Clerk of District Court Sioux,,,write-in,7
Sioux,Initiated Constitutional Measure No. 1 Relating to Term Limits of the Governor and the Legislature,,,No,134
Sioux,Initiated Constitutional Measure No. 1 Relating to Term Limits of the Governor and the Legislature,,,Yes,450
Sioux,"Initiated Statutory Measure No. 2 Relating to the Legalization, Production, Processing, Sale, and Possession of Cannabis.",,,No,197
Sioux,"Initiated Statutory Measure No. 2 Relating to the Legalization, Production, Processing, Sale, and Possession of Cannabis.",,,Yes,389
Sioux,Judge of the District Court No. 10 Unexpired 4-Year Term South Central,,,Pamela Nesvig,402
Sioux,Judge of the District Court No. 10 Unexpired 4-Year Term South Central,,,write-in,9
Sioux,Judge of the District Court No. 2 South Central,,,Douglas A Bahr,394
Sioux,Judge of the District Court No. 2 South Central,,,write-in,7
Sioux,Judge of the District Court No. 5 South Central,,,Cynthia M Feland,423
Sioux,Judge of the District Court No. 5 South Central,,,write-in,8
Sioux,Judge of the District Court No. 6 Unexpired 4-Year Term South Central,,,Bobbi Weiler,425
Sioux,Judge of the District Court No. 6 Unexpired 4-Year Term South Central,,,write-in,6
Sioux,Justice of the Supreme Court,,,Daniel J Crothers,397
Sioux,Justice of the Supreme Court,,,write-in,8
Sioux,Public Service Commissioner,,,Julie Fedorchak,199
Sioux,Public Service Commissioner,,,Melanie Moniz,375
Sioux,Public Service Commissioner,,,write-in,4
Sioux,Public Service Commissioner Unexpired 4-Year Term,,,Sheri Haugen-Hoffart,204
Sioux,Public Service Commissioner Unexpired 4-Year Term,,,Trygve Hammer,354
Sioux,Public Service Commissioner Unexpired 4-Year Term,,,write-in,3
Sioux,Secretary of State,,,Charles Tuttle,80
Sioux,Secretary of State,,,Jeffrey Powell,319
Sioux,Secretary of State,,,Michael Howe,173
Sioux,Secretary of State,,,write-in,1
Sioux,State House,31,,Dawson Holle,155
Sioux,State House,31,,Karen Rohr,152
Sioux,State House,31,,Mike Faith,427
Sioux,State House,31,,write-in,8
Sioux,State Senate,31,,Donald Schaible,314
Sioux,State Senate,31,,write-in,26
Sioux,"Supervisor, Soil Conservation District Cedar Soil Conservation District",,,write-in,61
Sioux,Tax Commissioner,,,Brian Kroshus,312
Sioux,Tax Commissioner,,,write-in,23
Sioux,U.S. House,1,,Cara Mund,373
Sioux,U.S. House,1,,Kelly Armstrong,196
Sioux,U.S. House,1,,write-in,3
Sioux,U.S. Senate,,,John Hoeven,176
Sioux,U.S. Senate,,,Katrina Christiansen,301
Sioux,U.S. Senate,,,Rick Becker,106
Sioux,U.S. Senate,,,write-in,1
Slope,Agriculture Commissioner,,,Doug Goehring,281
Slope,Agriculture Commissioner,,,Fintan L Dooley,20
Slope,Agriculture Commissioner,,,write-in,0
Slope,Attorney General,,,Drew Wrigley,273
Slope,Attorney General,,,Timothy Charles Lamb,24
Slope,Attorney General,,,write-in,0
Slope,County Auditor Slope,,,Lorrie Buzalsky,252
Slope,County Auditor Slope,,,write-in,9
Slope,County Commissioner Slope - District 1,,,Mike Teske,262
Slope,County Commissioner Slope - District 1,,,write-in,4
Slope,County Commissioner Slope - District 3,,,Mike H Sonsalla,182
Slope,County Commissioner Slope - District 3,,,Ryan Jacobson,103
Slope,County Commissioner Slope - District 3,,,write-in,5
Slope,County Official Newspaper Slope,,,Bowman County Pioneer,212
Slope,County Official Newspaper Slope,,,Hettinger County Herald,68
Slope,County Recorder/Clerk of District Court Slope,,,Cindy Ornsbey,247
Slope,County Recorder/Clerk of District Court Slope,,,write-in,1
Slope,County Sheriff Slope,,,Rory M Teigen,260
Slope,County Sheriff Slope,,,write-in,6
Slope,County State's Attorney Slope,,,Erin Melling,239
Slope,County State's Attorney Slope,,,write-in,3
Slope,County Treasurer Slope,,,Colleen Germann,264
Slope,County Treasurer Slope,,,write-in,3
Slope,Initiated Constitutional Measure No. 1 Relating to Term Limits of the Governor and the Legislature,,,No,123
Slope,Initiated Constitutional Measure No. 1 Relating to Term Limits of the Governor and the Legislature,,,Yes,172
Slope,"Initiated Statutory Measure No. 2 Relating to the Legalization, Production, Processing, Sale, and Possession of Cannabis.",,,No,222
Slope,"Initiated Statutory Measure No. 2 Relating to the Legalization, Production, Processing, Sale, and Possession of Cannabis.",,,Yes,78
Slope,Judge of the District Court No. 2 Southwest,,,William A Herauf,268
Slope,Judge of the District Court No. 2 Southwest,,,write-in,1
Slope,Judge of the District Court No. 4 Southwest,,,Rhonda R Ehlis,257
Slope,Judge of the District Court No. 4 Southwest,,,write-in,1
Slope,Justice of the Supreme Court,,,Daniel J Crothers,247
Slope,Justice of the Supreme Court,,,write-in,2
Slope,Public Service Commissioner,,,Julie Fedorchak,274
Slope,Public Service Commissioner,,,Melanie Moniz,23
Slope,Public Service Commissioner,,,write-in,0
Slope,Public Service Commissioner Unexpired 4-Year Term,,,Sheri Haugen-Hoffart,271
Slope,Public Service Commissioner Unexpired 4-Year Term,,,Trygve Hammer,23
Slope,Public Service Commissioner Unexpired 4-Year Term,,,write-in,0
Slope,Secretary of State,,,Charles Tuttle,16
Slope,Secretary of State,,,Jeffrey Powell,27
Slope,Secretary of State,,,Michael Howe,254
Slope,Secretary of State,,,write-in,0
Slope,State House,39,,Keith Kempenich,211
Slope,State House,39,,Mike Schatz,207
Slope,State House,39,,write-in,11
Slope,State Senate,39,,Greg Kessel,232
Slope,State Senate,39,,Thea Lee,64
Slope,State Senate,39,,write-in,1
Slope,"Supervisor, Soil Conservation District Bowman/Slope Soil Conservation District",,,Cory Blaser,163
Slope,"Supervisor, Soil Conservation District Bowman/Slope Soil Conservation District",,,write-in,2
Slope,"Supervisor, Soil Conservation District Slope/Hettinger Soil Conservation District",,,Stan Blickensderfer,91
Slope,"Supervisor, Soil Conservation District Slope/Hettinger Soil Conservation District",,,write-in,0
Slope,Tax Commissioner,,,Brian Kroshus,268
Slope,Tax Commissioner,,,write-in,1
Slope,U.S. House,1,,Cara Mund,50
Slope,U.S. House,1,,Kelly Armstrong,252
Slope,U.S. House,1,,write-in,1
Slope,U.S. Senate,,,John Hoeven,226
Slope,U.S. Senate,,,Katrina Christiansen,23
Slope,U.S. Senate,,,Rick Becker,53
Slope,U.S. Senate,,,write-in,0
Stark,Agriculture Commissioner,,,Doug Goehring,7688
Stark,Agriculture Commissioner,,,Fintan L Dooley,1175
Stark,Agriculture Commissioner,,,write-in,14
Stark,Attorney General,,,Drew Wrigley,7410
Stark,Attorney General,,,Timothy Charles Lamb,1402
Stark,Attorney General,,,write-in,10
Stark,Council Member Gladstone,,,"Bill O""Connor",37
Stark,Council Member Gladstone,,,write-in,32
Stark,County Auditor/Treasurer Stark,,,Karen Richard,4963
Stark,County Auditor/Treasurer Stark,,,Monica Kram,2637
Stark,County Auditor/Treasurer Stark,,,write-in,27
Stark,County Commissioner Stark - District 2,,,Cory White,7049
Stark,County Commissioner Stark - District 2,,,write-in,74
Stark,County Commissioner Stark - District 4,,,Carla Arthaud,3699
Stark,County Commissioner Stark - District 4,,,Paul D. Clarys,4675
Stark,County Commissioner Stark - District 4,,,write-in,25
Stark,County Sheriff Stark,,,Corey Lee,6084
Stark,County Sheriff Stark,,,Fern Moser,2607
Stark,County Sheriff Stark,,,write-in,69
Stark,County State's Attorney Stark,,,Amanda R. Engelstad,7049
Stark,County State's Attorney Stark,,,write-in,50
Stark,INITIATIVE ORDINANCE TO AMEND SALES & USE TAX Dickinson,,,No,3849
Stark,INITIATIVE ORDINANCE TO AMEND SALES & USE TAX Dickinson,,,Yes,2246
Stark,Initiated Constitutional Measure No. 1 Relating to Term Limits of the Governor and the Legislature,,,No,3627
Stark,Initiated Constitutional Measure No. 1 Relating to Term Limits of the Governor and the Legislature,,,Yes,5390
Stark,"Initiated Statutory Measure No. 2 Relating to the Legalization, Production, Processing, Sale, and Possession of Cannabis.",,,No,5589
Stark,"Initiated Statutory Measure No. 2 Relating to the Legalization, Production, Processing, Sale, and Possession of Cannabis.",,,Yes,3534
Stark,Judge of the District Court No. 2 Southwest,,,William A Herauf,7588
Stark,Judge of the District Court No. 2 Southwest,,,write-in,52
Stark,Judge of the District Court No. 4 Southwest,,,Rhonda R Ehlis,7392
Stark,Judge of the District Court No. 4 Southwest,,,write-in,62
Stark,Justice of the Supreme Court,,,Daniel J Crothers,7093
Stark,Justice of the Supreme Court,,,write-in,59
Stark,Public Service Commissioner,,,Julie Fedorchak,7380
Stark,Public Service Commissioner,,,Melanie Moniz,1378
Stark,Public Service Commissioner,,,write-in,9
Stark,Public Service Commissioner Unexpired 4-Year Term,,,Sheri Haugen-Hoffart,7250
Stark,Public Service Commissioner Unexpired 4-Year Term,,,Trygve Hammer,1386
Stark,Public Service Commissioner Unexpired 4-Year Term,,,write-in,8
Stark,Secretary of State,,,Charles Tuttle,1058
Stark,Secretary of State,,,Jeffrey Powell,1292
Stark,Secretary of State,,,Michael Howe,6502
Stark,Secretary of State,,,write-in,1
Stark,State House,37,,Mike Lefor,3091
Stark,State House,37,,Vicky Steiner,2865
Stark,State House,37,,write-in,58
Stark,State House,39,,Keith Kempenich,1005
Stark,State House,39,,Mike Schatz,1418
Stark,State House,39,,write-in,35
Stark,State House Unexpired 2-Year Term,36,,Dori Hauck,2263
Stark,State House Unexpired 2-Year Term,36,,Gary Kreidt,1846
Stark,State House Unexpired 2-Year Term,36,,write-in,32
Stark,State Senate,37,,Dean Rummel,3468
Stark,State Senate,37,,write-in,63
Stark,State Senate,39,,Greg Kessel,1271
Stark,State Senate,39,,Thea Lee,493
Stark,State Senate,39,,write-in,8
Stark,State Senate Unexpired 2-Year Term,36,,Jay Elkin,2783
Stark,State Senate Unexpired 2-Year Term,36,,write-in,46
Stark,"Supervisor, Soil Conservation District Stark Billings Soil Conservation District",,,Robert M. Wock,7072
Stark,"Supervisor, Soil Conservation District Stark Billings Soil Conservation District",,,write-in,46
Stark,Tax Commissioner,,,Brian Kroshus,7633
Stark,Tax Commissioner,,,write-in,58
Stark,U.S. House,1,,Cara Mund,1987
Stark,U.S. House,1,,Kelly Armstrong,7106
Stark,U.S. House,1,,write-in,19
Stark,U.S. Senate,,,John Hoeven,5927
Stark,U.S. Senate,,,Katrina Christiansen,1138
Stark,U.S. Senate,,,Rick Becker,2073
Stark,U.S. Senate,,,write-in,8
Steele,Agriculture Commissioner,,,Doug Goehring,579
Steele,Agriculture Commissioner,,,Fintan L Dooley,196
Steele,Agriculture Commissioner,,,write-in,1
Steele,Attorney General,,,Drew Wrigley,517
Steele,Attorney General,,,Timothy Charles Lamb,255
Steele,Attorney General,,,write-in,1
Steele,County Auditor Steele,,,Emily Wigen,271
Steele,County Auditor Steele,,,Jana Flaten,486
Steele,County Auditor Steele,,,write-in,2
Steele,County Commissioner By District Steele - District 1,,,Brandon Oxton,106
Steele,County Commissioner By District Steele - District 1,,,Brian Tuite,52
Steele,County Commissioner By District Steele - District 1,,,write-in,1
Steele,County Commissioner By District Steele - District 3,,,Jay W Showers,74
Steele,County Commissioner By District Steele - District 3,,,Perry Brown,81
Steele,County Commissioner By District Steele - District 3,,,write-in,0
Steele,County Commissioner By District Steele - District 5,,,Donald Huso,109
Steele,County Commissioner By District Steele - District 5,,,Russell Lee Walcker,53
Steele,County Commissioner By District Steele - District 5,,,write-in,2
Steele,County Official Newspaper Steele,,,Steele County Press,698
Steele,County Sheriff Steele,,,Wayne A Beckman,718
Steele,County Sheriff Steele,,,write-in,17
Steele,County Treasurer Steele,,,Kari Dekker,708
Steele,County Treasurer Steele,,,write-in,7
Steele,Initiated Constitutional Measure No. 1 Relating to Term Limits of the Governor and the Legislature,,,No,278
Steele,Initiated Constitutional Measure No. 1 Relating to Term Limits of the Governor and the Legislature,,,Yes,506
Steele,"Initiated Statutory Measure No. 2 Relating to the Legalization, Production, Processing, Sale, and Possession of Cannabis.",,,No,430
Steele,"Initiated Statutory Measure No. 2 Relating to the Legalization, Production, Processing, Sale, and Possession of Cannabis.",,,Yes,357
Steele,Judge of the District Court No. 2 East Central,,,Tristan Van de Streek,634
Steele,Judge of the District Court No. 2 East Central,,,write-in,0
Steele,Judge of the District Court No. 3 East Central,,,Steven E McCullough,648
Steele,Judge of the District Court No. 3 East Central,,,write-in,1
Steele,Judge of the District Court No. 4 East Central,,,Connie Cleveland,350
Steele,Judge of the District Court No. 4 East Central,,,David J Chapman,299
Steele,Judge of the District Court No. 4 East Central,,,write-in,1
Steele,Justice of the Supreme Court,,,Daniel J Crothers,640
Steele,Justice of the Supreme Court,,,write-in,0
Steele,Public Service Commissioner,,,Julie Fedorchak,510
Steele,Public Service Commissioner,,,Melanie Moniz,252
Steele,Public Service Commissioner,,,write-in,0
Steele,Public Service Commissioner Unexpired 4-Year Term,,,Sheri Haugen-Hoffart,506
Steele,Public Service Commissioner Unexpired 4-Year Term,,,Trygve Hammer,254
Steele,Public Service Commissioner Unexpired 4-Year Term,,,write-in,0
Steele,Secretary of State,,,Charles Tuttle,73
Steele,Secretary of State,,,Jeffrey Powell,246
Steele,Secretary of State,,,Michael Howe,447
Steele,Secretary of State,,,write-in,1
Steele,State House,29,,Charles Linderman,256
Steele,State House,29,,Craig Headland,387
Steele,State House,29,,Don Vigesaa,542
Steele,State House,29,,write-in,0
Steele,State Senate,29,,Ben Vig,306
Steele,State Senate,29,,Terry M Wanzek,477
Steele,State Senate,29,,write-in,1
Steele,"Supervisor, Soil Conservation District Steele County Soil Conservation District",,,Brady Michael Palmer,508
Steele,"Supervisor, Soil Conservation District Steele County Soil Conservation District",,,Ryan Leo Lipetzky,211
Steele,"Supervisor, Soil Conservation District Steele County Soil Conservation District",,,write-in,0
Steele,Tax Commissioner,,,Brian Kroshus,626
Steele,Tax Commissioner,,,write-in,4
Steele,U.S. House,1,,Cara Mund,325
Steele,U.S. House,1,,Kelly Armstrong,457
Steele,U.S. House,1,,write-in,2
Steele,U.S. Senate,,,John Hoeven,469
Steele,U.S. Senate,,,Katrina Christiansen,222
Steele,U.S. Senate,,,Rick Becker,98
Steele,U.S. Senate,,,write-in,1
Stutsman,Agriculture Commissioner,,,Doug Goehring,5107
Stutsman,Agriculture Commissioner,,,Fintan L Dooley,1356
Stutsman,Agriculture Commissioner,,,write-in,16
Stutsman,Attorney General,,,Drew Wrigley,4821
Stutsman,Attorney General,,,Timothy Charles Lamb,1646
Stutsman,Attorney General,,,write-in,16
Stutsman,County Commissioner Stutsman,,,Chad Wolsky,3793
Stutsman,County Commissioner Stutsman,,,Jerry Bergquist,4370
Stutsman,County Commissioner Stutsman,,,Steven J. Cichos,3937
Stutsman,County Commissioner Stutsman,,,write-in,113
Stutsman,County Official Newspaper Stutsman,,,The Jamestown Sun,4946
Stutsman,County Sheriff Stutsman,,,Chad Kaiser,5444
Stutsman,County Sheriff Stutsman,,,write-in,60
Stutsman,County State's Attorney Stutsman,,,Fritz Fremgen,4598
Stutsman,County State's Attorney Stutsman,,,write-in,58
Stutsman,"Director, Garrison Diversion Conservancy Stutsman",,,Geneva Kaiser,4637
Stutsman,"Director, Garrison Diversion Conservancy Stutsman",,,write-in,22
Stutsman,Initiated Constitutional Measure No. 1 Relating to Term Limits of the Governor and the Legislature,,,No,2606
Stutsman,Initiated Constitutional Measure No. 1 Relating to Term Limits of the Governor and the Legislature,,,Yes,4027
Stutsman,"Initiated Statutory Measure No. 2 Relating to the Legalization, Production, Processing, Sale, and Possession of Cannabis.",,,No,3801
Stutsman,"Initiated Statutory Measure No. 2 Relating to the Legalization, Production, Processing, Sale, and Possession of Cannabis.",,,Yes,2931
Stutsman,Judge of the District Court No. 2 Southeast,,,Nick D Thornton,3161
Stutsman,Judge of the District Court No. 2 Southeast,,,Paul C Murphy,1879
Stutsman,Judge of the District Court No. 2 Southeast,,,write-in,21
Stutsman,Judge of the District Court No. 4 Southeast,,,James D Hovey,4479
Stutsman,Judge of the District Court No. 4 Southeast,,,write-in,24
Stutsman,Judge of the District Court No. 5 Southeast,,,Daniel D Narum,4493
Stutsman,Judge of the District Court No. 5 Southeast,,,write-in,31
Stutsman,Judge of the District Court No. 6 Southeast,,,Jay Schmitz,4745
Stutsman,Judge of the District Court No. 6 Southeast,,,write-in,27
Stutsman,Judge of the District Court No. 7 Southeast,,,Troy J LeFevre,4865
Stutsman,Judge of the District Court No. 7 Southeast,,,write-in,24
Stutsman,Justice of the Supreme Court,,,Daniel J Crothers,4587
Stutsman,Justice of the Supreme Court,,,write-in,26
Stutsman,Public Service Commissioner,,,Julie Fedorchak,4653
Stutsman,Public Service Commissioner,,,Melanie Moniz,1642
Stutsman,Public Service Commissioner,,,write-in,3
Stutsman,Public Service Commissioner Unexpired 4-Year Term,,,Sheri Haugen-Hoffart,4592
Stutsman,Public Service Commissioner Unexpired 4-Year Term,,,Trygve Hammer,1635
Stutsman,Public Service Commissioner Unexpired 4-Year Term,,,write-in,6
Stutsman,Secretary of State,,,Charles Tuttle,615
Stutsman,Secretary of State,,,Jeffrey Powell,1547
Stutsman,Secretary of State,,,Michael Howe,4276
Stutsman,Secretary of State,,,write-in,5
Stutsman,State House,29,,Charles Linderman,492
Stutsman,State House,29,,Craig Headland,1513
Stutsman,State House,29,,Don Vigesaa,1470
Stutsman,State House,29,,write-in,5
Stutsman,State Senate,29,,Ben Vig,403
Stutsman,State Senate,29,,Terry M Wanzek,1722
Stutsman,State Senate,29,,write-in,3
Stutsman,"Supervisor, Soil Conservation District Stutsman County Soil Conservation County",,,Bernard Wanzek,4850
Stutsman,"Supervisor, Soil Conservation District Stutsman County Soil Conservation County",,,write-in,16
Stutsman,Tax Commissioner,,,Brian Kroshus,5081
Stutsman,Tax Commissioner,,,write-in,52
Stutsman,U.S. House,1,,Cara Mund,2382
Stutsman,U.S. House,1,,Kelly Armstrong,4281
Stutsman,U.S. House,1,,write-in,9
Stutsman,U.S. Senate,,,John Hoeven,3862
Stutsman,U.S. Senate,,,Katrina Christiansen,1533
Stutsman,U.S. Senate,,,Rick Becker,1323
Stutsman,U.S. Senate,,,write-in,6
Towner,Agriculture Commissioner,,,Doug Goehring,673
Towner,Agriculture Commissioner,,,Fintan L Dooley,166
Towner,Agriculture Commissioner,,,write-in,0
Towner,Attorney General,,,Drew Wrigley,631
Towner,Attorney General,,,Timothy Charles Lamb,206
Towner,Attorney General,,,write-in,0
Towner,County Commissioner Towner - District 2,,,Douglas Berg,749
Towner,County Commissioner Towner - District 2,,,write-in,12
Towner,County Commissioner Towner - District 4,,,David Lagein,750
Towner,County Commissioner Towner - District 4,,,write-in,13
Towner,County Official Newspaper Towner,,,Towner County Record Herald,683
Towner,County Sheriff Towner,,,Andrew Hillier,768
Towner,County Sheriff Towner,,,write-in,21
Towner,County State's Attorney Towner,,,Joshua Frey,755
Towner,County State's Attorney Towner,,,write-in,15
Towner,Initiated Constitutional Measure No. 1 Relating to Term Limits of the Governor and the Legislature,,,No,352
Towner,Initiated Constitutional Measure No. 1 Relating to Term Limits of the Governor and the Legislature,,,Yes,496
Towner,"Initiated Statutory Measure No. 2 Relating to the Legalization, Production, Processing, Sale, and Possession of Cannabis.",,,No,531
Towner,"Initiated Statutory Measure No. 2 Relating to the Legalization, Production, Processing, Sale, and Possession of Cannabis.",,,Yes,317
Towner,Judge of the District Court No. 1 Northeast,,,Lonnie Olson,731
Towner,Judge of the District Court No. 1 Northeast,,,write-in,4
Towner,Justice of the Supreme Court,,,Daniel J Crothers,695
Towner,Justice of the Supreme Court,,,write-in,3
Towner,Public Service Commissioner,,,Julie Fedorchak,606
Towner,Public Service Commissioner,,,Melanie Moniz,215
Towner,Public Service Commissioner,,,write-in,0
Towner,Public Service Commissioner Unexpired 4-Year Term,,,Sheri Haugen-Hoffart,603
Towner,Public Service Commissioner Unexpired 4-Year Term,,,Trygve Hammer,217
Towner,Public Service Commissioner Unexpired 4-Year Term,,,write-in,1
Towner,Secretary of State,,,Charles Tuttle,83
Towner,Secretary of State,,,Jeffrey Powell,208
Towner,Secretary of State,,,Michael Howe,539
Towner,Secretary of State,,,write-in,1
Towner,State House,15,,Dennis Johnson,368
Towner,State House,15,,Heather Lawrence-Skadsem,119
Towner,State House,15,,Kathy Frelich,372
Towner,State House,15,,write-in,0
Towner,State House,9b,,Donna Henderson,158
Towner,State House,9b,,Marvin E Nelson,141
Towner,State House,9b,,write-in,7
Towner,State Senate,15,,Collette Brown,121
Towner,State Senate,15,,Judy Estenson,412
Towner,State Senate,15,,write-in,1
Towner,State Senate,9,,Kent Weston,202
Towner,State Senate,9,,Richard Marcellais,108
Towner,State Senate,9,,write-in,1
Towner,"Supervisor, Soil Conservation District Towner County Soil Conservation District",,,write-in,128
Towner,Tax Commissioner,,,Brian Kroshus,713
Towner,Tax Commissioner,,,write-in,3
Towner,U.S. House,1,,Cara Mund,292
Towner,U.S. House,1,,Kelly Armstrong,558
Towner,U.S. House,1,,write-in,0
Towner,U.S. Senate,,,John Hoeven,550
Towner,U.S. Senate,,,Katrina Christiansen,178
Towner,U.S. Senate,,,Rick Becker,127
Towner,U.S. Senate,,,write-in,0
Traill,Agriculture Commissioner,,,Doug Goehring,2161
Traill,Agriculture Commissioner,,,Fintan L Dooley,761
Traill,Agriculture Commissioner,,,write-in,10
Traill,Attorney General,,,Drew Wrigley,1982
Traill,Attorney General,,,Timothy Charles Lamb,930
Traill,Attorney General,,,write-in,15
Traill,County Auditor Traill,,,Glenda Haugen,2650
Traill,County Auditor Traill,,,write-in,17
Traill,County Clerk of District Court Traill,,,Jody Schill,2621
Traill,County Clerk of District Court Traill,,,write-in,9
Traill,County Commissioner By District Traill - District 1,,,Thomas Eblen,505
Traill,County Commissioner By District Traill - District 1,,,write-in,19
Traill,County Commissioner By District Traill - District 3,,,Adam Smelden,171
Traill,County Commissioner By District Traill - District 3,,,Kendall Nesvig,417
Traill,County Commissioner By District Traill - District 3,,,write-in,1
Traill,County Commissioner By District Traill - District 5,,,Leslie Amb,539
Traill,County Commissioner By District Traill - District 5,,,write-in,14
Traill,County Official Newspaper Traill,,,Hillsboro Banner,1568
Traill,County Official Newspaper Traill,,,Traill County Tribune,1331
Traill,County Recorder Traill,,,Marlene Eblen,2602
Traill,County Recorder Traill,,,write-in,15
Traill,County Sheriff Traill,,,Steve Hunt,2703
Traill,County Sheriff Traill,,,write-in,24
Traill,County State's Attorney Traill,,,Charlie Stock,2512
Traill,County State's Attorney Traill,,,write-in,42
Traill,County Treasurer Traill,,,Carla Swanson,2626
Traill,County Treasurer Traill,,,write-in,8
Traill,"Director, Garrison Diversion Conservancy Traill",,,Jason Siegert,2577
Traill,"Director, Garrison Diversion Conservancy Traill",,,write-in,17
Traill,Initiated Constitutional Measure No. 1 Relating to Term Limits of the Governor and the Legislature,,,No,1020
Traill,Initiated Constitutional Measure No. 1 Relating to Term Limits of the Governor and the Legislature,,,Yes,1885
Traill,"Initiated Statutory Measure No. 2 Relating to the Legalization, Production, Processing, Sale, and Possession of Cannabis.",,,No,1617
Traill,"Initiated Statutory Measure No. 2 Relating to the Legalization, Production, Processing, Sale, and Possession of Cannabis.",,,Yes,1320
Traill,Judge of the District Court No. 2 East Central,,,Tristan Van de Streek,2492
Traill,Judge of the District Court No. 2 East Central,,,write-in,12
Traill,Judge of the District Court No. 3 East Central,,,Steven E McCullough,2492
Traill,Judge of the District Court No. 3 East Central,,,write-in,16
Traill,Judge of the District Court No. 4 East Central,,,Connie Cleveland,1485
Traill,Judge of the District Court No. 4 East Central,,,David J Chapman,1012
Traill,Judge of the District Court No. 4 East Central,,,write-in,15
Traill,Justice of the Supreme Court,,,Daniel J Crothers,2499
Traill,Justice of the Supreme Court,,,write-in,17
Traill,Portland City Measure #1- 1/2 % Sales Tax for Infrastructure Portland,,,No,44
Traill,Portland City Measure #1- 1/2 % Sales Tax for Infrastructure Portland,,,Yes,167
Traill,Public Service Commissioner,,,Julie Fedorchak,1959
Traill,Public Service Commissioner,,,Melanie Moniz,919
Traill,Public Service Commissioner,,,write-in,7
Traill,Public Service Commissioner Unexpired 4-Year Term,,,Sheri Haugen-Hoffart,1947
Traill,Public Service Commissioner Unexpired 4-Year Term,,,Trygve Hammer,919
Traill,Public Service Commissioner Unexpired 4-Year Term,,,write-in,10
Traill,Secretary of State,,,Charles Tuttle,249
Traill,Secretary of State,,,Jeffrey Powell,898
Traill,Secretary of State,,,Michael Howe,1760
Traill,Secretary of State,,,write-in,6
Traill,State House Unexpired 2-Year Term,20,,Cathy (Kit) Brenan,671
Traill,State House Unexpired 2-Year Term,20,,Jared Hagert,1607
Traill,State House Unexpired 2-Year Term,20,,Mike Beltz,1792
Traill,State House Unexpired 2-Year Term,20,,Thomas Passa,788
Traill,State House Unexpired 2-Year Term,20,,write-in,7
Traill,State Senate Unexpired 2-Year Term,20,,Paul R Hanson,974
Traill,State Senate Unexpired 2-Year Term,20,,Randy D Lemm,1981
Traill,State Senate Unexpired 2-Year Term,20,,write-in,7
Traill,"Supervisor, Soil Conservation District Traill County Soil Conservation District",,,John Kritzberger,2615
Traill,"Supervisor, Soil Conservation District Traill County Soil Conservation District",,,write-in,14
Traill,Tax Commissioner,,,Brian Kroshus,2486
Traill,Tax Commissioner,,,write-in,56
Traill,U.S. House,1,,Cara Mund,1186
Traill,U.S. House,1,,Kelly Armstrong,1749
Traill,U.S. House,1,,write-in,10
Traill,U.S. Senate,,,John Hoeven,1795
Traill,U.S. Senate,,,Katrina Christiansen,822
Traill,U.S. Senate,,,Rick Becker,349
Traill,U.S. Senate,,,write-in,6
Walsh,Agriculture Commissioner,,,Doug Goehring,2775
Walsh,Agriculture Commissioner,,,Fintan L Dooley,641
Walsh,Agriculture Commissioner,,,write-in,7
Walsh,Attorney General,,,Drew Wrigley,2624
Walsh,Attorney General,,,Timothy Charles Lamb,794
Walsh,Attorney General,,,write-in,2
Walsh,County Commissioner at Large Walsh,,,Amy Suda,1621
Walsh,County Commissioner at Large Walsh,,,Bart Swanson,842
Walsh,County Commissioner at Large Walsh,,,Chris Thompson,1573
Walsh,County Commissioner at Large Walsh,,,Dennis Skorheim,1860
Walsh,County Commissioner at Large Walsh,,,Ernie Barta,1513
Walsh,County Commissioner at Large Walsh,,,Lawrence Burianek,1482
Walsh,County Commissioner at Large Walsh,,,write-in,25
Walsh,County Official Newspaper Walsh,,,The Walsh County Record,2836
Walsh,County Sheriff Walsh,,,Ron Jurgens,3100
Walsh,County Sheriff Walsh,,,write-in,47
Walsh,County State's Attorney Walsh,,,Kelley Cole,2814
Walsh,County State's Attorney Walsh,,,write-in,24
Walsh,Initiated Constitutional Measure No. 1 Relating to Term Limits of the Governor and the Legislature,,,No,1151
Walsh,Initiated Constitutional Measure No. 1 Relating to Term Limits of the Governor and the Legislature,,,Yes,2267
Walsh,"Initiated Statutory Measure No. 2 Relating to the Legalization, Production, Processing, Sale, and Possession of Cannabis.",,,No,2186
Walsh,"Initiated Statutory Measure No. 2 Relating to the Legalization, Production, Processing, Sale, and Possession of Cannabis.",,,Yes,1272
Walsh,Judge of the District Court No. 1 Northeast,,,Lonnie Olson,2749
Walsh,Judge of the District Court No. 1 Northeast,,,write-in,13
Walsh,Justice of the Supreme Court,,,Daniel J Crothers,2726
Walsh,Justice of the Supreme Court,,,write-in,15
Walsh,Public Service Commissioner,,,Julie Fedorchak,2530
Walsh,Public Service Commissioner,,,Melanie Moniz,802
Walsh,Public Service Commissioner,,,write-in,3
Walsh,Public Service Commissioner Unexpired 4-Year Term,,,Sheri Haugen-Hoffart,2459
Walsh,Public Service Commissioner Unexpired 4-Year Term,,,Trygve Hammer,832
Walsh,Public Service Commissioner Unexpired 4-Year Term,,,write-in,3
Walsh,Secretary of State,,,Charles Tuttle,293
Walsh,Secretary of State,,,Jeffrey Powell,749
Walsh,Secretary of State,,,Michael Howe,2303
Walsh,Secretary of State,,,write-in,3
Walsh,State House,19,,David Monson,2213
Walsh,State House,19,,Jill Hipsher,736
Walsh,State House,19,,Karen A Anderson,2161
Walsh,State House,19,,Lynnell Popowski,651
Walsh,State House,19,,write-in,31
Walsh,State House Unexpired 2-Year Term,20,,Cathy (Kit) Brenan,45
Walsh,State House Unexpired 2-Year Term,20,,Jared Hagert,160
Walsh,State House Unexpired 2-Year Term,20,,Mike Beltz,148
Walsh,State House Unexpired 2-Year Term,20,,Thomas Passa,56
Walsh,State House Unexpired 2-Year Term,20,,write-in,1
Walsh,State Senate,19,,Janne Myrdal,2343
Walsh,State Senate,19,,Travis Hipsher,807
Walsh,State Senate,19,,write-in,6
Walsh,State Senate Unexpired 2-Year Term,20,,Paul R Hanson,57
Walsh,State Senate Unexpired 2-Year Term,20,,Randy D Lemm,188
Walsh,State Senate Unexpired 2-Year Term,20,,write-in,0
Walsh,"Supervisor, Soil Conservation District Walsh County Soil Conservation District",,,write-in,432
Walsh,Tax Commissioner,,,Brian Kroshus,2889
Walsh,Tax Commissioner,,,write-in,23
Walsh,U.S. House,1,,Cara Mund,1026
Walsh,U.S. House,1,,Kelly Armstrong,2427
Walsh,U.S. House,1,,write-in,5
Walsh,U.S. Senate,,,John Hoeven,2416
Walsh,U.S. Senate,,,Katrina Christiansen,640
Walsh,U.S. Senate,,,Rick Becker,421
Walsh,U.S. Senate,,,write-in,4
Ward,Agriculture Commissioner,,,Doug Goehring,13126
Ward,Agriculture Commissioner,,,Fintan L Dooley,3294
Ward,Agriculture Commissioner,,,write-in,38
Ward,Attorney General,,,Drew Wrigley,12394
Ward,Attorney General,,,Timothy Charles Lamb,3973
Ward,Attorney General,,,write-in,51
Ward,Council Member Unexpired 2-Year Term Minot,,,Roscoe Streyle,4634
Ward,Council Member Unexpired 2-Year Term Minot,,,Scott Burlingame,5253
Ward,Council Member Unexpired 2-Year Term Minot,,,write-in,82
Ward,County Commissioner Ward,,,Alan Walter,7855
Ward,County Commissioner Ward,,,Jason Olson,8270
Ward,County Commissioner Ward,,,John Fjeldahl,8331
Ward,County Commissioner Ward,,,Lance Makeeff,4169
Ward,County Commissioner Ward,,,write-in,164
Ward,County Official Newspaper Ward,,,The Kenmare News,2726
Ward,County Official Newspaper Ward,,,The Minot Daily News,13284
Ward,County Sheriff Ward,,,Robert Roed,14310
Ward,County Sheriff Ward,,,write-in,194
Ward,County State's Attorney Ward,,,Rozanna Larson,13204
Ward,County State's Attorney Ward,,,write-in,401
Ward,"Director, Garrison Diversion Conservancy Ward",,,Alan Walter,13035
Ward,"Director, Garrison Diversion Conservancy Ward",,,write-in,395
Ward,Initiated Constitutional Measure No. 1 Relating to Term Limits of the Governor and the Legislature,,,No,6783
Ward,Initiated Constitutional Measure No. 1 Relating to Term Limits of the Governor and the Legislature,,,Yes,9808
Ward,"Initiated Statutory Measure No. 2 Relating to the Legalization, Production, Processing, Sale, and Possession of Cannabis.",,,No,9504
Ward,"Initiated Statutory Measure No. 2 Relating to the Legalization, Production, Processing, Sale, and Possession of Cannabis.",,,Yes,7174
Ward,Judge of the District Court No. 2 North Central,,,Gary H Lee,14024
Ward,Judge of the District Court No. 2 North Central,,,write-in,241
Ward,Judge of the District Court No. 5 North Central,,,Todd L Cresap,13982
Ward,Judge of the District Court No. 5 North Central,,,write-in,203
Ward,Justice of the Supreme Court,,,Daniel J Crothers,13672
Ward,Justice of the Supreme Court,,,write-in,190
Ward,Public Service Commissioner,,,Julie Fedorchak,12504
Ward,Public Service Commissioner,,,Melanie Moniz,3803
Ward,Public Service Commissioner,,,write-in,18
Ward,Public Service Commissioner Unexpired 4-Year Term,,,Sheri Haugen-Hoffart,11983
Ward,Public Service Commissioner Unexpired 4-Year Term,,,Trygve Hammer,4153
Ward,Public Service Commissioner Unexpired 4-Year Term,,,write-in,27
Ward,Secretary of State,,,Charles Tuttle,1874
Ward,Secretary of State,,,Jeffrey Powell,3682
Ward,Secretary of State,,,Michael Howe,10846
Ward,Secretary of State,,,write-in,17
Ward,State House,3,,Jeff Hoverson,2258
Ward,State House,3,,Joseph A Nesdahl,1027
Ward,State House,3,,Lori VanWinkle,2305
Ward,State House,3,,write-in,47
Ward,State House,5,,Jay Fisher,3095
Ward,State House,5,,Scott Louser,3225
Ward,State House,5,,write-in,138
Ward,State House Unexpired 2-Year Term,4a,,Lisa Finley-DeVille,4
Ward,State House Unexpired 2-Year Term,4a,,Terry Burton Jones,9
Ward,State House Unexpired 2-Year Term,4a,,write-in,0
Ward,State House Unexpired 2-Year Term,4b,,Clayton Fegley,1169
Ward,State House Unexpired 2-Year Term,4b,,write-in,16
Ward,State Senate,3,,Bob Paulson,2941
Ward,State Senate,3,,write-in,116
Ward,State Senate,5,,Randy A Burckhard,3795
Ward,State Senate,5,,write-in,116
Ward,State Senate Unexpired 2-Year Term,6,,Robert Tolar,68
Ward,State Senate Unexpired 2-Year Term,6,,Shawn Vedaa,292
Ward,State Senate Unexpired 2-Year Term,6,,write-in,1
Ward,"Supervisor, Soil Conservation District Ward County Soil Conservation District",,,Mark Schumaker,13838
Ward,"Supervisor, Soil Conservation District Ward County Soil Conservation District",,,write-in,115
Ward,Tax Commissioner,,,Brian Kroshus,13887
Ward,Tax Commissioner,,,write-in,341
Ward,U.S. House,1,,Cara Mund,5355
Ward,U.S. House,1,,Kelly Armstrong,11266
Ward,U.S. House,1,,write-in,44
Ward,U.S. Senate,,,John Hoeven,9849
Ward,U.S. Senate,,,Katrina Christiansen,3314
Ward,U.S. Senate,,,Rick Becker,3568
Ward,U.S. Senate,,,write-in,25
Ward,Velva Ambulance District Velva Ambulance,,,No,51
Ward,Velva Ambulance District Velva Ambulance,,,Yes,195
Wells,Agriculture Commissioner,,,Doug Goehring,1439
Wells,Agriculture Commissioner,,,Fintan L Dooley,226
Wells,Agriculture Commissioner,,,write-in,3
Wells,Attorney General,,,Drew Wrigley,1342
Wells,Attorney General,,,Timothy Charles Lamb,306
Wells,Attorney General,,,write-in,10
Wells,County Commissioner Wells - District 2,,,Leon B Klocke,1124
Wells,County Commissioner Wells - District 2,,,Neil J Thormodsgaard,417
Wells,County Commissioner Wells - District 2,,,write-in,10
Wells,County Commissioner Wells - District 4,,,Dennis T Dockter,1473
Wells,County Commissioner Wells - District 4,,,write-in,9
Wells,County Official Newspaper Wells,,,The Herald-Press,1399
Wells,County Recorder Wells,,,Carrie K Krause,1481
Wells,County Recorder Wells,,,write-in,8
Wells,County Sheriff Wells,,,Christopher Kluth,1416
Wells,County Sheriff Wells,,,write-in,47
Wells,County State's Attorney Wells,,,Kathleen Murray,1267
Wells,County State's Attorney Wells,,,write-in,83
Wells,"Director, Garrison Diversion Conservancy Wells",,,William Ongstad,1420
Wells,"Director, Garrison Diversion Conservancy Wells",,,write-in,14
Wells,Initiated Constitutional Measure No. 1 Relating to Term Limits of the Governor and the Legislature,,,No,662
Wells,Initiated Constitutional Measure No. 1 Relating to Term Limits of the Governor and the Legislature,,,Yes,1015
Wells,"Initiated Statutory Measure No. 2 Relating to the Legalization, Production, Processing, Sale, and Possession of Cannabis.",,,No,1163
Wells,"Initiated Statutory Measure No. 2 Relating to the Legalization, Production, Processing, Sale, and Possession of Cannabis.",,,Yes,521
Wells,Judge of the District Court No. 2 Southeast,,,Nick D Thornton,606
Wells,Judge of the District Court No. 2 Southeast,,,Paul C Murphy,772
Wells,Judge of the District Court No. 2 Southeast,,,write-in,10
Wells,Judge of the District Court No. 4 Southeast,,,James D Hovey,1381
Wells,Judge of the District Court No. 4 Southeast,,,write-in,22
Wells,Judge of the District Court No. 5 Southeast,,,Daniel D Narum,1357
Wells,Judge of the District Court No. 5 Southeast,,,write-in,8
Wells,Judge of the District Court No. 6 Southeast,,,Jay Schmitz,1353
Wells,Judge of the District Court No. 6 Southeast,,,write-in,10
Wells,Judge of the District Court No. 7 Southeast,,,Troy J LeFevre,1329
Wells,Judge of the District Court No. 7 Southeast,,,write-in,8
Wells,Justice of the Supreme Court,,,Daniel J Crothers,1365
Wells,Justice of the Supreme Court,,,write-in,12
Wells,Public Service Commissioner,,,Julie Fedorchak,1365
Wells,Public Service Commissioner,,,Melanie Moniz,277
Wells,Public Service Commissioner,,,write-in,5
Wells,Public Service Commissioner Unexpired 4-Year Term,,,Sheri Haugen-Hoffart,1328
Wells,Public Service Commissioner Unexpired 4-Year Term,,,Trygve Hammer,291
Wells,Public Service Commissioner Unexpired 4-Year Term,,,write-in,7
Wells,Secretary of State,,,Charles Tuttle,217
Wells,Secretary of State,,,Jeffrey Powell,256
Wells,Secretary of State,,,Michael Howe,1189
Wells,Secretary of State,,,write-in,1
Wells,"Supervisor, Soil Conservation District Wells County Soil Conservation District",,,David Lautt,1538
Wells,"Supervisor, Soil Conservation District Wells County Soil Conservation District",,,write-in,10
Wells,Tax Commissioner,,,Brian Kroshus,1467
Wells,Tax Commissioner,,,write-in,20
Wells,U.S. House,1,,Cara Mund,412
Wells,U.S. House,1,,Kelly Armstrong,1254
Wells,U.S. House,1,,write-in,8
Wells,U.S. Senate,,,John Hoeven,923
Wells,U.S. Senate,,,Katrina Christiansen,225
Wells,U.S. Senate,,,Rick Becker,546
Wells,U.S. Senate,,,write-in,1
Williams,Agriculture Commissioner,,,Doug Goehring,6292
Williams,Agriculture Commissioner,,,Fintan L Dooley,925
Williams,Agriculture Commissioner,,,write-in,9
Williams,Attorney General,,,Drew Wrigley,6012
Williams,Attorney General,,,Timothy Charles Lamb,1184
Williams,Attorney General,,,write-in,14
Williams,County Auditor Williams,,,Beth M. Innis,6073
Williams,County Auditor Williams,,,write-in,43
Williams,County Commissioner By District Williams - District 1,,,Beau Anderson,933
Williams,County Commissioner By District Williams - District 1,,,write-in,17
Williams,County Commissioner By District Williams - District 3,,,Cory Hanson,864
Williams,County Commissioner By District Williams - District 3,,,write-in,17
Williams,County Commissioner By District Williams - District 5,,,Barry Ramberg,1609
Williams,County Commissioner By District Williams - District 5,,,write-in,51
Williams,County Official Newspaper Williams,,,Williston Herald,5665
Williams,County Sheriff Williams,,,Verlan Kvande,5971
Williams,County Sheriff Williams,,,write-in,84
Williams,County State's Attorney Williams,,,Jaakan Williams,5635
Williams,County State's Attorney Williams,,,write-in,51
Williams,County Treasurer/Recorder Williams,,,Patti Ogurchak,5954
Williams,County Treasurer/Recorder Williams,,,write-in,25
Williams,Initiated Constitutional Measure No. 1 Relating to Term Limits of the Governor and the Legislature,,,No,2153
Williams,Initiated Constitutional Measure No. 1 Relating to Term Limits of the Governor and the Legislature,,,Yes,5172
Williams,"Initiated Statutory Measure No. 2 Relating to the Legalization, Production, Processing, Sale, and Possession of Cannabis.",,,No,4190
Williams,"Initiated Statutory Measure No. 2 Relating to the Legalization, Production, Processing, Sale, and Possession of Cannabis.",,,Yes,3211
Williams,Judge of the District Court No. 1 Northwest,,,Josh B Rustad,5917
Williams,Judge of the District Court No. 1 Northwest,,,write-in,54
Williams,Judge of the District Court No. 5 Northwest,,,Daniel S El-Dweek,5576
Williams,Judge of the District Court No. 5 Northwest,,,write-in,44
Williams,Judge of the District Court No. 6 Northwest,,,Kirsten M Sjue,5794
Williams,Judge of the District Court No. 6 Northwest,,,write-in,48
Williams,Justice of the Supreme Court,,,Daniel J Crothers,5683
Williams,Justice of the Supreme Court,,,write-in,43
Williams,Public Safety 1% Sales/Use Tax Renewal 53 - Williams,,,No,3963
Williams,Public Safety 1% Sales/Use Tax Renewal 53 - Williams,,,Yes,3424
Williams,Public Service Commissioner,,,Julie Fedorchak,6029
Williams,Public Service Commissioner,,,Melanie Moniz,1104
Williams,Public Service Commissioner,,,write-in,10
Williams,Public Service Commissioner Unexpired 4-Year Term,,,Sheri Haugen-Hoffart,5911
Williams,Public Service Commissioner Unexpired 4-Year Term,,,Trygve Hammer,1153
Williams,Public Service Commissioner Unexpired 4-Year Term,,,write-in,10
Williams,Secretary of State,,,Charles Tuttle,883
Williams,Secretary of State,,,Jeffrey Powell,1032
Williams,Secretary of State,,,Michael Howe,5302
Williams,Secretary of State,,,write-in,3
Williams,State House,1,,David Richter,2394
Williams,State House,1,,Patrick Hatlestad,2321
Williams,State House,1,,write-in,67
Williams,State House,23,,Nico Rios,1041
Williams,State House,23,,Scott Dyk,1250
Williams,State House,23,,write-in,23
Williams,State Senate,1,,Brad Bekkedahl,2939
Williams,State Senate,1,,write-in,38
Williams,State Senate,23,,Todd Beard,1518
Williams,State Senate,23,,write-in,15
Williams,"Supervisor, Soil Conservation District Williams County Soil Conservation District",,,Evan Whiteford,5718
Williams,"Supervisor, Soil Conservation District Williams County Soil Conservation District",,,write-in,35
Williams,Tax Commissioner,,,Brian Kroshus,6221
Williams,Tax Commissioner,,,write-in,62
Williams,U.S. House,1,,Cara Mund,2050
Williams,U.S. House,1,,Kelly Armstrong,5287
Williams,U.S. House,1,,write-in,16
Williams,U.S. Senate,,,John Hoeven,4578
Williams,U.S. Senate,,,Katrina Christiansen,970
Williams,U.S. Senate,,,Rick Becker,1853
Williams,U.S. Senate,,,write-in,8
