county,office,district,party,candidate,votes
Adams,Agriculture Commissioner,,DEM,Fintan L Dooley,64
Adams,Agriculture Commissioner,,DEM,write-in,0
Adams,Agriculture Commissioner,,REP,Doug Goehring,511
Adams,Agriculture Commissioner,,REP,write-in,3
Adams,Attorney General,,DEM,Timothy Charles Lamb,66
Adams,Attorney General,,DEM,write-in,0
Adams,Attorney General,,REP,Drew Wrigley,504
Adams,Attorney General,,REP,write-in,2
Adams,Council Member Bucyrus,,,Cole Lynn Hunter,4
Adams,Council Member Bucyrus,,,Joshua John Stang,3
Adams,Council Member Bucyrus,,,write-in,0
Adams,Council Member Haynes,,,Loretta Maria Wagnerkuntz,7
Adams,Council Member Haynes,,,Nicolas Allan Wagner,6
Adams,Council Member Haynes,,,write-in,0
Adams,Council Member Hettinger,,,write-in,220
Adams,Council Member Reeder City,,,Bernard Walter Nichols,21
Adams,Council Member Reeder City,,,Dayne Robert Green,23
Adams,Council Member Reeder City,,,Matthew Emmitt Miller,19
Adams,Council Member Reeder City,,,write-in,1
Adams,County Auditor/Treasurer Adams,,,Krista Ann Faller,585
Adams,County Auditor/Treasurer Adams,,,write-in,4
Adams,County Commissioner at Large Adams,,,Corey Seamands,240
Adams,County Commissioner at Large Adams,,,Kevin Edwin Pagel,357
Adams,County Commissioner at Large Adams,,,write-in,2
Adams,County Official Newspaper Adams,,,Adams County Record,585
Adams,County Recorder Adams,,,Deborah Helen Markegard,591
Adams,County Recorder Adams,,,write-in,2
Adams,County Sheriff Adams,,,Jordan Edward Fisher,561
Adams,County Sheriff Adams,,,write-in,14
Adams,County State's Attorney Adams,,,Aaron William Roseland,515
Adams,County State's Attorney Adams,,,write-in,12
Adams,Extension Increase in Mills 01 - Adams,,,No,194
Adams,Extension Increase in Mills 01 - Adams,,,Yes,419
Adams,Hettinger Public School Building Fund Increase of Mills Hettinger School,,,No,210
Adams,Hettinger Public School Building Fund Increase of Mills Hettinger School,,,Yes,326
Adams,Judge of the District Court No. 2 Southwest,,,William A Herauf,563
Adams,Judge of the District Court No. 2 Southwest,,,write-in,2
Adams,Judge of the District Court No. 4 Southwest,,,Rhonda R Ehlis,546
Adams,Judge of the District Court No. 4 Southwest,,,write-in,1
Adams,Justice of the Supreme Court,,,Daniel J Crothers,546
Adams,Justice of the Supreme Court,,,write-in,2
Adams,Mayor Haynes,,,Sarah Marie Chadwick,6
Adams,Mayor Haynes,,,write-in,0
Adams,Mayor Hettinger,,,James Richard Lindquist,308
Adams,Mayor Hettinger,,,write-in,4
Adams,Park Board Member Hettinger Park,,,write-in,170
Adams,Park Board Member Reeder Park Board,,,Candice Fae Lewton,30
Adams,Park Board Member Reeder Park Board,,,Charlene Marie Honeyman,31
Adams,Park Board Member Reeder Park Board,,,Phyllis Marie Brown,31
Adams,Park Board Member Reeder Park Board,,,write-in,0
Adams,Park Board Member Unexpired 2-Year Term Reeder Park Board,,,Rachel Lorene Miller,30
Adams,Park Board Member Unexpired 2-Year Term Reeder Park Board,,,write-in,0
Adams,Public Service Commissioner,,DEM,Melanie Moniz,65
Adams,Public Service Commissioner,,DEM,write-in,0
Adams,Public Service Commissioner,,REP,Julie Fedorchak,497
Adams,Public Service Commissioner,,REP,write-in,1
Adams,Public Service Commissioner Unexpired 4-Year Term,,DEM,Trygve Hammer,65
Adams,Public Service Commissioner Unexpired 4-Year Term,,DEM,write-in,0
Adams,Public Service Commissioner Unexpired 4-Year Term,,REP,Sheri Haugen-Hoffart,486
Adams,Public Service Commissioner Unexpired 4-Year Term,,REP,write-in,1
Adams,Road & Bridge Mill Increase 01 - Adams,,,No,157
Adams,Road & Bridge Mill Increase 01 - Adams,,,Yes,454
Adams,School Board Member - City Position Hettinger School,,,Joy Judean Laufer,215
Adams,School Board Member - City Position Hettinger School,,,Richard Roy Jahner,299
Adams,School Board Member - City Position Hettinger School,,,write-in,1
Adams,School Board Member - Rural Position Hettinger School,,,Kortney K Kindsfater,382
Adams,School Board Member - Rural Position Hettinger School,,,write-in,56
Adams,Secretary of State,,DEM,Jeffrey Powell,65
Adams,Secretary of State,,DEM,write-in,1
Adams,Secretary of State,,REP,Marvin Lepp,107
Adams,Secretary of State,,REP,Michael Howe,385
Adams,Secretary of State,,REP,write-in,0
Adams,State House,39,DEM,write-in,0
Adams,State House,39,REP,John Pretzer,251
Adams,State House,39,REP,Keith Kempenich,253
Adams,State House,39,REP,Lyn James,208
Adams,State House,39,REP,Mike Schatz,199
Adams,State House,39,REP,Thea Lee,93
Adams,State House,39,REP,write-in,2
Adams,State Senate,39,DEM,write-in,3
Adams,State Senate,39,REP,Andrew Gene Kordonowy,153
Adams,State Senate,39,REP,Greg Kessel,353
Adams,State Senate,39,REP,write-in,0
Adams,Tax Commissioner,,DEM,write-in,1
Adams,Tax Commissioner,,REP,Brian Kroshus,495
Adams,Tax Commissioner,,REP,write-in,1
Adams,U.S. House,1,DEM,Mark Haugen,69
Adams,U.S. House,1,DEM,write-in,0
Adams,U.S. House,1,REP,Kelly Armstrong,527
Adams,U.S. House,1,REP,write-in,1
Adams,U.S. Senate,,DEM,Katrina Christiansen,47
Adams,U.S. Senate,,DEM,Michael J Steele,18
Adams,U.S. Senate,,DEM,write-in,0
Adams,U.S. Senate,,REP,John Hoeven,450
Adams,U.S. Senate,,REP,Riley Kuntz,98
Adams,U.S. Senate,,REP,write-in,1
Barnes,"Advisory vote on proposal to extend city sales, use & gross receipts tax dedicated to economic developmt, basic industry, job developmt, tax relief, infrastructure, other special requests, service & retail business development and image enhancement Valley City",,,No,423
Barnes,"Advisory vote on proposal to extend city sales, use & gross receipts tax dedicated to economic developmt, basic industry, job developmt, tax relief, infrastructure, other special requests, service & retail business development and image enhancement Valley City",,,Yes,750
Barnes,"Advisory vote on proposal to extend city sales, use and gross receipts taxes dedicated to funding of city infrastructure renewal and replacement projects Valley City",,,No,360
Barnes,"Advisory vote on proposal to extend city sales, use and gross receipts taxes dedicated to funding of city infrastructure renewal and replacement projects Valley City",,,Yes,817
Barnes,Agriculture Commissioner,,DEM,Fintan L Dooley,481
Barnes,Agriculture Commissioner,,DEM,write-in,0
Barnes,Agriculture Commissioner,,REP,Doug Goehring,1437
Barnes,Agriculture Commissioner,,REP,write-in,5
Barnes,Alderperson Dazey,,,Diane Haugen,13
Barnes,Alderperson Dazey,,,Jacob Piatz,16
Barnes,Alderperson Dazey,,,write-in,0
Barnes,Alderperson Fingal,,,Dana Olson,19
Barnes,Alderperson Fingal,,,Lyle Behm,19
Barnes,Alderperson Fingal,,,write-in,0
Barnes,Alderperson Kathryn,,,Chad Hejtmanek,7
Barnes,Alderperson Kathryn,,,Delray Trzpuc,12
Barnes,Alderperson Kathryn,,,Jude Gauvin,10
Barnes,Alderperson Kathryn,,,Paul Conlin,10
Barnes,Alderperson Kathryn,,,Robert Collier,7
Barnes,Alderperson Kathryn,,,write-in,1
Barnes,Alderperson Leal,,,write-in,8
Barnes,Alderperson Litchville,,,Darren Miedema,21
Barnes,Alderperson Litchville,,,Dave Knutson,21
Barnes,Alderperson Litchville,,,write-in,2
Barnes,Alderperson Nome,,,Brandon Schmidt,2
Barnes,Alderperson Nome,,,Charlene Shrock,3
Barnes,Alderperson Nome,,,write-in,10
Barnes,Alderperson Oriska,,,Eugene Rohrbach,18
Barnes,Alderperson Oriska,,,Rob Marshall,21
Barnes,Alderperson Oriska,,,write-in,1
Barnes,Alderperson Pillsbury,,,Dennis D McGuire Jr,2
Barnes,Alderperson Pillsbury,,,Michelle Hoyt,2
Barnes,Alderperson Pillsbury,,,write-in,0
Barnes,Alderperson Rogers,,,Danny Hollinshead,9
Barnes,Alderperson Rogers,,,Everett Vogel,7
Barnes,Alderperson Rogers,,,Todd Fuglestad,7
Barnes,Alderperson Rogers,,,write-in,2
Barnes,Alderperson Sanborn,,,Linda Korf,29
Barnes,Alderperson Sanborn,,,Vickie Lura,31
Barnes,Alderperson Sanborn,,,write-in,6
Barnes,Alderperson Sibley,,,David Blaser,6
Barnes,Alderperson Sibley,,,Michael Schuler,7
Barnes,Alderperson Sibley,,,write-in,0
Barnes,Alderperson Wimbledon,,,Blake Helmick,6
Barnes,Alderperson Wimbledon,,,Garrett Steckler,20
Barnes,Alderperson Wimbledon,,,Nick Johnston,20
Barnes,Alderperson Wimbledon,,,Shawn Kramlich,18
Barnes,Alderperson Wimbledon,,,write-in,2
Barnes,Attorney General,,DEM,Timothy Charles Lamb,482
Barnes,Attorney General,,DEM,write-in,1
Barnes,Attorney General,,REP,Drew Wrigley,1425
Barnes,Attorney General,,REP,write-in,4
Barnes,Commissioner Valley City,,,Duane Magnuson,976
Barnes,Commissioner Valley City,,,Jeffrey Erickson,892
Barnes,Commissioner Valley City,,,write-in,30
Barnes,County Auditor Barnes,,,Beth Didier,1955
Barnes,County Auditor Barnes,,,write-in,6
Barnes,County Bridge Bond 02 - Barnes,,,No,678
Barnes,County Bridge Bond 02 - Barnes,,,Yes,1436
Barnes,County Commissioner By District Barnes - District 2,,,Corey Neseth,119
Barnes,County Commissioner By District Barnes - District 2,,,Shawn Olauson,243
Barnes,County Commissioner By District Barnes - District 2,,,write-in,0
Barnes,County Commissioner By District Barnes - District 3,,,Bill Carlblom,204
Barnes,County Commissioner By District Barnes - District 3,,,Eldred Knutson,138
Barnes,County Commissioner By District Barnes - District 3,,,write-in,3
Barnes,County Commissioner By District Barnes - District 4,,,Barry Borg,109
Barnes,County Commissioner By District Barnes - District 4,,,Ron Manson,132
Barnes,County Commissioner By District Barnes - District 4,,,Vicky Lovell,180
Barnes,County Commissioner By District Barnes - District 4,,,write-in,1
Barnes,County Official Newspaper Barnes,,,Litchville Bulletin,433
Barnes,County Official Newspaper Barnes,,,Valley City Times-Record,1622
Barnes,County Recorder Barnes,,,Jody Pfaff,1937
Barnes,County Recorder Barnes,,,write-in,1
Barnes,County Road & Bridge Levy 02 - Barnes,,,No,546
Barnes,County Road & Bridge Levy 02 - Barnes,,,Yes,1598
Barnes,County Sheriff Barnes,,,Randy McClaflin,1566
Barnes,County Sheriff Barnes,,,Wade J Hannig,592
Barnes,County Sheriff Barnes,,,write-in,2
Barnes,County State's Attorney Barnes,,,Tonya Duffy,1828
Barnes,County State's Attorney Barnes,,,write-in,26
Barnes,County Treasurer Barnes,,,Debbie Magnuson,1918
Barnes,County Treasurer Barnes,,,write-in,5
Barnes,Emergency Medical Services Levy 02 - Barnes,,,No,717
Barnes,Emergency Medical Services Levy 02 - Barnes,,,Yes,1434
Barnes,Judge of the District Court No. 2 Southeast,,,Leah J Viste,588
Barnes,Judge of the District Court No. 2 Southeast,,,Nick D Thornton,602
Barnes,Judge of the District Court No. 2 Southeast,,,Paul C Murphy,493
Barnes,Judge of the District Court No. 2 Southeast,,,write-in,1
Barnes,Judge of the District Court No. 4 Southeast,,,James D Hovey,1737
Barnes,Judge of the District Court No. 4 Southeast,,,write-in,4
Barnes,Judge of the District Court No. 5 Southeast,,,Daniel D Narum,1745
Barnes,Judge of the District Court No. 5 Southeast,,,write-in,3
Barnes,Judge of the District Court No. 6 Southeast,,,Jay Schmitz,1758
Barnes,Judge of the District Court No. 6 Southeast,,,write-in,6
Barnes,Judge of the District Court No. 7 Southeast,,,Troy J LeFevre,1722
Barnes,Judge of the District Court No. 7 Southeast,,,write-in,2
Barnes,Justice of the Supreme Court,,,Daniel J Crothers,1777
Barnes,Justice of the Supreme Court,,,write-in,3
Barnes,Mayor Fingal,,,write-in,15
Barnes,Mayor Kathryn,,,Ronald Kruger,24
Barnes,Mayor Kathryn,,,write-in,0
Barnes,Mayor Oriska,,,Richard Pommerer,22
Barnes,Mayor Oriska,,,write-in,2
Barnes,Mayor Pillsbury,,,Randy Jess,2
Barnes,Mayor Pillsbury,,,write-in,0
Barnes,Mayor Valley City,,,David Carlsrud,1069
Barnes,Mayor Valley City,,,write-in,33
Barnes,Mayor Wimbledon,,,Roger Pickar,20
Barnes,Mayor Wimbledon,,,write-in,3
Barnes,Park Board Member Litchville Park,,,Dillon Formo,22
Barnes,Park Board Member Litchville Park,,,Shelly Bruse,22
Barnes,Park Board Member Litchville Park,,,write-in,0
Barnes,Park Board Member Sanborn Park,,,write-in,17
Barnes,Park Board Member Valley City Park,,,Dick Gulmon,946
Barnes,Park Board Member Valley City Park,,,Susan Kringlie,995
Barnes,Park Board Member Valley City Park,,,William Murray,965
Barnes,Park Board Member Valley City Park,,,write-in,32
Barnes,Public Service Commissioner,,DEM,Melanie Moniz,482
Barnes,Public Service Commissioner,,DEM,write-in,0
Barnes,Public Service Commissioner,,REP,Julie Fedorchak,1406
Barnes,Public Service Commissioner,,REP,write-in,4
Barnes,Public Service Commissioner Unexpired 4-Year Term,,DEM,Trygve Hammer,479
Barnes,Public Service Commissioner Unexpired 4-Year Term,,DEM,write-in,0
Barnes,Public Service Commissioner Unexpired 4-Year Term,,REP,Sheri Haugen-Hoffart,1378
Barnes,Public Service Commissioner Unexpired 4-Year Term,,REP,write-in,3
Barnes,Secretary of State,,DEM,Jeffrey Powell,486
Barnes,Secretary of State,,DEM,write-in,0
Barnes,Secretary of State,,REP,Marvin Lepp,405
Barnes,Secretary of State,,REP,Michael Howe,956
Barnes,Secretary of State,,REP,write-in,1
Barnes,State House Unexpired 2-Year Term,24,DEM,Kaitlyn Huss,471
Barnes,State House Unexpired 2-Year Term,24,DEM,write-in,12
Barnes,State House Unexpired 2-Year Term,24,REP,Cole Christensen,1051
Barnes,State House Unexpired 2-Year Term,24,REP,Dwight Harold Kiefert,875
Barnes,State House Unexpired 2-Year Term,24,REP,Phillip Kleymann,756
Barnes,State House Unexpired 2-Year Term,24,REP,write-in,17
Barnes,Tax Commissioner,,DEM,write-in,23
Barnes,Tax Commissioner,,REP,Brian Kroshus,1408
Barnes,Tax Commissioner,,REP,write-in,4
Barnes,U.S. House,1,DEM,Mark Haugen,488
Barnes,U.S. House,1,DEM,write-in,2
Barnes,U.S. House,1,REP,Kelly Armstrong,1447
Barnes,U.S. House,1,REP,write-in,10
Barnes,U.S. Senate,,DEM,Katrina Christiansen,387
Barnes,U.S. Senate,,DEM,Michael J Steele,103
Barnes,U.S. Senate,,DEM,write-in,0
Barnes,U.S. Senate,,REP,John Hoeven,1261
Barnes,U.S. Senate,,REP,Riley Kuntz,299
Barnes,U.S. Senate,,REP,write-in,9
Benson,Agriculture Commissioner,,DEM,Fintan L Dooley,190
Benson,Agriculture Commissioner,,DEM,write-in,0
Benson,Agriculture Commissioner,,REP,Doug Goehring,493
Benson,Agriculture Commissioner,,REP,write-in,2
Benson,Attorney General,,DEM,Timothy Charles Lamb,195
Benson,Attorney General,,DEM,write-in,0
Benson,Attorney General,,REP,Drew Wrigley,492
Benson,Attorney General,,REP,write-in,2
Benson,Benson County Measure 1 03 - Benson,,,No,231
Benson,Benson County Measure 1 03 - Benson,,,Yes,509
Benson,County Auditor/Treasurer Benson,,,Bonnie (Howard) Erickson,686
Benson,County Auditor/Treasurer Benson,,,write-in,7
Benson,County Clerk of District Court Benson,,,Jill Schafer,653
Benson,County Clerk of District Court Benson,,,write-in,5
Benson,County Commissioner Benson - District 1,,,write-in,127
Benson,County Commissioner Benson - District 3,,,Doris M. Griffin,642
Benson,County Commissioner Benson - District 3,,,write-in,10
Benson,County Commissioner Benson - District 5,,,Jake Johnson,323
Benson,County Commissioner Benson - District 5,,,Tammy Kuk,287
Benson,County Commissioner Benson - District 5,,,write-in,4
Benson,County Official Newspaper Benson,,,Benson County Farmers Press,701
Benson,County Recorder Benson,,,Rhoda Pfeifer,689
Benson,County Recorder Benson,,,write-in,1
Benson,County Sheriff Benson,,,Ethan Rode,664
Benson,County Sheriff Benson,,,write-in,12
Benson,County State's Attorney Benson,,,James P. Wang,630
Benson,County State's Attorney Benson,,,write-in,15
Benson,"Director, Garrison Diversion Conservancy Benson",,,David B. Johnson,652
Benson,"Director, Garrison Diversion Conservancy Benson",,,write-in,5
Benson,Judge of the District Court No. 1 Northeast,,,Lonnie Olson,665
Benson,Judge of the District Court No. 1 Northeast,,,write-in,5
Benson,Justice of the Supreme Court,,,Daniel J Crothers,619
Benson,Justice of the Supreme Court,,,write-in,1
Benson,Public Service Commissioner,,DEM,Melanie Moniz,189
Benson,Public Service Commissioner,,DEM,write-in,0
Benson,Public Service Commissioner,,REP,Julie Fedorchak,480
Benson,Public Service Commissioner,,REP,write-in,0
Benson,Public Service Commissioner Unexpired 4-Year Term,,DEM,Trygve Hammer,190
Benson,Public Service Commissioner Unexpired 4-Year Term,,DEM,write-in,0
Benson,Public Service Commissioner Unexpired 4-Year Term,,REP,Sheri Haugen-Hoffart,475
Benson,Public Service Commissioner Unexpired 4-Year Term,,REP,write-in,0
Benson,Secretary of State,,DEM,Jeffrey Powell,193
Benson,Secretary of State,,DEM,write-in,0
Benson,Secretary of State,,REP,Marvin Lepp,196
Benson,Secretary of State,,REP,Michael Howe,281
Benson,Secretary of State,,REP,write-in,0
Benson,State House,15,DEM,Heather Lawrence-Skadsem,96
Benson,State House,15,DEM,write-in,0
Benson,State House,15,REP,Dennis Johnson,117
Benson,State House,15,REP,Greg Westlind,61
Benson,State House,15,REP,Kathy Frelich,97
Benson,State House,15,REP,write-in,0
Benson,State Senate,15,DEM,Collette Brown,98
Benson,State Senate,15,DEM,write-in,0
Benson,State Senate,15,REP,Dave Oehlke,70
Benson,State Senate,15,REP,Judy Estenson,107
Benson,State Senate,15,REP,write-in,0
Benson,Tax Commissioner,,DEM,write-in,12
Benson,Tax Commissioner,,REP,Brian Kroshus,481
Benson,Tax Commissioner,,REP,write-in,0
Benson,U.S. House,1,DEM,Mark Haugen,195
Benson,U.S. House,1,DEM,write-in,0
Benson,U.S. House,1,REP,Kelly Armstrong,492
Benson,U.S. House,1,REP,write-in,5
Benson,U.S. Senate,,DEM,Katrina Christiansen,141
Benson,U.S. Senate,,DEM,Michael J Steele,52
Benson,U.S. Senate,,DEM,write-in,0
Benson,U.S. Senate,,REP,John Hoeven,395
Benson,U.S. Senate,,REP,Riley Kuntz,133
Benson,U.S. Senate,,REP,write-in,11
Billings,Agriculture Commissioner,,DEM,Fintan L Dooley,22
Billings,Agriculture Commissioner,,DEM,write-in,0
Billings,Agriculture Commissioner,,REP,Doug Goehring,321
Billings,Agriculture Commissioner,,REP,write-in,1
Billings,Attorney General,,DEM,Timothy Charles Lamb,24
Billings,Attorney General,,DEM,write-in,0
Billings,Attorney General,,REP,Drew Wrigley,313
Billings,Attorney General,,REP,write-in,0
Billings,County Auditor/Treasurer Billings,,,Marcia D Lamb,313
Billings,County Auditor/Treasurer Billings,,,write-in,34
Billings,County Commissioner At Large By District Billings - District 2,,,James Odermann,50
Billings,County Commissioner At Large By District Billings - District 2,,,Michael Kasian,132
Billings,County Commissioner At Large By District Billings - District 2,,,Steven Klym,189
Billings,County Commissioner At Large By District Billings - District 2,,,write-in,18
Billings,County Official Newspaper Billings,,,Billings County Pioneer,358
Billings,County Recorder/Clerk of District Court Billings,,,Juliana Hammerstrom,335
Billings,County Recorder/Clerk of District Court Billings,,,write-in,0
Billings,County Sheriff Billings,,,Dean Wyckoff,314
Billings,County Sheriff Billings,,,write-in,49
Billings,Judge of the District Court No. 2 Southwest,,,William A Herauf,333
Billings,Judge of the District Court No. 2 Southwest,,,write-in,1
Billings,Judge of the District Court No. 4 Southwest,,,Rhonda R Ehlis,327
Billings,Judge of the District Court No. 4 Southwest,,,write-in,0
Billings,Justice of the Supreme Court,,,Daniel J Crothers,324
Billings,Justice of the Supreme Court,,,write-in,1
Billings,Public Service Commissioner,,DEM,Melanie Moniz,23
Billings,Public Service Commissioner,,DEM,write-in,0
Billings,Public Service Commissioner,,REP,Julie Fedorchak,315
Billings,Public Service Commissioner,,REP,write-in,0
Billings,Public Service Commissioner Unexpired 4-Year Term,,DEM,Trygve Hammer,24
Billings,Public Service Commissioner Unexpired 4-Year Term,,DEM,write-in,0
Billings,Public Service Commissioner Unexpired 4-Year Term,,REP,Sheri Haugen-Hoffart,305
Billings,Public Service Commissioner Unexpired 4-Year Term,,REP,write-in,0
Billings,Publication of school minutes Billings County School District #1,,,No,18
Billings,Publication of school minutes Billings County School District #1,,,Yes,350
Billings,School Board Member At-Large Billings County School District #1,,,Kwirt Johnson,320
Billings,School Board Member At-Large Billings County School District #1,,,write-in,5
Billings,School Board Member District 1 Billings County School District #1,,,Kinley R Slauter,305
Billings,School Board Member District 1 Billings County School District #1,,,write-in,10
Billings,School Board Member District 2 Billings County School District #1,,,Jessie Evoniuk,325
Billings,School Board Member District 2 Billings County School District #1,,,write-in,5
Billings,Secretary of State,,DEM,Jeffrey Powell,24
Billings,Secretary of State,,DEM,write-in,0
Billings,Secretary of State,,REP,Marvin Lepp,91
Billings,Secretary of State,,REP,Michael Howe,223
Billings,Secretary of State,,REP,write-in,0
Billings,State House,39,DEM,write-in,1
Billings,State House,39,REP,John Pretzer,42
Billings,State House,39,REP,Keith Kempenich,159
Billings,State House,39,REP,Lyn James,149
Billings,State House,39,REP,Mike Schatz,171
Billings,State House,39,REP,Thea Lee,111
Billings,State House,39,REP,write-in,0
Billings,State Senate,39,DEM,write-in,0
Billings,State Senate,39,REP,Andrew Gene Kordonowy,197
Billings,State Senate,39,REP,Greg Kessel,157
Billings,State Senate,39,REP,write-in,0
Billings,Tax Commissioner,,DEM,write-in,0
Billings,Tax Commissioner,,REP,Brian Kroshus,311
Billings,Tax Commissioner,,REP,write-in,0
Billings,U.S. House,1,DEM,Mark Haugen,24
Billings,U.S. House,1,DEM,write-in,0
Billings,U.S. House,1,REP,Kelly Armstrong,327
Billings,U.S. House,1,REP,write-in,4
Billings,U.S. Senate,,DEM,Katrina Christiansen,17
Billings,U.S. Senate,,DEM,Michael J Steele,8
Billings,U.S. Senate,,DEM,write-in,0
Billings,U.S. Senate,,REP,John Hoeven,262
Billings,U.S. Senate,,REP,Riley Kuntz,84
Billings,U.S. Senate,,REP,write-in,2
Bottineau,Agriculture Commissioner,,DEM,Fintan L Dooley,275
Bottineau,Agriculture Commissioner,,DEM,write-in,0
Bottineau,Agriculture Commissioner,,REP,Doug Goehring,1421
Bottineau,Agriculture Commissioner,,REP,write-in,2
Bottineau,Attorney General,,DEM,Timothy Charles Lamb,279
Bottineau,Attorney General,,DEM,write-in,1
Bottineau,Attorney General,,REP,Drew Wrigley,1374
Bottineau,Attorney General,,REP,write-in,2
Bottineau,City of Newburg Minutes Newburg,,,No,4
Bottineau,City of Newburg Minutes Newburg,,,Yes,13
Bottineau,City of Souris Minutes Souris,,,No,8
Bottineau,City of Souris Minutes Souris,,,Yes,8
Bottineau,Council Member Antler,,,Sarita Allen,7
Bottineau,Council Member Antler,,,write-in,0
Bottineau,Council Member Bottineau,,,Douglas Marsden,387
Bottineau,Council Member Bottineau,,,Gary Mortensen,444
Bottineau,Council Member Bottineau,,,Jeremy Ketterling,408
Bottineau,Council Member Bottineau,,,Matthew Seykora,444
Bottineau,Council Member Bottineau,,,write-in,27
Bottineau,Council Member Gardena,,,Ronald Kalliokoski,3
Bottineau,Council Member Gardena,,,write-in,0
Bottineau,Council Member Kramer,,,Mark Timbrook,11
Bottineau,Council Member Kramer,,,write-in,0
Bottineau,Council Member Landa,,,write-in,5
Bottineau,Council Member Lansford,,,Francis Hogan,40
Bottineau,Council Member Lansford,,,write-in,2
Bottineau,Council Member Maxbass,,,Ali More,6
Bottineau,Council Member Maxbass,,,Andrew Rosenthal,16
Bottineau,Council Member Maxbass,,,Richard Blanchard Jr,8
Bottineau,Council Member Maxbass,,,write-in,0
Bottineau,Council Member Newburg,,,Jerad Kersten,17
Bottineau,Council Member Newburg,,,write-in,0
Bottineau,Council Member Souris,,,William Murch,13
Bottineau,Council Member Souris,,,write-in,7
Bottineau,Council Member Unexpired 2-Year Term Antler,,,write-in,3
Bottineau,Council Member Unexpired 2-Year Term Bottineau,,,Myron Langehaug,472
Bottineau,Council Member Unexpired 2-Year Term Bottineau,,,write-in,6
Bottineau,Council Member Unexpired 2-Year Term Gardena,,,Krystal Fowler,4
Bottineau,Council Member Unexpired 2-Year Term Gardena,,,write-in,0
Bottineau,Council Member Westhope,,,Kenneth Radtke,112
Bottineau,Council Member Westhope,,,Kevin Millett,88
Bottineau,Council Member Westhope,,,Timothy Lesmann,66
Bottineau,Council Member Westhope,,,write-in,0
Bottineau,Council Member Willow City,,,Heidi Hauf,36
Bottineau,Council Member Willow City,,,write-in,44
Bottineau,County Auditor Bottineau,,,Deanna Abernathey,633
Bottineau,County Auditor Bottineau,,,Emily Deschamp,1072
Bottineau,County Auditor Bottineau,,,write-in,129
Bottineau,County Commissioner By District Bottineau - District 1,,,Douglas Marsden,74
Bottineau,County Commissioner By District Bottineau - District 1,,,Rodney Hiatt,288
Bottineau,County Commissioner By District Bottineau - District 1,,,write-in,0
Bottineau,County Commissioner By District Bottineau - District 3,,,Benjamin Tonneson,166
Bottineau,County Commissioner By District Bottineau - District 3,,,Jeremy Ketterling,86
Bottineau,County Commissioner By District Bottineau - District 3,,,Keith Larocque Jr,65
Bottineau,County Commissioner By District Bottineau - District 3,,,write-in,6
Bottineau,County Commissioner By District Bottineau - District 5,,,Nathaniel Buynak,277
Bottineau,County Commissioner By District Bottineau - District 5,,,write-in,1
Bottineau,County Official Newspaper Bottineau,,,Bottineau Courant,1676
Bottineau,County Recorder Bottineau,,,Bobbi Milbrath,1722
Bottineau,County Recorder Bottineau,,,write-in,0
Bottineau,County Sheriff Bottineau,,,Jeremy Tofteland,1083
Bottineau,County Sheriff Bottineau,,,Matthew Schimetz,774
Bottineau,County Sheriff Bottineau,,,write-in,7
Bottineau,County State's Attorney Bottineau,,,Seymour Jordan,1624
Bottineau,County State's Attorney Bottineau,,,write-in,8
Bottineau,County Treasurer Bottineau,,,Ann Monson,1733
Bottineau,County Treasurer Bottineau,,,write-in,5
Bottineau,Judge of the District Court No. 1 Northeast,,,Lonnie Olson,1637
Bottineau,Judge of the District Court No. 1 Northeast,,,write-in,3
Bottineau,Justice of the Supreme Court,,,Daniel J Crothers,1624
Bottineau,Justice of the Supreme Court,,,write-in,4
Bottineau,Mayor Antler,,,Vance Lozensky,7
Bottineau,Mayor Antler,,,write-in,0
Bottineau,Mayor Bottineau,,,Perry Schoenborn,458
Bottineau,Mayor Bottineau,,,write-in,20
Bottineau,Mayor Gardena,,,Maxwell Fowler,4
Bottineau,Mayor Gardena,,,write-in,0
Bottineau,Mayor Newburg,,,Scott Hunskor,17
Bottineau,Mayor Newburg,,,write-in,0
Bottineau,Mayor Westhope,,,Russell Ballantyne,133
Bottineau,Mayor Westhope,,,write-in,3
Bottineau,Mayor Willow City,,,Maynard Hall,45
Bottineau,Mayor Willow City,,,write-in,1
Bottineau,Municipal Judge Bottineau,,,David Agnes,482
Bottineau,Municipal Judge Bottineau,,,write-in,3
Bottineau,Park Board Member Bottineau Park,,,Carrie-Lee Tweed,463
Bottineau,Park Board Member Bottineau Park,,,Paul Solberg,423
Bottineau,Park Board Member Bottineau Park,,,write-in,2
Bottineau,Park Board Member Lansford Park,,,Christopher Simmons,34
Bottineau,Park Board Member Lansford Park,,,Karen Gates,36
Bottineau,Park Board Member Lansford Park,,,write-in,0
Bottineau,Park Board Member Newburg Park Board,,,Scott Hunskor,12
Bottineau,Park Board Member Newburg Park Board,,,write-in,1
Bottineau,Public Service Commissioner,,DEM,Melanie Moniz,281
Bottineau,Public Service Commissioner,,DEM,write-in,0
Bottineau,Public Service Commissioner,,REP,Julie Fedorchak,1367
Bottineau,Public Service Commissioner,,REP,write-in,3
Bottineau,Public Service Commissioner Unexpired 4-Year Term,,DEM,Trygve Hammer,282
Bottineau,Public Service Commissioner Unexpired 4-Year Term,,DEM,write-in,0
Bottineau,Public Service Commissioner Unexpired 4-Year Term,,REP,Sheri Haugen-Hoffart,1359
Bottineau,Public Service Commissioner Unexpired 4-Year Term,,REP,write-in,2
Bottineau,Road and Bridge Mill Increase 05 - Bottineau,,,No,444
Bottineau,Road and Bridge Mill Increase 05 - Bottineau,,,Yes,1343
Bottineau,School Board Member BottineauSD1,,,Katie Tofteland,997
Bottineau,School Board Member BottineauSD1,,,Michael Haberman,859
Bottineau,School Board Member BottineauSD1,,,Shawn Shultz,926
Bottineau,School Board Member BottineauSD1,,,write-in,27
Bottineau,Secretary of State,,DEM,Jeffrey Powell,282
Bottineau,Secretary of State,,DEM,write-in,0
Bottineau,Secretary of State,,REP,Marvin Lepp,388
Bottineau,Secretary of State,,REP,Michael Howe,938
Bottineau,Secretary of State,,REP,write-in,2
Bottineau,State Senate Unexpired 2-Year Term,6,DEM,write-in,28
Bottineau,State Senate Unexpired 2-Year Term,6,REP,Shawn Vedaa,1387
Bottineau,State Senate Unexpired 2-Year Term,6,REP,write-in,3
Bottineau,Tax Commissioner,,DEM,write-in,15
Bottineau,Tax Commissioner,,REP,Brian Kroshus,1371
Bottineau,Tax Commissioner,,REP,write-in,3
Bottineau,U.S. House,1,DEM,Mark Haugen,282
Bottineau,U.S. House,1,DEM,write-in,0
Bottineau,U.S. House,1,REP,Kelly Armstrong,1415
Bottineau,U.S. House,1,REP,write-in,5
Bottineau,U.S. Senate,,DEM,Katrina Christiansen,222
Bottineau,U.S. Senate,,DEM,Michael J Steele,64
Bottineau,U.S. Senate,,DEM,write-in,0
Bottineau,U.S. Senate,,REP,John Hoeven,1173
Bottineau,U.S. Senate,,REP,Riley Kuntz,319
Bottineau,U.S. Senate,,REP,write-in,4
Bowman,Agriculture Commissioner,,DEM,Fintan L Dooley,39
Bowman,Agriculture Commissioner,,DEM,write-in,2
Bowman,Agriculture Commissioner,,REP,Doug Goehring,773
Bowman,Agriculture Commissioner,,REP,write-in,1
Bowman,Attorney General,,DEM,Timothy Charles Lamb,37
Bowman,Attorney General,,DEM,write-in,1
Bowman,Attorney General,,REP,Drew Wrigley,760
Bowman,Attorney General,,REP,write-in,2
Bowman,Commissioner Bowman,,,Benjamin Schaaf,323
Bowman,Commissioner Bowman,,,Sara Bullis,259
Bowman,Commissioner Bowman,,,write-in,13
Bowman,County Auditor Bowman,,,Mindy Schumacher,848
Bowman,County Auditor Bowman,,,write-in,0
Bowman,County Commissioner at Large Bowman,,,Jerid Janikowski,388
Bowman,County Commissioner at Large Bowman,,,Josh Buchmann,502
Bowman,County Commissioner at Large Bowman,,,Lynn Brackel,417
Bowman,County Commissioner at Large Bowman,,,Nathan Miller,387
Bowman,County Commissioner at Large Bowman,,,write-in,3
Bowman,County Official Newspaper Bowman,,,Bowman County Pioneer,834
Bowman,County Recorder/Clerk of District Court Bowman,,,Jan Werre,841
Bowman,County Recorder/Clerk of District Court Bowman,,,write-in,4
Bowman,County Sheriff Bowman,,,Frank Eberle,570
Bowman,County Sheriff Bowman,,,Jason Dodge,308
Bowman,County Sheriff Bowman,,,write-in,5
Bowman,County State's Attorney Bowman,,,Andrew J.Q. Weiss,804
Bowman,County State's Attorney Bowman,,,write-in,7
Bowman,County Treasurer Bowman,,,Anita McLaughlin,823
Bowman,County Treasurer Bowman,,,write-in,6
Bowman,"Director, Southwest Water Authority Bowman",,,Rick Seifert,800
Bowman,"Director, Southwest Water Authority Bowman",,,write-in,9
Bowman,Judge of the District Court No. 2 Southwest,,,William A Herauf,791
Bowman,Judge of the District Court No. 2 Southwest,,,write-in,1
Bowman,Judge of the District Court No. 4 Southwest,,,Rhonda R Ehlis,789
Bowman,Judge of the District Court No. 4 Southwest,,,write-in,1
Bowman,Justice of the Supreme Court,,,Daniel J Crothers,765
Bowman,Justice of the Supreme Court,,,write-in,2
Bowman,Park Board Member Bowman Park,,,Chris Johnson,300
Bowman,Park Board Member Bowman Park,,,Darwin Wilke,326
Bowman,Park Board Member Bowman Park,,,Jason Bullis,280
Bowman,Park Board Member Bowman Park,,,write-in,2
Bowman,Public Service Commissioner,,DEM,Melanie Moniz,38
Bowman,Public Service Commissioner,,DEM,write-in,2
Bowman,Public Service Commissioner,,REP,Julie Fedorchak,753
Bowman,Public Service Commissioner,,REP,write-in,1
Bowman,Public Service Commissioner Unexpired 4-Year Term,,DEM,Trygve Hammer,37
Bowman,Public Service Commissioner Unexpired 4-Year Term,,DEM,write-in,2
Bowman,Public Service Commissioner Unexpired 4-Year Term,,REP,Sheri Haugen-Hoffart,737
Bowman,Public Service Commissioner Unexpired 4-Year Term,,REP,write-in,1
Bowman,Publication of School Minutes Bowman School,,,No,39
Bowman,Publication of School Minutes Bowman School,,,Yes,649
Bowman,School Board Member Representative from the Bowman Area Bowman School,,,Andy Mrnak,443
Bowman,School Board Member Representative from the Bowman Area Bowman School,,,Chad Njos,470
Bowman,School Board Member Representative from the Bowman Area Bowman School,,,Jon Brosz,316
Bowman,School Board Member Representative from the Bowman Area Bowman School,,,write-in,20
Bowman,School Board Member Representative from the Rhame Area Bowman School,,,Stacy McGee,660
Bowman,School Board Member Representative from the Rhame Area Bowman School,,,write-in,4
Bowman,School Board Member at Large Bowman School,,,Camie Janikowski,667
Bowman,School Board Member at Large Bowman School,,,write-in,2
Bowman,Secretary of State,,DEM,Jeffrey Powell,38
Bowman,Secretary of State,,DEM,write-in,2
Bowman,Secretary of State,,REP,Marvin Lepp,173
Bowman,Secretary of State,,REP,Michael Howe,548
Bowman,Secretary of State,,REP,write-in,1
Bowman,State House,39,DEM,write-in,3
Bowman,State House,39,REP,John Pretzer,379
Bowman,State House,39,REP,Keith Kempenich,354
Bowman,State House,39,REP,Lyn James,405
Bowman,State House,39,REP,Mike Schatz,279
Bowman,State House,39,REP,Thea Lee,159
Bowman,State House,39,REP,write-in,2
Bowman,State Senate,39,DEM,write-in,3
Bowman,State Senate,39,REP,Andrew Gene Kordonowy,263
Bowman,State Senate,39,REP,Greg Kessel,518
Bowman,State Senate,39,REP,write-in,4
Bowman,Tax Commissioner,,DEM,write-in,3
Bowman,Tax Commissioner,,REP,Brian Kroshus,751
Bowman,Tax Commissioner,,REP,write-in,0
Bowman,U.S. House,1,DEM,Mark Haugen,38
Bowman,U.S. House,1,DEM,write-in,2
Bowman,U.S. House,1,REP,Kelly Armstrong,783
Bowman,U.S. House,1,REP,write-in,4
Bowman,U.S. Senate,,DEM,Katrina Christiansen,21
Bowman,U.S. Senate,,DEM,Michael J Steele,17
Bowman,U.S. Senate,,DEM,write-in,1
Bowman,U.S. Senate,,REP,John Hoeven,652
Bowman,U.S. Senate,,REP,Riley Kuntz,162
Bowman,U.S. Senate,,REP,write-in,2
Burke,Agriculture Commissioner,,DEM,Fintan L Dooley,43
Burke,Agriculture Commissioner,,DEM,write-in,0
Burke,Agriculture Commissioner,,REP,Doug Goehring,438
Burke,Agriculture Commissioner,,REP,write-in,1
Burke,Attorney General,,DEM,Timothy Charles Lamb,42
Burke,Attorney General,,DEM,write-in,0
Burke,Attorney General,,REP,Drew Wrigley,428
Burke,Attorney General,,REP,write-in,2
Burke,County Auditor Burke,,,write-in,77
Burke,County Commissioner By District Burke - District 2,,,Richard Lawerence Owings,166
Burke,County Commissioner By District Burke - District 2,,,Tamara Crystal Rudland,26
Burke,County Commissioner By District Burke - District 2,,,write-in,0
Burke,County Official Newspaper Burke,,,Burke County Tribune,483
Burke,County Recorder/Clerk of District Court Burke,,,Brandy Alice Zepp,147
Burke,County Recorder/Clerk of District Court Burke,,,Lynette Marie Nelson,342
Burke,County Recorder/Clerk of District Court Burke,,,write-in,3
Burke,County Sheriff Burke,,,Shawn Gabriel Brien,404
Burke,County Sheriff Burke,,,write-in,39
Burke,County State's Attorney Burke,,,Amber Joy Fiesel,428
Burke,County State's Attorney Burke,,,write-in,13
Burke,County Treasurer Burke,,,Sheila Ann Burns,471
Burke,County Treasurer Burke,,,write-in,1
Burke,Judge of the District Court No. 2 North Central,,,Gary H Lee,457
Burke,Judge of the District Court No. 2 North Central,,,write-in,1
Burke,Judge of the District Court No. 5 North Central,,,Todd L Cresap,451
Burke,Judge of the District Court No. 5 North Central,,,write-in,1
Burke,Justice of the Supreme Court,,,Daniel J Crothers,447
Burke,Justice of the Supreme Court,,,write-in,3
Burke,Public Service Commissioner,,DEM,Melanie Moniz,41
Burke,Public Service Commissioner,,DEM,write-in,0
Burke,Public Service Commissioner,,REP,Julie Fedorchak,423
Burke,Public Service Commissioner,,REP,write-in,1
Burke,Public Service Commissioner Unexpired 4-Year Term,,DEM,Trygve Hammer,42
Burke,Public Service Commissioner Unexpired 4-Year Term,,DEM,write-in,0
Burke,Public Service Commissioner Unexpired 4-Year Term,,REP,Sheri Haugen-Hoffart,413
Burke,Public Service Commissioner Unexpired 4-Year Term,,REP,write-in,2
Burke,Secretary of State,,DEM,Jeffrey Powell,42
Burke,Secretary of State,,DEM,write-in,0
Burke,Secretary of State,,REP,Marvin Lepp,119
Burke,Secretary of State,,REP,Michael Howe,279
Burke,Secretary of State,,REP,write-in,1
Burke,Tax Commissioner,,DEM,write-in,3
Burke,Tax Commissioner,,REP,Brian Kroshus,424
Burke,Tax Commissioner,,REP,write-in,2
Burke,U.S. House,1,DEM,Mark Haugen,43
Burke,U.S. House,1,DEM,write-in,0
Burke,U.S. House,1,REP,Kelly Armstrong,433
Burke,U.S. House,1,REP,write-in,3
Burke,U.S. Senate,,DEM,Katrina Christiansen,31
Burke,U.S. Senate,,DEM,Michael J Steele,11
Burke,U.S. Senate,,DEM,write-in,0
Burke,U.S. Senate,,REP,John Hoeven,355
Burke,U.S. Senate,,REP,Riley Kuntz,85
Burke,U.S. Senate,,REP,write-in,7
Burleigh,Agriculture Commissioner,,DEM,Fintan L Dooley,2086
Burleigh,Agriculture Commissioner,,DEM,write-in,14
Burleigh,Agriculture Commissioner,,REP,Doug Goehring,9442
Burleigh,Agriculture Commissioner,,REP,write-in,42
Burleigh,Attorney General,,DEM,Timothy Charles Lamb,2242
Burleigh,Attorney General,,DEM,write-in,6
Burleigh,Attorney General,,REP,Drew Wrigley,9260
Burleigh,Attorney General,,REP,write-in,86
Burleigh,Bismarck Public School Dist. 1 School District Measure No. 1 Publication of Minutes Bismarck Public School Dist. 1,,,No,1617
Burleigh,Bismarck Public School Dist. 1 School District Measure No. 1 Publication of Minutes Bismarck Public School Dist. 1,,,Yes,10219
Burleigh,Commission President Bismarck,,,Michael T Schmitz,5755
Burleigh,Commission President Bismarck,,,Steve Bakken,4004
Burleigh,Commission President Bismarck,,,write-in,17
Burleigh,Commission President Wilton,,,LeeAnn Domonoske-Kellar,25
Burleigh,Commission President Wilton,,,write-in,3
Burleigh,Commissioner Bismarck,,,Anne Cleary,5338
Burleigh,Commissioner Bismarck,,,Brittany Leischner,3945
Burleigh,Commissioner Bismarck,,,Greg Zenker,4982
Burleigh,Commissioner Bismarck,,,Michael Connelly,3521
Burleigh,Commissioner Bismarck,,,write-in,28
Burleigh,Commissioner Wilton,,,James Schacher,25
Burleigh,Commissioner Wilton,,,John Clausen,22
Burleigh,Commissioner Wilton,,,write-in,4
Burleigh,Council Member Lincoln,,,Amanda Davis,169
Burleigh,Council Member Lincoln,,,Anne Artavia,140
Burleigh,Council Member Lincoln,,,Carrie Praska,178
Burleigh,Council Member Lincoln,,,Ryan Glass,151
Burleigh,Council Member Lincoln,,,write-in,5
Burleigh,Council Member Regan,,,write-in,9
Burleigh,Council Member Unexpired 2-Year Term Lincoln,,,Jaime Leingang,285
Burleigh,Council Member Unexpired 2-Year Term Lincoln,,,write-in,15
Burleigh,Council Member Unexpired 2-Year Term Wing,,,Glynn Buell,14
Burleigh,Council Member Unexpired 2-Year Term Wing,,,write-in,11
Burleigh,Council Member Wing,,,write-in,39
Burleigh,County Auditor/Treasurer Burleigh,,,Kirsten Dvorak,5781
Burleigh,County Auditor/Treasurer Burleigh,,,Mark Splonskowski,6192
Burleigh,County Auditor/Treasurer Burleigh,,,write-in,16
Burleigh,County Commissioner at Large Burleigh,,,Amelia Doll,6281
Burleigh,County Commissioner at Large Burleigh,,,Dustin Gawrylow,4671
Burleigh,County Commissioner at Large Burleigh,,,Jerry Woodcox,6474
Burleigh,County Commissioner at Large Burleigh,,,Steve Schwab,6478
Burleigh,County Commissioner at Large Burleigh,,,Wayne Munson,6344
Burleigh,County Commissioner at Large Burleigh,,,write-in,80
Burleigh,County Official Newspaper Burleigh,,,The Bismarck Tribune,9766
Burleigh,County Recorder Burleigh,,,Missy Hanson,10616
Burleigh,County Recorder Burleigh,,,write-in,27
Burleigh,County Sheriff Burleigh,,,Kelly Leben,10946
Burleigh,County Sheriff Burleigh,,,write-in,77
Burleigh,County State's Attorney Burleigh,,,Julie Lawyer,10606
Burleigh,County State's Attorney Burleigh,,,write-in,79
Burleigh,Judge of the District Court No. 10 Unexpired 4-Year Term South Central,,,Pamela Nesvig,10444
Burleigh,Judge of the District Court No. 10 Unexpired 4-Year Term South Central,,,write-in,34
Burleigh,Judge of the District Court No. 2 South Central,,,Douglas A Bahr,10629
Burleigh,Judge of the District Court No. 2 South Central,,,write-in,29
Burleigh,Judge of the District Court No. 5 South Central,,,Cynthia M Feland,10555
Burleigh,Judge of the District Court No. 5 South Central,,,write-in,91
Burleigh,Judge of the District Court No. 6 Unexpired 4-Year Term South Central,,,Bobbi Weiler,10447
Burleigh,Judge of the District Court No. 6 Unexpired 4-Year Term South Central,,,write-in,53
Burleigh,Justice of the Supreme Court,,,Daniel J Crothers,10696
Burleigh,Justice of the Supreme Court,,,write-in,54
Burleigh,Mayor Wing,,,Julie Hein,23
Burleigh,Mayor Wing,,,write-in,5
Burleigh,Park Board Member Bismarck,,,Julie Jeske,7326
Burleigh,Park Board Member Bismarck,,,Mark Zimmerman,7186
Burleigh,Park Board Member Bismarck,,,Michael Gilbertson,7119
Burleigh,Park Board Member Bismarck,,,write-in,66
Burleigh,Park Board Member Lincoln,,,Brock Garaas,263
Burleigh,Park Board Member Lincoln,,,Nic Couture,269
Burleigh,Park Board Member Lincoln,,,write-in,3
Burleigh,Park Board Member Wilton,,,write-in,18
Burleigh,Public Service Commissioner,,DEM,Melanie Moniz,2239
Burleigh,Public Service Commissioner,,DEM,write-in,3
Burleigh,Public Service Commissioner,,REP,Julie Fedorchak,9294
Burleigh,Public Service Commissioner,,REP,write-in,33
Burleigh,Public Service Commissioner Unexpired 4-Year Term,,DEM,Trygve Hammer,2239
Burleigh,Public Service Commissioner Unexpired 4-Year Term,,DEM,write-in,2
Burleigh,Public Service Commissioner Unexpired 4-Year Term,,REP,Sheri Haugen-Hoffart,8916
Burleigh,Public Service Commissioner Unexpired 4-Year Term,,REP,write-in,48
Burleigh,Sales & Use Tax Administrator Wilton,,,Myron Basaraba,28
Burleigh,Sales & Use Tax Administrator Wilton,,,write-in,6
Burleigh,School Board Member Bismarck Public School Dist. 1,,,Amanda Davis,2580
Burleigh,School Board Member Bismarck Public School Dist. 1,,,Amanda Peterson,3761
Burleigh,School Board Member Bismarck Public School Dist. 1,,,Emily Eckroth,3766
Burleigh,School Board Member Bismarck Public School Dist. 1,,,Greg Wheeler,1557
Burleigh,School Board Member Bismarck Public School Dist. 1,,,Jon Lee,6329
Burleigh,School Board Member Bismarck Public School Dist. 1,,,Josh Hager,5947
Burleigh,School Board Member Bismarck Public School Dist. 1,,,Natasha Gourd,1471
Burleigh,School Board Member Bismarck Public School Dist. 1,,,Nick Thueson,2318
Burleigh,School Board Member Bismarck Public School Dist. 1,,,Rebecca Pitkin,2204
Burleigh,School Board Member Bismarck Public School Dist. 1,,,Travis Jensen,2514
Burleigh,School Board Member Bismarck Public School Dist. 1,,,write-in,49
Burleigh,Secretary of State,,DEM,Jeffrey Powell,2267
Burleigh,Secretary of State,,DEM,write-in,4
Burleigh,Secretary of State,,REP,Marvin Lepp,3693
Burleigh,Secretary of State,,REP,Michael Howe,5585
Burleigh,Secretary of State,,REP,write-in,20
Burleigh,State House,35,DEM,Don Morrison,503
Burleigh,State House,35,DEM,Kris Mount,505
Burleigh,State House,35,DEM,write-in,3
Burleigh,State House,35,REP,Bob Martinson,1463
Burleigh,State House,35,REP,Karen Karls,1365
Burleigh,State House,35,REP,write-in,12
Burleigh,State House,47,DEM,write-in,36
Burleigh,State House,47,REP,Dean R Summers,347
Burleigh,State House,47,REP,Kevin Strege,873
Burleigh,State House,47,REP,Lawrence R (Larry) Klemin,1508
Burleigh,State House,47,REP,Michael Motschenbacher,1473
Burleigh,State House,47,REP,write-in,6
Burleigh,State House,7,DEM,write-in,16
Burleigh,State House,7,REP,Jason Dockter,1203
Burleigh,State House,7,REP,Matthew Heilman,1131
Burleigh,State House,7,REP,Retha Mattern,922
Burleigh,State House,7,REP,write-in,7
Burleigh,State House Unexpired 2-Year Term,8,DEM,write-in,8
Burleigh,State House Unexpired 2-Year Term,8,REP,Brandon Prichard,849
Burleigh,State House Unexpired 2-Year Term,8,REP,Mike Berg,679
Burleigh,State House Unexpired 2-Year Term,8,REP,Scott McCarthy,566
Burleigh,State House Unexpired 2-Year Term,8,REP,SuAnn Olson,923
Burleigh,State House Unexpired 2-Year Term,8,REP,write-in,0
Burleigh,State Senate,35,DEM,Tracy Potter,575
Burleigh,State Senate,35,DEM,write-in,4
Burleigh,State Senate,35,REP,Ryan Eckroth,563
Burleigh,State Senate,35,REP,Sean Cleary,1300
Burleigh,State Senate,35,REP,write-in,2
Burleigh,State Senate,47,DEM,write-in,31
Burleigh,State Senate,47,REP,Mike Dwyer,2071
Burleigh,State Senate,47,REP,write-in,10
Burleigh,State Senate,7,DEM,write-in,16
Burleigh,State Senate,7,REP,Michelle Axtman,1632
Burleigh,State Senate,7,REP,write-in,17
Burleigh,State Senate Unexpired 2-Year Term,8,DEM,write-in,13
Burleigh,State Senate Unexpired 2-Year Term,8,REP,Dave Nehring,711
Burleigh,State Senate Unexpired 2-Year Term,8,REP,Jeffery J Magrum,881
Burleigh,State Senate Unexpired 2-Year Term,8,REP,write-in,4
Burleigh,Tax Commissioner,,DEM,write-in,164
Burleigh,Tax Commissioner,,REP,Brian Kroshus,9175
Burleigh,Tax Commissioner,,REP,write-in,47
Burleigh,U.S. House,1,DEM,Mark Haugen,2310
Burleigh,U.S. House,1,DEM,write-in,7
Burleigh,U.S. House,1,REP,Kelly Armstrong,9367
Burleigh,U.S. House,1,REP,write-in,135
Burleigh,U.S. Senate,,DEM,Katrina Christiansen,1849
Burleigh,U.S. Senate,,DEM,Michael J Steele,488
Burleigh,U.S. Senate,,DEM,write-in,3
Burleigh,U.S. Senate,,REP,John Hoeven,7719
Burleigh,U.S. Senate,,REP,Riley Kuntz,2525
Burleigh,U.S. Senate,,REP,write-in,136
Cass,Agriculture Commissioner,,DEM,Fintan L Dooley,7172
Cass,Agriculture Commissioner,,DEM,write-in,14
Cass,Agriculture Commissioner,,REP,Doug Goehring,9956
Cass,Agriculture Commissioner,,REP,write-in,58
Cass,Attorney General,,DEM,Timothy Charles Lamb,7254
Cass,Attorney General,,DEM,write-in,27
Cass,Attorney General,,REP,Drew Wrigley,10035
Cass,Attorney General,,REP,write-in,86
Cass,Commissioner Fargo,,,Ahmed Shiil,3130
Cass,Commissioner Fargo,,,Al Carlson,4854
Cass,Commissioner Fargo,,,Anna Johnson,4006
Cass,Commissioner Fargo,,,Branden Krieger,1675
Cass,Commissioner Fargo,,,Dave Piepkorn,5845
Cass,Commissioner Fargo,,,Denise M Kolpack,6439
Cass,Commissioner Fargo,,,Jennifer Benson,3720
Cass,Commissioner Fargo,,,Jodi Plecity,4682
Cass,Commissioner Fargo,,,Lenny Tweeden,1178
Cass,Commissioner Fargo,,,Matuor D Alier,3268
Cass,Commissioner Fargo,,,Philip Thomas Deery,702
Cass,Commissioner Fargo,,,T.G. Tom Magin,845
Cass,Commissioner Fargo,,,Ves V Marinov,1022
Cass,Commissioner Fargo,,,Victoria Johnson,2572
Cass,Commissioner Fargo,,,Will Thompson,2484
Cass,Commissioner Fargo,,,write-in,40
Cass,Commissioner West Fargo,,,Brad Olson,1457
Cass,Commissioner West Fargo,,,Roben Anderson,1394
Cass,Commissioner West Fargo,,,write-in,21
Cass,Council Member Alice,,,Brandon Langer,5
Cass,Council Member Alice,,,Tim Schmidt,5
Cass,Council Member Alice,,,write-in,0
Cass,Council Member Amenia,,,write-in,15
Cass,Council Member Argusville,,,Joseph Brandt,31
Cass,Council Member Argusville,,,Parker Vanderwal,55
Cass,Council Member Argusville,,,Rodney Raymond Clouse,34
Cass,Council Member Argusville,,,write-in,1
Cass,Council Member Arthur,,,write-in,37
Cass,Council Member Ayr,,,Jennaca Killoran,1
Cass,Council Member Ayr,,,Tim Bjerke,1
Cass,Council Member Ayr,,,write-in,0
Cass,Council Member Briarwood,,,write-in,3
Cass,Council Member Buffalo,,,write-in,20
Cass,Council Member Casselton,,,Alex Nesemeier,353
Cass,Council Member Casselton,,,Barry Heck,361
Cass,Council Member Casselton,,,Cassi Lemar Grenz,245
Cass,Council Member Casselton,,,Charles Francis,262
Cass,Council Member Casselton,,,Paul Fritz,97
Cass,Council Member Casselton,,,write-in,19
Cass,Council Member Davenport,,,Antonio Balderas,14
Cass,Council Member Davenport,,,Lloyd Hunter,11
Cass,Council Member Davenport,,,Oscar Hanson,29
Cass,Council Member Davenport,,,Stephen Beauclair,18
Cass,Council Member Davenport,,,write-in,0
Cass,Council Member Frontier,,,Dale Terry,34
Cass,Council Member Frontier,,,Terry Chambers,19
Cass,Council Member Frontier,,,Wade Borth,16
Cass,Council Member Frontier,,,write-in,0
Cass,Council Member Gardner,,,write-in,49
Cass,Council Member Grandin,,,Debra Sorsen,23
Cass,Council Member Grandin,,,Jesse Hayden,30
Cass,Council Member Grandin,,,write-in,3
Cass,Council Member Harwood,,,Jamie Nettum,48
Cass,Council Member Harwood,,,write-in,18
Cass,Council Member Horace,,,Grant Allex,183
Cass,Council Member Horace,,,Sarah Veit,294
Cass,Council Member Horace,,,Stephanie Landstrom,295
Cass,Council Member Horace,,,write-in,6
Cass,Council Member Hunter,,,Abe Abrahamson,14
Cass,Council Member Hunter,,,Carrie Nelson,42
Cass,Council Member Hunter,,,Justin Teegarden,43
Cass,Council Member Hunter,,,write-in,0
Cass,Council Member Kindred,,,Adam Spelhaug,69
Cass,Council Member Kindred,,,write-in,24
Cass,Council Member Leonard,,,write-in,37
Cass,Council Member Mapleton,,,Jason Astrup,74
Cass,Council Member Mapleton,,,write-in,49
Cass,Council Member North River,,,write-in,15
Cass,Council Member Oxbow,,,Bryan Triebold,74
Cass,Council Member Oxbow,,,Ryan Schulz,102
Cass,Council Member Oxbow,,,Scott Differding,48
Cass,Council Member Oxbow,,,Tami Henke,57
Cass,Council Member Oxbow,,,write-in,4
Cass,Council Member Page,,,Christopher Erickson,15
Cass,Council Member Page,,,Lucas Erickson,16
Cass,Council Member Page,,,write-in,0
Cass,Council Member Prairie Rose,,,Jodi Holman,14
Cass,Council Member Prairie Rose,,,Julie Smith,14
Cass,Council Member Prairie Rose,,,write-in,0
Cass,Council Member Reiles Acres,,,write-in,65
Cass,Council Member Tower City,,,Andy Kasel,43
Cass,Council Member Tower City,,,Jon Unger,46
Cass,Council Member Tower City,,,write-in,4
Cass,Council Member Unexpired 2-Year Term Buffalo,,,Aaron Haseleu,31
Cass,Council Member Unexpired 2-Year Term Buffalo,,,write-in,0
Cass,Council Member Unexpired 2-Year Term Davenport,,,Nicholas Gjestvang,38
Cass,Council Member Unexpired 2-Year Term Davenport,,,write-in,0
Cass,Council Member Unexpired 2-Year Term Oxbow,,,write-in,26
Cass,Council Member Unexpired 2-Year Term Prairie Rose,,,Joni Mehrhoff,13
Cass,Council Member Unexpired 2-Year Term Prairie Rose,,,write-in,1
Cass,County Commissioner Cass - District 2,,,Ben Hanson,8095
Cass,County Commissioner Cass - District 2,,,Tony Grindberg,9120
Cass,County Commissioner Cass - District 2,,,write-in,37
Cass,County Commissioner Cass - District 4,,,Adam Martin,8104
Cass,County Commissioner Cass - District 4,,,Duane Breitling,7143
Cass,County Commissioner Cass - District 4,,,write-in,41
Cass,County Sheriff Cass,,,Jesse Jahner,15765
Cass,County Sheriff Cass,,,Mathew King,2495
Cass,County Sheriff Cass,,,write-in,33
Cass,County State's Attorney Cass,,,Kim Hegvik,8138
Cass,County State's Attorney Cass,,,Ryan Younggren,8181
Cass,County State's Attorney Cass,,,write-in,37
Cass,"Director, Garrison Diversion Conservancy Cass",,,Jeff Ledoux,14901
Cass,"Director, Garrison Diversion Conservancy Cass",,,write-in,63
Cass,Judge of the District Court No. 2 East Central,,,Tristan Van de Streek,15520
Cass,Judge of the District Court No. 2 East Central,,,write-in,65
Cass,Judge of the District Court No. 3 East Central,,,Steven E McCullough,15468
Cass,Judge of the District Court No. 3 East Central,,,write-in,71
Cass,Judge of the District Court No. 4 East Central,,,Blake D Hankey,2589
Cass,Judge of the District Court No. 4 East Central,,,Connie Cleveland,6466
Cass,Judge of the District Court No. 4 East Central,,,David J Chapman,3785
Cass,Judge of the District Court No. 4 East Central,,,Jay Greenwood,2703
Cass,Judge of the District Court No. 4 East Central,,,write-in,65
Cass,Justice of the Supreme Court,,,Daniel J Crothers,15551
Cass,Justice of the Supreme Court,,,write-in,85
Cass,Mayor Amenia,,,write-in,8
Cass,Mayor Argusville,,,Darren Wetzel,62
Cass,Mayor Argusville,,,write-in,2
Cass,Mayor Briarwood,,,write-in,3
Cass,Mayor Buffalo,,,James Jager,31
Cass,Mayor Buffalo,,,write-in,0
Cass,Mayor Casselton,,,Lee Anderson,220
Cass,Mayor Casselton,,,Michael Faught,248
Cass,Mayor Casselton,,,write-in,7
Cass,Mayor Davenport,,,Jason Lotzer,36
Cass,Mayor Davenport,,,write-in,1
Cass,Mayor Fargo,,,Arlette Preston,4837
Cass,Mayor Fargo,,,Dustin Thomas Elliott,575
Cass,Mayor Fargo,,,Hukun Dabar,2729
Cass,Mayor Fargo,,,Michael E Borgie,1353
Cass,Mayor Fargo,,,Shannon Roers Jones,3741
Cass,Mayor Fargo,,,Sheri L Fercho,924
Cass,Mayor Fargo,,,Timothy Mahoney,9755
Cass,Mayor Fargo,,,write-in,36
Cass,Mayor Frontier,,,Jon Whiting,33
Cass,Mayor Frontier,,,write-in,0
Cass,Mayor Gardner,,,write-in,32
Cass,Mayor Grandin,,,Kelly Kyllo,32
Cass,Mayor Grandin,,,write-in,0
Cass,Mayor Kindred,,,write-in,56
Cass,Mayor North River,,,write-in,8
Cass,Mayor Oxbow,,,Carlos Miranda,73
Cass,Mayor Oxbow,,,James Nyhof,75
Cass,Mayor Oxbow,,,write-in,0
Cass,Mayor Prairie Rose,,,Rick Callens,14
Cass,Mayor Prairie Rose,,,write-in,0
Cass,Mayor West Fargo,,,Bernie Dardis,1724
Cass,Mayor West Fargo,,,write-in,31
Cass,Municipal Judge Casselton,,,Charlene Nelson,383
Cass,Municipal Judge Casselton,,,write-in,6
Cass,Municipal Judge Kindred,,,write-in,10
Cass,Municipal Judge West Fargo,,,Trent Barkus,1619
Cass,Municipal Judge West Fargo,,,write-in,6
Cass,Park Board Commissioner Fargo Park,,,Aaron Hill,5701
Cass,Park Board Commissioner Fargo Park,,,Jacqueline Dotzenrod,4022
Cass,Park Board Commissioner Fargo Park,,,Jim Frueh,4711
Cass,Park Board Commissioner Fargo Park,,,Joe Deutsch,8218
Cass,Park Board Commissioner Fargo Park,,,Vicki Dawson,9085
Cass,Park Board Commissioner Fargo Park,,,write-in,41
Cass,Park Board Member Argusville Park,,,Chris Walski,39
Cass,Park Board Member Argusville Park,,,James Ryan,24
Cass,Park Board Member Argusville Park,,,Jamison Jensen,52
Cass,Park Board Member Argusville Park,,,Tamara VanWechel,53
Cass,Park Board Member Argusville Park,,,write-in,8
Cass,Park Board Member Briarwood Park,,,write-in,1
Cass,Park Board Member Buffalo Park,,,Kayla Lawson,29
Cass,Park Board Member Buffalo Park,,,write-in,13
Cass,Park Board Member Casselton Park,,,Brandon Smith,379
Cass,Park Board Member Casselton Park,,,Corey Cruchet,356
Cass,Park Board Member Casselton Park,,,Jonathan Warrey,377
Cass,Park Board Member Casselton Park,,,write-in,12
Cass,Park Board Member Davenport Park,,,Heather Cedergren,27
Cass,Park Board Member Davenport Park,,,Jeremiah Hinkemeyer,6
Cass,Park Board Member Davenport Park,,,Jessica Kujala,11
Cass,Park Board Member Davenport Park,,,Tammy Palluck,26
Cass,Park Board Member Davenport Park,,,write-in,0
Cass,Park Board Member Harwood Park,,,Ashley Hansen,41
Cass,Park Board Member Harwood Park,,,Mandy Zastre,43
Cass,Park Board Member Harwood Park,,,write-in,2
Cass,Park Board Member Horace Park,,,Paige Shockman,378
Cass,Park Board Member Horace Park,,,write-in,24
Cass,Park Board Member Kindred Park,,,Lydia Ronningen,59
Cass,Park Board Member Kindred Park,,,Robby Sahr,60
Cass,Park Board Member Kindred Park,,,write-in,20
Cass,Park Board Member Leonard Park,,,write-in,22
Cass,Park Board Member Mapleton Park,,,Donna Donley,46
Cass,Park Board Member Mapleton Park,,,Eric Parvey,58
Cass,Park Board Member Mapleton Park,,,Jennifer Opheim,50
Cass,Park Board Member Mapleton Park,,,Kyle Kuznia,70
Cass,Park Board Member Mapleton Park,,,write-in,10
Cass,Park Board Member Oxbow Park,,,write-in,64
Cass,Park Board Member Tower City Park,,,Alecia Killoran,47
Cass,Park Board Member Tower City Park,,,David Killoran,48
Cass,Park Board Member Tower City Park,,,Tiffany Smith,44
Cass,Park Board Member Tower City Park,,,write-in,1
Cass,Park Board Member Unexpired 2-Year Term Harwood Park,,,Kelly Johnson,45
Cass,Park Board Member Unexpired 2-Year Term Harwood Park,,,write-in,2
Cass,Park Board Member West Fargo Park,,,Chris Heise,1490
Cass,Park Board Member West Fargo Park,,,Jake Lauritsen,1438
Cass,Park Board Member West Fargo Park,,,Jeff McCracken,1438
Cass,Park Board Member West Fargo Park,,,write-in,25
Cass,Public Service Commissioner,,DEM,Melanie Moniz,7223
Cass,Public Service Commissioner,,DEM,write-in,10
Cass,Public Service Commissioner,,REP,Julie Fedorchak,9683
Cass,Public Service Commissioner,,REP,write-in,51
Cass,Public Service Commissioner Unexpired 4-Year Term,,DEM,Trygve Hammer,7171
Cass,Public Service Commissioner Unexpired 4-Year Term,,DEM,write-in,9
Cass,Public Service Commissioner Unexpired 4-Year Term,,REP,Sheri Haugen-Hoffart,9449
Cass,Public Service Commissioner Unexpired 4-Year Term,,REP,write-in,50
Cass,Publication of Davenport City Minutes Davenport,,,No,6
Cass,Publication of Davenport City Minutes Davenport,,,Yes,31
Cass,Publication of Minutes Fargo School District #1,,,No,1648
Cass,Publication of Minutes Fargo School District #1,,,Yes,11839
Cass,Publication of Minutes Horace,,,No,55
Cass,Publication of Minutes Horace,,,Yes,373
Cass,Publication of Minutes West Fargo School Dist #6,,,No,433
Cass,Publication of Minutes West Fargo School Dist #6,,,Yes,3870
Cass,School Board Member - Area 2 Northern Cass School Dist #97,,,Todd Olson,313
Cass,School Board Member - Area 2 Northern Cass School Dist #97,,,write-in,0
Cass,School Board Member - Area 3 Northern Cass School Dist #97,,,Jamie Winterquist,136
Cass,School Board Member - Area 3 Northern Cass School Dist #97,,,Paul Nelson,44
Cass,School Board Member - Area 3 Northern Cass School Dist #97,,,Sean Jalbert,166
Cass,School Board Member - Area 3 Northern Cass School Dist #97,,,write-in,0
Cass,School Board Member - Area 7 Northern Cass School Dist #97,,,Christopher Murch,183
Cass,School Board Member - Area 7 Northern Cass School Dist #97,,,Elizabeth Bjerke,85
Cass,School Board Member - Area 7 Northern Cass School Dist #97,,,Heather Brandt,69
Cass,School Board Member - Area 7 Northern Cass School Dist #97,,,write-in,0
Cass,School Board Member - City Central Cass School #17,,,David Glennon,479
Cass,School Board Member - City Central Cass School #17,,,write-in,9
Cass,School Board Member - Mayville City Mayport CG School Dist #14,,,Mitchell Wade Krueger,0
Cass,School Board Member - Mayville City Mayport CG School Dist #14,,,write-in,0
Cass,School Board Member - Portland City Mayport CG School Dist #14,,,Marlana Knudson,0
Cass,School Board Member - Portland City Mayport CG School Dist #14,,,write-in,0
Cass,School Board Member - Rural At-Large Central Cass School #17,,,Todd Sears,478
Cass,School Board Member - Rural At-Large Central Cass School #17,,,write-in,9
Cass,School Board Member - Rural Portland Mayport CG School Dist #14,,,write-in,0
Cass,School Board Member Fargo School District #1,,,Alexis Scott,3364
Cass,School Board Member Fargo School District #1,,,Allie Ollenburger,3726
Cass,School Board Member Fargo School District #1,,,Brian Nelson,2141
Cass,School Board Member Fargo School District #1,,,David Paulson,3747
Cass,School Board Member Fargo School District #1,,,Deven Styczynski,2948
Cass,School Board Member Fargo School District #1,,,Greg Clark,4910
Cass,School Board Member Fargo School District #1,,,Katie Christensen,5325
Cass,School Board Member Fargo School District #1,,,Katie Kelsh,1706
Cass,School Board Member Fargo School District #1,,,Kristin Sharbono,3678
Cass,School Board Member Fargo School District #1,,,Lyn Telford,3328
Cass,School Board Member Fargo School District #1,,,Melissa Burkland,5685
Cass,School Board Member Fargo School District #1,,,Nyamal Dei,4265
Cass,School Board Member Fargo School District #1,,,Rebecca Knutson,4154
Cass,School Board Member Fargo School District #1,,,Robin Nelson,4205
Cass,School Board Member Fargo School District #1,,,Zac Echola,1519
Cass,School Board Member Fargo School District #1,,,write-in,40
Cass,School Board Member Mapleton School Dist #7,,,write-in,32
Cass,School Board Member Unexpired 1-Year Term Central Cass School #17,,,Jayme Steig,471
Cass,School Board Member Unexpired 1-Year Term Central Cass School #17,,,write-in,10
Cass,School Board Member West Fargo School Dist #6,,,Cole Davidson,1381
Cass,School Board Member West Fargo School Dist #6,,,Jessica Jackson,2021
Cass,School Board Member West Fargo School Dist #6,,,Jessica Jones,2031
Cass,School Board Member West Fargo School Dist #6,,,Jim Jonas,2031
Cass,School Board Member West Fargo School Dist #6,,,Jon Erickson,1750
Cass,School Board Member West Fargo School Dist #6,,,Mark Staples,1661
Cass,School Board Member West Fargo School Dist #6,,,Scott Daniel Kasprick,1056
Cass,School Board Member West Fargo School Dist #6,,,write-in,58
Cass,Secretary of State,,DEM,Jeffrey Powell,7306
Cass,Secretary of State,,DEM,write-in,10
Cass,Secretary of State,,REP,Marvin Lepp,2267
Cass,Secretary of State,,REP,Michael Howe,7101
Cass,Secretary of State,,REP,write-in,41
Cass,State House,11,DEM,Gretchen Dobervich,921
Cass,State House,11,DEM,Liz Conmy,896
Cass,State House,11,DEM,write-in,2
Cass,State House,11,REP,Brad Leeser,743
Cass,State House,11,REP,Carter Eisinger,737
Cass,State House,11,REP,write-in,9
Cass,State House,13,DEM,write-in,36
Cass,State House,13,REP,Austen Schauer,604
Cass,State House,13,REP,Jim Jonas,539
Cass,State House,13,REP,write-in,20
Cass,State House,21,DEM,LaurieBeth Hager,626
Cass,State House,21,DEM,Mary Schneider,733
Cass,State House,21,DEM,write-in,1
Cass,State House,21,REP,write-in,50
Cass,State House,27,DEM,Ruth Anna Buffalo,476
Cass,State House,27,DEM,Thomas R Casler,344
Cass,State House,27,DEM,write-in,0
Cass,State House,27,REP,Greg Stemen,692
Cass,State House,27,REP,Josh Christy,686
Cass,State House,27,REP,write-in,2
Cass,State House,41,DEM,Lillian Jones,672
Cass,State House,41,DEM,Megan Edwardson,683
Cass,State House,41,DEM,write-in,2
Cass,State House,41,REP,Jorin James Johnson,943
Cass,State House,41,REP,Michelle Strinden,1225
Cass,State House,41,REP,write-in,16
Cass,State House,45,DEM,write-in,74
Cass,State House,45,REP,Carrie McLeod,927
Cass,State House,45,REP,Scott Wagner,1082
Cass,State House,45,REP,write-in,13
Cass,State House Unexpired 2-Year Term,10,DEM,Damian Ridl,318
Cass,State House Unexpired 2-Year Term,10,DEM,Hamida Dakane,440
Cass,State House Unexpired 2-Year Term,10,DEM,write-in,1
Cass,State House Unexpired 2-Year Term,10,REP,Steve Swiontek,474
Cass,State House Unexpired 2-Year Term,10,REP,write-in,13
Cass,State House Unexpired 2-Year Term,44,DEM,Joshua A. Boschee,979
Cass,State House Unexpired 2-Year Term,44,DEM,Karla Rose Hanson,971
Cass,State House Unexpired 2-Year Term,44,DEM,write-in,6
Cass,State House Unexpired 2-Year Term,44,REP,Gwendorlene Chea Altenburg,744
Cass,State House Unexpired 2-Year Term,44,REP,write-in,15
Cass,State Senate,11,DEM,Tim Mathern,1097
Cass,State Senate,11,DEM,write-in,2
Cass,State Senate,11,REP,write-in,86
Cass,State Senate,13,DEM,write-in,36
Cass,State Senate,13,REP,Judy Lee,648
Cass,State Senate,13,REP,write-in,21
Cass,State Senate,21,DEM,Kathy Hogan,793
Cass,State Senate,21,DEM,write-in,2
Cass,State Senate,21,REP,William Kloubec,522
Cass,State Senate,21,REP,write-in,1
Cass,State Senate,27,DEM,Sonja Kaye,499
Cass,State Senate,27,DEM,write-in,0
Cass,State Senate,27,REP,Kristin Roers,821
Cass,State Senate,27,REP,write-in,10
Cass,State Senate,41,DEM,write-in,73
Cass,State Senate,41,REP,Kyle Davison,1318
Cass,State Senate,41,REP,write-in,11
Cass,State Senate,45,DEM,write-in,63
Cass,State Senate,45,REP,Ronald G Sorvaag,1233
Cass,State Senate,45,REP,write-in,5
Cass,State Senate Unexpired 2-Year Term,10,DEM,Ryan Braunberger,480
Cass,State Senate Unexpired 2-Year Term,10,DEM,write-in,1
Cass,State Senate Unexpired 2-Year Term,10,REP,Curtis Olafson,466
Cass,State Senate Unexpired 2-Year Term,10,REP,write-in,3
Cass,State Senate Unexpired 2-Year Term,44,DEM,Merrill Piepkorn,1058
Cass,State Senate Unexpired 2-Year Term,44,DEM,write-in,3
Cass,State Senate Unexpired 2-Year Term,44,REP,Bjorn G Altenburg,755
Cass,State Senate Unexpired 2-Year Term,44,REP,write-in,5
Cass,Tax Commissioner,,DEM,write-in,595
Cass,Tax Commissioner,,REP,Brian Kroshus,9693
Cass,Tax Commissioner,,REP,write-in,40
Cass,Term Limits Ordinance Fargo,,,No,2975
Cass,Term Limits Ordinance Fargo,,,Yes,12157
Cass,U.S. House,1,DEM,Mark Haugen,7384
Cass,U.S. House,1,DEM,write-in,19
Cass,U.S. House,1,REP,Kelly Armstrong,10064
Cass,U.S. House,1,REP,write-in,141
Cass,U.S. Senate,,DEM,Katrina Christiansen,6191
Cass,U.S. Senate,,DEM,Michael J Steele,1499
Cass,U.S. Senate,,DEM,write-in,11
Cass,U.S. Senate,,REP,John Hoeven,8976
Cass,U.S. Senate,,REP,Riley Kuntz,2036
Cass,U.S. Senate,,REP,write-in,68
Cavalier,Agriculture Commissioner,,DEM,Fintan L Dooley,137
Cavalier,Agriculture Commissioner,,DEM,write-in,0
Cavalier,Agriculture Commissioner,,REP,Doug Goehring,772
Cavalier,Agriculture Commissioner,,REP,write-in,0
Cavalier,Attorney General,,DEM,Timothy Charles Lamb,141
Cavalier,Attorney General,,DEM,write-in,0
Cavalier,Attorney General,,REP,Drew Wrigley,761
Cavalier,Attorney General,,REP,write-in,1
Cavalier,Commission President Langdon,,,Jerry Nowatzki,386
Cavalier,Commission President Langdon,,,write-in,16
Cavalier,Commissioner Langdon,,,Cody Schlittenhard,352
Cavalier,Commissioner Langdon,,,James Rademacher,318
Cavalier,Commissioner Langdon,,,Susan Fay Crockett,165
Cavalier,Commissioner Langdon,,,write-in,16
Cavalier,County Auditor Cavalier,,,Lisa Gellner,913
Cavalier,County Auditor Cavalier,,,write-in,6
Cavalier,County Commissioner at Large Cavalier,,,Austin Lafrenz,680
Cavalier,County Commissioner at Large Cavalier,,,Mark Schneider,329
Cavalier,County Commissioner at Large Cavalier,,,Nick Moser,662
Cavalier,County Commissioner at Large Cavalier,,,Stanley J Dick,632
Cavalier,County Commissioner at Large Cavalier,,,Steve Thielbar,351
Cavalier,County Commissioner at Large Cavalier,,,write-in,21
Cavalier,County Official Newspaper Cavalier,,,The Walsh County Record,612
Cavalier,County Recorder Cavalier,,,Vicki Kubat,926
Cavalier,County Recorder Cavalier,,,write-in,1
Cavalier,County Sheriff Cavalier,,,Greg Fetsch,899
Cavalier,County Sheriff Cavalier,,,write-in,33
Cavalier,County State's Attorney Cavalier,,,Angelo Mondragon,821
Cavalier,County State's Attorney Cavalier,,,write-in,12
Cavalier,County Treasurer Cavalier,,,Cynthia Stremick,903
Cavalier,County Treasurer Cavalier,,,write-in,2
Cavalier,Judge of the District Court No. 1 Northeast,,,Lonnie Olson,823
Cavalier,Judge of the District Court No. 1 Northeast,,,write-in,9
Cavalier,Justice of the Supreme Court,,,Daniel J Crothers,819
Cavalier,Justice of the Supreme Court,,,write-in,5
Cavalier,Park Board Member Langdon Park,,,Dawn Christianson,389
Cavalier,Park Board Member Langdon Park,,,Kade Pengilly,398
Cavalier,Park Board Member Langdon Park,,,write-in,4
Cavalier,Park Board Member Unexpired 2-Year Term Langdon Park,,,Jordan Braunberger,421
Cavalier,Park Board Member Unexpired 2-Year Term Langdon Park,,,write-in,0
Cavalier,Public Service Commissioner,,DEM,Melanie Moniz,135
Cavalier,Public Service Commissioner,,DEM,write-in,1
Cavalier,Public Service Commissioner,,REP,Julie Fedorchak,719
Cavalier,Public Service Commissioner,,REP,write-in,3
Cavalier,Public Service Commissioner Unexpired 4-Year Term,,DEM,Trygve Hammer,134
Cavalier,Public Service Commissioner Unexpired 4-Year Term,,DEM,write-in,0
Cavalier,Public Service Commissioner Unexpired 4-Year Term,,REP,Sheri Haugen-Hoffart,719
Cavalier,Public Service Commissioner Unexpired 4-Year Term,,REP,write-in,0
Cavalier,Road & Bridge Levy 10 - Cavalier,,,No,252
Cavalier,Road & Bridge Levy 10 - Cavalier,,,Yes,772
Cavalier,Secretary of State,,DEM,Jeffrey Powell,139
Cavalier,Secretary of State,,DEM,write-in,0
Cavalier,Secretary of State,,REP,Marvin Lepp,183
Cavalier,Secretary of State,,REP,Michael Howe,511
Cavalier,Secretary of State,,REP,write-in,0
Cavalier,State House,19,DEM,Jill Hipsher,15
Cavalier,State House,19,DEM,Lynnell Popowski,15
Cavalier,State House,19,DEM,write-in,0
Cavalier,State House,19,REP,Alex Bata,59
Cavalier,State House,19,REP,David Monson,91
Cavalier,State House,19,REP,Karen A Anderson,26
Cavalier,State House,19,REP,Paul Stremick,32
Cavalier,State House,19,REP,write-in,0
Cavalier,State House,9b,DEM,Marvin E Nelson,120
Cavalier,State House,9b,DEM,write-in,0
Cavalier,State House,9b,REP,Chuck Damschen,398
Cavalier,State House,9b,REP,Donna Henderson,374
Cavalier,State House,9b,REP,write-in,1
Cavalier,State Senate,19,DEM,Travis Hipsher,22
Cavalier,State Senate,19,DEM,write-in,0
Cavalier,State Senate,19,REP,Janne Myrdal,102
Cavalier,State Senate,19,REP,write-in,0
Cavalier,State Senate,9,DEM,Loann Jerome,50
Cavalier,State Senate,9,DEM,Richard Marcellais,66
Cavalier,State Senate,9,DEM,write-in,0
Cavalier,State Senate,9,REP,Kent Weston,673
Cavalier,State Senate,9,REP,write-in,4
Cavalier,Tax Commissioner,,DEM,write-in,8
Cavalier,Tax Commissioner,,REP,Brian Kroshus,718
Cavalier,Tax Commissioner,,REP,write-in,2
Cavalier,U.S. House,1,DEM,Mark Haugen,138
Cavalier,U.S. House,1,DEM,write-in,0
Cavalier,U.S. House,1,REP,Kelly Armstrong,788
Cavalier,U.S. House,1,REP,write-in,5
Cavalier,U.S. Senate,,DEM,Katrina Christiansen,91
Cavalier,U.S. Senate,,DEM,Michael J Steele,51
Cavalier,U.S. Senate,,DEM,write-in,0
Cavalier,U.S. Senate,,REP,John Hoeven,731
Cavalier,U.S. Senate,,REP,Riley Kuntz,149
Cavalier,U.S. Senate,,REP,write-in,1
Dickey,Agriculture Commissioner,,DEM,Fintan L Dooley,99
Dickey,Agriculture Commissioner,,DEM,write-in,0
Dickey,Agriculture Commissioner,,REP,Doug Goehring,641
Dickey,Agriculture Commissioner,,REP,write-in,1
Dickey,Attorney General,,DEM,Timothy Charles Lamb,101
Dickey,Attorney General,,DEM,write-in,0
Dickey,Attorney General,,REP,Drew Wrigley,613
Dickey,Attorney General,,REP,write-in,2
Dickey,Council Member Ellendale,,,Bruce Crabtree,170
Dickey,Council Member Ellendale,,,Chris Cheetham,105
Dickey,Council Member Ellendale,,,Jon Langeliers,156
Dickey,Council Member Ellendale,,,Tammy Belgarde,150
Dickey,Council Member Ellendale,,,write-in,1
Dickey,Council Member Forbes,,,Dennis Schrum,13
Dickey,Council Member Forbes,,,Ty Bertsch,12
Dickey,Council Member Forbes,,,write-in,22
Dickey,Council Member Fullerton,,,James Glynn,8
Dickey,Council Member Fullerton,,,Steven Peterson,9
Dickey,Council Member Fullerton,,,write-in,2
Dickey,Council Member Oakes,,,Nicholas Harris,165
Dickey,Council Member Oakes,,,Shannon Day,155
Dickey,Council Member Oakes,,,write-in,54
Dickey,Council Member Unexpired 2-Year Term Oakes,,,write-in,37
Dickey,County Auditor Dickey,,,Wanda Sheppard,737
Dickey,County Auditor Dickey,,,write-in,7
Dickey,County Commissioner Dickey - District 1,,,Ava Brokaw,84
Dickey,County Commissioner Dickey - District 1,,,Gerald Rekow,113
Dickey,County Commissioner Dickey - District 1,,,Joshua Lematta,136
Dickey,County Commissioner Dickey - District 1,,,Kacey Holm,166
Dickey,County Commissioner Dickey - District 1,,,Mancel Brandenburger,73
Dickey,County Commissioner Dickey - District 1,,,Mark Bobbe,77
Dickey,County Commissioner Dickey - District 1,,,NaTanya Olson,137
Dickey,County Commissioner Dickey - District 1,,,write-in,5
Dickey,County Commissioner Dickey - District 3,,,Brandon Carlson,241
Dickey,County Commissioner Dickey - District 3,,,Michelle Mueller,117
Dickey,County Commissioner Dickey - District 3,,,Myron Meyers,113
Dickey,County Commissioner Dickey - District 3,,,Thor W Sand,325
Dickey,County Commissioner Dickey - District 3,,,write-in,0
Dickey,County Commissioner Dickey - District 5,,,John M Hokana,701
Dickey,County Commissioner Dickey - District 5,,,write-in,16
Dickey,County Official Newspaper Dickey,,,Dickey County Leader,717
Dickey,County Recorder Dickey,,,Kelly K Schmidt,740
Dickey,County Recorder Dickey,,,write-in,1
Dickey,County Sheriff Dickey,,,Chris Estes,736
Dickey,County Sheriff Dickey,,,write-in,22
Dickey,County State's Attorney Dickey,,,Kimberly J Radermacher,687
Dickey,County State's Attorney Dickey,,,write-in,13
Dickey,County Treasurer Dickey,,,Wonada Lematta,728
Dickey,County Treasurer Dickey,,,write-in,13
Dickey,Dickey County Measure No. 1 11 - Dickey,,,No,186
Dickey,Dickey County Measure No. 1 11 - Dickey,,,Yes,563
Dickey,Judge of the District Court No. 2 Southeast,,,Leah J Viste,178
Dickey,Judge of the District Court No. 2 Southeast,,,Nick D Thornton,225
Dickey,Judge of the District Court No. 2 Southeast,,,Paul C Murphy,231
Dickey,Judge of the District Court No. 2 Southeast,,,write-in,0
Dickey,Judge of the District Court No. 4 Southeast,,,James D Hovey,660
Dickey,Judge of the District Court No. 4 Southeast,,,write-in,0
Dickey,Judge of the District Court No. 5 Southeast,,,Daniel D Narum,718
Dickey,Judge of the District Court No. 5 Southeast,,,write-in,3
Dickey,Judge of the District Court No. 6 Southeast,,,Jay Schmitz,685
Dickey,Judge of the District Court No. 6 Southeast,,,write-in,1
Dickey,Judge of the District Court No. 7 Southeast,,,Troy J LeFevre,652
Dickey,Judge of the District Court No. 7 Southeast,,,write-in,0
Dickey,Justice of the Supreme Court,,,Daniel J Crothers,682
Dickey,Justice of the Supreme Court,,,write-in,1
Dickey,Mayor Ellendale,,,Donald Flaherty,138
Dickey,Mayor Ellendale,,,Jolene Maunu,97
Dickey,Mayor Ellendale,,,write-in,1
Dickey,Mayor Oakes,,,"Nathan O""Brien",165
Dickey,Mayor Oakes,,,write-in,9
Dickey,Park Board Member Ellendale Park,,,Daryl Monette,221
Dickey,Park Board Member Ellendale Park,,,write-in,19
Dickey,Park Board Member Fullerton Park,,,Blake Peterson,9
Dickey,Park Board Member Fullerton Park,,,Christine Peterson,10
Dickey,Park Board Member Fullerton Park,,,James Glynn,9
Dickey,Park Board Member Fullerton Park,,,write-in,3
Dickey,Park Board Member Oakes Park,,,Jason Paradis,138
Dickey,Park Board Member Oakes Park,,,John Wentworth,152
Dickey,Park Board Member Oakes Park,,,Sara Iverson,163
Dickey,Park Board Member Oakes Park,,,write-in,9
Dickey,Public Service Commissioner,,DEM,Melanie Moniz,100
Dickey,Public Service Commissioner,,DEM,write-in,0
Dickey,Public Service Commissioner,,REP,Julie Fedorchak,610
Dickey,Public Service Commissioner,,REP,write-in,0
Dickey,Public Service Commissioner Unexpired 4-Year Term,,DEM,Trygve Hammer,101
Dickey,Public Service Commissioner Unexpired 4-Year Term,,DEM,write-in,0
Dickey,Public Service Commissioner Unexpired 4-Year Term,,REP,Sheri Haugen-Hoffart,612
Dickey,Public Service Commissioner Unexpired 4-Year Term,,REP,write-in,1
Dickey,Secretary of State,,DEM,Jeffrey Powell,101
Dickey,Secretary of State,,DEM,write-in,0
Dickey,Secretary of State,,REP,Marvin Lepp,191
Dickey,Secretary of State,,REP,Michael Howe,395
Dickey,Secretary of State,,REP,write-in,0
Dickey,State House Unexpired 2-Year Term,28,DEM,Sharon Ulmer,101
Dickey,State House Unexpired 2-Year Term,28,DEM,write-in,0
Dickey,State House Unexpired 2-Year Term,28,REP,Darcy A Meier,210
Dickey,State House Unexpired 2-Year Term,28,REP,Jim Grueneich,401
Dickey,State House Unexpired 2-Year Term,28,REP,Josh Loegering,228
Dickey,State House Unexpired 2-Year Term,28,REP,Mike Brandenburg,420
Dickey,State House Unexpired 2-Year Term,28,REP,Sam Leppert,52
Dickey,State House Unexpired 2-Year Term,28,REP,write-in,0
Dickey,State Senate Unexpired 2-Year Term,28,DEM,write-in,6
Dickey,State Senate Unexpired 2-Year Term,28,REP,Robert (Bob) Erbele,442
Dickey,State Senate Unexpired 2-Year Term,28,REP,Sebastian (Seabass) Ertelt,248
Dickey,State Senate Unexpired 2-Year Term,28,REP,write-in,0
Dickey,Tax Commissioner,,DEM,write-in,5
Dickey,Tax Commissioner,,REP,Brian Kroshus,622
Dickey,Tax Commissioner,,REP,write-in,0
Dickey,U.S. House,1,DEM,Mark Haugen,104
Dickey,U.S. House,1,DEM,write-in,0
Dickey,U.S. House,1,REP,Kelly Armstrong,627
Dickey,U.S. House,1,REP,write-in,2
Dickey,U.S. Senate,,DEM,Katrina Christiansen,70
Dickey,U.S. Senate,,DEM,Michael J Steele,32
Dickey,U.S. Senate,,DEM,write-in,0
Dickey,U.S. Senate,,REP,John Hoeven,542
Dickey,U.S. Senate,,REP,Riley Kuntz,147
Dickey,U.S. Senate,,REP,write-in,4
Divide,Agriculture Commissioner,,DEM,Fintan L Dooley,109
Divide,Agriculture Commissioner,,DEM,write-in,1
Divide,Agriculture Commissioner,,REP,Doug Goehring,551
Divide,Agriculture Commissioner,,REP,write-in,0
Divide,Attorney General,,DEM,Timothy Charles Lamb,112
Divide,Attorney General,,DEM,write-in,0
Divide,Attorney General,,REP,Drew Wrigley,535
Divide,Attorney General,,REP,write-in,0
Divide,Council Member Crosby,,,Brian Lund,254
Divide,Council Member Crosby,,,Carissa Smith,142
Divide,Council Member Crosby,,,Doug Anderson,182
Divide,Council Member Crosby,,,Greg Miller,159
Divide,Council Member Crosby,,,Jason Freeman,116
Divide,Council Member Crosby,,,Jerry King,210
Divide,Council Member Crosby,,,write-in,3
Divide,Council Member Unexpired 2-Year Term Crosby,,,Don Anderson,190
Divide,Council Member Unexpired 2-Year Term Crosby,,,Marzell Trussell,190
Divide,Council Member Unexpired 2-Year Term Crosby,,,write-in,1
Divide,County Auditor/Treasurer Divide,,,Gayle Jastrzebski,671
Divide,County Auditor/Treasurer Divide,,,write-in,5
Divide,County Commissioner Divide - District 1,,,Chuck Dhuyvetter,295
Divide,County Commissioner Divide - District 1,,,Isaac Jacobs,421
Divide,County Commissioner Divide - District 1,,,write-in,1
Divide,County Commissioner Divide - District 3,,,Gracia Gilbertson,249
Divide,County Commissioner Divide - District 3,,,Mike Hattel,147
Divide,County Commissioner Divide - District 3,,,R. A. Eriksmoen,332
Divide,County Commissioner Divide - District 3,,,write-in,1
Divide,County Official Newspaper Divide,,,The Journal,447
Divide,County Recorder Divide,,,Chrissy Running,686
Divide,County Recorder Divide,,,write-in,0
Divide,County Sheriff Divide,,,Lauren Throntveit,114
Divide,County Sheriff Divide,,,Shawn Holm,214
Divide,County Sheriff Divide,,,Zachary Schroeder,414
Divide,County Sheriff Divide,,,write-in,1
Divide,County State's Attorney Divide,,,Liz Pendlay,349
Divide,County State's Attorney Divide,,,Seymour Jordan,381
Divide,County State's Attorney Divide,,,write-in,1
Divide,Extension Agent Services 12 - Divide,,,No,138
Divide,Extension Agent Services 12 - Divide,,,Yes,576
Divide,"Jobs Development, Jobs Retention, Capital Expenses Crosby",,,No,99
Divide,"Jobs Development, Jobs Retention, Capital Expenses Crosby",,,Yes,277
Divide,Judge of the District Court No. 1 Northwest,,,Josh B Rustad,638
Divide,Judge of the District Court No. 1 Northwest,,,write-in,0
Divide,Judge of the District Court No. 5 Northwest,,,Daniel S El-Dweek,611
Divide,Judge of the District Court No. 5 Northwest,,,write-in,2
Divide,Judge of the District Court No. 6 Northwest,,,Kirsten M Sjue,620
Divide,Judge of the District Court No. 6 Northwest,,,write-in,1
Divide,Justice of the Supreme Court,,,Daniel J Crothers,621
Divide,Justice of the Supreme Court,,,write-in,1
Divide,Mayor Crosby,,,Bert Anderson,145
Divide,Mayor Crosby,,,Leslie Bakken,55
Divide,Mayor Crosby,,,write-in,180
Divide,Park Board Member Crosby Park,,,Kenny Thomas,344
Divide,Park Board Member Crosby Park,,,write-in,76
Divide,Public Service Commissioner,,DEM,Melanie Moniz,112
Divide,Public Service Commissioner,,DEM,write-in,0
Divide,Public Service Commissioner,,REP,Julie Fedorchak,524
Divide,Public Service Commissioner,,REP,write-in,0
Divide,Public Service Commissioner Unexpired 4-Year Term,,DEM,Trygve Hammer,110
Divide,Public Service Commissioner Unexpired 4-Year Term,,DEM,write-in,0
Divide,Public Service Commissioner Unexpired 4-Year Term,,REP,Sheri Haugen-Hoffart,519
Divide,Public Service Commissioner Unexpired 4-Year Term,,REP,write-in,0
Divide,Road & Bridge Levy 12 - Divide,,,No,117
Divide,Road & Bridge Levy 12 - Divide,,,Yes,593
Divide,Secretary of State,,DEM,Jeffrey Powell,109
Divide,Secretary of State,,DEM,write-in,0
Divide,Secretary of State,,REP,Marvin Lepp,136
Divide,Secretary of State,,REP,Michael Howe,369
Divide,Secretary of State,,REP,write-in,0
Divide,St Luke's Hospital Crosby,,,No,93
Divide,St Luke's Hospital Crosby,,,Yes,286
Divide,Tax Commissioner,,DEM,write-in,3
Divide,Tax Commissioner,,REP,Brian Kroshus,541
Divide,Tax Commissioner,,REP,write-in,0
Divide,U.S. House,1,DEM,Mark Haugen,111
Divide,U.S. House,1,DEM,write-in,0
Divide,U.S. House,1,REP,Kelly Armstrong,550
Divide,U.S. House,1,REP,write-in,0
Divide,U.S. Senate,,DEM,Katrina Christiansen,82
Divide,U.S. Senate,,DEM,Michael J Steele,30
Divide,U.S. Senate,,DEM,write-in,0
Divide,U.S. Senate,,REP,John Hoeven,470
Divide,U.S. Senate,,REP,Riley Kuntz,116
Divide,U.S. Senate,,REP,write-in,2
Dunn,Agriculture Commissioner,,DEM,Fintan L Dooley,100
Dunn,Agriculture Commissioner,,DEM,write-in,0
Dunn,Agriculture Commissioner,,REP,Doug Goehring,868
Dunn,Agriculture Commissioner,,REP,write-in,2
Dunn,Attorney General,,DEM,Timothy Charles Lamb,98
Dunn,Attorney General,,DEM,write-in,0
Dunn,Attorney General,,REP,Drew Wrigley,834
Dunn,Attorney General,,REP,write-in,6
Dunn,Commission President Killdeer,,,Joel Spethman,159
Dunn,Commission President Killdeer,,,Kevin Candrian,66
Dunn,Commission President Killdeer,,,write-in,6
Dunn,Commissioner Halliday,,,Dean Huhta,16
Dunn,Commissioner Halliday,,,Jaimie Cronje,43
Dunn,Commissioner Halliday,,,Janet Wanek,39
Dunn,Commissioner Halliday,,,write-in,2
Dunn,Commissioner Killdeer,,,Logan Wallace,206
Dunn,Commissioner Killdeer,,,write-in,45
Dunn,Commissioner Unexpired 2-Year Term Killdeer,,,Joseph Hurt,123
Dunn,Commissioner Unexpired 2-Year Term Killdeer,,,Ryan Schleppenbach,101
Dunn,Commissioner Unexpired 2-Year Term Killdeer,,,write-in,4
Dunn,Council Member Dodge,,,Brenda Acosta,25
Dunn,Council Member Dodge,,,Eugene Duttenhefer,22
Dunn,Council Member Dodge,,,Kelly Wolff,32
Dunn,Council Member Dodge,,,write-in,0
Dunn,Council Member Dunn Center,,,Colton Medley,46
Dunn,Council Member Dunn Center,,,Sadie Papa,16
Dunn,Council Member Dunn Center,,,Shasta Blackford,33
Dunn,Council Member Dunn Center,,,write-in,12
Dunn,County Auditor/Treasurer Dunn,,,Jason North,248
Dunn,County Auditor/Treasurer Dunn,,,Jessica (Gunwall) Kirchoffner,752
Dunn,County Auditor/Treasurer Dunn,,,write-in,4
Dunn,County Commissioner at Large Dunn,,,Craig Pelton,556
Dunn,County Commissioner at Large Dunn,,,Dave Olson,382
Dunn,County Commissioner at Large Dunn,,,JoAnn Marsh,439
Dunn,County Commissioner at Large Dunn,,,Julie Karey,302
Dunn,County Commissioner at Large Dunn,,,Robert H Kleemann,407
Dunn,County Commissioner at Large Dunn,,,Tim R Steffan,413
Dunn,County Commissioner at Large Dunn,,,Tracey Dolezal,578
Dunn,County Commissioner at Large Dunn,,,write-in,14
Dunn,County Official Newspaper Dunn,,,The Beacon,537
Dunn,County Official Newspaper Dunn,,,The Dickinson Press,529
Dunn,County Recorder/Clerk of District Court Dunn,,,Lisa A Guenther,963
Dunn,County Recorder/Clerk of District Court Dunn,,,write-in,9
Dunn,County Sheriff Dunn,,,Eric Braathen,158
Dunn,County Sheriff Dunn,,,Gary Kuhn,572
Dunn,County Sheriff Dunn,,,Ron McCloud,359
Dunn,County Sheriff Dunn,,,write-in,4
Dunn,County State's Attorney Dunn,,,Christina Kissinger,574
Dunn,County State's Attorney Dunn,,,Stephenie Davis,395
Dunn,County State's Attorney Dunn,,,write-in,2
Dunn,Judge of the District Court No. 2 Southwest,,,William A Herauf,932
Dunn,Judge of the District Court No. 2 Southwest,,,write-in,2
Dunn,Judge of the District Court No. 4 Southwest,,,Rhonda R Ehlis,910
Dunn,Judge of the District Court No. 4 Southwest,,,write-in,1
Dunn,Justice of the Supreme Court,,,Daniel J Crothers,901
Dunn,Justice of the Supreme Court,,,write-in,4
Dunn,Mayor Dodge,,,Brad Duttenhefer,17
Dunn,Mayor Dodge,,,Kendall Joki,26
Dunn,Mayor Dodge,,,write-in,0
Dunn,Park Board Commissioner Halliday Park,,,Darrel Gegelmann,41
Dunn,Park Board Commissioner Halliday Park,,,Nathaniel Kindrix,42
Dunn,Park Board Commissioner Halliday Park,,,write-in,2
Dunn,Park Board Member Dodge Park,,,Jarrett Jones,15
Dunn,Park Board Member Dodge Park,,,Svea Lizor,29
Dunn,Park Board Member Dodge Park,,,Tarri Joki,32
Dunn,Park Board Member Dodge Park,,,write-in,0
Dunn,Park Board Member Killdeer Park,,,write-in,92
Dunn,Public Service Commissioner,,DEM,Melanie Moniz,102
Dunn,Public Service Commissioner,,DEM,write-in,0
Dunn,Public Service Commissioner,,REP,Julie Fedorchak,844
Dunn,Public Service Commissioner,,REP,write-in,3
Dunn,Public Service Commissioner Unexpired 4-Year Term,,DEM,Trygve Hammer,101
Dunn,Public Service Commissioner Unexpired 4-Year Term,,DEM,write-in,0
Dunn,Public Service Commissioner Unexpired 4-Year Term,,REP,Sheri Haugen-Hoffart,819
Dunn,Public Service Commissioner Unexpired 4-Year Term,,REP,write-in,2
Dunn,School Board Member Beulah School,,,Autumn Serna,21
Dunn,School Board Member Beulah School,,,Douglas Moore,42
Dunn,School Board Member Beulah School,,,Kory McGraw,33
Dunn,School Board Member Beulah School,,,write-in,0
Dunn,School Board Member Dickinson School,,,Dustin Anderson,45
Dunn,School Board Member Dickinson School,,,Jason Rodakowski,72
Dunn,School Board Member Dickinson School,,,Kimberly L. Schwartz,67
Dunn,School Board Member Dickinson School,,,Michelle Orton,54
Dunn,School Board Member Dickinson School,,,write-in,0
Dunn,School Board Member Killdeer School,,,Scott Bice,489
Dunn,School Board Member Killdeer School,,,write-in,38
Dunn,School Board Member Richardton/Taylor School,,,Damian Paulson,16
Dunn,School Board Member Richardton/Taylor School,,,Duane Zent,19
Dunn,School Board Member Richardton/Taylor School,,,Jessica Olson,25
Dunn,School Board Member Richardton/Taylor School,,,Jessica Rixen,14
Dunn,School Board Member Richardton/Taylor School,,,Jody Hoff,22
Dunn,School Board Member Richardton/Taylor School,,,write-in,0
Dunn,School Board Member South Heart School,,,Jarrod M. Steffan,29
Dunn,School Board Member South Heart School,,,Joshua Wagner,9
Dunn,School Board Member South Heart School,,,Kammy Tschetter,8
Dunn,School Board Member South Heart School,,,Lynae Harper (Rambousek),23
Dunn,School Board Member South Heart School,,,Mason Eberts,30
Dunn,School Board Member South Heart School,,,write-in,1
Dunn,School Board Member at Large Killdeer School,,,Larry Lundberg,484
Dunn,School Board Member at Large Killdeer School,,,write-in,38
Dunn,Secretary of State,,DEM,Jeffrey Powell,101
Dunn,Secretary of State,,DEM,write-in,0
Dunn,Secretary of State,,REP,Marvin Lepp,287
Dunn,Secretary of State,,REP,Michael Howe,547
Dunn,Secretary of State,,REP,write-in,1
Dunn,South Heart School District Publication of Minutes South Heart School,,,No,3
Dunn,South Heart School District Publication of Minutes South Heart School,,,Yes,37
Dunn,State House,39,DEM,write-in,0
Dunn,State House,39,REP,John Pretzer,26
Dunn,State House,39,REP,Keith Kempenich,56
Dunn,State House,39,REP,Lyn James,36
Dunn,State House,39,REP,Mike Schatz,130
Dunn,State House,39,REP,Thea Lee,71
Dunn,State House,39,REP,write-in,0
Dunn,State House Unexpired 2-Year Term,26,DEM,write-in,0
Dunn,State House Unexpired 2-Year Term,26,REP,Jeremy Olson,597
Dunn,State House Unexpired 2-Year Term,26,REP,Kelby Timmons,531
Dunn,State House Unexpired 2-Year Term,26,REP,write-in,6
Dunn,State House Unexpired 2-Year Term,36,DEM,write-in,0
Dunn,State House Unexpired 2-Year Term,36,REP,Dori Hauck,9
Dunn,State House Unexpired 2-Year Term,36,REP,Gary Kreidt,4
Dunn,State House Unexpired 2-Year Term,36,REP,write-in,0
Dunn,State House Unexpired 2-Year Term,4a,DEM,Lisa Finley-DeVille,21
Dunn,State House Unexpired 2-Year Term,4a,DEM,Thomasina Mandan,9
Dunn,State House Unexpired 2-Year Term,4a,DEM,write-in,0
Dunn,State House Unexpired 2-Year Term,4a,REP,Terry Burton Jones,11
Dunn,State House Unexpired 2-Year Term,4a,REP,write-in,0
Dunn,State Senate,39,DEM,write-in,0
Dunn,State Senate,39,REP,Andrew Gene Kordonowy,91
Dunn,State Senate,39,REP,Greg Kessel,76
Dunn,State Senate,39,REP,write-in,0
Dunn,State Senate Unexpired 2-Year Term,26,DEM,write-in,2
Dunn,State Senate Unexpired 2-Year Term,26,REP,Dale Patten,662
Dunn,State Senate Unexpired 2-Year Term,26,REP,write-in,5
Dunn,State Senate Unexpired 2-Year Term,36,DEM,write-in,0
Dunn,State Senate Unexpired 2-Year Term,36,REP,Jay Elkin,8
Dunn,State Senate Unexpired 2-Year Term,36,REP,write-in,0
Dunn,Tax Commissioner,,DEM,write-in,3
Dunn,Tax Commissioner,,REP,Brian Kroshus,827
Dunn,Tax Commissioner,,REP,write-in,2
Dunn,U.S. House,1,DEM,Mark Haugen,103
Dunn,U.S. House,1,DEM,write-in,0
Dunn,U.S. House,1,REP,Kelly Armstrong,885
Dunn,U.S. House,1,REP,write-in,7
Dunn,U.S. Senate,,DEM,Katrina Christiansen,73
Dunn,U.S. Senate,,DEM,Michael J Steele,32
Dunn,U.S. Senate,,DEM,write-in,0
Dunn,U.S. Senate,,REP,John Hoeven,669
Dunn,U.S. Senate,,REP,Riley Kuntz,267
Dunn,U.S. Senate,,REP,write-in,6
Eddy,Agriculture Commissioner,,DEM,Fintan L Dooley,117
Eddy,Agriculture Commissioner,,DEM,write-in,0
Eddy,Agriculture Commissioner,,REP,Doug Goehring,381
Eddy,Agriculture Commissioner,,REP,write-in,2
Eddy,Attorney General,,DEM,Timothy Charles Lamb,121
Eddy,Attorney General,,DEM,write-in,0
Eddy,Attorney General,,REP,Drew Wrigley,379
Eddy,Attorney General,,REP,write-in,1
Eddy,Commissioner New Rockford,,,James Belquist,246
Eddy,Commissioner New Rockford,,,write-in,57
Eddy,County Auditor Eddy,,,Patty Williams,530
Eddy,County Auditor Eddy,,,write-in,1
Eddy,County Commissioner Eddy - Districts At-Large,,,Brady Richter,144
Eddy,County Commissioner Eddy - Districts At-Large,,,Dale Rosenberg,196
Eddy,County Commissioner Eddy - Districts At-Large,,,Dave Gehrtz,238
Eddy,County Commissioner Eddy - Districts At-Large,,,James Allmaras,354
Eddy,County Commissioner Eddy - Districts At-Large,,,Jeff Pfau,153
Eddy,County Commissioner Eddy - Districts At-Large,,,write-in,3
Eddy,County Official Newspaper Eddy,,,New Rockford Transcript,511
Eddy,County Recorder/Clerk of District Court Eddy,,,Tiffany Harr,516
Eddy,County Recorder/Clerk of District Court Eddy,,,write-in,3
Eddy,County Sheriff Eddy,,,Paul Lies,523
Eddy,County Sheriff Eddy,,,write-in,9
Eddy,County State's Attorney Eddy,,,Ashley L. Lies,478
Eddy,County State's Attorney Eddy,,,write-in,24
Eddy,County Treasurer Eddy,,,Kathy Anderson,513
Eddy,County Treasurer Eddy,,,write-in,4
Eddy,Judge of the District Court No. 2 Southeast,,,Leah J Viste,131
Eddy,Judge of the District Court No. 2 Southeast,,,Nick D Thornton,139
Eddy,Judge of the District Court No. 2 Southeast,,,Paul C Murphy,202
Eddy,Judge of the District Court No. 2 Southeast,,,write-in,0
Eddy,Judge of the District Court No. 4 Southeast,,,James D Hovey,501
Eddy,Judge of the District Court No. 4 Southeast,,,write-in,5
Eddy,Judge of the District Court No. 5 Southeast,,,Daniel D Narum,460
Eddy,Judge of the District Court No. 5 Southeast,,,write-in,1
Eddy,Judge of the District Court No. 6 Southeast,,,Jay Schmitz,456
Eddy,Judge of the District Court No. 6 Southeast,,,write-in,1
Eddy,Judge of the District Court No. 7 Southeast,,,Troy J LeFevre,449
Eddy,Judge of the District Court No. 7 Southeast,,,write-in,1
Eddy,Justice of the Supreme Court,,,Daniel J Crothers,466
Eddy,Justice of the Supreme Court,,,write-in,0
Eddy,Park Board Commissioner New Rockford Park,,,Elliott Belquist,254
Eddy,Park Board Commissioner New Rockford Park,,,Jaclyn Engels,257
Eddy,Park Board Commissioner New Rockford Park,,,Reed Weisenburger,267
Eddy,Park Board Commissioner New Rockford Park,,,write-in,4
Eddy,Public Service Commissioner,,DEM,Melanie Moniz,120
Eddy,Public Service Commissioner,,DEM,write-in,0
Eddy,Public Service Commissioner,,REP,Julie Fedorchak,361
Eddy,Public Service Commissioner,,REP,write-in,1
Eddy,Public Service Commissioner Unexpired 4-Year Term,,DEM,Trygve Hammer,121
Eddy,Public Service Commissioner Unexpired 4-Year Term,,DEM,write-in,0
Eddy,Public Service Commissioner Unexpired 4-Year Term,,REP,Sheri Haugen-Hoffart,361
Eddy,Public Service Commissioner Unexpired 4-Year Term,,REP,write-in,1
Eddy,Secretary of State,,DEM,Jeffrey Powell,121
Eddy,Secretary of State,,DEM,write-in,0
Eddy,Secretary of State,,REP,Marvin Lepp,144
Eddy,Secretary of State,,REP,Michael Howe,198
Eddy,Secretary of State,,REP,write-in,0
Eddy,State House,15,DEM,Heather Lawrence-Skadsem,2
Eddy,State House,15,DEM,write-in,0
Eddy,State House,15,REP,Dennis Johnson,21
Eddy,State House,15,REP,Greg Westlind,10
Eddy,State House,15,REP,Kathy Frelich,19
Eddy,State House,15,REP,write-in,0
Eddy,State Senate,15,DEM,Collette Brown,2
Eddy,State Senate,15,DEM,write-in,0
Eddy,State Senate,15,REP,Dave Oehlke,16
Eddy,State Senate,15,REP,Judy Estenson,22
Eddy,State Senate,15,REP,write-in,0
Eddy,Tax Commissioner,,DEM,write-in,12
Eddy,Tax Commissioner,,REP,Brian Kroshus,362
Eddy,Tax Commissioner,,REP,write-in,4
Eddy,U.S. House,1,DEM,Mark Haugen,123
Eddy,U.S. House,1,DEM,write-in,0
Eddy,U.S. House,1,REP,Kelly Armstrong,383
Eddy,U.S. House,1,REP,write-in,1
Eddy,U.S. Senate,,DEM,Katrina Christiansen,74
Eddy,U.S. Senate,,DEM,Michael J Steele,48
Eddy,U.S. Senate,,DEM,write-in,0
Eddy,U.S. Senate,,REP,John Hoeven,316
Eddy,U.S. Senate,,REP,Riley Kuntz,87
Eddy,U.S. Senate,,REP,write-in,3
Emmons,Agriculture Commissioner,,DEM,Fintan L Dooley,32
Emmons,Agriculture Commissioner,,DEM,write-in,0
Emmons,Agriculture Commissioner,,REP,Doug Goehring,848
Emmons,Agriculture Commissioner,,REP,write-in,5
Emmons,Alderperson Hague City,,,write-in,5
Emmons,Alderperson Strasburg City,,,Mark Pearson,90
Emmons,Alderperson Strasburg City,,,Marvin Feist,77
Emmons,Alderperson Strasburg City,,,write-in,21
Emmons,Attorney General,,DEM,Timothy Charles Lamb,32
Emmons,Attorney General,,DEM,write-in,0
Emmons,Attorney General,,REP,Drew Wrigley,817
Emmons,Attorney General,,REP,write-in,4
Emmons,Commission President Hazelton City,,,write-in,27
Emmons,Commissioner Hazelton City,,,Mark Long,41
Emmons,Commissioner Hazelton City,,,Pete Gesellchen,33
Emmons,Commissioner Hazelton City,,,Scott Schiermeister,29
Emmons,Commissioner Hazelton City,,,write-in,6
Emmons,Commissioner Unexpired 2-Year Term Hazelton City,,,Brady Reich,67
Emmons,Commissioner Unexpired 2-Year Term Hazelton City,,,write-in,3
Emmons,Council Member Braddock City,,,Nathan Kron,7
Emmons,Council Member Braddock City,,,write-in,7
Emmons,Council Member Linton City-Ward 1,,,write-in,41
Emmons,Council Member Linton City-Ward 2,,,Wayne Ehley,254
Emmons,Council Member Linton City-Ward 2,,,write-in,3
Emmons,Council Member Linton City-Ward 3,,,write-in,48
Emmons,County Auditor/Treasurer Emmons,,,Marlys Ohlhauser,882
Emmons,County Auditor/Treasurer Emmons,,,write-in,6
Emmons,County Commissioner At Large By District Emmons - District 2,,,Eric Vetter,487
Emmons,County Commissioner At Large By District Emmons - District 2,,,Erin Magrum,476
Emmons,County Commissioner At Large By District Emmons - District 2,,,write-in,1
Emmons,County Commissioner At Large By District Emmons - District 4,,,Dan Materi,533
Emmons,County Commissioner At Large By District Emmons - District 4,,,Leonard Weichel,403
Emmons,County Commissioner At Large By District Emmons - District 4,,,write-in,6
Emmons,County Official Newspaper Emmons,,,Emmons County Record,832
Emmons,County Recorder/Clerk of District Court Emmons,,,Anita Ibach,882
Emmons,County Recorder/Clerk of District Court Emmons,,,write-in,4
Emmons,County Sheriff Emmons,,,Gary Sanders,894
Emmons,County Sheriff Emmons,,,write-in,10
Emmons,County State's Attorney Emmons,,,Joe Hanson,855
Emmons,County State's Attorney Emmons,,,write-in,1
Emmons,Judge of the District Court No. 10 Unexpired 4-Year Term South Central,,,Pamela Nesvig,761
Emmons,Judge of the District Court No. 10 Unexpired 4-Year Term South Central,,,write-in,2
Emmons,Judge of the District Court No. 2 South Central,,,Douglas A Bahr,776
Emmons,Judge of the District Court No. 2 South Central,,,write-in,2
Emmons,Judge of the District Court No. 5 South Central,,,Cynthia M Feland,773
Emmons,Judge of the District Court No. 5 South Central,,,write-in,2
Emmons,Judge of the District Court No. 6 Unexpired 4-Year Term South Central,,,Bobbi Weiler,772
Emmons,Judge of the District Court No. 6 Unexpired 4-Year Term South Central,,,write-in,2
Emmons,Justice of the Supreme Court,,,Daniel J Crothers,771
Emmons,Justice of the Supreme Court,,,write-in,2
Emmons,Mayor Braddock City,,,Theodore Naaden,9
Emmons,Mayor Braddock City,,,write-in,2
Emmons,Mayor Linton City,,,Daniel Imdieke,249
Emmons,Mayor Linton City,,,write-in,13
Emmons,Mayor Strasburg City,,,Ray Nieuwsma,42
Emmons,Mayor Strasburg City,,,Sonya Schumacher,54
Emmons,Mayor Strasburg City,,,write-in,1
Emmons,Measure 1 Braddock City,,,No,4
Emmons,Measure 1 Braddock City,,,Yes,8
Emmons,Municipal Judge Hazelton City,,,Damian Wright,55
Emmons,Municipal Judge Hazelton City,,,write-in,9
Emmons,Municipal Judge Linton City,,,Jay Schmaltz,257
Emmons,Municipal Judge Linton City,,,write-in,2
Emmons,Park Board Member Braddock City Park,,,Del Svalen,11
Emmons,Park Board Member Braddock City Park,,,write-in,0
Emmons,Park Board Member Hazelton City Park,,,write-in,39
Emmons,Park Board Member Linton City Park,,,Shannon Schirado,212
Emmons,Park Board Member Linton City Park,,,Tyler Gross,248
Emmons,Park Board Member Linton City Park,,,write-in,25
Emmons,Park Board Member Strasburg City Park,,,Ashley Hanson,68
Emmons,Park Board Member Strasburg City Park,,,Brian Grove,69
Emmons,Park Board Member Strasburg City Park,,,Clarissa Volk,92
Emmons,Park Board Member Strasburg City Park,,,write-in,6
Emmons,Public Service Commissioner,,DEM,Melanie Moniz,32
Emmons,Public Service Commissioner,,DEM,write-in,0
Emmons,Public Service Commissioner,,REP,Julie Fedorchak,805
Emmons,Public Service Commissioner,,REP,write-in,5
Emmons,Public Service Commissioner Unexpired 4-Year Term,,DEM,Trygve Hammer,32
Emmons,Public Service Commissioner Unexpired 4-Year Term,,DEM,write-in,0
Emmons,Public Service Commissioner Unexpired 4-Year Term,,REP,Sheri Haugen-Hoffart,787
Emmons,Public Service Commissioner Unexpired 4-Year Term,,REP,write-in,1
Emmons,Secretary of State,,DEM,Jeffrey Powell,32
Emmons,Secretary of State,,DEM,write-in,0
Emmons,Secretary of State,,REP,Marvin Lepp,313
Emmons,Secretary of State,,REP,Michael Howe,488
Emmons,Secretary of State,,REP,write-in,1
Emmons,State House Unexpired 2-Year Term,8,DEM,write-in,1
Emmons,State House Unexpired 2-Year Term,8,REP,Brandon Prichard,473
Emmons,State House Unexpired 2-Year Term,8,REP,Mike Berg,389
Emmons,State House Unexpired 2-Year Term,8,REP,Scott McCarthy,306
Emmons,State House Unexpired 2-Year Term,8,REP,SuAnn Olson,497
Emmons,State House Unexpired 2-Year Term,8,REP,write-in,0
Emmons,State Senate Unexpired 2-Year Term,8,DEM,write-in,2
Emmons,State Senate Unexpired 2-Year Term,8,REP,Dave Nehring,364
Emmons,State Senate Unexpired 2-Year Term,8,REP,Jeffery J Magrum,580
Emmons,State Senate Unexpired 2-Year Term,8,REP,write-in,1
Emmons,Tax Commissioner,,DEM,write-in,1
Emmons,Tax Commissioner,,REP,Brian Kroshus,806
Emmons,Tax Commissioner,,REP,write-in,0
Emmons,U.S. House,1,DEM,Mark Haugen,31
Emmons,U.S. House,1,DEM,write-in,0
Emmons,U.S. House,1,REP,Kelly Armstrong,833
Emmons,U.S. House,1,REP,write-in,17
Emmons,U.S. Senate,,DEM,Katrina Christiansen,25
Emmons,U.S. Senate,,DEM,Michael J Steele,7
Emmons,U.S. Senate,,DEM,write-in,0
Emmons,U.S. Senate,,REP,John Hoeven,670
Emmons,U.S. Senate,,REP,Riley Kuntz,247
Emmons,U.S. Senate,,REP,write-in,15
Foster,Agriculture Commissioner,,DEM,Fintan L Dooley,111
Foster,Agriculture Commissioner,,DEM,write-in,0
Foster,Agriculture Commissioner,,REP,Doug Goehring,444
Foster,Agriculture Commissioner,,REP,write-in,1
Foster,Attorney General,,DEM,Timothy Charles Lamb,112
Foster,Attorney General,,DEM,write-in,0
Foster,Attorney General,,REP,Drew Wrigley,432
Foster,Attorney General,,REP,write-in,2
Foster,Council Member Carrington,,,Al Trader,336
Foster,Council Member Carrington,,,write-in,3
Foster,Council Member Carrington-Ward 1,,,Chase Pederson,152
Foster,Council Member Carrington-Ward 1,,,write-in,0
Foster,Council Member Carrington-Ward 2,,,Troy Roundy,182
Foster,Council Member Carrington-Ward 2,,,write-in,1
Foster,Council Member Glenfield,,,Aaron Johnson,8
Foster,Council Member Glenfield,,,Holly Utke,7
Foster,Council Member Glenfield,,,write-in,0
Foster,Council Member Grace City,,,John Cunningham,6
Foster,Council Member Grace City,,,Loren Larson Jr,6
Foster,Council Member Grace City,,,write-in,0
Foster,Council Member McHenry,,,Montana Hoyt,6
Foster,Council Member McHenry,,,Zach Gilbertson,10
Foster,Council Member McHenry,,,write-in,3
Foster,County Auditor Foster,,,write-in,332
Foster,County Commissioner By District Foster - Commissioner District 2,,,Alan Scanson,113
Foster,County Commissioner By District Foster - Commissioner District 2,,,write-in,4
Foster,County Commissioner By District Foster - Commissioner District 4,,,Scott Beumer,114
Foster,County Commissioner By District Foster - Commissioner District 4,,,write-in,0
Foster,County Official Newspaper Foster,,,Foster County Independent,554
Foster,County Recorder Foster,,,Lynelle Lyman Hoppe,555
Foster,County Recorder Foster,,,write-in,12
Foster,County Sheriff Foster,,,Justin Johnson,575
Foster,County Sheriff Foster,,,write-in,4
Foster,County State's Attorney Foster,,,Kara Brinster,536
Foster,County State's Attorney Foster,,,write-in,17
Foster,County Treasurer Foster,,,Dianne Hertel,561
Foster,County Treasurer Foster,,,write-in,7
Foster,Judge of the District Court No. 2 Southeast,,,Leah J Viste,132
Foster,Judge of the District Court No. 2 Southeast,,,Nick D Thornton,197
Foster,Judge of the District Court No. 2 Southeast,,,Paul C Murphy,244
Foster,Judge of the District Court No. 2 Southeast,,,write-in,0
Foster,Judge of the District Court No. 4 Southeast,,,James D Hovey,549
Foster,Judge of the District Court No. 4 Southeast,,,write-in,0
Foster,Judge of the District Court No. 5 Southeast,,,Daniel D Narum,528
Foster,Judge of the District Court No. 5 Southeast,,,write-in,2
Foster,Judge of the District Court No. 6 Southeast,,,Jay Schmitz,526
Foster,Judge of the District Court No. 6 Southeast,,,write-in,2
Foster,Judge of the District Court No. 7 Southeast,,,Troy J LeFevre,522
Foster,Judge of the District Court No. 7 Southeast,,,write-in,3
Foster,Justice of the Supreme Court,,,Daniel J Crothers,526
Foster,Justice of the Supreme Court,,,write-in,3
Foster,Mayor Carrington,,,Jeremy Miller,118
Foster,Mayor Carrington,,,Thomas Erdmann,230
Foster,Mayor Carrington,,,write-in,12
Foster,Municipal Judge Carrington,,,Becky Sue Hagel,315
Foster,Municipal Judge Carrington,,,write-in,8
Foster,Park Board Member Carrington Park,,,Josh Sherman,292
Foster,Park Board Member Carrington Park,,,Randy Hooey,251
Foster,Park Board Member Carrington Park,,,Tonia Erickson,312
Foster,Park Board Member Carrington Park,,,write-in,25
Foster,Park Board Member Grace City Park,,,Cindy Meehan,6
Foster,Park Board Member Grace City Park,,,Katie Larson,6
Foster,Park Board Member Grace City Park,,,write-in,0
Foster,Public Service Commissioner,,DEM,Melanie Moniz,112
Foster,Public Service Commissioner,,DEM,write-in,0
Foster,Public Service Commissioner,,REP,Julie Fedorchak,428
Foster,Public Service Commissioner,,REP,write-in,1
Foster,Public Service Commissioner Unexpired 4-Year Term,,DEM,Trygve Hammer,112
Foster,Public Service Commissioner Unexpired 4-Year Term,,DEM,write-in,0
Foster,Public Service Commissioner Unexpired 4-Year Term,,REP,Sheri Haugen-Hoffart,426
Foster,Public Service Commissioner Unexpired 4-Year Term,,REP,write-in,1
Foster,Secretary of State,,DEM,Jeffrey Powell,113
Foster,Secretary of State,,DEM,write-in,0
Foster,Secretary of State,,REP,Marvin Lepp,134
Foster,Secretary of State,,REP,Michael Howe,259
Foster,Secretary of State,,REP,write-in,1
Foster,State House,29,DEM,Charles Linderman,117
Foster,State House,29,DEM,write-in,2
Foster,State House,29,REP,Craig Headland,392
Foster,State House,29,REP,Don Vigesaa,360
Foster,State House,29,REP,write-in,1
Foster,State Senate,29,DEM,Ben Vig,114
Foster,State Senate,29,DEM,write-in,1
Foster,State Senate,29,REP,Terry M Wanzek,437
Foster,State Senate,29,REP,write-in,4
Foster,Tax Commissioner,,DEM,write-in,10
Foster,Tax Commissioner,,REP,Brian Kroshus,426
Foster,Tax Commissioner,,REP,write-in,2
Foster,U.S. House,1,DEM,Mark Haugen,114
Foster,U.S. House,1,DEM,write-in,1
Foster,U.S. House,1,REP,Kelly Armstrong,428
Foster,U.S. House,1,REP,write-in,1
Foster,U.S. Senate,,DEM,Katrina Christiansen,78
Foster,U.S. Senate,,DEM,Michael J Steele,32
Foster,U.S. Senate,,DEM,write-in,0
Foster,U.S. Senate,,REP,John Hoeven,360
Foster,U.S. Senate,,REP,Riley Kuntz,96
Foster,U.S. Senate,,REP,write-in,0
Golden Valley,Agriculture Commissioner,,DEM,Fintan L Dooley,35
Golden Valley,Agriculture Commissioner,,DEM,write-in,0
Golden Valley,Agriculture Commissioner,,REP,Doug Goehring,447
Golden Valley,Agriculture Commissioner,,REP,write-in,2
Golden Valley,Alderperson Golva,,,Gary Rising,17
Golden Valley,Alderperson Golva,,,Mariah Zachmann,18
Golden Valley,Alderperson Golva,,,write-in,0
Golden Valley,Alderperson Sentinel Butte,,,Denise Dietz,16
Golden Valley,Alderperson Sentinel Butte,,,write-in,9
Golden Valley,Attorney General,,DEM,Timothy Charles Lamb,35
Golden Valley,Attorney General,,DEM,write-in,0
Golden Valley,Attorney General,,REP,Drew Wrigley,419
Golden Valley,Attorney General,,REP,write-in,3
Golden Valley,Beach School District Publication of School Board Governing Body Minutes. Beach School District,,,No,58
Golden Valley,Beach School District Publication of School Board Governing Body Minutes. Beach School District,,,Yes,390
Golden Valley,Council Member Beach,,,Andy Zachmann,243
Golden Valley,Council Member Beach,,,Bev Wolff,169
Golden Valley,Council Member Beach,,,Tim Marman,58
Golden Valley,Council Member Beach,,,write-in,151
Golden Valley,County Ambulance Mill Levy Increase. 17 - Golden Valley,,,No,183
Golden Valley,County Ambulance Mill Levy Increase. 17 - Golden Valley,,,Yes,325
Golden Valley,County Auditor Golden Valley,,,Tamra Sperry,472
Golden Valley,County Auditor Golden Valley,,,write-in,4
Golden Valley,County Commissioner By District Golden Valley - District 1,,,Robert Schmeling,411
Golden Valley,County Commissioner By District Golden Valley - District 1,,,write-in,25
Golden Valley,County Commissioner By District Golden Valley - District 3,,,Paul J Schmitz,210
Golden Valley,County Commissioner By District Golden Valley - District 3,,,Rory Farstveet,302
Golden Valley,County Commissioner By District Golden Valley - District 3,,,write-in,2
Golden Valley,County Official Newspaper Golden Valley,,,Golden Valley News,432
Golden Valley,County Recorder/Clerk of District Court Golden Valley,,,Rachel Keohane,472
Golden Valley,County Recorder/Clerk of District Court Golden Valley,,,write-in,4
Golden Valley,County Sheriff Golden Valley,,,Dey J Muckle,490
Golden Valley,County Sheriff Golden Valley,,,write-in,14
Golden Valley,County Treasurer Golden Valley,,,Candie Loftsgard,304
Golden Valley,County Treasurer Golden Valley,,,Tiffanie Smith,207
Golden Valley,County Treasurer Golden Valley,,,write-in,4
Golden Valley,"Director, Southwest Water Authority Golden Valley",,,write-in,53
Golden Valley,Judge of the District Court No. 2 Southwest,,,William A Herauf,441
Golden Valley,Judge of the District Court No. 2 Southwest,,,write-in,3
Golden Valley,Judge of the District Court No. 4 Southwest,,,Rhonda R Ehlis,442
Golden Valley,Judge of the District Court No. 4 Southwest,,,write-in,4
Golden Valley,Justice of the Supreme Court,,,Daniel J Crothers,429
Golden Valley,Justice of the Supreme Court,,,write-in,3
Golden Valley,Mayor Beach,,,Angelina Marman,68
Golden Valley,Mayor Beach,,,Jeanne Larson,72
Golden Valley,Mayor Beach,,,Walter Losinski,158
Golden Valley,Mayor Beach,,,write-in,1
Golden Valley,Park Board Member Beach City Park,,,Jonathan Dahl,240
Golden Valley,Park Board Member Beach City Park,,,Robin Jandt,256
Golden Valley,Park Board Member Beach City Park,,,write-in,4
Golden Valley,Park Board Member Golva Park Board,,,Alaina Phalen,16
Golden Valley,Park Board Member Golva Park Board,,,Darin Maus,19
Golden Valley,Park Board Member Golva Park Board,,,write-in,4
Golden Valley,Public Service Commissioner,,DEM,Melanie Moniz,35
Golden Valley,Public Service Commissioner,,DEM,write-in,0
Golden Valley,Public Service Commissioner,,REP,Julie Fedorchak,412
Golden Valley,Public Service Commissioner,,REP,write-in,2
Golden Valley,Public Service Commissioner Unexpired 4-Year Term,,DEM,Trygve Hammer,35
Golden Valley,Public Service Commissioner Unexpired 4-Year Term,,DEM,write-in,0
Golden Valley,Public Service Commissioner Unexpired 4-Year Term,,REP,Sheri Haugen-Hoffart,404
Golden Valley,Public Service Commissioner Unexpired 4-Year Term,,REP,write-in,1
Golden Valley,School Board Member Beach School District,,,Mark Lund,247
Golden Valley,School Board Member Beach School District,,,Rachel Keohane,171
Golden Valley,School Board Member Beach School District,,,write-in,1
Golden Valley,School Board Member Lone Tree School District,,,Brad Zook,51
Golden Valley,School Board Member Lone Tree School District,,,Jason Bosserman,58
Golden Valley,School Board Member Lone Tree School District,,,write-in,5
Golden Valley,Secretary of State,,DEM,Jeffrey Powell,35
Golden Valley,Secretary of State,,DEM,write-in,0
Golden Valley,Secretary of State,,REP,Marvin Lepp,125
Golden Valley,Secretary of State,,REP,Michael Howe,283
Golden Valley,Secretary of State,,REP,write-in,2
Golden Valley,State House,39,DEM,write-in,2
Golden Valley,State House,39,REP,John Pretzer,38
Golden Valley,State House,39,REP,Keith Kempenich,193
Golden Valley,State House,39,REP,Lyn James,156
Golden Valley,State House,39,REP,Mike Schatz,226
Golden Valley,State House,39,REP,Thea Lee,236
Golden Valley,State House,39,REP,write-in,0
Golden Valley,State Senate,39,DEM,write-in,2
Golden Valley,State Senate,39,REP,Andrew Gene Kordonowy,206
Golden Valley,State Senate,39,REP,Greg Kessel,252
Golden Valley,State Senate,39,REP,write-in,1
Golden Valley,Tax Commissioner,,DEM,write-in,1
Golden Valley,Tax Commissioner,,REP,Brian Kroshus,415
Golden Valley,Tax Commissioner,,REP,write-in,3
Golden Valley,The proposed amendment would amend 1.0303 to include the enumerated powers listed in NDCC 40-05.1-06. Beach,,,No,132
Golden Valley,The proposed amendment would amend 1.0303 to include the enumerated powers listed in NDCC 40-05.1-06. Beach,,,Yes,148
Golden Valley,"The proposed amendment would amend 1.0304 to allow the City Council to administer, revise, or amend, through ordinance, the sales, use, and gross receipts tax provisions in section 1.0304 of the Home Rule Charter. Beach",,,No,111
Golden Valley,"The proposed amendment would amend 1.0304 to allow the City Council to administer, revise, or amend, through ordinance, the sales, use, and gross receipts tax provisions in section 1.0304 of the Home Rule Charter. Beach",,,Yes,151
Golden Valley,U.S. House,1,DEM,Mark Haugen,35
Golden Valley,U.S. House,1,DEM,write-in,0
Golden Valley,U.S. House,1,REP,Kelly Armstrong,456
Golden Valley,U.S. House,1,REP,write-in,1
Golden Valley,U.S. Senate,,DEM,Katrina Christiansen,22
Golden Valley,U.S. Senate,,DEM,Michael J Steele,15
Golden Valley,U.S. Senate,,DEM,write-in,0
Golden Valley,U.S. Senate,,REP,John Hoeven,348
Golden Valley,U.S. Senate,,REP,Riley Kuntz,124
Golden Valley,U.S. Senate,,REP,write-in,4
Grand Forks,Agriculture Commissioner,,DEM,Fintan L Dooley,2029
Grand Forks,Agriculture Commissioner,,DEM,write-in,5
Grand Forks,Agriculture Commissioner,,REP,Doug Goehring,3949
Grand Forks,Agriculture Commissioner,,REP,write-in,11
Grand Forks,Attorney General,,DEM,Timothy Charles Lamb,1977
Grand Forks,Attorney General,,DEM,write-in,12
Grand Forks,Attorney General,,REP,Drew Wrigley,3973
Grand Forks,Attorney General,,REP,write-in,24
Grand Forks,Council Member Emerado,,,Tamara Wynn,51
Grand Forks,Council Member Emerado,,,write-in,15
Grand Forks,Council Member Gilby,,,Jo Lynn Dickson,21
Grand Forks,Council Member Gilby,,,Kayla Elke,22
Grand Forks,Council Member Gilby,,,write-in,0
Grand Forks,Council Member Grand Forks Ward 2,,,Matthew Ternus,256
Grand Forks,Council Member Grand Forks Ward 2,,,Rebecca Osowski,366
Grand Forks,Council Member Grand Forks Ward 2,,,write-in,1
Grand Forks,Council Member Grand Forks Ward 4,,,Harry Samuelson,264
Grand Forks,Council Member Grand Forks Ward 4,,,Tricia Lunski,573
Grand Forks,Council Member Grand Forks Ward 4,,,Ward Johnson,393
Grand Forks,Council Member Grand Forks Ward 4,,,write-in,2
Grand Forks,Council Member Grand Forks Ward 6,,,Dana Sande,425
Grand Forks,Council Member Grand Forks Ward 6,,,write-in,17
Grand Forks,Council Member Inkster,,,Robert Hall,3
Grand Forks,Council Member Inkster,,,write-in,0
Grand Forks,Council Member Larimore Ward 1,,,Dave Garton,36
Grand Forks,Council Member Larimore Ward 1,,,write-in,4
Grand Forks,Council Member Larimore Ward 2,,,Dustin Barber,43
Grand Forks,Council Member Larimore Ward 2,,,write-in,6
Grand Forks,Council Member Larimore Ward 3,,,write-in,27
Grand Forks,Council Member Manvel,,,Jeremy Clemetson,35
Grand Forks,Council Member Manvel,,,Michael Lund,34
Grand Forks,Council Member Manvel,,,write-in,5
Grand Forks,Council Member Niagara,,,Kevin Kollman,1
Grand Forks,Council Member Niagara,,,write-in,8
Grand Forks,Council Member Northwood,,,Gordon Hall,166
Grand Forks,Council Member Northwood,,,write-in,127
Grand Forks,Council Member Reynolds,,,Braden Majer,13
Grand Forks,Council Member Reynolds,,,Dorian Beck,13
Grand Forks,Council Member Reynolds,,,write-in,0
Grand Forks,Council Member Thompson,,,Delayne Wojciechowski,144
Grand Forks,Council Member Thompson,,,Travis Fretheim,156
Grand Forks,Council Member Thompson,,,write-in,13
Grand Forks,Council Member Unexpired 2-Year Term Northwood,,,Cory Overstreet,128
Grand Forks,Council Member Unexpired 2-Year Term Northwood,,,Karl Broeren,167
Grand Forks,Council Member Unexpired 2-Year Term Northwood,,,write-in,48
Grand Forks,Council Member Unexpired 2-Year Term Reynolds,,,Brian Thompson,13
Grand Forks,Council Member Unexpired 2-Year Term Reynolds,,,write-in,0
Grand Forks,Council Member Unexpired 2-Year Term Thompson,,,Justin Bergeron,151
Grand Forks,Council Member Unexpired 2-Year Term Thompson,,,write-in,5
Grand Forks,County Commissioner Grand Forks,,,Bob Rost,3770
Grand Forks,County Commissioner Grand Forks,,,Jordon Klava,1424
Grand Forks,County Commissioner Grand Forks,,,K.C. Inman,1641
Grand Forks,County Commissioner Grand Forks,,,Kimberly Hagen,2097
Grand Forks,County Commissioner Grand Forks,,,Lon Kvasager,2043
Grand Forks,County Commissioner Grand Forks,,,Mark Rustad,1985
Grand Forks,County Commissioner Grand Forks,,,Tom Falck,1935
Grand Forks,County Commissioner Grand Forks,,,Vanessa Richter,1289
Grand Forks,County Commissioner Grand Forks,,,write-in,32
Grand Forks,County Official Newspaper Grand Forks,,,Grand Forks Herald,5346
Grand Forks,County Sheriff Grand Forks,,,Andy Schneider,5949
Grand Forks,County Sheriff Grand Forks,,,write-in,47
Grand Forks,County State's Attorney Grand Forks,,,Haley Wamstad,5565
Grand Forks,County State's Attorney Grand Forks,,,write-in,31
Grand Forks,Grand Forks School Dist #1 Publication of Minutes Grand Forks School Dist,,,No,695
Grand Forks,Grand Forks School Dist #1 Publication of Minutes Grand Forks School Dist,,,Yes,4796
Grand Forks,Home Rule Charter Amendment - one (1/2%)percent sales tax for Northwood Park Northwood,,,No,88
Grand Forks,Home Rule Charter Amendment - one (1/2%)percent sales tax for Northwood Park Northwood,,,Yes,129
Grand Forks,Judge of the District Court No. 1 Northeast Central,,,Don Hager,5499
Grand Forks,Judge of the District Court No. 1 Northeast Central,,,write-in,20
Grand Forks,Judge of the District Court No. 3 Northeast Central,,,Jay Knudson,5392
Grand Forks,Judge of the District Court No. 3 Northeast Central,,,write-in,24
Grand Forks,Justice of the Supreme Court,,,Daniel J Crothers,5400
Grand Forks,Justice of the Supreme Court,,,write-in,26
Grand Forks,Mayor Emerado,,,Jake Lanes,55
Grand Forks,Mayor Emerado,,,write-in,0
Grand Forks,Mayor Larimore,,,Dean Elfman,140
Grand Forks,Mayor Larimore,,,write-in,19
Grand Forks,Mayor Niagara,,,Greg Neumann,7
Grand Forks,Mayor Niagara,,,write-in,2
Grand Forks,Mayor Northwood,,,write-in,161
Grand Forks,Mayor Reynolds,,,David Scholand,13
Grand Forks,Mayor Reynolds,,,write-in,0
Grand Forks,Mayor Unexpired 2-Year Term Thompson,,,write-in,101
Grand Forks,Municipal Judge Emerado,,,Larry Richards,19
Grand Forks,Municipal Judge Emerado,,,Patrick Rosenquist,27
Grand Forks,Municipal Judge Emerado,,,write-in,0
Grand Forks,Municipal Judge Grand Forks,,,Kerry Rosenquist,2256
Grand Forks,Municipal Judge Grand Forks,,,Larry Richards,2233
Grand Forks,Municipal Judge Grand Forks,,,write-in,20
Grand Forks,Municipal Judge Larimore,,,Larry Richards,35
Grand Forks,Municipal Judge Larimore,,,Patrick Rosenquist,142
Grand Forks,Municipal Judge Larimore,,,write-in,0
Grand Forks,Municipal Judge Thompson,,,Gayle Bergeron,157
Grand Forks,Municipal Judge Thompson,,,write-in,2
Grand Forks,Municipal Judge Unexpired 2-Year Term Northwood,,,Larry Richards,190
Grand Forks,Municipal Judge Unexpired 2-Year Term Northwood,,,write-in,2
Grand Forks,Park Board Member Emerado Park,,,Dominick Brower,38
Grand Forks,Park Board Member Emerado Park,,,Shelley Brower,40
Grand Forks,Park Board Member Emerado Park,,,write-in,2
Grand Forks,Park Board Member Grand Forks Park,,,Greg LaDouceur,3305
Grand Forks,Park Board Member Grand Forks Park,,,Jordan McIntyre,3053
Grand Forks,Park Board Member Grand Forks Park,,,Terry Dvorak,2631
Grand Forks,Park Board Member Grand Forks Park,,,Tim Skarperud,3235
Grand Forks,Park Board Member Grand Forks Park,,,write-in,41
Grand Forks,Park Board Member Larimore Park,,,Lindsay Triplett,145
Grand Forks,Park Board Member Larimore Park,,,write-in,101
Grand Forks,Park Board Member Manvel Park,,,Kayle Metzger,39
Grand Forks,Park Board Member Manvel Park,,,write-in,0
Grand Forks,Park Board Member Northwood Park,,,Josh Nelson,197
Grand Forks,Park Board Member Northwood Park,,,Sharee Haar,159
Grand Forks,Park Board Member Northwood Park,,,write-in,28
Grand Forks,Park Board Member Thompson Park,,,Damon Pearson,158
Grand Forks,Park Board Member Thompson Park,,,Ryan Avdem,150
Grand Forks,Park Board Member Thompson Park,,,write-in,5
Grand Forks,Park Board Member Unexpired 2-Year Term Northwood Park,,,write-in,104
Grand Forks,Public Service Commissioner,,DEM,Melanie Moniz,2046
Grand Forks,Public Service Commissioner,,DEM,write-in,3
Grand Forks,Public Service Commissioner,,REP,Julie Fedorchak,3845
Grand Forks,Public Service Commissioner,,REP,write-in,15
Grand Forks,Public Service Commissioner Unexpired 4-Year Term,,DEM,Trygve Hammer,2040
Grand Forks,Public Service Commissioner Unexpired 4-Year Term,,DEM,write-in,1
Grand Forks,Public Service Commissioner Unexpired 4-Year Term,,REP,Sheri Haugen-Hoffart,3780
Grand Forks,Public Service Commissioner Unexpired 4-Year Term,,REP,write-in,13
Grand Forks,School Board Member Grand Forks School Dist,,,Aaron Waterman,221
Grand Forks,School Board Member Grand Forks School Dist,,,Bill Palmiscno,1803
Grand Forks,School Board Member Grand Forks School Dist,,,Bonnie McMullin,982
Grand Forks,School Board Member Grand Forks School Dist,,,Bradley Sturlaugson,571
Grand Forks,School Board Member Grand Forks School Dist,,,Cameron Murphy,765
Grand Forks,School Board Member Grand Forks School Dist,,,Courtney Kniert,220
Grand Forks,School Board Member Grand Forks School Dist,,,Dave Berger,2638
Grand Forks,School Board Member Grand Forks School Dist,,,David Waterman,1219
Grand Forks,School Board Member Grand Forks School Dist,,,Dee Decimus,852
Grand Forks,School Board Member Grand Forks School Dist,,,Elizabeth Delgado,1265
Grand Forks,School Board Member Grand Forks School Dist,,,Emily Wros,344
Grand Forks,School Board Member Grand Forks School Dist,,,Jacqueline Hassett,756
Grand Forks,School Board Member Grand Forks School Dist,,,Jennifer Kolodka,691
Grand Forks,School Board Member Grand Forks School Dist,,,Joel Larson,2056
Grand Forks,School Board Member Grand Forks School Dist,,,Josh Anderson,1978
Grand Forks,School Board Member Grand Forks School Dist,,,Kelly Schempp,1678
Grand Forks,School Board Member Grand Forks School Dist,,,Marie Stewart,648
Grand Forks,School Board Member Grand Forks School Dist,,,Mark D. Peterson,1247
Grand Forks,School Board Member Grand Forks School Dist,,,Monte Gaukler,2521
Grand Forks,School Board Member Grand Forks School Dist,,,Roland Clifford Riemers,113
Grand Forks,School Board Member Grand Forks School Dist,,,Ronald Barta,1325
Grand Forks,School Board Member Grand Forks School Dist,,,Senta Grzadzielewski,608
Grand Forks,School Board Member Grand Forks School Dist,,,Sona Lesmeister,1120
Grand Forks,School Board Member Grand Forks School Dist,,,write-in,11
Grand Forks,Secretary of State,,DEM,Jeffrey Powell,2076
Grand Forks,Secretary of State,,DEM,write-in,5
Grand Forks,Secretary of State,,REP,Marvin Lepp,1150
Grand Forks,Secretary of State,,REP,Michael Howe,2507
Grand Forks,Secretary of State,,REP,write-in,11
Grand Forks,State House,17,DEM,write-in,44
Grand Forks,State House,17,REP,Landon Bahl,889
Grand Forks,State House,17,REP,Mark Sanford,1245
Grand Forks,State House,17,REP,write-in,10
Grand Forks,State House,43,DEM,Mary Adams,416
Grand Forks,State House,43,DEM,Zachary Ista,346
Grand Forks,State House,43,DEM,write-in,0
Grand Forks,State House,43,REP,Eric J Murphy,623
Grand Forks,State House,43,REP,Ethan Harsell,554
Grand Forks,State House,43,REP,write-in,2
Grand Forks,State House Unexpired 2-Year Term,20,DEM,Thomas Passa,158
Grand Forks,State House Unexpired 2-Year Term,20,DEM,write-in,2
Grand Forks,State House Unexpired 2-Year Term,20,REP,Craig Jarolimek,380
Grand Forks,State House Unexpired 2-Year Term,20,REP,Jared Hagert,580
Grand Forks,State House Unexpired 2-Year Term,20,REP,Mike Beltz,408
Grand Forks,State House Unexpired 2-Year Term,20,REP,write-in,5
Grand Forks,State Senate,17,DEM,write-in,44
Grand Forks,State Senate,17,REP,Jonathan L Sickler,1256
Grand Forks,State Senate,17,REP,write-in,8
Grand Forks,State Senate,43,DEM,JoNell Bakke,442
Grand Forks,State Senate,43,DEM,write-in,0
Grand Forks,State Senate,43,REP,Jeff Barta,707
Grand Forks,State Senate,43,REP,write-in,3
Grand Forks,State Senate Unexpired 2-Year Term,20,DEM,Paul R Hanson,158
Grand Forks,State Senate Unexpired 2-Year Term,20,DEM,write-in,0
Grand Forks,State Senate Unexpired 2-Year Term,20,REP,Randy D Lemm,460
Grand Forks,State Senate Unexpired 2-Year Term,20,REP,Robert Fors,381
Grand Forks,State Senate Unexpired 2-Year Term,20,REP,write-in,2
Grand Forks,Tax Commissioner,,DEM,write-in,130
Grand Forks,Tax Commissioner,,REP,Brian Kroshus,3834
Grand Forks,Tax Commissioner,,REP,write-in,12
Grand Forks,U.S. House,1,DEM,Mark Haugen,2082
Grand Forks,U.S. House,1,DEM,write-in,7
Grand Forks,U.S. House,1,REP,Kelly Armstrong,4089
Grand Forks,U.S. House,1,REP,write-in,35
Grand Forks,U.S. Senate,,DEM,Katrina Christiansen,1715
Grand Forks,U.S. Senate,,DEM,Michael J Steele,405
Grand Forks,U.S. Senate,,DEM,write-in,1
Grand Forks,U.S. Senate,,REP,John Hoeven,3465
Grand Forks,U.S. Senate,,REP,Riley Kuntz,942
Grand Forks,U.S. Senate,,REP,write-in,25
Grant,Agriculture Commissioner,,DEM,Fintan L Dooley,55
Grant,Agriculture Commissioner,,DEM,write-in,1
Grant,Agriculture Commissioner,,REP,Doug Goehring,662
Grant,Agriculture Commissioner,,REP,write-in,0
Grant,Attorney General,,DEM,Timothy Charles Lamb,59
Grant,Attorney General,,DEM,write-in,0
Grant,Attorney General,,REP,Drew Wrigley,633
Grant,Attorney General,,REP,write-in,2
Grant,City Council Leith,,,Bobby Harper,7
Grant,City Council Leith,,,Joshua Clark,9
Grant,City Council Leith,,,Michael Bencz,7
Grant,City Council Leith,,,Sherrill Harper,2
Grant,City Council Leith,,,write-in,2
Grant,Council Member Carson City,,,Arthur Weekes,65
Grant,Council Member Carson City,,,Bailey Stewart,48
Grant,Council Member Carson City,,,Peter Reis,60
Grant,Council Member Carson City,,,write-in,1
Grant,Council Member Elgin City,,,Harold Bless,118
Grant,Council Member Elgin City,,,Leslie Bartz,70
Grant,Council Member Elgin City,,,Lloyd Rech,57
Grant,Council Member Elgin City,,,Niomi Keller,137
Grant,Council Member Elgin City,,,Ron Fischer,161
Grant,Council Member Elgin City,,,write-in,9
Grant,Council Member New Leipzig City,,,Emery Gaugler,77
Grant,Council Member New Leipzig City,,,Ryan Roth,85
Grant,Council Member New Leipzig City,,,write-in,8
Grant,County Auditor/Treasurer Grant,,,Sara Meier,710
Grant,County Auditor/Treasurer Grant,,,write-in,18
Grant,County Commissioner By District Grant - District 3,,,Alton Zenker,648
Grant,County Commissioner By District Grant - District 3,,,write-in,84
Grant,County Extension Mill Levy 19 - Grant,,,No,292
Grant,County Extension Mill Levy 19 - Grant,,,Yes,464
Grant,County Official Newspaper Grant,,,Grant County News,711
Grant,County Recorder/Clerk of District Court Grant,,,Julie Fischer,720
Grant,County Recorder/Clerk of District Court Grant,,,write-in,7
Grant,County Sheriff Grant,,,Garrett Harding,699
Grant,County Sheriff Grant,,,write-in,35
Grant,County State's Attorney Grant,,,write-in,66
Grant,Judge of the District Court No. 10 Unexpired 4-Year Term South Central,,,Pamela Nesvig,648
Grant,Judge of the District Court No. 10 Unexpired 4-Year Term South Central,,,write-in,1
Grant,Judge of the District Court No. 2 South Central,,,Douglas A Bahr,660
Grant,Judge of the District Court No. 2 South Central,,,write-in,2
Grant,Judge of the District Court No. 5 South Central,,,Cynthia M Feland,644
Grant,Judge of the District Court No. 5 South Central,,,write-in,4
Grant,Judge of the District Court No. 6 Unexpired 4-Year Term South Central,,,Bobbi Weiler,653
Grant,Judge of the District Court No. 6 Unexpired 4-Year Term South Central,,,write-in,2
Grant,Justice of the Supreme Court,,,Daniel J Crothers,666
Grant,Justice of the Supreme Court,,,write-in,0
Grant,Mayor Elgin City,,,write-in,95
Grant,Mayor Leith,,,Ryan Schock,7
Grant,Mayor Leith,,,write-in,2
Grant,Mayor Unexpired 2-Year Term New Leipzig City,,,Kelly Roth,79
Grant,Mayor Unexpired 2-Year Term New Leipzig City,,,write-in,11
Grant,Municipal Judge Elgin City,,,write-in,55
Grant,Municipal Judge New Leipzig City,,,write-in,21
Grant,New Leipzig City Sales Tax New Leipzig City,,,No,21
Grant,New Leipzig City Sales Tax New Leipzig City,,,Yes,70
Grant,Park Board Commissioner New Leipzig City Park,,,Andrew Roth,89
Grant,Park Board Commissioner New Leipzig City Park,,,write-in,24
Grant,Park Board Member Carson City Park,,,Shannon Wangsvick,75
Grant,Park Board Member Carson City Park,,,write-in,30
Grant,Park Board Member Elgin Park,,,Bobby Walters,173
Grant,Park Board Member Elgin Park,,,Christopher Fischer,179
Grant,Park Board Member Elgin Park,,,write-in,58
Grant,Public Service Commissioner,,DEM,Melanie Moniz,58
Grant,Public Service Commissioner,,DEM,write-in,1
Grant,Public Service Commissioner,,REP,Julie Fedorchak,646
Grant,Public Service Commissioner,,REP,write-in,0
Grant,Public Service Commissioner Unexpired 4-Year Term,,DEM,Trygve Hammer,59
Grant,Public Service Commissioner Unexpired 4-Year Term,,DEM,write-in,1
Grant,Public Service Commissioner Unexpired 4-Year Term,,REP,Sheri Haugen-Hoffart,626
Grant,Public Service Commissioner Unexpired 4-Year Term,,REP,write-in,0
Grant,Publication of Minutes - Leith Leith,,,No,3
Grant,Publication of Minutes - Leith Leith,,,Yes,6
Grant,Secretary of State,,DEM,Jeffrey Powell,62
Grant,Secretary of State,,DEM,write-in,0
Grant,Secretary of State,,REP,Marvin Lepp,149
Grant,Secretary of State,,REP,Michael Howe,470
Grant,Secretary of State,,REP,write-in,0
Grant,State House,31,DEM,Mike Faith,61
Grant,State House,31,DEM,write-in,2
Grant,State House,31,REP,Dawson Holle,442
Grant,State House,31,REP,Jim Schmidt,406
Grant,State House,31,REP,Karen Rohr,411
Grant,State House,31,REP,write-in,2
Grant,State Senate,31,DEM,write-in,3
Grant,State Senate,31,REP,Donald Schaible,653
Grant,State Senate,31,REP,write-in,1
Grant,Tax Commissioner,,DEM,write-in,1
Grant,Tax Commissioner,,REP,Brian Kroshus,633
Grant,Tax Commissioner,,REP,write-in,0
Grant,U.S. House,1,DEM,Mark Haugen,61
Grant,U.S. House,1,DEM,write-in,1
Grant,U.S. House,1,REP,Kelly Armstrong,645
Grant,U.S. House,1,REP,write-in,6
Grant,U.S. Senate,,DEM,Katrina Christiansen,52
Grant,U.S. Senate,,DEM,Michael J Steele,13
Grant,U.S. Senate,,DEM,write-in,0
Grant,U.S. Senate,,REP,John Hoeven,554
Grant,U.S. Senate,,REP,Riley Kuntz,145
Grant,U.S. Senate,,REP,write-in,4
Griggs,10 Mill Road Levy 20 - Griggs,,,No,122
Griggs,10 Mill Road Levy 20 - Griggs,,,Yes,411
Griggs,Agriculture Commissioner,,DEM,Fintan L Dooley,91
Griggs,Agriculture Commissioner,,DEM,write-in,0
Griggs,Agriculture Commissioner,,REP,Doug Goehring,412
Griggs,Agriculture Commissioner,,REP,write-in,0
Griggs,Attorney General,,DEM,Timothy Charles Lamb,95
Griggs,Attorney General,,DEM,write-in,0
Griggs,Attorney General,,REP,Drew Wrigley,398
Griggs,Attorney General,,REP,write-in,2
Griggs,City Council Cooperstown,,,Debra Eslinger,179
Griggs,City Council Cooperstown,,,Larry Olson,157
Griggs,City Council Cooperstown,,,Seth Hanson,192
Griggs,City Council Cooperstown,,,write-in,13
Griggs,Council Member Binford,,,Wayne Quam,40
Griggs,Council Member Binford,,,write-in,10
Griggs,Council Member Hannaford,,,Connie Eslinger,25
Griggs,Council Member Hannaford,,,write-in,10
Griggs,Council Member Unexpired 2-Year Term Cooperstown,,,Charles Dehoff III,191
Griggs,Council Member Unexpired 2-Year Term Cooperstown,,,write-in,7
Griggs,County Auditor Griggs,,,Samantha Larson,489
Griggs,County Auditor Griggs,,,write-in,7
Griggs,County Commissioner By District Griggs - District 1,,,John Wakefield,92
Griggs,County Commissioner By District Griggs - District 1,,,write-in,7
Griggs,County Commissioner By District Griggs - District 3,,,Jim Berdal,36
Griggs,County Commissioner By District Griggs - District 3,,,Rodd Zorn,46
Griggs,County Commissioner By District Griggs - District 3,,,write-in,0
Griggs,County Commissioner By District Griggs - District 5,,,Dale Pedersen,55
Griggs,County Commissioner By District Griggs - District 5,,,Josh Averill,59
Griggs,County Commissioner By District Griggs - District 5,,,write-in,1
Griggs,County Official Newspaper Griggs,,,Griggs County Courier,495
Griggs,County Recorder/Clerk of District Court Griggs,,,Kelly Vincent,504
Griggs,County Recorder/Clerk of District Court Griggs,,,write-in,1
Griggs,County Sheriff Griggs,,,Amberly Michaelis,513
Griggs,County Sheriff Griggs,,,write-in,7
Griggs,County State's Attorney Griggs,,,Jayme Tenneson,448
Griggs,County State's Attorney Griggs,,,write-in,11
Griggs,County Treasurer Griggs,,,Madison Eli,492
Griggs,County Treasurer Griggs,,,write-in,5
Griggs,Judge of the District Court No. 2 Southeast,,,Leah J Viste,135
Griggs,Judge of the District Court No. 2 Southeast,,,Nick D Thornton,121
Griggs,Judge of the District Court No. 2 Southeast,,,Paul C Murphy,224
Griggs,Judge of the District Court No. 2 Southeast,,,write-in,0
Griggs,Judge of the District Court No. 4 Southeast,,,James D Hovey,475
Griggs,Judge of the District Court No. 4 Southeast,,,write-in,0
Griggs,Judge of the District Court No. 5 Southeast,,,Daniel D Narum,460
Griggs,Judge of the District Court No. 5 Southeast,,,write-in,0
Griggs,Judge of the District Court No. 6 Southeast,,,Jay Schmitz,452
Griggs,Judge of the District Court No. 6 Southeast,,,write-in,0
Griggs,Judge of the District Court No. 7 Southeast,,,Troy J LeFevre,451
Griggs,Judge of the District Court No. 7 Southeast,,,write-in,0
Griggs,Justice of the Supreme Court,,,Daniel J Crothers,464
Griggs,Justice of the Supreme Court,,,write-in,0
Griggs,Mayor Cooperstown,,,Paul Paintner,175
Griggs,Mayor Cooperstown,,,write-in,20
Griggs,McVille Area Ambulance District McVille Area Ambulance District,,,No,0
Griggs,McVille Area Ambulance District McVille Area Ambulance District,,,Yes,2
Griggs,Park Board Member Binford Park,,,write-in,23
Griggs,Park Board Member Cooperstown Park,,,Bryce Trostad,184
Griggs,Park Board Member Cooperstown Park,,,Leo Johnson,173
Griggs,Park Board Member Cooperstown Park,,,write-in,21
Griggs,Park Board Member Hannaford Park,,,David Hook,24
Griggs,Park Board Member Hannaford Park,,,Donovan Mcgough,22
Griggs,Park Board Member Hannaford Park,,,write-in,0
Griggs,Park Board Member Unexpired 2-Year Term Binford Park,,,write-in,8
Griggs,Public Service Commissioner,,DEM,Melanie Moniz,94
Griggs,Public Service Commissioner,,DEM,write-in,0
Griggs,Public Service Commissioner,,REP,Julie Fedorchak,397
Griggs,Public Service Commissioner,,REP,write-in,0
Griggs,Public Service Commissioner Unexpired 4-Year Term,,DEM,Trygve Hammer,93
Griggs,Public Service Commissioner Unexpired 4-Year Term,,DEM,write-in,0
Griggs,Public Service Commissioner Unexpired 4-Year Term,,REP,Sheri Haugen-Hoffart,385
Griggs,Public Service Commissioner Unexpired 4-Year Term,,REP,write-in,0
Griggs,Secretary of State,,DEM,Jeffrey Powell,94
Griggs,Secretary of State,,DEM,write-in,0
Griggs,Secretary of State,,REP,Marvin Lepp,114
Griggs,Secretary of State,,REP,Michael Howe,256
Griggs,Secretary of State,,REP,write-in,2
Griggs,State House,29,DEM,Charles Linderman,96
Griggs,State House,29,DEM,write-in,0
Griggs,State House,29,REP,Craig Headland,237
Griggs,State House,29,REP,Don Vigesaa,410
Griggs,State House,29,REP,write-in,1
Griggs,State Senate,29,DEM,Ben Vig,99
Griggs,State Senate,29,DEM,write-in,0
Griggs,State Senate,29,REP,Terry M Wanzek,399
Griggs,State Senate,29,REP,write-in,0
Griggs,Tax Commissioner,,DEM,write-in,2
Griggs,Tax Commissioner,,REP,Brian Kroshus,399
Griggs,Tax Commissioner,,REP,write-in,0
Griggs,U.S. House,1,DEM,Mark Haugen,94
Griggs,U.S. House,1,DEM,write-in,0
Griggs,U.S. House,1,REP,Kelly Armstrong,407
Griggs,U.S. House,1,REP,write-in,1
Griggs,U.S. Senate,,DEM,Katrina Christiansen,61
Griggs,U.S. Senate,,DEM,Michael J Steele,31
Griggs,U.S. Senate,,DEM,write-in,0
Griggs,U.S. Senate,,REP,John Hoeven,347
Griggs,U.S. Senate,,REP,Riley Kuntz,75
Griggs,U.S. Senate,,REP,write-in,4
Hettinger,Agriculture Commissioner,,DEM,Fintan L Dooley,70
Hettinger,Agriculture Commissioner,,DEM,write-in,0
Hettinger,Agriculture Commissioner,,REP,Doug Goehring,492
Hettinger,Agriculture Commissioner,,REP,write-in,3
Hettinger,Alderperson Ward 1 Mott City,,,Jody Messmer,154
Hettinger,Alderperson Ward 1 Mott City,,,write-in,2
Hettinger,Alderperson Ward 2 Mott City,,,Kellen Messmer,152
Hettinger,Alderperson Ward 2 Mott City,,,write-in,3
Hettinger,Alderperson Ward 3 Mott City,,,Michael Wangsvick,144
Hettinger,Alderperson Ward 3 Mott City,,,write-in,2
Hettinger,Attorney General,,DEM,Timothy Charles Lamb,67
Hettinger,Attorney General,,DEM,write-in,0
Hettinger,Attorney General,,REP,Drew Wrigley,473
Hettinger,Attorney General,,REP,write-in,2
Hettinger,Council Member New England City,,,Breann Krebs,111
Hettinger,Council Member New England City,,,Chris Fitterer,80
Hettinger,Council Member New England City,,,Mike Grote,92
Hettinger,Council Member New England City,,,Rebecca Jacobs,57
Hettinger,Council Member New England City,,,write-in,5
Hettinger,Council Member Regent City,,,Connie Wax,30
Hettinger,Council Member Regent City,,,Doug Hoff,9
Hettinger,Council Member Regent City,,,Morgan Kouba,45
Hettinger,Council Member Regent City,,,Shilo Donner,31
Hettinger,Council Member Regent City,,,write-in,1
Hettinger,Council Member Unexpired 2-Year Term New England City,,,write-in,33
Hettinger,County Auditor/Treasurer Hettinger,,,Jeri Schmidt,567
Hettinger,County Auditor/Treasurer Hettinger,,,write-in,3
Hettinger,County Commissioner Hettinger - District 2,,,Angela Carlson,146
Hettinger,County Commissioner Hettinger - District 2,,,Devan Laufer,228
Hettinger,County Commissioner Hettinger - District 2,,,Douglas M Hoff,35
Hettinger,County Commissioner Hettinger - District 2,,,Kent Maershbecker,158
Hettinger,County Commissioner Hettinger - District 2,,,write-in,3
Hettinger,County Official Newspaper Hettinger,,,Hettinger County Herald,527
Hettinger,County Recorder/Clerk of District Court Hettinger,,,Sylvia Gion,574
Hettinger,County Recorder/Clerk of District Court Hettinger,,,write-in,2
Hettinger,County Roads continuance of 5 mills 21 - Hettinger,,,No,201
Hettinger,County Roads continuance of 5 mills 21 - Hettinger,,,Yes,395
Hettinger,County Sheriff Hettinger,,,Sarah D. Warner,513
Hettinger,County Sheriff Hettinger,,,write-in,28
Hettinger,County State's Attorney Hettinger,,,David M. Crane,522
Hettinger,County State's Attorney Hettinger,,,write-in,11
Hettinger,"Director, Southwest Water Authority Hettinger",,,write-in,167
Hettinger,Increase 911 Fee 21 - Hettinger,,,No,230
Hettinger,Increase 911 Fee 21 - Hettinger,,,Yes,372
Hettinger,Judge of the District Court No. 2 Southwest,,,William A Herauf,526
Hettinger,Judge of the District Court No. 2 Southwest,,,write-in,3
Hettinger,Judge of the District Court No. 4 Southwest,,,Rhonda R Ehlis,525
Hettinger,Judge of the District Court No. 4 Southwest,,,write-in,2
Hettinger,Justice of the Supreme Court,,,Daniel J Crothers,516
Hettinger,Justice of the Supreme Court,,,write-in,2
Hettinger,Mayor Mott City,,,Troy Mosbrucker,154
Hettinger,Mayor Mott City,,,write-in,7
Hettinger,Mayor New England City,,,Lyle Kovar,103
Hettinger,Mayor New England City,,,write-in,13
Hettinger,Mayor Regent City,,,Gary Greff,19
Hettinger,Mayor Regent City,,,Lyle Hoffer,40
Hettinger,Mayor Regent City,,,write-in,4
Hettinger,Park Board Member Mott Park Board,,,write-in,77
Hettinger,Park Board Member New England Park Board,,,Shawn Wolf,126
Hettinger,Park Board Member New England Park Board,,,write-in,11
Hettinger,Park Board Member Regent Park Board,,,write-in,18
Hettinger,Public Service Commissioner,,DEM,Melanie Moniz,69
Hettinger,Public Service Commissioner,,DEM,write-in,0
Hettinger,Public Service Commissioner,,REP,Julie Fedorchak,462
Hettinger,Public Service Commissioner,,REP,write-in,5
Hettinger,Public Service Commissioner Unexpired 4-Year Term,,DEM,Trygve Hammer,68
Hettinger,Public Service Commissioner Unexpired 4-Year Term,,DEM,write-in,0
Hettinger,Public Service Commissioner Unexpired 4-Year Term,,REP,Sheri Haugen-Hoffart,450
Hettinger,Public Service Commissioner Unexpired 4-Year Term,,REP,write-in,4
Hettinger,Rural Fire Protection District Representative Regent City,,,Terry Hartman,57
Hettinger,Rural Fire Protection District Representative Regent City,,,write-in,1
Hettinger,Secretary of State,,DEM,Jeffrey Powell,70
Hettinger,Secretary of State,,DEM,write-in,0
Hettinger,Secretary of State,,REP,Marvin Lepp,117
Hettinger,Secretary of State,,REP,Michael Howe,353
Hettinger,Secretary of State,,REP,write-in,0
Hettinger,State House,31,DEM,Mike Faith,35
Hettinger,State House,31,DEM,write-in,1
Hettinger,State House,31,REP,Dawson Holle,113
Hettinger,State House,31,REP,Jim Schmidt,171
Hettinger,State House,31,REP,Karen Rohr,200
Hettinger,State House,31,REP,write-in,0
Hettinger,State House,39,DEM,write-in,2
Hettinger,State House,39,REP,John Pretzer,39
Hettinger,State House,39,REP,Keith Kempenich,82
Hettinger,State House,39,REP,Lyn James,67
Hettinger,State House,39,REP,Mike Schatz,186
Hettinger,State House,39,REP,Thea Lee,94
Hettinger,State House,39,REP,write-in,0
Hettinger,State Senate,31,DEM,write-in,0
Hettinger,State Senate,31,REP,Donald Schaible,267
Hettinger,State Senate,31,REP,write-in,1
Hettinger,State Senate,39,DEM,write-in,1
Hettinger,State Senate,39,REP,Andrew Gene Kordonowy,114
Hettinger,State Senate,39,REP,Greg Kessel,121
Hettinger,State Senate,39,REP,write-in,0
Hettinger,Tax Commissioner,,DEM,write-in,2
Hettinger,Tax Commissioner,,REP,Brian Kroshus,467
Hettinger,Tax Commissioner,,REP,write-in,3
Hettinger,U.S. House,1,DEM,Mark Haugen,71
Hettinger,U.S. House,1,DEM,write-in,0
Hettinger,U.S. House,1,REP,Kelly Armstrong,487
Hettinger,U.S. House,1,REP,write-in,5
Hettinger,U.S. Senate,,DEM,Katrina Christiansen,52
Hettinger,U.S. Senate,,DEM,Michael J Steele,15
Hettinger,U.S. Senate,,DEM,write-in,0
Hettinger,U.S. Senate,,REP,John Hoeven,411
Hettinger,U.S. Senate,,REP,Riley Kuntz,108
Hettinger,U.S. Senate,,REP,write-in,3
Kidder,Agriculture Commissioner,,DEM,Fintan L Dooley,78
Kidder,Agriculture Commissioner,,DEM,write-in,0
Kidder,Agriculture Commissioner,,REP,Doug Goehring,520
Kidder,Agriculture Commissioner,,REP,write-in,3
Kidder,Attorney General,,DEM,Timothy Charles Lamb,79
Kidder,Attorney General,,DEM,write-in,0
Kidder,Attorney General,,REP,Drew Wrigley,489
Kidder,Attorney General,,REP,write-in,2
Kidder,Council Member Dawson,,,Andrew Birrenkott,7
Kidder,Council Member Dawson,,,Neil Fanta,12
Kidder,Council Member Dawson,,,write-in,3
Kidder,Council Member Pettibone,,,write-in,16
Kidder,Council Member Robinson,,,James Jasper,19
Kidder,Council Member Robinson,,,William Bender,18
Kidder,Council Member Robinson,,,write-in,0
Kidder,Council Member Steele,,,Joshua Rode,155
Kidder,Council Member Steele,,,Lucas Reski,139
Kidder,Council Member Steele,,,Robert Anderson,138
Kidder,Council Member Steele,,,write-in,8
Kidder,Council Member Tappen,,,Mike Pfaff,33
Kidder,Council Member Tappen,,,Pete Martin,37
Kidder,Council Member Tappen,,,write-in,8
Kidder,Council Member Tuttle,,,Corinne Fitterer,5
Kidder,Council Member Tuttle,,,John McCormack,8
Kidder,Council Member Tuttle,,,write-in,30
Kidder,County Auditor Kidder,,,Jean Schoenhard,576
Kidder,County Auditor Kidder,,,write-in,8
Kidder,County Commissioner Kidder,,,Darrell Guthmiller,407
Kidder,County Commissioner Kidder,,,David Schultz,352
Kidder,County Commissioner Kidder,,,Tim Dronen,353
Kidder,County Commissioner Kidder,,,write-in,20
Kidder,County Official Newspaper Kidder,,,Steele Ozone & Kidder County Press,612
Kidder,County Recorder Kidder,,,Barbara J Steinke,613
Kidder,County Recorder Kidder,,,write-in,3
Kidder,County Sheriff Kidder,,,Barry Vannatta,373
Kidder,County Sheriff Kidder,,,William Cox,268
Kidder,County Sheriff Kidder,,,write-in,1
Kidder,County State's Attorney Kidder,,,Eric Hetland,504
Kidder,County State's Attorney Kidder,,,write-in,12
Kidder,County Treasurer Kidder,,,Vickie Murray,621
Kidder,County Treasurer Kidder,,,write-in,1
Kidder,Expiring Road Levies 1212 Farm to Market / Federal Aid Fund & 1233 County Road Fund. 22 - Kidder,,,No,230
Kidder,Expiring Road Levies 1212 Farm to Market / Federal Aid Fund & 1233 County Road Fund. 22 - Kidder,,,Yes,384
Kidder,Judge of the District Court No. 2 Southeast,,,Leah J Viste,101
Kidder,Judge of the District Court No. 2 Southeast,,,Nick D Thornton,169
Kidder,Judge of the District Court No. 2 Southeast,,,Paul C Murphy,188
Kidder,Judge of the District Court No. 2 Southeast,,,write-in,1
Kidder,Judge of the District Court No. 4 Southeast,,,James D Hovey,482
Kidder,Judge of the District Court No. 4 Southeast,,,write-in,4
Kidder,Judge of the District Court No. 5 Southeast,,,Daniel D Narum,486
Kidder,Judge of the District Court No. 5 Southeast,,,write-in,3
Kidder,Judge of the District Court No. 6 Southeast,,,Jay Schmitz,492
Kidder,Judge of the District Court No. 6 Southeast,,,write-in,4
Kidder,Judge of the District Court No. 7 Southeast,,,Troy J LeFevre,481
Kidder,Judge of the District Court No. 7 Southeast,,,write-in,3
Kidder,Justice of the Supreme Court,,,Daniel J Crothers,502
Kidder,Justice of the Supreme Court,,,write-in,3
Kidder,Mayor Steele,,,Jonathan Harter,141
Kidder,Mayor Steele,,,write-in,18
Kidder,Mayor Tappen,,,Brice Barnick,37
Kidder,Mayor Tappen,,,write-in,5
Kidder,Mayor Tuttle,,,write-in,16
Kidder,Park Board Member Steele Park,,,Paul Erdelt,171
Kidder,Park Board Member Steele Park,,,write-in,39
Kidder,Park Board Member Unexpired 2-Year Term Steele Park,,,Mary Rohrich,148
Kidder,Park Board Member Unexpired 2-Year Term Steele Park,,,write-in,16
Kidder,Public Service Commissioner,,DEM,Melanie Moniz,79
Kidder,Public Service Commissioner,,DEM,write-in,0
Kidder,Public Service Commissioner,,REP,Julie Fedorchak,491
Kidder,Public Service Commissioner,,REP,write-in,2
Kidder,Public Service Commissioner Unexpired 4-Year Term,,DEM,Trygve Hammer,77
Kidder,Public Service Commissioner Unexpired 4-Year Term,,DEM,write-in,0
Kidder,Public Service Commissioner Unexpired 4-Year Term,,REP,Sheri Haugen-Hoffart,481
Kidder,Public Service Commissioner Unexpired 4-Year Term,,REP,write-in,2
Kidder,Secretary of State,,DEM,Jeffrey Powell,79
Kidder,Secretary of State,,DEM,write-in,0
Kidder,Secretary of State,,REP,Marvin Lepp,204
Kidder,Secretary of State,,REP,Michael Howe,264
Kidder,Secretary of State,,REP,write-in,2
Kidder,Tax Commissioner,,DEM,write-in,8
Kidder,Tax Commissioner,,REP,Brian Kroshus,486
Kidder,Tax Commissioner,,REP,write-in,2
Kidder,U.S. House,1,DEM,Mark Haugen,82
Kidder,U.S. House,1,DEM,write-in,0
Kidder,U.S. House,1,REP,Kelly Armstrong,508
Kidder,U.S. House,1,REP,write-in,4
Kidder,U.S. Senate,,DEM,Katrina Christiansen,52
Kidder,U.S. Senate,,DEM,Michael J Steele,25
Kidder,U.S. Senate,,DEM,write-in,0
Kidder,U.S. Senate,,REP,John Hoeven,396
Kidder,U.S. Senate,,REP,Riley Kuntz,146
Kidder,U.S. Senate,,REP,write-in,3
LaMoure,Agriculture Commissioner,,DEM,Fintan L Dooley,112
LaMoure,Agriculture Commissioner,,DEM,write-in,0
LaMoure,Agriculture Commissioner,,REP,Doug Goehring,898
LaMoure,Agriculture Commissioner,,REP,write-in,1
LaMoure,Alderperson Berlin,,,Jeremy Nelson,9
LaMoure,Alderperson Berlin,,,write-in,2
LaMoure,Alderperson Dickey,,,Daniel Pekarski,10
LaMoure,Alderperson Dickey,,,Drew Pekarski,9
LaMoure,Alderperson Dickey,,,write-in,0
LaMoure,Alderperson Unexpired 2-Year Term Dickey,,,Michael Schmoker,10
LaMoure,Alderperson Unexpired 2-Year Term Dickey,,,write-in,0
LaMoure,Attorney General,,DEM,Timothy Charles Lamb,115
LaMoure,Attorney General,,DEM,write-in,0
LaMoure,Attorney General,,REP,Drew Wrigley,883
LaMoure,Attorney General,,REP,write-in,1
LaMoure,Council Member Edgeley,,,Sally Caudillo,124
LaMoure,Council Member Edgeley,,,Stefan Schoenfelder,125
LaMoure,Council Member Edgeley,,,write-in,63
LaMoure,Council Member Jud,,,Alan Nitschke,30
LaMoure,Council Member Jud,,,Jordan Nitschke,24
LaMoure,Council Member Jud,,,write-in,6
LaMoure,Council Member Kulm,,,Layton Johnson,104
LaMoure,Council Member Kulm,,,Zebulon Mahin,100
LaMoure,Council Member Kulm,,,write-in,0
LaMoure,Council Member LaMoure,,,Brad Nogosek,195
LaMoure,Council Member LaMoure,,,Gregory Pedersen,175
LaMoure,Council Member LaMoure,,,Lori Gentzkow,190
LaMoure,Council Member LaMoure,,,write-in,13
LaMoure,Council Member Marion,,,David Holweg Jr.,28
LaMoure,Council Member Marion,,,Matthew Cuypers,30
LaMoure,Council Member Marion,,,write-in,3
LaMoure,Council Member Unexpired 2-Year Term Marion,,,Lucas Rodin,28
LaMoure,Council Member Unexpired 2-Year Term Marion,,,write-in,2
LaMoure,Council Member Unexpired 2-Year Term Verona,,,Tanner Baker,14
LaMoure,Council Member Unexpired 2-Year Term Verona,,,write-in,1
LaMoure,Council Member Verona,,,David Maley,14
LaMoure,Council Member Verona,,,Ronald Maley,14
LaMoure,Council Member Verona,,,write-in,1
LaMoure,County Commissioner By District LaMoure - District 2,,,Bruce Klein,120
LaMoure,County Commissioner By District LaMoure - District 2,,,Mike Vogel,84
LaMoure,County Commissioner By District LaMoure - District 2,,,write-in,0
LaMoure,County Commissioner By District LaMoure - District 4,,,Robert Flath,216
LaMoure,County Commissioner By District LaMoure - District 4,,,write-in,6
LaMoure,County Official Newspaper LaMoure,,,LaMoure Chronicle,848
LaMoure,County Recorder LaMoure,,,Laurie Good,1040
LaMoure,County Recorder LaMoure,,,write-in,6
LaMoure,County Sheriff LaMoure,,,Keenan Zundel,325
LaMoure,County Sheriff LaMoure,,,Robert Fernandes,802
LaMoure,County Sheriff LaMoure,,,write-in,0
LaMoure,County State's Attorney LaMoure,,,James T. Shockman,1018
LaMoure,County State's Attorney LaMoure,,,write-in,5
LaMoure,County Treasurer LaMoure,,,Cindy Worrel,1066
LaMoure,County Treasurer LaMoure,,,write-in,4
LaMoure,Judge of the District Court No. 2 Southeast,,,Leah J Viste,265
LaMoure,Judge of the District Court No. 2 Southeast,,,Nick D Thornton,311
LaMoure,Judge of the District Court No. 2 Southeast,,,Paul C Murphy,267
LaMoure,Judge of the District Court No. 2 Southeast,,,write-in,1
LaMoure,Judge of the District Court No. 4 Southeast,,,James D Hovey,877
LaMoure,Judge of the District Court No. 4 Southeast,,,write-in,2
LaMoure,Judge of the District Court No. 5 Southeast,,,Daniel D Narum,992
LaMoure,Judge of the District Court No. 5 Southeast,,,write-in,6
LaMoure,Judge of the District Court No. 6 Southeast,,,Jay Schmitz,892
LaMoure,Judge of the District Court No. 6 Southeast,,,write-in,1
LaMoure,Judge of the District Court No. 7 Southeast,,,Troy J LeFevre,872
LaMoure,Judge of the District Court No. 7 Southeast,,,write-in,1
LaMoure,Justice of the Supreme Court,,,Daniel J Crothers,911
LaMoure,Justice of the Supreme Court,,,write-in,3
LaMoure,Mayor Edgeley,,,write-in,82
LaMoure,Mayor Jud,,,Arlen Elhard,17
LaMoure,Mayor Jud,,,Darrel Pfaff,17
LaMoure,Mayor Jud,,,write-in,0
LaMoure,Mayor Kulm,,,Dale Gackle,104
LaMoure,Mayor Kulm,,,write-in,3
LaMoure,Mayor LaMoure,,,Clint Hoggarth,100
LaMoure,Mayor LaMoure,,,Kevin Willey,73
LaMoure,Mayor LaMoure,,,Michael Dahlen,37
LaMoure,Mayor LaMoure,,,write-in,6
LaMoure,Mayor Marion,,,Tayler Albrecht,30
LaMoure,Mayor Marion,,,write-in,2
LaMoure,Mayor Verona,,,Darin Wetzel,12
LaMoure,Mayor Verona,,,write-in,1
LaMoure,Municipal Judge LaMoure,,,Billi Jo Warcken,208
LaMoure,Municipal Judge LaMoure,,,write-in,0
LaMoure,Park Board Member Dickey Park,,,write-in,7
LaMoure,Park Board Member Edgeley Park,,,Amber Brummund,155
LaMoure,Park Board Member Edgeley Park,,,write-in,40
LaMoure,Park Board Member Jud Park,,,Darrel Pfaff,22
LaMoure,Park Board Member Jud Park,,,Dorothy Walters,23
LaMoure,Park Board Member Jud Park,,,Vicki McMahon,32
LaMoure,Park Board Member Jud Park,,,write-in,13
LaMoure,Park Board Member Kulm Park,,,Mercedes Wulf,104
LaMoure,Park Board Member Kulm Park,,,write-in,26
LaMoure,Park Board Member LaMoure Park,,,Kelli Isaacson,206
LaMoure,Park Board Member LaMoure Park,,,write-in,59
LaMoure,Park Board Member Marion Park,,,Brittni Rodin,32
LaMoure,Park Board Member Marion Park,,,Cynthia Vogel,31
LaMoure,Park Board Member Marion Park,,,Jacalyn Baertsch,33
LaMoure,Park Board Member Marion Park,,,write-in,1
LaMoure,Public Service Commissioner,,DEM,Melanie Moniz,113
LaMoure,Public Service Commissioner,,DEM,write-in,0
LaMoure,Public Service Commissioner,,REP,Julie Fedorchak,850
LaMoure,Public Service Commissioner,,REP,write-in,1
LaMoure,Public Service Commissioner Unexpired 4-Year Term,,DEM,Trygve Hammer,113
LaMoure,Public Service Commissioner Unexpired 4-Year Term,,DEM,write-in,0
LaMoure,Public Service Commissioner Unexpired 4-Year Term,,REP,Sheri Haugen-Hoffart,830
LaMoure,Public Service Commissioner Unexpired 4-Year Term,,REP,write-in,1
LaMoure,Road and Bridge 10 mills by vote 23 - LaMoure,,,No,310
LaMoure,Road and Bridge 10 mills by vote 23 - LaMoure,,,Yes,767
LaMoure,Secretary of State,,DEM,Jeffrey Powell,114
LaMoure,Secretary of State,,DEM,write-in,0
LaMoure,Secretary of State,,REP,Marvin Lepp,299
LaMoure,Secretary of State,,REP,Michael Howe,534
LaMoure,Secretary of State,,REP,write-in,1
LaMoure,State House Unexpired 2-Year Term,28,DEM,Sharon Ulmer,115
LaMoure,State House Unexpired 2-Year Term,28,DEM,write-in,0
LaMoure,State House Unexpired 2-Year Term,28,REP,Darcy A Meier,241
LaMoure,State House Unexpired 2-Year Term,28,REP,Jim Grueneich,457
LaMoure,State House Unexpired 2-Year Term,28,REP,Josh Loegering,452
LaMoure,State House Unexpired 2-Year Term,28,REP,Mike Brandenburg,625
LaMoure,State House Unexpired 2-Year Term,28,REP,Sam Leppert,84
LaMoure,State House Unexpired 2-Year Term,28,REP,write-in,0
LaMoure,State Senate Unexpired 2-Year Term,28,DEM,write-in,7
LaMoure,State Senate Unexpired 2-Year Term,28,REP,Robert (Bob) Erbele,662
LaMoure,State Senate Unexpired 2-Year Term,28,REP,Sebastian (Seabass) Ertelt,281
LaMoure,State Senate Unexpired 2-Year Term,28,REP,write-in,0
LaMoure,Tax Commissioner,,DEM,write-in,3
LaMoure,Tax Commissioner,,REP,Brian Kroshus,851
LaMoure,Tax Commissioner,,REP,write-in,2
LaMoure,U.S. House,1,DEM,Mark Haugen,114
LaMoure,U.S. House,1,DEM,write-in,0
LaMoure,U.S. House,1,REP,Kelly Armstrong,885
LaMoure,U.S. House,1,REP,write-in,3
LaMoure,U.S. Senate,,DEM,Katrina Christiansen,88
LaMoure,U.S. Senate,,DEM,Michael J Steele,28
LaMoure,U.S. Senate,,DEM,write-in,0
LaMoure,U.S. Senate,,REP,John Hoeven,785
LaMoure,U.S. Senate,,REP,Riley Kuntz,173
LaMoure,U.S. Senate,,REP,write-in,2
Logan,Agriculture Commissioner,,DEM,Fintan L Dooley,26
Logan,Agriculture Commissioner,,DEM,write-in,0
Logan,Agriculture Commissioner,,REP,Doug Goehring,475
Logan,Agriculture Commissioner,,REP,write-in,1
Logan,Alderperson Fredonia,,,Terry Rossman,6
Logan,Alderperson Fredonia,,,write-in,0
Logan,Attorney General,,DEM,Timothy Charles Lamb,26
Logan,Attorney General,,DEM,write-in,0
Logan,Attorney General,,REP,Drew Wrigley,458
Logan,Attorney General,,REP,write-in,1
Logan,City Council Napoleon,,,April Nogosek,62
Logan,City Council Napoleon,,,John Wald,98
Logan,City Council Napoleon,,,Richard Bjerklie,154
Logan,City Council Napoleon,,,Robert Humann Jr,167
Logan,City Council Napoleon,,,write-in,43
Logan,Council Member Gackle City,,,Jeffery High,71
Logan,Council Member Gackle City,,,Larry Larson,79
Logan,Council Member Gackle City,,,write-in,5
Logan,Council Member Lehr,,,Dawn Dallmann,4
Logan,Council Member Lehr,,,write-in,1
Logan,Council Member Unexpired 2-Year Term Gackle City,,,Loren Schroeder,77
Logan,Council Member Unexpired 2-Year Term Gackle City,,,write-in,1
Logan,County Auditor Logan,,,Brenda Fischer,526
Logan,County Auditor Logan,,,write-in,1
Logan,County Commissioner at Large Logan,,,Blanche Schumacher,306
Logan,County Commissioner at Large Logan,,,Bryan Batsch,259
Logan,County Commissioner at Large Logan,,,write-in,1
Logan,County Official Newspaper Logan,,,Napoleon Homestead,521
Logan,County Recorder Logan,,,Laura J Henry,516
Logan,County Recorder Logan,,,write-in,0
Logan,County Sheriff Logan,,,Andrew Bartholomaus,549
Logan,County Sheriff Logan,,,write-in,1
Logan,County State's Attorney Logan,,,Isaac Zimmerman,529
Logan,County State's Attorney Logan,,,write-in,1
Logan,County Treasurer Logan,,,Jody Kristiansen,513
Logan,County Treasurer Logan,,,write-in,2
Logan,Judge of the District Court No. 2 Southeast,,,Leah J Viste,125
Logan,Judge of the District Court No. 2 Southeast,,,Nick D Thornton,130
Logan,Judge of the District Court No. 2 Southeast,,,Paul C Murphy,150
Logan,Judge of the District Court No. 2 Southeast,,,write-in,1
Logan,Judge of the District Court No. 4 Southeast,,,James D Hovey,431
Logan,Judge of the District Court No. 4 Southeast,,,write-in,1
Logan,Judge of the District Court No. 5 Southeast,,,Daniel D Narum,444
Logan,Judge of the District Court No. 5 Southeast,,,write-in,1
Logan,Judge of the District Court No. 6 Southeast,,,Jay Schmitz,424
Logan,Judge of the District Court No. 6 Southeast,,,write-in,0
Logan,Judge of the District Court No. 7 Southeast,,,Troy J LeFevre,422
Logan,Judge of the District Court No. 7 Southeast,,,write-in,0
Logan,Justice of the Supreme Court,,,Daniel J Crothers,440
Logan,Justice of the Supreme Court,,,write-in,0
Logan,Mayor Gackle City,,,Andrew Heflin,74
Logan,Mayor Gackle City,,,write-in,4
Logan,Mayor Lehr,,,write-in,2
Logan,Municipal Judge Gackle City,,,Paul Hamers,69
Logan,Municipal Judge Gackle City,,,write-in,3
Logan,Park Board Member Gackle Park Board,,,Bill Monson,79
Logan,Park Board Member Gackle Park Board,,,write-in,30
Logan,Park Board Member Napoleon Park,,,Kevin Wolf,183
Logan,Park Board Member Napoleon Park,,,Mary Schwartzenberger,163
Logan,Park Board Member Napoleon Park,,,write-in,3
Logan,Public Service Commissioner,,DEM,Melanie Moniz,28
Logan,Public Service Commissioner,,DEM,write-in,0
Logan,Public Service Commissioner,,REP,Julie Fedorchak,456
Logan,Public Service Commissioner,,REP,write-in,1
Logan,Public Service Commissioner Unexpired 4-Year Term,,DEM,Trygve Hammer,26
Logan,Public Service Commissioner Unexpired 4-Year Term,,DEM,write-in,0
Logan,Public Service Commissioner Unexpired 4-Year Term,,REP,Sheri Haugen-Hoffart,437
Logan,Public Service Commissioner Unexpired 4-Year Term,,REP,write-in,1
Logan,Secretary of State,,DEM,Jeffrey Powell,27
Logan,Secretary of State,,DEM,write-in,0
Logan,Secretary of State,,REP,Marvin Lepp,180
Logan,Secretary of State,,REP,Michael Howe,268
Logan,Secretary of State,,REP,write-in,0
Logan,State House Unexpired 2-Year Term,28,DEM,Sharon Ulmer,28
Logan,State House Unexpired 2-Year Term,28,DEM,write-in,1
Logan,State House Unexpired 2-Year Term,28,REP,Darcy A Meier,224
Logan,State House Unexpired 2-Year Term,28,REP,Jim Grueneich,217
Logan,State House Unexpired 2-Year Term,28,REP,Josh Loegering,199
Logan,State House Unexpired 2-Year Term,28,REP,Mike Brandenburg,257
Logan,State House Unexpired 2-Year Term,28,REP,Sam Leppert,66
Logan,State House Unexpired 2-Year Term,28,REP,write-in,0
Logan,State Senate Unexpired 2-Year Term,28,DEM,write-in,3
Logan,State Senate Unexpired 2-Year Term,28,REP,Robert (Bob) Erbele,272
Logan,State Senate Unexpired 2-Year Term,28,REP,Sebastian (Seabass) Ertelt,264
Logan,State Senate Unexpired 2-Year Term,28,REP,write-in,0
Logan,Tax Commissioner,,DEM,write-in,1
Logan,Tax Commissioner,,REP,Brian Kroshus,450
Logan,Tax Commissioner,,REP,write-in,0
Logan,U.S. House,1,DEM,Mark Haugen,27
Logan,U.S. House,1,DEM,write-in,0
Logan,U.S. House,1,REP,Kelly Armstrong,465
Logan,U.S. House,1,REP,write-in,5
Logan,U.S. Senate,,DEM,Katrina Christiansen,19
Logan,U.S. Senate,,DEM,Michael J Steele,8
Logan,U.S. Senate,,DEM,write-in,0
Logan,U.S. Senate,,REP,John Hoeven,408
Logan,U.S. Senate,,REP,Riley Kuntz,108
Logan,U.S. Senate,,REP,write-in,4
McHenry,Agriculture Commissioner,,DEM,Fintan L Dooley,185
McHenry,Agriculture Commissioner,,DEM,write-in,0
McHenry,Agriculture Commissioner,,REP,Doug Goehring,1110
McHenry,Agriculture Commissioner,,REP,write-in,2
McHenry,Attorney General,,DEM,Timothy Charles Lamb,182
McHenry,Attorney General,,DEM,write-in,0
McHenry,Attorney General,,REP,Drew Wrigley,1090
McHenry,Attorney General,,REP,write-in,0
McHenry,Commission President Towner,,,Darrell Haman,37
McHenry,Commission President Towner,,,Shawn Anderson,115
McHenry,Commission President Towner,,,write-in,0
McHenry,Commission President Velva,,,Jennifer Barta,72
McHenry,Commission President Velva,,,Michael Schreiner,170
McHenry,Commission President Velva,,,write-in,5
McHenry,Commissioner Towner,,,Kim Berdahl,99
McHenry,Commissioner Towner,,,Pat Schaff,131
McHenry,Commissioner Towner,,,write-in,2
McHenry,Commissioner Velva,,,David Keller,184
McHenry,Commissioner Velva,,,Mary Liz Davis,160
McHenry,Commissioner Velva,,,Michael Soli,96
McHenry,Commissioner Velva,,,write-in,13
McHenry,County Auditor/Treasurer McHenry,,,Darlene Carpenter,1239
McHenry,County Auditor/Treasurer McHenry,,,write-in,31
McHenry,County Clerk of District Court McHenry,,,Tina Powell,1288
McHenry,County Clerk of District Court McHenry,,,write-in,1
McHenry,County Commissioner By District McHenry - District 1,,,Armann Anderson,264
McHenry,County Commissioner By District McHenry - District 1,,,write-in,7
McHenry,County Commissioner By District McHenry - District 3,,,Christopher Jorde,46
McHenry,County Commissioner By District McHenry - District 3,,,Douglas D Woodall,95
McHenry,County Commissioner By District McHenry - District 3,,,Lance E Johnson,127
McHenry,County Commissioner By District McHenry - District 3,,,write-in,0
McHenry,County Commissioner By District McHenry - District 5,,,Duane Drader,144
McHenry,County Commissioner By District McHenry - District 5,,,Shawn Kramer,176
McHenry,County Commissioner By District McHenry - District 5,,,write-in,12
McHenry,County Official Newspaper McHenry,,,Mouse River Journal,870
McHenry,County Official Newspaper McHenry,,,Velva Area Voice,555
McHenry,County Recorder McHenry,,,Johnna Torr,1241
McHenry,County Recorder McHenry,,,write-in,6
McHenry,County Sheriff McHenry,,,Trey C Skager,1240
McHenry,County Sheriff McHenry,,,write-in,32
McHenry,County State's Attorney McHenry,,,Joshua Frey,1265
McHenry,County State's Attorney McHenry,,,write-in,6
McHenry,"Director, Garrison Diversion Conservancy McHenry",,,Cliff Hanretty,1183
McHenry,"Director, Garrison Diversion Conservancy McHenry",,,write-in,62
McHenry,Historical Society Levy 25 - McHenry,,,No,1045
McHenry,Historical Society Levy 25 - McHenry,,,Yes,394
McHenry,Judge of the District Court No. 1 Northeast,,,Lonnie Olson,1228
McHenry,Judge of the District Court No. 1 Northeast,,,write-in,2
McHenry,Justice of the Supreme Court,,,Daniel J Crothers,1217
McHenry,Justice of the Supreme Court,,,write-in,3
McHenry,Park Board Member Velva Park,,,Julie Anderson,223
McHenry,Park Board Member Velva Park,,,Michael Heisler,221
McHenry,Park Board Member Velva Park,,,write-in,6
McHenry,Public Service Commissioner,,DEM,Melanie Moniz,186
McHenry,Public Service Commissioner,,DEM,write-in,0
McHenry,Public Service Commissioner,,REP,Julie Fedorchak,1080
McHenry,Public Service Commissioner,,REP,write-in,2
McHenry,Public Service Commissioner Unexpired 4-Year Term,,DEM,Trygve Hammer,186
McHenry,Public Service Commissioner Unexpired 4-Year Term,,DEM,write-in,0
McHenry,Public Service Commissioner Unexpired 4-Year Term,,REP,Sheri Haugen-Hoffart,1066
McHenry,Public Service Commissioner Unexpired 4-Year Term,,REP,write-in,0
McHenry,Road & Bridge Levy Authority 25 - McHenry,,,No,653
McHenry,Road & Bridge Levy Authority 25 - McHenry,,,Yes,781
McHenry,Secretary of State,,DEM,Jeffrey Powell,186
McHenry,Secretary of State,,DEM,write-in,0
McHenry,Secretary of State,,REP,Marvin Lepp,294
McHenry,Secretary of State,,REP,Michael Howe,736
McHenry,Secretary of State,,REP,write-in,0
McHenry,State Senate Unexpired 2-Year Term,6,DEM,write-in,18
McHenry,State Senate Unexpired 2-Year Term,6,REP,Shawn Vedaa,1106
McHenry,State Senate Unexpired 2-Year Term,6,REP,write-in,2
McHenry,Tax Commissioner,,DEM,write-in,13
McHenry,Tax Commissioner,,REP,Brian Kroshus,1075
McHenry,Tax Commissioner,,REP,write-in,0
McHenry,U.S. House,1,DEM,Mark Haugen,188
McHenry,U.S. House,1,DEM,write-in,0
McHenry,U.S. House,1,REP,Kelly Armstrong,1113
McHenry,U.S. House,1,REP,write-in,4
McHenry,U.S. Senate,,DEM,Katrina Christiansen,133
McHenry,U.S. Senate,,DEM,Michael J Steele,51
McHenry,U.S. Senate,,DEM,write-in,0
McHenry,U.S. Senate,,REP,John Hoeven,856
McHenry,U.S. Senate,,REP,Riley Kuntz,315
McHenry,U.S. Senate,,REP,write-in,9
McIntosh,Agriculture Commissioner,,DEM,Fintan L Dooley,69
McIntosh,Agriculture Commissioner,,DEM,write-in,0
McIntosh,Agriculture Commissioner,,REP,Doug Goehring,748
McIntosh,Agriculture Commissioner,,REP,write-in,2
McIntosh,Attorney General,,DEM,Timothy Charles Lamb,69
McIntosh,Attorney General,,DEM,write-in,0
McIntosh,Attorney General,,REP,Drew Wrigley,712
McIntosh,Attorney General,,REP,write-in,2
McIntosh,Council Member Ashley,,,Darwin Golz,115
McIntosh,Council Member Ashley,,,Donald Kosel,127
McIntosh,Council Member Ashley,,,Jeremy Arlien,169
McIntosh,Council Member Ashley,,,Margaret (Maggie) Newhouse,129
McIntosh,Council Member Ashley,,,Randy Woehl,134
McIntosh,Council Member Ashley,,,Robert Meidinger,52
McIntosh,Council Member Ashley,,,write-in,0
McIntosh,Council Member Lehr,,,Dawn Dallman,22
McIntosh,Council Member Lehr,,,write-in,11
McIntosh,Council Member Unexpired 2-Year Term Ashley,,,Erich Schock,236
McIntosh,Council Member Unexpired 2-Year Term Ashley,,,write-in,1
McIntosh,Council Member Unexpired 2-Year Term Wishek,,,Larry Wald,289
McIntosh,Council Member Unexpired 2-Year Term Wishek,,,write-in,4
McIntosh,Council Member Unexpired 2-Year Term Zeeland City,,,Ryan Pfeifer,28
McIntosh,Council Member Unexpired 2-Year Term Zeeland City,,,write-in,2
McIntosh,Council Member Wishek,,,Jessica Welder,239
McIntosh,Council Member Wishek,,,Joe (Joseph) Huettl,113
McIntosh,Council Member Wishek,,,John Lake,147
McIntosh,Council Member Wishek,,,Katherine Klemetsrud,154
McIntosh,Council Member Wishek,,,Whittney Lipp,194
McIntosh,Council Member Wishek,,,write-in,9
McIntosh,Council Member Zeeland City,,,Alfred Schumacher,31
McIntosh,Council Member Zeeland City,,,Todd Dohn,27
McIntosh,Council Member Zeeland City,,,write-in,0
McIntosh,County Auditor McIntosh,,,Gina Ketterling,596
McIntosh,County Auditor McIntosh,,,Jason Lane,291
McIntosh,County Auditor McIntosh,,,write-in,1
McIntosh,County Commissioner at Large McIntosh,,,Jim Heinrich,608
McIntosh,County Commissioner at Large McIntosh,,,Neal Schnieder,442
McIntosh,County Commissioner at Large McIntosh,,,Neil Meidinger,543
McIntosh,County Commissioner at Large McIntosh,,,write-in,16
McIntosh,County Official Newspaper McIntosh,,,The Ashley Tribune,445
McIntosh,County Official Newspaper McIntosh,,,The Wishek Star,415
McIntosh,County Recorder/Clerk of District Court McIntosh,,,Carol Fey,818
McIntosh,County Recorder/Clerk of District Court McIntosh,,,write-in,7
McIntosh,County Sheriff McIntosh,,,Lucas J Kuntz,210
McIntosh,County Sheriff McIntosh,,,Steve Delzer,695
McIntosh,County Sheriff McIntosh,,,write-in,1
McIntosh,County State's Attorney McIntosh,,,Mary Depuydt,782
McIntosh,County State's Attorney McIntosh,,,write-in,7
McIntosh,County Treasurer McIntosh,,,Lanette Blumhardt,837
McIntosh,County Treasurer McIntosh,,,write-in,3
McIntosh,Judge of the District Court No. 2 Southeast,,,Leah J Viste,195
McIntosh,Judge of the District Court No. 2 Southeast,,,Nick D Thornton,215
McIntosh,Judge of the District Court No. 2 Southeast,,,Paul C Murphy,290
McIntosh,Judge of the District Court No. 2 Southeast,,,write-in,1
McIntosh,Judge of the District Court No. 4 Southeast,,,James D Hovey,719
McIntosh,Judge of the District Court No. 4 Southeast,,,write-in,0
McIntosh,Judge of the District Court No. 5 Southeast,,,Daniel D Narum,724
McIntosh,Judge of the District Court No. 5 Southeast,,,write-in,2
McIntosh,Judge of the District Court No. 6 Southeast,,,Jay Schmitz,709
McIntosh,Judge of the District Court No. 6 Southeast,,,write-in,0
McIntosh,Judge of the District Court No. 7 Southeast,,,Troy J LeFevre,706
McIntosh,Judge of the District Court No. 7 Southeast,,,write-in,0
McIntosh,Justice of the Supreme Court,,,Daniel J Crothers,730
McIntosh,Justice of the Supreme Court,,,write-in,0
McIntosh,Mayor Ashley,,,Kyle Thiery,200
McIntosh,Mayor Ashley,,,write-in,14
McIntosh,Mayor Lehr,,,write-in,8
McIntosh,Mayor Wishek,,,Brenda Soelberg-Dohn,268
McIntosh,Mayor Wishek,,,write-in,15
McIntosh,Mayor Zeeland City,,,Pius Lacher Jr,24
McIntosh,Mayor Zeeland City,,,write-in,8
McIntosh,Municipal Judge Ashley,,,Christopher Doane,123
McIntosh,Municipal Judge Ashley,,,Crystal Schaunaman,89
McIntosh,Municipal Judge Ashley,,,Paula Patterson,33
McIntosh,Municipal Judge Ashley,,,write-in,0
McIntosh,Municipal Judge Wishek,,,Perry Turner,294
McIntosh,Municipal Judge Wishek,,,write-in,1
McIntosh,Park Board Member Ashley Park,,,Gina Ketterling,198
McIntosh,Park Board Member Ashley Park,,,Quentin Schumacher,225
McIntosh,Park Board Member Ashley Park,,,Shawn Haugom,209
McIntosh,Park Board Member Ashley Park,,,write-in,4
McIntosh,Park Board Member Wishek Park,,,Eric Piatz,184
McIntosh,Park Board Member Wishek Park,,,Eric Sanders,123
McIntosh,Park Board Member Wishek Park,,,Ladonna Rohrbach,158
McIntosh,Park Board Member Wishek Park,,,Michael Martell,220
McIntosh,Park Board Member Wishek Park,,,Sara Gross,164
McIntosh,Park Board Member Wishek Park,,,write-in,10
McIntosh,Public Service Commissioner,,DEM,Melanie Moniz,70
McIntosh,Public Service Commissioner,,DEM,write-in,0
McIntosh,Public Service Commissioner,,REP,Julie Fedorchak,701
McIntosh,Public Service Commissioner,,REP,write-in,1
McIntosh,Public Service Commissioner Unexpired 4-Year Term,,DEM,Trygve Hammer,70
McIntosh,Public Service Commissioner Unexpired 4-Year Term,,DEM,write-in,0
McIntosh,Public Service Commissioner Unexpired 4-Year Term,,REP,Sheri Haugen-Hoffart,687
McIntosh,Public Service Commissioner Unexpired 4-Year Term,,REP,write-in,1
McIntosh,Sales Tax Rate Increase and Allocation Change Wishek,,,No,111
McIntosh,Sales Tax Rate Increase and Allocation Change Wishek,,,Yes,180
McIntosh,Secretary of State,,DEM,Jeffrey Powell,71
McIntosh,Secretary of State,,DEM,write-in,0
McIntosh,Secretary of State,,REP,Marvin Lepp,332
McIntosh,Secretary of State,,REP,Michael Howe,374
McIntosh,Secretary of State,,REP,write-in,0
McIntosh,State House Unexpired 2-Year Term,28,DEM,Sharon Ulmer,68
McIntosh,State House Unexpired 2-Year Term,28,DEM,write-in,0
McIntosh,State House Unexpired 2-Year Term,28,REP,Darcy A Meier,254
McIntosh,State House Unexpired 2-Year Term,28,REP,Jim Grueneich,402
McIntosh,State House Unexpired 2-Year Term,28,REP,Josh Loegering,195
McIntosh,State House Unexpired 2-Year Term,28,REP,Mike Brandenburg,544
McIntosh,State House Unexpired 2-Year Term,28,REP,Sam Leppert,83
McIntosh,State House Unexpired 2-Year Term,28,REP,write-in,0
McIntosh,State Senate Unexpired 2-Year Term,28,DEM,write-in,2
McIntosh,State Senate Unexpired 2-Year Term,28,REP,Robert (Bob) Erbele,570
McIntosh,State Senate Unexpired 2-Year Term,28,REP,Sebastian (Seabass) Ertelt,230
McIntosh,State Senate Unexpired 2-Year Term,28,REP,write-in,0
McIntosh,Tax Commissioner,,DEM,write-in,4
McIntosh,Tax Commissioner,,REP,Brian Kroshus,709
McIntosh,Tax Commissioner,,REP,write-in,0
McIntosh,U.S. House,1,DEM,Mark Haugen,71
McIntosh,U.S. House,1,DEM,write-in,0
McIntosh,U.S. House,1,REP,Kelly Armstrong,741
McIntosh,U.S. House,1,REP,write-in,2
McIntosh,U.S. Senate,,DEM,Katrina Christiansen,57
McIntosh,U.S. Senate,,DEM,Michael J Steele,14
McIntosh,U.S. Senate,,DEM,write-in,0
McIntosh,U.S. Senate,,REP,John Hoeven,639
McIntosh,U.S. Senate,,REP,Riley Kuntz,145
McIntosh,U.S. Senate,,REP,write-in,4
McKenzie,Agriculture Commissioner,,DEM,Fintan L Dooley,128
McKenzie,Agriculture Commissioner,,DEM,write-in,0
McKenzie,Agriculture Commissioner,,REP,Doug Goehring,994
McKenzie,Agriculture Commissioner,,REP,write-in,2
McKenzie,Attorney General,,DEM,Timothy Charles Lamb,131
McKenzie,Attorney General,,DEM,write-in,0
McKenzie,Attorney General,,REP,Drew Wrigley,967
McKenzie,Attorney General,,REP,write-in,4
McKenzie,Council Member Alexander,,,Chet Thompson,38
McKenzie,Council Member Alexander,,,Joseph Mrachek,14
McKenzie,Council Member Alexander,,,Tyler Fixen,36
McKenzie,Council Member Alexander,,,write-in,0
McKenzie,Council Member Arnegard,,,Jeffrey Kindel,26
McKenzie,Council Member Arnegard,,,Ken Ross,8
McKenzie,Council Member Arnegard,,,Mark Bakke,26
McKenzie,Council Member Arnegard,,,Michael Dyer,7
McKenzie,Council Member Arnegard,,,Rebecca Elliot,20
McKenzie,Council Member Arnegard,,,Seth Vander Ley,18
McKenzie,Council Member Arnegard,,,write-in,1
McKenzie,Council Member Watford City,,,Chelsea Bulzomi,192
McKenzie,Council Member Watford City,,,Heidi Brenna,170
McKenzie,Council Member Watford City,,,Jessica Everman,63
McKenzie,Council Member Watford City,,,Lance Renville,196
McKenzie,Council Member Watford City,,,Lindsay Veeder,128
McKenzie,Council Member Watford City,,,Steven J Sanford,278
McKenzie,Council Member Watford City,,,write-in,0
McKenzie,County Auditor/Treasurer McKenzie,,,Erica Johnsrud,693
McKenzie,County Auditor/Treasurer McKenzie,,,Keith Tschetter,548
McKenzie,County Auditor/Treasurer McKenzie,,,write-in,0
McKenzie,County Commissioner McKenzie,,,Dustin Newman,198
McKenzie,County Commissioner McKenzie,,,Howdy Lawlar,661
McKenzie,County Commissioner McKenzie,,,Kathy Skarda,759
McKenzie,County Commissioner McKenzie,,,Thomas McCabe,584
McKenzie,County Commissioner McKenzie,,,Tommy Glover,167
McKenzie,County Commissioner McKenzie,,,write-in,3
McKenzie,County Official Newspaper McKenzie,,,McKenzie County Farmer,1094
McKenzie,County Recorder McKenzie,,,Katie Paulson,1101
McKenzie,County Recorder McKenzie,,,write-in,7
McKenzie,County Sheriff McKenzie,,,Matthew Johansen,1057
McKenzie,County Sheriff McKenzie,,,write-in,34
McKenzie,County State's Attorney McKenzie,,,Ty Leland Skarda,1103
McKenzie,County State's Attorney McKenzie,,,write-in,8
McKenzie,General Bond Obligation Yellowstone SD#14,,,No,17
McKenzie,General Bond Obligation Yellowstone SD#14,,,Yes,84
McKenzie,Home Rule Charter Arnegard,,,No,19
McKenzie,Home Rule Charter Arnegard,,,Yes,30
McKenzie,Judge of the District Court No. 1 Northwest,,,Josh B Rustad,1006
McKenzie,Judge of the District Court No. 1 Northwest,,,write-in,6
McKenzie,Judge of the District Court No. 5 Northwest,,,Daniel S El-Dweek,993
McKenzie,Judge of the District Court No. 5 Northwest,,,write-in,8
McKenzie,Judge of the District Court No. 6 Northwest,,,Kirsten M Sjue,956
McKenzie,Judge of the District Court No. 6 Northwest,,,write-in,4
McKenzie,Justice of the Supreme Court,,,Daniel J Crothers,986
McKenzie,Justice of the Supreme Court,,,write-in,5
McKenzie,Mayor Arnegard,,,Lowell Mosby,40
McKenzie,Mayor Arnegard,,,write-in,4
McKenzie,Mayor Watford City,,,Philip K Riely,330
McKenzie,Mayor Watford City,,,write-in,4
McKenzie,Park Board Member Alexander Park,,,Christopher Gillespie,42
McKenzie,Park Board Member Alexander Park,,,Stacey Mrachek,28
McKenzie,Park Board Member Alexander Park,,,Suzanne Simpson,14
McKenzie,Park Board Member Alexander Park,,,write-in,2
McKenzie,Park Board Member Arnegard Park,,,write-in,7
McKenzie,Park Board Member Watford City Park,,,Katie Walters,296
McKenzie,Park Board Member Watford City Park,,,Mark Sparby,274
McKenzie,Park Board Member Watford City Park,,,write-in,22
McKenzie,Public Service Commissioner,,DEM,Melanie Moniz,132
McKenzie,Public Service Commissioner,,DEM,write-in,0
McKenzie,Public Service Commissioner,,REP,Julie Fedorchak,964
McKenzie,Public Service Commissioner,,REP,write-in,1
McKenzie,Public Service Commissioner Unexpired 4-Year Term,,DEM,Trygve Hammer,129
McKenzie,Public Service Commissioner Unexpired 4-Year Term,,DEM,write-in,1
McKenzie,Public Service Commissioner Unexpired 4-Year Term,,REP,Sheri Haugen-Hoffart,928
McKenzie,Public Service Commissioner Unexpired 4-Year Term,,REP,write-in,2
McKenzie,Publication of Minutes Alexander SD#2,,,No,13
McKenzie,Publication of Minutes Alexander SD#2,,,Yes,104
McKenzie,Publication of Minutes Arnegard,,,No,9
McKenzie,Publication of Minutes Arnegard,,,Yes,44
McKenzie,Publication of Minutes McKenzie SD#1,,,No,64
McKenzie,Publication of Minutes McKenzie SD#1,,,Yes,858
McKenzie,Publication of Minutes Yellowstone SD#14,,,No,16
McKenzie,Publication of Minutes Yellowstone SD#14,,,Yes,83
McKenzie,School Board Member Alexander SD#2,,,Brady Hanna,80
McKenzie,School Board Member Alexander SD#2,,,Cameron Wahlstrom,97
McKenzie,School Board Member Alexander SD#2,,,Lashell Mugg-Tjelde,92
McKenzie,School Board Member Alexander SD#2,,,write-in,19
McKenzie,School Board Member Area 1 McKenzie SD#1,,,Alex Quale,800
McKenzie,School Board Member Area 1 McKenzie SD#1,,,write-in,4
McKenzie,School Board Member Areas 2 & 3 McKenzie SD#1,,,Dia Northrop,809
McKenzie,School Board Member Areas 2 & 3 McKenzie SD#1,,,write-in,6
McKenzie,School Board Member Areas 4 & 5 McKenzie SD#1,,,Jake Pennington,787
McKenzie,School Board Member Areas 4 & 5 McKenzie SD#1,,,write-in,4
McKenzie,School Board Member Yellowstone SD#14,,,Britt Poulsen,75
McKenzie,School Board Member Yellowstone SD#14,,,Doug Gullikson,84
McKenzie,School Board Member Yellowstone SD#14,,,Harvey Asbeck,82
McKenzie,School Board Member Yellowstone SD#14,,,write-in,0
McKenzie,Secretary of State,,DEM,Jeffrey Powell,129
McKenzie,Secretary of State,,DEM,write-in,0
McKenzie,Secretary of State,,REP,Marvin Lepp,276
McKenzie,Secretary of State,,REP,Michael Howe,611
McKenzie,Secretary of State,,REP,write-in,0
McKenzie,State House Unexpired 2-Year Term,26,DEM,write-in,4
McKenzie,State House Unexpired 2-Year Term,26,REP,Jeremy Olson,805
McKenzie,State House Unexpired 2-Year Term,26,REP,Kelby Timmons,737
McKenzie,State House Unexpired 2-Year Term,26,REP,write-in,11
McKenzie,State House Unexpired 2-Year Term,4a,DEM,Lisa Finley-DeVille,37
McKenzie,State House Unexpired 2-Year Term,4a,DEM,Thomasina Mandan,17
McKenzie,State House Unexpired 2-Year Term,4a,DEM,write-in,0
McKenzie,State House Unexpired 2-Year Term,4a,REP,Terry Burton Jones,1
McKenzie,State House Unexpired 2-Year Term,4a,REP,write-in,0
McKenzie,State Senate Unexpired 2-Year Term,26,DEM,write-in,4
McKenzie,State Senate Unexpired 2-Year Term,26,REP,Dale Patten,1013
McKenzie,State Senate Unexpired 2-Year Term,26,REP,write-in,6
McKenzie,Tax Commissioner,,DEM,write-in,9
McKenzie,Tax Commissioner,,REP,Brian Kroshus,955
McKenzie,Tax Commissioner,,REP,write-in,3
McKenzie,U.S. House,1,DEM,Mark Haugen,131
McKenzie,U.S. House,1,DEM,write-in,0
McKenzie,U.S. House,1,REP,Kelly Armstrong,1019
McKenzie,U.S. House,1,REP,write-in,5
McKenzie,U.S. Senate,,DEM,Katrina Christiansen,102
McKenzie,U.S. Senate,,DEM,Michael J Steele,34
McKenzie,U.S. Senate,,DEM,write-in,0
McKenzie,U.S. Senate,,REP,John Hoeven,854
McKenzie,U.S. Senate,,REP,Riley Kuntz,238
McKenzie,U.S. Senate,,REP,write-in,9
McLean,Agriculture Commissioner,,DEM,Fintan L Dooley,291
McLean,Agriculture Commissioner,,DEM,write-in,0
McLean,Agriculture Commissioner,,REP,Doug Goehring,1733
McLean,Agriculture Commissioner,,REP,write-in,2
McLean,Attorney General,,DEM,Timothy Charles Lamb,299
McLean,Attorney General,,DEM,write-in,1
McLean,Attorney General,,REP,Drew Wrigley,1699
McLean,Attorney General,,REP,write-in,6
McLean,Commission President Turtle Lake,,,Dianne M Zenker,86
McLean,Commission President Turtle Lake,,,write-in,7
McLean,Commission President Wilton,,,LeeAnn Domonoske-Kellar,88
McLean,Commission President Wilton,,,write-in,14
McLean,Commissioner Turtle Lake,,,Stacie Adams,85
McLean,Commissioner Turtle Lake,,,Tim Britton,80
McLean,Commissioner Turtle Lake,,,write-in,8
McLean,Commissioner Underwood,,,write-in,78
McLean,Commissioner Washburn,,,Jamie Weber,255
McLean,Commissioner Washburn,,,Keith Hapip Jr,161
McLean,Commissioner Washburn,,,Michael Herdt,143
McLean,Commissioner Washburn,,,write-in,8
McLean,Commissioner Wilton,,,James Schacher,99
McLean,Commissioner Wilton,,,John Clausen,71
McLean,Commissioner Wilton,,,write-in,19
McLean,Council Member Benedict,,,Jonnie Lambert,12
McLean,Council Member Benedict,,,Teresa Barrette,15
McLean,Council Member Benedict,,,write-in,36
McLean,Council Member Butte,,,Christopher Haugen,8
McLean,Council Member Butte,,,Mirissa Anderson,22
McLean,Council Member Butte,,,Perry Moseanko,19
McLean,Council Member Butte,,,write-in,1
McLean,Council Member Coleharbor,,,Doc Schieve,17
McLean,Council Member Coleharbor,,,Justin Pochant,12
McLean,Council Member Coleharbor,,,write-in,2
McLean,Council Member Garrison,,,Bree Diffely,229
McLean,Council Member Garrison,,,Cecil Osterlund,86
McLean,Council Member Garrison,,,David Reinarts,202
McLean,Council Member Garrison,,,Shannon Jeffers,233
McLean,Council Member Garrison,,,write-in,14
McLean,Council Member Max,,,Cody Swanson,55
McLean,Council Member Max,,,Nancy Gullickson,38
McLean,Council Member Max,,,Roger Westman,43
McLean,Council Member Max,,,Shawn Fritel,52
McLean,Council Member Max,,,write-in,0
McLean,Council Member Mercer,,,Gary Volochenko,17
McLean,Council Member Mercer,,,write-in,32
McLean,Council Member Riverdale,,,Dave Fryda,68
McLean,Council Member Riverdale,,,Jonna Taylor,50
McLean,Council Member Riverdale,,,Michael Dirk,81
McLean,Council Member Riverdale,,,write-in,2
McLean,Council Member Ruso,,,Terry Roloson,2
McLean,Council Member Ruso,,,write-in,0
McLean,Council Member Unexpired 2-Year Term Benedict,,,AshLynn Barrette,14
McLean,Council Member Unexpired 2-Year Term Benedict,,,Brandy Braddam,13
McLean,Council Member Unexpired 2-Year Term Benedict,,,write-in,34
McLean,Council Member Unexpired 2-Year Term Coleharbor,,,Breanna Lemer,17
McLean,Council Member Unexpired 2-Year Term Coleharbor,,,write-in,0
McLean,County Auditor McLean,,,Beth A Knutson,1932
McLean,County Auditor McLean,,,write-in,7
McLean,County Commissioner McLean - District 1,,,Steve Cottingham,1828
McLean,County Commissioner McLean - District 1,,,write-in,34
McLean,County Commissioner McLean - District 3,,,Steven J Lee,1912
McLean,County Commissioner McLean - District 3,,,write-in,9
McLean,County Official Newspaper McLean,,,McLean County Independent,1330
McLean,County Official Newspaper McLean,,,The Leader-News,785
McLean,County Recorder McLean,,,Heidi J Anderson,1935
McLean,County Recorder McLean,,,write-in,5
McLean,County Road Mill Levy Measure 28 - McLean,,,No,642
McLean,County Road Mill Levy Measure 28 - McLean,,,Yes,1485
McLean,County Sheriff McLean,,,"Jerry M ""J.R."" Kerzmann",1918
McLean,County Sheriff McLean,,,write-in,37
McLean,County State's Attorney McLean,,,Ladd R Erickson,1828
McLean,County State's Attorney McLean,,,write-in,27
McLean,"Director, Garrison Diversion Conservancy McLean",,,Margo Knorr,1794
McLean,"Director, Garrison Diversion Conservancy McLean",,,write-in,11
McLean,Judge of the District Court No. 10 Unexpired 4-Year Term South Central,,,Pamela Nesvig,1826
McLean,Judge of the District Court No. 10 Unexpired 4-Year Term South Central,,,write-in,3
McLean,Judge of the District Court No. 2 South Central,,,Douglas A Bahr,1825
McLean,Judge of the District Court No. 2 South Central,,,write-in,7
McLean,Judge of the District Court No. 5 South Central,,,Cynthia M Feland,1844
McLean,Judge of the District Court No. 5 South Central,,,write-in,5
McLean,Judge of the District Court No. 6 Unexpired 4-Year Term South Central,,,Bobbi Weiler,1823
McLean,Judge of the District Court No. 6 Unexpired 4-Year Term South Central,,,write-in,4
McLean,Justice of the Supreme Court,,,Daniel J Crothers,1836
McLean,Justice of the Supreme Court,,,write-in,4
McLean,Mayor Coleharbor,,,Heith Pochant,12
McLean,Mayor Coleharbor,,,write-in,3
McLean,Mayor Garrison,,,Stuart Merry,248
McLean,Mayor Garrison,,,write-in,8
McLean,Mayor Max,,,Aaron Zabka,65
McLean,Mayor Max,,,Warren Huettl,30
McLean,Mayor Max,,,write-in,0
McLean,Mayor Mercer,,,Erika Lorenz-Perry,13
McLean,Mayor Mercer,,,James Privratsky,25
McLean,Mayor Mercer,,,write-in,1
McLean,Mayor Riverdale,,,Alexander Taylor,71
McLean,Mayor Riverdale,,,write-in,29
McLean,Mayor Ruso,,,Greg Schmaltz,2
McLean,Mayor Ruso,,,write-in,0
McLean,Mayor Unexpired 2-Year Term Benedict,,,Randy Tomlinson,14
McLean,Mayor Unexpired 2-Year Term Benedict,,,write-in,17
McLean,Mayor Unexpired 2-Year Term Butte,,,Amy Nechiporenko,21
McLean,Mayor Unexpired 2-Year Term Butte,,,write-in,2
McLean,Municipal Judge Turtle Lake,,,Aileen Erdmann,92
McLean,Municipal Judge Turtle Lake,,,write-in,3
McLean,Municipal Judge Underwood,,,write-in,28
McLean,Park Board Commissioner Unexpired 2-Year Term Riverdale Park,,,Brent Charging,88
McLean,Park Board Commissioner Unexpired 2-Year Term Riverdale Park,,,write-in,1
McLean,Park Board Member Garrison Park,,,Danielle Rensch,246
McLean,Park Board Member Garrison Park,,,Laura Hellebush,254
McLean,Park Board Member Garrison Park,,,write-in,5
McLean,Park Board Member Max Park,,,Emilee Wheeler,91
McLean,Park Board Member Max Park,,,write-in,30
McLean,Park Board Member Riverdale Park,,,Gary Nordstrom,79
McLean,Park Board Member Riverdale Park,,,Kevin Dockter,91
McLean,Park Board Member Riverdale Park,,,write-in,4
McLean,Park Board Member Turtle Lake Park,,,Isaac Sondrol,90
McLean,Park Board Member Turtle Lake Park,,,Jerome Huelsman,90
McLean,Park Board Member Turtle Lake Park,,,Randal Anderson,89
McLean,Park Board Member Turtle Lake Park,,,write-in,3
McLean,Park Board Member Underwood Park,,,write-in,67
McLean,Park Board Member Unexpired 2-Year Term Garrison Park,,,Brittany Phillips,247
McLean,Park Board Member Unexpired 2-Year Term Garrison Park,,,write-in,1
McLean,Park Board Member Washburn Park,,,write-in,122
McLean,Park Board Member Wilton Park,,,write-in,101
McLean,Public Service Commissioner,,DEM,Melanie Moniz,298
McLean,Public Service Commissioner,,DEM,write-in,2
McLean,Public Service Commissioner,,REP,Julie Fedorchak,1684
McLean,Public Service Commissioner,,REP,write-in,4
McLean,Public Service Commissioner Unexpired 4-Year Term,,DEM,Trygve Hammer,298
McLean,Public Service Commissioner Unexpired 4-Year Term,,DEM,write-in,0
McLean,Public Service Commissioner Unexpired 4-Year Term,,REP,Sheri Haugen-Hoffart,1642
McLean,Public Service Commissioner Unexpired 4-Year Term,,REP,write-in,1
McLean,Sales & Use Tax Administrator Wilton,,,Myron Basaraba,102
McLean,Sales & Use Tax Administrator Wilton,,,write-in,52
McLean,Secretary of State,,DEM,Jeffrey Powell,300
McLean,Secretary of State,,DEM,write-in,1
McLean,Secretary of State,,REP,Marvin Lepp,580
McLean,Secretary of State,,REP,Michael Howe,1047
McLean,Secretary of State,,REP,write-in,1
McLean,State House,33,DEM,write-in,1
McLean,State House,33,REP,Andrew Zachmeier,98
McLean,State House,33,REP,Anna Novak,265
McLean,State House,33,REP,Bill Tveit,429
McLean,State House,33,REP,Jeff Delzer,451
McLean,State House,33,REP,Mark L Pierce,191
McLean,State House,33,REP,write-in,0
McLean,State House Unexpired 2-Year Term,4a,DEM,Lisa Finley-DeVille,28
McLean,State House Unexpired 2-Year Term,4a,DEM,Thomasina Mandan,21
McLean,State House Unexpired 2-Year Term,4a,DEM,write-in,0
McLean,State House Unexpired 2-Year Term,4a,REP,Terry Burton Jones,47
McLean,State House Unexpired 2-Year Term,4a,REP,write-in,1
McLean,State House Unexpired 2-Year Term,4b,DEM,write-in,6
McLean,State House Unexpired 2-Year Term,4b,REP,Clayton Fegley,429
McLean,State House Unexpired 2-Year Term,4b,REP,write-in,0
McLean,State House Unexpired 2-Year Term,8,DEM,write-in,0
McLean,State House Unexpired 2-Year Term,8,REP,Brandon Prichard,47
McLean,State House Unexpired 2-Year Term,8,REP,Mike Berg,48
McLean,State House Unexpired 2-Year Term,8,REP,Scott McCarthy,41
McLean,State House Unexpired 2-Year Term,8,REP,SuAnn Olson,68
McLean,State House Unexpired 2-Year Term,8,REP,write-in,0
McLean,State Senate,33,DEM,write-in,1
McLean,State Senate,33,REP,Jessica Unruh Bell,315
McLean,State Senate,33,REP,Keith Boehm,416
McLean,State Senate,33,REP,write-in,0
McLean,State Senate Unexpired 2-Year Term,6,DEM,write-in,10
McLean,State Senate Unexpired 2-Year Term,6,REP,Shawn Vedaa,427
McLean,State Senate Unexpired 2-Year Term,6,REP,write-in,2
McLean,State Senate Unexpired 2-Year Term,8,DEM,write-in,1
McLean,State Senate Unexpired 2-Year Term,8,REP,Dave Nehring,55
McLean,State Senate Unexpired 2-Year Term,8,REP,Jeffery J Magrum,48
McLean,State Senate Unexpired 2-Year Term,8,REP,write-in,0
McLean,Tax Commissioner,,DEM,write-in,19
McLean,Tax Commissioner,,REP,Brian Kroshus,1670
McLean,Tax Commissioner,,REP,write-in,0
McLean,U.S. House,1,DEM,Mark Haugen,307
McLean,U.S. House,1,DEM,write-in,0
McLean,U.S. House,1,REP,Kelly Armstrong,1721
McLean,U.S. House,1,REP,write-in,12
McLean,U.S. Senate,,DEM,Katrina Christiansen,221
McLean,U.S. Senate,,DEM,Michael J Steele,83
McLean,U.S. Senate,,DEM,write-in,0
McLean,U.S. Senate,,REP,John Hoeven,1390
McLean,U.S. Senate,,REP,Riley Kuntz,430
McLean,U.S. Senate,,REP,write-in,14
Mercer,Agriculture Commissioner,,DEM,Fintan L Dooley,191
Mercer,Agriculture Commissioner,,DEM,write-in,0
Mercer,Agriculture Commissioner,,REP,Doug Goehring,2130
Mercer,Agriculture Commissioner,,REP,write-in,5
Mercer,Attorney General,,DEM,Timothy Charles Lamb,200
Mercer,Attorney General,,DEM,write-in,0
Mercer,Attorney General,,REP,Drew Wrigley,2109
Mercer,Attorney General,,REP,write-in,3
Mercer,Commission President Hazen,,,Jerry Obenauer,587
Mercer,Commission President Hazen,,,write-in,11
Mercer,Commissioner Hazen,,,Dustin Wiedrich,436
Mercer,Commissioner Hazen,,,Jason Haack,424
Mercer,Commissioner Hazen,,,Nancy Wolf,366
Mercer,Commissioner Hazen,,,write-in,6
Mercer,Council Member Beulah Ward 1,,,David Czywczynski,245
Mercer,Council Member Beulah Ward 1,,,write-in,3
Mercer,Council Member Beulah Ward 2,,,Jason Isaak,211
Mercer,Council Member Beulah Ward 2,,,write-in,1
Mercer,Council Member Beulah Ward 3,,,Auston Biles,127
Mercer,Council Member Beulah Ward 3,,,Kurt Zazeski,89
Mercer,Council Member Beulah Ward 3,,,write-in,0
Mercer,Council Member Beulah Ward 4,,,Gerold Miller,124
Mercer,Council Member Beulah Ward 4,,,write-in,6
Mercer,Council Member Golden Valley,,,Kyle Lukenbach,29
Mercer,Council Member Golden Valley,,,Rodney Brecht,31
Mercer,Council Member Golden Valley,,,write-in,2
Mercer,Council Member Pick City,,,Lori Davis,28
Mercer,Council Member Pick City,,,Scott Bather,26
Mercer,Council Member Pick City,,,write-in,0
Mercer,Council Member Stanton,,,write-in,46
Mercer,Council Member Unexpired 2-Year Term Beulah Ward 1,,,Amanda Mohl,229
Mercer,Council Member Unexpired 2-Year Term Beulah Ward 1,,,write-in,5
Mercer,Council Member Zap,,,Roy Entze,33
Mercer,Council Member Zap,,,Tamara Gillig,35
Mercer,Council Member Zap,,,write-in,6
Mercer,County Auditor Mercer,,,Carmen Reed,1569
Mercer,County Auditor Mercer,,,Samantha Melberg,805
Mercer,County Auditor Mercer,,,write-in,5
Mercer,County Commissioner at Large Mercer,,,Gene Wolf,1169
Mercer,County Commissioner at Large Mercer,,,Jamee Folk,1046
Mercer,County Commissioner at Large Mercer,,,Jeff Gooss,736
Mercer,County Commissioner at Large Mercer,,,Jesse Schiferl,776
Mercer,County Commissioner at Large Mercer,,,Kari Bjerke Cutting,1026
Mercer,County Commissioner at Large Mercer,,,Marvin Schwehr,675
Mercer,County Commissioner at Large Mercer,,,Rick Bauman,1192
Mercer,County Commissioner at Large Mercer,,,Steven Eid,502
Mercer,County Commissioner at Large Mercer,,,write-in,11
Mercer,County Official Newspaper Mercer,,,Hazen Star,1292
Mercer,County Official Newspaper Mercer,,,The Beacon,1339
Mercer,County Recorder Mercer,,,Shannan F. Senger,2220
Mercer,County Recorder Mercer,,,write-in,6
Mercer,County Road & Bridge Levy 29 - Mercer,,,No,1287
Mercer,County Road & Bridge Levy 29 - Mercer,,,Yes,1111
Mercer,County Sheriff Mercer,,,Jim Wenning,1252
Mercer,County Sheriff Mercer,,,Terry Ternes,1346
Mercer,County Sheriff Mercer,,,write-in,1
Mercer,County State's Attorney Mercer,,,Todd A. Schwarz,2145
Mercer,County State's Attorney Mercer,,,write-in,18
Mercer,County Treasurer Mercer,,,Dawn Grannis,2254
Mercer,County Treasurer Mercer,,,write-in,3
Mercer,"Director, Southwest Water Authority Mercer",,,Kaylene Klein,2215
Mercer,"Director, Southwest Water Authority Mercer",,,write-in,3
Mercer,Judge of the District Court No. 10 Unexpired 4-Year Term South Central,,,Pamela Nesvig,2122
Mercer,Judge of the District Court No. 10 Unexpired 4-Year Term South Central,,,write-in,5
Mercer,Judge of the District Court No. 2 South Central,,,Douglas A Bahr,2141
Mercer,Judge of the District Court No. 2 South Central,,,write-in,5
Mercer,Judge of the District Court No. 5 South Central,,,Cynthia M Feland,2157
Mercer,Judge of the District Court No. 5 South Central,,,write-in,5
Mercer,Judge of the District Court No. 6 Unexpired 4-Year Term South Central,,,Bobbi Weiler,2133
Mercer,Judge of the District Court No. 6 Unexpired 4-Year Term South Central,,,write-in,6
Mercer,Justice of the Supreme Court,,,Daniel J Crothers,2148
Mercer,Justice of the Supreme Court,,,write-in,4
Mercer,Mayor Beulah,,,Jeff Gooss,470
Mercer,Mayor Beulah,,,Travis Frey,451
Mercer,Mayor Beulah,,,write-in,2
Mercer,Mayor Golden Valley,,,Kenton Richau,34
Mercer,Mayor Golden Valley,,,write-in,0
Mercer,Mayor Pick City,,,Arvid Anderson,29
Mercer,Mayor Pick City,,,write-in,1
Mercer,Mayor Zap,,,Jeffrey Jarrard,13
Mercer,Mayor Zap,,,Michael Duttenhefner,30
Mercer,Mayor Zap,,,write-in,1
Mercer,Municipal Judge Hazen,,,Amanda Dunn,189
Mercer,Municipal Judge Hazen,,,Myron Stern,456
Mercer,Municipal Judge Hazen,,,write-in,1
Mercer,Municipal Judge Pick City,,,Myron Stern,27
Mercer,Municipal Judge Pick City,,,write-in,0
Mercer,Park Board Commissioner Beulah Park,,,Kendra Hellebust,750
Mercer,Park Board Commissioner Beulah Park,,,write-in,90
Mercer,Park Board Commissioner Hazen Park,,,Aaron Wick,499
Mercer,Park Board Commissioner Hazen Park,,,Austin Lindemann,404
Mercer,Park Board Commissioner Hazen Park,,,Brent Hysjulien,504
Mercer,Park Board Commissioner Hazen Park,,,Matthew LeMasters,363
Mercer,Park Board Commissioner Hazen Park,,,write-in,5
Mercer,Park Board Member Stanton Park,,,write-in,58
Mercer,Park Board Member Unexpired 2-Year Term Zap Park,,,James Frank,37
Mercer,Park Board Member Unexpired 2-Year Term Zap Park,,,write-in,2
Mercer,Park Board Member Zap Park,,,Diane Kasanke,17
Mercer,Park Board Member Zap Park,,,write-in,45
Mercer,Public Service Commissioner,,DEM,Melanie Moniz,198
Mercer,Public Service Commissioner,,DEM,write-in,0
Mercer,Public Service Commissioner,,REP,Julie Fedorchak,2080
Mercer,Public Service Commissioner,,REP,write-in,8
Mercer,Public Service Commissioner Unexpired 4-Year Term,,DEM,Trygve Hammer,194
Mercer,Public Service Commissioner Unexpired 4-Year Term,,DEM,write-in,0
Mercer,Public Service Commissioner Unexpired 4-Year Term,,REP,Sheri Haugen-Hoffart,2040
Mercer,Public Service Commissioner Unexpired 4-Year Term,,REP,write-in,8
Mercer,Publication of City Governing Body Minutes Stanton,,,No,5
Mercer,Publication of City Governing Body Minutes Stanton,,,Yes,95
Mercer,Publication of School District Minutes Center/Stanton School District,,,No,7
Mercer,Publication of School District Minutes Center/Stanton School District,,,Yes,184
Mercer,School Board Member - Center Seat Center/Stanton School District,,,Christopher Albers,75
Mercer,School Board Member - Center Seat Center/Stanton School District,,,Richard Schmidt,74
Mercer,School Board Member - Center Seat Center/Stanton School District,,,Shiloh Becher,15
Mercer,School Board Member - Center Seat Center/Stanton School District,,,write-in,1
Mercer,School Board Member - Stanton Seat Center/Stanton School District,,,write-in,31
Mercer,School Board Member Beulah School,,,Autumn Serna,511
Mercer,School Board Member Beulah School,,,Douglas Moore,969
Mercer,School Board Member Beulah School,,,Kory McGraw,854
Mercer,School Board Member Beulah School,,,write-in,7
Mercer,School Board Member Hazen #3 School Dist,,,Brian Nolan,713
Mercer,School Board Member Hazen #3 School Dist,,,Jennifer Wallender,864
Mercer,School Board Member Hazen #3 School Dist,,,write-in,3
Mercer,School Board Member at Large Center/Stanton School District,,,Kelly Erhardt,96
Mercer,School Board Member at Large Center/Stanton School District,,,Loren Henke,74
Mercer,School Board Member at Large Center/Stanton School District,,,write-in,0
Mercer,Secretary of State,,DEM,Jeffrey Powell,200
Mercer,Secretary of State,,DEM,write-in,0
Mercer,Secretary of State,,REP,Marvin Lepp,665
Mercer,Secretary of State,,REP,Michael Howe,1348
Mercer,Secretary of State,,REP,write-in,1
Mercer,State House,33,DEM,write-in,14
Mercer,State House,33,REP,Andrew Zachmeier,187
Mercer,State House,33,REP,Anna Novak,1386
Mercer,State House,33,REP,Bill Tveit,958
Mercer,State House,33,REP,Jeff Delzer,768
Mercer,State House,33,REP,Mark L Pierce,1254
Mercer,State House,33,REP,write-in,7
Mercer,State House Unexpired 2-Year Term,4a,DEM,Lisa Finley-DeVille,1
Mercer,State House Unexpired 2-Year Term,4a,DEM,Thomasina Mandan,0
Mercer,State House Unexpired 2-Year Term,4a,DEM,write-in,0
Mercer,State House Unexpired 2-Year Term,4a,REP,Terry Burton Jones,5
Mercer,State House Unexpired 2-Year Term,4a,REP,write-in,0
Mercer,State Senate,33,DEM,write-in,10
Mercer,State Senate,33,REP,Jessica Unruh Bell,1341
Mercer,State Senate,33,REP,Keith Boehm,1005
Mercer,State Senate,33,REP,write-in,0
Mercer,Tax Commissioner,,DEM,write-in,6
Mercer,Tax Commissioner,,REP,Brian Kroshus,2080
Mercer,Tax Commissioner,,REP,write-in,4
Mercer,U.S. House,1,DEM,Mark Haugen,200
Mercer,U.S. House,1,DEM,write-in,0
Mercer,U.S. House,1,REP,Kelly Armstrong,2133
Mercer,U.S. House,1,REP,write-in,23
Mercer,U.S. Senate,,DEM,Katrina Christiansen,140
Mercer,U.S. Senate,,DEM,Michael J Steele,59
Mercer,U.S. Senate,,DEM,write-in,0
Mercer,U.S. Senate,,REP,John Hoeven,1792
Mercer,U.S. Senate,,REP,Riley Kuntz,507
Mercer,U.S. Senate,,REP,write-in,16
Morton,Agriculture Commissioner,,DEM,Fintan L Dooley,454
Morton,Agriculture Commissioner,,DEM,write-in,6
Morton,Agriculture Commissioner,,REP,Doug Goehring,2368
Morton,Agriculture Commissioner,,REP,write-in,10
Morton,Attorney General,,DEM,Timothy Charles Lamb,463
Morton,Attorney General,,DEM,write-in,1
Morton,Attorney General,,REP,Drew Wrigley,2328
Morton,Attorney General,,REP,write-in,18
Morton,Commission President Flasher,,,Sherry Schmidt,23
Morton,Commission President Flasher,,,write-in,7
Morton,Commissioner Flasher,,,Shelly Meyhoff,29
Morton,Commissioner Flasher,,,Tamara Bartz,22
Morton,Commissioner Flasher,,,write-in,10
Morton,Commissioner Mandan,,,Bradley W Olson,1529
Morton,Commissioner Mandan,,,Dennis Rohr,1527
Morton,Commissioner Mandan,,,write-in,16
Morton,Commissioner Unexpired 2-Year Term Flasher,,,Chantel Kuhn,27
Morton,Commissioner Unexpired 2-Year Term Flasher,,,write-in,15
Morton,Council Member Almont,,,Kaitlin Brett,16
Morton,Council Member Almont,,,Kirby Dittus,15
Morton,Council Member Almont,,,Nathaniel Harter,22
Morton,Council Member Almont,,,Seth Feland,14
Morton,Council Member Almont,,,Sharmayne Erhardt,17
Morton,Council Member Almont,,,write-in,0
Morton,Council Member Glen Ullin,,,Brent Swanson,49
Morton,Council Member Glen Ullin,,,Kevin Emter,52
Morton,Council Member Glen Ullin,,,Wayne Fitterer,44
Morton,Council Member Glen Ullin,,,write-in,1
Morton,Council Member Hebron,,,Chester Brandt,95
Morton,Council Member Hebron,,,James Hong,93
Morton,Council Member Hebron,,,Patrick Mischel,62
Morton,Council Member Hebron,,,Steven Dittus,94
Morton,Council Member Hebron,,,write-in,4
Morton,Council Member New Salem,,,Bryan Moen,64
Morton,Council Member New Salem,,,Delton Kautzman,69
Morton,Council Member New Salem,,,Perrin Goetzfridt,66
Morton,Council Member New Salem,,,write-in,2
Morton,Council Member Unexpired 2-Year Term Glen Ullin,,,Chasity Orcutt,45
Morton,Council Member Unexpired 2-Year Term Glen Ullin,,,Douglas Martwick,50
Morton,Council Member Unexpired 2-Year Term Glen Ullin,,,write-in,19
Morton,County Auditor Morton,,,Dawn R Rhone,2626
Morton,County Auditor Morton,,,write-in,10
Morton,County Commissioner at Large Morton,,,Andrew (Andy) Zachmeier,2297
Morton,County Commissioner at Large Morton,,,Jackie Buckley,2443
Morton,County Commissioner at Large Morton,,,write-in,22
Morton,County Official Newspaper Morton,,,Mandan News,2524
Morton,County Recorder Morton,,,Nancy (Kihne) Seefeldt,2612
Morton,County Recorder Morton,,,write-in,4
Morton,County Sheriff Morton,,,Kyle Kirchmeier,2672
Morton,County Sheriff Morton,,,write-in,38
Morton,County State's Attorney Morton,,,Allen Michael Koppy,1333
Morton,County State's Attorney Morton,,,Gabrielle Goter,1517
Morton,County State's Attorney Morton,,,write-in,8
Morton,County Treasurer Morton,,,Kari Hatzenbuhler,2650
Morton,County Treasurer Morton,,,write-in,3
Morton,"Director, Southwest Water Authority Mandan",,,Bob Leingang,1655
Morton,"Director, Southwest Water Authority Mandan",,,write-in,9
Morton,"Director, Southwest Water Authority Morton",,,Bruce Engelhardt,2574
Morton,"Director, Southwest Water Authority Morton",,,write-in,8
Morton,Judge of the District Court No. 10 Unexpired 4-Year Term South Central,,,Pamela Nesvig,2520
Morton,Judge of the District Court No. 10 Unexpired 4-Year Term South Central,,,write-in,13
Morton,Judge of the District Court No. 2 South Central,,,Douglas A Bahr,2560
Morton,Judge of the District Court No. 2 South Central,,,write-in,13
Morton,Judge of the District Court No. 5 South Central,,,Cynthia M Feland,2548
Morton,Judge of the District Court No. 5 South Central,,,write-in,30
Morton,Judge of the District Court No. 6 Unexpired 4-Year Term South Central,,,Bobbi Weiler,2519
Morton,Judge of the District Court No. 6 Unexpired 4-Year Term South Central,,,write-in,15
Morton,Justice of the Supreme Court,,,Daniel J Crothers,2556
Morton,Justice of the Supreme Court,,,write-in,10
Morton,Mayor Hebron,,,Grant Walth,79
Morton,Mayor Hebron,,,Leroy Thomas,51
Morton,Mayor Hebron,,,write-in,0
Morton,Mayor New Salem,,,Lynette Fitterer,64
Morton,Mayor New Salem,,,write-in,4
Morton,Municipal Judge Flasher,,,write-in,2
Morton,Park Board Commissioner Mandan Park,,,Layn Mudder,1438
Morton,Park Board Commissioner Mandan Park,,,Miles Mehlhoff,1499
Morton,Park Board Commissioner Mandan Park,,,Stan Scott,1503
Morton,Park Board Commissioner Mandan Park,,,write-in,20
Morton,Park Board Member Flasher Park,,,Donnell Doll,30
Morton,Park Board Member Flasher Park,,,Jeannie Fitterer,33
Morton,Park Board Member Flasher Park,,,write-in,0
Morton,Park Board Member Glen Ullin Park,,,Adam Schantz,51
Morton,Park Board Member Glen Ullin Park,,,write-in,11
Morton,Park Board Member Hebron Park,,,Katie Keith,124
Morton,Park Board Member Hebron Park,,,write-in,32
Morton,Park Board Member New Salem Park,,,write-in,29
Morton,Park Board Member Unexpired 2-Year Term Glen Ullin Park,,,write-in,14
Morton,Public Service Commissioner,,DEM,Melanie Moniz,466
Morton,Public Service Commissioner,,DEM,write-in,0
Morton,Public Service Commissioner,,REP,Julie Fedorchak,2313
Morton,Public Service Commissioner,,REP,write-in,12
Morton,Public Service Commissioner Unexpired 4-Year Term,,DEM,Trygve Hammer,463
Morton,Public Service Commissioner Unexpired 4-Year Term,,DEM,write-in,1
Morton,Public Service Commissioner Unexpired 4-Year Term,,REP,Sheri Haugen-Hoffart,2242
Morton,Public Service Commissioner Unexpired 4-Year Term,,REP,write-in,10
Morton,School Board Member Mandan School District,,,Dustine Simmons,737
Morton,School Board Member Mandan School District,,,Heidi Schuchard,1118
Morton,School Board Member Mandan School District,,,Karmen Siirtola,900
Morton,School Board Member Mandan School District,,,Lori Furaus,991
Morton,School Board Member Mandan School District,,,Lorraine Davis,785
Morton,School Board Member Mandan School District,,,Savannah Schmidt,982
Morton,School Board Member Mandan School District,,,Tom Peters,1224
Morton,School Board Member Mandan School District,,,write-in,11
Morton,School District Measure 1 Mandan School District,,,No,232
Morton,School District Measure 1 Mandan School District,,,Yes,2175
Morton,Secretary of State,,DEM,Jeffrey Powell,467
Morton,Secretary of State,,DEM,write-in,1
Morton,Secretary of State,,REP,Marvin Lepp,881
Morton,Secretary of State,,REP,Michael Howe,1441
Morton,Secretary of State,,REP,write-in,7
Morton,State House,31,DEM,Mike Faith,107
Morton,State House,31,DEM,write-in,3
Morton,State House,31,REP,Dawson Holle,430
Morton,State House,31,REP,Jim Schmidt,370
Morton,State House,31,REP,Karen Rohr,387
Morton,State House,31,REP,write-in,2
Morton,State House,33,DEM,write-in,5
Morton,State House,33,REP,Andrew Zachmeier,200
Morton,State House,33,REP,Anna Novak,155
Morton,State House,33,REP,Bill Tveit,198
Morton,State House,33,REP,Jeff Delzer,213
Morton,State House,33,REP,Mark L Pierce,135
Morton,State House,33,REP,write-in,0
Morton,State House Unexpired 2-Year Term,36,DEM,write-in,5
Morton,State House Unexpired 2-Year Term,36,REP,Dori Hauck,293
Morton,State House Unexpired 2-Year Term,36,REP,Gary Kreidt,267
Morton,State House Unexpired 2-Year Term,36,REP,write-in,0
Morton,State Senate,31,DEM,write-in,12
Morton,State Senate,31,REP,Donald Schaible,585
Morton,State Senate,31,REP,write-in,6
Morton,State Senate,33,DEM,write-in,5
Morton,State Senate,33,REP,Jessica Unruh Bell,150
Morton,State Senate,33,REP,Keith Boehm,332
Morton,State Senate,33,REP,write-in,2
Morton,State Senate Unexpired 2-Year Term,36,DEM,write-in,3
Morton,State Senate Unexpired 2-Year Term,36,REP,Jay Elkin,327
Morton,State Senate Unexpired 2-Year Term,36,REP,write-in,2
Morton,Tax Commissioner,,DEM,write-in,42
Morton,Tax Commissioner,,REP,Brian Kroshus,2306
Morton,Tax Commissioner,,REP,write-in,16
Morton,U.S. House,1,DEM,Mark Haugen,469
Morton,U.S. House,1,DEM,write-in,0
Morton,U.S. House,1,REP,Kelly Armstrong,2357
Morton,U.S. House,1,REP,write-in,28
Morton,U.S. Senate,,DEM,Katrina Christiansen,344
Morton,U.S. Senate,,DEM,Michael J Steele,131
Morton,U.S. Senate,,DEM,write-in,0
Morton,U.S. Senate,,REP,John Hoeven,1895
Morton,U.S. Senate,,REP,Riley Kuntz,673
Morton,U.S. Senate,,REP,write-in,25
Mountrail,Agriculture Commissioner,,DEM,Fintan L Dooley,139
Mountrail,Agriculture Commissioner,,DEM,write-in,3
Mountrail,Agriculture Commissioner,,REP,Doug Goehring,597
Mountrail,Agriculture Commissioner,,REP,write-in,1
Mountrail,Attorney General,,DEM,Timothy Charles Lamb,142
Mountrail,Attorney General,,DEM,write-in,0
Mountrail,Attorney General,,REP,Drew Wrigley,592
Mountrail,Attorney General,,REP,write-in,1
Mountrail,Council Member New Town,,,Frank Sillitti,62
Mountrail,Council Member New Town,,,Jesse Baker,82
Mountrail,Council Member New Town,,,write-in,1
Mountrail,Council Member Palermo City,,,write-in,20
Mountrail,Council Member Parshall,,,Barry Martens,30
Mountrail,Council Member Parshall,,,Robert Morenski,44
Mountrail,Council Member Parshall,,,write-in,17
Mountrail,Council Member Plaza City,,,Phillip Westgard,15
Mountrail,Council Member Plaza City,,,Rebecca Wold,13
Mountrail,Council Member Plaza City,,,write-in,1
Mountrail,Council Member Ross City,,,write-in,17
Mountrail,Council Member Stanley,,,Cory Rice,105
Mountrail,Council Member Stanley,,,George Littlecreek,139
Mountrail,Council Member Stanley,,,Lauren Frost,141
Mountrail,Council Member Stanley,,,Tyler Taylor,201
Mountrail,Council Member Stanley,,,Zachary Gaaskjolen,164
Mountrail,Council Member Stanley,,,write-in,2
Mountrail,Council Member White Earth City,,,Jerald Ogden,16
Mountrail,Council Member White Earth City,,,Van Rice,11
Mountrail,Council Member White Earth City,,,write-in,3
Mountrail,County Auditor Mountrail,,,Stephanie A Pappa,705
Mountrail,County Auditor Mountrail,,,write-in,5
Mountrail,County Commissioner Mountrail - District 2,,,Joan M Hollekim,678
Mountrail,County Commissioner Mountrail - District 2,,,write-in,8
Mountrail,County Commissioner Mountrail - District 3,,,Trudy Ruland,651
Mountrail,County Commissioner Mountrail - District 3,,,write-in,21
Mountrail,County Commissioner Mountrail - District 4,,,John Degroot,658
Mountrail,County Commissioner Mountrail - District 4,,,write-in,6
Mountrail,County Official Newspaper Mountrail,,,Mountrail County Promoter,590
Mountrail,County Official Newspaper Mountrail,,,New Town News,145
Mountrail,County Recorder Mountrail,,,Melissa Vachal,707
Mountrail,County Recorder Mountrail,,,write-in,3
Mountrail,County Sheriff Mountrail,,,Corey Bristol,714
Mountrail,County Sheriff Mountrail,,,write-in,22
Mountrail,County State's Attorney Mountrail,,,Wade G Enget,666
Mountrail,County State's Attorney Mountrail,,,write-in,6
Mountrail,County Treasurer Mountrail,,,Jessica Niemitalo,709
Mountrail,County Treasurer Mountrail,,,write-in,7
Mountrail,Judge of the District Court No. 2 North Central,,,Gary H Lee,685
Mountrail,Judge of the District Court No. 2 North Central,,,write-in,5
Mountrail,Judge of the District Court No. 5 North Central,,,Todd L Cresap,670
Mountrail,Judge of the District Court No. 5 North Central,,,write-in,3
Mountrail,Justice of the Supreme Court,,,Daniel J Crothers,663
Mountrail,Justice of the Supreme Court,,,write-in,3
Mountrail,Mayor New Town,,,Jay Standish,97
Mountrail,Mayor New Town,,,write-in,2
Mountrail,Mayor Parshall,,,Kyle Christianson,38
Mountrail,Mayor Parshall,,,write-in,9
Mountrail,Mayor Ross City,,,write-in,14
Mountrail,Mayor Stanley,,,Marlin Ranum,160
Mountrail,Mayor Stanley,,,Ryan Camino,106
Mountrail,Mayor Stanley,,,write-in,6
Mountrail,Municipal Judge Stanley,,,write-in,74
Mountrail,New Town City Publication of Minutes New Town,,,No,4
Mountrail,New Town City Publication of Minutes New Town,,,Yes,102
Mountrail,Palermo City Publication of Minutes Palermo City,,,No,1
Mountrail,Palermo City Publication of Minutes Palermo City,,,Yes,10
Mountrail,Park Board Member New Town Park,,,write-in,27
Mountrail,Park Board Member Parshall Park,,,Chris Kolk,50
Mountrail,Park Board Member Parshall Park,,,write-in,11
Mountrail,Park Board Member Stanley Park,,,Chris Schneider,214
Mountrail,Park Board Member Stanley Park,,,Matt Meiers,245
Mountrail,Park Board Member Stanley Park,,,write-in,60
Mountrail,Public Service Commissioner,,DEM,Melanie Moniz,147
Mountrail,Public Service Commissioner,,DEM,write-in,0
Mountrail,Public Service Commissioner,,REP,Julie Fedorchak,585
Mountrail,Public Service Commissioner,,REP,write-in,1
Mountrail,Public Service Commissioner Unexpired 4-Year Term,,DEM,Trygve Hammer,143
Mountrail,Public Service Commissioner Unexpired 4-Year Term,,DEM,write-in,0
Mountrail,Public Service Commissioner Unexpired 4-Year Term,,REP,Sheri Haugen-Hoffart,576
Mountrail,Public Service Commissioner Unexpired 4-Year Term,,REP,write-in,3
Mountrail,Publication of City Governing Body Minutes Parshall,,,No,3
Mountrail,Publication of City Governing Body Minutes Parshall,,,Yes,50
Mountrail,Secretary of State,,DEM,Jeffrey Powell,144
Mountrail,Secretary of State,,DEM,write-in,1
Mountrail,Secretary of State,,REP,Marvin Lepp,188
Mountrail,Secretary of State,,REP,Michael Howe,371
Mountrail,Secretary of State,,REP,write-in,3
Mountrail,State House Unexpired 2-Year Term,4a,DEM,Lisa Finley-DeVille,35
Mountrail,State House Unexpired 2-Year Term,4a,DEM,Thomasina Mandan,67
Mountrail,State House Unexpired 2-Year Term,4a,DEM,write-in,0
Mountrail,State House Unexpired 2-Year Term,4a,REP,Terry Burton Jones,116
Mountrail,State House Unexpired 2-Year Term,4a,REP,write-in,2
Mountrail,State House Unexpired 2-Year Term,4b,DEM,write-in,4
Mountrail,State House Unexpired 2-Year Term,4b,REP,Clayton Fegley,135
Mountrail,State House Unexpired 2-Year Term,4b,REP,write-in,0
Mountrail,Tax Commissioner,,DEM,write-in,18
Mountrail,Tax Commissioner,,REP,Brian Kroshus,578
Mountrail,Tax Commissioner,,REP,write-in,2
Mountrail,To Authorize Continuance of City Sales Tax Levy New Town,,,No,27
Mountrail,To Authorize Continuance of City Sales Tax Levy New Town,,,Yes,77
Mountrail,To Authorize Increase in City Sales Tax Levy New Town,,,No,39
Mountrail,To Authorize Increase in City Sales Tax Levy New Town,,,Yes,65
Mountrail,U.S. House,1,DEM,Mark Haugen,142
Mountrail,U.S. House,1,DEM,write-in,3
Mountrail,U.S. House,1,REP,Kelly Armstrong,586
Mountrail,U.S. House,1,REP,write-in,7
Mountrail,U.S. Senate,,DEM,Katrina Christiansen,95
Mountrail,U.S. Senate,,DEM,Michael J Steele,53
Mountrail,U.S. Senate,,DEM,write-in,1
Mountrail,U.S. Senate,,REP,John Hoeven,439
Mountrail,U.S. Senate,,REP,Riley Kuntz,176
Mountrail,U.S. Senate,,REP,write-in,5
Mountrail,White Earth City Measure Publication of City Governing Body Minutes White Earth City,,,No,2
Mountrail,White Earth City Measure Publication of City Governing Body Minutes White Earth City,,,Yes,15
Nelson,Agriculture Commissioner,,DEM,Fintan L Dooley,223
Nelson,Agriculture Commissioner,,DEM,write-in,0
Nelson,Agriculture Commissioner,,REP,Doug Goehring,636
Nelson,Agriculture Commissioner,,REP,write-in,0
Nelson,Attorney General,,DEM,Timothy Charles Lamb,222
Nelson,Attorney General,,DEM,write-in,1
Nelson,Attorney General,,REP,Drew Wrigley,634
Nelson,Attorney General,,REP,write-in,0
Nelson,Council Member Aneta,,,Kelly Kueber,44
Nelson,Council Member Aneta,,,Tomasz Zawada,22
Nelson,Council Member Aneta,,,Wallace Borah,50
Nelson,Council Member Aneta,,,write-in,2
Nelson,Council Member Lakota,,,Dan Ferguson,187
Nelson,Council Member Lakota,,,Dennis Fahey,140
Nelson,Council Member Lakota,,,Josh Nelson,183
Nelson,Council Member Lakota,,,Kara Schuh Koski,130
Nelson,Council Member Lakota,,,Robert Zeug,30
Nelson,Council Member Lakota,,,write-in,4
Nelson,Council Member McVille,,,Jeffrey Altendorf,95
Nelson,Council Member McVille,,,Melissa Joramo,89
Nelson,Council Member McVille,,,write-in,10
Nelson,Council Member Michigan,,,Jay Vasichek,86
Nelson,Council Member Michigan,,,write-in,28
Nelson,Council Member Pekin,,,Gary Beier,22
Nelson,Council Member Pekin,,,Rodney Haugland,18
Nelson,Council Member Pekin,,,write-in,1
Nelson,Council Member Petersburg,,,Brian Johnson,39
Nelson,Council Member Petersburg,,,Kevin Sundre,44
Nelson,Council Member Petersburg,,,write-in,7
Nelson,Council Member Tolna,,,Bret Poehls,48
Nelson,Council Member Tolna,,,Cheryl Forde,54
Nelson,Council Member Tolna,,,write-in,8
Nelson,County Commissioner Nelson - District 1,,,Josh Ulland,191
Nelson,County Commissioner Nelson - District 1,,,Mary Kay Schuh,276
Nelson,County Commissioner Nelson - District 1,,,Mike Haugland,489
Nelson,County Commissioner Nelson - District 1,,,write-in,2
Nelson,County Commissioner Nelson - District 3,,,Aaron Mork,821
Nelson,County Commissioner Nelson - District 3,,,write-in,29
Nelson,County Commissioner Nelson - District 5,,,Cameron Swenson,520
Nelson,County Commissioner Nelson - District 5,,,Ken Quanbeck,197
Nelson,County Commissioner Nelson - District 5,,,Ronald Miller,261
Nelson,County Commissioner Nelson - District 5,,,write-in,2
Nelson,County Official Newspaper Nelson,,,Lakota American,903
Nelson,County Sheriff Nelson,,,Dalton Knapper,4
Nelson,County Sheriff Nelson,,,Danie Bjorlie,333
Nelson,County Sheriff Nelson,,,Jesse Madche,16
Nelson,County Sheriff Nelson,,,Keith Olson,334
Nelson,County Sheriff Nelson,,,Kurt Schwind,347
Nelson,County Sheriff Nelson,,,write-in,0
Nelson,County State's Attorney Nelson,,,Jayme Tenneson,853
Nelson,County State's Attorney Nelson,,,write-in,18
Nelson,Judge of the District Court No. 1 Northeast Central,,,Don Hager,888
Nelson,Judge of the District Court No. 1 Northeast Central,,,write-in,2
Nelson,Judge of the District Court No. 3 Northeast Central,,,Jay Knudson,866
Nelson,Judge of the District Court No. 3 Northeast Central,,,write-in,3
Nelson,Justice of the Supreme Court,,,Daniel J Crothers,863
Nelson,Justice of the Supreme Court,,,write-in,1
Nelson,Mayor McVille,,,Douglas Stein,80
Nelson,Mayor McVille,,,write-in,13
Nelson,Mayor Michigan,,,Lauri Rysavy,83
Nelson,Mayor Michigan,,,write-in,3
Nelson,Mayor Pekin,,,Duane Avdem,29
Nelson,Mayor Pekin,,,write-in,0
Nelson,McVille Area Ambulance District McVille Area Ambulance District,,,No,80
Nelson,McVille Area Ambulance District McVille Area Ambulance District,,,Yes,352
Nelson,Park Board Member Aneta Park,,,Cheryl Whitman,55
Nelson,Park Board Member Aneta Park,,,Jennifer Rusten,56
Nelson,Park Board Member Aneta Park,,,write-in,1
Nelson,Park Board Member Lakota Park,,,write-in,59
Nelson,Park Board Member McVille Park,,,George Kobel,95
Nelson,Park Board Member McVille Park,,,Wayne Ressler,103
Nelson,Park Board Member McVille Park,,,write-in,0
Nelson,Park Board Member Michigan Park,,,Chris Anderson,86
Nelson,Park Board Member Michigan Park,,,Ethan Hendrickson,59
Nelson,Park Board Member Michigan Park,,,Sarah Anderson,79
Nelson,Park Board Member Michigan Park,,,write-in,9
Nelson,Park Board Member Petersburg Park,,,Aaron Mork,42
Nelson,Park Board Member Petersburg Park,,,Katie Peavy,36
Nelson,Park Board Member Petersburg Park,,,write-in,2
Nelson,Park Board Member Tolna Park,,,write-in,42
Nelson,Park Board Member Unexpired 2-Year Term Aneta Park,,,Jeff Knutson,59
Nelson,Park Board Member Unexpired 2-Year Term Aneta Park,,,write-in,1
Nelson,Park Board Member Unexpired 2-Year Term Lakota Park,,,write-in,23
Nelson,Park Board Member Unexpired 2-Year Term McVille Park,,,Bradyn Sand,104
Nelson,Park Board Member Unexpired 2-Year Term McVille Park,,,Jarrett Ressler,84
Nelson,Park Board Member Unexpired 2-Year Term McVille Park,,,write-in,2
Nelson,Public Service Commissioner,,DEM,Melanie Moniz,224
Nelson,Public Service Commissioner,,DEM,write-in,0
Nelson,Public Service Commissioner,,REP,Julie Fedorchak,619
Nelson,Public Service Commissioner,,REP,write-in,1
Nelson,Public Service Commissioner Unexpired 4-Year Term,,DEM,Trygve Hammer,222
Nelson,Public Service Commissioner Unexpired 4-Year Term,,DEM,write-in,0
Nelson,Public Service Commissioner Unexpired 4-Year Term,,REP,Sheri Haugen-Hoffart,620
Nelson,Public Service Commissioner Unexpired 4-Year Term,,REP,write-in,0
Nelson,ROAD & BRIDGE MILL 32 - Nelson,,,No,263
Nelson,ROAD & BRIDGE MILL 32 - Nelson,,,Yes,744
Nelson,Secretary of State,,DEM,Jeffrey Powell,222
Nelson,Secretary of State,,DEM,write-in,0
Nelson,Secretary of State,,REP,Marvin Lepp,131
Nelson,Secretary of State,,REP,Michael Howe,470
Nelson,Secretary of State,,REP,write-in,0
Nelson,State House,29,DEM,Charles Linderman,224
Nelson,State House,29,DEM,write-in,1
Nelson,State House,29,REP,Craig Headland,462
Nelson,State House,29,REP,Don Vigesaa,565
Nelson,State House,29,REP,write-in,0
Nelson,State Senate,29,DEM,Ben Vig,227
Nelson,State Senate,29,DEM,write-in,0
Nelson,State Senate,29,REP,Terry M Wanzek,614
Nelson,State Senate,29,REP,write-in,0
Nelson,Tax Commissioner,,DEM,write-in,17
Nelson,Tax Commissioner,,REP,Brian Kroshus,621
Nelson,Tax Commissioner,,REP,write-in,1
Nelson,U.S. House,1,DEM,Mark Haugen,227
Nelson,U.S. House,1,DEM,write-in,0
Nelson,U.S. House,1,REP,Kelly Armstrong,635
Nelson,U.S. House,1,REP,write-in,2
Nelson,U.S. Senate,,DEM,Katrina Christiansen,177
Nelson,U.S. Senate,,DEM,Michael J Steele,40
Nelson,U.S. Senate,,DEM,write-in,0
Nelson,U.S. Senate,,REP,John Hoeven,577
Nelson,U.S. Senate,,REP,Riley Kuntz,105
Nelson,U.S. Senate,,REP,write-in,2
Oliver,Agriculture Commissioner,,DEM,Fintan L Dooley,44
Oliver,Agriculture Commissioner,,DEM,write-in,0
Oliver,Agriculture Commissioner,,REP,Doug Goehring,510
Oliver,Agriculture Commissioner,,REP,write-in,0
Oliver,Attorney General,,DEM,Timothy Charles Lamb,45
Oliver,Attorney General,,DEM,write-in,0
Oliver,Attorney General,,REP,Drew Wrigley,493
Oliver,Attorney General,,REP,write-in,2
Oliver,Council Member Center,,,Dean Windhorst,56
Oliver,Council Member Center,,,Gregory Rud,181
Oliver,Council Member Center,,,Harold Wilkens,93
Oliver,Council Member Center,,,write-in,14
Oliver,County Auditor Oliver,,,Jaden Schmidt,495
Oliver,County Auditor Oliver,,,write-in,29
Oliver,County Commissioner Oliver - District 2,,,Lee Husfloen,522
Oliver,County Commissioner Oliver - District 2,,,write-in,22
Oliver,County Official Newspaper Oliver,,,Center Republican,489
Oliver,County Recorder Oliver,,,Mickie Mcnulty-Eide,530
Oliver,County Recorder Oliver,,,write-in,16
Oliver,County Sheriff Oliver,,,David Hilliard,348
Oliver,County Sheriff Oliver,,,Mark A Erhardt,248
Oliver,County Sheriff Oliver,,,write-in,0
Oliver,County State's Attorney Oliver,,,write-in,59
Oliver,County Treasurer Oliver,,,Laura Huber,552
Oliver,County Treasurer Oliver,,,write-in,0
Oliver,Judge of the District Court No. 10 Unexpired 4-Year Term South Central,,,Pamela Nesvig,487
Oliver,Judge of the District Court No. 10 Unexpired 4-Year Term South Central,,,write-in,1
Oliver,Judge of the District Court No. 2 South Central,,,Douglas A Bahr,489
Oliver,Judge of the District Court No. 2 South Central,,,write-in,1
Oliver,Judge of the District Court No. 5 South Central,,,Cynthia M Feland,490
Oliver,Judge of the District Court No. 5 South Central,,,write-in,2
Oliver,Judge of the District Court No. 6 Unexpired 4-Year Term South Central,,,Bobbi Weiler,487
Oliver,Judge of the District Court No. 6 Unexpired 4-Year Term South Central,,,write-in,0
Oliver,Justice of the Supreme Court,,,Daniel J Crothers,491
Oliver,Justice of the Supreme Court,,,write-in,2
Oliver,Park Board Member Center Park,,,Chad Hoffman,170
Oliver,Park Board Member Center Park,,,Mark Schutt,127
Oliver,Park Board Member Center Park,,,write-in,12
Oliver,Park Board Member Unexpired 2-Year Term Center Park,,,write-in,22
Oliver,Public Service Commissioner,,DEM,Melanie Moniz,45
Oliver,Public Service Commissioner,,DEM,write-in,0
Oliver,Public Service Commissioner,,REP,Julie Fedorchak,499
Oliver,Public Service Commissioner,,REP,write-in,0
Oliver,Public Service Commissioner Unexpired 4-Year Term,,DEM,Trygve Hammer,44
Oliver,Public Service Commissioner Unexpired 4-Year Term,,DEM,write-in,0
Oliver,Public Service Commissioner Unexpired 4-Year Term,,REP,Sheri Haugen-Hoffart,476
Oliver,Public Service Commissioner Unexpired 4-Year Term,,REP,write-in,0
Oliver,Publication of School District Minutes Center/Stanton School District,,,No,25
Oliver,Publication of School District Minutes Center/Stanton School District,,,Yes,449
Oliver,School Board Member - Center Seat Center/Stanton School District,,,Christopher Albers,167
Oliver,School Board Member - Center Seat Center/Stanton School District,,,Richard Schmidt,242
Oliver,School Board Member - Center Seat Center/Stanton School District,,,Shiloh Becher,55
Oliver,School Board Member - Center Seat Center/Stanton School District,,,write-in,0
Oliver,School Board Member - Stanton Seat Center/Stanton School District,,,write-in,60
Oliver,School Board Member at Large Center/Stanton School District,,,Kelly Erhardt,261
Oliver,School Board Member at Large Center/Stanton School District,,,Loren Henke,203
Oliver,School Board Member at Large Center/Stanton School District,,,write-in,0
Oliver,Secretary of State,,DEM,Jeffrey Powell,45
Oliver,Secretary of State,,DEM,write-in,0
Oliver,Secretary of State,,REP,Marvin Lepp,173
Oliver,Secretary of State,,REP,Michael Howe,314
Oliver,Secretary of State,,REP,write-in,0
Oliver,State House,33,DEM,write-in,1
Oliver,State House,33,REP,Andrew Zachmeier,124
Oliver,State House,33,REP,Anna Novak,188
Oliver,State House,33,REP,Bill Tveit,294
Oliver,State House,33,REP,Jeff Delzer,298
Oliver,State House,33,REP,Mark L Pierce,147
Oliver,State House,33,REP,write-in,0
Oliver,State Senate,33,DEM,write-in,4
Oliver,State Senate,33,REP,Jessica Unruh Bell,115
Oliver,State Senate,33,REP,Keith Boehm,443
Oliver,State Senate,33,REP,write-in,0
Oliver,Tax Commissioner,,DEM,write-in,1
Oliver,Tax Commissioner,,REP,Brian Kroshus,486
Oliver,Tax Commissioner,,REP,write-in,1
Oliver,U.S. House,1,DEM,Mark Haugen,46
Oliver,U.S. House,1,DEM,write-in,0
Oliver,U.S. House,1,REP,Kelly Armstrong,501
Oliver,U.S. House,1,REP,write-in,4
Oliver,U.S. Senate,,DEM,Katrina Christiansen,36
Oliver,U.S. Senate,,DEM,Michael J Steele,10
Oliver,U.S. Senate,,DEM,write-in,0
Oliver,U.S. Senate,,REP,John Hoeven,387
Oliver,U.S. Senate,,REP,Riley Kuntz,158
Oliver,U.S. Senate,,REP,write-in,6
Pembina,Agriculture Commissioner,,DEM,Fintan L Dooley,222
Pembina,Agriculture Commissioner,,DEM,write-in,1
Pembina,Agriculture Commissioner,,REP,Doug Goehring,1247
Pembina,Agriculture Commissioner,,REP,write-in,3
Pembina,Attorney General,,DEM,Timothy Charles Lamb,223
Pembina,Attorney General,,DEM,write-in,1
Pembina,Attorney General,,REP,Drew Wrigley,1232
Pembina,Attorney General,,REP,write-in,2
Pembina,Continue the Sales & Use Tax of 0.5% for PCMH Cavalier,,,No,77
Pembina,Continue the Sales & Use Tax of 0.5% for PCMH Cavalier,,,Yes,253
Pembina,Council Member Bathgate,,,Dennis Lindsay,11
Pembina,Council Member Bathgate,,,William Gunderson,13
Pembina,Council Member Bathgate,,,write-in,0
Pembina,Council Member Canton,,,write-in,5
Pembina,Council Member Cavalier Ward 1,,,Craig Vaughn,278
Pembina,Council Member Cavalier Ward 1,,,write-in,10
Pembina,Council Member Cavalier Ward 2,,,Kelly Cluchie,278
Pembina,Council Member Cavalier Ward 2,,,write-in,9
Pembina,Council Member Cavalier Ward 3,,,Thomas Beard III,280
Pembina,Council Member Cavalier Ward 3,,,write-in,6
Pembina,Council Member Crystal,,,Cody Saiger,10
Pembina,Council Member Crystal,,,Lynn Burrell,33
Pembina,Council Member Crystal,,,Vincent Reilly,35
Pembina,Council Member Crystal,,,write-in,0
Pembina,Council Member Drayton,,,Jordan Grundstrom,110
Pembina,Council Member Drayton,,,Michael Larson,96
Pembina,Council Member Drayton,,,write-in,78
Pembina,Council Member Hamilton,,,Vicki Hill,9
Pembina,Council Member Hamilton,,,write-in,2
Pembina,Council Member Mountain,,,Jamie Thorfinnson,30
Pembina,Council Member Mountain,,,Keith Gudmundson,30
Pembina,Council Member Mountain,,,write-in,0
Pembina,Council Member Neche,,,Chad Bynum,28
Pembina,Council Member Neche,,,Julie Winkler,41
Pembina,Council Member Neche,,,write-in,4
Pembina,Council Member Pembina,,,Allen Huttunen,73
Pembina,Council Member Pembina,,,Connor Snitker,75
Pembina,Council Member Pembina,,,Kenneth Norby,78
Pembina,Council Member Pembina,,,write-in,69
Pembina,Council Member St Thomas,,,Fred Ganssle,68
Pembina,Council Member St Thomas,,,Lance Christinson,51
Pembina,Council Member St Thomas,,,write-in,14
Pembina,Council Member Unexpired 2-Year Term St Thomas,,,John Spencer,57
Pembina,Council Member Unexpired 2-Year Term St Thomas,,,write-in,11
Pembina,Council Member Walhalla,,,Christopher Jackson,172
Pembina,Council Member Walhalla,,,Larry Schill,167
Pembina,Council Member Walhalla,,,Myrna Styles,129
Pembina,Council Member Walhalla,,,Raela Kalis,191
Pembina,Council Member Walhalla,,,write-in,11
Pembina,County Auditor/Treasurer Pembina,,,Linda Schlittenhard,1513
Pembina,County Auditor/Treasurer Pembina,,,write-in,15
Pembina,County Commissioner By District Pembina - District 1,,,Andrew Cull,223
Pembina,County Commissioner By District Pembina - District 1,,,write-in,15
Pembina,County Commissioner By District Pembina - District 3,,,Darin G Otto,213
Pembina,County Commissioner By District Pembina - District 3,,,David Moquist,162
Pembina,County Commissioner By District Pembina - District 3,,,write-in,5
Pembina,County Commissioner By District Pembina - District 5,,,Blaine W Papenfuss,171
Pembina,County Commissioner By District Pembina - District 5,,,Nick Rutherford,114
Pembina,County Commissioner By District Pembina - District 5,,,write-in,1
Pembina,County Official Newspaper Pembina,,,The Cavalier Chronicle,1492
Pembina,County Recorder/Clerk of District Court Pembina,,,Missy Morden,1515
Pembina,County Recorder/Clerk of District Court Pembina,,,write-in,2
Pembina,County Sheriff Pembina,,,Patrick Swift,420
Pembina,County Sheriff Pembina,,,Terry Meidinger,1254
Pembina,County Sheriff Pembina,,,write-in,3
Pembina,County State's Attorney Pembina,,,Garret Fontaine,1009
Pembina,County State's Attorney Pembina,,,Rebecca Flanders,623
Pembina,County State's Attorney Pembina,,,write-in,1
Pembina,Judge of the District Court No. 1 Northeast,,,Lonnie Olson,1453
Pembina,Judge of the District Court No. 1 Northeast,,,write-in,0
Pembina,Justice of the Supreme Court,,,Daniel J Crothers,1430
Pembina,Justice of the Supreme Court,,,write-in,0
Pembina,Mayor Cavalier,,,Lacey Hinkle,263
Pembina,Mayor Cavalier,,,write-in,29
Pembina,Mayor Crystal,,,Larry McCollum,40
Pembina,Mayor Crystal,,,write-in,0
Pembina,Mayor Drayton,,,Charles Olson,119
Pembina,Mayor Drayton,,,write-in,8
Pembina,Mayor Mountain,,,Ella Lopez,12
Pembina,Mayor Mountain,,,Tim Moore,20
Pembina,Mayor Mountain,,,write-in,0
Pembina,Mayor Neche,,,Stuart Symington,33
Pembina,Mayor Neche,,,write-in,7
Pembina,Mayor Pembina,,,Michael Fitzgerald,81
Pembina,Mayor Pembina,,,write-in,18
Pembina,Mayor St Thomas,,,write-in,59
Pembina,Mayor Walhalla,,,John Rock McDonald,162
Pembina,Mayor Walhalla,,,Kathy Stremick,80
Pembina,Mayor Walhalla,,,write-in,5
Pembina,Municipal Judge Cavalier,,,James Benjaminson,264
Pembina,Municipal Judge Cavalier,,,write-in,9
Pembina,Municipal Judge Drayton,,,write-in,38
Pembina,Municipal Judge Walhalla,,,James Benjaminson,193
Pembina,Municipal Judge Walhalla,,,write-in,8
Pembina,PCHS Excess Levy Vote 34 - Pembina,,,No,1085
Pembina,PCHS Excess Levy Vote 34 - Pembina,,,Yes,591
Pembina,Park Board Member Cavalier Park,,,Kelsey Monson,260
Pembina,Park Board Member Cavalier Park,,,write-in,61
Pembina,Park Board Member Crystal Park,,,Allison Olimb,33
Pembina,Park Board Member Crystal Park,,,Shelly Hunter,35
Pembina,Park Board Member Crystal Park,,,write-in,2
Pembina,Park Board Member Drayton Park,,,Dave Englund,107
Pembina,Park Board Member Drayton Park,,,Jessica Woinarowicz,122
Pembina,Park Board Member Drayton Park,,,write-in,14
Pembina,Park Board Member Neche Park,,,Christy Hanson,31
Pembina,Park Board Member Neche Park,,,Heidi Kihne,28
Pembina,Park Board Member Neche Park,,,Laura Johnson,29
Pembina,Park Board Member Neche Park,,,write-in,5
Pembina,Park Board Member St Thomas Park,,,Alyssa Paulson,65
Pembina,Park Board Member St Thomas Park,,,Justin Douville,60
Pembina,Park Board Member St Thomas Park,,,write-in,3
Pembina,Park Board Member Unexpired 2-Year Term Drayton Park,,,write-in,43
Pembina,Park Board Member Unexpired 2-Year Term Walhalla Park,,,Sara Price,221
Pembina,Park Board Member Unexpired 2-Year Term Walhalla Park,,,write-in,28
Pembina,Park Board Member Walhalla Park,,,Candace Thomas,195
Pembina,Park Board Member Walhalla Park,,,Stephanie Anderson,202
Pembina,Park Board Member Walhalla Park,,,write-in,6
Pembina,Public Service Commissioner,,DEM,Melanie Moniz,222
Pembina,Public Service Commissioner,,DEM,write-in,1
Pembina,Public Service Commissioner,,REP,Julie Fedorchak,1185
Pembina,Public Service Commissioner,,REP,write-in,1
Pembina,Public Service Commissioner Unexpired 4-Year Term,,DEM,Trygve Hammer,222
Pembina,Public Service Commissioner Unexpired 4-Year Term,,DEM,write-in,0
Pembina,Public Service Commissioner Unexpired 4-Year Term,,REP,Sheri Haugen-Hoffart,1168
Pembina,Public Service Commissioner Unexpired 4-Year Term,,REP,write-in,1
Pembina,Publication of minutes. Bathgate,,,No,9
Pembina,Publication of minutes. Bathgate,,,Yes,4
Pembina,Publication of minutes. Canton,,,No,2
Pembina,Publication of minutes. Canton,,,Yes,3
Pembina,Publication of minutes. Crystal,,,No,12
Pembina,Publication of minutes. Crystal,,,Yes,30
Pembina,Publication of minutes. Hamilton,,,No,3
Pembina,Publication of minutes. Hamilton,,,Yes,7
Pembina,Publication of minutes. Mountain,,,No,13
Pembina,Publication of minutes. Mountain,,,Yes,17
Pembina,Re-designation of A/T & C/R offices. 34 - Pembina,,,No,1212
Pembina,Re-designation of A/T & C/R offices. 34 - Pembina,,,Yes,455
Pembina,Secretary of State,,DEM,Jeffrey Powell,226
Pembina,Secretary of State,,DEM,write-in,1
Pembina,Secretary of State,,REP,Marvin Lepp,384
Pembina,Secretary of State,,REP,Michael Howe,734
Pembina,Secretary of State,,REP,write-in,0
Pembina,State House,19,DEM,Jill Hipsher,194
Pembina,State House,19,DEM,Lynnell Popowski,177
Pembina,State House,19,DEM,write-in,1
Pembina,State House,19,REP,Alex Bata,503
Pembina,State House,19,REP,David Monson,753
Pembina,State House,19,REP,Karen A Anderson,586
Pembina,State House,19,REP,Paul Stremick,663
Pembina,State House,19,REP,write-in,3
Pembina,State Senate,19,DEM,Travis Hipsher,222
Pembina,State Senate,19,DEM,write-in,1
Pembina,State Senate,19,REP,Janne Myrdal,1194
Pembina,State Senate,19,REP,write-in,12
Pembina,Tax Commissioner,,DEM,write-in,17
Pembina,Tax Commissioner,,REP,Brian Kroshus,1181
Pembina,Tax Commissioner,,REP,write-in,2
Pembina,U.S. House,1,DEM,Mark Haugen,227
Pembina,U.S. House,1,DEM,write-in,0
Pembina,U.S. House,1,REP,Kelly Armstrong,1252
Pembina,U.S. House,1,REP,write-in,11
Pembina,U.S. Senate,,DEM,Katrina Christiansen,161
Pembina,U.S. Senate,,DEM,Michael J Steele,68
Pembina,U.S. Senate,,DEM,write-in,0
Pembina,U.S. Senate,,REP,John Hoeven,1130
Pembina,U.S. Senate,,REP,Riley Kuntz,215
Pembina,U.S. Senate,,REP,write-in,3
Pierce,Agriculture Commissioner,,DEM,Fintan L Dooley,139
Pierce,Agriculture Commissioner,,DEM,write-in,0
Pierce,Agriculture Commissioner,,REP,Doug Goehring,654
Pierce,Agriculture Commissioner,,REP,write-in,2
Pierce,Attorney General,,DEM,Timothy Charles Lamb,140
Pierce,Attorney General,,DEM,write-in,0
Pierce,Attorney General,,REP,Drew Wrigley,637
Pierce,Attorney General,,REP,write-in,1
Pierce,COUNTY AGENT 35 - Pierce,,,No,472
Pierce,COUNTY AGENT 35 - Pierce,,,Yes,346
Pierce,Council Member Rugby Ward 1,,,Bruce Rheault,42
Pierce,Council Member Rugby Ward 1,,,Neil Lotvedt,77
Pierce,Council Member Rugby Ward 1,,,write-in,0
Pierce,Council Member Rugby Ward 2,,,David Schneibel Jr,97
Pierce,Council Member Rugby Ward 2,,,write-in,6
Pierce,Council Member Rugby Ward 3,,,Rick Larson,91
Pierce,Council Member Rugby Ward 3,,,write-in,31
Pierce,Council Member Rugby Ward 4,,,Maurus Brossart,140
Pierce,Council Member Rugby Ward 4,,,write-in,18
Pierce,County Commissioner By District Pierce - District 1,,,Joe Bohl,106
Pierce,County Commissioner By District Pierce - District 1,,,Kate Halvorson,39
Pierce,County Commissioner By District Pierce - District 1,,,write-in,3
Pierce,County Commissioner By District Pierce - District 3,,,write-in,40
Pierce,County Commissioner By District Pierce - District 5,,,Dave Migler,128
Pierce,County Commissioner By District Pierce - District 5,,,write-in,14
Pierce,County Official Newspaper Pierce,,,Pierce County Tribune,747
Pierce,County Recorder Pierce,,,Lori Miron,783
Pierce,County Recorder Pierce,,,write-in,3
Pierce,County Sheriff Pierce,,,Josh Siegler,789
Pierce,County Sheriff Pierce,,,write-in,18
Pierce,County State's Attorney Pierce,,,Galen J. Mack,760
Pierce,County State's Attorney Pierce,,,write-in,21
Pierce,"Director, Garrison Diversion Conservancy Pierce",,,Dave Anderson,767
Pierce,"Director, Garrison Diversion Conservancy Pierce",,,write-in,5
Pierce,Judge of the District Court No. 1 Northeast,,,Lonnie Olson,746
Pierce,Judge of the District Court No. 1 Northeast,,,write-in,3
Pierce,Justice of the Supreme Court,,,Daniel J Crothers,737
Pierce,Justice of the Supreme Court,,,write-in,1
Pierce,Mayor Rugby,,,write-in,351
Pierce,Municipal Judge Rugby,,,Leo Adam Jr,493
Pierce,Municipal Judge Rugby,,,write-in,16
Pierce,Park Board Member Rugby Park,,,Jeffrey Stewart,429
Pierce,Park Board Member Rugby Park,,,Rick Srur,403
Pierce,Park Board Member Rugby Park,,,Tonia Dosch,464
Pierce,Park Board Member Rugby Park,,,write-in,42
Pierce,Public Service Commissioner,,DEM,Melanie Moniz,139
Pierce,Public Service Commissioner,,DEM,write-in,0
Pierce,Public Service Commissioner,,REP,Julie Fedorchak,640
Pierce,Public Service Commissioner,,REP,write-in,2
Pierce,Public Service Commissioner Unexpired 4-Year Term,,DEM,Trygve Hammer,140
Pierce,Public Service Commissioner Unexpired 4-Year Term,,DEM,write-in,0
Pierce,Public Service Commissioner Unexpired 4-Year Term,,REP,Sheri Haugen-Hoffart,644
Pierce,Public Service Commissioner Unexpired 4-Year Term,,REP,write-in,1
Pierce,Secretary of State,,DEM,Jeffrey Powell,139
Pierce,Secretary of State,,DEM,write-in,0
Pierce,Secretary of State,,REP,Marvin Lepp,219
Pierce,Secretary of State,,REP,Michael Howe,405
Pierce,Secretary of State,,REP,write-in,0
Pierce,Tax Commissioner,,DEM,write-in,13
Pierce,Tax Commissioner,,REP,Brian Kroshus,623
Pierce,Tax Commissioner,,REP,write-in,4
Pierce,U.S. House,1,DEM,Mark Haugen,140
Pierce,U.S. House,1,DEM,write-in,0
Pierce,U.S. House,1,REP,Kelly Armstrong,652
Pierce,U.S. House,1,REP,write-in,10
Pierce,U.S. Senate,,DEM,Katrina Christiansen,106
Pierce,U.S. Senate,,DEM,Michael J Steele,36
Pierce,U.S. Senate,,DEM,write-in,0
Pierce,U.S. Senate,,REP,John Hoeven,512
Pierce,U.S. Senate,,REP,Riley Kuntz,192
Pierce,U.S. Senate,,REP,write-in,6
Ramsey,10 Mill Farm to Market 36 - Ramsey,,,No,950
Ramsey,10 Mill Farm to Market 36 - Ramsey,,,Yes,1735
Ramsey,10 Mill Road & Bridge 36 - Ramsey,,,No,1109
Ramsey,10 Mill Road & Bridge 36 - Ramsey,,,Yes,1582
Ramsey,Agriculture Commissioner,,DEM,Fintan L Dooley,432
Ramsey,Agriculture Commissioner,,DEM,write-in,0
Ramsey,Agriculture Commissioner,,REP,Doug Goehring,2043
Ramsey,Agriculture Commissioner,,REP,write-in,6
Ramsey,Attorney General,,DEM,Timothy Charles Lamb,434
Ramsey,Attorney General,,DEM,write-in,0
Ramsey,Attorney General,,REP,Drew Wrigley,2032
Ramsey,Attorney General,,REP,write-in,11
Ramsey,Commission President Devils Lake,,,Jim Moe,842
Ramsey,Commission President Devils Lake,,,Joe Mertens,387
Ramsey,Commission President Devils Lake,,,Shane Hamre,285
Ramsey,Commission President Devils Lake,,,write-in,7
Ramsey,Commissioner Devils Lake,,,Jack Volk,766
Ramsey,Commissioner Devils Lake,,,Jason Pierce,801
Ramsey,Commissioner Devils Lake,,,Rob Hach,936
Ramsey,Commissioner Devils Lake,,,write-in,7
Ramsey,County Auditor Ramsey,,,Kandy K Christopherson,2534
Ramsey,County Auditor Ramsey,,,write-in,4
Ramsey,County Commissioner at Large Ramsey,,,Bill Hodous,1595
Ramsey,County Commissioner at Large Ramsey,,,Ed Brown,1246
Ramsey,County Commissioner at Large Ramsey,,,Mark E Olson,957
Ramsey,County Commissioner at Large Ramsey,,,Paul J Wilhelmi,1283
Ramsey,County Commissioner at Large Ramsey,,,write-in,16
Ramsey,County Official Newspaper Ramsey,,,Devils Lake Daily Journal,2363
Ramsey,County Recorder Ramsey,,,Bev Bachmeier,2473
Ramsey,County Recorder Ramsey,,,write-in,4
Ramsey,County Sheriff Ramsey,,,Bryan Lang,1344
Ramsey,County Sheriff Ramsey,,,JJ Dvorak,194
Ramsey,County Sheriff Ramsey,,,Steven K Nelson,1208
Ramsey,County Sheriff Ramsey,,,write-in,5
Ramsey,County State's Attorney Ramsey,,,Beau Cummings,2418
Ramsey,County State's Attorney Ramsey,,,write-in,9
Ramsey,County Treasurer Ramsey,,,Lisa Diseth,2552
Ramsey,County Treasurer Ramsey,,,write-in,7
Ramsey,"Director, Garrison Diversion Conservancy Ramsey",,,Kyle Blanchfield,2454
Ramsey,"Director, Garrison Diversion Conservancy Ramsey",,,write-in,21
Ramsey,Extension Service Mills 36 - Ramsey,,,No,725
Ramsey,Extension Service Mills 36 - Ramsey,,,Yes,2035
Ramsey,Judge of the District Court No. 1 Northeast,,,Lonnie Olson,2499
Ramsey,Judge of the District Court No. 1 Northeast,,,write-in,20
Ramsey,Justice of the Supreme Court,,,Daniel J Crothers,2323
Ramsey,Justice of the Supreme Court,,,write-in,6
Ramsey,Park Board Commissioner Devils Lake Park,,,Jamie Beck,993
Ramsey,Park Board Commissioner Devils Lake Park,,,Kale Stromme,1181
Ramsey,Park Board Commissioner Devils Lake Park,,,Mark Beighley,1174
Ramsey,Park Board Commissioner Devils Lake Park,,,write-in,27
Ramsey,Public Service Commissioner,,DEM,Melanie Moniz,430
Ramsey,Public Service Commissioner,,DEM,write-in,0
Ramsey,Public Service Commissioner,,REP,Julie Fedorchak,1959
Ramsey,Public Service Commissioner,,REP,write-in,3
Ramsey,Public Service Commissioner Unexpired 4-Year Term,,DEM,Trygve Hammer,428
Ramsey,Public Service Commissioner Unexpired 4-Year Term,,DEM,write-in,1
Ramsey,Public Service Commissioner Unexpired 4-Year Term,,REP,Sheri Haugen-Hoffart,1947
Ramsey,Public Service Commissioner Unexpired 4-Year Term,,REP,write-in,3
Ramsey,Sales Tax Increase Devils Lake,,,No,600
Ramsey,Sales Tax Increase Devils Lake,,,Yes,935
Ramsey,Secretary of State,,DEM,Jeffrey Powell,434
Ramsey,Secretary of State,,DEM,write-in,0
Ramsey,Secretary of State,,REP,Marvin Lepp,704
Ramsey,Secretary of State,,REP,Michael Howe,1185
Ramsey,Secretary of State,,REP,write-in,8
Ramsey,State House,15,DEM,Heather Lawrence-Skadsem,437
Ramsey,State House,15,DEM,write-in,2
Ramsey,State House,15,REP,Dennis Johnson,1350
Ramsey,State House,15,REP,Greg Westlind,788
Ramsey,State House,15,REP,Kathy Frelich,1605
Ramsey,State House,15,REP,write-in,7
Ramsey,State Senate,15,DEM,Collette Brown,436
Ramsey,State Senate,15,DEM,write-in,1
Ramsey,State Senate,15,REP,Dave Oehlke,995
Ramsey,State Senate,15,REP,Judy Estenson,1256
Ramsey,State Senate,15,REP,write-in,1
Ramsey,Tax Commissioner,,DEM,write-in,21
Ramsey,Tax Commissioner,,REP,Brian Kroshus,1962
Ramsey,Tax Commissioner,,REP,write-in,4
Ramsey,U.S. House,1,DEM,Mark Haugen,440
Ramsey,U.S. House,1,DEM,write-in,0
Ramsey,U.S. House,1,REP,Kelly Armstrong,2040
Ramsey,U.S. House,1,REP,write-in,13
Ramsey,U.S. Senate,,DEM,Katrina Christiansen,313
Ramsey,U.S. Senate,,DEM,Michael J Steele,126
Ramsey,U.S. Senate,,DEM,write-in,0
Ramsey,U.S. Senate,,REP,John Hoeven,1798
Ramsey,U.S. Senate,,REP,Riley Kuntz,412
Ramsey,U.S. Senate,,REP,write-in,8
Ransom,Agriculture Commissioner,,DEM,Fintan L Dooley,247
Ransom,Agriculture Commissioner,,DEM,write-in,0
Ransom,Agriculture Commissioner,,REP,Doug Goehring,466
Ransom,Agriculture Commissioner,,REP,write-in,3
Ransom,Attorney General,,DEM,Timothy Charles Lamb,247
Ransom,Attorney General,,DEM,write-in,0
Ransom,Attorney General,,REP,Drew Wrigley,464
Ransom,Attorney General,,REP,write-in,3
Ransom,COUNTY ROAD AND BRIDGE LEVY 37 - Ransom,,,No,322
Ransom,COUNTY ROAD AND BRIDGE LEVY 37 - Ransom,,,Yes,463
Ransom,City Council Enderlin,,,Kayl Hamre,106
Ransom,City Council Enderlin,,,Roger Maras,121
Ransom,City Council Enderlin,,,Tim Michaelson,119
Ransom,City Council Enderlin,,,write-in,2
Ransom,City Council Lisbon,,,Benjamin Gemar,214
Ransom,City Council Lisbon,,,Bob Smith,167
Ransom,City Council Lisbon,,,Julie Cole,226
Ransom,City Council Lisbon,,,Rob Waletzko,241
Ransom,City Council Lisbon,,,write-in,7
Ransom,County Auditor Ransom,,,Nicole Gentzkow,724
Ransom,County Auditor Ransom,,,write-in,10
Ransom,County Commissioner Ransom,,,Kevin Bishop,458
Ransom,County Commissioner Ransom,,,Neil Olerud,569
Ransom,County Commissioner Ransom,,,Paul Gilbert,425
Ransom,County Commissioner Ransom,,,write-in,54
Ransom,County Official Newspaper Ransom,,,Ransom County Gazette,718
Ransom,County Recorder Ransom,,,Shelly Schwab,721
Ransom,County Recorder Ransom,,,write-in,1
Ransom,County Sheriff Ransom,,,Darren Benneweis,771
Ransom,County Sheriff Ransom,,,write-in,4
Ransom,County State's Attorney Ransom,,,Fallon Kelly,669
Ransom,County State's Attorney Ransom,,,write-in,29
Ransom,County Treasurer Ransom,,,Kathie Erickson,572
Ransom,County Treasurer Ransom,,,Lyle Thomason,224
Ransom,County Treasurer Ransom,,,write-in,2
Ransom,Judge of the District Court No. 2 Southeast,,,Leah J Viste,250
Ransom,Judge of the District Court No. 2 Southeast,,,Nick D Thornton,158
Ransom,Judge of the District Court No. 2 Southeast,,,Paul C Murphy,238
Ransom,Judge of the District Court No. 2 Southeast,,,write-in,1
Ransom,Judge of the District Court No. 4 Southeast,,,James D Hovey,678
Ransom,Judge of the District Court No. 4 Southeast,,,write-in,1
Ransom,Judge of the District Court No. 5 Southeast,,,Daniel D Narum,710
Ransom,Judge of the District Court No. 5 Southeast,,,write-in,1
Ransom,Judge of the District Court No. 6 Southeast,,,Jay Schmitz,679
Ransom,Judge of the District Court No. 6 Southeast,,,write-in,1
Ransom,Judge of the District Court No. 7 Southeast,,,Troy J LeFevre,659
Ransom,Judge of the District Court No. 7 Southeast,,,write-in,1
Ransom,Justice of the Supreme Court,,,Daniel J Crothers,689
Ransom,Justice of the Supreme Court,,,write-in,1
Ransom,Mayor Enderlin,,,Deon Maasjo,113
Ransom,Mayor Enderlin,,,write-in,9
Ransom,Mayor Lisbon,,,Tim Meyer,271
Ransom,Mayor Lisbon,,,write-in,11
Ransom,Park Board Member Enderlin Park,,,Cyndee Chesley,114
Ransom,Park Board Member Enderlin Park,,,Janet Midthun,113
Ransom,Park Board Member Enderlin Park,,,write-in,7
Ransom,Park Board Member Lisbon Park Board,,,Charlene Newman Rawson,235
Ransom,Park Board Member Lisbon Park Board,,,Meredith Olson,262
Ransom,Park Board Member Lisbon Park Board,,,write-in,22
Ransom,Public Service Commissioner,,DEM,Melanie Moniz,248
Ransom,Public Service Commissioner,,DEM,write-in,0
Ransom,Public Service Commissioner,,REP,Julie Fedorchak,451
Ransom,Public Service Commissioner,,REP,write-in,3
Ransom,Public Service Commissioner Unexpired 4-Year Term,,DEM,Trygve Hammer,248
Ransom,Public Service Commissioner Unexpired 4-Year Term,,DEM,write-in,0
Ransom,Public Service Commissioner Unexpired 4-Year Term,,REP,Sheri Haugen-Hoffart,445
Ransom,Public Service Commissioner Unexpired 4-Year Term,,REP,write-in,2
Ransom,Secretary of State,,DEM,Jeffrey Powell,247
Ransom,Secretary of State,,DEM,write-in,0
Ransom,Secretary of State,,REP,Marvin Lepp,138
Ransom,Secretary of State,,REP,Michael Howe,305
Ransom,Secretary of State,,REP,write-in,2
Ransom,State House Unexpired 2-Year Term,24,DEM,Kaitlyn Huss,248
Ransom,State House Unexpired 2-Year Term,24,DEM,write-in,4
Ransom,State House Unexpired 2-Year Term,24,REP,Cole Christensen,343
Ransom,State House Unexpired 2-Year Term,24,REP,Dwight Harold Kiefert,313
Ransom,State House Unexpired 2-Year Term,24,REP,Phillip Kleymann,189
Ransom,State House Unexpired 2-Year Term,24,REP,write-in,4
Ransom,Tax Commissioner,,DEM,write-in,21
Ransom,Tax Commissioner,,REP,Brian Kroshus,452
Ransom,Tax Commissioner,,REP,write-in,2
Ransom,U.S. House,1,DEM,Mark Haugen,248
Ransom,U.S. House,1,DEM,write-in,0
Ransom,U.S. House,1,REP,Kelly Armstrong,471
Ransom,U.S. House,1,REP,write-in,6
Ransom,U.S. Senate,,DEM,Katrina Christiansen,189
Ransom,U.S. Senate,,DEM,Michael J Steele,59
Ransom,U.S. Senate,,DEM,write-in,0
Ransom,U.S. Senate,,REP,John Hoeven,422
Ransom,U.S. Senate,,REP,Riley Kuntz,81
Ransom,U.S. Senate,,REP,write-in,1
Renville,Agriculture Commissioner,,DEM,Fintan L Dooley,67
Renville,Agriculture Commissioner,,DEM,write-in,0
Renville,Agriculture Commissioner,,REP,Doug Goehring,421
Renville,Agriculture Commissioner,,REP,write-in,0
Renville,Attorney General,,DEM,Timothy Charles Lamb,66
Renville,Attorney General,,DEM,write-in,0
Renville,Attorney General,,REP,Drew Wrigley,403
Renville,Attorney General,,REP,write-in,10
Renville,City Council Mohall,,,Dana McIntyre,93
Renville,City Council Mohall,,,James Duckett,109
Renville,City Council Mohall,,,Lavonne Erickson,84
Renville,City Council Mohall,,,Richard Haman,110
Renville,City Council Mohall,,,write-in,3
Renville,Council Member Glenburn,,,Daryl Dotson,43
Renville,Council Member Glenburn,,,David Ashley,48
Renville,Council Member Glenburn,,,write-in,2
Renville,Council Member Sherwood,,,David Thompson,46
Renville,Council Member Sherwood,,,Jarett Keith,49
Renville,Council Member Sherwood,,,write-in,3
Renville,Council Member Tolley,,,Kolby Iverson,17
Renville,Council Member Tolley,,,write-in,0
Renville,Council Member Unexpired 2-Year Term Tolley,,,Jennifer Triplett,17
Renville,Council Member Unexpired 2-Year Term Tolley,,,write-in,0
Renville,County Agent Mill Levy 38 - Renville,,,No,143
Renville,County Agent Mill Levy 38 - Renville,,,Yes,365
Renville,County Auditor Renville,,,LeAnn M Pollman,487
Renville,County Auditor Renville,,,write-in,1
Renville,County Commissioner By District Renville - District 1,,,Andy Gates,96
Renville,County Commissioner By District Renville - District 1,,,Brandon Reidman,26
Renville,County Commissioner By District Renville - District 1,,,William Stanley,95
Renville,County Commissioner By District Renville - District 1,,,write-in,0
Renville,County Commissioner By District Renville - District 3,,,Jamee Hansen,114
Renville,County Commissioner By District Renville - District 3,,,write-in,5
Renville,County Official Newspaper Renville,,,Renville County Farmer,475
Renville,County Recorder Renville,,,Danielle Petersen,462
Renville,County Recorder Renville,,,write-in,13
Renville,County Sheriff Renville,,,Roger Hutchinson,473
Renville,County Sheriff Renville,,,write-in,12
Renville,County State's Attorney Renville,,,Seymour Robert Jordan,461
Renville,County State's Attorney Renville,,,write-in,5
Renville,"Director, Garrison Diversion Conservancy Renville",,,Mark J Cook,478
Renville,"Director, Garrison Diversion Conservancy Renville",,,write-in,1
Renville,Judge of the District Court No. 1 Northeast,,,Lonnie Olson,443
Renville,Judge of the District Court No. 1 Northeast,,,write-in,0
Renville,Justice of the Supreme Court,,,Daniel J Crothers,445
Renville,Justice of the Supreme Court,,,write-in,1
Renville,Mayor Sherwood,,,Garrett Volk,45
Renville,Mayor Sherwood,,,write-in,7
Renville,Mayor Tolley,,,Richard Tohm,12
Renville,Mayor Tolley,,,write-in,2
Renville,Municipal Judge Sherwood,,,John Daeley,43
Renville,Municipal Judge Sherwood,,,write-in,1
Renville,Park Board Member Glenburn Park,,,Cayla Burton,44
Renville,Park Board Member Glenburn Park,,,write-in,1
Renville,Park Board Member Mohall Park,,,Nichole McIntyre,118
Renville,Park Board Member Mohall Park,,,write-in,38
Renville,Park Board Member Sherwood Park,,,write-in,31
Renville,Public Service Commissioner,,DEM,Melanie Moniz,67
Renville,Public Service Commissioner,,DEM,write-in,0
Renville,Public Service Commissioner,,REP,Julie Fedorchak,396
Renville,Public Service Commissioner,,REP,write-in,6
Renville,Public Service Commissioner Unexpired 4-Year Term,,DEM,Trygve Hammer,67
Renville,Public Service Commissioner Unexpired 4-Year Term,,DEM,write-in,0
Renville,Public Service Commissioner Unexpired 4-Year Term,,REP,Sheri Haugen-Hoffart,386
Renville,Public Service Commissioner Unexpired 4-Year Term,,REP,write-in,6
Renville,Rural Ambulance Annexation 38 - Renville,,,No,83
Renville,Rural Ambulance Annexation 38 - Renville,,,Yes,440
Renville,Secretary of State,,DEM,Jeffrey Powell,67
Renville,Secretary of State,,DEM,write-in,0
Renville,Secretary of State,,REP,Marvin Lepp,136
Renville,Secretary of State,,REP,Michael Howe,247
Renville,Secretary of State,,REP,write-in,0
Renville,State Senate Unexpired 2-Year Term,6,DEM,write-in,5
Renville,State Senate Unexpired 2-Year Term,6,REP,Shawn Vedaa,396
Renville,State Senate Unexpired 2-Year Term,6,REP,write-in,10
Renville,Tax Commissioner,,DEM,write-in,4
Renville,Tax Commissioner,,REP,Brian Kroshus,395
Renville,Tax Commissioner,,REP,write-in,7
Renville,U.S. House,1,DEM,Mark Haugen,67
Renville,U.S. House,1,DEM,write-in,0
Renville,U.S. House,1,REP,Kelly Armstrong,407
Renville,U.S. House,1,REP,write-in,7
Renville,U.S. Senate,,DEM,Katrina Christiansen,53
Renville,U.S. Senate,,DEM,Michael J Steele,17
Renville,U.S. Senate,,DEM,write-in,0
Renville,U.S. Senate,,REP,John Hoeven,326
Renville,U.S. Senate,,REP,Riley Kuntz,100
Renville,U.S. Senate,,REP,write-in,10
Richland,Agriculture Commissioner,,DEM,Fintan L Dooley,548
Richland,Agriculture Commissioner,,DEM,write-in,0
Richland,Agriculture Commissioner,,REP,Doug Goehring,1878
Richland,Agriculture Commissioner,,REP,write-in,3
Richland,Attorney General,,DEM,Timothy Charles Lamb,551
Richland,Attorney General,,DEM,write-in,0
Richland,Attorney General,,REP,Drew Wrigley,1861
Richland,Attorney General,,REP,write-in,3
Richland,Council Member Abercrombie,,,write-in,47
Richland,Council Member Barney,,,Sierra Heitkamp,14
Richland,Council Member Barney,,,write-in,3
Richland,Council Member Christine,,,Rick Baukol,12
Richland,Council Member Christine,,,write-in,0
Richland,Council Member Colfax,,,Jesse Moch,52
Richland,Council Member Colfax,,,Shaun Jacobson,44
Richland,Council Member Colfax,,,write-in,7
Richland,Council Member Dwight,,,Jordan Fletcher,9
Richland,Council Member Dwight,,,Susan Davids,8
Richland,Council Member Dwight,,,write-in,0
Richland,Council Member Fairmount,,,Dennis Meyer,35
Richland,Council Member Fairmount,,,Mathew Campbell,42
Richland,Council Member Fairmount,,,Ryan Campbell,73
Richland,Council Member Fairmount,,,William Berlin,12
Richland,Council Member Fairmount,,,write-in,0
Richland,Council Member Great Bend,,,Dennis Drewlow,14
Richland,Council Member Great Bend,,,Trevor Thiele,20
Richland,Council Member Great Bend,,,write-in,6
Richland,Council Member Hankinson,,,Jeremy Steffens,120
Richland,Council Member Hankinson,,,Joel Bladow,128
Richland,Council Member Hankinson,,,write-in,59
Richland,Council Member Lidgerwood,,,DuWayne Irwin,59
Richland,Council Member Lidgerwood,,,Richard Novotny,104
Richland,Council Member Lidgerwood,,,Tanya Bohnenstingl,85
Richland,Council Member Lidgerwood,,,Tim Wisnewski,34
Richland,Council Member Lidgerwood,,,write-in,16
Richland,Council Member Mantador,,,write-in,11
Richland,Council Member Mooreton,,,write-in,23
Richland,Council Member Unexpired 2-Year Term Great Bend,,,Jeff Kleven,17
Richland,Council Member Unexpired 2-Year Term Great Bend,,,write-in,5
Richland,Council Member Unexpired 2-Year Term Lidgerwood,,,Debra Anderson,95
Richland,Council Member Unexpired 2-Year Term Lidgerwood,,,Kevin Oster,113
Richland,Council Member Unexpired 2-Year Term Lidgerwood,,,write-in,6
Richland,Council Member Unexpired 2-Year Term Walcott,,,Andrea Janowicz,23
Richland,Council Member Unexpired 2-Year Term Walcott,,,write-in,0
Richland,Council Member Wahpeton,,,Cory Unruh,622
Richland,Council Member Wahpeton,,,Kelly McNary,998
Richland,Council Member Wahpeton,,,Lane Wateland,475
Richland,Council Member Wahpeton,,,Nicole Colon,360
Richland,Council Member Wahpeton,,,write-in,8
Richland,Council Member Wahpeton Ward 1,,,Chad Perdue,271
Richland,Council Member Wahpeton Ward 1,,,write-in,1
Richland,Council Member Wahpeton Ward 3,,,Tiana Bohn,229
Richland,Council Member Wahpeton Ward 3,,,write-in,2
Richland,Council Member Walcott,,,Derek Rhodenbaugh,16
Richland,Council Member Walcott,,,Erik Nygren,12
Richland,Council Member Walcott,,,Michael Brown,18
Richland,Council Member Walcott,,,write-in,1
Richland,Council Member Wyndmere,,,Dana Anderson,83
Richland,Council Member Wyndmere,,,Suzanna Kuchera,94
Richland,Council Member Wyndmere,,,write-in,3
Richland,County Commissioner at Large Richland,,,Nathan Berseth,1695
Richland,County Commissioner at Large Richland,,,Rowland Ehlert,1613
Richland,County Commissioner at Large Richland,,,Sid Berg,1129
Richland,County Commissioner at Large Richland,,,Terry Goerger,1816
Richland,County Commissioner at Large Richland,,,write-in,32
Richland,County Official Newspaper Richland,,,Wahpeton Daily News,2174
Richland,County Sheriff Richland,,,"Blaine O""Hara",609
Richland,County Sheriff Richland,,,Gary Ruhl,1194
Richland,County Sheriff Richland,,,Jason Weber,858
Richland,County Sheriff Richland,,,write-in,2
Richland,County State's Attorney Richland,,,Megan Kummer,2161
Richland,County State's Attorney Richland,,,write-in,7
Richland,"Director, Garrison Diversion Conservancy Richland",,,Kelly C Klosterman,2343
Richland,"Director, Garrison Diversion Conservancy Richland",,,write-in,8
Richland,Judge of the District Court No. 2 Southeast,,,Leah J Viste,656
Richland,Judge of the District Court No. 2 Southeast,,,Nick D Thornton,589
Richland,Judge of the District Court No. 2 Southeast,,,Paul C Murphy,746
Richland,Judge of the District Court No. 2 Southeast,,,write-in,6
Richland,Judge of the District Court No. 4 Southeast,,,James D Hovey,2090
Richland,Judge of the District Court No. 4 Southeast,,,write-in,3
Richland,Judge of the District Court No. 5 Southeast,,,Daniel D Narum,2140
Richland,Judge of the District Court No. 5 Southeast,,,write-in,4
Richland,Judge of the District Court No. 6 Southeast,,,Jay Schmitz,2089
Richland,Judge of the District Court No. 6 Southeast,,,write-in,3
Richland,Judge of the District Court No. 7 Southeast,,,Troy J LeFevre,2045
Richland,Judge of the District Court No. 7 Southeast,,,write-in,4
Richland,Justice of the Supreme Court,,,Daniel J Crothers,2174
Richland,Justice of the Supreme Court,,,write-in,4
Richland,Mayor Barney,,,Neil Petik,16
Richland,Mayor Barney,,,write-in,1
Richland,Mayor Hankinson,,,write-in,82
Richland,Mayor Lidgerwood,,,Dale Krause,85
Richland,Mayor Lidgerwood,,,Mearl Nelson,25
Richland,Mayor Lidgerwood,,,write-in,9
Richland,Mayor Unexpired 2-Year Term Mantador,,,Joseph Hejtmanek,7
Richland,Mayor Unexpired 2-Year Term Mantador,,,write-in,3
Richland,Mayor Wahpeton,,,Brett Lambrecht,740
Richland,Mayor Wahpeton,,,Jason Goltz,144
Richland,Mayor Wahpeton,,,Nicholas Nelson,169
Richland,Mayor Wahpeton,,,Steve Dale,336
Richland,Mayor Wahpeton,,,write-in,1
Richland,Mayor Wyndmere,,,Nathan Brandt,91
Richland,Mayor Wyndmere,,,write-in,5
Richland,Park Board Member Abercrombie Park,,,write-in,55
Richland,Park Board Member Barney Park,,,Nancy Rudolph,18
Richland,Park Board Member Barney Park,,,write-in,5
Richland,Park Board Member Christine Park,,,write-in,3
Richland,Park Board Member Colfax Park,,,Aaron Kleingartner,43
Richland,Park Board Member Colfax Park,,,write-in,32
Richland,Park Board Member Dwight Park,,,Deanna Helgeson,9
Richland,Park Board Member Dwight Park,,,Janeen Rowland,9
Richland,Park Board Member Dwight Park,,,Michelle Griffin,9
Richland,Park Board Member Dwight Park,,,write-in,0
Richland,Park Board Member Fairmount Park,,,write-in,37
Richland,Park Board Member Great Bend Park,,,Jodi Kleven,19
Richland,Park Board Member Great Bend Park,,,Nicki Nazario,19
Richland,Park Board Member Great Bend Park,,,write-in,3
Richland,Park Board Member Hankinson Park,,,Jason Semerad,104
Richland,Park Board Member Hankinson Park,,,Jill Post,138
Richland,Park Board Member Hankinson Park,,,write-in,39
Richland,Park Board Member Lidgerwood Park,,,Alecia Berndt,97
Richland,Park Board Member Lidgerwood Park,,,Coty Irwin,67
Richland,Park Board Member Lidgerwood Park,,,Marissa Motschenbacher,89
Richland,Park Board Member Lidgerwood Park,,,write-in,19
Richland,Park Board Member Mantador Park,,,Christopher Rickabaugh,8
Richland,Park Board Member Mantador Park,,,write-in,4
Richland,Park Board Member Mooreton Park,,,write-in,35
Richland,Park Board Member Unexpired 2-Year Term Dwight Park,,,Hollie Veurink,9
Richland,Park Board Member Unexpired 2-Year Term Dwight Park,,,write-in,0
Richland,Park Board Member Unexpired 2-Year Term Lidgerwood Park,,,write-in,40
Richland,Park Board Member Unexpired 2-Year Term Mantador Park,,,Derryn Heley,7
Richland,Park Board Member Unexpired 2-Year Term Mantador Park,,,write-in,2
Richland,Park Board Member Wahpeton Park,,,Brian Watson,946
Richland,Park Board Member Wahpeton Park,,,Cortney Mann,771
Richland,Park Board Member Wahpeton Park,,,Debra Tobias,840
Richland,Park Board Member Wahpeton Park,,,Zachary Hatting,670
Richland,Park Board Member Wahpeton Park,,,write-in,12
Richland,Park Board Member Walcott Park,,,write-in,4
Richland,Park Board Member Wyndmere Park,,,Rae Hosford,94
Richland,Park Board Member Wyndmere Park,,,write-in,4
Richland,Public Service Commissioner,,DEM,Melanie Moniz,551
Richland,Public Service Commissioner,,DEM,write-in,0
Richland,Public Service Commissioner,,REP,Julie Fedorchak,1793
Richland,Public Service Commissioner,,REP,write-in,1
Richland,Public Service Commissioner Unexpired 4-Year Term,,DEM,Trygve Hammer,546
Richland,Public Service Commissioner Unexpired 4-Year Term,,DEM,write-in,0
Richland,Public Service Commissioner Unexpired 4-Year Term,,REP,Sheri Haugen-Hoffart,1769
Richland,Public Service Commissioner Unexpired 4-Year Term,,REP,write-in,1
Richland,Road & Bridge Excess Levy 39 - Richland,,,No,580
Richland,Road & Bridge Excess Levy 39 - Richland,,,Yes,1978
Richland,Secretary of State,,DEM,Jeffrey Powell,551
Richland,Secretary of State,,DEM,write-in,1
Richland,Secretary of State,,REP,Marvin Lepp,526
Richland,Secretary of State,,REP,Michael Howe,1181
Richland,Secretary of State,,REP,write-in,3
Richland,State House,25,DEM,Alisa Mitskog,590
Richland,State House,25,DEM,write-in,10
Richland,State House,25,REP,Cindy Beck,1550
Richland,State House,25,REP,Jason Heitkamp,647
Richland,State House,25,REP,Kathy Skroch,1177
Richland,State House,25,REP,write-in,9
Richland,State Senate,25,DEM,Jim Dotzenrod,588
Richland,State Senate,25,DEM,write-in,0
Richland,State Senate,25,REP,Larry Luick,1856
Richland,State Senate,25,REP,write-in,11
Richland,Tax Commissioner,,DEM,write-in,43
Richland,Tax Commissioner,,REP,Brian Kroshus,1803
Richland,Tax Commissioner,,REP,write-in,3
Richland,U.S. House,1,DEM,Mark Haugen,555
Richland,U.S. House,1,DEM,write-in,0
Richland,U.S. House,1,REP,Kelly Armstrong,1889
Richland,U.S. House,1,REP,write-in,10
Richland,U.S. Senate,,DEM,Katrina Christiansen,421
Richland,U.S. Senate,,DEM,Michael J Steele,136
Richland,U.S. Senate,,DEM,write-in,1
Richland,U.S. Senate,,REP,John Hoeven,1711
Richland,U.S. Senate,,REP,Riley Kuntz,330
Richland,U.S. Senate,,REP,write-in,6
Rolette,Agriculture Commissioner,,DEM,Fintan L Dooley,786
Rolette,Agriculture Commissioner,,DEM,write-in,2
Rolette,Agriculture Commissioner,,REP,Doug Goehring,617
Rolette,Agriculture Commissioner,,REP,write-in,1
Rolette,Attorney General,,DEM,Timothy Charles Lamb,793
Rolette,Attorney General,,DEM,write-in,3
Rolette,Attorney General,,REP,Drew Wrigley,590
Rolette,Attorney General,,REP,write-in,4
Rolette,Council Member Dunseith,,,BeauJames Davis,40
Rolette,Council Member Dunseith,,,Francis Amyotte,75
Rolette,Council Member Dunseith,,,Harold Bruce,43
Rolette,Council Member Dunseith,,,Jay Marion,22
Rolette,Council Member Dunseith,,,Loren Baumgartner,76
Rolette,Council Member Dunseith,,,Richard Wilson,50
Rolette,Council Member Dunseith,,,write-in,0
Rolette,Council Member Mylo,,,write-in,4
Rolette,Council Member Rolette,,,Jaime Kegley,63
Rolette,Council Member Rolette,,,Nathan Casavant,70
Rolette,Council Member Rolette,,,write-in,7
Rolette,Council Member Rolla,,,Rebecca Hodgers,111
Rolette,Council Member Rolla,,,Tyler Bergsrud,224
Rolette,Council Member Rolla,,,write-in,122
Rolette,Council Member St John,,,Dawn Berginski,47
Rolette,Council Member St John,,,write-in,6
Rolette,Council Member Unexpired 2-Year Term Mylo,,,write-in,4
Rolette,County Auditor Rolette,,,Valerie Mccloud,1395
Rolette,County Auditor Rolette,,,write-in,100
Rolette,County Commissioner at Large Rolette,,,Aaron Vandal Sr,108
Rolette,County Commissioner at Large Rolette,,,April Metcalfe,170
Rolette,County Commissioner at Large Rolette,,,Clarence Counts,359
Rolette,County Commissioner at Large Rolette,,,Craig J Poitra,404
Rolette,County Commissioner at Large Rolette,,,Doug Lemieux,362
Rolette,County Commissioner at Large Rolette,,,Kent Abrahamson,519
Rolette,County Commissioner at Large Rolette,,,Kimberly Moors,162
Rolette,County Commissioner at Large Rolette,,,Lars W Mathiason,494
Rolette,County Commissioner at Large Rolette,,,Randy L Vivier,195
Rolette,County Commissioner at Large Rolette,,,Rob Monette,272
Rolette,County Commissioner at Large Rolette,,,write-in,4
Rolette,County Commissioner at Large Unexpired 2-Year Term Rolette,,,Alice Lunday,493
Rolette,County Commissioner at Large Unexpired 2-Year Term Rolette,,,Cameron Mickelson,560
Rolette,County Commissioner at Large Unexpired 2-Year Term Rolette,,,Joseph Boehm Jr,354
Rolette,County Commissioner at Large Unexpired 2-Year Term Rolette,,,Randy Tetrault,244
Rolette,County Commissioner at Large Unexpired 2-Year Term Rolette,,,write-in,0
Rolette,County Official Newspaper Rolette,,,Turtle Mountain Star,1151
Rolette,County Recorder Rolette,,,Sarah M Bruce,1469
Rolette,County Recorder Rolette,,,write-in,3
Rolette,County Sheriff Rolette,,,Nathan Gustafson,1333
Rolette,County Sheriff Rolette,,,Robert Hulett Sr,316
Rolette,County Sheriff Rolette,,,write-in,3
Rolette,County State's Attorney Rolette,,,Brian D Grosinger,1399
Rolette,County State's Attorney Rolette,,,write-in,8
Rolette,County Treasurer Rolette,,,Kandace Page-Desjarlais,1429
Rolette,County Treasurer Rolette,,,write-in,11
Rolette,Judge of the District Court No. 1 Northeast,,,Lonnie Olson,1343
Rolette,Judge of the District Court No. 1 Northeast,,,write-in,5
Rolette,Justice of the Supreme Court,,,Daniel J Crothers,1336
Rolette,Justice of the Supreme Court,,,write-in,5
Rolette,Mayor Dunseith,,,Christopher Strong,69
Rolette,Mayor Dunseith,,,Kerry Azure,32
Rolette,Mayor Dunseith,,,Tyrrell Decoteau,58
Rolette,Mayor Dunseith,,,Willard Burcham,18
Rolette,Mayor Dunseith,,,write-in,0
Rolette,Mayor Rolette,,,Blaine Scott,71
Rolette,Mayor Rolette,,,write-in,2
Rolette,Mayor Rolla,,,Casey Sovo,60
Rolette,Mayor Rolla,,,Kevin Juntunen,200
Rolette,Mayor Rolla,,,write-in,1
Rolette,Mayor St John,,,Donald Larocque,48
Rolette,Mayor St John,,,write-in,1
Rolette,Municipal Judge Dunseith,,,Keith Benning,99
Rolette,Municipal Judge Dunseith,,,Seth Brien,70
Rolette,Municipal Judge Dunseith,,,write-in,0
Rolette,Municipal Judge Rolla,,,Keith Benning,209
Rolette,Municipal Judge Rolla,,,write-in,13
Rolette,Municipal Judge St John,,,write-in,15
Rolette,Park Board Member Dunseith,,,David Fugere,145
Rolette,Park Board Member Dunseith,,,Dawn Amyotte,101
Rolette,Park Board Member Dunseith,,,write-in,1
Rolette,Park Board Member Rolette,,,Jordyne Hellbusch,62
Rolette,Park Board Member Rolette,,,Kimberly Mora,67
Rolette,Park Board Member Rolette,,,Sherri Scott,70
Rolette,Park Board Member Rolette,,,write-in,3
Rolette,Park Board Member Rolla,,,write-in,126
Rolette,Public Service Commissioner,,DEM,Melanie Moniz,787
Rolette,Public Service Commissioner,,DEM,write-in,4
Rolette,Public Service Commissioner,,REP,Julie Fedorchak,590
Rolette,Public Service Commissioner,,REP,write-in,1
Rolette,Public Service Commissioner Unexpired 4-Year Term,,DEM,Trygve Hammer,782
Rolette,Public Service Commissioner Unexpired 4-Year Term,,DEM,write-in,2
Rolette,Public Service Commissioner Unexpired 4-Year Term,,REP,Sheri Haugen-Hoffart,584
Rolette,Public Service Commissioner Unexpired 4-Year Term,,REP,write-in,1
Rolette,Secretary of State,,DEM,Jeffrey Powell,800
Rolette,Secretary of State,,DEM,write-in,3
Rolette,Secretary of State,,REP,Marvin Lepp,173
Rolette,Secretary of State,,REP,Michael Howe,402
Rolette,Secretary of State,,REP,write-in,2
Rolette,State House,9a,DEM,Jayme M Davis,409
Rolette,State House,9a,DEM,Tracy Boe,138
Rolette,State House,9a,DEM,write-in,0
Rolette,State House,9a,REP,Brenda Malo,216
Rolette,State House,9a,REP,write-in,1
Rolette,State House,9b,DEM,Marvin E Nelson,338
Rolette,State House,9b,DEM,write-in,1
Rolette,State House,9b,REP,Chuck Damschen,170
Rolette,State House,9b,REP,Donna Henderson,258
Rolette,State House,9b,REP,write-in,1
Rolette,State Senate,9,DEM,Loann Jerome,383
Rolette,State Senate,9,DEM,Richard Marcellais,556
Rolette,State Senate,9,DEM,write-in,1
Rolette,State Senate,9,REP,Kent Weston,593
Rolette,State Senate,9,REP,write-in,5
Rolette,Tax Commissioner,,DEM,write-in,68
Rolette,Tax Commissioner,,REP,Brian Kroshus,585
Rolette,Tax Commissioner,,REP,write-in,1
Rolette,U.S. House,1,DEM,Mark Haugen,792
Rolette,U.S. House,1,DEM,write-in,3
Rolette,U.S. House,1,REP,Kelly Armstrong,620
Rolette,U.S. House,1,REP,write-in,5
Rolette,U.S. Senate,,DEM,Katrina Christiansen,531
Rolette,U.S. Senate,,DEM,Michael J Steele,300
Rolette,U.S. Senate,,DEM,write-in,1
Rolette,U.S. Senate,,REP,John Hoeven,564
Rolette,U.S. Senate,,REP,Riley Kuntz,116
Rolette,U.S. Senate,,REP,write-in,0
Sargent,Agriculture Commissioner,,DEM,Fintan L Dooley,225
Sargent,Agriculture Commissioner,,DEM,write-in,0
Sargent,Agriculture Commissioner,,REP,Doug Goehring,526
Sargent,Agriculture Commissioner,,REP,write-in,5
Sargent,Attorney General,,DEM,Timothy Charles Lamb,225
Sargent,Attorney General,,DEM,write-in,0
Sargent,Attorney General,,REP,Drew Wrigley,519
Sargent,Attorney General,,REP,write-in,3
Sargent,Council Member Cayuga,,,Melody Pherson,5
Sargent,Council Member Cayuga,,,write-in,1
Sargent,Council Member Cogswell,,,write-in,15
Sargent,Council Member Forman,,,John Stenvold,100
Sargent,Council Member Forman,,,Luke Anderson,111
Sargent,Council Member Forman,,,write-in,6
Sargent,Council Member Gwinner,,,Bryton Ciesynski,102
Sargent,Council Member Gwinner,,,Chad Bache,14
Sargent,Council Member Gwinner,,,Klancy Tindall,65
Sargent,Council Member Gwinner,,,Michelle Goettle,88
Sargent,Council Member Gwinner,,,Wyatt Schilling,37
Sargent,Council Member Gwinner,,,write-in,0
Sargent,Council Member Havana,,,Becky Parrow,15
Sargent,Council Member Havana,,,Kean Nelson,16
Sargent,Council Member Havana,,,write-in,2
Sargent,Council Member Milnor,,,Curtis Anderson,93
Sargent,Council Member Milnor,,,Jasmine Smith,96
Sargent,Council Member Milnor,,,Jodi Ost,103
Sargent,Council Member Milnor,,,write-in,3
Sargent,Council Member Rutland,,,Lori McLaen,31
Sargent,Council Member Rutland,,,Rodney Erickson,30
Sargent,Council Member Rutland,,,write-in,2
Sargent,Council Member Unexpired 2-Year Term Rutland,,,write-in,15
Sargent,County Auditor Sargent,,,Pam Maloney,782
Sargent,County Auditor Sargent,,,write-in,2
Sargent,County Commissioner at Large Sargent,,,Jerry M Waswick,475
Sargent,County Commissioner at Large Sargent,,,Lyle R Bopp,529
Sargent,County Commissioner at Large Sargent,,,Richard Ruch,416
Sargent,County Commissioner at Large Sargent,,,Scott A Johnson,514
Sargent,County Commissioner at Large Sargent,,,Wade Anderson,429
Sargent,County Commissioner at Large Sargent,,,write-in,10
Sargent,County Official Newspaper Sargent,,,Sargent County Teller,757
Sargent,County Sheriff Sargent,,,Holly Ponzer,261
Sargent,County Sheriff Sargent,,,Travis A Paeper,600
Sargent,County Sheriff Sargent,,,write-in,5
Sargent,County State's Attorney Sargent,,,Jayne Lewandowski Pfau,722
Sargent,County State's Attorney Sargent,,,write-in,12
Sargent,County Treasurer/Recorder/Clerk of District Court Sargent,,,Alison Toepke,777
Sargent,County Treasurer/Recorder/Clerk of District Court Sargent,,,write-in,9
Sargent,Judge of the District Court No. 2 Southeast,,,Leah J Viste,237
Sargent,Judge of the District Court No. 2 Southeast,,,Nick D Thornton,162
Sargent,Judge of the District Court No. 2 Southeast,,,Paul C Murphy,238
Sargent,Judge of the District Court No. 2 Southeast,,,write-in,2
Sargent,Judge of the District Court No. 4 Southeast,,,James D Hovey,669
Sargent,Judge of the District Court No. 4 Southeast,,,write-in,1
Sargent,Judge of the District Court No. 5 Southeast,,,Daniel D Narum,767
Sargent,Judge of the District Court No. 5 Southeast,,,write-in,2
Sargent,Judge of the District Court No. 6 Southeast,,,Jay Schmitz,690
Sargent,Judge of the District Court No. 6 Southeast,,,write-in,0
Sargent,Judge of the District Court No. 7 Southeast,,,Troy J LeFevre,663
Sargent,Judge of the District Court No. 7 Southeast,,,write-in,0
Sargent,Justice of the Supreme Court,,,Daniel J Crothers,700
Sargent,Justice of the Supreme Court,,,write-in,2
Sargent,Mayor Cogswell,,,Clifton Brown,10
Sargent,Mayor Cogswell,,,write-in,3
Sargent,Mayor Forman,,,Kevin Bopp,104
Sargent,Mayor Forman,,,write-in,3
Sargent,Mayor Havana,,,Travis Bergh,17
Sargent,Mayor Havana,,,write-in,0
Sargent,Mayor Milnor,,,Terry Dusek,95
Sargent,Mayor Milnor,,,write-in,10
Sargent,Park Board Member Forman Park,,,write-in,37
Sargent,Park Board Member Gwinner Park,,,Jesse Herman,152
Sargent,Park Board Member Gwinner Park,,,Samantha Opdahl,143
Sargent,Park Board Member Gwinner Park,,,write-in,0
Sargent,Park Board Member Milnor Park,,,Erica Severson,108
Sargent,Park Board Member Milnor Park,,,write-in,17
Sargent,Park Board Member Rutland Park,,,Larry Christensen,30
Sargent,Park Board Member Rutland Park,,,write-in,7
Sargent,Park Board Member Unexpired 2-Year Term Gwinner Park,,,write-in,22
Sargent,Park Board Member Unexpired 2-Year Term Rutland Park,,,write-in,10
Sargent,Public Service Commissioner,,DEM,Melanie Moniz,222
Sargent,Public Service Commissioner,,DEM,write-in,0
Sargent,Public Service Commissioner,,REP,Julie Fedorchak,499
Sargent,Public Service Commissioner,,REP,write-in,2
Sargent,Public Service Commissioner Unexpired 4-Year Term,,DEM,Trygve Hammer,223
Sargent,Public Service Commissioner Unexpired 4-Year Term,,DEM,write-in,1
Sargent,Public Service Commissioner Unexpired 4-Year Term,,REP,Sheri Haugen-Hoffart,488
Sargent,Public Service Commissioner Unexpired 4-Year Term,,REP,write-in,2
Sargent,Road Levy Authority 41 - Sargent,,,No,318
Sargent,Road Levy Authority 41 - Sargent,,,Yes,513
Sargent,Secretary of State,,DEM,Jeffrey Powell,229
Sargent,Secretary of State,,DEM,write-in,0
Sargent,Secretary of State,,REP,Marvin Lepp,145
Sargent,Secretary of State,,REP,Michael Howe,322
Sargent,Secretary of State,,REP,write-in,1
Sargent,State House,25,DEM,Alisa Mitskog,7
Sargent,State House,25,DEM,write-in,0
Sargent,State House,25,REP,Cindy Beck,9
Sargent,State House,25,REP,Jason Heitkamp,6
Sargent,State House,25,REP,Kathy Skroch,10
Sargent,State House,25,REP,write-in,0
Sargent,State House Unexpired 2-Year Term,28,DEM,Sharon Ulmer,224
Sargent,State House Unexpired 2-Year Term,28,DEM,write-in,4
Sargent,State House Unexpired 2-Year Term,28,REP,Darcy A Meier,194
Sargent,State House Unexpired 2-Year Term,28,REP,Jim Grueneich,264
Sargent,State House Unexpired 2-Year Term,28,REP,Josh Loegering,176
Sargent,State House Unexpired 2-Year Term,28,REP,Mike Brandenburg,339
Sargent,State House Unexpired 2-Year Term,28,REP,Sam Leppert,53
Sargent,State House Unexpired 2-Year Term,28,REP,write-in,1
Sargent,State Senate,25,DEM,Jim Dotzenrod,7
Sargent,State Senate,25,DEM,write-in,0
Sargent,State Senate,25,REP,Larry Luick,13
Sargent,State Senate,25,REP,write-in,0
Sargent,State Senate Unexpired 2-Year Term,28,DEM,write-in,20
Sargent,State Senate Unexpired 2-Year Term,28,REP,Robert (Bob) Erbele,340
Sargent,State Senate Unexpired 2-Year Term,28,REP,Sebastian (Seabass) Ertelt,216
Sargent,State Senate Unexpired 2-Year Term,28,REP,write-in,2
Sargent,Tax Commissioner,,DEM,write-in,16
Sargent,Tax Commissioner,,REP,Brian Kroshus,504
Sargent,Tax Commissioner,,REP,write-in,4
Sargent,U.S. House,1,DEM,Mark Haugen,232
Sargent,U.S. House,1,DEM,write-in,1
Sargent,U.S. House,1,REP,Kelly Armstrong,526
Sargent,U.S. House,1,REP,write-in,4
Sargent,U.S. Senate,,DEM,Katrina Christiansen,173
Sargent,U.S. Senate,,DEM,Michael J Steele,52
Sargent,U.S. Senate,,DEM,write-in,0
Sargent,U.S. Senate,,REP,John Hoeven,468
Sargent,U.S. Senate,,REP,Riley Kuntz,105
Sargent,U.S. Senate,,REP,write-in,4
Sheridan,Advisory Ballot Question - Non-binding McClusky,,,No,71
Sheridan,Advisory Ballot Question - Non-binding McClusky,,,Yes,41
Sheridan,Agriculture Commissioner,,DEM,Fintan L Dooley,44
Sheridan,Agriculture Commissioner,,DEM,write-in,0
Sheridan,Agriculture Commissioner,,REP,Doug Goehring,315
Sheridan,Agriculture Commissioner,,REP,write-in,1
Sheridan,Alderperson Martin,,,write-in,19
Sheridan,Attorney General,,DEM,Timothy Charles Lamb,46
Sheridan,Attorney General,,DEM,write-in,0
Sheridan,Attorney General,,REP,Drew Wrigley,305
Sheridan,Attorney General,,REP,write-in,1
Sheridan,Council Member Goodrich,,,Arden Mindt,29
Sheridan,Council Member Goodrich,,,Larry Zeeb,26
Sheridan,Council Member Goodrich,,,Steven L Hochhalter,29
Sheridan,Council Member Goodrich,,,write-in,1
Sheridan,Council Member McClusky Ward 1,,,Nathan Rhoads,94
Sheridan,Council Member McClusky Ward 1,,,write-in,6
Sheridan,Council Member McClusky Ward 2,,,Corey Lauer,104
Sheridan,Council Member McClusky Ward 2,,,write-in,0
Sheridan,Council Member Unexpired 2-Year Term Goodrich,,,Blane Enzminger,20
Sheridan,Council Member Unexpired 2-Year Term Goodrich,,,Thomas Lindelien,11
Sheridan,Council Member Unexpired 2-Year Term Goodrich,,,write-in,0
Sheridan,County Agent Mill Levy 42 - Sheridan,,,No,131
Sheridan,County Agent Mill Levy 42 - Sheridan,,,Yes,246
Sheridan,County Auditor Sheridan,,,Shirley A. Murray,349
Sheridan,County Auditor Sheridan,,,write-in,6
Sheridan,County Commissioner Sheridan - District 1,,,Shannon Dieterle,340
Sheridan,County Commissioner Sheridan - District 1,,,write-in,11
Sheridan,County Commissioner Sheridan - District 3,,,Sandra Felchle,347
Sheridan,County Commissioner Sheridan - District 3,,,write-in,7
Sheridan,County Official Newspaper Sheridan,,,The McClusky Gazette,355
Sheridan,County Recorder Sheridan,,,Kathleen C Mindt,368
Sheridan,County Recorder Sheridan,,,write-in,0
Sheridan,County Sheriff Sheridan,,,Trent Naser,369
Sheridan,County Sheriff Sheridan,,,write-in,9
Sheridan,County State's Attorney Sheridan,,,Ladd Erickson,348
Sheridan,County State's Attorney Sheridan,,,write-in,2
Sheridan,County Treasurer Sheridan,,,Lynnette Fox,354
Sheridan,County Treasurer Sheridan,,,write-in,2
Sheridan,Judge of the District Court No. 10 Unexpired 4-Year Term South Central,,,Pamela Nesvig,322
Sheridan,Judge of the District Court No. 10 Unexpired 4-Year Term South Central,,,write-in,0
Sheridan,Judge of the District Court No. 2 South Central,,,Douglas A Bahr,316
Sheridan,Judge of the District Court No. 2 South Central,,,write-in,0
Sheridan,Judge of the District Court No. 5 South Central,,,Cynthia M Feland,323
Sheridan,Judge of the District Court No. 5 South Central,,,write-in,1
Sheridan,Judge of the District Court No. 6 Unexpired 4-Year Term South Central,,,Bobbi Weiler,319
Sheridan,Judge of the District Court No. 6 Unexpired 4-Year Term South Central,,,write-in,0
Sheridan,Justice of the Supreme Court,,,Daniel J Crothers,322
Sheridan,Justice of the Supreme Court,,,write-in,0
Sheridan,Mayor Goodrich,,,Michael S Gesellchen,28
Sheridan,Mayor Goodrich,,,write-in,2
Sheridan,Mayor McClusky,,,Bryon Belile,92
Sheridan,Mayor McClusky,,,write-in,10
Sheridan,Park Board Member Goodrich Park,,,Bonnie L Hochhalter,30
Sheridan,Park Board Member Goodrich Park,,,Cleta McDonald,30
Sheridan,Park Board Member Goodrich Park,,,Misty Galvin,30
Sheridan,Park Board Member Goodrich Park,,,write-in,0
Sheridan,Park Board Member McClusky Park,,,Tracy Stein,96
Sheridan,Park Board Member McClusky Park,,,write-in,9
Sheridan,Park Board Member Unexpired 2-Year Term Goodrich Park,,,Celeste Solum,26
Sheridan,Park Board Member Unexpired 2-Year Term Goodrich Park,,,write-in,0
Sheridan,Park Board Member Unexpired 2-Year Term McClusky Park,,,John Bowers,96
Sheridan,Park Board Member Unexpired 2-Year Term McClusky Park,,,write-in,3
Sheridan,Public Service Commissioner,,DEM,Melanie Moniz,45
Sheridan,Public Service Commissioner,,DEM,write-in,0
Sheridan,Public Service Commissioner,,REP,Julie Fedorchak,304
Sheridan,Public Service Commissioner,,REP,write-in,1
Sheridan,Public Service Commissioner Unexpired 4-Year Term,,DEM,Trygve Hammer,46
Sheridan,Public Service Commissioner Unexpired 4-Year Term,,DEM,write-in,0
Sheridan,Public Service Commissioner Unexpired 4-Year Term,,REP,Sheri Haugen-Hoffart,299
Sheridan,Public Service Commissioner Unexpired 4-Year Term,,REP,write-in,0
Sheridan,Question on publishing the city minutes Goodrich,,,No,5
Sheridan,Question on publishing the city minutes Goodrich,,,Yes,26
Sheridan,Question on publishing the minutes Goodrich School #16,,,No,9
Sheridan,Question on publishing the minutes Goodrich School #16,,,Yes,63
Sheridan,Question on publishing the minutes McClusky School #19,,,No,15
Sheridan,Question on publishing the minutes McClusky School #19,,,Yes,189
Sheridan,School Board Member Goodrich School #16,,,Laura Lieberman,68
Sheridan,School Board Member Goodrich School #16,,,Misty Galvin,71
Sheridan,School Board Member Goodrich School #16,,,write-in,5
Sheridan,School Board Member at Large McClusky School #19,,,Levi Boehm,176
Sheridan,School Board Member at Large McClusky School #19,,,write-in,8
Sheridan,School Board Member from City of McClusky McClusky School #19,,,Roberta Hunt,181
Sheridan,School Board Member from City of McClusky McClusky School #19,,,write-in,8
Sheridan,School Board Member from City of McClusky Unexpired 2-Year Term McClusky School #19,,,Samantha DeMunbrun,182
Sheridan,School Board Member from City of McClusky Unexpired 2-Year Term McClusky School #19,,,write-in,5
Sheridan,School Board Member from Rural Area McClusky School #19,,,Scott Stroh,186
Sheridan,School Board Member from Rural Area McClusky School #19,,,write-in,1
Sheridan,Secretary of State,,DEM,Jeffrey Powell,47
Sheridan,Secretary of State,,DEM,write-in,0
Sheridan,Secretary of State,,REP,Marvin Lepp,75
Sheridan,Secretary of State,,REP,Michael Howe,227
Sheridan,Secretary of State,,REP,write-in,1
Sheridan,Tax Commissioner,,DEM,write-in,4
Sheridan,Tax Commissioner,,REP,Brian Kroshus,305
Sheridan,Tax Commissioner,,REP,write-in,0
Sheridan,U.S. House,1,DEM,Mark Haugen,47
Sheridan,U.S. House,1,DEM,write-in,0
Sheridan,U.S. House,1,REP,Kelly Armstrong,311
Sheridan,U.S. House,1,REP,write-in,4
Sheridan,U.S. Senate,,DEM,Katrina Christiansen,38
Sheridan,U.S. Senate,,DEM,Michael J Steele,9
Sheridan,U.S. Senate,,DEM,write-in,0
Sheridan,U.S. Senate,,REP,John Hoeven,259
Sheridan,U.S. Senate,,REP,Riley Kuntz,71
Sheridan,U.S. Senate,,REP,write-in,4
Sioux,Agriculture Commissioner,,DEM,Fintan L Dooley,97
Sioux,Agriculture Commissioner,,DEM,write-in,0
Sioux,Agriculture Commissioner,,REP,Doug Goehring,97
Sioux,Agriculture Commissioner,,REP,write-in,0
Sioux,Appointment of State’s Attorney 43 - Sioux,,,No,114
Sioux,Appointment of State’s Attorney 43 - Sioux,,,Yes,109
Sioux,Attorney General,,DEM,Timothy Charles Lamb,96
Sioux,Attorney General,,DEM,write-in,0
Sioux,Attorney General,,REP,Drew Wrigley,92
Sioux,Attorney General,,REP,write-in,0
Sioux,Council Member Fort Yates,,,Herschel Whitelightning,12
Sioux,Council Member Fort Yates,,,Steve Wright,10
Sioux,Council Member Fort Yates,,,write-in,4
Sioux,Council Member Selfridge,,,Steve Gerhardt,10
Sioux,Council Member Selfridge,,,write-in,20
Sioux,Council Member Solen,,,Margaret Kopp,6
Sioux,Council Member Solen,,,write-in,2
Sioux,Council Member Unexpired 2-Year Term Solen,,,write-in,3
Sioux,County Auditor Sioux,,,Angela R Eagle,182
Sioux,County Auditor Sioux,,,write-in,10
Sioux,County Commissioner By District Sioux - District 1,,,Patti Kelly,21
Sioux,County Commissioner By District Sioux - District 1,,,Terrence Comeau,32
Sioux,County Commissioner By District Sioux - District 1,,,write-in,0
Sioux,County Commissioner By District Sioux - District 3,,,Clayton Pederson,54
Sioux,County Commissioner By District Sioux - District 3,,,Kenneth Snider,73
Sioux,County Commissioner By District Sioux - District 3,,,write-in,2
Sioux,County Official Newspaper Sioux,,,The Carson Press,179
Sioux,County Sheriff Sioux,,,Michael Crowfeather,196
Sioux,County Sheriff Sioux,,,write-in,2
Sioux,County State's Attorney Sioux,,,write-in,9
Sioux,County Treasurer/Recorder/Clerk of District Court Sioux,,,Vernetta Ironeyes,200
Sioux,County Treasurer/Recorder/Clerk of District Court Sioux,,,write-in,2
Sioux,Judge of the District Court No. 10 Unexpired 4-Year Term South Central,,,Pamela Nesvig,177
Sioux,Judge of the District Court No. 10 Unexpired 4-Year Term South Central,,,write-in,0
Sioux,Judge of the District Court No. 2 South Central,,,Douglas A Bahr,174
Sioux,Judge of the District Court No. 2 South Central,,,write-in,0
Sioux,Judge of the District Court No. 5 South Central,,,Cynthia M Feland,180
Sioux,Judge of the District Court No. 5 South Central,,,write-in,0
Sioux,Judge of the District Court No. 6 Unexpired 4-Year Term South Central,,,Bobbi Weiler,179
Sioux,Judge of the District Court No. 6 Unexpired 4-Year Term South Central,,,write-in,1
Sioux,Justice of the Supreme Court,,,Daniel J Crothers,174
Sioux,Justice of the Supreme Court,,,write-in,2
Sioux,Mayor Unexpired 2-Year Term Solen,,,Cheryl Hettich,4
Sioux,Mayor Unexpired 2-Year Term Solen,,,write-in,0
Sioux,Public Service Commissioner,,DEM,Melanie Moniz,97
Sioux,Public Service Commissioner,,DEM,write-in,1
Sioux,Public Service Commissioner,,REP,Julie Fedorchak,92
Sioux,Public Service Commissioner,,REP,write-in,1
Sioux,Public Service Commissioner Unexpired 4-Year Term,,DEM,Trygve Hammer,94
Sioux,Public Service Commissioner Unexpired 4-Year Term,,DEM,write-in,0
Sioux,Public Service Commissioner Unexpired 4-Year Term,,REP,Sheri Haugen-Hoffart,82
Sioux,Public Service Commissioner Unexpired 4-Year Term,,REP,write-in,1
Sioux,School Board Member Fort Yates School,,,Terry Yellowfat,71
Sioux,School Board Member Fort Yates School,,,write-in,19
Sioux,Secretary of State,,DEM,Jeffrey Powell,99
Sioux,Secretary of State,,DEM,write-in,1
Sioux,Secretary of State,,REP,Marvin Lepp,31
Sioux,Secretary of State,,REP,Michael Howe,52
Sioux,Secretary of State,,REP,write-in,0
Sioux,State House,31,DEM,Mike Faith,96
Sioux,State House,31,DEM,write-in,4
Sioux,State House,31,REP,Dawson Holle,70
Sioux,State House,31,REP,Jim Schmidt,50
Sioux,State House,31,REP,Karen Rohr,51
Sioux,State House,31,REP,write-in,3
Sioux,State Senate,31,DEM,write-in,2
Sioux,State Senate,31,REP,Donald Schaible,86
Sioux,State Senate,31,REP,write-in,4
Sioux,Tax Commissioner,,DEM,write-in,2
Sioux,Tax Commissioner,,REP,Brian Kroshus,87
Sioux,Tax Commissioner,,REP,write-in,0
Sioux,U.S. House,1,DEM,Mark Haugen,101
Sioux,U.S. House,1,DEM,write-in,1
Sioux,U.S. House,1,REP,Kelly Armstrong,86
Sioux,U.S. House,1,REP,write-in,5
Sioux,U.S. Senate,,DEM,Katrina Christiansen,59
Sioux,U.S. Senate,,DEM,Michael J Steele,47
Sioux,U.S. Senate,,DEM,write-in,0
Sioux,U.S. Senate,,REP,John Hoeven,80
Sioux,U.S. Senate,,REP,Riley Kuntz,24
Sioux,U.S. Senate,,REP,write-in,1
Slope,Agriculture Commissioner,,DEM,Fintan L Dooley,8
Slope,Agriculture Commissioner,,DEM,write-in,0
Slope,Agriculture Commissioner,,REP,Doug Goehring,159
Slope,Agriculture Commissioner,,REP,write-in,1
Slope,Attorney General,,DEM,Timothy Charles Lamb,8
Slope,Attorney General,,DEM,write-in,0
Slope,Attorney General,,REP,Drew Wrigley,154
Slope,Attorney General,,REP,write-in,1
Slope,Commission President Marmarth,,,Dennis Rice,22
Slope,Commission President Marmarth,,,Hailey Dschaak,18
Slope,Commission President Marmarth,,,write-in,0
Slope,Commissioner Marmarth,,,Laurie Reichenberg,22
Slope,Commissioner Marmarth,,,write-in,37
Slope,County Auditor Slope,,,Lorrie Buzalsky,127
Slope,County Auditor Slope,,,write-in,38
Slope,County Commissioner Slope - District 1,,,Mike Teske,158
Slope,County Commissioner Slope - District 1,,,write-in,3
Slope,County Commissioner Slope - District 3,,,Mike H Sonsalla,109
Slope,County Commissioner Slope - District 3,,,Ryan Jacobson,69
Slope,County Commissioner Slope - District 3,,,write-in,0
Slope,County Official Newspaper Slope,,,Bowman County Pioneer,152
Slope,County Official Newspaper Slope,,,Hettinger County Herald,30
Slope,County Recorder/Clerk of District Court Slope,,,Cindy Ornsbey,152
Slope,County Recorder/Clerk of District Court Slope,,,write-in,2
Slope,County Sheriff Slope,,,Rory M Teigen,108
Slope,County Sheriff Slope,,,Shawn Brien,72
Slope,County Sheriff Slope,,,write-in,2
Slope,County State's Attorney Slope,,,Erin Melling,143
Slope,County State's Attorney Slope,,,write-in,1
Slope,County Treasurer Slope,,,Colleen Germann,160
Slope,County Treasurer Slope,,,write-in,0
Slope,Judge of the District Court No. 2 Southwest,,,William A Herauf,163
Slope,Judge of the District Court No. 2 Southwest,,,write-in,0
Slope,Judge of the District Court No. 4 Southwest,,,Rhonda R Ehlis,159
Slope,Judge of the District Court No. 4 Southwest,,,write-in,0
Slope,Justice of the Supreme Court,,,Daniel J Crothers,153
Slope,Justice of the Supreme Court,,,write-in,0
Slope,Public Service Commissioner,,DEM,Melanie Moniz,8
Slope,Public Service Commissioner,,DEM,write-in,0
Slope,Public Service Commissioner,,REP,Julie Fedorchak,153
Slope,Public Service Commissioner,,REP,write-in,0
Slope,Public Service Commissioner Unexpired 4-Year Term,,DEM,Trygve Hammer,8
Slope,Public Service Commissioner Unexpired 4-Year Term,,DEM,write-in,0
Slope,Public Service Commissioner Unexpired 4-Year Term,,REP,Sheri Haugen-Hoffart,147
Slope,Public Service Commissioner Unexpired 4-Year Term,,REP,write-in,0
Slope,Publication of School Minutes Bowman School,,,No,3
Slope,Publication of School Minutes Bowman School,,,Yes,72
Slope,School Board Member Representative from the Bowman Area Bowman School,,,Andy Mrnak,51
Slope,School Board Member Representative from the Bowman Area Bowman School,,,Chad Njos,48
Slope,School Board Member Representative from the Bowman Area Bowman School,,,Jon Brosz,21
Slope,School Board Member Representative from the Bowman Area Bowman School,,,write-in,2
Slope,School Board Member Representative from the Rhame Area Bowman School,,,Stacy McGee,67
Slope,School Board Member Representative from the Rhame Area Bowman School,,,write-in,2
Slope,School Board Member at Large Bowman School,,,Camie Janikowski,70
Slope,School Board Member at Large Bowman School,,,write-in,2
Slope,Secretary of State,,DEM,Jeffrey Powell,8
Slope,Secretary of State,,DEM,write-in,0
Slope,Secretary of State,,REP,Marvin Lepp,43
Slope,Secretary of State,,REP,Michael Howe,109
Slope,Secretary of State,,REP,write-in,1
Slope,Senior Citizen Mill Levy Increase 44 - Slope,,,No,67
Slope,Senior Citizen Mill Levy Increase 44 - Slope,,,Yes,112
Slope,State House,39,DEM,write-in,0
Slope,State House,39,REP,John Pretzer,54
Slope,State House,39,REP,Keith Kempenich,68
Slope,State House,39,REP,Lyn James,65
Slope,State House,39,REP,Mike Schatz,90
Slope,State House,39,REP,Thea Lee,37
Slope,State House,39,REP,write-in,0
Slope,State Senate,39,DEM,write-in,1
Slope,State Senate,39,REP,Andrew Gene Kordonowy,61
Slope,State Senate,39,REP,Greg Kessel,101
Slope,State Senate,39,REP,write-in,0
Slope,Tax Commissioner,,DEM,write-in,0
Slope,Tax Commissioner,,REP,Brian Kroshus,148
Slope,Tax Commissioner,,REP,write-in,0
Slope,U.S. House,1,DEM,Mark Haugen,8
Slope,U.S. House,1,DEM,write-in,0
Slope,U.S. House,1,REP,Kelly Armstrong,158
Slope,U.S. House,1,REP,write-in,0
Slope,U.S. Senate,,DEM,Katrina Christiansen,6
Slope,U.S. Senate,,DEM,Michael J Steele,2
Slope,U.S. Senate,,DEM,write-in,0
Slope,U.S. Senate,,REP,John Hoeven,126
Slope,U.S. Senate,,REP,Riley Kuntz,41
Slope,U.S. Senate,,REP,write-in,1
Stark,Agriculture Commissioner,,DEM,Fintan L Dooley,268
Stark,Agriculture Commissioner,,DEM,write-in,1
Stark,Agriculture Commissioner,,REP,Doug Goehring,2277
Stark,Agriculture Commissioner,,REP,write-in,6
Stark,Attorney General,,DEM,Timothy Charles Lamb,279
Stark,Attorney General,,DEM,write-in,2
Stark,Attorney General,,REP,Drew Wrigley,2220
Stark,Attorney General,,REP,write-in,14
Stark,City of Belfield Publication of Minutes Belfield,,,No,41
Stark,City of Belfield Publication of Minutes Belfield,,,Yes,132
Stark,Commissioner Dickinson,,,Dr. Robert Baer,1162
Stark,Commissioner Dickinson,,,Jason Fridrich,1136
Stark,Commissioner Dickinson,,,write-in,22
Stark,Commissioner Richardton,,,Kelly Peters,72
Stark,Commissioner Richardton,,,Mark Aman,80
Stark,Commissioner Richardton,,,write-in,6
Stark,Council Member Belfield,,,Aaron Yourk,36
Stark,Council Member Belfield,,,Cindy Ewoniuk,38
Stark,Council Member Belfield,,,Jesse Mohler,33
Stark,Council Member Belfield,,,Kyle Michels,102
Stark,Council Member Belfield,,,Roger Decker,132
Stark,Council Member Belfield,,,write-in,2
Stark,Council Member Gladstone,,,Darrell Sadowsky,27
Stark,Council Member Gladstone,,,Paul Reinbold,24
Stark,Council Member Gladstone,,,write-in,19
Stark,Council Member South Heart,,,Jeremey Binstock,52
Stark,Council Member South Heart,,,Mike Sticka,39
Stark,Council Member South Heart,,,write-in,6
Stark,Council Member Taylor,,,Daryl Jurgens,34
Stark,Council Member Taylor,,,Mark Sloop,32
Stark,Council Member Taylor,,,write-in,4
Stark,Council Member Unexpired 2-Year Term Taylor,,,write-in,15
Stark,County Auditor/Treasurer Stark,,,Karen Richard,1598
Stark,County Auditor/Treasurer Stark,,,Monica Kram,904
Stark,County Auditor/Treasurer Stark,,,write-in,6
Stark,County Commissioner Stark - District 2,,,Cory White,2237
Stark,County Commissioner Stark - District 2,,,write-in,48
Stark,County Commissioner Stark - District 4,,,Carla Arthaud,1107
Stark,County Commissioner Stark - District 4,,,Paul D. Clarys,1620
Stark,County Commissioner Stark - District 4,,,write-in,5
Stark,County Sheriff Stark,,,Corey Lee,2199
Stark,County Sheriff Stark,,,write-in,347
Stark,County State's Attorney Stark,,,Amanda R. Engelstad,2350
Stark,County State's Attorney Stark,,,write-in,17
Stark,"Director, Southwest Water Authority Dickinson",,,write-in,191
Stark,"Director, Southwest Water Authority Stark",,,write-in,376
Stark,Judge of the District Court No. 2 Southwest,,,William A Herauf,2511
Stark,Judge of the District Court No. 2 Southwest,,,write-in,12
Stark,Judge of the District Court No. 4 Southwest,,,Rhonda R Ehlis,2431
Stark,Judge of the District Court No. 4 Southwest,,,write-in,12
Stark,Justice of the Supreme Court,,,Daniel J Crothers,2336
Stark,Justice of the Supreme Court,,,write-in,10
Stark,Mayor Belfield,,,Jeff Iverson,152
Stark,Mayor Belfield,,,write-in,13
Stark,Mayor Gladstone,,,write-in,35
Stark,Municipal Judge Dickinson,,,Robert Keogh,1401
Stark,Municipal Judge Dickinson,,,write-in,21
Stark,Park Board Commissioner Dickinson Park,,,Nic Stevenson,1287
Stark,Park Board Commissioner Dickinson Park,,,Scott Karsky,1293
Stark,Park Board Commissioner Dickinson Park,,,Tim Daniel,1193
Stark,Park Board Commissioner Dickinson Park,,,write-in,23
Stark,Park Board Commissioner South Heart Park,,,Arlen Kubas,54
Stark,Park Board Commissioner South Heart Park,,,Jon Jacobson,48
Stark,Park Board Commissioner South Heart Park,,,write-in,0
Stark,Park Board Commissioner Unexpired 2-Year Term South Heart Park,,,Kurt Silbernagel,51
Stark,Park Board Commissioner Unexpired 2-Year Term South Heart Park,,,write-in,2
Stark,Park Board Member Belfield Park,,,Paulette Schaff,150
Stark,Park Board Member Belfield Park,,,Richard Zacher,146
Stark,Park Board Member Belfield Park,,,write-in,6
Stark,Park Board Member Richardton Park,,,write-in,32
Stark,Park Board Member Taylor Park,,,write-in,34
Stark,Park Board Member Unexpired 2-Year Term Belfield Park,,,Claire Syms-Coty,128
Stark,Park Board Member Unexpired 2-Year Term Belfield Park,,,Jonathon Coty,135
Stark,Park Board Member Unexpired 2-Year Term Belfield Park,,,write-in,8
Stark,Park Board Member Unexpired 2-Year Term Richardton Park,,,write-in,20
Stark,Public Service Commissioner,,DEM,Melanie Moniz,276
Stark,Public Service Commissioner,,DEM,write-in,0
Stark,Public Service Commissioner,,REP,Julie Fedorchak,2190
Stark,Public Service Commissioner,,REP,write-in,17
Stark,Public Service Commissioner Unexpired 4-Year Term,,DEM,Trygve Hammer,277
Stark,Public Service Commissioner Unexpired 4-Year Term,,DEM,write-in,0
Stark,Public Service Commissioner Unexpired 4-Year Term,,REP,Sheri Haugen-Hoffart,2153
Stark,Public Service Commissioner Unexpired 4-Year Term,,REP,write-in,11
Stark,School Board Member Dickinson School,,,Dustin Anderson,934
Stark,School Board Member Dickinson School,,,Jason Rodakowski,1371
Stark,School Board Member Dickinson School,,,Kimberly L. Schwartz,1227
Stark,School Board Member Dickinson School,,,Michelle Orton,1300
Stark,School Board Member Dickinson School,,,write-in,20
Stark,School Board Member Richardton/Taylor School,,,Damian Paulson,108
Stark,School Board Member Richardton/Taylor School,,,Duane Zent,113
Stark,School Board Member Richardton/Taylor School,,,Jessica Olson,93
Stark,School Board Member Richardton/Taylor School,,,Jessica Rixen,85
Stark,School Board Member Richardton/Taylor School,,,Jody Hoff,119
Stark,School Board Member Richardton/Taylor School,,,write-in,0
Stark,School Board Member South Heart School,,,Jarrod M. Steffan,162
Stark,School Board Member South Heart School,,,Joshua Wagner,85
Stark,School Board Member South Heart School,,,Kammy Tschetter,66
Stark,School Board Member South Heart School,,,Lynae Harper (Rambousek),121
Stark,School Board Member South Heart School,,,Mason Eberts,178
Stark,School Board Member South Heart School,,,write-in,2
Stark,School Board Member-At Large Belfield School,,,Wesley Krebs,251
Stark,School Board Member-At Large Belfield School,,,write-in,2
Stark,School Board Member-Rural Belfield School,,,Keith Buckman,243
Stark,School Board Member-Rural Belfield School,,,write-in,7
Stark,Secretary of State,,DEM,Jeffrey Powell,277
Stark,Secretary of State,,DEM,write-in,1
Stark,Secretary of State,,REP,Marvin Lepp,718
Stark,Secretary of State,,REP,Michael Howe,1476
Stark,Secretary of State,,REP,write-in,9
Stark,South Heart School District Publication of Minutes South Heart School,,,No,26
Stark,South Heart School District Publication of Minutes South Heart School,,,Yes,198
Stark,State House,37,DEM,write-in,11
Stark,State House,37,REP,Mike Lefor,816
Stark,State House,37,REP,Vicky Steiner,735
Stark,State House,37,REP,write-in,8
Stark,State House,39,DEM,write-in,7
Stark,State House,39,REP,John Pretzer,97
Stark,State House,39,REP,Keith Kempenich,250
Stark,State House,39,REP,Lyn James,236
Stark,State House,39,REP,Mike Schatz,415
Stark,State House,39,REP,Thea Lee,276
Stark,State House,39,REP,write-in,3
Stark,State House Unexpired 2-Year Term,36,DEM,write-in,3
Stark,State House Unexpired 2-Year Term,36,REP,Dori Hauck,686
Stark,State House Unexpired 2-Year Term,36,REP,Gary Kreidt,537
Stark,State House Unexpired 2-Year Term,36,REP,write-in,4
Stark,State Senate,37,DEM,write-in,11
Stark,State Senate,37,REP,Dean Rummel,871
Stark,State Senate,37,REP,write-in,3
Stark,State Senate,39,DEM,write-in,4
Stark,State Senate,39,REP,Andrew Gene Kordonowy,352
Stark,State Senate,39,REP,Greg Kessel,329
Stark,State Senate,39,REP,write-in,3
Stark,State Senate Unexpired 2-Year Term,36,DEM,write-in,4
Stark,State Senate Unexpired 2-Year Term,36,REP,Jay Elkin,766
Stark,State Senate Unexpired 2-Year Term,36,REP,write-in,11
Stark,Tax Commissioner,,DEM,write-in,9
Stark,Tax Commissioner,,REP,Brian Kroshus,2188
Stark,Tax Commissioner,,REP,write-in,8
Stark,U.S. House,1,DEM,Mark Haugen,281
Stark,U.S. House,1,DEM,write-in,0
Stark,U.S. House,1,REP,Kelly Armstrong,2359
Stark,U.S. House,1,REP,write-in,32
Stark,U.S. Senate,,DEM,Katrina Christiansen,218
Stark,U.S. Senate,,DEM,Michael J Steele,70
Stark,U.S. Senate,,DEM,write-in,0
Stark,U.S. Senate,,REP,John Hoeven,1769
Stark,U.S. Senate,,REP,Riley Kuntz,720
Stark,U.S. Senate,,REP,write-in,19
Steele,Agriculture Commissioner,,DEM,Fintan L Dooley,130
Steele,Agriculture Commissioner,,DEM,write-in,0
Steele,Agriculture Commissioner,,REP,Doug Goehring,299
Steele,Agriculture Commissioner,,REP,write-in,0
Steele,Attorney General,,DEM,Timothy Charles Lamb,133
Steele,Attorney General,,DEM,write-in,0
Steele,Attorney General,,REP,Drew Wrigley,295
Steele,Attorney General,,REP,write-in,0
Steele,Council Member Finley,,,Daniel Aberle,41
Steele,Council Member Finley,,,Kevin Corey,56
Steele,Council Member Finley,,,Merle Ferry,85
Steele,Council Member Finley,,,Tori Archer,100
Steele,Council Member Finley,,,write-in,2
Steele,County Auditor Steele,,,Emily Wigen,195
Steele,County Auditor Steele,,,Jana Flaten,307
Steele,County Auditor Steele,,,write-in,0
Steele,County Commissioner By District Steele - District 1,,,Brandon Oxton,86
Steele,County Commissioner By District Steele - District 1,,,Brian Tuite,38
Steele,County Commissioner By District Steele - District 1,,,write-in,1
Steele,County Commissioner By District Steele - District 3,,,Jay W Showers,51
Steele,County Commissioner By District Steele - District 3,,,Perry Brown,54
Steele,County Commissioner By District Steele - District 3,,,write-in,0
Steele,County Commissioner By District Steele - District 5,,,Donald Huso,65
Steele,County Commissioner By District Steele - District 5,,,Russell Lee Walcker,31
Steele,County Commissioner By District Steele - District 5,,,write-in,0
Steele,County Official Newspaper Steele,,,Steele County Press,467
Steele,County Sheriff Steele,,,Wayne A Beckman,463
Steele,County Sheriff Steele,,,write-in,13
Steele,County Treasurer Steele,,,Kari Dekker,463
Steele,County Treasurer Steele,,,write-in,7
Steele,Extension services levy Authority 46 - Steele,,,No,198
Steele,Extension services levy Authority 46 - Steele,,,Yes,302
Steele,Judge of the District Court No. 2 East Central,,,Tristan Van de Streek,414
Steele,Judge of the District Court No. 2 East Central,,,write-in,0
Steele,Judge of the District Court No. 3 East Central,,,Steven E McCullough,422
Steele,Judge of the District Court No. 3 East Central,,,write-in,0
Steele,Judge of the District Court No. 4 East Central,,,Blake D Hankey,133
Steele,Judge of the District Court No. 4 East Central,,,Connie Cleveland,125
Steele,Judge of the District Court No. 4 East Central,,,David J Chapman,82
Steele,Judge of the District Court No. 4 East Central,,,Jay Greenwood,53
Steele,Judge of the District Court No. 4 East Central,,,write-in,0
Steele,Justice of the Supreme Court,,,Daniel J Crothers,416
Steele,Justice of the Supreme Court,,,write-in,0
Steele,Mayor Finley,,,Brian Tuite,95
Steele,Mayor Finley,,,write-in,19
Steele,Park Board Member Finley Park,,,Chad Aberle,120
Steele,Park Board Member Finley Park,,,Daniel Aberle,113
Steele,Park Board Member Finley Park,,,Paul Kroeplin,126
Steele,Park Board Member Finley Park,,,write-in,4
Steele,Public Service Commissioner,,DEM,Melanie Moniz,134
Steele,Public Service Commissioner,,DEM,write-in,0
Steele,Public Service Commissioner,,REP,Julie Fedorchak,293
Steele,Public Service Commissioner,,REP,write-in,0
Steele,Public Service Commissioner Unexpired 4-Year Term,,DEM,Trygve Hammer,133
Steele,Public Service Commissioner Unexpired 4-Year Term,,DEM,write-in,0
Steele,Public Service Commissioner Unexpired 4-Year Term,,REP,Sheri Haugen-Hoffart,286
Steele,Public Service Commissioner Unexpired 4-Year Term,,REP,write-in,0
Steele,Road and Bridge levy Authority 46 - Steele,,,No,132
Steele,Road and Bridge levy Authority 46 - Steele,,,Yes,373
Steele,Secretary of State,,DEM,Jeffrey Powell,135
Steele,Secretary of State,,DEM,write-in,0
Steele,Secretary of State,,REP,Marvin Lepp,90
Steele,Secretary of State,,REP,Michael Howe,183
Steele,Secretary of State,,REP,write-in,0
Steele,State House,29,DEM,Charles Linderman,136
Steele,State House,29,DEM,write-in,3
Steele,State House,29,REP,Craig Headland,191
Steele,State House,29,REP,Don Vigesaa,273
Steele,State House,29,REP,write-in,2
Steele,State Senate,29,DEM,Ben Vig,144
Steele,State Senate,29,DEM,write-in,0
Steele,State Senate,29,REP,Terry M Wanzek,295
Steele,State Senate,29,REP,write-in,0
Steele,Tax Commissioner,,DEM,write-in,8
Steele,Tax Commissioner,,REP,Brian Kroshus,288
Steele,Tax Commissioner,,REP,write-in,1
Steele,U.S. House,1,DEM,Mark Haugen,137
Steele,U.S. House,1,DEM,write-in,0
Steele,U.S. House,1,REP,Kelly Armstrong,295
Steele,U.S. House,1,REP,write-in,0
Steele,U.S. Senate,,DEM,Katrina Christiansen,108
Steele,U.S. Senate,,DEM,Michael J Steele,27
Steele,U.S. Senate,,DEM,write-in,0
Steele,U.S. Senate,,REP,John Hoeven,265
Steele,U.S. Senate,,REP,Riley Kuntz,52
Steele,U.S. Senate,,REP,write-in,0
Stutsman,Agriculture Commissioner,,DEM,Fintan L Dooley,399
Stutsman,Agriculture Commissioner,,DEM,write-in,2
Stutsman,Agriculture Commissioner,,REP,Doug Goehring,1120
Stutsman,Agriculture Commissioner,,REP,write-in,2
Stutsman,Attorney General,,DEM,Timothy Charles Lamb,398
Stutsman,Attorney General,,DEM,write-in,1
Stutsman,Attorney General,,REP,Drew Wrigley,1096
Stutsman,Attorney General,,REP,write-in,7
Stutsman,Council Member Jamestown,,,David Steele,841
Stutsman,Council Member Jamestown,,,Josh Meade,260
Stutsman,Council Member Jamestown,,,write-in,14
Stutsman,County Commissioner Stutsman,,,Chad Wolsky,1159
Stutsman,County Commissioner Stutsman,,,Steven J. Cichos,1199
Stutsman,County Commissioner Stutsman,,,write-in,493
Stutsman,County Official Newspaper Stutsman,,,The Jamestown Sun,1316
Stutsman,County Sheriff Stutsman,,,Chad Kaiser,1465
Stutsman,County Sheriff Stutsman,,,write-in,23
Stutsman,County State's Attorney Stutsman,,,Fritz Fremgen,1298
Stutsman,County State's Attorney Stutsman,,,write-in,22
Stutsman,"Director, Garrison Diversion Conservancy Stutsman",,,Geneva Kaiser,1287
Stutsman,"Director, Garrison Diversion Conservancy Stutsman",,,write-in,11
Stutsman,Judge of the District Court No. 2 Southeast,,,Leah J Viste,386
Stutsman,Judge of the District Court No. 2 Southeast,,,Nick D Thornton,468
Stutsman,Judge of the District Court No. 2 Southeast,,,Paul C Murphy,454
Stutsman,Judge of the District Court No. 2 Southeast,,,write-in,4
Stutsman,Judge of the District Court No. 4 Southeast,,,James D Hovey,1305
Stutsman,Judge of the District Court No. 4 Southeast,,,write-in,6
Stutsman,Judge of the District Court No. 5 Southeast,,,Daniel D Narum,1314
Stutsman,Judge of the District Court No. 5 Southeast,,,write-in,5
Stutsman,Judge of the District Court No. 6 Southeast,,,Jay Schmitz,1370
Stutsman,Judge of the District Court No. 6 Southeast,,,write-in,8
Stutsman,Judge of the District Court No. 7 Southeast,,,Troy J LeFevre,1389
Stutsman,Judge of the District Court No. 7 Southeast,,,write-in,5
Stutsman,Justice of the Supreme Court,,,Daniel J Crothers,1331
Stutsman,Justice of the Supreme Court,,,write-in,5
Stutsman,Mayor Jamestown,,,Dwaine Heinrich,860
Stutsman,Mayor Jamestown,,,write-in,62
Stutsman,Municipal Judge Jamestown,,,Lawrence P. Kropp,883
Stutsman,Municipal Judge Jamestown,,,write-in,11
Stutsman,Park Board Member Jamestown Park,,,Mike Landscoot,840
Stutsman,Park Board Member Jamestown Park,,,Mike Soulis,870
Stutsman,Park Board Member Jamestown Park,,,Mindi Schmitz,875
Stutsman,Park Board Member Jamestown Park,,,write-in,26
Stutsman,Public Service Commissioner,,DEM,Melanie Moniz,403
Stutsman,Public Service Commissioner,,DEM,write-in,2
Stutsman,Public Service Commissioner,,REP,Julie Fedorchak,1078
Stutsman,Public Service Commissioner,,REP,write-in,1
Stutsman,Public Service Commissioner Unexpired 4-Year Term,,DEM,Trygve Hammer,406
Stutsman,Public Service Commissioner Unexpired 4-Year Term,,DEM,write-in,2
Stutsman,Public Service Commissioner Unexpired 4-Year Term,,REP,Sheri Haugen-Hoffart,1056
Stutsman,Public Service Commissioner Unexpired 4-Year Term,,REP,write-in,1
Stutsman,Publication of School Board Proceedings Jamestown School Dist #1,,,No,131
Stutsman,Publication of School Board Proceedings Jamestown School Dist #1,,,Yes,1185
Stutsman,School Board Member Jamestown School Dist #1,,,Daniel Tweten,831
Stutsman,School Board Member Jamestown School Dist #1,,,Heidi Heim Larson,973
Stutsman,School Board Member Jamestown School Dist #1,,,Jason Rohr,1012
Stutsman,School Board Member Jamestown School Dist #1,,,Melissa Gleason,1091
Stutsman,School Board Member Jamestown School Dist #1,,,Stephen R. Resler,486
Stutsman,School Board Member Jamestown School Dist #1,,,write-in,140
Stutsman,Secretary of State,,DEM,Jeffrey Powell,407
Stutsman,Secretary of State,,DEM,write-in,1
Stutsman,Secretary of State,,REP,Marvin Lepp,344
Stutsman,Secretary of State,,REP,Michael Howe,710
Stutsman,Secretary of State,,REP,write-in,2
Stutsman,State House,29,DEM,Charles Linderman,79
Stutsman,State House,29,DEM,write-in,0
Stutsman,State House,29,REP,Craig Headland,329
Stutsman,State House,29,REP,Don Vigesaa,286
Stutsman,State House,29,REP,write-in,2
Stutsman,State Senate,29,DEM,Ben Vig,80
Stutsman,State Senate,29,DEM,write-in,0
Stutsman,State Senate,29,REP,Terry M Wanzek,373
Stutsman,State Senate,29,REP,write-in,3
Stutsman,Tax Commissioner,,DEM,write-in,28
Stutsman,Tax Commissioner,,REP,Brian Kroshus,1090
Stutsman,Tax Commissioner,,REP,write-in,4
Stutsman,U.S. House,1,DEM,Mark Haugen,415
Stutsman,U.S. House,1,DEM,write-in,3
Stutsman,U.S. House,1,REP,Kelly Armstrong,1122
Stutsman,U.S. House,1,REP,write-in,8
Stutsman,U.S. Senate,,DEM,Katrina Christiansen,340
Stutsman,U.S. Senate,,DEM,Michael J Steele,103
Stutsman,U.S. Senate,,DEM,write-in,2
Stutsman,U.S. Senate,,REP,John Hoeven,995
Stutsman,U.S. Senate,,REP,Riley Kuntz,229
Stutsman,U.S. Senate,,REP,write-in,10
Towner,Agriculture Commissioner,,DEM,Fintan L Dooley,87
Towner,Agriculture Commissioner,,DEM,write-in,0
Towner,Agriculture Commissioner,,REP,Doug Goehring,383
Towner,Agriculture Commissioner,,REP,write-in,0
Towner,Attorney General,,DEM,Timothy Charles Lamb,90
Towner,Attorney General,,DEM,write-in,0
Towner,Attorney General,,REP,Drew Wrigley,382
Towner,Attorney General,,REP,write-in,2
Towner,Council Member Cando,,,Kristopher Volden,165
Towner,Council Member Cando,,,Rodney Halverson,255
Towner,Council Member Cando,,,Roger Scott,265
Towner,Council Member Cando,,,Todd Klingenberg,186
Towner,Council Member Cando,,,write-in,3
Towner,County Commissioner Towner - District 2,,,Douglas Berg,475
Towner,County Commissioner Towner - District 2,,,write-in,4
Towner,County Commissioner Towner - District 4,,,David Lagein,478
Towner,County Commissioner Towner - District 4,,,write-in,3
Towner,County Official Newspaper Towner,,,Towner County Record Herald,456
Towner,County Sheriff Towner,,,Andrew Hillier,480
Towner,County Sheriff Towner,,,write-in,21
Towner,County State's Attorney Towner,,,Joshua Frey,493
Towner,County State's Attorney Towner,,,write-in,4
Towner,Judge of the District Court No. 1 Northeast,,,Lonnie Olson,481
Towner,Judge of the District Court No. 1 Northeast,,,write-in,2
Towner,Justice of the Supreme Court,,,Daniel J Crothers,462
Towner,Justice of the Supreme Court,,,write-in,0
Towner,Mayor Cando,,,Rollie Bjornstad,203
Towner,Mayor Cando,,,write-in,113
Towner,Park Board Member Cando Park,,,Amanda Held,296
Towner,Park Board Member Cando Park,,,write-in,39
Towner,Public Service Commissioner,,DEM,Melanie Moniz,87
Towner,Public Service Commissioner,,DEM,write-in,0
Towner,Public Service Commissioner,,REP,Julie Fedorchak,368
Towner,Public Service Commissioner,,REP,write-in,0
Towner,Public Service Commissioner Unexpired 4-Year Term,,DEM,Trygve Hammer,85
Towner,Public Service Commissioner Unexpired 4-Year Term,,DEM,write-in,0
Towner,Public Service Commissioner Unexpired 4-Year Term,,REP,Sheri Haugen-Hoffart,367
Towner,Public Service Commissioner Unexpired 4-Year Term,,REP,write-in,0
Towner,Secretary of State,,DEM,Jeffrey Powell,88
Towner,Secretary of State,,DEM,write-in,0
Towner,Secretary of State,,REP,Marvin Lepp,101
Towner,Secretary of State,,REP,Michael Howe,255
Towner,Secretary of State,,REP,write-in,0
Towner,State House,15,DEM,Heather Lawrence-Skadsem,51
Towner,State House,15,DEM,write-in,0
Towner,State House,15,REP,Dennis Johnson,204
Towner,State House,15,REP,Greg Westlind,203
Towner,State House,15,REP,Kathy Frelich,184
Towner,State House,15,REP,write-in,0
Towner,State House,9b,DEM,Marvin E Nelson,40
Towner,State House,9b,DEM,write-in,0
Towner,State House,9b,REP,Chuck Damschen,39
Towner,State House,9b,REP,Donna Henderson,46
Towner,State House,9b,REP,write-in,0
Towner,State Senate,15,DEM,Collette Brown,51
Towner,State Senate,15,DEM,write-in,0
Towner,State Senate,15,REP,Dave Oehlke,109
Towner,State Senate,15,REP,Judy Estenson,217
Towner,State Senate,15,REP,write-in,1
Towner,State Senate,9,DEM,Loann Jerome,11
Towner,State Senate,9,DEM,Richard Marcellais,29
Towner,State Senate,9,DEM,write-in,0
Towner,State Senate,9,REP,Kent Weston,76
Towner,State Senate,9,REP,write-in,0
Towner,Tax Commissioner,,DEM,write-in,4
Towner,Tax Commissioner,,REP,Brian Kroshus,370
Towner,Tax Commissioner,,REP,write-in,0
Towner,Towner County Hospital Mill Levy 48 - Towner,,,No,143
Towner,Towner County Hospital Mill Levy 48 - Towner,,,Yes,383
Towner,U.S. House,1,DEM,Mark Haugen,91
Towner,U.S. House,1,DEM,write-in,0
Towner,U.S. House,1,REP,Kelly Armstrong,373
Towner,U.S. House,1,REP,write-in,1
Towner,U.S. Senate,,DEM,Katrina Christiansen,68
Towner,U.S. Senate,,DEM,Michael J Steele,23
Towner,U.S. Senate,,DEM,write-in,0
Towner,U.S. Senate,,REP,John Hoeven,326
Towner,U.S. Senate,,REP,Riley Kuntz,78
Towner,U.S. Senate,,REP,write-in,4
Traill,1% Sales Tax for Infrastructure Mayville,,,No,65
Traill,1% Sales Tax for Infrastructure Mayville,,,Yes,231
Traill,Agriculture Commissioner,,DEM,Fintan L Dooley,455
Traill,Agriculture Commissioner,,DEM,write-in,0
Traill,Agriculture Commissioner,,REP,Doug Goehring,1103
Traill,Agriculture Commissioner,,REP,write-in,5
Traill,Attorney General,,DEM,Timothy Charles Lamb,460
Traill,Attorney General,,DEM,write-in,0
Traill,Attorney General,,REP,Drew Wrigley,1092
Traill,Attorney General,,REP,write-in,8
Traill,Commission President Hillsboro,,,Levi Reese,187
Traill,Commission President Hillsboro,,,Terry Sando,144
Traill,Commission President Hillsboro,,,write-in,44
Traill,Commissioner Hillsboro,,,Dave Sather,343
Traill,Commissioner Hillsboro,,,write-in,133
Traill,Council Member Buxton,,,Ben Hershey,44
Traill,Council Member Buxton,,,Holly Aamold,48
Traill,Council Member Buxton,,,write-in,4
Traill,Council Member Clifford,,,write-in,6
Traill,Council Member Galesburg,,,John Hopkins,8
Traill,Council Member Galesburg,,,Jon Johnson,33
Traill,Council Member Galesburg,,,Justin Wika,17
Traill,Council Member Galesburg,,,write-in,16
Traill,Council Member Hatton,,,Annette Glennon,57
Traill,Council Member Hatton,,,Bernie Johnson,96
Traill,Council Member Hatton,,,Darrin Carlson,124
Traill,Council Member Hatton,,,Scott Phipps,121
Traill,Council Member Hatton,,,write-in,5
Traill,Council Member Mayville,,,Charlie Moen,262
Traill,Council Member Mayville,,,Ray Petersen,256
Traill,Council Member Mayville,,,write-in,45
Traill,Council Member Portland,,,Penny Hanson,124
Traill,Council Member Portland,,,write-in,10
Traill,Council Member Reynolds,,,Braden Majer,29
Traill,Council Member Reynolds,,,Dorian Beck,36
Traill,Council Member Reynolds,,,write-in,0
Traill,Council Member Unexpired 2-Year Term Reynolds,,,Brian Thompson,34
Traill,Council Member Unexpired 2-Year Term Reynolds,,,write-in,0
Traill,County Auditor Traill,,,Glenda Haugen,1577
Traill,County Auditor Traill,,,write-in,6
Traill,County Clerk of District Court Traill,,,Jody Schill,1550
Traill,County Clerk of District Court Traill,,,write-in,3
Traill,County Commissioner By District Traill - District 1,,,Thomas Eblen,353
Traill,County Commissioner By District Traill - District 1,,,write-in,14
Traill,County Commissioner By District Traill - District 3,,,Adam Smelden,66
Traill,County Commissioner By District Traill - District 3,,,Kendall Nesvig,221
Traill,County Commissioner By District Traill - District 3,,,Randy Fitzner,37
Traill,County Commissioner By District Traill - District 3,,,write-in,3
Traill,County Commissioner By District Traill - District 5,,,Leslie Amb,318
Traill,County Commissioner By District Traill - District 5,,,write-in,4
Traill,County Official Newspaper Traill,,,Hillsboro Banner,919
Traill,County Official Newspaper Traill,,,Traill County Tribune,770
Traill,County Recorder Traill,,,Marlene Eblen,1561
Traill,County Recorder Traill,,,write-in,5
Traill,County Sheriff Traill,,,Steve Hunt,1606
Traill,County Sheriff Traill,,,write-in,6
Traill,County State's Attorney Traill,,,Charlie Stock,1504
Traill,County State's Attorney Traill,,,write-in,17
Traill,County Treasurer Traill,,,Carla Swanson,1567
Traill,County Treasurer Traill,,,write-in,3
Traill,"Director, Garrison Diversion Conservancy Traill",,,Jason Siegert,1529
Traill,"Director, Garrison Diversion Conservancy Traill",,,write-in,8
Traill,Judge of the District Court No. 2 East Central,,,Tristan Van de Streek,1472
Traill,Judge of the District Court No. 2 East Central,,,write-in,3
Traill,Judge of the District Court No. 3 East Central,,,Steven E McCullough,1479
Traill,Judge of the District Court No. 3 East Central,,,write-in,2
Traill,Judge of the District Court No. 4 East Central,,,Blake D Hankey,451
Traill,Judge of the District Court No. 4 East Central,,,Connie Cleveland,550
Traill,Judge of the District Court No. 4 East Central,,,David J Chapman,212
Traill,Judge of the District Court No. 4 East Central,,,Jay Greenwood,188
Traill,Judge of the District Court No. 4 East Central,,,write-in,2
Traill,Justice of the Supreme Court,,,Daniel J Crothers,1468
Traill,Justice of the Supreme Court,,,write-in,2
Traill,Levy up to 40 mills for roads 49 - Traill,,,No,203
Traill,Levy up to 40 mills for roads 49 - Traill,,,Yes,1452
Traill,Mayor Buxton,,,Travis Soderberg,55
Traill,Mayor Buxton,,,write-in,1
Traill,Mayor Clifford,,,write-in,3
Traill,Mayor Hatton,,,Stuart Letcher,126
Traill,Mayor Hatton,,,write-in,6
Traill,Mayor Mayville,,,Karl Jorgenson,264
Traill,Mayor Mayville,,,write-in,10
Traill,Mayor Reynolds,,,David Scholand,36
Traill,Mayor Reynolds,,,write-in,0
Traill,Municipal Judge Hatton,,,Thomas Moe,133
Traill,Municipal Judge Hatton,,,write-in,0
Traill,Municipal Judge Mayville,,,Thomas R. Moe,278
Traill,Municipal Judge Mayville,,,write-in,2
Traill,Park Board Member Buxton Park,,,write-in,38
Traill,Park Board Member Hatton Park,,,Joel Foss,139
Traill,Park Board Member Hatton Park,,,write-in,28
Traill,Park Board Member Hillsboro Park,,,Benjamin Knecht,348
Traill,Park Board Member Hillsboro Park,,,Darren Wright,357
Traill,Park Board Member Hillsboro Park,,,Tim Kelley,349
Traill,Park Board Member Hillsboro Park,,,write-in,3
Traill,Park Board Member Mayville Park,,,Jacob Jaffa,246
Traill,Park Board Member Mayville Park,,,Jeremy Marquardt,283
Traill,Park Board Member Mayville Park,,,write-in,1
Traill,Park Board Member Portland Park,,,Merle Strand,126
Traill,Park Board Member Portland Park,,,write-in,26
Traill,Public Service Commissioner,,DEM,Melanie Moniz,460
Traill,Public Service Commissioner,,DEM,write-in,0
Traill,Public Service Commissioner,,REP,Julie Fedorchak,1075
Traill,Public Service Commissioner,,REP,write-in,7
Traill,Public Service Commissioner Unexpired 4-Year Term,,DEM,Trygve Hammer,458
Traill,Public Service Commissioner Unexpired 4-Year Term,,DEM,write-in,0
Traill,Public Service Commissioner Unexpired 4-Year Term,,REP,Sheri Haugen-Hoffart,1062
Traill,Public Service Commissioner Unexpired 4-Year Term,,REP,write-in,3
Traill,School Board Member - Area 2 Northern Cass School Dist #97,,,Todd Olson,19
Traill,School Board Member - Area 2 Northern Cass School Dist #97,,,write-in,0
Traill,School Board Member - Area 3 Northern Cass School Dist #97,,,Jamie Winterquist,9
Traill,School Board Member - Area 3 Northern Cass School Dist #97,,,Paul Nelson,3
Traill,School Board Member - Area 3 Northern Cass School Dist #97,,,Sean Jalbert,9
Traill,School Board Member - Area 3 Northern Cass School Dist #97,,,write-in,0
Traill,School Board Member - Area 7 Northern Cass School Dist #97,,,Christopher Murch,12
Traill,School Board Member - Area 7 Northern Cass School Dist #97,,,Elizabeth Bjerke,6
Traill,School Board Member - Area 7 Northern Cass School Dist #97,,,Heather Brandt,3
Traill,School Board Member - Area 7 Northern Cass School Dist #97,,,write-in,0
Traill,School Board Member - Mayville City Mayport CG School Dist #14,,,Mitchell Wade Krueger,601
Traill,School Board Member - Mayville City Mayport CG School Dist #14,,,write-in,12
Traill,School Board Member - Portland City Mayport CG School Dist #14,,,Marlana Knudson,620
Traill,School Board Member - Portland City Mayport CG School Dist #14,,,write-in,10
Traill,School Board Member - Rural Portland Mayport CG School Dist #14,,,write-in,161
Traill,School Board Member Hillsboro School,,,Tim Kozojed,528
Traill,School Board Member Hillsboro School,,,write-in,12
Traill,School Board Member Maddock School,,,Tim Kozojed,528
Traill,School Board Member Maddock School,,,write-in,12
Traill,Secretary of State,,DEM,Jeffrey Powell,461
Traill,Secretary of State,,DEM,write-in,1
Traill,Secretary of State,,REP,Marvin Lepp,345
Traill,Secretary of State,,REP,Michael Howe,671
Traill,Secretary of State,,REP,write-in,5
Traill,State House Unexpired 2-Year Term,20,DEM,Thomas Passa,463
Traill,State House Unexpired 2-Year Term,20,DEM,write-in,6
Traill,State House Unexpired 2-Year Term,20,REP,Craig Jarolimek,344
Traill,State House Unexpired 2-Year Term,20,REP,Jared Hagert,776
Traill,State House Unexpired 2-Year Term,20,REP,Mike Beltz,918
Traill,State House Unexpired 2-Year Term,20,REP,write-in,6
Traill,State Senate Unexpired 2-Year Term,20,DEM,Paul R Hanson,475
Traill,State Senate Unexpired 2-Year Term,20,DEM,write-in,0
Traill,State Senate Unexpired 2-Year Term,20,REP,Randy D Lemm,1047
Traill,State Senate Unexpired 2-Year Term,20,REP,Robert Fors,120
Traill,State Senate Unexpired 2-Year Term,20,REP,write-in,3
Traill,Tax Commissioner,,DEM,write-in,30
Traill,Tax Commissioner,,REP,Brian Kroshus,1064
Traill,Tax Commissioner,,REP,write-in,1
Traill,U.S. House,1,DEM,Mark Haugen,460
Traill,U.S. House,1,DEM,write-in,0
Traill,U.S. House,1,REP,Kelly Armstrong,1101
Traill,U.S. House,1,REP,write-in,12
Traill,U.S. Senate,,DEM,Katrina Christiansen,339
Traill,U.S. Senate,,DEM,Michael J Steele,122
Traill,U.S. Senate,,DEM,write-in,0
Traill,U.S. Senate,,REP,John Hoeven,997
Traill,U.S. Senate,,REP,Riley Kuntz,175
Traill,U.S. Senate,,REP,write-in,9
Walsh,Agriculture Commissioner,,DEM,Fintan L Dooley,341
Walsh,Agriculture Commissioner,,DEM,write-in,0
Walsh,Agriculture Commissioner,,REP,Doug Goehring,1705
Walsh,Agriculture Commissioner,,REP,write-in,2
Walsh,Alderperson Pisek,,,write-in,18
Walsh,Attorney General,,DEM,Timothy Charles Lamb,339
Walsh,Attorney General,,DEM,write-in,0
Walsh,Attorney General,,REP,Drew Wrigley,1684
Walsh,Attorney General,,REP,write-in,1
Walsh,Council Member Adams,,,Derreck Lundquist,27
Walsh,Council Member Adams,,,James Drevecky,26
Walsh,Council Member Adams,,,write-in,2
Walsh,Council Member Ardoch,,,write-in,0
Walsh,Council Member Conway,,,write-in,4
Walsh,Council Member Edinburg,,,Dennis Hammer,51
Walsh,Council Member Edinburg,,,Michael Paulson,56
Walsh,Council Member Edinburg,,,write-in,2
Walsh,Council Member Fairdale,,,write-in,17
Walsh,Council Member Fordville,,,Michael Gemmill,41
Walsh,Council Member Fordville,,,write-in,2
Walsh,Council Member Forest River,,,Dale Korynta,27
Walsh,Council Member Forest River,,,Tarek Schanilec,26
Walsh,Council Member Forest River,,,write-in,0
Walsh,Council Member Grafton,,,Brad Burianek,374
Walsh,Council Member Grafton,,,Brian Sieben,404
Walsh,Council Member Grafton,,,Christopher Lipsh,384
Walsh,Council Member Grafton,,,Darwin Hime,50
Walsh,Council Member Grafton,,,David Fellman,256
Walsh,Council Member Grafton,,,Donavon McMillian,494
Walsh,Council Member Grafton,,,Heather Jenkins,285
Walsh,Council Member Grafton,,,Loree Osowski,460
Walsh,Council Member Grafton,,,write-in,1
Walsh,Council Member Hoople,,,David Hurtt,29
Walsh,Council Member Hoople,,,Jeffrey Olson,45
Walsh,Council Member Hoople,,,Ronald Hultin,30
Walsh,Council Member Hoople,,,write-in,0
Walsh,Council Member Lankin,,,John Shirek,33
Walsh,Council Member Lankin,,,Sean Hjelle,21
Walsh,Council Member Lankin,,,write-in,2
Walsh,Council Member Minto,,,Joshua Miskavige,82
Walsh,Council Member Minto,,,Lucas Kelley,92
Walsh,Council Member Minto,,,write-in,19
Walsh,Council Member Park River Ward 1,,,Corri Bell,55
Walsh,Council Member Park River Ward 1,,,Dennis Kubat,69
Walsh,Council Member Park River Ward 1,,,write-in,1
Walsh,Council Member Park River Ward 2,,,Leah Skjerven,111
Walsh,Council Member Park River Ward 2,,,write-in,13
Walsh,Council Member Park River Ward 3,,,Joe Fietek,34
Walsh,Council Member Park River Ward 3,,,Kyle Halvorson,66
Walsh,Council Member Park River Ward 3,,,write-in,0
Walsh,Council Member Unexpired 2-Year Term Fairdale,,,write-in,5
Walsh,County Commissioner at Large Walsh,,,Amy Suda,992
Walsh,County Commissioner at Large Walsh,,,Bart Swanson,683
Walsh,County Commissioner at Large Walsh,,,Chris Thompson,1050
Walsh,County Commissioner at Large Walsh,,,Dennis Skorheim,1364
Walsh,County Commissioner at Large Walsh,,,Ernie Barta,1054
Walsh,County Commissioner at Large Walsh,,,Lawrence Burianek,1102
Walsh,County Commissioner at Large Walsh,,,write-in,27
Walsh,County Extension Mills 50 - Walsh,,,No,1016
Walsh,County Extension Mills 50 - Walsh,,,Yes,1283
Walsh,County Official Newspaper Walsh,,,The Walsh County Record,2018
Walsh,County Sheriff Walsh,,,Ron Jurgens,2179
Walsh,County Sheriff Walsh,,,write-in,26
Walsh,County State's Attorney Walsh,,,Kelley Cole,2026
Walsh,County State's Attorney Walsh,,,write-in,15
Walsh,Form of Government Park River,,,No,221
Walsh,Form of Government Park River,,,Yes,168
Walsh,Judge of the District Court No. 1 Northeast,,,Lonnie Olson,1921
Walsh,Judge of the District Court No. 1 Northeast,,,write-in,4
Walsh,Justice of the Supreme Court,,,Daniel J Crothers,1927
Walsh,Justice of the Supreme Court,,,write-in,1
Walsh,Maintain Road & Bridge Mills 50 - Walsh,,,No,486
Walsh,Maintain Road & Bridge Mills 50 - Walsh,,,Yes,1864
Walsh,Mayor Ardoch,,,write-in,0
Walsh,Mayor Edinburg,,,write-in,31
Walsh,Mayor Fairdale,,,write-in,10
Walsh,Mayor Forest River,,,Ivan Muir,27
Walsh,Mayor Forest River,,,write-in,0
Walsh,Mayor Grafton,,,Chris West,718
Walsh,Mayor Grafton,,,write-in,8
Walsh,Mayor Hoople,,,Brian Reilly,50
Walsh,Mayor Hoople,,,write-in,0
Walsh,Mayor Minto,,,Larry Jamieson,100
Walsh,Mayor Minto,,,write-in,3
Walsh,Mayor Park River,,,Dan Stenvold,290
Walsh,Mayor Park River,,,Robert Lundquist III,93
Walsh,Mayor Park River,,,write-in,4
Walsh,Mayor Pisek,,,write-in,21
Walsh,Park Board Commissioner Grafton Park,,,Cory Burns,411
Walsh,Park Board Commissioner Grafton Park,,,Jess Tanke,374
Walsh,Park Board Commissioner Grafton Park,,,Kristi Olson,521
Walsh,Park Board Commissioner Grafton Park,,,Kylen Kostrzewski,350
Walsh,Park Board Commissioner Grafton Park,,,Scott Hills,404
Walsh,Park Board Commissioner Grafton Park,,,write-in,0
Walsh,Park Board Member Adams Park,,,write-in,7
Walsh,Park Board Member Edinburg Park,,,Caitlin Evenson,54
Walsh,Park Board Member Edinburg Park,,,David Monson,49
Walsh,Park Board Member Edinburg Park,,,Mariah Hall,55
Walsh,Park Board Member Edinburg Park,,,write-in,5
Walsh,Park Board Member Fordville Park,,,Colt Moen,41
Walsh,Park Board Member Fordville Park,,,Jacy Whaley,45
Walsh,Park Board Member Fordville Park,,,R Chris Dahl,32
Walsh,Park Board Member Fordville Park,,,write-in,0
Walsh,Park Board Member Hoople Park,,,write-in,30
Walsh,Park Board Member Lankin Park,,,Lori Beneda,32
Walsh,Park Board Member Lankin Park,,,write-in,0
Walsh,Park Board Member Minto Park,,,Kelli Slominski,81
Walsh,Park Board Member Minto Park,,,write-in,67
Walsh,Park Board Member Park River Park,,,Andrew Lindell,296
Walsh,Park Board Member Park River Park,,,Ashley Seim,301
Walsh,Park Board Member Park River Park,,,write-in,46
Walsh,Park Board Member Unexpired 2-Year Term Edinburg Park,,,Chelsey Paulson,56
Walsh,Park Board Member Unexpired 2-Year Term Edinburg Park,,,write-in,0
Walsh,Public Service Commissioner,,DEM,Melanie Moniz,336
Walsh,Public Service Commissioner,,DEM,write-in,0
Walsh,Public Service Commissioner,,REP,Julie Fedorchak,1594
Walsh,Public Service Commissioner,,REP,write-in,1
Walsh,Public Service Commissioner Unexpired 4-Year Term,,DEM,Trygve Hammer,340
Walsh,Public Service Commissioner Unexpired 4-Year Term,,DEM,write-in,0
Walsh,Public Service Commissioner Unexpired 4-Year Term,,REP,Sheri Haugen-Hoffart,1558
Walsh,Public Service Commissioner Unexpired 4-Year Term,,REP,write-in,1
Walsh,Secretary of State,,DEM,Jeffrey Powell,344
Walsh,Secretary of State,,DEM,write-in,0
Walsh,Secretary of State,,REP,Marvin Lepp,359
Walsh,Secretary of State,,REP,Michael Howe,1125
Walsh,Secretary of State,,REP,write-in,1
Walsh,State House,19,DEM,Jill Hipsher,276
Walsh,State House,19,DEM,Lynnell Popowski,261
Walsh,State House,19,DEM,write-in,0
Walsh,State House,19,REP,Alex Bata,855
Walsh,State House,19,REP,David Monson,740
Walsh,State House,19,REP,Karen A Anderson,915
Walsh,State House,19,REP,Paul Stremick,770
Walsh,State House,19,REP,write-in,2
Walsh,State House Unexpired 2-Year Term,20,DEM,Thomas Passa,23
Walsh,State House Unexpired 2-Year Term,20,DEM,write-in,0
Walsh,State House Unexpired 2-Year Term,20,REP,Craig Jarolimek,90
Walsh,State House Unexpired 2-Year Term,20,REP,Jared Hagert,42
Walsh,State House Unexpired 2-Year Term,20,REP,Mike Beltz,33
Walsh,State House Unexpired 2-Year Term,20,REP,write-in,0
Walsh,State Senate,19,DEM,Travis Hipsher,317
Walsh,State Senate,19,DEM,write-in,1
Walsh,State Senate,19,REP,Janne Myrdal,1510
Walsh,State Senate,19,REP,write-in,16
Walsh,State Senate Unexpired 2-Year Term,20,DEM,Paul R Hanson,23
Walsh,State Senate Unexpired 2-Year Term,20,DEM,write-in,0
Walsh,State Senate Unexpired 2-Year Term,20,REP,Randy D Lemm,36
Walsh,State Senate Unexpired 2-Year Term,20,REP,Robert Fors,53
Walsh,State Senate Unexpired 2-Year Term,20,REP,write-in,0
Walsh,Tax Commissioner,,DEM,write-in,16
Walsh,Tax Commissioner,,REP,Brian Kroshus,1596
Walsh,Tax Commissioner,,REP,write-in,1
Walsh,U.S. House,1,DEM,Mark Haugen,344
Walsh,U.S. House,1,DEM,write-in,2
Walsh,U.S. House,1,REP,Kelly Armstrong,1713
Walsh,U.S. House,1,REP,write-in,5
Walsh,U.S. Senate,,DEM,Katrina Christiansen,226
Walsh,U.S. Senate,,DEM,Michael J Steele,115
Walsh,U.S. Senate,,DEM,write-in,0
Walsh,U.S. Senate,,REP,John Hoeven,1573
Walsh,U.S. Senate,,REP,Riley Kuntz,282
Walsh,U.S. Senate,,REP,write-in,3
Ward,Agriculture Commissioner,,DEM,Fintan L Dooley,1072
Ward,Agriculture Commissioner,,DEM,write-in,3
Ward,Agriculture Commissioner,,REP,Doug Goehring,4755
Ward,Agriculture Commissioner,,REP,write-in,21
Ward,Alderperson Carpio,,,write-in,29
Ward,Attorney General,,DEM,Timothy Charles Lamb,1081
Ward,Attorney General,,DEM,write-in,1
Ward,Attorney General,,REP,Drew Wrigley,4677
Ward,Attorney General,,REP,write-in,26
Ward,City Measure 1 Minot,,,No,427
Ward,City Measure 1 Minot,,,Yes,4073
Ward,Council Member Berthold,,,Travis Sorenson,63
Ward,Council Member Berthold,,,write-in,14
Ward,Council Member Burlington,,,Devra Smestad,43
Ward,Council Member Burlington,,,Jerick Hedges,71
Ward,Council Member Burlington,,,Michael Rusciolelli,19
Ward,Council Member Burlington,,,Shannon Johansen,42
Ward,Council Member Burlington,,,write-in,0
Ward,Council Member Des Lacs,,,Christopher Sundsbak,48
Ward,Council Member Des Lacs,,,Scott Hamel,47
Ward,Council Member Des Lacs,,,write-in,13
Ward,Council Member Douglas,,,Anita Porter,18
Ward,Council Member Douglas,,,write-in,21
Ward,Council Member Kenmare,,,Cathleen Hall,104
Ward,Council Member Kenmare,,,Justin Patterson,139
Ward,Council Member Kenmare,,,Tammy Knutson,197
Ward,Council Member Kenmare,,,write-in,138
Ward,Council Member Makoti,,,Brittany Giesen,9
Ward,Council Member Makoti,,,Dean Schenfisch,9
Ward,Council Member Makoti,,,write-in,0
Ward,Council Member Minot,,,Darrik Trudell,1567
Ward,Council Member Minot,,,Lisa Olson,2618
Ward,Council Member Minot,,,Mark Jantzer,2848
Ward,Council Member Minot,,,Paul Pitner,3194
Ward,Council Member Minot,,,Zachary Raknerud,1709
Ward,Council Member Minot,,,write-in,40
Ward,Council Member Ryder,,,James Hagen,17
Ward,Council Member Ryder,,,Jason Christensen,14
Ward,Council Member Ryder,,,write-in,1
Ward,Council Member Sawyer,,,Philip Kampman,25
Ward,Council Member Sawyer,,,write-in,8
Ward,Council Member Surrey Ward 1,,,Jennifer Johns,53
Ward,Council Member Surrey Ward 1,,,write-in,11
Ward,Council Member Surrey Ward 2,,,Aden Clark,36
Ward,Council Member Surrey Ward 2,,,Brady Morgan,66
Ward,Council Member Surrey Ward 2,,,write-in,4
Ward,County Commissioner Ward,,,Alan Walter,3160
Ward,County Commissioner Ward,,,Jason Olson,3120
Ward,County Commissioner Ward,,,John Fjeldahl,3276
Ward,County Commissioner Ward,,,Lance Makeeff,1855
Ward,County Commissioner Ward,,,write-in,26
Ward,County Official Newspaper Ward,,,The Kenmare News,1172
Ward,County Official Newspaper Ward,,,The Minot Daily News,5040
Ward,County Sheriff Ward,,,Robert Roed,5558
Ward,County Sheriff Ward,,,write-in,43
Ward,County State's Attorney Ward,,,Rozanna Larson,5162
Ward,County State's Attorney Ward,,,write-in,193
Ward,"Director, Garrison Diversion Conservancy Ward",,,Alan Walter,5003
Ward,"Director, Garrison Diversion Conservancy Ward",,,write-in,140
Ward,Dissolution of Donnybrook Park District Donnybrook,,,No,0
Ward,Dissolution of Donnybrook Park District Donnybrook,,,Yes,9
Ward,Home Rule Charter Amendment No. 2-G 51 - Ward,,,No,1144
Ward,Home Rule Charter Amendment No. 2-G 51 - Ward,,,Yes,4948
Ward,Judge of the District Court No. 2 North Central,,,Gary H Lee,5508
Ward,Judge of the District Court No. 2 North Central,,,write-in,59
Ward,Judge of the District Court No. 5 North Central,,,Todd L Cresap,5491
Ward,Judge of the District Court No. 5 North Central,,,write-in,37
Ward,Justice of the Supreme Court,,,Daniel J Crothers,5326
Ward,Justice of the Supreme Court,,,write-in,37
Ward,Mayor Berthold,,,write-in,30
Ward,Mayor Des Lacs,,,Ryan Davy,34
Ward,Mayor Des Lacs,,,Tony Tudahl,23
Ward,Mayor Des Lacs,,,write-in,0
Ward,Mayor Donnybrook,,,Dennis Huff,11
Ward,Mayor Donnybrook,,,write-in,0
Ward,Mayor Kenmare,,,Arlen Gartner,212
Ward,Mayor Kenmare,,,Tami Ware,26
Ward,Mayor Kenmare,,,write-in,0
Ward,Mayor Makoti,,,Chase Karna,9
Ward,Mayor Makoti,,,write-in,0
Ward,Mayor Minot,,,Miranda Schuler,1359
Ward,Mayor Minot,,,Shaun Sipma,1222
Ward,Mayor Minot,,,Thomas Michael Ross,1989
Ward,Mayor Minot,,,write-in,7
Ward,Mayor Surrey,,,Charles Tollefson,81
Ward,Mayor Surrey,,,Michael Thiesen,104
Ward,Mayor Surrey,,,write-in,0
Ward,Mayor Unexpired 2-Year Term Carpio,,,write-in,15
Ward,Mayor Unexpired 2-Year Term Sawyer,,,write-in,12
Ward,Municipal Judge Berthold,,,Donald Krebsbach,13
Ward,Municipal Judge Berthold,,,Harold Brown,53
Ward,Municipal Judge Berthold,,,write-in,1
Ward,Municipal Judge Minot,,,Ashley Beall,2370
Ward,Municipal Judge Minot,,,Mark Rasmuson,1962
Ward,Municipal Judge Minot,,,write-in,10
Ward,Municipal Judge Surrey,,,Cynthia Fennewald,153
Ward,Municipal Judge Surrey,,,write-in,10
Ward,Park Board Member Berthold Park,,,Randy Kunz,64
Ward,Park Board Member Berthold Park,,,write-in,16
Ward,Park Board Member Carpio Park,,,Donna Bryans,14
Ward,Park Board Member Carpio Park,,,write-in,1
Ward,Park Board Member Donnybrook Park,,,write-in,4
Ward,Park Board Member Kenmare Park,,,Alexandra Hennix,173
Ward,Park Board Member Kenmare Park,,,Jeffery Shobe,181
Ward,Park Board Member Kenmare Park,,,Macie Harris,195
Ward,Park Board Member Kenmare Park,,,Shannon Cook,101
Ward,Park Board Member Kenmare Park,,,write-in,5
Ward,Park Board Member Makoti Park,,,Joan Stafslien,10
Ward,Park Board Member Makoti Park,,,Melissa Rensch-Taylor,10
Ward,Park Board Member Makoti Park,,,Michael Larson,9
Ward,Park Board Member Makoti Park,,,write-in,0
Ward,Park Board Member Minot Park Board,,,Charles Emery,1794
Ward,Park Board Member Minot Park Board,,,Justin Hammer,2676
Ward,Park Board Member Minot Park Board,,,Logan Longtin,1141
Ward,Park Board Member Minot Park Board,,,Mike Schmitt,2495
Ward,Park Board Member Minot Park Board,,,Perry Olson,3448
Ward,Park Board Member Minot Park Board,,,write-in,25
Ward,Park Board Member Surrey Park,,,Ryan Alexander,162
Ward,Park Board Member Surrey Park,,,write-in,20
Ward,Park Board Member Unexpired 2-Year Term Berthold Park,,,write-in,16
Ward,Park Board Member Unexpired 2-Year Term Donnybrook Park,,,write-in,0
Ward,Public Service Commissioner,,DEM,Melanie Moniz,1076
Ward,Public Service Commissioner,,DEM,write-in,1
Ward,Public Service Commissioner,,REP,Julie Fedorchak,4678
Ward,Public Service Commissioner,,REP,write-in,17
Ward,Public Service Commissioner Unexpired 4-Year Term,,DEM,Trygve Hammer,1080
Ward,Public Service Commissioner Unexpired 4-Year Term,,DEM,write-in,1
Ward,Public Service Commissioner Unexpired 4-Year Term,,REP,Sheri Haugen-Hoffart,4542
Ward,Public Service Commissioner Unexpired 4-Year Term,,REP,write-in,21
Ward,Publish minutes for City of Donnybrook Donnybrook,,,No,4
Ward,Publish minutes for City of Donnybrook Donnybrook,,,Yes,5
Ward,School Board Member Minot School District,,,Andrew Dittus,2312
Ward,School Board Member Minot School District,,,Mitchell Kraft,2817
Ward,School Board Member Minot School District,,,Sabrina Herrmann,2606
Ward,School Board Member Minot School District,,,write-in,32
Ward,Secretary of State,,DEM,Jeffrey Powell,1090
Ward,Secretary of State,,DEM,write-in,2
Ward,Secretary of State,,REP,Marvin Lepp,1304
Ward,Secretary of State,,REP,Michael Howe,3148
Ward,Secretary of State,,REP,write-in,22
Ward,State House,3,DEM,Joseph A Nesdahl,233
Ward,State House,3,DEM,write-in,3
Ward,State House,3,REP,Jeff Hoverson,627
Ward,State House,3,REP,Lori VanWinkle,797
Ward,State House,3,REP,Roscoe Streyle,619
Ward,State House,3,REP,write-in,3
Ward,State House,5,DEM,write-in,34
Ward,State House,5,REP,Jay Fisher,1225
Ward,State House,5,REP,Scott Louser,1188
Ward,State House,5,REP,write-in,11
Ward,State House Unexpired 2-Year Term,4a,DEM,Lisa Finley-DeVille,0
Ward,State House Unexpired 2-Year Term,4a,DEM,Thomasina Mandan,0
Ward,State House Unexpired 2-Year Term,4a,DEM,write-in,0
Ward,State House Unexpired 2-Year Term,4a,REP,Terry Burton Jones,2
Ward,State House Unexpired 2-Year Term,4a,REP,write-in,0
Ward,State House Unexpired 2-Year Term,4b,DEM,write-in,7
Ward,State House Unexpired 2-Year Term,4b,REP,Clayton Fegley,442
Ward,State House Unexpired 2-Year Term,4b,REP,write-in,4
Ward,State Senate,3,DEM,write-in,20
Ward,State Senate,3,REP,Bob Paulson,1039
Ward,State Senate,3,REP,write-in,11
Ward,State Senate,5,DEM,write-in,27
Ward,State Senate,5,REP,Randy A Burckhard,1415
Ward,State Senate,5,REP,write-in,11
Ward,State Senate Unexpired 2-Year Term,6,DEM,write-in,1
Ward,State Senate Unexpired 2-Year Term,6,REP,Shawn Vedaa,70
Ward,State Senate Unexpired 2-Year Term,6,REP,write-in,0
Ward,Tax Commissioner,,DEM,write-in,83
Ward,Tax Commissioner,,REP,Brian Kroshus,4634
Ward,Tax Commissioner,,REP,write-in,18
Ward,U.S. House,1,DEM,Mark Haugen,1101
Ward,U.S. House,1,DEM,write-in,3
Ward,U.S. House,1,REP,Kelly Armstrong,4780
Ward,U.S. House,1,REP,write-in,62
Ward,U.S. Senate,,DEM,Katrina Christiansen,831
Ward,U.S. Senate,,DEM,Michael J Steele,287
Ward,U.S. Senate,,DEM,write-in,1
Ward,U.S. Senate,,REP,John Hoeven,4021
Ward,U.S. Senate,,REP,Riley Kuntz,1077
Ward,U.S. Senate,,REP,write-in,42
Wells,Agriculture Commissioner,,DEM,Fintan L Dooley,84
Wells,Agriculture Commissioner,,DEM,write-in,1
Wells,Agriculture Commissioner,,REP,Doug Goehring,647
Wells,Agriculture Commissioner,,REP,write-in,0
Wells,Attorney General,,DEM,Timothy Charles Lamb,84
Wells,Attorney General,,DEM,write-in,1
Wells,Attorney General,,REP,Drew Wrigley,629
Wells,Attorney General,,REP,write-in,1
Wells,City Council Fessenden,,,Brian Schimelfenig,109
Wells,City Council Fessenden,,,Jeffrey Johnson,114
Wells,City Council Fessenden,,,Jordan Pepple,132
Wells,City Council Fessenden,,,write-in,31
Wells,Council Member Harvey,,,Milo Baltrusch,240
Wells,Council Member Harvey,,,Shelley Svoboda,251
Wells,Council Member Harvey,,,Spencer L Marchand,225
Wells,Council Member Harvey,,,write-in,17
Wells,Council Member Unexpired 2-Year Term Harvey,,,Quincy Marchand,244
Wells,Council Member Unexpired 2-Year Term Harvey,,,write-in,11
Wells,County Commissioner Wells - District 2,,,Leon B Klocke,527
Wells,County Commissioner Wells - District 2,,,Neil J Thormodsgaard,195
Wells,County Commissioner Wells - District 2,,,write-in,4
Wells,County Commissioner Wells - District 4,,,Dennis T Dockter,711
Wells,County Commissioner Wells - District 4,,,write-in,2
Wells,County Official Newspaper Wells,,,The Herald-Press,705
Wells,County Recorder Wells,,,Carrie K Krause,720
Wells,County Recorder Wells,,,write-in,3
Wells,County Road & Bridges Fund 52 - Wells,,,No,283
Wells,County Road & Bridges Fund 52 - Wells,,,Yes,423
Wells,County Sheriff Wells,,,Christopher Kluth,664
Wells,County Sheriff Wells,,,write-in,17
Wells,County State's Attorney Wells,,,Kathleen Murray,617
Wells,County State's Attorney Wells,,,write-in,21
Wells,"Director, Garrison Diversion Conservancy Wells",,,William Ongstad,718
Wells,"Director, Garrison Diversion Conservancy Wells",,,write-in,1
Wells,Judge of the District Court No. 2 Southeast,,,Leah J Viste,156
Wells,Judge of the District Court No. 2 Southeast,,,Nick D Thornton,164
Wells,Judge of the District Court No. 2 Southeast,,,Paul C Murphy,311
Wells,Judge of the District Court No. 2 Southeast,,,write-in,4
Wells,Judge of the District Court No. 4 Southeast,,,James D Hovey,643
Wells,Judge of the District Court No. 4 Southeast,,,write-in,9
Wells,Judge of the District Court No. 5 Southeast,,,Daniel D Narum,637
Wells,Judge of the District Court No. 5 Southeast,,,write-in,4
Wells,Judge of the District Court No. 6 Southeast,,,Jay Schmitz,634
Wells,Judge of the District Court No. 6 Southeast,,,write-in,0
Wells,Judge of the District Court No. 7 Southeast,,,Troy J LeFevre,625
Wells,Judge of the District Court No. 7 Southeast,,,write-in,0
Wells,Justice of the Supreme Court,,,Daniel J Crothers,643
Wells,Justice of the Supreme Court,,,write-in,1
Wells,Mayor Fessenden,,,Kevin Roller,41
Wells,Mayor Fessenden,,,write-in,90
Wells,Municipal Judge Harvey,,,Dean Klier,277
Wells,Municipal Judge Harvey,,,write-in,1
Wells,Park Board Member Fessenden Park,,,Kylah Locken,125
Wells,Park Board Member Fessenden Park,,,Torrie Bueling,129
Wells,Park Board Member Fessenden Park,,,write-in,51
Wells,Park Board Member Harvey Park,,,Bruce Snyder,73
Wells,Park Board Member Harvey Park,,,Connie Loen,134
Wells,Park Board Member Harvey Park,,,Michael Leier,253
Wells,Park Board Member Harvey Park,,,Michelle Swang,222
Wells,Park Board Member Harvey Park,,,Nikki Svoboda,137
Wells,Park Board Member Harvey Park,,,write-in,0
Wells,Public Service Commissioner,,DEM,Melanie Moniz,84
Wells,Public Service Commissioner,,DEM,write-in,1
Wells,Public Service Commissioner,,REP,Julie Fedorchak,626
Wells,Public Service Commissioner,,REP,write-in,2
Wells,Public Service Commissioner Unexpired 4-Year Term,,DEM,Trygve Hammer,85
Wells,Public Service Commissioner Unexpired 4-Year Term,,DEM,write-in,0
Wells,Public Service Commissioner Unexpired 4-Year Term,,REP,Sheri Haugen-Hoffart,608
Wells,Public Service Commissioner Unexpired 4-Year Term,,REP,write-in,2
Wells,Secretary of State,,DEM,Jeffrey Powell,85
Wells,Secretary of State,,DEM,write-in,0
Wells,Secretary of State,,REP,Marvin Lepp,251
Wells,Secretary of State,,REP,Michael Howe,368
Wells,Secretary of State,,REP,write-in,5
Wells,Tax Commissioner,,DEM,write-in,4
Wells,Tax Commissioner,,REP,Brian Kroshus,626
Wells,Tax Commissioner,,REP,write-in,0
Wells,U.S. House,1,DEM,Mark Haugen,86
Wells,U.S. House,1,DEM,write-in,0
Wells,U.S. House,1,REP,Kelly Armstrong,634
Wells,U.S. House,1,REP,write-in,8
Wells,U.S. Senate,,DEM,Katrina Christiansen,67
Wells,U.S. Senate,,DEM,Michael J Steele,25
Wells,U.S. Senate,,DEM,write-in,0
Wells,U.S. Senate,,REP,John Hoeven,485
Wells,U.S. Senate,,REP,Riley Kuntz,186
Wells,U.S. Senate,,REP,write-in,8
Williams,Agriculture Commissioner,,DEM,Fintan L Dooley,213
Williams,Agriculture Commissioner,,DEM,write-in,1
Williams,Agriculture Commissioner,,REP,Doug Goehring,1549
Williams,Agriculture Commissioner,,REP,write-in,6
Williams,Alderperson Springbrook,,,Mary Tinnes,8
Williams,Alderperson Springbrook,,,Rick Sigvaldsen,7
Williams,Alderperson Springbrook,,,Terry Tinnes,5
Williams,Alderperson Springbrook,,,write-in,0
Williams,Alderperson Unexpired 2-Year Term Springbrook,,,Scott Alexander,6
Williams,Alderperson Unexpired 2-Year Term Springbrook,,,write-in,0
Williams,Attorney General,,DEM,Timothy Charles Lamb,214
Williams,Attorney General,,DEM,write-in,2
Williams,Attorney General,,REP,Drew Wrigley,1509
Williams,Attorney General,,REP,write-in,10
Williams,Commission President Unexpired 2-Year Term Ray,,,Troy Kupper,69
Williams,Commission President Unexpired 2-Year Term Ray,,,write-in,3
Williams,Commission President Unexpired 2-Year Term Tioga,,,write-in,211
Williams,Commission President Williston,,,Howard Klug,730
Williams,Commission President Williston,,,Vincent Finsaas,430
Williams,Commission President Williston,,,write-in,6
Williams,Commissioner Tioga,,,Jessica Sandberg,129
Williams,Commissioner Tioga,,,Timothy Christianson,183
Williams,Commissioner Tioga,,,write-in,86
Williams,Commissioner Unexpired 2-Year Term Ray,,,Christopher Howard,10
Williams,Commissioner Unexpired 2-Year Term Ray,,,Joseph Warren,21
Williams,Commissioner Unexpired 2-Year Term Ray,,,Shilo Kilber,27
Williams,Commissioner Unexpired 2-Year Term Ray,,,William Suhr,65
Williams,Commissioner Unexpired 2-Year Term Ray,,,Zachary Haase,61
Williams,Commissioner Unexpired 2-Year Term Ray,,,write-in,39
Williams,Commissioner Unexpired 2-Year Term Tioga,,,Shawn Travis,188
Williams,Commissioner Unexpired 2-Year Term Tioga,,,write-in,34
Williams,Commissioner Williston,,,James Bervig,964
Williams,Commissioner Williston,,,Tate Cymbaluk,900
Williams,Commissioner Williston,,,write-in,10
Williams,Council Member Epping,,,Nancy Gantzler,20
Williams,Council Member Epping,,,Susan Larabee,19
Williams,Council Member Epping,,,write-in,2
Williams,Council Member Grenora,,,Blake Lampert,28
Williams,Council Member Grenora,,,Eric Moore,13
Williams,Council Member Grenora,,,Peter Cole,10
Williams,Council Member Grenora,,,write-in,21
Williams,Council Member Unexpired 2-Year Term Grenora,,,Angela Melgaard,37
Williams,Council Member Unexpired 2-Year Term Grenora,,,write-in,1
Williams,Council Member Wildrose,,,Darryl Reisig,24
Williams,Council Member Wildrose,,,Fredrick Baldwin,21
Williams,Council Member Wildrose,,,Patricia Potteiger,10
Williams,Council Member Wildrose,,,Richard Estling,20
Williams,Council Member Wildrose,,,Todd Kragness,21
Williams,Council Member Wildrose,,,write-in,1
Williams,County Auditor Williams,,,Beth M. Innis,1696
Williams,County Auditor Williams,,,write-in,17
Williams,County Commissioner By District Williams - District 1,,,Beau Anderson,166
Williams,County Commissioner By District Williams - District 1,,,write-in,8
Williams,County Commissioner By District Williams - District 3,,,Cory Hanson,285
Williams,County Commissioner By District Williams - District 3,,,write-in,0
Williams,County Commissioner By District Williams - District 5,,,Barry Ramberg,492
Williams,County Commissioner By District Williams - District 5,,,write-in,17
Williams,County Official Newspaper Williams,,,Williston Herald,1618
Williams,County Sheriff Williams,,,Verlan Kvande,1695
Williams,County Sheriff Williams,,,write-in,18
Williams,County State's Attorney Williams,,,Jaakan Williams,1583
Williams,County State's Attorney Williams,,,write-in,10
Williams,County Treasurer/Recorder Williams,,,Patti Ogurchak,1672
Williams,County Treasurer/Recorder Williams,,,write-in,5
Williams,Home Rule Charter Epping,,,No,15
Williams,Home Rule Charter Epping,,,Yes,10
Williams,Judge of the District Court No. 1 Northwest,,,Josh B Rustad,1673
Williams,Judge of the District Court No. 1 Northwest,,,write-in,11
Williams,Judge of the District Court No. 5 Northwest,,,Daniel S El-Dweek,1568
Williams,Judge of the District Court No. 5 Northwest,,,write-in,11
Williams,Judge of the District Court No. 6 Northwest,,,Kirsten M Sjue,1636
Williams,Judge of the District Court No. 6 Northwest,,,write-in,8
Williams,Justice of the Supreme Court,,,Daniel J Crothers,1604
Williams,Justice of the Supreme Court,,,write-in,6
Williams,Mayor Grenora,,,write-in,35
Williams,Mayor Springbrook,,,Paul Johnsrud,8
Williams,Mayor Springbrook,,,write-in,0
Williams,Mayor Unexpired 2-Year Term Wildrose,,,Marlyn Vatne,48
Williams,Mayor Unexpired 2-Year Term Wildrose,,,write-in,0
Williams,Municipal Judge Unexpired 2-Year Term Tioga,,,write-in,134
Williams,Municipal Judge Williston,,,Janet Zander,1053
Williams,Municipal Judge Williston,,,write-in,4
Williams,Park Board Commissioner Williston Park,,,Kelly Heller,969
Williams,Park Board Commissioner Williston Park,,,Logan Jangula,892
Williams,Park Board Commissioner Williston Park,,,Patrick Irgens,900
Williams,Park Board Commissioner Williston Park,,,write-in,24
Williams,Park Board Member Grenora Park,,,Jamie Bolduc,32
Williams,Park Board Member Grenora Park,,,write-in,40
Williams,Park Board Member Ray Park,,,Nathan Schell,70
Williams,Park Board Member Ray Park,,,write-in,20
Williams,Park Board Member Tioga Park,,,write-in,228
Williams,Park Board Member Unexpired 2-Year Term Grenora Park,,,write-in,30
Williams,Public Service Commissioner,,DEM,Melanie Moniz,213
Williams,Public Service Commissioner,,DEM,write-in,1
Williams,Public Service Commissioner,,REP,Julie Fedorchak,1519
Williams,Public Service Commissioner,,REP,write-in,8
Williams,Public Service Commissioner Unexpired 4-Year Term,,DEM,Trygve Hammer,213
Williams,Public Service Commissioner Unexpired 4-Year Term,,DEM,write-in,1
Williams,Public Service Commissioner Unexpired 4-Year Term,,REP,Sheri Haugen-Hoffart,1488
Williams,Public Service Commissioner Unexpired 4-Year Term,,REP,write-in,7
Williams,Rural Fire Protection District Representative Grenora,,,Kari Pittenger,36
Williams,Rural Fire Protection District Representative Grenora,,,write-in,1
Williams,Secretary of State,,DEM,Jeffrey Powell,214
Williams,Secretary of State,,DEM,write-in,1
Williams,Secretary of State,,REP,Marvin Lepp,509
Williams,Secretary of State,,REP,Michael Howe,975
Williams,Secretary of State,,REP,write-in,2
Williams,State House,1,DEM,write-in,13
Williams,State House,1,REP,David Richter,706
Williams,State House,1,REP,Patrick Hatlestad,671
Williams,State House,1,REP,write-in,10
Williams,State House,23,DEM,write-in,8
Williams,State House,23,REP,Nico Rios,201
Williams,State House,23,REP,Scott Dyk,225
Williams,State House,23,REP,write-in,4
Williams,State Senate,1,DEM,write-in,11
Williams,State Senate,1,REP,Brad Bekkedahl,792
Williams,State Senate,1,REP,write-in,10
Williams,State Senate,23,DEM,write-in,5
Williams,State Senate,23,REP,Todd Beard,258
Williams,State Senate,23,REP,write-in,2
Williams,Tax Commissioner,,DEM,write-in,20
Williams,Tax Commissioner,,REP,Brian Kroshus,1517
Williams,Tax Commissioner,,REP,write-in,6
Williams,U.S. House,1,DEM,Mark Haugen,221
Williams,U.S. House,1,DEM,write-in,2
Williams,U.S. House,1,REP,Kelly Armstrong,1538
Williams,U.S. House,1,REP,write-in,18
Williams,U.S. Senate,,DEM,Katrina Christiansen,175
Williams,U.S. Senate,,DEM,Michael J Steele,43
Williams,U.S. Senate,,DEM,write-in,2
Williams,U.S. Senate,,REP,John Hoeven,1158
Williams,U.S. Senate,,REP,Riley Kuntz,496
Williams,U.S. Senate,,REP,write-in,8
