county,office,district,party,candidate,votes
Adams,C 1: Remove prohibition on appointing a member of the leg assembly to an office the compensation was increased by the leg assembly during the member's term,,,No,304
Adams,C 1: Remove prohibition on appointing a member of the leg assembly to an office the compensation was increased by the leg assembly during the member's term,,,Yes,196
Adams,Governor and Lt. Governor,,DEM,Tim Mathern & Merle Boucher,222
Adams,Governor and Lt. Governor,,REP,John Hoeven & Jack Dalrymple,340
Adams,Insurance Commissioner,,DEM,Jasper Schneider,217
Adams,Insurance Commissioner,,REP,Adam Hamm,313
Adams,Judgeship Number 4 Southwest Judicial District,,NON,William A Herauf,521
Adams,Justice of the Supreme Court,,NON,Mary Maring,519
Adams,Justice of the Supreme Court Unexpired 4-year term,,NON,Daniel J Crothers,505
Adams,Public Service Commissioner,,DEM,Cheryl Bergian,221
Adams,Public Service Commissioner,,REP,Brian Kalk,314
Adams,State Auditor,,DEM,Daryl Splichal,216
Adams,State Auditor,,REP,Robert R (Bob) Peterson,315
Adams,State Treasurer,,DEM,Mitch Vance,219
Adams,State Treasurer,,REP,Kelly L Schmidt,317
Adams,Superintendent of Public Instruction,,NON,Max L Laird,128
Adams,Superintendent of Public Instruction,,NON,Wayne G Sanstead,450
Adams,U.S. House,1,DEM,Earl Pomeroy,240
Adams,U.S. House,1,REP,Duane Sand,320
Barnes,C 1: Remove prohibition on appointing a member of the leg assembly to an office the compensation was increased by the leg assembly during the member's term,,,No,1012
Barnes,C 1: Remove prohibition on appointing a member of the leg assembly to an office the compensation was increased by the leg assembly during the member's term,,,Yes,776
Barnes,Governor and Lt. Governor,,DEM,Tim Mathern & Merle Boucher,1129
Barnes,Governor and Lt. Governor,,REP,John Hoeven & Jack Dalrymple,891
Barnes,Insurance Commissioner,,DEM,Jasper Schneider,1131
Barnes,Insurance Commissioner,,REP,Adam Hamm,840
Barnes,Judgeship Number 5 Southeast Judicial District,,NON,Daniel D Narum,1687
Barnes,Justice of the Supreme Court,,NON,Mary Maring,1768
Barnes,Justice of the Supreme Court Unexpired 4-year term,,NON,Daniel J Crothers,1679
Barnes,Public Service Commissioner,,DEM,Cheryl Bergian,1146
Barnes,Public Service Commissioner,,REP,Brian Kalk,828
Barnes,State Auditor,,DEM,Daryl Splichal,1125
Barnes,State Auditor,,REP,Robert R (Bob) Peterson,843
Barnes,State House Legislative,20,DEM,Lee Kaldor,113
Barnes,State House Legislative,20,DEM,Richard G (Rick) Holman,112
Barnes,State House Legislative,20,REP,Jacob Holm,109
Barnes,State House Legislative,20,REP,"Larry O""Brien",94
Barnes,State House Legislative,24,DEM,Phil Mueller,1046
Barnes,State House Legislative,24,DEM,Ralph Metcalf,1078
Barnes,State House Legislative,24,REP,Dwight Kiefert,617
Barnes,State House Legislative,24,REP,Jon Wagar,587
Barnes,State Senate Legislative District 20,,DEM,Elroy N Lindaas,129
Barnes,State Senate Legislative District 20,,REP,Martin Johnson,114
Barnes,State Senate Legislative District 24,,DEM,Larry Robinson,1100
Barnes,State Senate Legislative District 24,,REP,Dwight Grotberg,715
Barnes,State Treasurer,,DEM,Mitch Vance,1122
Barnes,State Treasurer,,REP,Kelly L Schmidt,838
Barnes,Superintendent of Public Instruction,,NON,Max L Laird,520
Barnes,Superintendent of Public Instruction,,NON,Wayne G Sanstead,1397
Barnes,U.S. House,1,DEM,Earl Pomeroy,1260
Barnes,U.S. House,1,REP,Duane Sand,865
Benson,C 1: Remove prohibition on appointing a member of the leg assembly to an office the compensation was increased by the leg assembly during the member's term,,,No,231
Benson,C 1: Remove prohibition on appointing a member of the leg assembly to an office the compensation was increased by the leg assembly during the member's term,,,Yes,206
Benson,Governor and Lt. Governor,,DEM,Tim Mathern & Merle Boucher,252
Benson,Governor and Lt. Governor,,REP,John Hoeven & Jack Dalrymple,223
Benson,Insurance Commissioner,,DEM,Jasper Schneider,256
Benson,Insurance Commissioner,,REP,Adam Hamm,214
Benson,Judgeship Number 3 Northeast Judicial District,,NON,Michael G Sturdevant,372
Benson,Judgeship Number 4 Northeast Judicial District,,NON,Donovan Foughty,394
Benson,Justice of the Supreme Court,,NON,Mary Maring,398
Benson,Justice of the Supreme Court Unexpired 4-year term,,NON,Daniel J Crothers,377
Benson,Public Service Commissioner,,DEM,Cheryl Bergian,256
Benson,Public Service Commissioner,,REP,Brian Kalk,212
Benson,State Auditor,,DEM,Daryl Splichal,254
Benson,State Auditor,,REP,Robert R (Bob) Peterson,214
Benson,State Treasurer,,DEM,Mitch Vance,258
Benson,State Treasurer,,REP,Kelly L Schmidt,213
Benson,Superintendent of Public Instruction,,NON,Max L Laird,121
Benson,Superintendent of Public Instruction,,NON,Wayne G Sanstead,321
Benson,U.S. House,1,DEM,Earl Pomeroy,289
Benson,U.S. House,1,REP,Duane Sand,214
Billings,C 1: Remove prohibition on appointing a member of the leg assembly to an office the compensation was increased by the leg assembly during the member's term,,,No,91
Billings,C 1: Remove prohibition on appointing a member of the leg assembly to an office the compensation was increased by the leg assembly during the member's term,,,Yes,43
Billings,Governor and Lt. Governor,,DEM,Tim Mathern & Merle Boucher,28
Billings,Governor and Lt. Governor,,REP,John Hoeven & Jack Dalrymple,113
Billings,Insurance Commissioner,,DEM,Jasper Schneider,27
Billings,Insurance Commissioner,,REP,Adam Hamm,107
Billings,Judgeship Number 4 Southwest Judicial District,,NON,William A Herauf,120
Billings,Justice of the Supreme Court,,NON,Mary Maring,121
Billings,Justice of the Supreme Court Unexpired 4-year term,,NON,Daniel J Crothers,118
Billings,Public Service Commissioner,,DEM,Cheryl Bergian,27
Billings,Public Service Commissioner,,REP,Brian Kalk,107
Billings,State Auditor,,DEM,Daryl Splichal,28
Billings,State Auditor,,REP,Robert R (Bob) Peterson,110
Billings,State Treasurer,,DEM,Mitch Vance,28
Billings,State Treasurer,,REP,Kelly L Schmidt,108
Billings,Superintendent of Public Instruction,,NON,Max L Laird,42
Billings,Superintendent of Public Instruction,,NON,Wayne G Sanstead,91
Billings,U.S. House,1,DEM,Earl Pomeroy,30
Billings,U.S. House,1,REP,Duane Sand,112
Bottineau,C 1: Remove prohibition on appointing a member of the leg assembly to an office the compensation was increased by the leg assembly during the member's term,,,No,463
Bottineau,C 1: Remove prohibition on appointing a member of the leg assembly to an office the compensation was increased by the leg assembly during the member's term,,,Yes,288
Bottineau,Governor and Lt. Governor,,DEM,Tim Mathern & Merle Boucher,390
Bottineau,Governor and Lt. Governor,,REP,John Hoeven & Jack Dalrymple,450
Bottineau,Insurance Commissioner,,DEM,Jasper Schneider,378
Bottineau,Insurance Commissioner,,REP,Adam Hamm,406
Bottineau,Judgeship Number 3 Northeast Judicial District,,NON,Michael G Sturdevant,755
Bottineau,Judgeship Number 4 Northeast Judicial District,,NON,Donovan Foughty,682
Bottineau,Justice of the Supreme Court,,NON,Mary Maring,715
Bottineau,Justice of the Supreme Court Unexpired 4-year term,,NON,Daniel J Crothers,684
Bottineau,Public Service Commissioner,,DEM,Cheryl Bergian,377
Bottineau,Public Service Commissioner,,REP,Brian Kalk,434
Bottineau,State Auditor,,DEM,Daryl Splichal,377
Bottineau,State Auditor,,REP,Robert R (Bob) Peterson,430
Bottineau,State House Legislative,6,DEM,Bob Hunskor,424
Bottineau,State House Legislative,6,DEM,Christine Peterson,343
Bottineau,State House Legislative,6,REP,Glen Froseth,400
Bottineau,State House Legislative,6,REP,Roger Slotsve,341
Bottineau,State Senate Legislative District 6,,DEM,"David Paul O""Connell",434
Bottineau,State Senate Legislative District 6,,REP,James Paul Bartlett,363
Bottineau,State Treasurer,,DEM,Mitch Vance,381
Bottineau,State Treasurer,,REP,Kelly L Schmidt,418
Bottineau,Superintendent of Public Instruction,,NON,Max L Laird,296
Bottineau,Superintendent of Public Instruction,,NON,Wayne G Sanstead,497
Bottineau,U.S. House,1,DEM,Earl Pomeroy,437
Bottineau,U.S. House,1,REP,Duane Sand,426
Bowman,C 1: Remove prohibition on appointing a member of the leg assembly to an office the compensation was increased by the leg assembly during the member's term,,,No,235
Bowman,C 1: Remove prohibition on appointing a member of the leg assembly to an office the compensation was increased by the leg assembly during the member's term,,,Yes,185
Bowman,Governor and Lt. Governor,,DEM,Tim Mathern & Merle Boucher,151
Bowman,Governor and Lt. Governor,,REP,John Hoeven & Jack Dalrymple,304
Bowman,Insurance Commissioner,,DEM,Jasper Schneider,150
Bowman,Insurance Commissioner,,REP,Adam Hamm,286
Bowman,Judgeship Number 4 Southwest Judicial District,,NON,William A Herauf,392
Bowman,Justice of the Supreme Court,,NON,Mary Maring,401
Bowman,Justice of the Supreme Court Unexpired 4-year term,,NON,Daniel J Crothers,387
Bowman,Public Service Commissioner,,DEM,Cheryl Bergian,150
Bowman,Public Service Commissioner,,REP,Brian Kalk,283
Bowman,State Auditor,,DEM,Daryl Splichal,153
Bowman,State Auditor,,REP,Robert R (Bob) Peterson,288
Bowman,State Treasurer,,DEM,Mitch Vance,153
Bowman,State Treasurer,,REP,Kelly L Schmidt,285
Bowman,Superintendent of Public Instruction,,NON,Max L Laird,129
Bowman,Superintendent of Public Instruction,,NON,Wayne G Sanstead,314
Bowman,U.S. House,1,DEM,Earl Pomeroy,165
Bowman,U.S. House,1,REP,Duane Sand,293
Burke,C 1: Remove prohibition on appointing a member of the leg assembly to an office the compensation was increased by the leg assembly during the member's term,,,No,156
Burke,C 1: Remove prohibition on appointing a member of the leg assembly to an office the compensation was increased by the leg assembly during the member's term,,,Yes,111
Burke,Governor and Lt. Governor,,DEM,Tim Mathern & Merle Boucher,122
Burke,Governor and Lt. Governor,,REP,John Hoeven & Jack Dalrymple,208
Burke,Insurance Commissioner,,DEM,Jasper Schneider,126
Burke,Insurance Commissioner,,REP,Adam Hamm,182
Burke,Judgeship Number 2 Northwest Judicial District,,NON,Doug Mattson,287
Burke,Judgeship Number 5 Northwest Judicial District,,NON,David W Nelson,196
Burke,Judgeship Number 5 Northwest Judicial District,,NON,Jeffrey L Sheets,100
Burke,Justice of the Supreme Court,,NON,Mary Maring,275
Burke,Justice of the Supreme Court Unexpired 4-year term,,NON,Daniel J Crothers,270
Burke,Public Service Commissioner,,DEM,Cheryl Bergian,130
Burke,Public Service Commissioner,,REP,Brian Kalk,183
Burke,State Auditor,,DEM,Daryl Splichal,127
Burke,State Auditor,,REP,Robert R (Bob) Peterson,190
Burke,State House Legislative,2,DEM,Cecile Wehrman,110
Burke,State House Legislative,2,DEM,Lynn Jacobson,127
Burke,State House Legislative,2,REP,Bob Skarphol,179
Burke,State House Legislative,2,REP,David S Rust,164
Burke,State Senate Legislative District 2,,DEM,Dorvan Solberg,130
Burke,State Senate Legislative District 2,,REP,John Andrist,193
Burke,State Treasurer,,DEM,Mitch Vance,129
Burke,State Treasurer,,REP,Kelly L Schmidt,183
Burke,Superintendent of Public Instruction,,NON,Max L Laird,132
Burke,Superintendent of Public Instruction,,NON,Wayne G Sanstead,184
Burke,U.S. House,1,DEM,Earl Pomeroy,143
Burke,U.S. House,1,REP,Duane Sand,191
Burleigh,C 1: Remove prohibition on appointing a member of the leg assembly to an office the compensation was increased by the leg assembly during the member's term,,,No,4599
Burleigh,C 1: Remove prohibition on appointing a member of the leg assembly to an office the compensation was increased by the leg assembly during the member's term,,,Yes,3238
Burleigh,Governor and Lt. Governor,,DEM,Tim Mathern & Merle Boucher,2683
Burleigh,Governor and Lt. Governor,,REP,John Hoeven & Jack Dalrymple,4904
Burleigh,Insurance Commissioner,,DEM,Jasper Schneider,2623
Burleigh,Insurance Commissioner,,LIB,Dani Graten,0
Burleigh,Insurance Commissioner,,LIB,Greg Gunderson,0
Burleigh,Insurance Commissioner,,LIB,Jason Huus,0
Burleigh,Insurance Commissioner,,LIB,Jay Fettig,0
Burleigh,Insurance Commissioner,,LIB,Mel Stone,0
Burleigh,Insurance Commissioner,,LIB,Ryan Zudow,0
Burleigh,Insurance Commissioner,,LIB,Stephen Disrud,0
Burleigh,Insurance Commissioner,,LIB,Tony Gudajtes,0
Burleigh,Insurance Commissioner,,REP,Adam Hamm,4615
Burleigh,Insurance Commissioner Constitution,,CON,Doug Goehring,1
Burleigh,Insurance Commissioner Constitution,,CON,Jody Wright,0
Burleigh,Insurance Commissioner Constitution,,CON,Karn Jameson,0
Burleigh,Insurance Commissioner Constitution,,CON,Norval Lee,0
Burleigh,Insurance Commissioner Constitution,,CON,Peter Crary,0
Burleigh,Insurance Commissioner Constitution,,CON,Ralph Muecke,0
Burleigh,Judgeship Number 1 South Central Judicial District,,NON,David Reich,6596
Burleigh,Judgeship Number 6 South Central Judicial District,,NON,Gail Hagerty,6769
Burleigh,Judgeship Number 7 South Central Judicial District,,NON,Thomas J Schneider,6674
Burleigh,Judgeship Number 8 South Central Judicial District,,NON,Donald L Jorgensen,6496
Burleigh,Justice of the Supreme Court,,NON,Mary Maring,6836
Burleigh,Justice of the Supreme Court Unexpired 4-year term,,NON,Daniel J Crothers,6464
Burleigh,Public Service Commissioner,,DEM,Cheryl Bergian,2652
Burleigh,Public Service Commissioner,,REP,Brian Kalk,4533
Burleigh,State Auditor,,DEM,Daryl Splichal,2620
Burleigh,State Auditor,,LIB,Brock Storristen,0
Burleigh,State Auditor,,LIB,Greg M Parsons,0
Burleigh,State Auditor,,LIB,James Faye,0
Burleigh,State Auditor,,LIB,Jay Fettig,0
Burleigh,State Auditor,,LIB,Jeremy Roy,0
Burleigh,State Auditor,,LIB,Jessica Mahlum,0
Burleigh,State Auditor,,LIB,Marsha Schroeder,0
Burleigh,State Auditor,,LIB,Mel Stone,0
Burleigh,State Auditor,,LIB,Ryan Luande,0
Burleigh,State Auditor,,LIB,Ryan Zudrow,0
Burleigh,State Auditor,,LIB,Stephen Disrud,0
Burleigh,State Auditor,,LIB,Terry Wierkoff,0
Burleigh,State Auditor,,REP,Robert R (Bob) Peterson,4661
Burleigh,State Auditor Constitution,,CON,Doug Ulrich,0
Burleigh,State Auditor Constitution,,CON,Jody Wright,0
Burleigh,State Auditor Constitution,,CON,John Lynn,0
Burleigh,State Auditor Constitution,,CON,Nick Schmitz,0
Burleigh,State Auditor Constitution,,CON,Randy Schobinger,1
Burleigh,State House Legislative,14,DEM,Karen Volk,156
Burleigh,State House Legislative,14,DEM,Robert Stringer,122
Burleigh,State House Legislative,14,REP,Duane DeKrey,154
Burleigh,State House Legislative,14,REP,Mark Knudtson,110
Burleigh,State House Legislative,14,REP,Robin Weisz,142
Burleigh,State House Legislative,30,DEM,Carol A Christianson,433
Burleigh,State House Legislative,30,DEM,Casey Skovran,398
Burleigh,State House Legislative,30,REP,Dave Weiler,676
Burleigh,State House Legislative,30,REP,Mike Nathe,656
Burleigh,State House Legislative,32,DEM,Cheryl Long Feather,428
Burleigh,State House Legislative,32,DEM,Jim Unkenholz,491
Burleigh,State House Legislative,32,REP,Lisa M Meier,639
Burleigh,State House Legislative,32,REP,Mark A Dosch,665
Burleigh,State House Legislative,8,DEM,Audrey Boe Olsen,178
Burleigh,State House Legislative,8,DEM,Ken Baker,174
Burleigh,State House Legislative,8,REP,Dwight Wrangham,347
Burleigh,State House Legislative,8,REP,Jeff Delzer,365
Burleigh,State Senate Legislative District 14,,DEM,Jim Long,157
Burleigh,State Senate Legislative District 14,,REP,Jerry Klein,214
Burleigh,State Senate Legislative District 30,,DEM,Chris Ebertz,450
Burleigh,State Senate Legislative District 30,,REP,Bob Stenehjem,721
Burleigh,State Senate Legislative District 32,,DEM,Tom Asbridge,531
Burleigh,State Senate Legislative District 32,,REP,Dick Dever,692
Burleigh,State Senate Legislative District 8,,DEM,Westley Weible,189
Burleigh,State Senate Legislative District 8,,REP,Layton Freborg,376
Burleigh,State Treasurer,,DEM,Mitch Vance,2600
Burleigh,State Treasurer,,REP,Kelly L Schmidt,4643
Burleigh,Superintendent of Public Instruction,,NON,Max L Laird,3224
Burleigh,Superintendent of Public Instruction,,NON,Wayne G Sanstead,4638
Burleigh,U.S. House,1,DEM,Earl Pomeroy,2910
Burleigh,U.S. House,1,REP,Duane Sand,4570
Cass,C 1: Remove prohibition on appointing a member of the leg assembly to an office the compensation was increased by the leg assembly during the member's term,,,No,11275
Cass,C 1: Remove prohibition on appointing a member of the leg assembly to an office the compensation was increased by the leg assembly during the member's term,,,Yes,9826
Cass,Governor and Lt. Governor,,DEM,Tim Mathern & Merle Boucher,10287
Cass,Governor and Lt. Governor,,LIB,Benjamin Winegar,1
Cass,Governor and Lt. Governor,,LIB,Brian Krank,1
Cass,Governor and Lt. Governor,,LIB,Don Winegar,1
Cass,Governor and Lt. Governor,,LIB,Ed Schultz,1
Cass,Governor and Lt. Governor,,LIB,Gary Krieger,0
Cass,Governor and Lt. Governor,,LIB,Janice B Parsons,1
Cass,Governor and Lt. Governor,,LIB,Kirk Roos,0
Cass,Governor and Lt. Governor,,LIB,Mel Stone,1
Cass,Governor and Lt. Governor,,LIB,Richard Ames,1
Cass,Governor and Lt. Governor,,LIB,Ryan Zudow,0
Cass,Governor and Lt. Governor,,LIB,Stephen Disrud,1
Cass,Governor and Lt. Governor,,REP,John Hoeven & Jack Dalrymple,11627
Cass,Governor and Lt. Governor Constitution,,CON,Adam Torbert & Matt Vangerd,1
Cass,Governor and Lt. Governor Constitution,,CON,Al Carlson & Dave Weiler,0
Cass,Governor and Lt. Governor Constitution,,CON,Carol Brusnen & Diane Brusnen,1
Cass,Governor and Lt. Governor Constitution,,CON,Greg Boyer,0
Cass,Governor and Lt. Governor Constitution,,CON,Jeff Rogerson,1
Cass,Governor and Lt. Governor Constitution,,CON,Jody Wright,0
Cass,Governor and Lt. Governor Constitution,,CON,Roland Riemers & Mitch Sanderson,0
Cass,Insurance Commissioner,,DEM,Jasper Schneider,10081
Cass,Insurance Commissioner,,LIB,Dani Graten,1
Cass,Insurance Commissioner,,LIB,Greg Gunderson,0
Cass,Insurance Commissioner,,LIB,Jason Huus,0
Cass,Insurance Commissioner,,LIB,Jay Fettig,1
Cass,Insurance Commissioner,,LIB,Mel Stone,1
Cass,Insurance Commissioner,,LIB,Ryan Zudow,0
Cass,Insurance Commissioner,,LIB,Stephen Disrud,1
Cass,Insurance Commissioner,,LIB,Tony Gudajtes,0
Cass,Insurance Commissioner,,REP,Adam Hamm,10803
Cass,Insurance Commissioner Constitution,,CON,Doug Goehring,0
Cass,Insurance Commissioner Constitution,,CON,Jody Wright,0
Cass,Insurance Commissioner Constitution,,CON,Karn Jameson,1
Cass,Insurance Commissioner Constitution,,CON,Norval Lee,1
Cass,Insurance Commissioner Constitution,,CON,Peter Crary,1
Cass,Insurance Commissioner Constitution,,CON,Ralph Muecke,0
Cass,Judgeship Number 1 East Central Judicial District,,NON,Susan L Bailey,13157
Cass,Judgeship Number 1 East Central Judicial District,,NON,"Wickham ""Wick"" Corwin",6883
Cass,Judgeship Number 5 East Central Judicial District,,NON,Frank L Racek,19015
Cass,Judgeship Number 6 East Central Judicial District,,NON,Georgia Dawson,19223
Cass,Judgeship Number 7 East Central Judicial District,,NON,Wade Webb,19314
Cass,Justice of the Supreme Court,,NON,Mary Maring,20022
Cass,Justice of the Supreme Court Unexpired 4-year term,,NON,Daniel J Crothers,18829
Cass,Public Service Commissioner,,DEM,Cheryl Bergian,10036
Cass,Public Service Commissioner,,LIB,Ben Johnson,0
Cass,Public Service Commissioner,,LIB,Brian Homuth,1
Cass,Public Service Commissioner,,LIB,Craig Bohl,1
Cass,Public Service Commissioner,,LIB,Lyla Slemin,0
Cass,Public Service Commissioner,,LIB,Mel Stone,1
Cass,Public Service Commissioner,,LIB,Ryan Zudow,0
Cass,Public Service Commissioner,,LIB,Stephen Disrud,1
Cass,Public Service Commissioner,,REP,Brian Kalk,10691
Cass,Public Service Commissioner Constitution,,CON,David Waterman,1
Cass,Public Service Commissioner Constitution,,CON,Jody Wright,0
Cass,Public Service Commissioner Constitution,,CON,Leon Mallberg,0
Cass,Public Service Commissioner Constitution,,CON,Neil Labarre,1
Cass,Representative in Congress Constitution,,CON,Ed Jameson,1
Cass,Representative in Congress Constitution,,CON,Herb Mittelstad,0
Cass,Representative in Congress Constitution,,CON,Jim Lee,0
Cass,Representative in Congress Constitution,,CON,Jody Wright,0
Cass,Representative in Congress Constitution,,CON,Michael G Sheridan,1
Cass,Representative in Congress Constitution,,CON,Modine Gunsett,0
Cass,Representative in Congress Constitution,,CON,Wayne Anderson,1
Cass,State Auditor,,DEM,Daryl Splichal,9899
Cass,State Auditor,,LIB,Brock Storristen,1
Cass,State Auditor,,LIB,Greg M Parsons,1
Cass,State Auditor,,LIB,James Faye,1
Cass,State Auditor,,LIB,Jay Fettig,1
Cass,State Auditor,,LIB,Jeremy Roy,0
Cass,State Auditor,,LIB,Jessica Mahlum,0
Cass,State Auditor,,LIB,Marsha Schroeder,0
Cass,State Auditor,,LIB,Mel Stone,1
Cass,State Auditor,,LIB,Ryan Luande,1
Cass,State Auditor,,LIB,Ryan Zudrow,0
Cass,State Auditor,,LIB,Stephen Disrud,1
Cass,State Auditor,,LIB,Terry Wierkoff,1
Cass,State Auditor,,REP,Robert R (Bob) Peterson,10829
Cass,State Auditor Constitution,,CON,Doug Ulrich,1
Cass,State Auditor Constitution,,CON,Jody Wright,0
Cass,State Auditor Constitution,,CON,John Lynn,2
Cass,State Auditor Constitution,,CON,Nick Schmitz,0
Cass,State Auditor Constitution,,CON,Randy Schobinger,0
Cass,State House Legislative,20,DEM,Lee Kaldor,76
Cass,State House Legislative,20,DEM,Richard G (Rick) Holman,77
Cass,State House Legislative,20,REP,Jacob Holm,72
Cass,State House Legislative,20,REP,"Larry O""Brien",74
Cass,State House Legislative,22,DEM,Allan C Peterson,890
Cass,State House Legislative,22,DEM,Keith Gohdes,890
Cass,State House Legislative,22,LIB,Lynn Heller,1
Cass,State House Legislative,22,LIB,Richard Kopp,1
Cass,State House Legislative,22,REP,Vonnie Pietsch,1080
Cass,State House Legislative,22,REP,Wesley R Belter,1169
Cass,State House Legislative,44,DEM,Bob Jansen,1228
Cass,State House Legislative,44,DEM,Janice Benson Johnson,1303
Cass,State House Legislative,44,REP,Blair Thoreson,1315
Cass,State House Legislative,44,REP,Donald L Clark,1315
Cass,State House Legislative,46,DEM,Dennis Edwards,1032
Cass,State House Legislative,46,DEM,Pearce Tefft,902
Cass,State House Legislative,46,REP,Jim Kasper,1377
Cass,State House Legislative,46,REP,Kathy Hawken,1359
Cass,State Representative Legislative District 22 Constitution,,CON,Andrew Dosh,1
Cass,State Representative Legislative District 22 Constitution,,CON,Lisa Duckwitz,1
Cass,State Senate Legislative District 20,,DEM,Elroy N Lindaas,92
Cass,State Senate Legislative District 20,,REP,Martin Johnson,74
Cass,State Senate Legislative District 22,,DEM,John Lund,1015
Cass,State Senate Legislative District 22,,LIB,Larry Anderson,1
Cass,State Senate Legislative District 22,,LIB,Marty Riske,1
Cass,State Senate Legislative District 22,,REP,Gary A Lee,1246
Cass,State Senate Legislative District 22 Constitution,,CON,Tyrell LeRue,1
Cass,State Senate Legislative District 44,,DEM,Allan Branstiter,1424
Cass,State Senate Legislative District 44,,REP,Tim Flakoll,1466
Cass,State Senate Legislative District 46,,DEM,Diane Hill,1133
Cass,State Senate Legislative District 46,,REP,Tom Fischer,1491
Cass,State Treasurer,,DEM,Mitch Vance,9886
Cass,State Treasurer,,LIB,Andrew Carlton,0
Cass,State Treasurer,,LIB,Dale Mumm,1
Cass,State Treasurer,,LIB,Glen E Parsons,1
Cass,State Treasurer,,LIB,Jay Fettig,1
Cass,State Treasurer,,LIB,Joan Peters,1
Cass,State Treasurer,,LIB,Mel Stone,1
Cass,State Treasurer,,LIB,Micah Leihi Winegar,1
Cass,State Treasurer,,LIB,Mike Hacanson,1
Cass,State Treasurer,,LIB,Ryan Zudow,0
Cass,State Treasurer,,LIB,Stephen Disrud,1
Cass,State Treasurer,,LIB,Tami Rice,0
Cass,State Treasurer,,LIB,Troy Vareburg,1
Cass,State Treasurer,,REP,Kelly L Schmidt,10728
Cass,State Treasurer Constitution,,CON,Charlene Nelson,1
Cass,State Treasurer Constitution,,CON,Jody Wright,0
Cass,State Treasurer Constitution,,CON,Mark Mullenberg,2
Cass,State Treasurer Constitution,,CON,Whitney Hauz,1
Cass,Superintendent of Public Instruction,,NON,Max L Laird,4973
Cass,Superintendent of Public Instruction,,NON,Wayne G Sanstead,16043
Cass,U.S. House,1,DEM,Earl Pomeroy,11265
Cass,U.S. House,1,LIB,Al Jaeger,1
Cass,U.S. House,1,LIB,Bill Oberlander,1
Cass,U.S. House,1,LIB,Brian Krank,1
Cass,U.S. House,1,LIB,Charles Wolfe,0
Cass,U.S. House,1,LIB,Donald E Winegar,1
Cass,U.S. House,1,LIB,Garry Heller,1
Cass,U.S. House,1,LIB,Gaylon Baker,0
Cass,U.S. House,1,LIB,James E Parsons,1
Cass,U.S. House,1,LIB,James Faye,1
Cass,U.S. House,1,LIB,Jeb Goodman,0
Cass,U.S. House,1,LIB,Keith Hanson,1
Cass,U.S. House,1,LIB,Mel Stone,1
Cass,U.S. House,1,LIB,Ryan Zudow,0
Cass,U.S. House,1,LIB,Stephen Disrud,1
Cass,U.S. House,1,LIB,Torey Garletz,1
Cass,U.S. House,1,REP,Duane Sand,10882
Cavalier,C 1: Remove prohibition on appointing a member of the leg assembly to an office the compensation was increased by the leg assembly during the member's term,,,No,558
Cavalier,C 1: Remove prohibition on appointing a member of the leg assembly to an office the compensation was increased by the leg assembly during the member's term,,,Yes,323
Cavalier,Governor and Lt. Governor,,DEM,Tim Mathern & Merle Boucher,395
Cavalier,Governor and Lt. Governor,,REP,John Hoeven & Jack Dalrymple,570
Cavalier,Insurance Commissioner,,DEM,Jasper Schneider,376
Cavalier,Insurance Commissioner,,REP,Adam Hamm,468
Cavalier,Judgeship Number 3 Northeast Judicial District,,NON,Michael G Sturdevant,718
Cavalier,Judgeship Number 4 Northeast Judicial District,,NON,Donovan Foughty,728
Cavalier,Justice of the Supreme Court,,NON,Mary Maring,756
Cavalier,Justice of the Supreme Court Unexpired 4-year term,,NON,Daniel J Crothers,730
Cavalier,Public Service Commissioner,,DEM,Cheryl Bergian,379
Cavalier,Public Service Commissioner,,REP,Brian Kalk,471
Cavalier,State Auditor,,DEM,Daryl Splichal,379
Cavalier,State Auditor,,REP,Robert R (Bob) Peterson,496
Cavalier,State House Legislative,10,DEM,Kathy Stremick,347
Cavalier,State House Legislative,10,DEM,Richard Flanders,393
Cavalier,State House Legislative,10,REP,Chuck Damschen,510
Cavalier,State House Legislative,10,REP,David Monson,452
Cavalier,State Senate Legislative District 10,,DEM,Paul Bonaime,375
Cavalier,State Senate Legislative District 10,,REP,Curtis Olafson,439
Cavalier,State Senate Legislative District 10,,REP,Harvey L Hope,211
Cavalier,State Treasurer,,DEM,Mitch Vance,365
Cavalier,State Treasurer,,REP,Kelly L Schmidt,470
Cavalier,Superintendent of Public Instruction,,NON,Max L Laird,222
Cavalier,Superintendent of Public Instruction,,NON,Wayne G Sanstead,719
Cavalier,U.S. House,1,DEM,Earl Pomeroy,485
Cavalier,U.S. House,1,REP,Duane Sand,495
Dickey,C 1: Remove prohibition on appointing a member of the leg assembly to an office the compensation was increased by the leg assembly during the member's term,,,No,414
Dickey,C 1: Remove prohibition on appointing a member of the leg assembly to an office the compensation was increased by the leg assembly during the member's term,,,Yes,335
Dickey,Governor and Lt. Governor,,DEM,Tim Mathern & Merle Boucher,372
Dickey,Governor and Lt. Governor,,REP,John Hoeven & Jack Dalrymple,513
Dickey,Insurance Commissioner,,DEM,Jasper Schneider,365
Dickey,Insurance Commissioner,,REP,Adam Hamm,480
Dickey,Judgeship Number 5 Southeast Judicial District,,NON,Daniel D Narum,792
Dickey,Justice of the Supreme Court,,NON,Mary Maring,786
Dickey,Justice of the Supreme Court Unexpired 4-year term,,NON,Daniel J Crothers,767
Dickey,Public Service Commissioner,,DEM,Cheryl Bergian,366
Dickey,Public Service Commissioner,,REP,Brian Kalk,476
Dickey,State Auditor,,DEM,Daryl Splichal,362
Dickey,State Auditor,,REP,Robert R (Bob) Peterson,488
Dickey,State House Legislative,26,DEM,Bill Amerman,166
Dickey,State House Legislative,26,DEM,"Jerome ""Jerry"" Kelsh",237
Dickey,State House Legislative,26,REP,Gary Schnell,306
Dickey,State House Legislative,26,REP,"John ""Jiggs"" Dyste",212
Dickey,State House Legislative,28,DEM,Isadore Gross,121
Dickey,State House Legislative,28,DEM,Kristen Vetter,129
Dickey,State House Legislative,28,REP,Michael Don Brandenburg,180
Dickey,State House Legislative,28,REP,William E Kretschmar,161
Dickey,State Senate Legislative District 26,,DEM,Jim Dotzenrod,218
Dickey,State Senate Legislative District 26,,REP,Donnell (Nell) Walstead,287
Dickey,State Senate Legislative District 28,,DEM,Alan Bergman,152
Dickey,State Senate Legislative District 28,,REP,Robert S Erbele,185
Dickey,State Treasurer,,DEM,Mitch Vance,366
Dickey,State Treasurer,,REP,Kelly L Schmidt,483
Dickey,Superintendent of Public Instruction,,NON,Max L Laird,200
Dickey,Superintendent of Public Instruction,,NON,Wayne G Sanstead,642
Dickey,U.S. House,1,DEM,Earl Pomeroy,397
Dickey,U.S. House,1,REP,Duane Sand,493
Divide,C 1: Remove prohibition on appointing a member of the leg assembly to an office the compensation was increased by the leg assembly during the member's term,,,No,169
Divide,C 1: Remove prohibition on appointing a member of the leg assembly to an office the compensation was increased by the leg assembly during the member's term,,,Yes,102
Divide,Governor and Lt. Governor,,DEM,Tim Mathern & Merle Boucher,143
Divide,Governor and Lt. Governor,,REP,John Hoeven & Jack Dalrymple,136
Divide,Insurance Commissioner,,DEM,Jasper Schneider,149
Divide,Insurance Commissioner,,REP,Adam Hamm,117
Divide,Judgeship Number 2 Northwest Judicial District,,NON,Doug Mattson,249
Divide,Judgeship Number 5 Northwest Judicial District,,NON,David W Nelson,211
Divide,Judgeship Number 5 Northwest Judicial District,,NON,Jeffrey L Sheets,53
Divide,Justice of the Supreme Court,,NON,Mary Maring,253
Divide,Justice of the Supreme Court Unexpired 4-year term,,NON,Daniel J Crothers,241
Divide,Public Service Commissioner,,DEM,Cheryl Bergian,150
Divide,Public Service Commissioner,,REP,Brian Kalk,117
Divide,State Auditor,,DEM,Daryl Splichal,140
Divide,State Auditor,,REP,Robert R (Bob) Peterson,124
Divide,State House Legislative,2,DEM,Cecile Wehrman,128
Divide,State House Legislative,2,DEM,Lynn Jacobson,144
Divide,State House Legislative,2,REP,Bob Skarphol,119
Divide,State House Legislative,2,REP,David S Rust,110
Divide,State Senate Legislative District 2,,DEM,Dorvan Solberg,156
Divide,State Senate Legislative District 2,,REP,John Andrist,132
Divide,State Treasurer,,DEM,Mitch Vance,146
Divide,State Treasurer,,REP,Kelly L Schmidt,118
Divide,Superintendent of Public Instruction,,NON,Max L Laird,89
Divide,Superintendent of Public Instruction,,NON,Wayne G Sanstead,200
Divide,U.S. House,1,DEM,Earl Pomeroy,170
Divide,U.S. House,1,REP,Duane Sand,123
Dunn,C 1: Remove prohibition on appointing a member of the leg assembly to an office the compensation was increased by the leg assembly during the member's term,,,No,365
Dunn,C 1: Remove prohibition on appointing a member of the leg assembly to an office the compensation was increased by the leg assembly during the member's term,,,Yes,223
Dunn,Governor and Lt. Governor,,DEM,Tim Mathern & Merle Boucher,238
Dunn,Governor and Lt. Governor,,REP,John Hoeven & Jack Dalrymple,412
Dunn,Insurance Commissioner,,DEM,Jasper Schneider,242
Dunn,Insurance Commissioner,,REP,Adam Hamm,384
Dunn,Judgeship Number 4 Southwest Judicial District,,NON,William A Herauf,580
Dunn,Justice of the Supreme Court,,NON,Mary Maring,584
Dunn,Justice of the Supreme Court Unexpired 4-year term,,NON,Daniel J Crothers,554
Dunn,Public Service Commissioner,,DEM,Cheryl Bergian,242
Dunn,Public Service Commissioner,,REP,Brian Kalk,386
Dunn,State Auditor,,DEM,Daryl Splichal,238
Dunn,State Auditor,,REP,Robert R (Bob) Peterson,392
Dunn,State House Legislative,36,DEM,Shirley Meyer,181
Dunn,State House Legislative,36,DEM,Todd M Hall,157
Dunn,State House Legislative,36,REP,Frank Klein,223
Dunn,State House Legislative,36,REP,Mike Schatz,223
Dunn,State House Legislative,4,DEM,Kenton Onstad,87
Dunn,State House Legislative,4,DEM,Tom Conklin,70
Dunn,State House Legislative,4,REP,Daryl J Lies,143
Dunn,State Senate Legislative District 36,,DEM,Chuck Andrus,167
Dunn,State Senate Legislative District 36,,REP,George Nodland,244
Dunn,State Senate Legislative District 4,,DEM,John M Warner,91
Dunn,State Treasurer,,DEM,Mitch Vance,237
Dunn,State Treasurer,,REP,Kelly L Schmidt,388
Dunn,Superintendent of Public Instruction,,NON,Max L Laird,227
Dunn,Superintendent of Public Instruction,,NON,Wayne G Sanstead,427
Dunn,U.S. House,1,DEM,Earl Pomeroy,263
Dunn,U.S. House,1,REP,Duane Sand,397
Eddy,C 1: Remove prohibition on appointing a member of the leg assembly to an office the compensation was increased by the leg assembly during the member's term,,,No,128
Eddy,C 1: Remove prohibition on appointing a member of the leg assembly to an office the compensation was increased by the leg assembly during the member's term,,,Yes,90
Eddy,Governor and Lt. Governor,,DEM,Tim Mathern & Merle Boucher,145
Eddy,Governor and Lt. Governor,,REP,John Hoeven & Jack Dalrymple,99
Eddy,Insurance Commissioner,,DEM,Jasper Schneider,141
Eddy,Insurance Commissioner,,REP,Adam Hamm,95
Eddy,Judgeship Number 5 Southeast Judicial District,,NON,Daniel D Narum,201
Eddy,Justice of the Supreme Court,,NON,Mary Maring,207
Eddy,Justice of the Supreme Court Unexpired 4-year term,,NON,Daniel J Crothers,203
Eddy,Public Service Commissioner,,DEM,Cheryl Bergian,141
Eddy,Public Service Commissioner,,REP,Brian Kalk,96
Eddy,State Auditor,,DEM,Daryl Splichal,141
Eddy,State Auditor,,REP,Robert R (Bob) Peterson,95
Eddy,State Treasurer,,DEM,Mitch Vance,139
Eddy,State Treasurer,,REP,Kelly L Schmidt,95
Eddy,Superintendent of Public Instruction,,NON,Max L Laird,65
Eddy,Superintendent of Public Instruction,,NON,Wayne G Sanstead,164
Eddy,U.S. House,1,DEM,Earl Pomeroy,155
Eddy,U.S. House,1,REP,Duane Sand,96
Emmons,C 1: Remove prohibition on appointing a member of the leg assembly to an office the compensation was increased by the leg assembly during the member's term,,,No,432
Emmons,C 1: Remove prohibition on appointing a member of the leg assembly to an office the compensation was increased by the leg assembly during the member's term,,,Yes,221
Emmons,Governor and Lt. Governor,,DEM,Tim Mathern & Merle Boucher,279
Emmons,Governor and Lt. Governor,,REP,John Hoeven & Jack Dalrymple,456
Emmons,Insurance Commissioner,,DEM,Jasper Schneider,262
Emmons,Insurance Commissioner,,REP,Adam Hamm,417
Emmons,Judgeship Number 1 South Central Judicial District,,NON,David Reich,572
Emmons,Judgeship Number 6 South Central Judicial District,,NON,Gail Hagerty,580
Emmons,Judgeship Number 7 South Central Judicial District,,NON,Thomas J Schneider,596
Emmons,Judgeship Number 8 South Central Judicial District,,NON,Donald L Jorgensen,593
Emmons,Justice of the Supreme Court,,NON,Mary Maring,601
Emmons,Justice of the Supreme Court Unexpired 4-year term,,NON,Daniel J Crothers,576
Emmons,Public Service Commissioner,,DEM,Cheryl Bergian,264
Emmons,Public Service Commissioner,,REP,Brian Kalk,416
Emmons,State Auditor,,DEM,Daryl Splichal,260
Emmons,State Auditor,,REP,Robert R (Bob) Peterson,425
Emmons,State House Legislative,28,DEM,Isadore Gross,273
Emmons,State House Legislative,28,DEM,Kristen Vetter,256
Emmons,State House Legislative,28,REP,Michael Don Brandenburg,391
Emmons,State House Legislative,28,REP,William E Kretschmar,371
Emmons,State Senate Legislative District 28,,DEM,Alan Bergman,276
Emmons,State Senate Legislative District 28,,REP,Robert S Erbele,428
Emmons,State Treasurer,,DEM,Mitch Vance,263
Emmons,State Treasurer,,REP,Kelly L Schmidt,425
Emmons,Superintendent of Public Instruction,,NON,Max L Laird,266
Emmons,Superintendent of Public Instruction,,NON,Wayne G Sanstead,432
Emmons,U.S. House,1,DEM,Earl Pomeroy,296
Emmons,U.S. House,1,REP,Duane Sand,432
Foster,C 1: Remove prohibition on appointing a member of the leg assembly to an office the compensation was increased by the leg assembly during the member's term,,,No,110
Foster,C 1: Remove prohibition on appointing a member of the leg assembly to an office the compensation was increased by the leg assembly during the member's term,,,Yes,134
Foster,Governor and Lt. Governor,,DEM,Tim Mathern & Merle Boucher,140
Foster,Governor and Lt. Governor,,REP,John Hoeven & Jack Dalrymple,137
Foster,Insurance Commissioner,,DEM,Jasper Schneider,136
Foster,Insurance Commissioner,,REP,Adam Hamm,128
Foster,Judgeship Number 5 Southeast Judicial District,,NON,Daniel D Narum,240
Foster,Justice of the Supreme Court,,NON,Mary Maring,253
Foster,Justice of the Supreme Court Unexpired 4-year term,,NON,Daniel J Crothers,240
Foster,Public Service Commissioner,,DEM,Cheryl Bergian,141
Foster,Public Service Commissioner,,REP,Brian Kalk,125
Foster,State Auditor,,DEM,Daryl Splichal,138
Foster,State Auditor,,REP,Robert R (Bob) Peterson,131
Foster,State Treasurer,,DEM,Mitch Vance,139
Foster,State Treasurer,,REP,Kelly L Schmidt,126
Foster,Superintendent of Public Instruction,,NON,Max L Laird,63
Foster,Superintendent of Public Instruction,,NON,Wayne G Sanstead,215
Foster,U.S. House,1,DEM,Earl Pomeroy,150
Foster,U.S. House,1,REP,Duane Sand,127
Golden Valley,C 1: Remove prohibition on appointing a member of the leg assembly to an office the compensation was increased by the leg assembly during the member's term,,,No,189
Golden Valley,C 1: Remove prohibition on appointing a member of the leg assembly to an office the compensation was increased by the leg assembly during the member's term,,,Yes,105
Golden Valley,Governor and Lt. Governor,,DEM,Tim Mathern & Merle Boucher,95
Golden Valley,Governor and Lt. Governor,,REP,John Hoeven & Jack Dalrymple,226
Golden Valley,Insurance Commissioner,,DEM,Jasper Schneider,88
Golden Valley,Insurance Commissioner,,REP,Adam Hamm,208
Golden Valley,Judgeship Number 4 Southwest Judicial District,,NON,William A Herauf,277
Golden Valley,Justice of the Supreme Court,,NON,Mary Maring,276
Golden Valley,Justice of the Supreme Court Unexpired 4-year term,,NON,Daniel J Crothers,267
Golden Valley,Public Service Commissioner,,DEM,Cheryl Bergian,89
Golden Valley,Public Service Commissioner,,REP,Brian Kalk,208
Golden Valley,State Auditor,,DEM,Daryl Splichal,92
Golden Valley,State Auditor,,REP,Robert R (Bob) Peterson,214
Golden Valley,State Treasurer,,DEM,Mitch Vance,89
Golden Valley,State Treasurer,,REP,Kelly L Schmidt,212
Golden Valley,Superintendent of Public Instruction,,NON,Max L Laird,101
Golden Valley,Superintendent of Public Instruction,,NON,Wayne G Sanstead,209
Golden Valley,U.S. House,1,DEM,Earl Pomeroy,101
Golden Valley,U.S. House,1,REP,Duane Sand,215
Grand Forks,C 1: Remove prohibition on appointing a member of the leg assembly to an office the compensation was increased by the leg assembly during the member's term,,,No,5105
Grand Forks,C 1: Remove prohibition on appointing a member of the leg assembly to an office the compensation was increased by the leg assembly during the member's term,,,Yes,3779
Grand Forks,Governor and Lt. Governor,,DEM,Tim Mathern & Merle Boucher,4479
Grand Forks,Governor and Lt. Governor,,REP,John Hoeven & Jack Dalrymple,4656
Grand Forks,Insurance Commissioner,,DEM,Jasper Schneider,4428
Grand Forks,Insurance Commissioner,,REP,Adam Hamm,4203
Grand Forks,Judgeship Number 4 Northeast Central Judicial District,,NON,Lawrence E Jahnke,8868
Grand Forks,Judgeship Number 5 Northeast Central Judicial District,,NON,Debbie G Kleven,8897
Grand Forks,Justice of the Supreme Court,,NON,Mary Maring,8551
Grand Forks,Justice of the Supreme Court Unexpired 4-year term,,NON,Daniel J Crothers,8216
Grand Forks,Public Service Commissioner,,DEM,Cheryl Bergian,4456
Grand Forks,Public Service Commissioner,,REP,Brian Kalk,4189
Grand Forks,State Auditor,,DEM,Daryl Splichal,4409
Grand Forks,State Auditor,,REP,Robert R (Bob) Peterson,4271
Grand Forks,State House Legislative,18,DEM,Eliot Glassheim,1036
Grand Forks,State House Legislative,18,DEM,Lonny Winrich,726
Grand Forks,State House Legislative,18,REP,Mark Owens,548
Grand Forks,State House Legislative,42,DEM,Bruce A Sanford,640
Grand Forks,State House Legislative,42,DEM,Corey Mock,518
Grand Forks,State House Legislative,42,REP,Donald D Dietrich,387
Grand Forks,State House Legislative,42,REP,Stacey (Horter) Dahl,376
Grand Forks,State Senate Legislative District 18,,DEM,"Constance ""Connie"" Triplett",958
Grand Forks,State Senate Legislative District 18,,REP,Andrew Lutz,551
Grand Forks,State Senate Legislative District 42,,DEM,Mac Schneider,678
Grand Forks,State Senate Legislative District 42,,REP,Nate Martindale,451
Grand Forks,State Treasurer,,DEM,Mitch Vance,4391
Grand Forks,State Treasurer,,REP,Kelly L Schmidt,4210
Grand Forks,Superintendent of Public Instruction,,NON,Max L Laird,3473
Grand Forks,Superintendent of Public Instruction,,NON,Wayne G Sanstead,6101
Grand Forks,U.S. House,1,DEM,Earl Pomeroy,5324
Grand Forks,U.S. House,1,REP,Duane Sand,4218
Grant,C 1: Remove prohibition on appointing a member of the leg assembly to an office the compensation was increased by the leg assembly during the member's term,,,No,450
Grant,C 1: Remove prohibition on appointing a member of the leg assembly to an office the compensation was increased by the leg assembly during the member's term,,,Yes,208
Grant,Governor and Lt. Governor,,DEM,Tim Mathern & Merle Boucher,232
Grant,Governor and Lt. Governor,,REP,John Hoeven & Jack Dalrymple,471
Grant,Insurance Commissioner,,DEM,Jasper Schneider,218
Grant,Insurance Commissioner,,REP,Adam Hamm,437
Grant,Judgeship Number 1 South Central Judicial District,,NON,David Reich,620
Grant,Judgeship Number 6 South Central Judicial District,,NON,Gail Hagerty,622
Grant,Judgeship Number 7 South Central Judicial District,,NON,Thomas J Schneider,632
Grant,Judgeship Number 8 South Central Judicial District,,NON,Donald L Jorgensen,619
Grant,Justice of the Supreme Court,,NON,Mary Maring,633
Grant,Justice of the Supreme Court Unexpired 4-year term,,NON,Daniel J Crothers,626
Grant,Public Service Commissioner,,DEM,Cheryl Bergian,222
Grant,Public Service Commissioner,,REP,Brian Kalk,436
Grant,State Auditor,,DEM,Daryl Splichal,217
Grant,State Auditor,,REP,Robert R (Bob) Peterson,444
Grant,State Treasurer,,DEM,Mitch Vance,215
Grant,State Treasurer,,REP,Kelly L Schmidt,447
Grant,Superintendent of Public Instruction,,NON,Max L Laird,268
Grant,Superintendent of Public Instruction,,NON,Wayne G Sanstead,460
Grant,U.S. House,1,DEM,Earl Pomeroy,249
Grant,U.S. House,1,REP,Duane Sand,447
Griggs,C 1: Remove prohibition on appointing a member of the leg assembly to an office the compensation was increased by the leg assembly during the member's term,,,No,395
Griggs,C 1: Remove prohibition on appointing a member of the leg assembly to an office the compensation was increased by the leg assembly during the member's term,,,Yes,296
Griggs,Governor and Lt. Governor,,DEM,Tim Mathern & Merle Boucher,347
Griggs,Governor and Lt. Governor,,REP,John Hoeven & Jack Dalrymple,430
Griggs,Insurance Commissioner,,DEM,Jasper Schneider,345
Griggs,Insurance Commissioner,,REP,Adam Hamm,393
Griggs,Judgeship Number 5 Southeast Judicial District,,NON,Daniel D Narum,639
Griggs,Justice of the Supreme Court,,NON,Mary Maring,682
Griggs,Justice of the Supreme Court Unexpired 4-year term,,NON,Daniel J Crothers,640
Griggs,Public Service Commissioner,,DEM,Cheryl Bergian,348
Griggs,Public Service Commissioner,,REP,Brian Kalk,389
Griggs,State Auditor,,DEM,Daryl Splichal,343
Griggs,State Auditor,,REP,Robert R (Bob) Peterson,400
Griggs,State Treasurer,,DEM,Mitch Vance,343
Griggs,State Treasurer,,REP,Kelly L Schmidt,393
Griggs,Superintendent of Public Instruction,,NON,Max L Laird,186
Griggs,Superintendent of Public Instruction,,NON,Wayne G Sanstead,556
Griggs,U.S. House,1,DEM,Earl Pomeroy,385
Griggs,U.S. House,1,REP,Duane Sand,398
Hettinger,C 1: Remove prohibition on appointing a member of the leg assembly to an office the compensation was increased by the leg assembly during the member's term,,,No,392
Hettinger,C 1: Remove prohibition on appointing a member of the leg assembly to an office the compensation was increased by the leg assembly during the member's term,,,Yes,243
Hettinger,Governor and Lt. Governor,,DEM,Tim Mathern & Merle Boucher,272
Hettinger,Governor and Lt. Governor,,REP,John Hoeven & Jack Dalrymple,415
Hettinger,Insurance Commissioner,,DEM,Jasper Schneider,272
Hettinger,Insurance Commissioner,,REP,Adam Hamm,393
Hettinger,Judgeship Number 4 Southwest Judicial District,,NON,William A Herauf,601
Hettinger,Justice of the Supreme Court,,NON,Mary Maring,610
Hettinger,Justice of the Supreme Court Unexpired 4-year term,,NON,Daniel J Crothers,595
Hettinger,Public Service Commissioner,,DEM,Cheryl Bergian,267
Hettinger,Public Service Commissioner,,REP,Brian Kalk,395
Hettinger,State Auditor,,DEM,Daryl Splichal,269
Hettinger,State Auditor,,REP,Robert R (Bob) Peterson,397
Hettinger,State House Legislative,36,DEM,Shirley Meyer,91
Hettinger,State House Legislative,36,DEM,Todd M Hall,64
Hettinger,State House Legislative,36,REP,Frank Klein,87
Hettinger,State House Legislative,36,REP,Mike Schatz,100
Hettinger,State Senate Legislative District 36,,DEM,Chuck Andrus,84
Hettinger,State Senate Legislative District 36,,REP,George Nodland,104
Hettinger,State Treasurer,,DEM,Mitch Vance,271
Hettinger,State Treasurer,,REP,Kelly L Schmidt,395
Hettinger,Superintendent of Public Instruction,,NON,Max L Laird,206
Hettinger,Superintendent of Public Instruction,,NON,Wayne G Sanstead,482
Hettinger,U.S. House,1,DEM,Earl Pomeroy,311
Hettinger,U.S. House,1,REP,Duane Sand,401
Kidder,C 1: Remove prohibition on appointing a member of the leg assembly to an office the compensation was increased by the leg assembly during the member's term,,,No,218
Kidder,C 1: Remove prohibition on appointing a member of the leg assembly to an office the compensation was increased by the leg assembly during the member's term,,,Yes,130
Kidder,Governor and Lt. Governor,,DEM,Tim Mathern & Merle Boucher,149
Kidder,Governor and Lt. Governor,,REP,John Hoeven & Jack Dalrymple,245
Kidder,Insurance Commissioner,,DEM,Jasper Schneider,145
Kidder,Insurance Commissioner,,REP,Adam Hamm,237
Kidder,Judgeship Number 1 South Central Judicial District,,NON,David Reich,313
Kidder,Judgeship Number 6 South Central Judicial District,,NON,Gail Hagerty,327
Kidder,Judgeship Number 7 South Central Judicial District,,NON,Thomas J Schneider,320
Kidder,Judgeship Number 8 South Central Judicial District,,NON,Donald L Jorgensen,317
Kidder,Justice of the Supreme Court,,NON,Mary Maring,337
Kidder,Justice of the Supreme Court Unexpired 4-year term,,NON,Daniel J Crothers,312
Kidder,Public Service Commissioner,,DEM,Cheryl Bergian,149
Kidder,Public Service Commissioner,,REP,Brian Kalk,236
Kidder,State Auditor,,DEM,Daryl Splichal,143
Kidder,State Auditor,,REP,Robert R (Bob) Peterson,237
Kidder,State House Legislative,14,DEM,Karen Volk,147
Kidder,State House Legislative,14,DEM,Robert Stringer,127
Kidder,State House Legislative,14,REP,Duane DeKrey,156
Kidder,State House Legislative,14,REP,Mark Knudtson,121
Kidder,State House Legislative,14,REP,Robin Weisz,196
Kidder,State Senate Legislative District 14,,DEM,Jim Long,145
Kidder,State Senate Legislative District 14,,REP,Jerry Klein,237
Kidder,State Treasurer,,DEM,Mitch Vance,144
Kidder,State Treasurer,,REP,Kelly L Schmidt,235
Kidder,Superintendent of Public Instruction,,NON,Max L Laird,159
Kidder,Superintendent of Public Instruction,,NON,Wayne G Sanstead,218
Kidder,U.S. House,1,DEM,Earl Pomeroy,159
Kidder,U.S. House,1,REP,Duane Sand,237
LaMoure,C 1: Remove prohibition on appointing a member of the leg assembly to an office the compensation was increased by the leg assembly during the member's term,,,No,410
LaMoure,C 1: Remove prohibition on appointing a member of the leg assembly to an office the compensation was increased by the leg assembly during the member's term,,,Yes,297
LaMoure,Governor and Lt. Governor,,DEM,Tim Mathern & Merle Boucher,371
LaMoure,Governor and Lt. Governor,,REP,John Hoeven & Jack Dalrymple,456
LaMoure,Insurance Commissioner,,DEM,Jasper Schneider,356
LaMoure,Insurance Commissioner,,REP,Adam Hamm,432
LaMoure,Judgeship Number 5 Southeast Judicial District,,NON,Daniel D Narum,726
LaMoure,Justice of the Supreme Court,,NON,Mary Maring,733
LaMoure,Justice of the Supreme Court Unexpired 4-year term,,NON,Daniel J Crothers,708
LaMoure,Public Service Commissioner,,DEM,Cheryl Bergian,356
LaMoure,Public Service Commissioner,,REP,Brian Kalk,433
LaMoure,State Auditor,,DEM,Daryl Splichal,353
LaMoure,State Auditor,,REP,Robert R (Bob) Peterson,436
LaMoure,State House Legislative,26,DEM,Bill Amerman,65
LaMoure,State House Legislative,26,DEM,"Jerome ""Jerry"" Kelsh",80
LaMoure,State House Legislative,26,REP,Gary Schnell,90
LaMoure,State House Legislative,26,REP,"John ""Jiggs"" Dyste",69
LaMoure,State House Legislative,28,DEM,Isadore Gross,143
LaMoure,State House Legislative,28,DEM,Kristen Vetter,155
LaMoure,State House Legislative,28,REP,Michael Don Brandenburg,247
LaMoure,State House Legislative,28,REP,William E Kretschmar,213
LaMoure,State Senate Legislative District 26,,DEM,Jim Dotzenrod,79
LaMoure,State Senate Legislative District 26,,REP,Donnell (Nell) Walstead,88
LaMoure,State Senate Legislative District 28,,DEM,Alan Bergman,181
LaMoure,State Senate Legislative District 28,,REP,Robert S Erbele,247
LaMoure,State Treasurer,,DEM,Mitch Vance,354
LaMoure,State Treasurer,,REP,Kelly L Schmidt,431
LaMoure,Superintendent of Public Instruction,,NON,Max L Laird,225
LaMoure,Superintendent of Public Instruction,,NON,Wayne G Sanstead,543
LaMoure,U.S. House,1,DEM,Earl Pomeroy,383
LaMoure,U.S. House,1,REP,Duane Sand,441
Logan,C 1: Remove prohibition on appointing a member of the leg assembly to an office the compensation was increased by the leg assembly during the member's term,,,No,287
Logan,C 1: Remove prohibition on appointing a member of the leg assembly to an office the compensation was increased by the leg assembly during the member's term,,,Yes,156
Logan,Governor and Lt. Governor,,DEM,Tim Mathern & Merle Boucher,210
Logan,Governor and Lt. Governor,,REP,John Hoeven & Jack Dalrymple,286
Logan,Insurance Commissioner,,DEM,Jasper Schneider,192
Logan,Insurance Commissioner,,REP,Adam Hamm,263
Logan,Judgeship Number 1 South Central Judicial District,,NON,David Reich,397
Logan,Judgeship Number 6 South Central Judicial District,,NON,Gail Hagerty,405
Logan,Judgeship Number 7 South Central Judicial District,,NON,Thomas J Schneider,408
Logan,Judgeship Number 8 South Central Judicial District,,NON,Donald L Jorgensen,401
Logan,Justice of the Supreme Court,,NON,Mary Maring,416
Logan,Justice of the Supreme Court Unexpired 4-year term,,NON,Daniel J Crothers,392
Logan,Public Service Commissioner,,DEM,Cheryl Bergian,194
Logan,Public Service Commissioner,,REP,Brian Kalk,263
Logan,State Auditor,,DEM,Daryl Splichal,189
Logan,State Auditor,,REP,Robert R (Bob) Peterson,270
Logan,State House Legislative,28,DEM,Isadore Gross,238
Logan,State House Legislative,28,DEM,Kristen Vetter,211
Logan,State House Legislative,28,REP,Michael Don Brandenburg,253
Logan,State House Legislative,28,REP,William E Kretschmar,236
Logan,State Senate Legislative District 28,,DEM,Alan Bergman,214
Logan,State Senate Legislative District 28,,REP,Robert S Erbele,279
Logan,State Treasurer,,DEM,Mitch Vance,187
Logan,State Treasurer,,REP,Kelly L Schmidt,265
Logan,Superintendent of Public Instruction,,NON,Max L Laird,166
Logan,Superintendent of Public Instruction,,NON,Wayne G Sanstead,332
Logan,U.S. House,1,DEM,Earl Pomeroy,227
Logan,U.S. House,1,REP,Duane Sand,274
McHenry,C 1: Remove prohibition on appointing a member of the leg assembly to an office the compensation was increased by the leg assembly during the member's term,,,No,505
McHenry,C 1: Remove prohibition on appointing a member of the leg assembly to an office the compensation was increased by the leg assembly during the member's term,,,Yes,281
McHenry,Governor and Lt. Governor,,DEM,Tim Mathern & Merle Boucher,352
McHenry,Governor and Lt. Governor,,REP,John Hoeven & Jack Dalrymple,473
McHenry,Insurance Commissioner,,DEM,Jasper Schneider,354
McHenry,Insurance Commissioner,,REP,Adam Hamm,443
McHenry,Judgeship Number 3 Northeast Judicial District,,NON,Michael G Sturdevant,738
McHenry,Judgeship Number 4 Northeast Judicial District,,NON,Donovan Foughty,715
McHenry,Justice of the Supreme Court,,NON,Mary Maring,751
McHenry,Justice of the Supreme Court Unexpired 4-year term,,NON,Daniel J Crothers,723
McHenry,Public Service Commissioner,,DEM,Cheryl Bergian,356
McHenry,Public Service Commissioner,,REP,Brian Kalk,444
McHenry,State Auditor,,DEM,Daryl Splichal,349
McHenry,State Auditor,,REP,Robert R (Bob) Peterson,455
McHenry,State Treasurer,,DEM,Mitch Vance,352
McHenry,State Treasurer,,REP,Kelly L Schmidt,450
McHenry,Superintendent of Public Instruction,,NON,Max L Laird,345
McHenry,Superintendent of Public Instruction,,NON,Wayne G Sanstead,504
McHenry,U.S. House,1,DEM,Earl Pomeroy,385
McHenry,U.S. House,1,REP,Duane Sand,432
McIntosh,C 1: Remove prohibition on appointing a member of the leg assembly to an office the compensation was increased by the leg assembly during the member's term,,,No,431
McIntosh,C 1: Remove prohibition on appointing a member of the leg assembly to an office the compensation was increased by the leg assembly during the member's term,,,Yes,262
McIntosh,Governor and Lt. Governor,,DEM,Tim Mathern & Merle Boucher,252
McIntosh,Governor and Lt. Governor,,REP,John Hoeven & Jack Dalrymple,518
McIntosh,Insurance Commissioner,,DEM,Jasper Schneider,242
McIntosh,Insurance Commissioner,,REP,Adam Hamm,484
McIntosh,Judgeship Number 1 South Central Judicial District,,NON,David Reich,698
McIntosh,Judgeship Number 6 South Central Judicial District,,NON,Gail Hagerty,697
McIntosh,Judgeship Number 7 South Central Judicial District,,NON,Thomas J Schneider,701
McIntosh,Judgeship Number 8 South Central Judicial District,,NON,Donald L Jorgensen,676
McIntosh,Justice of the Supreme Court,,NON,Mary Maring,700
McIntosh,Justice of the Supreme Court Unexpired 4-year term,,NON,Daniel J Crothers,690
McIntosh,Public Service Commissioner,,DEM,Cheryl Bergian,240
McIntosh,Public Service Commissioner,,REP,Brian Kalk,479
McIntosh,State Auditor,,DEM,Daryl Splichal,239
McIntosh,State Auditor,,REP,Robert R (Bob) Peterson,496
McIntosh,State House Legislative,28,DEM,Isadore Gross,224
McIntosh,State House Legislative,28,DEM,Kristen Vetter,229
McIntosh,State House Legislative,28,REP,Michael Don Brandenburg,424
McIntosh,State House Legislative,28,REP,William E Kretschmar,466
McIntosh,State Senate Legislative District 28,,DEM,Alan Bergman,247
McIntosh,State Senate Legislative District 28,,REP,Robert S Erbele,482
McIntosh,State Treasurer,,DEM,Mitch Vance,238
McIntosh,State Treasurer,,REP,Kelly L Schmidt,489
McIntosh,Superintendent of Public Instruction,,NON,Max L Laird,216
McIntosh,Superintendent of Public Instruction,,NON,Wayne G Sanstead,571
McIntosh,U.S. House,1,DEM,Earl Pomeroy,267
McIntosh,U.S. House,1,REP,Duane Sand,492
McKenzie,C 1: Remove prohibition on appointing a member of the leg assembly to an office the compensation was increased by the leg assembly during the member's term,,,No,381
McKenzie,C 1: Remove prohibition on appointing a member of the leg assembly to an office the compensation was increased by the leg assembly during the member's term,,,Yes,286
McKenzie,Governor and Lt. Governor,,DEM,Tim Mathern & Merle Boucher,203
McKenzie,Governor and Lt. Governor,,REP,John Hoeven & Jack Dalrymple,538
McKenzie,Insurance Commissioner,,DEM,Jasper Schneider,203
McKenzie,Insurance Commissioner,,REP,Adam Hamm,468
McKenzie,Judgeship Number 2 Northwest Judicial District,,NON,Doug Mattson,568
McKenzie,Judgeship Number 5 Northwest Judicial District,,NON,David W Nelson,450
McKenzie,Judgeship Number 5 Northwest Judicial District,,NON,Jeffrey L Sheets,186
McKenzie,Justice of the Supreme Court,,NON,Mary Maring,602
McKenzie,Justice of the Supreme Court Unexpired 4-year term,,NON,Daniel J Crothers,569
McKenzie,Public Service Commissioner,,DEM,Cheryl Bergian,212
McKenzie,Public Service Commissioner,,REP,Brian Kalk,469
McKenzie,State Auditor,,DEM,Daryl Splichal,208
McKenzie,State Auditor,,REP,Robert R (Bob) Peterson,507
McKenzie,State House Legislative,4,DEM,Kenton Onstad,3
McKenzie,State House Legislative,4,DEM,Tom Conklin,2
McKenzie,State House Legislative,4,REP,Daryl J Lies,3
McKenzie,State Senate Legislative District 4,,DEM,John M Warner,4
McKenzie,State Treasurer,,DEM,Mitch Vance,202
McKenzie,State Treasurer,,REP,Kelly L Schmidt,484
McKenzie,Superintendent of Public Instruction,,NON,Max L Laird,292
McKenzie,Superintendent of Public Instruction,,NON,Wayne G Sanstead,473
McKenzie,U.S. House,1,DEM,Earl Pomeroy,244
McKenzie,U.S. House,1,REP,Duane Sand,477
McLean,C 1: Remove prohibition on appointing a member of the leg assembly to an office the compensation was increased by the leg assembly during the member's term,,,No,630
McLean,C 1: Remove prohibition on appointing a member of the leg assembly to an office the compensation was increased by the leg assembly during the member's term,,,Yes,461
McLean,Governor and Lt. Governor,,DEM,Tim Mathern & Merle Boucher,499
McLean,Governor and Lt. Governor,,REP,John Hoeven & Jack Dalrymple,634
McLean,Insurance Commissioner,,DEM,Jasper Schneider,493
McLean,Insurance Commissioner,,REP,Adam Hamm,598
McLean,Judgeship Number 1 South Central Judicial District,,NON,David Reich,981
McLean,Judgeship Number 6 South Central Judicial District,,NON,Gail Hagerty,991
McLean,Judgeship Number 7 South Central Judicial District,,NON,Thomas J Schneider,993
McLean,Judgeship Number 8 South Central Judicial District,,NON,Donald L Jorgensen,971
McLean,Justice of the Supreme Court,,NON,Mary Maring,1005
McLean,Justice of the Supreme Court Unexpired 4-year term,,NON,Daniel J Crothers,970
McLean,Public Service Commissioner,,DEM,Cheryl Bergian,496
McLean,Public Service Commissioner,,REP,Brian Kalk,598
McLean,State Auditor,,DEM,Daryl Splichal,497
McLean,State Auditor,,REP,Robert R (Bob) Peterson,606
McLean,State House Legislative,4,DEM,Kenton Onstad,116
McLean,State House Legislative,4,DEM,Tom Conklin,122
McLean,State House Legislative,4,REP,Daryl J Lies,82
McLean,State House Legislative,8,DEM,Audrey Boe Olsen,354
McLean,State House Legislative,8,DEM,Ken Baker,304
McLean,State House Legislative,8,REP,Dwight Wrangham,447
McLean,State House Legislative,8,REP,Jeff Delzer,497
McLean,State Senate Legislative District 4,,DEM,John M Warner,124
McLean,State Senate Legislative District 8,,DEM,Westley Weible,394
McLean,State Senate Legislative District 8,,REP,Layton Freborg,535
McLean,State Treasurer,,DEM,Mitch Vance,493
McLean,State Treasurer,,REP,Kelly L Schmidt,600
McLean,Superintendent of Public Instruction,,NON,Max L Laird,405
McLean,Superintendent of Public Instruction,,NON,Wayne G Sanstead,726
McLean,U.S. House,1,DEM,Earl Pomeroy,551
McLean,U.S. House,1,REP,Duane Sand,615
Mercer,C 1: Remove prohibition on appointing a member of the leg assembly to an office the compensation was increased by the leg assembly during the member's term,,,No,778
Mercer,C 1: Remove prohibition on appointing a member of the leg assembly to an office the compensation was increased by the leg assembly during the member's term,,,Yes,411
Mercer,Governor and Lt. Governor,,DEM,Tim Mathern & Merle Boucher,460
Mercer,Governor and Lt. Governor,,REP,John Hoeven & Jack Dalrymple,786
Mercer,Insurance Commissioner,,DEM,Jasper Schneider,454
Mercer,Insurance Commissioner,,REP,Adam Hamm,756
Mercer,Judgeship Number 1 South Central Judicial District,,NON,David Reich,1108
Mercer,Judgeship Number 6 South Central Judicial District,,NON,Gail Hagerty,1116
Mercer,Judgeship Number 7 South Central Judicial District,,NON,Thomas J Schneider,1113
Mercer,Judgeship Number 8 South Central Judicial District,,NON,Donald L Jorgensen,1101
Mercer,Justice of the Supreme Court,,NON,Mary Maring,1116
Mercer,Justice of the Supreme Court Unexpired 4-year term,,NON,Daniel J Crothers,1098
Mercer,Public Service Commissioner,,DEM,Cheryl Bergian,454
Mercer,Public Service Commissioner,,REP,Brian Kalk,751
Mercer,State Auditor,,DEM,Daryl Splichal,455
Mercer,State Auditor,,REP,Robert R (Bob) Peterson,755
Mercer,State House Legislative,4,DEM,Kenton Onstad,0
Mercer,State House Legislative,4,DEM,Tom Conklin,0
Mercer,State House Legislative,4,REP,Daryl J Lies,0
Mercer,State Senate Legislative District 4,,DEM,John M Warner,0
Mercer,State Treasurer,,DEM,Mitch Vance,453
Mercer,State Treasurer,,REP,Kelly L Schmidt,755
Mercer,Superintendent of Public Instruction,,NON,Max L Laird,406
Mercer,Superintendent of Public Instruction,,NON,Wayne G Sanstead,871
Mercer,U.S. House,1,DEM,Earl Pomeroy,487
Mercer,U.S. House,1,REP,Duane Sand,732
Morton,C 1: Remove prohibition on appointing a member of the leg assembly to an office the compensation was increased by the leg assembly during the member's term,,,No,1844
Morton,C 1: Remove prohibition on appointing a member of the leg assembly to an office the compensation was increased by the leg assembly during the member's term,,,Yes,1147
Morton,Governor and Lt. Governor,,DEM,Tim Mathern & Merle Boucher,1218
Morton,Governor and Lt. Governor,,REP,John Hoeven & Jack Dalrymple,1842
Morton,Insurance Commissioner,,DEM,Jasper Schneider,1207
Morton,Insurance Commissioner,,REP,Adam Hamm,1698
Morton,Judgeship Number 1 South Central Judicial District,,NON,David Reich,2629
Morton,Judgeship Number 6 South Central Judicial District,,NON,Gail Hagerty,2706
Morton,Judgeship Number 7 South Central Judicial District,,NON,Thomas J Schneider,2796
Morton,Judgeship Number 8 South Central Judicial District,,NON,Donald L Jorgensen,2578
Morton,Justice of the Supreme Court,,NON,Mary Maring,2773
Morton,Justice of the Supreme Court Unexpired 4-year term,,NON,Daniel J Crothers,2621
Morton,Public Service Commissioner,,DEM,Cheryl Bergian,1210
Morton,Public Service Commissioner,,REP,Brian Kalk,1672
Morton,Representative in Congress Constitution,,CON,Ed Jameson,0
Morton,Representative in Congress Constitution,,CON,Herb Mittelstad,0
Morton,Representative in Congress Constitution,,CON,Jim Lee,0
Morton,Representative in Congress Constitution,,CON,Jody Wright,0
Morton,Representative in Congress Constitution,,CON,Michael G Sheridan,0
Morton,Representative in Congress Constitution,,CON,Modine Gunsett,1
Morton,Representative in Congress Constitution,,CON,Wayne Anderson,0
Morton,State Auditor,,DEM,Daryl Splichal,1207
Morton,State Auditor,,REP,Robert R (Bob) Peterson,1720
Morton,State House Legislative,34,DEM,Brent Veil,673
Morton,State House Legislative,34,DEM,Rob Tausend,735
Morton,State House Legislative,34,REP,Rae Ann Kelsch,941
Morton,State House Legislative,34,REP,Todd Porter,949
Morton,State House Legislative,36,DEM,Shirley Meyer,81
Morton,State House Legislative,36,DEM,Todd M Hall,46
Morton,State House Legislative,36,REP,Frank Klein,160
Morton,State House Legislative,36,REP,Mike Schatz,149
Morton,State Senate Legislative District 34,,DEM,Arnold Zins,774
Morton,State Senate Legislative District 34,,REP,Dwight Cook,1006
Morton,State Senate Legislative District 36,,DEM,Chuck Andrus,66
Morton,State Senate Legislative District 36,,REP,George Nodland,189
Morton,State Treasurer,,DEM,Mitch Vance,1202
Morton,State Treasurer,,REP,Kelly L Schmidt,1716
Morton,Superintendent of Public Instruction,,NON,Max L Laird,1096
Morton,Superintendent of Public Instruction,,NON,Wayne G Sanstead,2023
Morton,U.S. House,1,DEM,Earl Pomeroy,1325
Morton,U.S. House,1,LIB,Al Jaeger,0
Morton,U.S. House,1,LIB,Bill Oberlander,0
Morton,U.S. House,1,LIB,Brian Krank,0
Morton,U.S. House,1,LIB,Charles Wolfe,0
Morton,U.S. House,1,LIB,Donald E Winegar,0
Morton,U.S. House,1,LIB,Garry Heller,0
Morton,U.S. House,1,LIB,Gaylon Baker,0
Morton,U.S. House,1,LIB,James E Parsons,0
Morton,U.S. House,1,LIB,James Faye,0
Morton,U.S. House,1,LIB,Jeb Goodman,0
Morton,U.S. House,1,LIB,Keith Hanson,0
Morton,U.S. House,1,LIB,Mel Stone,0
Morton,U.S. House,1,LIB,Ryan Zudow,0
Morton,U.S. House,1,LIB,Stephen Disrud,0
Morton,U.S. House,1,LIB,Torey Garletz,0
Morton,U.S. House,1,REP,Duane Sand,1718
Mountrail,C 1: Remove prohibition on appointing a member of the leg assembly to an office the compensation was increased by the leg assembly during the member's term,,,No,369
Mountrail,C 1: Remove prohibition on appointing a member of the leg assembly to an office the compensation was increased by the leg assembly during the member's term,,,Yes,215
Mountrail,Governor and Lt. Governor,,DEM,Tim Mathern & Merle Boucher,324
Mountrail,Governor and Lt. Governor,,LIB,Benjamin Winegar,0
Mountrail,Governor and Lt. Governor,,LIB,Brian Krank,0
Mountrail,Governor and Lt. Governor,,LIB,Don Winegar,0
Mountrail,Governor and Lt. Governor,,LIB,Ed Schultz,0
Mountrail,Governor and Lt. Governor,,LIB,Gary Krieger,1
Mountrail,Governor and Lt. Governor,,LIB,Janice B Parsons,0
Mountrail,Governor and Lt. Governor,,LIB,Kirk Roos,0
Mountrail,Governor and Lt. Governor,,LIB,Mel Stone,0
Mountrail,Governor and Lt. Governor,,LIB,Richard Ames,0
Mountrail,Governor and Lt. Governor,,LIB,Ryan Zudow,0
Mountrail,Governor and Lt. Governor,,LIB,Stephen Disrud,0
Mountrail,Governor and Lt. Governor,,REP,John Hoeven & Jack Dalrymple,315
Mountrail,Governor and Lt. Governor Constitution,,CON,Adam Torbert & Matt Vangerd,0
Mountrail,Governor and Lt. Governor Constitution,,CON,Al Carlson & Dave Weiler,0
Mountrail,Governor and Lt. Governor Constitution,,CON,Carol Brusnen & Diane Brusnen,0
Mountrail,Governor and Lt. Governor Constitution,,CON,Greg Boyer,0
Mountrail,Governor and Lt. Governor Constitution,,CON,Jeff Rogerson,0
Mountrail,Governor and Lt. Governor Constitution,,CON,Jody Wright,0
Mountrail,Governor and Lt. Governor Constitution,,CON,Roland Riemers & Mitch Sanderson,1
Mountrail,Insurance Commissioner,,DEM,Jasper Schneider,323
Mountrail,Insurance Commissioner,,LIB,Dani Graten,0
Mountrail,Insurance Commissioner,,LIB,Greg Gunderson,1
Mountrail,Insurance Commissioner,,LIB,Jason Huus,0
Mountrail,Insurance Commissioner,,LIB,Jay Fettig,0
Mountrail,Insurance Commissioner,,LIB,Mel Stone,0
Mountrail,Insurance Commissioner,,LIB,Ryan Zudow,0
Mountrail,Insurance Commissioner,,LIB,Stephen Disrud,0
Mountrail,Insurance Commissioner,,LIB,Tony Gudajtes,0
Mountrail,Insurance Commissioner,,REP,Adam Hamm,287
Mountrail,Insurance Commissioner Constitution,,CON,Doug Goehring,0
Mountrail,Insurance Commissioner Constitution,,CON,Jody Wright,0
Mountrail,Insurance Commissioner Constitution,,CON,Karn Jameson,0
Mountrail,Insurance Commissioner Constitution,,CON,Norval Lee,0
Mountrail,Insurance Commissioner Constitution,,CON,Peter Crary,0
Mountrail,Insurance Commissioner Constitution,,CON,Ralph Muecke,1
Mountrail,Judgeship Number 2 Northwest Judicial District,,NON,Doug Mattson,557
Mountrail,Judgeship Number 5 Northwest Judicial District,,NON,David W Nelson,348
Mountrail,Judgeship Number 5 Northwest Judicial District,,NON,Jeffrey L Sheets,210
Mountrail,Justice of the Supreme Court,,NON,Mary Maring,547
Mountrail,Justice of the Supreme Court Unexpired 4-year term,,NON,Daniel J Crothers,537
Mountrail,Public Service Commissioner,,DEM,Cheryl Bergian,328
Mountrail,Public Service Commissioner,,LIB,Ben Johnson,0
Mountrail,Public Service Commissioner,,LIB,Brian Homuth,0
Mountrail,Public Service Commissioner,,LIB,Craig Bohl,0
Mountrail,Public Service Commissioner,,LIB,Lyla Slemin,1
Mountrail,Public Service Commissioner,,LIB,Mel Stone,0
Mountrail,Public Service Commissioner,,LIB,Ryan Zudow,0
Mountrail,Public Service Commissioner,,LIB,Stephen Disrud,0
Mountrail,Public Service Commissioner,,REP,Brian Kalk,287
Mountrail,Public Service Commissioner Constitution,,CON,David Waterman,0
Mountrail,Public Service Commissioner Constitution,,CON,Jody Wright,0
Mountrail,Public Service Commissioner Constitution,,CON,Leon Mallberg,1
Mountrail,Public Service Commissioner Constitution,,CON,Neil Labarre,0
Mountrail,Representative in Congress Constitution,,CON,Ed Jameson,0
Mountrail,Representative in Congress Constitution,,CON,Herb Mittelstad,1
Mountrail,Representative in Congress Constitution,,CON,Jim Lee,0
Mountrail,Representative in Congress Constitution,,CON,Jody Wright,0
Mountrail,Representative in Congress Constitution,,CON,Michael G Sheridan,0
Mountrail,Representative in Congress Constitution,,CON,Modine Gunsett,0
Mountrail,Representative in Congress Constitution,,CON,Wayne Anderson,0
Mountrail,State Auditor,,DEM,Daryl Splichal,324
Mountrail,State Auditor,,LIB,Brock Storristen,0
Mountrail,State Auditor,,LIB,Greg M Parsons,0
Mountrail,State Auditor,,LIB,James Faye,0
Mountrail,State Auditor,,LIB,Jay Fettig,0
Mountrail,State Auditor,,LIB,Jeremy Roy,0
Mountrail,State Auditor,,LIB,Jessica Mahlum,0
Mountrail,State Auditor,,LIB,Marsha Schroeder,1
Mountrail,State Auditor,,LIB,Mel Stone,0
Mountrail,State Auditor,,LIB,Ryan Luande,0
Mountrail,State Auditor,,LIB,Ryan Zudrow,0
Mountrail,State Auditor,,LIB,Stephen Disrud,0
Mountrail,State Auditor,,LIB,Terry Wierkoff,0
Mountrail,State Auditor,,REP,Robert R (Bob) Peterson,298
Mountrail,State Auditor Constitution,,CON,Doug Ulrich,0
Mountrail,State Auditor Constitution,,CON,Jody Wright,0
Mountrail,State Auditor Constitution,,CON,John Lynn,0
Mountrail,State Auditor Constitution,,CON,Nick Schmitz,1
Mountrail,State Auditor Constitution,,CON,Randy Schobinger,0
Mountrail,State House Legislative,2,DEM,Cecile Wehrman,132
Mountrail,State House Legislative,2,DEM,Lynn Jacobson,147
Mountrail,State House Legislative,2,LIB,Van Rice,1
Mountrail,State House Legislative,2,REP,Bob Skarphol,169
Mountrail,State House Legislative,2,REP,David S Rust,151
Mountrail,State House Legislative,4,DEM,Kenton Onstad,169
Mountrail,State House Legislative,4,DEM,Tom Conklin,129
Mountrail,State House Legislative,4,REP,Daryl J Lies,101
Mountrail,State Representative Legislative District 2 Constitution,,CON,Charles Cartier,1
Mountrail,State Representative Legislative District 2 Constitution,,CON,Kathy Cartier,1
Mountrail,State Senate Legislative District 2,,DEM,Dorvan Solberg,164
Mountrail,State Senate Legislative District 2,,LIB,Lancer LaBar,1
Mountrail,State Senate Legislative District 2,,REP,John Andrist,187
Mountrail,State Senate Legislative District 2 Constitution,,CON,Coop Nehring,1
Mountrail,State Senate Legislative District 4,,DEM,John M Warner,180
Mountrail,State Treasurer,,DEM,Mitch Vance,318
Mountrail,State Treasurer,,LIB,Andrew Carlton,0
Mountrail,State Treasurer,,LIB,Dale Mumm,0
Mountrail,State Treasurer,,LIB,Glen E Parsons,0
Mountrail,State Treasurer,,LIB,Jay Fettig,0
Mountrail,State Treasurer,,LIB,Joan Peters,0
Mountrail,State Treasurer,,LIB,Mel Stone,0
Mountrail,State Treasurer,,LIB,Micah Leihi Winegar,0
Mountrail,State Treasurer,,LIB,Mike Hacanson,0
Mountrail,State Treasurer,,LIB,Ryan Zudow,0
Mountrail,State Treasurer,,LIB,Stephen Disrud,0
Mountrail,State Treasurer,,LIB,Tami Rice,1
Mountrail,State Treasurer,,LIB,Troy Vareburg,0
Mountrail,State Treasurer,,REP,Kelly L Schmidt,295
Mountrail,State Treasurer Constitution,,CON,Charlene Nelson,1
Mountrail,State Treasurer Constitution,,CON,Jody Wright,0
Mountrail,State Treasurer Constitution,,CON,Mark Mullenberg,0
Mountrail,State Treasurer Constitution,,CON,Whitney Hauz,0
Mountrail,Superintendent of Public Instruction,,NON,Max L Laird,223
Mountrail,Superintendent of Public Instruction,,NON,Wayne G Sanstead,398
Mountrail,U.S. House,1,DEM,Earl Pomeroy,360
Mountrail,U.S. House,1,LIB,Al Jaeger,0
Mountrail,U.S. House,1,LIB,Bill Oberlander,0
Mountrail,U.S. House,1,LIB,Brian Krank,0
Mountrail,U.S. House,1,LIB,Charles Wolfe,1
Mountrail,U.S. House,1,LIB,Donald E Winegar,0
Mountrail,U.S. House,1,LIB,Garry Heller,0
Mountrail,U.S. House,1,LIB,Gaylon Baker,0
Mountrail,U.S. House,1,LIB,James E Parsons,0
Mountrail,U.S. House,1,LIB,James Faye,0
Mountrail,U.S. House,1,LIB,Jeb Goodman,0
Mountrail,U.S. House,1,LIB,Keith Hanson,0
Mountrail,U.S. House,1,LIB,Mel Stone,0
Mountrail,U.S. House,1,LIB,Ryan Zudow,0
Mountrail,U.S. House,1,LIB,Stephen Disrud,0
Mountrail,U.S. House,1,LIB,Torey Garletz,0
Mountrail,U.S. House,1,REP,Duane Sand,301
Nelson,C 1: Remove prohibition on appointing a member of the leg assembly to an office the compensation was increased by the leg assembly during the member's term,,,No,467
Nelson,C 1: Remove prohibition on appointing a member of the leg assembly to an office the compensation was increased by the leg assembly during the member's term,,,Yes,305
Nelson,Governor and Lt. Governor,,DEM,Tim Mathern & Merle Boucher,435
Nelson,Governor and Lt. Governor,,REP,John Hoeven & Jack Dalrymple,371
Nelson,Insurance Commissioner,,DEM,Jasper Schneider,421
Nelson,Insurance Commissioner,,REP,Adam Hamm,346
Nelson,Judgeship Number 4 Northeast Central Judicial District,,NON,Lawrence E Jahnke,806
Nelson,Judgeship Number 5 Northeast Central Judicial District,,NON,Debbie G Kleven,799
Nelson,Justice of the Supreme Court,,NON,Mary Maring,778
Nelson,Justice of the Supreme Court Unexpired 4-year term,,NON,Daniel J Crothers,747
Nelson,Public Service Commissioner,,DEM,Cheryl Bergian,429
Nelson,Public Service Commissioner,,REP,Brian Kalk,341
Nelson,State Auditor,,DEM,Daryl Splichal,429
Nelson,State Auditor,,REP,Robert R (Bob) Peterson,350
Nelson,State Treasurer,,DEM,Mitch Vance,427
Nelson,State Treasurer,,REP,Kelly L Schmidt,350
Nelson,Superintendent of Public Instruction,,NON,Max L Laird,274
Nelson,Superintendent of Public Instruction,,NON,Wayne G Sanstead,594
Nelson,U.S. House,1,DEM,Earl Pomeroy,485
Nelson,U.S. House,1,REP,Duane Sand,336
Oliver,C 1: Remove prohibition on appointing a member of the leg assembly to an office the compensation was increased by the leg assembly during the member's term,,,No,198
Oliver,C 1: Remove prohibition on appointing a member of the leg assembly to an office the compensation was increased by the leg assembly during the member's term,,,Yes,111
Oliver,Governor and Lt. Governor,,DEM,Tim Mathern & Merle Boucher,134
Oliver,Governor and Lt. Governor,,REP,John Hoeven & Jack Dalrymple,191
Oliver,Insurance Commissioner,,DEM,Jasper Schneider,133
Oliver,Insurance Commissioner,,REP,Adam Hamm,189
Oliver,Judgeship Number 1 South Central Judicial District,,NON,David Reich,289
Oliver,Judgeship Number 6 South Central Judicial District,,NON,Gail Hagerty,296
Oliver,Judgeship Number 7 South Central Judicial District,,NON,Thomas J Schneider,295
Oliver,Judgeship Number 8 South Central Judicial District,,NON,Donald L Jorgensen,293
Oliver,Justice of the Supreme Court,,NON,Mary Maring,295
Oliver,Justice of the Supreme Court Unexpired 4-year term,,NON,Daniel J Crothers,293
Oliver,Public Service Commissioner,,DEM,Cheryl Bergian,134
Oliver,Public Service Commissioner,,REP,Brian Kalk,188
Oliver,State Auditor,,DEM,Daryl Splichal,131
Oliver,State Auditor,,REP,Robert R (Bob) Peterson,195
Oliver,State Treasurer,,DEM,Mitch Vance,134
Oliver,State Treasurer,,REP,Kelly L Schmidt,192
Oliver,Superintendent of Public Instruction,,NON,Max L Laird,91
Oliver,Superintendent of Public Instruction,,NON,Wayne G Sanstead,235
Oliver,U.S. House,1,DEM,Earl Pomeroy,141
Oliver,U.S. House,1,REP,Duane Sand,190
Pembina,C 1: Remove prohibition on appointing a member of the leg assembly to an office the compensation was increased by the leg assembly during the member's term,,,No,819
Pembina,C 1: Remove prohibition on appointing a member of the leg assembly to an office the compensation was increased by the leg assembly during the member's term,,,Yes,459
Pembina,Governor and Lt. Governor,,DEM,Tim Mathern & Merle Boucher,534
Pembina,Governor and Lt. Governor,,REP,John Hoeven & Jack Dalrymple,826
Pembina,Insurance Commissioner,,DEM,Jasper Schneider,525
Pembina,Insurance Commissioner,,REP,Adam Hamm,736
Pembina,Judgeship Number 3 Northeast Judicial District,,NON,Michael G Sturdevant,1091
Pembina,Judgeship Number 4 Northeast Judicial District,,NON,Donovan Foughty,1092
Pembina,Justice of the Supreme Court,,NON,Mary Maring,1164
Pembina,Justice of the Supreme Court Unexpired 4-year term,,NON,Daniel J Crothers,1104
Pembina,Public Service Commissioner,,DEM,Cheryl Bergian,534
Pembina,Public Service Commissioner,,REP,Brian Kalk,723
Pembina,State Auditor,,DEM,Daryl Splichal,516
Pembina,State Auditor,,REP,Robert R (Bob) Peterson,758
Pembina,State House Legislative,10,DEM,Kathy Stremick,447
Pembina,State House Legislative,10,DEM,Richard Flanders,381
Pembina,State House Legislative,10,REP,Chuck Damschen,537
Pembina,State House Legislative,10,REP,David Monson,671
Pembina,State House Legislative,16,DEM,Eugene F Kachena,57
Pembina,State House Legislative,16,DEM,"Robert ""Tork"" Kilichowski",65
Pembina,State House Legislative,16,REP,Joyce Kingsbury,41
Pembina,State House Legislative,16,REP,Phyllis Hankey Schindele,32
Pembina,State Senate Legislative District 10,,DEM,Paul Bonaime,496
Pembina,State Senate Legislative District 10,,REP,Curtis Olafson,635
Pembina,State Senate Legislative District 10,,REP,Harvey L Hope,156
Pembina,State Senate Legislative District 16,,DEM,Harvey Tallackson,70
Pembina,State Senate Legislative District 16,,REP,Joe Miller,45
Pembina,State Treasurer,,DEM,Mitch Vance,520
Pembina,State Treasurer,,REP,Kelly L Schmidt,740
Pembina,Superintendent of Public Instruction,,NON,Max L Laird,371
Pembina,Superintendent of Public Instruction,,NON,Wayne G Sanstead,952
Pembina,U.S. House,1,DEM,Earl Pomeroy,619
Pembina,U.S. House,1,REP,Duane Sand,753
Pierce,C 1: Remove prohibition on appointing a member of the leg assembly to an office the compensation was increased by the leg assembly during the member's term,,,No,153
Pierce,C 1: Remove prohibition on appointing a member of the leg assembly to an office the compensation was increased by the leg assembly during the member's term,,,Yes,152
Pierce,Governor and Lt. Governor,,DEM,Tim Mathern & Merle Boucher,134
Pierce,Governor and Lt. Governor,,REP,John Hoeven & Jack Dalrymple,186
Pierce,Insurance Commissioner,,DEM,Jasper Schneider,135
Pierce,Insurance Commissioner,,REP,Adam Hamm,174
Pierce,Judgeship Number 3 Northeast Judicial District,,NON,Michael G Sturdevant,280
Pierce,Judgeship Number 4 Northeast Judicial District,,NON,Donovan Foughty,279
Pierce,Justice of the Supreme Court,,NON,Mary Maring,291
Pierce,Justice of the Supreme Court Unexpired 4-year term,,NON,Daniel J Crothers,282
Pierce,Public Service Commissioner,,DEM,Cheryl Bergian,133
Pierce,Public Service Commissioner,,REP,Brian Kalk,174
Pierce,State Auditor,,DEM,Daryl Splichal,133
Pierce,State Auditor,,REP,Robert R (Bob) Peterson,176
Pierce,State Treasurer,,DEM,Mitch Vance,132
Pierce,State Treasurer,,REP,Kelly L Schmidt,174
Pierce,Superintendent of Public Instruction,,NON,Max L Laird,107
Pierce,Superintendent of Public Instruction,,NON,Wayne G Sanstead,207
Pierce,U.S. House,1,DEM,Earl Pomeroy,140
Pierce,U.S. House,1,REP,Duane Sand,169
Ramsey,C 1: Remove prohibition on appointing a member of the leg assembly to an office the compensation was increased by the leg assembly during the member's term,,,No,760
Ramsey,C 1: Remove prohibition on appointing a member of the leg assembly to an office the compensation was increased by the leg assembly during the member's term,,,Yes,551
Ramsey,Governor and Lt. Governor,,DEM,Tim Mathern & Merle Boucher,626
Ramsey,Governor and Lt. Governor,,REP,John Hoeven & Jack Dalrymple,739
Ramsey,Insurance Commissioner,,DEM,Jasper Schneider,620
Ramsey,Insurance Commissioner,,REP,Adam Hamm,680
Ramsey,Judgeship Number 3 Northeast Judicial District,,NON,Michael G Sturdevant,1238
Ramsey,Judgeship Number 4 Northeast Judicial District,,NON,Donovan Foughty,1383
Ramsey,Justice of the Supreme Court,,NON,Mary Maring,1363
Ramsey,Justice of the Supreme Court Unexpired 4-year term,,NON,Daniel J Crothers,1255
Ramsey,Public Service Commissioner,,DEM,Cheryl Bergian,628
Ramsey,Public Service Commissioner,,REP,Brian Kalk,675
Ramsey,State Auditor,,DEM,Daryl Splichal,615
Ramsey,State Auditor,,REP,Robert R (Bob) Peterson,691
Ramsey,State Treasurer,,DEM,Mitch Vance,616
Ramsey,State Treasurer,,REP,Kelly L Schmidt,676
Ramsey,Superintendent of Public Instruction,,NON,Max L Laird,377
Ramsey,Superintendent of Public Instruction,,NON,Wayne G Sanstead,1076
Ramsey,U.S. House,1,DEM,Earl Pomeroy,692
Ramsey,U.S. House,1,REP,Duane Sand,662
Ransom,C 1: Remove prohibition on appointing a member of the leg assembly to an office the compensation was increased by the leg assembly during the member's term,,,No,425
Ransom,C 1: Remove prohibition on appointing a member of the leg assembly to an office the compensation was increased by the leg assembly during the member's term,,,Yes,264
Ransom,Governor and Lt. Governor,,DEM,Tim Mathern & Merle Boucher,441
Ransom,Governor and Lt. Governor,,REP,John Hoeven & Jack Dalrymple,303
Ransom,Insurance Commissioner,,DEM,Jasper Schneider,431
Ransom,Insurance Commissioner,,REP,Adam Hamm,289
Ransom,Judgeship Number 5 Southeast Judicial District,,NON,Daniel D Narum,719
Ransom,Justice of the Supreme Court,,NON,Mary Maring,725
Ransom,Justice of the Supreme Court Unexpired 4-year term,,NON,Daniel J Crothers,687
Ransom,Public Service Commissioner,,DEM,Cheryl Bergian,435
Ransom,Public Service Commissioner,,REP,Brian Kalk,289
Ransom,State Auditor,,DEM,Daryl Splichal,434
Ransom,State Auditor,,REP,Robert R (Bob) Peterson,291
Ransom,State House Legislative,24,DEM,Phil Mueller,352
Ransom,State House Legislative,24,DEM,Ralph Metcalf,365
Ransom,State House Legislative,24,REP,Dwight Kiefert,207
Ransom,State House Legislative,24,REP,Jon Wagar,204
Ransom,State House Legislative,26,DEM,Bill Amerman,71
Ransom,State House Legislative,26,DEM,"Jerome ""Jerry"" Kelsh",67
Ransom,State House Legislative,26,REP,Gary Schnell,56
Ransom,State House Legislative,26,REP,"John ""Jiggs"" Dyste",55
Ransom,State Senate Legislative District 24,,DEM,Larry Robinson,376
Ransom,State Senate Legislative District 24,,REP,Dwight Grotberg,221
Ransom,State Senate Legislative District 26,,DEM,Jim Dotzenrod,82
Ransom,State Senate Legislative District 26,,REP,Donnell (Nell) Walstead,61
Ransom,State Treasurer,,DEM,Mitch Vance,433
Ransom,State Treasurer,,REP,Kelly L Schmidt,286
Ransom,Superintendent of Public Instruction,,NON,Max L Laird,201
Ransom,Superintendent of Public Instruction,,NON,Wayne G Sanstead,552
Ransom,U.S. House,1,DEM,Earl Pomeroy,475
Ransom,U.S. House,1,REP,Duane Sand,301
Renville,C 1: Remove prohibition on appointing a member of the leg assembly to an office the compensation was increased by the leg assembly during the member's term,,,No,192
Renville,C 1: Remove prohibition on appointing a member of the leg assembly to an office the compensation was increased by the leg assembly during the member's term,,,Yes,144
Renville,Governor and Lt. Governor,,DEM,Tim Mathern & Merle Boucher,162
Renville,Governor and Lt. Governor,,REP,John Hoeven & Jack Dalrymple,166
Renville,Insurance Commissioner,,DEM,Jasper Schneider,167
Renville,Insurance Commissioner,,REP,Adam Hamm,153
Renville,Judgeship Number 3 Northeast Judicial District,,NON,Michael G Sturdevant,297
Renville,Judgeship Number 4 Northeast Judicial District,,NON,Donovan Foughty,281
Renville,Justice of the Supreme Court,,NON,Mary Maring,298
Renville,Justice of the Supreme Court Unexpired 4-year term,,NON,Daniel J Crothers,285
Renville,Public Service Commissioner,,DEM,Cheryl Bergian,171
Renville,Public Service Commissioner,,REP,Brian Kalk,156
Renville,State Auditor,,DEM,Daryl Splichal,167
Renville,State Auditor,,REP,Robert R (Bob) Peterson,159
Renville,State House Legislative,6,DEM,Bob Hunskor,180
Renville,State House Legislative,6,DEM,Christine Peterson,154
Renville,State House Legislative,6,REP,Glen Froseth,146
Renville,State House Legislative,6,REP,Roger Slotsve,133
Renville,State Senate Legislative District 6,,DEM,"David Paul O""Connell",193
Renville,State Senate Legislative District 6,,REP,James Paul Bartlett,149
Renville,State Treasurer,,DEM,Mitch Vance,166
Renville,State Treasurer,,REP,Kelly L Schmidt,157
Renville,Superintendent of Public Instruction,,NON,Max L Laird,137
Renville,Superintendent of Public Instruction,,NON,Wayne G Sanstead,201
Renville,U.S. House,1,DEM,Earl Pomeroy,191
Renville,U.S. House,1,REP,Duane Sand,155
Richland,C 1: Remove prohibition on appointing a member of the leg assembly to an office the compensation was increased by the leg assembly during the member's term,,,No,430
Richland,C 1: Remove prohibition on appointing a member of the leg assembly to an office the compensation was increased by the leg assembly during the member's term,,,Yes,461
Richland,Governor and Lt. Governor,,DEM,Tim Mathern & Merle Boucher,468
Richland,Governor and Lt. Governor,,REP,John Hoeven & Jack Dalrymple,583
Richland,Insurance Commissioner,,DEM,Jasper Schneider,462
Richland,Insurance Commissioner,,REP,Adam Hamm,541
Richland,Judgeship Number 5 Southeast Judicial District,,NON,Daniel D Narum,913
Richland,Justice of the Supreme Court,,NON,Mary Maring,937
Richland,Justice of the Supreme Court Unexpired 4-year term,,NON,Daniel J Crothers,901
Richland,Public Service Commissioner,,DEM,Cheryl Bergian,465
Richland,Public Service Commissioner,,REP,Brian Kalk,540
Richland,State Auditor,,DEM,Daryl Splichal,466
Richland,State Auditor,,REP,Robert R (Bob) Peterson,546
Richland,State House Legislative,26,DEM,Bill Amerman,131
Richland,State House Legislative,26,DEM,"Jerome ""Jerry"" Kelsh",122
Richland,State House Legislative,26,REP,Gary Schnell,98
Richland,State House Legislative,26,REP,"John ""Jiggs"" Dyste",108
Richland,State Senate Legislative District 26,,DEM,Jim Dotzenrod,165
Richland,State Senate Legislative District 26,,REP,Donnell (Nell) Walstead,113
Richland,State Treasurer,,DEM,Mitch Vance,462
Richland,State Treasurer,,REP,Kelly L Schmidt,546
Richland,Superintendent of Public Instruction,,NON,Max L Laird,222
Richland,Superintendent of Public Instruction,,NON,Wayne G Sanstead,780
Richland,U.S. House,1,DEM,Earl Pomeroy,513
Richland,U.S. House,1,REP,Duane Sand,547
Rolette,C 1: Remove prohibition on appointing a member of the leg assembly to an office the compensation was increased by the leg assembly during the member's term,,,No,386
Rolette,C 1: Remove prohibition on appointing a member of the leg assembly to an office the compensation was increased by the leg assembly during the member's term,,,Yes,221
Rolette,Governor and Lt. Governor,,DEM,Tim Mathern & Merle Boucher,536
Rolette,Governor and Lt. Governor,,REP,John Hoeven & Jack Dalrymple,246
Rolette,Insurance Commissioner,,DEM,Jasper Schneider,481
Rolette,Insurance Commissioner,,REP,Adam Hamm,216
Rolette,Judgeship Number 3 Northeast Judicial District,,NON,Michael G Sturdevant,541
Rolette,Judgeship Number 4 Northeast Judicial District,,NON,Donovan Foughty,553
Rolette,Justice of the Supreme Court,,NON,Mary Maring,555
Rolette,Justice of the Supreme Court Unexpired 4-year term,,NON,Daniel J Crothers,537
Rolette,Public Service Commissioner,,DEM,Cheryl Bergian,483
Rolette,Public Service Commissioner,,REP,Brian Kalk,220
Rolette,State Auditor,,DEM,Daryl Splichal,469
Rolette,State Auditor,,REP,Robert R (Bob) Peterson,225
Rolette,State Treasurer,,DEM,Mitch Vance,478
Rolette,State Treasurer,,REP,Kelly L Schmidt,218
Rolette,Superintendent of Public Instruction,,NON,Max L Laird,197
Rolette,Superintendent of Public Instruction,,NON,Wayne G Sanstead,492
Rolette,U.S. House,1,DEM,Earl Pomeroy,577
Rolette,U.S. House,1,REP,Duane Sand,219
Sargent,C 1: Remove prohibition on appointing a member of the leg assembly to an office the compensation was increased by the leg assembly during the member's term,,,No,371
Sargent,C 1: Remove prohibition on appointing a member of the leg assembly to an office the compensation was increased by the leg assembly during the member's term,,,Yes,271
Sargent,Governor and Lt. Governor,,DEM,Tim Mathern & Merle Boucher,415
Sargent,Governor and Lt. Governor,,REP,John Hoeven & Jack Dalrymple,336
Sargent,Insurance Commissioner,,DEM,Jasper Schneider,408
Sargent,Insurance Commissioner,,REP,Adam Hamm,312
Sargent,Judgeship Number 5 Southeast Judicial District,,NON,Daniel D Narum,729
Sargent,Justice of the Supreme Court,,NON,Mary Maring,689
Sargent,Justice of the Supreme Court Unexpired 4-year term,,NON,Daniel J Crothers,662
Sargent,Public Service Commissioner,,DEM,Cheryl Bergian,409
Sargent,Public Service Commissioner,,REP,Brian Kalk,312
Sargent,State Auditor,,DEM,Daryl Splichal,407
Sargent,State Auditor,,REP,Robert R (Bob) Peterson,316
Sargent,State House Legislative,26,DEM,Bill Amerman,418
Sargent,State House Legislative,26,DEM,"Jerome ""Jerry"" Kelsh",404
Sargent,State House Legislative,26,REP,Gary Schnell,267
Sargent,State House Legislative,26,REP,"John ""Jiggs"" Dyste",326
Sargent,State Senate Legislative District 26,,DEM,Jim Dotzenrod,436
Sargent,State Senate Legislative District 26,,REP,Donnell (Nell) Walstead,319
Sargent,State Treasurer,,DEM,Mitch Vance,406
Sargent,State Treasurer,,REP,Kelly L Schmidt,312
Sargent,Superintendent of Public Instruction,,NON,Max L Laird,176
Sargent,Superintendent of Public Instruction,,NON,Wayne G Sanstead,568
Sargent,U.S. House,1,DEM,Earl Pomeroy,442
Sargent,U.S. House,1,REP,Duane Sand,312
Sheridan,C 1: Remove prohibition on appointing a member of the leg assembly to an office the compensation was increased by the leg assembly during the member's term,,,No,231
Sheridan,C 1: Remove prohibition on appointing a member of the leg assembly to an office the compensation was increased by the leg assembly during the member's term,,,Yes,128
Sheridan,Governor and Lt. Governor,,DEM,Tim Mathern & Merle Boucher,119
Sheridan,Governor and Lt. Governor,,REP,John Hoeven & Jack Dalrymple,298
Sheridan,Insurance Commissioner,,DEM,Jasper Schneider,112
Sheridan,Insurance Commissioner,,REP,Adam Hamm,282
Sheridan,Judgeship Number 1 South Central Judicial District,,NON,David Reich,357
Sheridan,Judgeship Number 6 South Central Judicial District,,NON,Gail Hagerty,373
Sheridan,Judgeship Number 7 South Central Judicial District,,NON,Thomas J Schneider,357
Sheridan,Judgeship Number 8 South Central Judicial District,,NON,Donald L Jorgensen,357
Sheridan,Justice of the Supreme Court,,NON,Mary Maring,369
Sheridan,Justice of the Supreme Court Unexpired 4-year term,,NON,Daniel J Crothers,357
Sheridan,Public Service Commissioner,,DEM,Cheryl Bergian,113
Sheridan,Public Service Commissioner,,REP,Brian Kalk,278
Sheridan,State Auditor,,DEM,Daryl Splichal,111
Sheridan,State Auditor,,REP,Robert R (Bob) Peterson,291
Sheridan,State House Legislative,14,DEM,Karen Volk,64
Sheridan,State House Legislative,14,DEM,Robert Stringer,44
Sheridan,State House Legislative,14,REP,Duane DeKrey,157
Sheridan,State House Legislative,14,REP,Mark Knudtson,68
Sheridan,State House Legislative,14,REP,Robin Weisz,149
Sheridan,State Senate Legislative District 14,,DEM,Jim Long,63
Sheridan,State Senate Legislative District 14,,REP,Jerry Klein,193
Sheridan,State Treasurer,,DEM,Mitch Vance,111
Sheridan,State Treasurer,,REP,Kelly L Schmidt,285
Sheridan,Superintendent of Public Instruction,,NON,Max L Laird,149
Sheridan,Superintendent of Public Instruction,,NON,Wayne G Sanstead,258
Sheridan,U.S. House,1,DEM,Earl Pomeroy,121
Sheridan,U.S. House,1,REP,Duane Sand,286
Sioux,C 1: Remove prohibition on appointing a member of the leg assembly to an office the compensation was increased by the leg assembly during the member's term,,,No,127
Sioux,C 1: Remove prohibition on appointing a member of the leg assembly to an office the compensation was increased by the leg assembly during the member's term,,,Yes,91
Sioux,Governor and Lt. Governor,,DEM,Tim Mathern & Merle Boucher,190
Sioux,Governor and Lt. Governor,,REP,John Hoeven & Jack Dalrymple,78
Sioux,Insurance Commissioner,,DEM,Jasper Schneider,193
Sioux,Insurance Commissioner,,REP,Adam Hamm,68
Sioux,Judgeship Number 1 South Central Judicial District,,NON,David Reich,199
Sioux,Judgeship Number 6 South Central Judicial District,,NON,Gail Hagerty,211
Sioux,Judgeship Number 7 South Central Judicial District,,NON,Thomas J Schneider,215
Sioux,Judgeship Number 8 South Central Judicial District,,NON,Donald L Jorgensen,206
Sioux,Justice of the Supreme Court,,NON,Mary Maring,207
Sioux,Justice of the Supreme Court Unexpired 4-year term,,NON,Daniel J Crothers,202
Sioux,Public Service Commissioner,,DEM,Cheryl Bergian,196
Sioux,Public Service Commissioner,,REP,Brian Kalk,68
Sioux,State Auditor,,DEM,Daryl Splichal,191
Sioux,State Auditor,,REP,Robert R (Bob) Peterson,68
Sioux,State Treasurer,,DEM,Mitch Vance,192
Sioux,State Treasurer,,REP,Kelly L Schmidt,70
Sioux,Superintendent of Public Instruction,,NON,Max L Laird,63
Sioux,Superintendent of Public Instruction,,NON,Wayne G Sanstead,189
Sioux,U.S. House,1,DEM,Earl Pomeroy,214
Sioux,U.S. House,1,REP,Duane Sand,71
Slope,C 1: Remove prohibition on appointing a member of the leg assembly to an office the compensation was increased by the leg assembly during the member's term,,,No,83
Slope,C 1: Remove prohibition on appointing a member of the leg assembly to an office the compensation was increased by the leg assembly during the member's term,,,Yes,41
Slope,Governor and Lt. Governor,,DEM,Tim Mathern & Merle Boucher,48
Slope,Governor and Lt. Governor,,REP,John Hoeven & Jack Dalrymple,81
Slope,Insurance Commissioner,,DEM,Jasper Schneider,46
Slope,Insurance Commissioner,,REP,Adam Hamm,77
Slope,Judgeship Number 4 Southwest Judicial District,,NON,William A Herauf,124
Slope,Justice of the Supreme Court,,NON,Mary Maring,113
Slope,Justice of the Supreme Court Unexpired 4-year term,,NON,Daniel J Crothers,111
Slope,Public Service Commissioner,,DEM,Cheryl Bergian,46
Slope,Public Service Commissioner,,REP,Brian Kalk,77
Slope,State Auditor,,DEM,Daryl Splichal,45
Slope,State Auditor,,REP,Robert R (Bob) Peterson,80
Slope,State Treasurer,,DEM,Mitch Vance,45
Slope,State Treasurer,,REP,Kelly L Schmidt,79
Slope,Superintendent of Public Instruction,,NON,Max L Laird,39
Slope,Superintendent of Public Instruction,,NON,Wayne G Sanstead,84
Slope,U.S. House,1,DEM,Earl Pomeroy,57
Slope,U.S. House,1,REP,Duane Sand,79
Stark,C 1: Remove prohibition on appointing a member of the leg assembly to an office the compensation was increased by the leg assembly during the member's term,,,No,1996
Stark,C 1: Remove prohibition on appointing a member of the leg assembly to an office the compensation was increased by the leg assembly during the member's term,,,Yes,1453
Stark,Governor and Lt. Governor,,DEM,Tim Mathern & Merle Boucher,1288
Stark,Governor and Lt. Governor,,LIB,Benjamin Winegar,0
Stark,Governor and Lt. Governor,,LIB,Brian Krank,0
Stark,Governor and Lt. Governor,,LIB,Don Winegar,0
Stark,Governor and Lt. Governor,,LIB,Ed Schultz,0
Stark,Governor and Lt. Governor,,LIB,Gary Krieger,0
Stark,Governor and Lt. Governor,,LIB,Janice B Parsons,0
Stark,Governor and Lt. Governor,,LIB,Kirk Roos,0
Stark,Governor and Lt. Governor,,LIB,Mel Stone,0
Stark,Governor and Lt. Governor,,LIB,Richard Ames,0
Stark,Governor and Lt. Governor,,LIB,Ryan Zudow,1
Stark,Governor and Lt. Governor,,LIB,Stephen Disrud,0
Stark,Governor and Lt. Governor,,REP,John Hoeven & Jack Dalrymple,2384
Stark,Governor and Lt. Governor Constitution,,CON,Adam Torbert & Matt Vangerd,0
Stark,Governor and Lt. Governor Constitution,,CON,Al Carlson & Dave Weiler,0
Stark,Governor and Lt. Governor Constitution,,CON,Carol Brusnen & Diane Brusnen,0
Stark,Governor and Lt. Governor Constitution,,CON,Greg Boyer,1
Stark,Governor and Lt. Governor Constitution,,CON,Jeff Rogerson,0
Stark,Governor and Lt. Governor Constitution,,CON,Jody Wright,0
Stark,Governor and Lt. Governor Constitution,,CON,Roland Riemers & Mitch Sanderson,0
Stark,Insurance Commissioner,,DEM,Jasper Schneider,1282
Stark,Insurance Commissioner,,LIB,Dani Graten,0
Stark,Insurance Commissioner,,LIB,Greg Gunderson,0
Stark,Insurance Commissioner,,LIB,Jason Huus,0
Stark,Insurance Commissioner,,LIB,Jay Fettig,0
Stark,Insurance Commissioner,,LIB,Mel Stone,0
Stark,Insurance Commissioner,,LIB,Ryan Zudow,1
Stark,Insurance Commissioner,,LIB,Stephen Disrud,0
Stark,Insurance Commissioner,,LIB,Tony Gudajtes,0
Stark,Insurance Commissioner,,REP,Adam Hamm,2171
Stark,Insurance Commissioner Constitution,,CON,Doug Goehring,0
Stark,Insurance Commissioner Constitution,,CON,Jody Wright,0
Stark,Insurance Commissioner Constitution,,CON,Karn Jameson,0
Stark,Insurance Commissioner Constitution,,CON,Norval Lee,0
Stark,Insurance Commissioner Constitution,,CON,Peter Crary,0
Stark,Insurance Commissioner Constitution,,CON,Ralph Muecke,0
Stark,Judgeship Number 4 Southwest Judicial District,,NON,William A Herauf,3475
Stark,Justice of the Supreme Court,,NON,Mary Maring,3247
Stark,Justice of the Supreme Court Unexpired 4-year term,,NON,Daniel J Crothers,3116
Stark,Public Service Commissioner,,DEM,Cheryl Bergian,1285
Stark,Public Service Commissioner,,LIB,Ben Johnson,0
Stark,Public Service Commissioner,,LIB,Brian Homuth,0
Stark,Public Service Commissioner,,LIB,Craig Bohl,0
Stark,Public Service Commissioner,,LIB,Lyla Slemin,0
Stark,Public Service Commissioner,,LIB,Mel Stone,0
Stark,Public Service Commissioner,,LIB,Ryan Zudow,1
Stark,Public Service Commissioner,,LIB,Stephen Disrud,0
Stark,Public Service Commissioner,,REP,Brian Kalk,2150
Stark,Public Service Commissioner Constitution,,CON,David Waterman,0
Stark,Public Service Commissioner Constitution,,CON,Jody Wright,0
Stark,Public Service Commissioner Constitution,,CON,Leon Mallberg,0
Stark,Public Service Commissioner Constitution,,CON,Neil Labarre,0
Stark,Representative in Congress Constitution,,CON,Ed Jameson,0
Stark,Representative in Congress Constitution,,CON,Herb Mittelstad,0
Stark,Representative in Congress Constitution,,CON,Jim Lee,0
Stark,Representative in Congress Constitution,,CON,Jody Wright,0
Stark,Representative in Congress Constitution,,CON,Michael G Sheridan,0
Stark,Representative in Congress Constitution,,CON,Modine Gunsett,0
Stark,Representative in Congress Constitution,,CON,Wayne Anderson,0
Stark,State Auditor,,DEM,Daryl Splichal,1289
Stark,State Auditor,,LIB,Brock Storristen,0
Stark,State Auditor,,LIB,Greg M Parsons,0
Stark,State Auditor,,LIB,James Faye,0
Stark,State Auditor,,LIB,Jay Fettig,0
Stark,State Auditor,,LIB,Jeremy Roy,0
Stark,State Auditor,,LIB,Jessica Mahlum,0
Stark,State Auditor,,LIB,Marsha Schroeder,0
Stark,State Auditor,,LIB,Mel Stone,0
Stark,State Auditor,,LIB,Ryan Luande,0
Stark,State Auditor,,LIB,Ryan Zudrow,1
Stark,State Auditor,,LIB,Stephen Disrud,0
Stark,State Auditor,,LIB,Terry Wierkoff,0
Stark,State Auditor,,REP,Robert R (Bob) Peterson,2201
Stark,State Auditor Constitution,,CON,Doug Ulrich,0
Stark,State Auditor Constitution,,CON,Jody Wright,0
Stark,State Auditor Constitution,,CON,John Lynn,0
Stark,State Auditor Constitution,,CON,Nick Schmitz,0
Stark,State Auditor Constitution,,CON,Randy Schobinger,0
Stark,State House Legislative,36,DEM,Shirley Meyer,379
Stark,State House Legislative,36,DEM,Todd M Hall,290
Stark,State House Legislative,36,LIB,Ryan Zudow,1
Stark,State House Legislative,36,REP,Frank Klein,463
Stark,State House Legislative,36,REP,Mike Schatz,465
Stark,State Senate Legislative District 36,,DEM,Chuck Andrus,378
Stark,State Senate Legislative District 36,,LIB,Brandi Baker,1
Stark,State Senate Legislative District 36,,LIB,Jason Wallace,1
Stark,State Senate Legislative District 36,,LIB,Jeff Seibel,1
Stark,State Senate Legislative District 36,,LIB,Ryan Zudow,1
Stark,State Senate Legislative District 36,,REP,George Nodland,567
Stark,State Treasurer,,DEM,Mitch Vance,1269
Stark,State Treasurer,,LIB,Andrew Carlton,0
Stark,State Treasurer,,LIB,Dale Mumm,0
Stark,State Treasurer,,LIB,Glen E Parsons,0
Stark,State Treasurer,,LIB,Jay Fettig,0
Stark,State Treasurer,,LIB,Joan Peters,0
Stark,State Treasurer,,LIB,Mel Stone,0
Stark,State Treasurer,,LIB,Micah Leihi Winegar,0
Stark,State Treasurer,,LIB,Mike Hacanson,0
Stark,State Treasurer,,LIB,Ryan Zudow,1
Stark,State Treasurer,,LIB,Stephen Disrud,0
Stark,State Treasurer,,LIB,Tami Rice,0
Stark,State Treasurer,,LIB,Troy Vareburg,0
Stark,State Treasurer,,REP,Kelly L Schmidt,2175
Stark,State Treasurer Constitution,,CON,Charlene Nelson,0
Stark,State Treasurer Constitution,,CON,Jody Wright,0
Stark,State Treasurer Constitution,,CON,Mark Mullenberg,0
Stark,State Treasurer Constitution,,CON,Whitney Hauz,0
Stark,Superintendent of Public Instruction,,NON,Max L Laird,931
Stark,Superintendent of Public Instruction,,NON,Wayne G Sanstead,2733
Stark,U.S. House,1,DEM,Earl Pomeroy,1432
Stark,U.S. House,1,LIB,Al Jaeger,0
Stark,U.S. House,1,LIB,Bill Oberlander,0
Stark,U.S. House,1,LIB,Brian Krank,0
Stark,U.S. House,1,LIB,Charles Wolfe,0
Stark,U.S. House,1,LIB,Donald E Winegar,0
Stark,U.S. House,1,LIB,Garry Heller,0
Stark,U.S. House,1,LIB,Gaylon Baker,1
Stark,U.S. House,1,LIB,James E Parsons,0
Stark,U.S. House,1,LIB,James Faye,0
Stark,U.S. House,1,LIB,Jeb Goodman,0
Stark,U.S. House,1,LIB,Keith Hanson,0
Stark,U.S. House,1,LIB,Mel Stone,0
Stark,U.S. House,1,LIB,Ryan Zudow,1
Stark,U.S. House,1,LIB,Stephen Disrud,0
Stark,U.S. House,1,LIB,Torey Garletz,0
Stark,U.S. House,1,REP,Duane Sand,2227
Steele,C 1: Remove prohibition on appointing a member of the leg assembly to an office the compensation was increased by the leg assembly during the member's term,,,No,241
Steele,C 1: Remove prohibition on appointing a member of the leg assembly to an office the compensation was increased by the leg assembly during the member's term,,,Yes,142
Steele,Governor and Lt. Governor,,DEM,Tim Mathern & Merle Boucher,235
Steele,Governor and Lt. Governor,,REP,John Hoeven & Jack Dalrymple,174
Steele,Insurance Commissioner,,DEM,Jasper Schneider,223
Steele,Insurance Commissioner,,REP,Adam Hamm,161
Steele,Judgeship Number 1 East Central Judicial District,,NON,Susan L Bailey,270
Steele,Judgeship Number 1 East Central Judicial District,,NON,"Wickham ""Wick"" Corwin",92
Steele,Judgeship Number 5 East Central Judicial District,,NON,Frank L Racek,340
Steele,Judgeship Number 6 East Central Judicial District,,NON,Georgia Dawson,336
Steele,Judgeship Number 7 East Central Judicial District,,NON,Wade Webb,337
Steele,Justice of the Supreme Court,,NON,Mary Maring,365
Steele,Justice of the Supreme Court Unexpired 4-year term,,NON,Daniel J Crothers,345
Steele,Public Service Commissioner,,DEM,Cheryl Bergian,231
Steele,Public Service Commissioner,,REP,Brian Kalk,161
Steele,State Auditor,,DEM,Daryl Splichal,224
Steele,State Auditor,,REP,Robert R (Bob) Peterson,161
Steele,State House Legislative,20,DEM,Lee Kaldor,99
Steele,State House Legislative,20,DEM,Richard G (Rick) Holman,97
Steele,State House Legislative,20,REP,Jacob Holm,67
Steele,State House Legislative,20,REP,"Larry O""Brien",70
Steele,State Senate Legislative District 20,,DEM,Elroy N Lindaas,108
Steele,State Senate Legislative District 20,,REP,Martin Johnson,71
Steele,State Treasurer,,DEM,Mitch Vance,226
Steele,State Treasurer,,REP,Kelly L Schmidt,161
Steele,Superintendent of Public Instruction,,NON,Max L Laird,79
Steele,Superintendent of Public Instruction,,NON,Wayne G Sanstead,324
Steele,U.S. House,1,DEM,Earl Pomeroy,254
Steele,U.S. House,1,REP,Duane Sand,153
Stutsman,C 1: Remove prohibition on appointing a member of the leg assembly to an office the compensation was increased by the leg assembly during the member's term,,,No,1982
Stutsman,C 1: Remove prohibition on appointing a member of the leg assembly to an office the compensation was increased by the leg assembly during the member's term,,,Yes,1250
Stutsman,Governor and Lt. Governor,,DEM,Tim Mathern & Merle Boucher,1489
Stutsman,Governor and Lt. Governor,,REP,John Hoeven & Jack Dalrymple,1873
Stutsman,Insurance Commissioner,,DEM,Jasper Schneider,1450
Stutsman,Insurance Commissioner,,REP,Adam Hamm,1718
Stutsman,Judgeship Number 5 Southeast Judicial District,,NON,Daniel D Narum,2855
Stutsman,Justice of the Supreme Court,,NON,Mary Maring,2998
Stutsman,Justice of the Supreme Court Unexpired 4-year term,,NON,Daniel J Crothers,2837
Stutsman,Public Service Commissioner,,DEM,Cheryl Bergian,1479
Stutsman,Public Service Commissioner,,REP,Brian Kalk,1697
Stutsman,State Auditor,,DEM,Daryl Splichal,1447
Stutsman,State Auditor,,REP,Robert R (Bob) Peterson,1733
Stutsman,State House Legislative,12,DEM,Joe Kroeber,1085
Stutsman,State House Legislative,12,DEM,Lyle Hanson,1082
Stutsman,State House Legislative,12,REP,Dallas Rosin,1029
Stutsman,State Senate Legislative District 12,,DEM,John Grabinger,1082
Stutsman,State Senate Legislative District 12,,REP,Dave Nething,1141
Stutsman,State Treasurer,,DEM,Mitch Vance,1450
Stutsman,State Treasurer,,REP,Kelly L Schmidt,1689
Stutsman,Superintendent of Public Instruction,,NON,Max L Laird,894
Stutsman,Superintendent of Public Instruction,,NON,Wayne G Sanstead,2526
Stutsman,U.S. House,1,DEM,Earl Pomeroy,1719
Stutsman,U.S. House,1,REP,Duane Sand,1769
Towner,C 1: Remove prohibition on appointing a member of the leg assembly to an office the compensation was increased by the leg assembly during the member's term,,,No,274
Towner,C 1: Remove prohibition on appointing a member of the leg assembly to an office the compensation was increased by the leg assembly during the member's term,,,Yes,186
Towner,Governor and Lt. Governor,,DEM,Tim Mathern & Merle Boucher,263
Towner,Governor and Lt. Governor,,REP,John Hoeven & Jack Dalrymple,230
Towner,Insurance Commissioner,,DEM,Jasper Schneider,259
Towner,Insurance Commissioner,,REP,Adam Hamm,205
Towner,Judgeship Number 3 Northeast Judicial District,,NON,Michael G Sturdevant,425
Towner,Judgeship Number 4 Northeast Judicial District,,NON,Donovan Foughty,471
Towner,Justice of the Supreme Court,,NON,Mary Maring,447
Towner,Justice of the Supreme Court Unexpired 4-year term,,NON,Daniel J Crothers,426
Towner,Public Service Commissioner,,DEM,Cheryl Bergian,258
Towner,Public Service Commissioner,,REP,Brian Kalk,204
Towner,State Auditor,,DEM,Daryl Splichal,257
Towner,State Auditor,,REP,Robert R (Bob) Peterson,205
Towner,State House Legislative,10,DEM,Kathy Stremick,101
Towner,State House Legislative,10,DEM,Richard Flanders,96
Towner,State House Legislative,10,REP,Chuck Damschen,48
Towner,State House Legislative,10,REP,David Monson,31
Towner,State Senate Legislative District 10,,DEM,Paul Bonaime,104
Towner,State Senate Legislative District 10,,REP,Curtis Olafson,29
Towner,State Senate Legislative District 10,,REP,Harvey L Hope,12
Towner,State Treasurer,,DEM,Mitch Vance,256
Towner,State Treasurer,,REP,Kelly L Schmidt,205
Towner,Superintendent of Public Instruction,,NON,Max L Laird,150
Towner,Superintendent of Public Instruction,,NON,Wayne G Sanstead,348
Towner,U.S. House,1,DEM,Earl Pomeroy,290
Towner,U.S. House,1,REP,Duane Sand,209
Traill,C 1: Remove prohibition on appointing a member of the leg assembly to an office the compensation was increased by the leg assembly during the member's term,,,No,608
Traill,C 1: Remove prohibition on appointing a member of the leg assembly to an office the compensation was increased by the leg assembly during the member's term,,,Yes,457
Traill,Governor and Lt. Governor,,DEM,Tim Mathern & Merle Boucher,598
Traill,Governor and Lt. Governor,,REP,John Hoeven & Jack Dalrymple,497
Traill,Insurance Commissioner,,DEM,Jasper Schneider,602
Traill,Insurance Commissioner,,REP,Adam Hamm,473
Traill,Judgeship Number 1 East Central Judicial District,,NON,Susan L Bailey,749
Traill,Judgeship Number 1 East Central Judicial District,,NON,"Wickham ""Wick"" Corwin",239
Traill,Judgeship Number 5 East Central Judicial District,,NON,Frank L Racek,961
Traill,Judgeship Number 6 East Central Judicial District,,NON,Georgia Dawson,968
Traill,Judgeship Number 7 East Central Judicial District,,NON,Wade Webb,975
Traill,Justice of the Supreme Court,,NON,Mary Maring,1013
Traill,Justice of the Supreme Court Unexpired 4-year term,,NON,Daniel J Crothers,978
Traill,Public Service Commissioner,,DEM,Cheryl Bergian,614
Traill,Public Service Commissioner,,REP,Brian Kalk,470
Traill,State Auditor,,DEM,Daryl Splichal,606
Traill,State Auditor,,REP,Robert R (Bob) Peterson,486
Traill,State House Legislative,20,DEM,Lee Kaldor,618
Traill,State House Legislative,20,DEM,Richard G (Rick) Holman,529
Traill,State House Legislative,20,REP,Jacob Holm,378
Traill,State House Legislative,20,REP,"Larry O""Brien",438
Traill,State Senate Legislative District 20,,DEM,Elroy N Lindaas,668
Traill,State Senate Legislative District 20,,REP,Martin Johnson,478
Traill,State Treasurer,,DEM,Mitch Vance,602
Traill,State Treasurer,,REP,Kelly L Schmidt,478
Traill,Superintendent of Public Instruction,,NON,Max L Laird,312
Traill,Superintendent of Public Instruction,,NON,Wayne G Sanstead,783
Traill,U.S. House,1,DEM,Earl Pomeroy,675
Traill,U.S. House,1,REP,Duane Sand,477
Walsh,C 1: Remove prohibition on appointing a member of the leg assembly to an office the compensation was increased by the leg assembly during the member's term,,,No,731
Walsh,C 1: Remove prohibition on appointing a member of the leg assembly to an office the compensation was increased by the leg assembly during the member's term,,,Yes,518
Walsh,Governor and Lt. Governor,,DEM,Tim Mathern & Merle Boucher,641
Walsh,Governor and Lt. Governor,,REP,John Hoeven & Jack Dalrymple,725
Walsh,Insurance Commissioner,,DEM,Jasper Schneider,661
Walsh,Insurance Commissioner,,REP,Adam Hamm,653
Walsh,Judgeship Number 3 Northeast Judicial District,,NON,Michael G Sturdevant,1162
Walsh,Judgeship Number 4 Northeast Judicial District,,NON,Donovan Foughty,1142
Walsh,Justice of the Supreme Court,,NON,Mary Maring,1250
Walsh,Justice of the Supreme Court Unexpired 4-year term,,NON,Daniel J Crothers,1186
Walsh,Public Service Commissioner,,DEM,Cheryl Bergian,665
Walsh,Public Service Commissioner,,REP,Brian Kalk,657
Walsh,State Auditor,,DEM,Daryl Splichal,649
Walsh,State Auditor,,REP,Robert R (Bob) Peterson,667
Walsh,State House Legislative,16,DEM,Eugene F Kachena,609
Walsh,State House Legislative,16,DEM,"Robert ""Tork"" Kilichowski",684
Walsh,State House Legislative,16,LIB,Harry Iverson,1
Walsh,State House Legislative,16,LIB,Harvey Tallackson,1
Walsh,State House Legislative,16,LIB,Joe Miller,1
Walsh,State House Legislative,16,LIB,Luther Meberg,1
Walsh,State House Legislative,16,REP,Joyce Kingsbury,678
Walsh,State House Legislative,16,REP,Phyllis Hankey Schindele,551
Walsh,State Senate Legislative District 16,,DEM,Harvey Tallackson,735
Walsh,State Senate Legislative District 16,,REP,Joe Miller,694
Walsh,State Treasurer,,DEM,Mitch Vance,657
Walsh,State Treasurer,,REP,Kelly L Schmidt,655
Walsh,Superintendent of Public Instruction,,NON,Max L Laird,390
Walsh,Superintendent of Public Instruction,,NON,Wayne G Sanstead,1057
Walsh,U.S. House,1,DEM,Earl Pomeroy,788
Walsh,U.S. House,1,REP,Duane Sand,668
Ward,C 1: Remove prohibition on appointing a member of the leg assembly to an office the compensation was increased by the leg assembly during the member's term,,,No,3926
Ward,C 1: Remove prohibition on appointing a member of the leg assembly to an office the compensation was increased by the leg assembly during the member's term,,,Yes,3197
Ward,Governor and Lt. Governor,,DEM,Tim Mathern & Merle Boucher,2788
Ward,Governor and Lt. Governor,,LIB,Benjamin Winegar,0
Ward,Governor and Lt. Governor,,LIB,Brian Krank,0
Ward,Governor and Lt. Governor,,LIB,Don Winegar,0
Ward,Governor and Lt. Governor,,LIB,Ed Schultz,0
Ward,Governor and Lt. Governor,,LIB,Gary Krieger,0
Ward,Governor and Lt. Governor,,LIB,Janice B Parsons,0
Ward,Governor and Lt. Governor,,LIB,Kirk Roos,1
Ward,Governor and Lt. Governor,,LIB,Mel Stone,0
Ward,Governor and Lt. Governor,,LIB,Richard Ames,0
Ward,Governor and Lt. Governor,,LIB,Ryan Zudow,0
Ward,Governor and Lt. Governor,,LIB,Stephen Disrud,0
Ward,Governor and Lt. Governor,,REP,John Hoeven & Jack Dalrymple,4650
Ward,Governor and Lt. Governor Constitution,,CON,Adam Torbert & Matt Vangerd,0
Ward,Governor and Lt. Governor Constitution,,CON,Al Carlson & Dave Weiler,0
Ward,Governor and Lt. Governor Constitution,,CON,Carol Brusnen & Diane Brusnen,0
Ward,Governor and Lt. Governor Constitution,,CON,Greg Boyer,0
Ward,Governor and Lt. Governor Constitution,,CON,Jeff Rogerson,0
Ward,Governor and Lt. Governor Constitution,,CON,Jody Wright,1
Ward,Governor and Lt. Governor Constitution,,CON,Roland Riemers & Mitch Sanderson,0
Ward,Insurance Commissioner,,DEM,Jasper Schneider,2835
Ward,Insurance Commissioner,,LIB,Dani Graten,0
Ward,Insurance Commissioner,,LIB,Greg Gunderson,0
Ward,Insurance Commissioner,,LIB,Jason Huus,1
Ward,Insurance Commissioner,,LIB,Jay Fettig,0
Ward,Insurance Commissioner,,LIB,Mel Stone,0
Ward,Insurance Commissioner,,LIB,Ryan Zudow,0
Ward,Insurance Commissioner,,LIB,Stephen Disrud,0
Ward,Insurance Commissioner,,LIB,Tony Gudajtes,0
Ward,Insurance Commissioner,,REP,Adam Hamm,4233
Ward,Insurance Commissioner Constitution,,CON,Doug Goehring,0
Ward,Insurance Commissioner Constitution,,CON,Jody Wright,1
Ward,Insurance Commissioner Constitution,,CON,Karn Jameson,0
Ward,Insurance Commissioner Constitution,,CON,Norval Lee,0
Ward,Insurance Commissioner Constitution,,CON,Peter Crary,0
Ward,Insurance Commissioner Constitution,,CON,Ralph Muecke,0
Ward,Judgeship Number 2 Northwest Judicial District,,NON,Doug Mattson,6814
Ward,Judgeship Number 5 Northwest Judicial District,,NON,David W Nelson,4277
Ward,Judgeship Number 5 Northwest Judicial District,,NON,Jeffrey L Sheets,1735
Ward,Justice of the Supreme Court,,NON,Mary Maring,6580
Ward,Justice of the Supreme Court Unexpired 4-year term,,NON,Daniel J Crothers,6344
Ward,Public Service Commissioner,,DEM,Cheryl Bergian,2862
Ward,Public Service Commissioner,,LIB,Ben Johnson,1
Ward,Public Service Commissioner,,LIB,Brian Homuth,0
Ward,Public Service Commissioner,,LIB,Craig Bohl,0
Ward,Public Service Commissioner,,LIB,Lyla Slemin,0
Ward,Public Service Commissioner,,LIB,Mel Stone,0
Ward,Public Service Commissioner,,LIB,Ryan Zudow,0
Ward,Public Service Commissioner,,LIB,Stephen Disrud,0
Ward,Public Service Commissioner,,REP,Brian Kalk,4224
Ward,Public Service Commissioner Constitution,,CON,David Waterman,0
Ward,Public Service Commissioner Constitution,,CON,Jody Wright,1
Ward,Public Service Commissioner Constitution,,CON,Leon Mallberg,0
Ward,Public Service Commissioner Constitution,,CON,Neil Labarre,0
Ward,Representative in Congress Constitution,,CON,Ed Jameson,0
Ward,Representative in Congress Constitution,,CON,Herb Mittelstad,0
Ward,Representative in Congress Constitution,,CON,Jim Lee,0
Ward,Representative in Congress Constitution,,CON,Jody Wright,1
Ward,Representative in Congress Constitution,,CON,Michael G Sheridan,0
Ward,Representative in Congress Constitution,,CON,Modine Gunsett,0
Ward,Representative in Congress Constitution,,CON,Wayne Anderson,0
Ward,State Auditor,,DEM,Daryl Splichal,2839
Ward,State Auditor,,LIB,Brock Storristen,0
Ward,State Auditor,,LIB,Greg M Parsons,0
Ward,State Auditor,,LIB,James Faye,0
Ward,State Auditor,,LIB,Jay Fettig,0
Ward,State Auditor,,LIB,Jeremy Roy,1
Ward,State Auditor,,LIB,Jessica Mahlum,0
Ward,State Auditor,,LIB,Marsha Schroeder,0
Ward,State Auditor,,LIB,Mel Stone,0
Ward,State Auditor,,LIB,Ryan Luande,0
Ward,State Auditor,,LIB,Ryan Zudrow,0
Ward,State Auditor,,LIB,Stephen Disrud,0
Ward,State Auditor,,LIB,Terry Wierkoff,0
Ward,State Auditor,,REP,Robert R (Bob) Peterson,4337
Ward,State Auditor Constitution,,CON,Doug Ulrich,0
Ward,State Auditor Constitution,,CON,Jody Wright,1
Ward,State Auditor Constitution,,CON,John Lynn,0
Ward,State Auditor Constitution,,CON,Nick Schmitz,0
Ward,State Auditor Constitution,,CON,Randy Schobinger,0
Ward,State House Legislative,38,DEM,Kurt D Smith,492
Ward,State House Legislative,38,DEM,Marilyn K Carlson,499
Ward,State House Legislative,38,REP,Dan Ruby,855
Ward,State House Legislative,38,REP,Larry Bellew,888
Ward,State House Legislative,4,DEM,Kenton Onstad,140
Ward,State House Legislative,4,DEM,Tom Conklin,113
Ward,State House Legislative,4,REP,Daryl J Lies,118
Ward,State House Legislative,40,DEM,Ben Scheeler,437
Ward,State House Legislative,40,DEM,Sue Olafson,442
Ward,State House Legislative,40,REP,Glory Kramlich,311
Ward,State House Legislative,40,REP,Matthew M (Matt) Klein,630
Ward,State House Legislative,40,REP,Robert (Bob) Frantsvog,624
Ward,State House Legislative,6,DEM,Bob Hunskor,185
Ward,State House Legislative,6,DEM,Christine Peterson,164
Ward,State House Legislative,6,REP,Glen Froseth,203
Ward,State House Legislative,6,REP,Roger Slotsve,156
Ward,State Senate Legislative District 38,,DEM,Gary W Granzotto,534
Ward,State Senate Legislative District 38,,REP,David Hogue,944
Ward,State Senate Legislative District 4,,DEM,John M Warner,146
Ward,State Senate Legislative District 40,,DEM,Dianne Giessinger,491
Ward,State Senate Legislative District 40,,LIB,Derek Schneider,1
Ward,State Senate Legislative District 40,,REP,Karen K Krebsbach,773
Ward,State Senate Legislative District 6,,DEM,"David Paul O""Connell",205
Ward,State Senate Legislative District 6,,REP,James Paul Bartlett,168
Ward,State Treasurer,,DEM,Mitch Vance,2829
Ward,State Treasurer,,LIB,Andrew Carlton,1
Ward,State Treasurer,,LIB,Dale Mumm,0
Ward,State Treasurer,,LIB,Glen E Parsons,0
Ward,State Treasurer,,LIB,Jay Fettig,0
Ward,State Treasurer,,LIB,Joan Peters,0
Ward,State Treasurer,,LIB,Mel Stone,0
Ward,State Treasurer,,LIB,Micah Leihi Winegar,0
Ward,State Treasurer,,LIB,Mike Hacanson,0
Ward,State Treasurer,,LIB,Ryan Zudow,0
Ward,State Treasurer,,LIB,Stephen Disrud,0
Ward,State Treasurer,,LIB,Tami Rice,0
Ward,State Treasurer,,LIB,Troy Vareburg,0
Ward,State Treasurer,,REP,Kelly L Schmidt,4263
Ward,State Treasurer Constitution,,CON,Charlene Nelson,0
Ward,State Treasurer Constitution,,CON,Jody Wright,1
Ward,State Treasurer Constitution,,CON,Mark Mullenberg,0
Ward,State Treasurer Constitution,,CON,Whitney Hauz,0
Ward,Superintendent of Public Instruction,,NON,Max L Laird,2791
Ward,Superintendent of Public Instruction,,NON,Wayne G Sanstead,4743
Ward,U.S. House,1,DEM,Earl Pomeroy,3150
Ward,U.S. House,1,LIB,Al Jaeger,0
Ward,U.S. House,1,LIB,Bill Oberlander,0
Ward,U.S. House,1,LIB,Brian Krank,0
Ward,U.S. House,1,LIB,Charles Wolfe,0
Ward,U.S. House,1,LIB,Donald E Winegar,0
Ward,U.S. House,1,LIB,Garry Heller,0
Ward,U.S. House,1,LIB,Gaylon Baker,0
Ward,U.S. House,1,LIB,James E Parsons,0
Ward,U.S. House,1,LIB,James Faye,0
Ward,U.S. House,1,LIB,Jeb Goodman,1
Ward,U.S. House,1,LIB,Keith Hanson,0
Ward,U.S. House,1,LIB,Mel Stone,0
Ward,U.S. House,1,LIB,Ryan Zudow,0
Ward,U.S. House,1,LIB,Stephen Disrud,0
Ward,U.S. House,1,LIB,Torey Garletz,0
Ward,U.S. House,1,REP,Duane Sand,4301
Wells,C 1: Remove prohibition on appointing a member of the leg assembly to an office the compensation was increased by the leg assembly during the member's term,,,No,511
Wells,C 1: Remove prohibition on appointing a member of the leg assembly to an office the compensation was increased by the leg assembly during the member's term,,,Yes,322
Wells,Governor and Lt. Governor,,DEM,Tim Mathern & Merle Boucher,280
Wells,Governor and Lt. Governor,,REP,John Hoeven & Jack Dalrymple,608
Wells,Insurance Commissioner,,DEM,Jasper Schneider,275
Wells,Insurance Commissioner,,REP,Adam Hamm,556
Wells,Judgeship Number 5 Southeast Judicial District,,NON,Daniel D Narum,700
Wells,Justice of the Supreme Court,,NON,Mary Maring,737
Wells,Justice of the Supreme Court Unexpired 4-year term,,NON,Daniel J Crothers,703
Wells,Public Service Commissioner,,DEM,Cheryl Bergian,276
Wells,Public Service Commissioner,,REP,Brian Kalk,554
Wells,State Auditor,,DEM,Daryl Splichal,271
Wells,State Auditor,,REP,Robert R (Bob) Peterson,569
Wells,State House Legislative,14,DEM,Karen Volk,296
Wells,State House Legislative,14,DEM,Robert Stringer,225
Wells,State House Legislative,14,REP,Duane DeKrey,363
Wells,State House Legislative,14,REP,Mark Knudtson,462
Wells,State House Legislative,14,REP,Robin Weisz,303
Wells,State Senate Legislative District 14,,DEM,Jim Long,268
Wells,State Senate Legislative District 14,,REP,Jerry Klein,595
Wells,State Treasurer,,DEM,Mitch Vance,272
Wells,State Treasurer,,REP,Kelly L Schmidt,564
Wells,Superintendent of Public Instruction,,NON,Max L Laird,283
Wells,Superintendent of Public Instruction,,NON,Wayne G Sanstead,558
Wells,U.S. House,1,DEM,Earl Pomeroy,304
Wells,U.S. House,1,REP,Duane Sand,555
Williams,C 1: Remove prohibition on appointing a member of the leg assembly to an office the compensation was increased by the leg assembly during the member's term,,,No,807
Williams,C 1: Remove prohibition on appointing a member of the leg assembly to an office the compensation was increased by the leg assembly during the member's term,,,Yes,590
Williams,Governor and Lt. Governor,,DEM,Tim Mathern & Merle Boucher,521
Williams,Governor and Lt. Governor,,REP,John Hoeven & Jack Dalrymple,1007
Williams,Insurance Commissioner,,DEM,Jasper Schneider,526
Williams,Insurance Commissioner,,REP,Adam Hamm,918
Williams,Judgeship Number 2 Northwest Judicial District,,NON,Doug Mattson,1293
Williams,Judgeship Number 5 Northwest Judicial District,,NON,David W Nelson,1133
Williams,Judgeship Number 5 Northwest Judicial District,,NON,Jeffrey L Sheets,406
Williams,Justice of the Supreme Court,,NON,Mary Maring,1343
Williams,Justice of the Supreme Court Unexpired 4-year term,,NON,Daniel J Crothers,1274
Williams,Public Service Commissioner,,DEM,Cheryl Bergian,536
Williams,Public Service Commissioner,,REP,Brian Kalk,912
Williams,State Auditor,,DEM,Daryl Splichal,525
Williams,State Auditor,,REP,Robert R (Bob) Peterson,965
Williams,State House Legislative,2,DEM,Cecile Wehrman,166
Williams,State House Legislative,2,DEM,Lynn Jacobson,152
Williams,State House Legislative,2,REP,Bob Skarphol,163
Williams,State House Legislative,2,REP,David S Rust,171
Williams,State Senate Legislative District 2,,DEM,Dorvan Solberg,191
Williams,State Senate Legislative District 2,,REP,John Andrist,190
Williams,State Treasurer,,DEM,Mitch Vance,528
Williams,State Treasurer,,REP,Kelly L Schmidt,921
Williams,Superintendent of Public Instruction,,NON,Max L Laird,530
Williams,Superintendent of Public Instruction,,NON,Wayne G Sanstead,1001
Williams,U.S. House,1,DEM,Earl Pomeroy,601
Williams,U.S. House,1,REP,Duane Sand,912
